season,game_id,date,month,team,opponent,home_away,result,team_pts,opp_pts,pace,margin,game_total,ast,blk,fg3a,fg3m,fga,fgm,fta,ftm,min,name,playerId,plusMinus,pos,pts,reb,starter,stl,tov,season_mpg,season_usg,season_ppg,season_rpg,season_apg,pra,stocks,fantasy_simple,usage_proxy,shot_attempt_rate,ft_rate_game,three_rate_game
2026-27,1022600005,2026-05-09,May,PHX,LVA,away,W,99,66,83.0,33,165,2,2,4,3,7,5,0,0,21.7,DeWanna Bonner,201886,31,F,13,7,True,1,0,26.5,16.7,9.0,5.2,1.2,22,3,33.4,0.3225806451612903,0.3225806451612903,0.0,0.5714285714285714
2026-27,1022600011,2026-05-10,May,PHX,GSV,away,L,79,95,76.5,-16,174,3,1,3,0,9,2,1,1,32.1,DeWanna Bonner,201886,-2,F,5,8,True,0,1,26.5,16.7,9.0,5.2,1.2,16,1,21.1,0.32523364485981304,0.2803738317757009,0.1111111111111111,0.3333333333333333
2026-27,1022600013,2026-05-12,May,PHX,MIN,home,L,84,88,81.0,-4,172,2,1,8,2,16,6,2,2,30.2,DeWanna Bonner,201886,-8,F,16,7,True,0,1,26.5,16.7,9.0,5.2,1.2,25,1,29.4,0.5920529801324503,0.5298013245033113,0.125,0.5
2026-27,1022600024,2026-05-15,May,PHX,CHI,home,W,91,83,83.0,8,174,0,1,2,0,7,3,2,2,32.8,DeWanna Bonner,201886,4,F,8,7,True,1,2,26.5,16.7,9.0,5.2,1.2,15,2,20.4,0.30121951219512194,0.2134146341463415,0.2857142857142857,0.2857142857142857
2026-27,1022600031,2026-05-19,May,PHX,TOR,home,L,90,98,82.5,-8,188,1,0,4,0,11,4,5,5,30.1,DeWanna Bonner,201886,-9,F,13,4,True,1,1,26.5,16.7,9.0,5.2,1.2,18,1,21.3,0.4717607973421927,0.3654485049833887,0.45454545454545453,0.36363636363636365
2026-27,1022600037,2026-05-21,May,PHX,LAS,home,L,88,97,81.0,-9,185,1,1,5,1,7,3,2,2,29.7,DeWanna Bonner,201886,-1,F,9,5,True,3,1,26.5,16.7,9.0,5.2,1.2,15,4,27.5,0.298989898989899,0.2356902356902357,0.2857142857142857,0.7142857142857143
2026-27,1022600044,2026-05-24,May,PHX,ATL,away,L,80,82,76.5,-2,162,1,0,3,0,7,2,0,0,24.4,DeWanna Bonner,201886,-7,,4,3,True,2,0,26.5,16.7,9.0,5.2,1.2,8,2,15.1,0.2868852459016394,0.2868852459016394,0.0,0.42857142857142855
2026-27,1022600049,2026-05-27,May,PHX,NYL,away,L,74,84,77.5,-10,158,0,0,4,0,5,1,0,0,23.9,DeWanna Bonner,201886,-11,,2,5,True,0,1,26.5,16.7,9.0,5.2,1.2,7,0,7.0,0.2510460251046025,0.2092050209205021,0.0,0.8
2026-27,1022600056,2026-05-29,May,PHX,NYL,away,L,68,75,76.0,-7,143,0,0,2,0,3,0,4,4,22.0,DeWanna Bonner,201886,-5,,4,3,True,0,0,26.5,16.7,9.0,5.2,1.2,7,0,7.6,0.21636363636363634,0.13636363636363635,1.3333333333333333,0.6666666666666666
2026-27,1022600065,2026-06-01,Jun,PHX,MIN,home,L,77,111,79.0,-34,188,0,0,1,0,5,1,0,0,7.2,DeWanna Bonner,201886,-14,,2,1,False,0,2,26.5,16.7,9.0,5.2,1.2,3,0,1.2000000000000002,0.9722222222222222,0.6944444444444444,0.0,0.2
2026-27,1022600071,2026-06-03,Jun,PHX,SEA,away,W,72,68,79.5,4,140,1,0,7,0,12,3,5,4,25.1,DeWanna Bonner,201886,0,,10,2,True,2,1,26.5,16.7,9.0,5.2,1.2,13,2,18.9,0.6055776892430278,0.4780876494023904,0.4166666666666667,0.5833333333333334
2026-27,1022600076,2026-06-05,Jun,PHX,PDX,away,W,78,72,74.5,6,150,5,3,8,3,15,6,4,4,33.5,DeWanna Bonner,201886,12,F,19,5,True,2,1,26.5,16.7,9.0,5.2,1.2,29,5,46.5,0.5301492537313434,0.44776119402985076,0.26666666666666666,0.5333333333333333
2026-27,1022600088,2026-06-09,Jun,PHX,GSV,away,L,81,87,74.5,-6,168,0,1,5,1,7,1,0,0,27.8,DeWanna Bonner,201886,-2,,3,4,True,0,0,26.5,16.7,9.0,5.2,1.2,7,1,10.8,0.2517985611510791,0.2517985611510791,0.0,0.7142857142857143
2026-27,1022600093,2026-06-11,Jun,PHX,DAL,away,L,70,85,82.5,-15,155,1,0,2,0,8,4,2,1,28.9,DeWanna Bonner,201886,-1,,9,7,True,3,1,26.5,16.7,9.0,5.2,1.2,17,3,26.9,0.34186851211072666,0.2768166089965398,0.25,0.25
2026-27,1022600100,2026-06-13,Jun,PHX,LAS,home,L,102,111,88.5,-9,213,0,1,5,3,5,3,1,1,14.4,DeWanna Bonner,201886,-16,,10,1,False,0,1,26.5,16.7,9.0,5.2,1.2,11,1,13.2,0.44722222222222224,0.3472222222222222,0.2,1.0
2026-27,1022600111,2026-06-17,Jun,PHX,LVA,home,L,76,86,77.0,-10,162,1,0,4,2,6,3,3,2,20.1,DeWanna Bonner,201886,-6,,10,3,False,2,0,26.5,16.7,9.0,5.2,1.2,14,2,21.1,0.3641791044776119,0.29850746268656714,0.5,0.6666666666666666
2026-27,1022600118,2026-06-20,Jun,PHX,SEA,home,W,93,73,78.5,20,166,1,1,3,1,5,3,3,3,22.5,DeWanna Bonner,201886,18,,10,4,False,0,0,26.5,16.7,9.0,5.2,1.2,15,1,19.3,0.2808888888888889,0.2222222222222222,0.6,0.6
2026-27,1022600125,2026-06-22,Jun,PHX,IND,away,L,77,86,80.5,-9,163,0,1,3,1,8,3,1,0,27.3,DeWanna Bonner,201886,-15,,7,3,True,0,0,26.5,16.7,9.0,5.2,1.2,10,1,13.6,0.3091575091575091,0.29304029304029305,0.125,0.375
2026-27,1022600128,2026-06-24,Jun,PHX,IND,away,W,111,109,84.0,2,220,1,1,6,2,11,5,1,1,32.7,DeWanna Bonner,201886,11,F,13,8,True,2,1,26.5,16.7,9.0,5.2,1.2,22,3,32.1,0.38042813455657487,0.33639143730886845,0.09090909090909091,0.5454545454545454
2026-27,1022600138,2026-06-27,Jun,PHX,TOR,away,W,89,80,78.5,9,169,3,0,8,3,13,4,2,2,33.4,DeWanna Bonner,201886,-1,F,13,11,True,3,1,26.5,16.7,9.0,5.2,1.2,27,3,38.7,0.4455089820359282,0.38922155688622756,0.15384615384615385,0.6153846153846154
2026-27,1022600147,2026-07-02,Jul,PHX,SEA,home,W,90,67,76.0,23,157,2,2,5,0,10,3,0,0,31.4,DeWanna Bonner,201886,19,F,6,8,True,2,1,26.5,16.7,9.0,5.2,1.2,16,4,29.6,0.35031847133757965,0.3184713375796179,0.0,0.5
2026-27,1022600158,2026-07-07,Jul,PHX,CHI,home,L,66,77,80.0,-11,143,0,1,5,2,6,3,4,4,31.3,DeWanna Bonner,201886,-5,F,12,7,True,1,1,26.5,16.7,9.0,5.2,1.2,19,2,25.4,0.27987220447284344,0.19169329073482427,0.6666666666666666,0.8333333333333334
2026-27,1022600163,2026-07-09,Jul,PHX,IND,home,L,89,92,78.5,-3,181,2,0,3,1,8,4,0,0,27.4,DeWanna Bonner,201886,-11,F,9,7,True,1,1,26.5,16.7,9.0,5.2,1.2,18,1,22.4,0.3284671532846716,0.29197080291970806,0.0,0.375
2026-27,1022600004,2026-05-09,May,DAL,IND,away,W,107,104,89.0,3,211,0,0,1,1,1,1,0,0,4.2,Alysha Clark,202252,3,,3,1,False,0,1,9.4,12.0,2.3,1.1,0.5,4,0,3.2,0.47619047619047616,0.23809523809523808,0.0,1.0
2026-27,1022600012,2026-05-12,May,DAL,ATL,home,L,72,77,78.0,-5,149,0,0,1,0,2,1,0,0,14.2,Alysha Clark,202252,5,,2,4,False,0,0,9.4,12.0,2.3,1.1,0.5,6,0,6.8,0.14084507042253522,0.14084507042253522,0.0,0.5
2026-27,1022600019,2026-05-14,May,DAL,MIN,home,L,86,90,78.0,-4,176,0,0,0,0,0,0,0,0,3.3,Alysha Clark,202252,-7,,0,0,False,1,0,9.4,12.0,2.3,1.1,0.5,0,1,3.0,0.0,0.0,,
2026-27,1022600029,2026-05-18,May,DAL,WAS,home,W,92,69,73.5,23,161,0,0,2,1,2,1,0,0,6.6,Alysha Clark,202252,0,,3,1,False,0,0,9.4,12.0,2.3,1.1,0.5,4,0,4.2,0.30303030303030304,0.30303030303030304,0.0,1.0
2026-27,1022600033,2026-05-20,May,DAL,CHI,away,W,99,89,79.5,10,188,0,0,0,0,0,0,0,0,0.0,Alysha Clark,202252,0,,0,0,False,0,0,9.4,12.0,2.3,1.1,0.5,0,0,0.0,,,,
2026-27,1022600038,2026-05-22,May,DAL,ATL,away,L,69,86,78.0,-17,155,0,1,1,0,1,0,0,0,4.0,Alysha Clark,202252,0,,0,0,False,0,1,9.4,12.0,2.3,1.1,0.5,0,1,2.0,0.5,0.25,0.0,1.0
2026-27,1022600045,2026-05-24,May,DAL,NYL,away,W,91,76,77.0,15,167,0,0,0,0,0,0,0,0,0.0,Alysha Clark,202252,0,,0,0,False,0,0,9.4,12.0,2.3,1.1,0.5,0,0,0.0,,,,
2026-27,1022600054,2026-05-28,May,DAL,LVA,home,W,95,87,78.5,8,182,1,0,2,1,2,1,4,3,17.9,Alysha Clark,202252,11,,6,0,True,0,1,9.4,12.0,2.3,1.1,0.5,7,0,6.5,0.2659217877094972,0.111731843575419,2.0,1.0
2026-27,1022600064,2026-06-01,Jun,DAL,SEA,home,W,79,56,79.0,23,135,1,0,3,1,3,1,4,3,17.8,Alysha Clark,202252,5,,6,5,False,1,0,9.4,12.0,2.3,1.1,0.5,12,1,16.5,0.2674157303370786,0.16853932584269662,1.3333333333333333,1.0
2026-27,1022600075,2026-06-05,Jun,DAL,LAS,away,W,104,96,83.5,8,200,0,0,0,0,0,0,0,0,2.4,Alysha Clark,202252,-2,,0,0,False,0,0,9.4,12.0,2.3,1.1,0.5,0,0,0.0,0.0,0.0,,
2026-27,1022600087,2026-06-09,Jun,DAL,MIN,away,L,76,100,84.0,-24,176,0,0,4,0,5,0,0,0,13.7,Alysha Clark,202252,-3,,0,1,False,1,1,9.4,12.0,2.3,1.1,0.5,1,1,3.2,0.43795620437956206,0.36496350364963503,0.0,0.8
2026-27,1022600093,2026-06-11,Jun,DAL,PHX,home,W,85,70,82.5,15,155,1,0,1,0,1,0,0,0,5.0,Alysha Clark,202252,-4,,0,0,False,0,0,9.4,12.0,2.3,1.1,0.5,1,0,1.5,0.2,0.2,0.0,1.0
2026-27,1022600099,2026-06-13,Jun,DAL,PDX,away,L,83,84,78.5,-1,167,2,0,1,0,1,0,2,1,15.9,Alysha Clark,202252,-13,,1,1,False,0,1,9.4,12.0,2.3,1.1,0.5,4,0,4.2,0.1811320754716981,0.06289308176100629,2.0,1.0
2026-27,1022600103,2026-06-15,Jun,DAL,LVA,home,W,96,66,80.0,30,162,0,0,1,0,2,0,0,0,4.7,Alysha Clark,202252,6,,0,1,False,0,0,9.4,12.0,2.3,1.1,0.5,1,0,1.2,0.425531914893617,0.425531914893617,0.0,0.5
2026-27,1022600109,2026-06-17,Jun,DAL,GSV,away,L,80,91,77.5,-11,171,0,0,0,0,0,0,0,0,0.0,Alysha Clark,202252,0,,0,0,False,0,0,9.4,12.0,2.3,1.1,0.5,0,0,0.0,,,,
2026-27,1022600126,2026-06-22,Jun,DAL,SEA,away,W,112,110,91.5,2,222,0,0,0,0,0,0,0,0,0.0,Alysha Clark,202252,0,,0,0,False,0,0,9.4,12.0,2.3,1.1,0.5,0,0,0.0,,,,
2026-27,1022600133,2026-06-25,Jun,DAL,LVA,away,L,84,99,84.0,-15,183,0,0,1,0,1,0,0,0,7.5,Alysha Clark,202252,-3,,0,1,False,0,1,9.4,12.0,2.3,1.1,0.5,1,0,0.19999999999999996,0.26666666666666666,0.13333333333333333,0.0,1.0
2026-27,1022600141,2026-06-28,Jun,DAL,MIN,home,L,77,85,81.5,-8,162,0,0,0,0,0,0,0,0,0.0,Alysha Clark,202252,0,,0,0,False,0,0,9.4,12.0,2.3,1.1,0.5,0,0,0.0,,,,
2026-27,1022600146,2026-07-02,Jul,DAL,CON,away,W,86,83,80.0,3,169,0,0,0,0,0,0,0,0,0.0,Alysha Clark,202252,0,,0,0,False,0,0,9.4,12.0,2.3,1.1,0.5,0,0,0.0,,,,
2026-27,1022600152,2026-07-05,Jul,DAL,TOR,away,W,89,76,76.0,13,165,0,1,2,1,2,1,0,0,5.6,Alysha Clark,202252,-9,,3,1,False,1,1,9.4,12.0,2.3,1.1,0.5,4,2,9.2,0.5357142857142857,0.35714285714285715,0.0,1.0
2026-27,1022600157,2026-07-07,Jul,DAL,NYL,away,W,88,77,81.0,11,165,0,0,0,0,0,0,0,0,0.0,Alysha Clark,202252,0,,0,0,False,0,0,9.4,12.0,2.3,1.1,0.5,0,0,0.0,,,,
2026-27,1022600166,2026-07-10,Jul,DAL,TOR,away,W,108,95,78.5,13,203,2,0,2,2,4,4,0,0,17.5,Alysha Clark,202252,16,,10,0,True,0,0,9.4,12.0,2.3,1.1,0.5,12,0,13.0,0.22857142857142856,0.22857142857142856,0.0,0.5
2026-27,1022600024,2026-05-15,May,CHI,PHX,away,L,83,91,83.0,-8,174,0,0,0,0,0,0,0,0,0.0,Courtney Vandersloot,202664,0,,0,0,False,0,0,17.2,22.3,7.8,3.0,4.6,0,0,0.0,,,,
2026-27,1022600025,2026-05-17,May,CHI,MIN,away,W,86,79,84.5,7,165,0,0,0,0,0,0,0,0,0.0,Courtney Vandersloot,202664,0,,0,0,False,0,0,17.2,22.3,7.8,3.0,4.6,0,0,0.0,,,,
2026-27,1022600033,2026-05-20,May,CHI,DAL,home,L,89,99,79.5,-10,188,0,0,0,0,0,0,0,0,0.0,Courtney Vandersloot,202664,0,,0,0,False,0,0,17.2,22.3,7.8,3.0,4.6,0,0,0.0,,,,
2026-27,1022600041,2026-05-23,May,CHI,MIN,home,L,75,85,86.5,-10,160,0,0,0,0,0,0,0,0,0.0,Courtney Vandersloot,202664,0,,0,0,False,0,0,17.2,22.3,7.8,3.0,4.6,0,0,0.0,,,,
2026-27,1022600050,2026-05-27,May,CHI,TOR,home,L,104,111,84.0,-7,215,0,0,0,0,0,0,0,0,0.0,Courtney Vandersloot,202664,0,,0,0,False,0,0,17.2,22.3,7.8,3.0,4.6,0,0,0.0,,,,
2026-27,1022600058,2026-05-29,May,CHI,MIN,home,L,58,79,86.0,-21,137,0,0,0,0,0,0,0,0,0.0,Courtney Vandersloot,202664,0,,0,0,False,0,0,17.2,22.3,7.8,3.0,4.6,0,0,0.0,,,,
2026-27,1022600067,2026-06-02,Jun,CHI,WAS,away,L,72,90,82.5,-18,162,0,0,0,0,0,0,0,0,0.0,Courtney Vandersloot,202664,0,,0,0,False,0,0,17.2,22.3,7.8,3.0,4.6,0,0,0.0,,,,
2026-27,1022600074,2026-06-05,Jun,CHI,CON,home,W,85,80,77.0,5,165,0,0,0,0,0,0,0,0,0.0,Courtney Vandersloot,202664,0,,0,0,False,0,0,17.2,22.3,7.8,3.0,4.6,0,0,0.0,,,,
2026-27,1022600081,2026-06-07,Jun,CHI,TOR,away,L,68,85,84.5,-17,153,0,0,0,0,0,0,0,0,0.0,Courtney Vandersloot,202664,0,,0,0,False,0,0,17.2,22.3,7.8,3.0,4.6,0,0,0.0,,,,
2026-27,1022600086,2026-06-09,Jun,CHI,ATL,home,L,75,82,77.0,-7,157,0,0,0,0,0,0,0,0,0.0,Courtney Vandersloot,202664,0,,0,0,False,0,0,17.2,22.3,7.8,3.0,4.6,0,0,0.0,,,,
2026-27,1022600091,2026-06-11,Jun,CHI,IND,away,L,106,114,96.5,-8,220,0,0,0,0,0,0,0,0,0.0,Courtney Vandersloot,202664,0,,0,0,False,0,0,17.2,22.3,7.8,3.0,4.6,0,0,0.0,,,,
2026-27,1022600123,2026-06-22,Jun,CHI,CON,away,L,63,92,84.5,-29,155,0,0,0,0,0,0,0,0,0.0,Courtney Vandersloot,202664,0,,0,0,False,0,0,17.2,22.3,7.8,3.0,4.6,0,0,0.0,,,,
2026-27,1022600130,2026-06-24,Jun,CHI,PDX,home,W,101,78,79.5,23,179,0,0,0,0,0,0,0,0,0.0,Courtney Vandersloot,202664,0,,0,0,False,0,0,17.2,22.3,7.8,3.0,4.6,0,0,0.0,,,,
2026-27,1022600136,2026-06-26,Jun,CHI,PDX,home,W,124,94,83.0,30,218,7,0,1,1,4,4,1,1,13.8,Courtney Vandersloot,202664,-1,,10,3,False,0,2,17.2,22.3,7.8,3.0,4.6,20,0,22.1,0.4666666666666667,0.2898550724637681,0.25,0.25
2026-27,1022600143,2026-06-28,Jun,CHI,LVA,home,L,99,107,86.0,-8,206,8,0,1,0,4,0,6,5,15.6,Courtney Vandersloot,202664,9,,5,4,False,1,1,17.2,22.3,7.8,3.0,4.6,17,1,23.8,0.4897435897435898,0.25641025641025644,1.5,0.25
2026-27,1022600149,2026-07-03,Jul,CHI,LVA,away,L,90,98,90.0,-8,188,3,0,1,1,6,4,4,2,18.5,Courtney Vandersloot,202664,14,,11,2,False,2,2,17.2,22.3,7.8,3.0,4.6,16,2,21.9,0.5275675675675675,0.32432432432432434,0.6666666666666666,0.16666666666666666
2026-27,1022600158,2026-07-07,Jul,CHI,PHX,away,W,77,66,80.0,11,143,1,0,4,1,6,2,4,2,17.8,Courtney Vandersloot,202664,0,G,7,3,False,0,2,17.2,22.3,7.8,3.0,4.6,11,0,10.1,0.548314606741573,0.33707865168539325,0.6666666666666666,0.6666666666666666
2026-27,1022600167,2026-07-10,Jul,CHI,LAS,away,L,87,102,87.0,-15,189,4,0,1,0,5,2,2,2,18.7,Courtney Vandersloot,202664,-12,G,6,3,False,1,4,17.2,22.3,7.8,3.0,4.6,13,1,14.600000000000001,0.5283422459893048,0.26737967914438504,0.4,0.2
2026-27,1022600009,2026-05-10,May,LAS,LVA,home,L,78,105,83.0,-27,183,2,0,5,3,15,7,2,2,32.8,Nneka Ogwumike,203014,-15,C,19,10,True,1,2,31.6,21.1,16.9,8.8,2.6,31,1,35.0,0.5451219512195123,0.4573170731707317,0.13333333333333333,0.3333333333333333
2026-27,1022600018,2026-05-13,May,LAS,IND,home,L,78,87,82.0,-9,165,0,1,2,1,5,3,4,3,31.8,Nneka Ogwumike,203014,-10,F,10,5,True,3,3,31.6,21.1,16.9,8.8,2.6,15,4,25.0,0.3069182389937107,0.15723270440251572,0.8,0.4
2026-27,1022600023,2026-05-15,May,LAS,TOR,home,W,99,95,80.0,4,194,3,0,2,1,11,8,3,3,31.6,Nneka Ogwumike,203014,14,F,20,5,True,1,2,31.6,21.1,16.9,8.8,2.6,28,1,31.5,0.4531645569620253,0.3481012658227848,0.2727272727272727,0.18181818181818182
2026-27,1022600028,2026-05-17,May,LAS,TOR,home,L,96,106,80.0,-10,202,3,0,3,2,10,6,4,3,30.7,Nneka Ogwumike,203014,-10,F,17,7,True,0,2,31.6,21.1,16.9,8.8,2.6,27,0,27.9,0.4482084690553746,0.32573289902280134,0.4,0.3
2026-27,1022600037,2026-05-21,May,LAS,PHX,away,W,97,88,81.0,9,185,2,0,2,2,11,5,0,0,31.2,Nneka Ogwumike,203014,6,F,12,6,True,1,1,31.6,21.1,16.9,8.8,2.6,20,1,24.2,0.38461538461538464,0.3525641025641026,0.0,0.18181818181818182
2026-27,1022600057,2026-05-29,May,LAS,WAS,away,W,92,87,81.0,5,179,2,1,3,1,17,8,5,3,32.6,Nneka Ogwumike,203014,4,F,20,11,True,1,1,31.6,21.1,16.9,8.8,2.6,33,2,41.2,0.6196319018404908,0.5214723926380368,0.29411764705882354,0.17647058823529413
2026-27,1022600061,2026-05-30,May,LAS,CON,away,L,81,84,83.0,-3,165,2,0,4,1,8,4,6,3,32.5,Nneka Ogwumike,203014,-13,F,12,3,True,1,0,31.6,21.1,16.9,8.8,2.6,17,1,21.6,0.3273846153846154,0.24615384615384617,0.75,0.5
2026-27,1022600069,2026-06-02,Jun,LAS,LVA,home,L,69,79,78.5,-10,148,2,1,1,0,10,3,6,6,31.0,Nneka Ogwumike,203014,-2,F,12,12,True,1,2,31.6,21.1,16.9,8.8,2.6,26,2,33.4,0.47225806451612906,0.3225806451612903,0.6,0.1
2026-27,1022600075,2026-06-05,Jun,LAS,DAL,home,L,96,104,83.5,-8,200,5,0,2,1,8,6,0,0,34.8,Nneka Ogwumike,203014,-8,F,13,10,True,1,0,31.6,21.1,16.9,8.8,2.6,28,1,35.5,0.2298850574712644,0.2298850574712644,0.0,0.25
2026-27,1022600082,2026-06-07,Jun,LAS,PDX,home,W,89,72,81.0,17,161,2,0,6,2,14,8,2,2,32.1,Nneka Ogwumike,203014,24,F,20,17,True,2,2,31.6,21.1,16.9,8.8,2.6,39,2,47.4,0.5258566978193147,0.43613707165109034,0.14285714285714285,0.42857142857142855
2026-27,1022600090,2026-06-10,Jun,LAS,SEA,away,W,88,83,80.5,5,171,1,0,5,1,18,9,5,5,33.3,Nneka Ogwumike,203014,-7,F,24,9,True,1,0,31.6,21.1,16.9,8.8,2.6,34,1,39.3,0.6066066066066066,0.5405405405405406,0.2777777777777778,0.2777777777777778
2026-27,1022600100,2026-06-13,Jun,LAS,PHX,away,W,111,102,88.5,9,213,3,3,5,3,11,6,0,0,36.2,Nneka Ogwumike,203014,12,F,15,15,True,1,1,31.6,21.1,16.9,8.8,2.6,33,4,48.5,0.3314917127071823,0.30386740331491713,0.0,0.45454545454545453
2026-27,1022600105,2026-06-15,Jun,LAS,GSV,away,L,58,78,73.5,-20,136,2,0,2,1,9,3,2,2,29.3,Nneka Ogwumike,203014,-22,F,9,7,True,0,2,31.6,21.1,16.9,8.8,2.6,18,0,18.4,0.40546075085324235,0.30716723549488056,0.2222222222222222,0.2222222222222222
2026-27,1022600110,2026-06-17,Jun,LAS,MIN,home,L,83,99,86.5,-16,182,1,0,4,0,9,3,4,4,29.8,Nneka Ogwumike,203014,-13,F,10,8,True,1,2,31.6,21.1,16.9,8.8,2.6,19,1,22.1,0.4281879194630872,0.30201342281879195,0.4444444444444444,0.4444444444444444
2026-27,1022600122,2026-06-21,Jun,LAS,NYL,home,W,98,97,83.5,1,195,3,0,4,2,18,11,0,0,34.6,Nneka Ogwumike,203014,-2,F,24,6,True,3,1,31.6,21.1,16.9,8.8,2.6,33,3,43.7,0.5491329479768786,0.5202312138728323,0.0,0.2222222222222222
2026-27,1022600132,2026-06-25,Jun,LAS,TOR,away,L,97,125,86.5,-28,222,4,0,4,1,13,8,4,4,26.8,Nneka Ogwumike,203014,-28,F,21,7,True,1,0,31.6,21.1,16.9,8.8,2.6,32,1,38.4,0.5507462686567164,0.48507462686567165,0.3076923076923077,0.3076923076923077
2026-27,1022600139,2026-06-27,Jun,LAS,IND,away,L,87,111,85.5,-24,198,2,2,3,0,13,7,4,3,26.1,Nneka Ogwumike,203014,-13,F,17,7,True,1,3,31.6,21.1,16.9,8.8,2.6,26,3,34.4,0.6804597701149424,0.49808429118773945,0.3076923076923077,0.23076923076923078
2026-27,1022600156,2026-07-06,Jul,LAS,SEA,home,L,64,82,85.0,-18,146,3,0,5,1,13,5,4,3,28.1,Nneka Ogwumike,203014,-20,F,14,11,True,2,2,31.6,21.1,16.9,8.8,2.6,28,2,35.7,0.5964412811387899,0.4626334519572953,0.3076923076923077,0.38461538461538464
2026-27,1022600161,2026-07-08,Jul,LAS,IND,home,W,106,92,91.5,14,198,5,0,4,2,19,9,4,4,31.3,Nneka Ogwumike,203014,5,F,24,8,True,0,1,31.6,21.1,16.9,8.8,2.6,37,0,40.1,0.6952076677316295,0.6070287539936102,0.21052631578947367,0.21052631578947367
2026-27,1022600167,2026-07-10,Jul,LAS,CHI,home,W,102,87,87.0,15,189,5,1,7,3,16,9,5,4,33.4,Nneka Ogwumike,203014,12,F,25,12,True,1,2,31.6,21.1,16.9,8.8,2.6,42,2,50.9,0.6047904191616766,0.47904191616766467,0.3125,0.4375
2026-27,1022600004,2026-05-09,May,IND,DAL,home,L,104,107,89.0,-3,211,1,1,2,1,4,3,0,0,13.2,Damiris Dantas,203024,-3,,7,1,False,0,2,8.9,20.1,4.0,1.5,0.4,9,1,10.7,0.4545454545454546,0.30303030303030304,0.0,0.5
2026-27,1022600018,2026-05-13,May,IND,LAS,away,W,87,78,82.0,9,165,0,0,4,1,4,1,0,0,10.6,Damiris Dantas,203024,0,,3,1,False,0,1,8.9,20.1,4.0,1.5,0.4,4,0,3.2,0.4716981132075472,0.37735849056603776,0.0,1.0
2026-27,1022600022,2026-05-15,May,IND,WAS,home,L,102,104,94.5,-2,206,0,0,2,1,2,1,0,0,7.3,Damiris Dantas,203024,3,,3,2,False,1,0,8.9,20.1,4.0,1.5,0.4,5,1,8.4,0.273972602739726,0.273972602739726,0.0,1.0
2026-27,1022600027,2026-05-17,May,IND,SEA,home,W,89,78,84.0,11,167,0,1,1,1,1,1,0,0,6.3,Damiris Dantas,203024,12,,3,0,False,0,0,8.9,20.1,4.0,1.5,0.4,3,1,6.0,0.15873015873015872,0.15873015873015872,0.0,1.0
2026-27,1022600032,2026-05-20,May,IND,PDX,home,W,90,73,82.0,17,163,0,0,0,0,0,0,0,0,0.0,Damiris Dantas,203024,0,,0,0,False,0,0,8.9,20.1,4.0,1.5,0.4,0,0,0.0,,,,
2026-27,1022600039,2026-05-22,May,IND,GSV,home,W,90,82,83.0,8,172,0,0,0,0,0,0,0,0,0.0,Damiris Dantas,203024,0,,0,0,False,0,0,8.9,20.1,4.0,1.5,0.4,0,0,0.0,,,,
2026-27,1022600055,2026-05-28,May,IND,GSV,away,L,88,90,82.5,-2,178,0,0,0,0,0,0,0,0,0.0,Damiris Dantas,203024,0,,0,0,False,0,0,8.9,20.1,4.0,1.5,0.4,0,0,0.0,,,,
2026-27,1022600062,2026-05-30,May,IND,PDX,away,L,84,100,80.0,-16,184,0,0,0,0,0,0,0,0,0.0,Damiris Dantas,203024,0,,0,0,False,0,0,8.9,20.1,4.0,1.5,0.4,0,0,0.0,,,,
2026-27,1022600072,2026-06-04,Jun,IND,ATL,home,W,83,71,77.5,12,154,0,0,0,0,0,0,0,0,0.0,Damiris Dantas,203024,0,,0,0,False,0,0,8.9,20.1,4.0,1.5,0.4,0,0,0.0,,,,
2026-27,1022600080,2026-06-06,Jun,IND,NYL,away,L,75,83,85.0,-8,158,0,0,0,0,0,0,0,0,0.0,Damiris Dantas,203024,0,,0,0,False,0,0,8.9,20.1,4.0,1.5,0.4,0,0,0.0,,,,
2026-27,1022600084,2026-06-08,Jun,IND,WAS,away,W,78,76,81.0,2,154,0,0,2,1,3,1,0,0,11.5,Damiris Dantas,203024,-6,,3,1,False,1,1,8.9,20.1,4.0,1.5,0.4,4,1,6.2,0.34782608695652173,0.2608695652173913,0.0,0.6666666666666666
2026-27,1022600091,2026-06-11,Jun,IND,CHI,home,W,114,106,96.5,8,220,0,0,2,0,3,1,0,0,4.9,Damiris Dantas,203024,-7,,2,1,False,0,1,8.9,20.1,4.0,1.5,0.4,3,0,2.2,0.8163265306122448,0.6122448979591836,0.0,0.6666666666666666
2026-27,1022600097,2026-06-13,Jun,IND,CON,away,W,85,75,76.5,10,160,0,0,0,0,0,0,0,0,0.0,Damiris Dantas,203024,0,,0,0,False,0,0,8.9,20.1,4.0,1.5,0.4,0,0,0.0,,,,
2026-27,1022600106,2026-06-16,Jun,IND,TOR,home,W,113,91,88.5,22,204,0,0,1,0,1,0,4,4,2.2,Damiris Dantas,203024,-2,,4,1,False,0,0,8.9,20.1,4.0,1.5,0.4,5,0,5.2,1.2545454545454544,0.45454545454545453,4.0,1.0
2026-27,1022600113,2026-06-18,Jun,IND,ATL,home,L,101,108,87.5,-7,209,0,0,0,0,0,0,0,0,0.0,Damiris Dantas,203024,0,,0,0,False,0,0,8.9,20.1,4.0,1.5,0.4,0,0,0.0,,,,
2026-27,1022600117,2026-06-20,Jun,IND,ATL,away,L,96,113,84.5,-17,209,0,0,2,0,3,1,3,1,6.8,Damiris Dantas,203024,-2,,3,3,False,0,1,8.9,20.1,4.0,1.5,0.4,6,0,5.6,0.7823529411764707,0.4411764705882353,1.0,0.6666666666666666
2026-27,1022600125,2026-06-22,Jun,IND,PHX,home,W,86,77,80.5,9,163,0,0,0,0,0,0,0,0,0.0,Damiris Dantas,203024,0,,0,0,False,0,0,8.9,20.1,4.0,1.5,0.4,0,0,0.0,,,,
2026-27,1022600128,2026-06-24,Jun,IND,PHX,home,L,109,111,84.0,-2,220,0,0,0,0,0,0,0,0,0.0,Damiris Dantas,203024,0,,0,0,False,0,0,8.9,20.1,4.0,1.5,0.4,0,0,0.0,,,,
2026-27,1022600139,2026-06-27,Jun,IND,LAS,home,W,111,87,85.5,24,198,1,0,1,0,4,0,0,0,4.5,Damiris Dantas,203024,-8,,0,1,False,0,1,8.9,20.1,4.0,1.5,0.4,2,0,1.7000000000000002,1.1111111111111112,0.8888888888888888,0.0,0.25
2026-27,1022600153,2026-07-05,Jul,IND,LVA,away,W,84,68,72.5,16,152,0,0,0,0,0,0,0,0,0.0,Damiris Dantas,203024,0,,0,0,False,0,0,8.9,20.1,4.0,1.5,0.4,0,0,0.0,,,,
2026-27,1022600161,2026-07-08,Jul,IND,LAS,away,L,92,106,91.5,-14,198,2,0,3,2,6,4,2,2,21.6,Damiris Dantas,203024,-7,,12,4,True,0,2,8.9,20.1,4.0,1.5,0.4,18,0,17.8,0.41111111111111104,0.27777777777777773,0.3333333333333333,0.5
2026-27,1022600163,2026-07-09,Jul,IND,PHX,away,W,92,89,78.5,3,181,0,0,0,0,0,0,0,0,0.0,Damiris Dantas,203024,0,,0,0,False,0,0,8.9,20.1,4.0,1.5,0.4,0,0,0.0,,,,
2026-27,1022600003,2026-05-08,May,GSV,SEA,away,W,91,80,75.0,11,171,1,0,1,0,1,0,2,1,4.3,Tiffany Hayes,203026,-6,G,1,0,False,0,0,15.6,20.9,7.1,1.2,2.3,2,0,2.5,0.43720930232558136,0.23255813953488372,2.0,1.0
2026-27,1022600035,2026-05-21,May,GSV,NYL,away,W,87,70,76.0,17,157,2,0,4,1,7,2,4,4,14.4,Tiffany Hayes,203026,3,,9,1,False,0,0,15.6,20.9,7.1,1.2,2.3,12,0,13.2,0.6083333333333333,0.4861111111111111,0.5714285714285714,0.5714285714285714
2026-27,1022600039,2026-05-22,May,GSV,IND,away,L,82,90,83.0,-8,172,2,0,2,2,13,7,3,3,25.9,Tiffany Hayes,203026,0,,19,2,True,1,2,15.6,20.9,7.1,1.2,2.3,23,1,25.4,0.6301158301158302,0.5019305019305019,0.23076923076923078,0.15384615384615385
2026-27,1022600048,2026-05-25,May,GSV,CON,home,W,97,70,80.0,27,167,3,0,2,0,7,3,3,3,16.8,Tiffany Hayes,203026,6,,9,2,False,0,0,15.6,20.9,7.1,1.2,2.3,14,0,15.9,0.49523809523809526,0.41666666666666663,0.42857142857142855,0.2857142857142857
2026-27,1022600055,2026-05-28,May,GSV,IND,home,W,90,88,82.5,2,178,0,0,0,0,0,0,0,0,5.2,Tiffany Hayes,203026,6,,0,1,False,0,1,15.6,20.9,7.1,1.2,2.3,1,0,0.19999999999999996,0.1923076923076923,0.0,,
2026-27,1022600063,2026-05-31,May,GSV,LVA,home,L,81,91,80.0,-10,172,1,0,1,0,4,1,4,3,14.1,Tiffany Hayes,203026,-16,,5,0,False,1,1,15.6,20.9,7.1,1.2,2.3,6,1,8.5,0.47943262411347515,0.28368794326241137,1.0,0.25
2026-27,1022600068,2026-06-02,Jun,GSV,PDX,home,W,95,77,73.5,18,172,4,0,0,0,0,0,2,1,12.8,Tiffany Hayes,203026,-4,,1,0,False,1,0,15.6,20.9,7.1,1.2,2.3,5,1,10.0,0.06874999999999999,0.0,,
2026-27,1022600073,2026-06-04,Jun,GSV,MIN,away,L,84,87,75.5,-3,171,3,0,1,1,9,6,2,2,25.3,Tiffany Hayes,203026,1,,15,5,True,1,1,15.6,20.9,7.1,1.2,2.3,23,1,27.5,0.4300395256916996,0.3557312252964427,0.2222222222222222,0.1111111111111111
2026-27,1022600078,2026-06-06,Jun,GSV,LVA,away,L,79,84,76.5,-5,163,3,0,3,1,7,2,2,0,15.9,Tiffany Hayes,203026,1,,5,3,False,1,2,15.6,20.9,7.1,1.2,2.3,11,1,14.100000000000001,0.6213836477987421,0.44025157232704404,0.2857142857142857,0.42857142857142855
2026-27,1022600088,2026-06-09,Jun,GSV,PHX,home,W,87,81,74.5,6,168,3,0,1,0,3,2,3,3,12.8,Tiffany Hayes,203026,11,,7,1,False,0,1,15.6,20.9,7.1,1.2,2.3,11,0,11.7,0.415625,0.234375,1.0,0.3333333333333333
2026-27,1022600096,2026-06-12,Jun,GSV,SEA,away,W,76,72,75.0,4,148,3,0,2,0,9,5,7,7,23.8,Tiffany Hayes,203026,10,,17,4,True,0,4,15.6,20.9,7.1,1.2,2.3,24,0,22.3,0.6756302521008403,0.37815126050420167,0.7777777777777778,0.2222222222222222
2026-27,1022600105,2026-06-15,Jun,GSV,LAS,home,W,78,58,73.5,20,136,2,0,1,0,4,1,2,2,9.7,Tiffany Hayes,203026,1,,4,0,False,1,1,15.6,20.9,7.1,1.2,2.3,6,1,9.0,0.6061855670103093,0.4123711340206186,0.5,0.25
2026-27,1022600109,2026-06-17,Jun,GSV,DAL,home,W,91,80,77.5,11,171,1,0,2,2,4,3,2,2,9.6,Tiffany Hayes,203026,-2,,10,0,False,0,0,15.6,20.9,7.1,1.2,2.3,11,0,11.5,0.5083333333333333,0.4166666666666667,0.5,0.5
2026-27,1022600116,2026-06-19,Jun,GSV,MIN,home,L,75,81,78.5,-6,156,3,0,0,0,2,0,2,2,7.5,Tiffany Hayes,203026,5,,2,1,False,0,0,15.6,20.9,7.1,1.2,2.3,6,0,7.7,0.384,0.26666666666666666,1.0,0.0
2026-27,1022600120,2026-06-21,Jun,GSV,LVA,away,L,73,92,72.5,-19,165,1,0,3,0,8,3,2,1,18.5,Tiffany Hayes,203026,-19,,7,1,False,0,1,15.6,20.9,7.1,1.2,2.3,9,0,8.7,0.5340540540540542,0.43243243243243246,0.25,0.375
2026-27,1022600131,2026-06-24,Jun,GSV,ATL,home,W,77,66,73.5,11,143,0,1,1,0,3,0,0,0,17.5,Tiffany Hayes,203026,-1,,0,1,False,0,0,15.6,20.9,7.1,1.2,2.3,1,1,4.2,0.17142857142857143,0.17142857142857143,0.0,0.3333333333333333
2026-27,1022600137,2026-06-26,Jun,GSV,ATL,home,W,78,75,81.0,3,153,5,1,0,0,6,4,5,4,22.0,Tiffany Hayes,203026,4,,12,2,True,0,5,15.6,20.9,7.1,1.2,2.3,19,1,19.9,0.6,0.2727272727272727,0.8333333333333334,0.0
2026-27,1022600144,2026-06-28,Jun,GSV,NYL,home,W,76,67,69.0,9,143,2,0,5,2,8,3,0,0,17.9,Tiffany Hayes,203026,7,,8,1,False,2,0,15.6,20.9,7.1,1.2,2.3,11,2,18.2,0.446927374301676,0.446927374301676,0.0,0.625
2026-27,1022600150,2026-07-04,Jul,GSV,ATL,away,W,88,83,79.0,5,171,1,0,2,1,7,2,0,0,12.9,Tiffany Hayes,203026,-3,,5,0,False,2,0,15.6,20.9,7.1,1.2,2.3,6,2,12.5,0.5426356589147286,0.5426356589147286,0.0,0.2857142857142857
2026-27,1022600154,2026-07-06,Jul,GSV,WAS,away,W,62,49,68.0,13,111,2,1,3,1,7,4,0,0,18.9,Tiffany Hayes,203026,18,,9,2,False,0,1,15.6,20.9,7.1,1.2,2.3,13,1,16.4,0.4232804232804233,0.3703703703703704,0.0,0.42857142857142855
2026-27,1022600159,2026-07-08,Jul,GSV,TOR,away,W,83,75,76.0,8,158,3,1,3,0,3,0,2,2,18.9,Tiffany Hayes,203026,5,,2,0,False,1,0,15.6,20.9,7.1,1.2,2.3,5,2,12.5,0.2052910052910053,0.15873015873015875,0.6666666666666666,1.0
2026-27,1022600165,2026-07-10,Jul,GSV,CON,away,W,79,64,73.5,15,143,5,0,0,0,3,3,4,3,16.9,Tiffany Hayes,203026,16,,9,0,False,0,0,15.6,20.9,7.1,1.2,2.3,14,0,16.5,0.28165680473372784,0.1775147928994083,1.3333333333333333,0.0
2026-27,1022600001,2026-05-08,May,CON,NYL,away,L,75,106,88.5,-31,181,0,0,0,0,0,0,0,0,0.0,Shey Peddy,203035,0,,0,0,False,0,0,,,,,,0,0,0.0,,,,
2026-27,1022600007,2026-05-10,May,CON,SEA,home,L,82,89,86.5,-7,171,0,0,0,0,0,0,0,0,0.0,Shey Peddy,203035,0,,0,0,False,0,0,,,,,,0,0,0.0,,,,
2026-27,1022600016,2026-05-13,May,CON,LVA,home,L,69,98,83.0,-29,167,0,0,0,0,0,0,0,0,0.0,Shey Peddy,203035,0,,0,0,False,0,0,,,,,,0,0,0.0,,,,
2026-27,1022600001,2026-05-08,May,CON,NYL,away,L,75,106,88.5,-31,181,2,0,1,0,11,6,1,1,27.2,Brittney Griner,203398,-21,C,13,6,True,0,2,25.5,23.2,13.5,5.8,2.4,21,0,21.2,0.49411764705882355,0.40441176470588236,0.09090909090909091,0.09090909090909091
2026-27,1022600007,2026-05-10,May,CON,SEA,home,L,82,89,86.5,-7,171,0,0,1,0,11,6,4,4,27.9,Brittney Griner,203398,-9,C,16,6,True,2,2,25.5,23.2,13.5,5.8,2.4,22,2,27.2,0.5290322580645161,0.3942652329749104,0.36363636363636365,0.09090909090909091
2026-27,1022600016,2026-05-13,May,CON,LVA,home,L,69,98,83.0,-29,167,0,0,0,0,0,0,0,0,0.0,Brittney Griner,203398,0,,0,0,False,0,0,25.5,23.2,13.5,5.8,2.4,0,0,0.0,,,,
2026-27,1022600021,2026-05-15,May,CON,LVA,home,L,94,101,84.5,-7,195,0,0,0,0,0,0,0,0,0.0,Brittney Griner,203398,0,,0,0,False,0,0,25.5,23.2,13.5,5.8,2.4,0,0,0.0,,,,
2026-27,1022600030,2026-05-18,May,CON,PDX,away,L,82,83,74.5,-1,165,4,2,0,0,12,6,7,4,26.9,Brittney Griner,203398,9,C,16,5,True,0,2,25.5,23.2,13.5,5.8,2.4,25,2,32.0,0.6349442379182156,0.446096654275093,0.5833333333333334,0.0
2026-27,1022600034,2026-05-20,May,CON,SEA,away,W,80,78,78.0,2,158,0,0,0,0,0,0,0,0,0.0,Brittney Griner,203398,0,,0,0,False,0,0,25.5,23.2,13.5,5.8,2.4,0,0,0.0,,,,
2026-27,1022600040,2026-05-22,May,CON,SEA,away,L,59,77,75.5,-18,136,0,0,0,0,0,0,0,0,0.0,Brittney Griner,203398,0,,0,0,False,0,0,25.5,23.2,13.5,5.8,2.4,0,0,0.0,,,,
2026-27,1022600048,2026-05-25,May,CON,GSV,away,L,70,97,80.0,-27,167,0,0,0,0,0,0,0,0,0.0,Brittney Griner,203398,0,,0,0,False,0,0,25.5,23.2,13.5,5.8,2.4,0,0,0.0,,,,
2026-27,1022600052,2026-05-27,May,CON,PDX,away,L,61,71,75.5,-10,132,0,0,0,0,0,0,0,0,0.0,Brittney Griner,203398,0,,0,0,False,0,0,25.5,23.2,13.5,5.8,2.4,0,0,0.0,,,,
2026-27,1022600061,2026-05-30,May,CON,LAS,home,W,84,81,83.0,3,165,1,1,0,0,5,3,4,3,15.4,Brittney Griner,203398,-1,C,9,2,False,0,2,25.5,23.2,13.5,5.8,2.4,12,1,13.9,0.5688311688311688,0.3246753246753247,0.8,0.0
2026-27,1022600066,2026-06-02,Jun,CON,ATL,away,L,75,91,77.5,-16,166,3,3,0,0,8,3,2,1,29.2,Brittney Griner,203398,-12,C,7,4,True,2,1,25.5,23.2,13.5,5.8,2.4,14,5,30.3,0.3383561643835617,0.273972602739726,0.25,0.0
2026-27,1022600074,2026-06-05,Jun,CON,CHI,away,L,80,85,77.0,-5,165,5,3,0,0,8,6,6,4,29.0,Brittney Griner,203398,-8,C,16,8,True,0,2,25.5,23.2,13.5,5.8,2.4,29,3,40.1,0.43586206896551727,0.27586206896551724,0.75,0.0
2026-27,1022600083,2026-06-08,Jun,CON,NYL,home,L,80,89,82.0,-9,169,0,0,0,0,0,0,0,0,0.0,Brittney Griner,203398,0,,0,0,False,0,0,25.5,23.2,13.5,5.8,2.4,0,0,0.0,,,,
2026-27,1022600089,2026-06-10,Jun,CON,TOR,away,L,102,106,89.5,-4,208,0,0,0,0,0,0,0,0,0.0,Brittney Griner,203398,0,,0,0,False,0,0,25.5,23.2,13.5,5.8,2.4,0,0,0.0,,,,
2026-27,1022600097,2026-06-13,Jun,CON,IND,home,L,75,85,76.5,-10,160,4,2,0,0,11,5,0,0,22.3,Brittney Griner,203398,-9,C,10,2,True,0,1,25.5,23.2,13.5,5.8,2.4,16,2,23.4,0.5381165919282511,0.49327354260089684,0.0,0.0
2026-27,1022600107,2026-06-17,Jun,CON,WAS,home,L,81,88,76.0,-7,169,1,2,1,0,7,3,0,0,22.9,Brittney Griner,203398,-6,C,6,3,True,1,1,25.5,23.2,13.5,5.8,2.4,10,3,19.1,0.3493449781659389,0.30567685589519655,0.0,0.14285714285714285
2026-27,1022600114,2026-06-19,Jun,CON,TOR,home,L,97,101,84.0,-4,198,2,2,0,0,11,7,3,2,23.6,Brittney Griner,203398,-19,C,16,8,True,0,2,25.5,23.2,13.5,5.8,2.4,26,2,32.6,0.6067796610169491,0.4661016949152542,0.2727272727272727,0.0
2026-27,1022600123,2026-06-22,Jun,CON,CHI,home,W,92,63,84.5,29,155,3,4,0,0,10,6,3,2,21.9,Brittney Griner,203398,18,C,14,8,True,0,3,25.5,23.2,13.5,5.8,2.4,25,4,37.1,0.6538812785388128,0.4566210045662101,0.3,0.0
2026-27,1022600135,2026-06-26,Jun,CON,WAS,home,W,68,57,77.0,11,125,2,1,0,0,14,5,0,0,21.2,Brittney Griner,203398,11,C,10,2,False,0,1,25.5,23.2,13.5,5.8,2.4,14,1,17.4,0.7075471698113208,0.6603773584905661,0.0,0.0
2026-27,1022600146,2026-07-02,Jul,CON,DAL,home,L,83,86,80.0,-3,169,1,1,0,0,12,5,6,3,30.2,Brittney Griner,203398,-2,C,13,11,True,0,3,25.5,23.2,13.5,5.8,2.4,25,1,27.7,0.5841059602649007,0.3973509933774835,0.5,0.0
2026-27,1022600155,2026-07-06,Jul,CON,MIN,away,W,90,89,80.5,1,179,3,2,0,0,14,11,11,7,34.2,Brittney Griner,203398,13,C,29,10,True,2,1,25.5,23.2,13.5,5.8,2.4,42,4,56.5,0.5801169590643275,0.4093567251461988,0.7857142857142857,0.0
2026-27,1022600160,2026-07-08,Jul,CON,MIN,home,L,80,86,78.5,-6,166,0,0,0,0,0,0,0,0,0.0,Brittney Griner,203398,0,,0,0,False,0,0,25.5,23.2,13.5,5.8,2.4,0,0,0.0,,,,
2026-27,1022600165,2026-07-10,Jul,CON,GSV,home,L,64,79,73.5,-15,143,0,0,0,0,0,0,0,0,0.0,Brittney Griner,203398,0,,0,0,False,0,0,25.5,23.2,13.5,5.8,2.4,0,0,0.0,,,,
2026-27,1022600006,2026-05-09,May,CHI,PDX,away,W,98,83,82.0,15,181,7,2,3,2,12,8,5,3,32.8,Skylar Diggins,203400,10,G,21,11,True,1,2,29.1,22.9,14.2,3.2,4.9,39,3,51.7,0.49390243902439024,0.3658536585365854,0.4166666666666667,0.25
2026-27,1022600017,2026-05-13,May,CHI,GSV,away,W,69,63,75.5,6,132,7,2,4,1,16,5,6,4,34.4,Skylar Diggins,203400,8,G,15,5,True,1,0,29.1,22.9,14.2,3.2,4.9,27,3,40.5,0.541860465116279,0.46511627906976744,0.375,0.25
2026-27,1022600024,2026-05-15,May,CHI,PHX,away,L,83,91,83.0,-8,174,3,0,2,0,5,0,0,0,11.5,Skylar Diggins,203400,-9,G,0,2,False,1,0,29.1,22.9,14.2,3.2,4.9,5,1,9.9,0.43478260869565216,0.43478260869565216,0.0,0.4
2026-27,1022600025,2026-05-17,May,CHI,MIN,away,W,86,79,84.5,7,165,0,0,0,0,0,0,0,0,0.0,Skylar Diggins,203400,0,,0,0,False,0,0,29.1,22.9,14.2,3.2,4.9,0,0,0.0,,,,
2026-27,1022600033,2026-05-20,May,CHI,DAL,home,L,89,99,79.5,-10,188,4,1,6,2,14,6,2,1,34.1,Skylar Diggins,203400,-12,G,15,1,True,1,2,29.1,22.9,14.2,3.2,4.9,20,2,26.2,0.4950146627565983,0.4105571847507331,0.14285714285714285,0.42857142857142855
2026-27,1022600041,2026-05-23,May,CHI,MIN,home,L,75,85,86.5,-10,160,6,0,1,0,12,4,7,5,31.7,Skylar Diggins,203400,-13,G,13,6,True,1,3,29.1,22.9,14.2,3.2,4.9,25,1,29.200000000000003,0.5703470031545741,0.37854889589905366,0.5833333333333334,0.08333333333333333
2026-27,1022600050,2026-05-27,May,CHI,TOR,home,L,104,111,84.0,-7,215,9,2,6,1,16,8,7,6,36.1,Skylar Diggins,203400,-3,G,23,2,True,1,0,29.1,22.9,14.2,3.2,4.9,34,3,47.9,0.5285318559556786,0.44321329639889195,0.4375,0.375
2026-27,1022600058,2026-05-29,May,CHI,MIN,home,L,58,79,86.0,-21,137,3,0,3,0,12,4,4,4,29.1,Skylar Diggins,203400,-18,G,12,5,True,2,3,29.1,22.9,14.2,3.2,4.9,20,2,25.5,0.5759450171821305,0.41237113402061853,0.3333333333333333,0.25
2026-27,1022600067,2026-06-02,Jun,CHI,WAS,away,L,72,90,82.5,-18,162,1,1,2,2,6,3,7,6,27.0,Skylar Diggins,203400,-12,G,14,1,True,0,2,29.1,22.9,14.2,3.2,4.9,16,1,17.7,0.4103703703703704,0.2222222222222222,1.1666666666666667,0.3333333333333333
2026-27,1022600074,2026-06-05,Jun,CHI,CON,home,W,85,80,77.0,5,165,4,0,3,2,16,6,11,10,32.3,Skylar Diggins,203400,10,G,24,3,True,1,2,29.1,22.9,14.2,3.2,4.9,31,1,34.6,0.7071207430340558,0.49535603715170284,0.6875,0.1875
2026-27,1022600081,2026-06-07,Jun,CHI,TOR,away,L,68,85,84.5,-17,153,3,0,2,0,8,2,4,3,26.7,Skylar Diggins,203400,-14,G,7,1,True,0,1,29.1,22.9,14.2,3.2,4.9,11,0,11.7,0.40299625468164796,0.299625468164794,0.5,0.25
2026-27,1022600086,2026-06-09,Jun,CHI,ATL,home,L,75,82,77.0,-7,157,3,0,6,4,15,5,4,3,31.9,Skylar Diggins,203400,-15,G,17,3,True,1,3,29.1,22.9,14.2,3.2,4.9,23,1,25.1,0.619435736677116,0.4702194357366771,0.26666666666666666,0.4
2026-27,1022600091,2026-06-11,Jun,CHI,IND,away,L,106,114,96.5,-8,220,1,0,4,2,15,7,7,5,31.7,Skylar Diggins,203400,-9,G,21,3,True,1,1,29.1,22.9,14.2,3.2,4.9,25,1,28.1,0.6018927444794953,0.47318611987381703,0.4666666666666667,0.26666666666666666
2026-27,1022600108,2026-06-17,Jun,CHI,NYL,home,L,95,96,80.5,-1,191,8,1,5,3,16,7,3,2,31.3,Skylar Diggins,203400,7,G,19,2,True,1,1,29.1,22.9,14.2,3.2,4.9,29,2,38.4,0.5853035143769968,0.5111821086261981,0.1875,0.3125
2026-27,1022600119,2026-06-20,Jun,CHI,DAL,away,L,92,93,83.0,-1,185,6,0,3,1,10,4,6,5,32.4,Skylar Diggins,203400,-3,G,14,1,True,3,3,29.1,22.9,14.2,3.2,4.9,21,3,30.200000000000003,0.48271604938271606,0.308641975308642,0.6,0.3
2026-27,1022600123,2026-06-22,Jun,CHI,CON,away,L,63,92,84.5,-29,155,4,0,2,0,7,0,3,3,20.1,Skylar Diggins,203400,-7,G,3,1,False,2,0,29.1,22.9,14.2,3.2,4.9,8,2,16.2,0.41393034825870645,0.34825870646766166,0.42857142857142855,0.2857142857142857
2026-27,1022600130,2026-06-24,Jun,CHI,PDX,home,W,101,78,79.5,23,179,6,0,3,0,10,5,5,5,24.9,Skylar Diggins,203400,12,G,15,3,True,1,3,29.1,22.9,14.2,3.2,4.9,24,1,27.6,0.6104417670682731,0.40160642570281124,0.5,0.3
2026-27,1022600136,2026-06-26,Jun,CHI,PDX,home,W,124,94,83.0,30,218,9,1,4,2,8,4,0,0,22.7,Skylar Diggins,203400,11,G,10,3,True,0,2,29.1,22.9,14.2,3.2,4.9,22,1,28.1,0.4405286343612335,0.3524229074889868,0.0,0.5
2026-27,1022600143,2026-06-28,Jun,CHI,LVA,home,L,99,107,86.0,-8,206,5,0,5,2,11,2,5,1,28.3,Skylar Diggins,203400,-14,G,7,6,True,0,2,29.1,22.9,14.2,3.2,4.9,18,0,19.7,0.5371024734982331,0.38869257950530034,0.45454545454545453,0.45454545454545453
2026-27,1022600149,2026-07-03,Jul,CHI,LVA,away,L,90,98,90.0,-8,188,4,1,4,2,13,7,3,3,34.1,Skylar Diggins,203400,-9,G,19,1,True,0,3,29.1,22.9,14.2,3.2,4.9,24,1,26.2,0.5079178885630499,0.3812316715542522,0.23076923076923078,0.3076923076923077
2026-27,1022600158,2026-07-07,Jul,CHI,PHX,away,W,77,66,80.0,11,143,0,0,0,0,0,0,0,0,0.0,Skylar Diggins,203400,0,,0,0,False,0,0,29.1,22.9,14.2,3.2,4.9,0,0,0.0,,,,
2026-27,1022600166,2026-07-10,Jul,TOR,DAL,home,L,95,108,78.5,-13,203,0,0,0,0,1,0,2,1,10.1,Kayla Alexander,203405,-9,,1,2,False,0,1,10.0,12.4,1.0,2.0,0.0,3,0,2.4,0.2851485148514851,0.09900990099009901,2.0,0.0
2026-27,1022600001,2026-05-08,May,NYL,CON,home,W,106,75,88.5,31,181,0,0,1,0,6,3,4,3,21.8,Rebekah Gardner,203822,26,,9,4,False,1,2,15.4,14.9,5.2,2.2,1.2,13,1,14.8,0.4477064220183486,0.27522935779816515,0.6666666666666666,0.16666666666666666
2026-27,1022600008,2026-05-10,May,NYL,WAS,away,W,98,93,86.5,5,191,2,0,1,0,5,4,1,1,25.4,Rebekah Gardner,203822,-5,,9,3,True,0,1,15.4,14.9,5.2,2.2,1.2,14,0,14.6,0.2535433070866142,0.1968503937007874,0.2,0.2
2026-27,1022600014,2026-05-12,May,NYL,PDX,away,L,96,98,79.0,-2,194,4,0,3,2,4,3,0,0,22.3,Rebekah Gardner,203822,11,,8,2,False,0,0,15.4,14.9,5.2,2.2,1.2,14,0,16.4,0.17937219730941703,0.17937219730941703,0.0,0.75
2026-27,1022600020,2026-05-14,May,NYL,PDX,away,W,100,82,86.0,18,182,5,0,4,2,7,4,4,4,19.9,Rebekah Gardner,203822,5,,14,5,True,0,1,15.4,14.9,5.2,2.2,1.2,24,0,26.5,0.4904522613065327,0.35175879396984927,0.5714285714285714,0.5714285714285714
2026-27,1022600035,2026-05-21,May,NYL,GSV,home,L,70,87,76.0,-17,157,0,1,2,1,5,4,4,3,19.5,Rebekah Gardner,203822,-10,,12,2,True,0,1,15.4,14.9,5.2,2.2,1.2,14,1,16.4,0.39794871794871794,0.2564102564102564,0.8,0.4
2026-27,1022600045,2026-05-24,May,NYL,DAL,home,L,76,91,77.0,-15,167,0,0,0,0,2,2,0,0,16.2,Rebekah Gardner,203822,-8,,4,1,False,0,1,15.4,14.9,5.2,2.2,1.2,5,0,4.2,0.1851851851851852,0.1234567901234568,0.0,0.0
2026-27,1022600047,2026-05-25,May,NYL,PDX,home,L,74,81,78.0,-7,155,1,0,0,0,4,2,0,0,16.8,Rebekah Gardner,203822,6,,4,0,False,0,3,15.4,14.9,5.2,2.2,1.2,5,0,2.5,0.41666666666666663,0.23809523809523808,0.0,0.0
2026-27,1022600049,2026-05-27,May,NYL,PHX,home,W,84,74,77.5,10,158,1,0,1,0,3,1,0,0,17.6,Rebekah Gardner,203822,6,,2,2,False,1,0,15.4,14.9,5.2,2.2,1.2,5,1,8.9,0.17045454545454544,0.17045454545454544,0.0,0.3333333333333333
2026-27,1022600056,2026-05-29,May,NYL,PHX,home,W,75,68,76.0,7,143,0,1,1,0,5,3,0,0,15.1,Rebekah Gardner,203822,3,,6,1,False,0,0,15.4,14.9,5.2,2.2,1.2,7,1,10.2,0.33112582781456956,0.33112582781456956,0.0,0.2
2026-27,1022600070,2026-06-03,Jun,NYL,TOR,home,W,97,82,78.5,15,179,3,0,1,0,4,0,0,0,14.6,Rebekah Gardner,203822,-4,,0,3,False,1,0,15.4,14.9,5.2,2.2,1.2,6,1,11.1,0.273972602739726,0.273972602739726,0.0,0.25
2026-27,1022600080,2026-06-06,Jun,NYL,IND,home,W,83,75,85.0,8,158,1,0,0,0,3,1,2,2,13.1,Rebekah Gardner,203822,-6,,4,4,False,1,1,15.4,14.9,5.2,2.2,1.2,9,1,12.3,0.37251908396946565,0.22900763358778625,0.6666666666666666,0.0
2026-27,1022600083,2026-06-08,Jun,NYL,CON,away,W,89,80,82.0,9,169,0,0,0,0,1,1,0,0,8.2,Rebekah Gardner,203822,-4,,2,1,False,0,1,15.4,14.9,5.2,2.2,1.2,3,0,2.2,0.24390243902439027,0.12195121951219513,0.0,0.0
2026-27,1022600092,2026-06-11,Jun,NYL,ATL,away,W,104,90,80.5,14,194,2,0,2,1,5,3,1,1,12.9,Rebekah Gardner,203822,3,,8,3,False,0,2,15.4,14.9,5.2,2.2,1.2,13,0,12.6,0.5767441860465117,0.38759689922480617,0.2,0.4
2026-27,1022600101,2026-06-14,Jun,NYL,WAS,home,W,86,64,78.5,22,150,0,0,0,0,1,0,4,4,11.4,Rebekah Gardner,203822,6,,4,0,False,3,1,15.4,14.9,5.2,2.2,1.2,4,3,12.0,0.32982456140350874,0.08771929824561403,4.0,0.0
2026-27,1022600108,2026-06-17,Jun,NYL,CHI,away,W,96,95,80.5,1,191,1,0,2,0,5,3,4,4,15.5,Rebekah Gardner,203822,-3,,10,1,False,1,0,15.4,14.9,5.2,2.2,1.2,12,1,15.7,0.4361290322580645,0.3225806451612903,0.8,0.4
2026-27,1022600115,2026-06-19,Jun,NYL,WAS,home,L,83,86,79.0,-3,169,0,0,1,0,2,1,0,0,8.7,Rebekah Gardner,203822,-6,,2,0,False,0,0,15.4,14.9,5.2,2.2,1.2,2,0,2.0,0.2298850574712644,0.2298850574712644,0.0,0.5
2026-27,1022600122,2026-06-21,Jun,NYL,LAS,away,L,97,98,83.5,-1,195,0,1,1,0,3,1,0,0,7.3,Rebekah Gardner,203822,-6,,2,2,False,0,0,15.4,14.9,5.2,2.2,1.2,4,1,7.4,0.4109589041095891,0.4109589041095891,0.0,0.3333333333333333
2026-27,1022600127,2026-06-23,Jun,NYL,LVA,away,W,87,76,77.5,11,163,0,0,0,0,0,0,0,0,0.0,Rebekah Gardner,203822,0,,0,0,False,0,0,15.4,14.9,5.2,2.2,1.2,0,0,0.0,,,,
2026-27,1022600134,2026-06-25,Jun,NYL,SEA,away,L,88,99,83.5,-11,187,4,1,0,0,2,0,2,2,13.5,Rebekah Gardner,203822,-7,,2,4,False,1,0,15.4,14.9,5.2,2.2,1.2,10,2,18.8,0.21333333333333332,0.14814814814814814,1.0,0.0
2026-27,1022600144,2026-06-28,Jun,NYL,GSV,away,L,67,76,69.0,-9,143,1,0,1,0,6,2,0,0,15.5,Rebekah Gardner,203822,1,,4,5,False,0,0,15.4,14.9,5.2,2.2,1.2,10,0,11.5,0.3870967741935484,0.3870967741935484,0.0,0.16666666666666666
2026-27,1022600148,2026-07-03,Jul,NYL,MIN,home,W,99,86,78.0,13,185,0,0,1,0,2,0,0,0,3.5,Rebekah Gardner,203822,-5,,0,0,False,0,0,15.4,14.9,5.2,2.2,1.2,0,0,0.0,0.5714285714285714,0.5714285714285714,0.0,0.5
2026-27,1022600157,2026-07-07,Jul,NYL,DAL,home,L,77,88,81.0,-11,165,1,0,1,0,4,0,4,4,26.3,Rebekah Gardner,203822,-3,F,4,3,True,1,0,15.4,14.9,5.2,2.2,1.2,8,1,12.1,0.21901140684410644,0.1520912547528517,1.0,0.25
2026-27,1022600004,2026-05-09,May,DAL,IND,away,W,107,104,89.0,3,211,2,0,3,2,11,8,3,2,25.9,Odyssey Sims,203824,-10,G,20,2,True,2,4,15.3,18.8,5.7,0.9,2.2,24,2,27.4,0.6301158301158302,0.42471042471042475,0.2727272727272727,0.2727272727272727
2026-27,1022600012,2026-05-12,May,DAL,ATL,home,L,72,77,78.0,-5,149,4,0,3,1,8,3,0,0,22.9,Odyssey Sims,203824,-15,G,7,1,True,0,1,15.3,18.8,5.7,0.9,2.2,12,0,13.2,0.39301310043668125,0.3493449781659389,0.0,0.375
2026-27,1022600019,2026-05-14,May,DAL,MIN,home,L,86,90,78.0,-4,176,3,0,2,1,8,4,2,2,24.6,Odyssey Sims,203824,-6,G,11,1,True,2,1,15.3,18.8,5.7,0.9,2.2,15,2,21.7,0.4016260162601626,0.3252032520325203,0.25,0.25
2026-27,1022600029,2026-05-18,May,DAL,WAS,home,W,92,69,73.5,23,161,4,0,1,0,3,0,0,0,16.1,Odyssey Sims,203824,5,G,0,0,False,0,4,15.3,18.8,5.7,0.9,2.2,4,0,2.0,0.43478260869565216,0.18633540372670807,0.0,0.3333333333333333
2026-27,1022600033,2026-05-20,May,DAL,CHI,away,W,99,89,79.5,10,188,3,0,1,0,6,2,0,0,19.3,Odyssey Sims,203824,9,G,4,0,False,1,0,15.3,18.8,5.7,0.9,2.2,7,1,11.5,0.31088082901554404,0.31088082901554404,0.0,0.16666666666666666
2026-27,1022600038,2026-05-22,May,DAL,ATL,away,L,69,86,78.0,-17,155,5,0,2,1,6,5,3,3,21.4,Odyssey Sims,203824,4,G,14,1,True,2,1,15.3,18.8,5.7,0.9,2.2,20,2,27.7,0.388785046728972,0.28037383177570097,0.5,0.3333333333333333
2026-27,1022600045,2026-05-24,May,DAL,NYL,away,W,91,76,77.0,15,167,2,0,0,0,0,0,0,0,8.1,Odyssey Sims,203824,3,G,0,0,False,0,0,15.3,18.8,5.7,0.9,2.2,2,0,3.0,0.0,0.0,,
2026-27,1022600054,2026-05-28,May,DAL,LVA,home,W,95,87,78.5,8,182,0,0,0,0,0,0,2,2,6.5,Odyssey Sims,203824,-7,,2,1,False,0,2,15.3,18.8,5.7,0.9,2.2,3,0,1.2000000000000002,0.44307692307692303,0.0,,
2026-27,1022600064,2026-06-01,Jun,DAL,SEA,home,W,79,56,79.0,23,135,4,0,0,0,5,1,2,0,21.1,Odyssey Sims,203824,13,,2,2,False,1,1,15.3,18.8,5.7,0.9,2.2,8,1,12.4,0.32606635071090045,0.23696682464454974,0.4,0.0
2026-27,1022600075,2026-06-05,Jun,DAL,LAS,away,W,104,96,83.5,8,200,0,0,0,0,1,0,0,0,4.6,Odyssey Sims,203824,3,,0,1,False,0,1,15.3,18.8,5.7,0.9,2.2,1,0,0.19999999999999996,0.4347826086956522,0.2173913043478261,0.0,0.0
2026-27,1022600087,2026-06-09,Jun,DAL,MIN,away,L,76,100,84.0,-24,176,0,0,0,0,0,0,0,0,0.0,Odyssey Sims,203824,0,,0,0,False,0,0,15.3,18.8,5.7,0.9,2.2,0,0,0.0,,,,
2026-27,1022600099,2026-06-13,Jun,DAL,PDX,away,L,83,84,78.5,-1,167,0,0,0,0,0,0,0,0,0.0,Odyssey Sims,203824,0,,0,0,False,0,0,15.3,18.8,5.7,0.9,2.2,0,0,0.0,,,,
2026-27,1022600126,2026-06-22,Jun,DAL,SEA,away,W,112,110,91.5,2,222,0,0,0,0,0,0,0,0,0.0,Odyssey Sims,203824,0,,0,0,False,0,0,15.3,18.8,5.7,0.9,2.2,0,0,0.0,,,,
2026-27,1022600146,2026-07-02,Jul,DAL,CON,away,W,86,83,80.0,3,169,4,2,0,0,4,1,0,0,11.8,Odyssey Sims,203824,3,,2,1,False,0,2,15.3,18.8,5.7,0.9,2.2,7,2,13.2,0.5084745762711864,0.3389830508474576,0.0,0.0
2026-27,1022600152,2026-07-05,Jul,DAL,TOR,away,W,89,76,76.0,13,165,0,0,0,0,2,1,0,0,7.8,Odyssey Sims,203824,-13,,2,0,False,0,0,15.3,18.8,5.7,0.9,2.2,2,0,2.0,0.25641025641025644,0.25641025641025644,0.0,0.0
2026-27,1022600157,2026-07-07,Jul,DAL,NYL,away,W,88,77,81.0,11,165,0,0,1,0,5,2,4,4,11.5,Odyssey Sims,203824,1,,8,1,False,0,0,15.3,18.8,5.7,0.9,2.2,9,0,9.2,0.5878260869565217,0.43478260869565216,0.8,0.2
2026-27,1022600166,2026-07-10,Jul,DAL,TOR,away,W,108,95,78.5,13,203,0,0,6,2,9,3,0,0,12.5,Odyssey Sims,203824,-3,,8,1,False,0,0,15.3,18.8,5.7,0.9,2.2,9,0,9.2,0.72,0.72,0.0,0.6666666666666666
2026-27,1022600010,2026-05-09,May,MIN,ATL,home,L,90,91,86.5,-1,181,2,0,6,2,13,7,5,4,32.6,Kayla McBride,203825,-6,F,20,2,True,1,1,32.2,20.8,15.8,3.8,2.5,24,1,27.4,0.4969325153374233,0.3987730061349693,0.38461538461538464,0.46153846153846156
2026-27,1022600013,2026-05-12,May,MIN,PHX,away,W,88,84,81.0,4,172,3,0,6,2,10,4,4,4,32.5,Kayla McBride,203825,4,F,14,2,True,1,3,32.2,20.8,15.8,3.8,2.5,19,1,20.9,0.45415384615384613,0.3076923076923077,0.4,0.6
2026-27,1022600019,2026-05-14,May,MIN,DAL,away,W,90,86,78.0,4,176,1,1,2,0,7,1,11,9,34.0,Kayla McBride,203825,6,F,11,8,True,1,2,32.2,20.8,15.8,3.8,2.5,20,2,26.1,0.40705882352941175,0.20588235294117646,1.5714285714285714,0.2857142857142857
2026-27,1022600025,2026-05-17,May,MIN,CHI,home,L,79,86,84.5,-7,165,1,1,6,2,17,8,2,2,39.9,Kayla McBride,203825,-7,F,20,7,True,4,2,32.2,20.8,15.8,3.8,2.5,28,5,42.9,0.4982456140350877,0.4260651629072682,0.11764705882352941,0.35294117647058826
2026-27,1022600036,2026-05-21,May,MIN,TOR,home,W,100,72,77.5,28,172,2,0,3,1,8,5,3,2,22.9,Kayla McBride,203825,19,F,13,4,True,1,1,32.2,20.8,15.8,3.8,2.5,19,1,22.8,0.4506550218340612,0.3493449781659389,0.375,0.375
2026-27,1022600041,2026-05-23,May,MIN,CHI,away,W,85,75,86.5,10,160,4,0,4,2,9,4,3,3,35.4,Kayla McBride,203825,11,F,13,6,True,1,0,32.2,20.8,15.8,3.8,2.5,23,1,29.2,0.29152542372881357,0.2542372881355932,0.3333333333333333,0.4444444444444444
2026-27,1022600051,2026-05-27,May,MIN,ATL,home,W,96,81,77.0,15,177,1,0,4,1,10,4,3,3,33.9,Kayla McBride,203825,20,F,12,2,True,3,2,32.2,20.8,15.8,3.8,2.5,15,3,22.9,0.3929203539823009,0.2949852507374631,0.3,0.4
2026-27,1022600058,2026-05-29,May,MIN,CHI,away,W,79,58,86.0,21,137,2,1,7,1,13,3,4,2,31.1,Kayla McBride,203825,16,F,9,5,True,3,1,32.2,20.8,15.8,3.8,2.5,16,4,29.0,0.5067524115755627,0.4180064308681672,0.3076923076923077,0.5384615384615384
2026-27,1022600065,2026-06-01,Jun,MIN,PHX,away,W,111,77,79.0,34,188,5,0,4,1,7,3,0,0,22.5,Kayla McBride,203825,19,F,7,0,True,1,0,32.2,20.8,15.8,3.8,2.5,12,1,17.5,0.3111111111111111,0.3111111111111111,0.0,0.5714285714285714
2026-27,1022600073,2026-06-04,Jun,MIN,GSV,home,W,87,84,75.5,3,171,2,0,6,3,13,4,3,3,32.4,Kayla McBride,203825,-1,F,14,8,True,2,2,32.2,20.8,15.8,3.8,2.5,24,2,30.6,0.5037037037037038,0.4012345679012346,0.23076923076923078,0.46153846153846156
2026-27,1022600077,2026-06-06,Jun,MIN,SEA,home,W,88,68,80.0,20,156,3,0,8,2,12,3,3,3,22.6,Kayla McBride,203825,18,F,11,2,True,1,1,32.2,20.8,15.8,3.8,2.5,16,1,19.9,0.6336283185840708,0.5309734513274336,0.25,0.6666666666666666
2026-27,1022600087,2026-06-09,Jun,MIN,DAL,home,W,100,76,84.0,24,176,4,0,6,4,10,7,4,4,30.1,Kayla McBride,203825,13,F,22,5,True,0,0,32.2,20.8,15.8,3.8,2.5,31,0,34.0,0.39069767441860465,0.33222591362126247,0.4,0.6
2026-27,1022600098,2026-06-13,Jun,MIN,LVA,away,L,97,100,77.5,-3,197,5,0,8,3,14,6,4,4,33.5,Kayla McBride,203825,-4,F,19,2,True,2,0,32.2,20.8,15.8,3.8,2.5,26,2,34.9,0.47044776119402987,0.417910447761194,0.2857142857142857,0.5714285714285714
2026-27,1022600104,2026-06-15,Jun,MIN,PDX,home,W,107,74,81.5,33,181,4,0,4,1,14,5,3,3,24.9,Kayla McBride,203825,27,F,14,6,True,2,4,32.2,20.8,15.8,3.8,2.5,24,2,29.200000000000003,0.7759036144578314,0.5622489959839357,0.21428571428571427,0.2857142857142857
2026-27,1022600110,2026-06-17,Jun,MIN,LAS,away,W,99,83,86.5,16,182,0,0,6,2,12,6,0,0,24.6,Kayla McBride,203825,5,F,14,4,False,3,1,32.2,20.8,15.8,3.8,2.5,18,3,26.8,0.5284552845528455,0.4878048780487805,0.0,0.5
2026-27,1022600116,2026-06-19,Jun,MIN,GSV,away,W,81,75,78.5,6,156,2,0,3,1,12,7,3,2,33.8,Kayla McBride,203825,5,F,17,3,True,1,0,32.2,20.8,15.8,3.8,2.5,22,1,26.6,0.39408284023668644,0.3550295857988166,0.25,0.25
2026-27,1022600121,2026-06-21,Jun,MIN,WAS,home,L,79,84,82.0,-5,163,4,0,6,1,11,3,5,5,35.6,Kayla McBride,203825,-3,F,12,2,True,0,2,32.2,20.8,15.8,3.8,2.5,18,0,18.4,0.42696629213483145,0.3089887640449438,0.45454545454545453,0.5454545454545454
2026-27,1022600129,2026-06-24,Jun,MIN,WAS,away,W,78,76,86.0,2,154,2,0,14,5,18,7,0,0,38.3,Kayla McBride,203825,10,F,19,6,True,1,4,32.2,20.8,15.8,3.8,2.5,27,1,28.200000000000003,0.5744125326370758,0.4699738903394256,0.0,0.7777777777777778
2026-27,1022600141,2026-06-28,Jun,MIN,DAL,away,W,85,77,81.5,8,162,2,0,10,4,16,6,1,1,38.5,Kayla McBride,203825,6,F,17,1,True,0,1,32.2,20.8,15.8,3.8,2.5,20,0,20.2,0.452987012987013,0.4155844155844156,0.0625,0.625
2026-27,1022600148,2026-07-03,Jul,MIN,NYL,away,L,86,99,78.0,-13,185,1,0,9,4,16,7,0,0,32.6,Kayla McBride,203825,-17,F,18,1,True,3,3,32.2,20.8,15.8,3.8,2.5,20,3,26.7,0.5828220858895705,0.49079754601226994,0.0,0.5625
2026-27,1022600155,2026-07-06,Jul,MIN,CON,home,L,89,90,80.5,-1,179,2,1,8,4,19,10,5,4,37.9,Kayla McBride,203825,2,F,28,3,True,0,6,32.2,20.8,15.8,3.8,2.5,33,1,31.6,0.7176781002638523,0.5013192612137204,0.2631578947368421,0.42105263157894735
2026-27,1022600160,2026-07-08,Jul,MIN,CON,away,W,86,80,78.5,6,166,4,1,2,2,10,6,9,9,38.3,Kayla McBride,203825,9,F,23,4,True,2,0,32.2,20.8,15.8,3.8,2.5,31,3,42.8,0.364490861618799,0.26109660574412535,0.9,0.2
2026-27,1022600005,2026-05-09,May,PHX,LVA,away,W,99,66,83.0,33,165,9,0,0,0,17,9,4,2,26.4,Alyssa Thomas,203826,25,F,20,6,True,3,1,33.4,22.4,14.6,6.9,8.2,35,3,48.7,0.7484848484848485,0.6439393939393939,0.23529411764705882,0.0
2026-27,1022600011,2026-05-10,May,PHX,GSV,away,L,79,95,76.5,-16,174,11,0,0,0,9,5,12,9,37.5,Alyssa Thomas,203826,-9,F,19,9,True,0,6,33.4,22.4,14.6,6.9,8.2,39,0,40.3,0.5408000000000001,0.24,1.3333333333333333,0.0
2026-27,1022600013,2026-05-12,May,PHX,MIN,home,L,84,88,81.0,-4,172,8,0,0,0,10,2,13,6,34.5,Alyssa Thomas,203826,-9,F,10,4,True,2,4,33.4,22.4,14.6,6.9,8.2,22,2,28.799999999999997,0.5715942028985507,0.2898550724637681,1.3,0.0
2026-27,1022600024,2026-05-15,May,PHX,CHI,home,W,91,83,83.0,8,174,6,1,0,0,10,5,7,7,33.2,Alyssa Thomas,203826,21,F,17,11,True,0,4,33.4,22.4,14.6,6.9,8.2,34,1,38.2,0.5144578313253011,0.3012048192771084,0.7,0.0
2026-27,1022600031,2026-05-19,May,PHX,TOR,home,L,90,98,82.5,-8,188,8,0,0,0,7,6,6,5,34.5,Alyssa Thomas,203826,-2,F,17,6,True,3,2,33.4,22.4,14.6,6.9,8.2,31,3,43.2,0.3373913043478261,0.2028985507246377,0.8571428571428571,0.0
2026-27,1022600037,2026-05-21,May,PHX,LAS,home,L,88,97,81.0,-9,185,7,0,0,0,13,7,11,9,35.5,Alyssa Thomas,203826,-5,F,23,7,True,2,3,33.4,22.4,14.6,6.9,8.2,37,2,44.9,0.5870422535211267,0.36619718309859156,0.8461538461538461,0.0
2026-27,1022600044,2026-05-24,May,PHX,ATL,away,L,80,82,76.5,-2,162,7,0,0,0,13,9,2,2,35.9,Alyssa Thomas,203826,-1,F,20,12,True,2,4,33.4,22.4,14.6,6.9,8.2,39,2,46.9,0.49805013927576613,0.36211699164345407,0.15384615384615385,0.0
2026-27,1022600049,2026-05-27,May,PHX,NYL,away,L,74,84,77.5,-10,158,9,0,0,0,9,4,3,1,32.0,Alyssa Thomas,203826,-13,F,9,7,True,3,4,33.4,22.4,14.6,6.9,8.2,25,3,35.9,0.4475,0.28125,0.3333333333333333,0.0
2026-27,1022600056,2026-05-29,May,PHX,NYL,away,L,68,75,76.0,-7,143,8,1,0,0,14,5,6,5,36.0,Alyssa Thomas,203826,-8,F,15,3,True,3,3,33.4,22.4,14.6,6.9,8.2,26,4,39.6,0.5455555555555556,0.3888888888888889,0.42857142857142855,0.0
2026-27,1022600065,2026-06-01,Jun,PHX,MIN,home,L,77,111,79.0,-34,188,5,0,0,0,6,1,4,4,25.4,Alyssa Thomas,203826,-27,F,6,3,True,0,3,33.4,22.4,14.6,6.9,8.2,14,0,14.100000000000001,0.4236220472440945,0.2362204724409449,0.6666666666666666,0.0
2026-27,1022600071,2026-06-03,Jun,PHX,SEA,away,W,72,68,79.5,4,140,5,0,0,0,9,4,3,1,34.0,Alyssa Thomas,203826,2,F,9,9,True,2,4,33.4,22.4,14.6,6.9,8.2,23,2,29.299999999999997,0.4211764705882353,0.2647058823529412,0.3333333333333333,0.0
2026-27,1022600076,2026-06-05,Jun,PHX,PDX,away,W,78,72,74.5,6,150,0,0,0,0,0,0,0,0,0.0,Alyssa Thomas,203826,0,,0,0,False,0,0,33.4,22.4,14.6,6.9,8.2,0,0,0.0,,,,
2026-27,1022600088,2026-06-09,Jun,PHX,GSV,away,L,81,87,74.5,-6,168,9,0,0,0,14,9,7,4,32.3,Alyssa Thomas,203826,2,F,22,8,True,1,4,33.4,22.4,14.6,6.9,8.2,39,1,44.1,0.6526315789473685,0.43343653250774,0.5,0.0
2026-27,1022600093,2026-06-11,Jun,PHX,DAL,away,L,70,85,82.5,-15,155,10,0,0,0,8,3,2,0,31.9,Alyssa Thomas,203826,-14,F,6,9,True,2,6,33.4,22.4,14.6,6.9,8.2,25,2,31.799999999999997,0.46645768025078377,0.25078369905956116,0.25,0.0
2026-27,1022600100,2026-06-13,Jun,PHX,LAS,home,L,102,111,88.5,-9,213,12,1,0,0,10,4,3,2,41.0,Alyssa Thomas,203826,-8,F,10,7,True,0,2,33.4,22.4,14.6,6.9,8.2,29,1,37.4,0.3248780487804878,0.24390243902439024,0.3,0.0
2026-27,1022600111,2026-06-17,Jun,PHX,LVA,home,L,76,86,77.0,-10,162,11,0,0,0,10,4,2,2,35.4,Alyssa Thomas,203826,-11,F,10,5,True,0,6,33.4,22.4,14.6,6.9,8.2,26,0,26.5,0.47683615819209046,0.2824858757062147,0.2,0.0
2026-27,1022600118,2026-06-20,Jun,PHX,SEA,home,W,93,73,78.5,20,166,9,1,0,0,6,4,0,0,28.2,Alyssa Thomas,203826,21,F,8,3,True,1,5,33.4,22.4,14.6,6.9,8.2,20,2,26.1,0.3900709219858156,0.2127659574468085,0.0,0.0
2026-27,1022600125,2026-06-22,Jun,PHX,IND,away,L,77,86,80.5,-9,163,9,1,0,0,12,8,5,3,34.3,Alyssa Thomas,203826,-13,F,19,5,True,1,3,33.4,22.4,14.6,6.9,8.2,33,2,41.5,0.5014577259475219,0.34985422740524785,0.4166666666666667,0.0
2026-27,1022600128,2026-06-24,Jun,PHX,IND,away,W,111,109,84.0,2,220,8,1,1,0,17,12,1,0,37.6,Alyssa Thomas,203826,0,C,24,4,True,1,6,33.4,22.4,14.6,6.9,8.2,36,2,40.8,0.6234042553191489,0.45212765957446804,0.058823529411764705,0.058823529411764705
2026-27,1022600138,2026-06-27,Jun,PHX,TOR,away,W,89,80,78.5,9,169,0,0,0,0,0,0,0,0,0.0,Alyssa Thomas,203826,0,,0,0,False,0,0,33.4,22.4,14.6,6.9,8.2,0,0,0.0,,,,
2026-27,1022600147,2026-07-02,Jul,PHX,SEA,home,W,90,67,76.0,23,157,9,1,0,0,10,4,1,1,33.3,Alyssa Thomas,203826,21,C,9,13,True,2,2,33.4,22.4,14.6,6.9,8.2,31,3,45.1,0.37357357357357357,0.3003003003003003,0.1,0.0
2026-27,1022600158,2026-07-07,Jul,PHX,CHI,home,L,66,77,80.0,-11,143,5,1,0,0,7,3,7,5,31.0,Alyssa Thomas,203826,-6,C,11,7,True,4,5,33.4,22.4,14.6,6.9,8.2,23,5,36.9,0.4864516129032258,0.22580645161290322,1.0,0.0
2026-27,1022600163,2026-07-09,Jul,PHX,IND,home,L,89,92,78.5,-3,181,7,1,0,0,18,10,2,2,33.0,Alyssa Thomas,203826,-5,C,22,6,True,1,1,33.4,22.4,14.6,6.9,8.2,35,2,44.7,0.6024242424242424,0.5454545454545454,0.1111111111111111,0.0
2026-27,1022600010,2026-05-09,May,MIN,ATL,home,L,90,91,86.5,-1,181,2,0,1,0,6,3,4,0,19.6,Natasha Howard,203827,3,C,6,5,True,1,5,29.7,24.1,17.0,8.0,2.9,13,1,13.0,0.6510204081632652,0.3061224489795918,0.6666666666666666,0.16666666666666666
2026-27,1022600013,2026-05-12,May,MIN,PHX,away,W,88,84,81.0,4,172,2,0,0,0,9,6,6,2,28.7,Natasha Howard,203827,8,C,14,11,True,1,4,29.7,24.1,17.0,8.0,2.9,27,1,29.200000000000003,0.5449477351916376,0.31358885017421606,0.6666666666666666,0.0
2026-27,1022600019,2026-05-14,May,MIN,DAL,away,W,90,86,78.0,4,176,4,3,0,0,14,11,6,4,34.7,Natasha Howard,203827,11,C,26,5,True,0,7,29.7,24.1,17.0,8.0,2.9,35,3,40.0,0.6812680115273775,0.4034582132564841,0.42857142857142855,0.0
2026-27,1022600025,2026-05-17,May,MIN,CHI,home,L,79,86,84.5,-7,165,7,0,1,0,15,8,4,1,29.4,Natasha Howard,203827,3,C,17,9,True,2,4,29.7,24.1,17.0,8.0,2.9,33,2,40.3,0.706122448979592,0.5102040816326531,0.26666666666666666,0.06666666666666667
2026-27,1022600036,2026-05-21,May,MIN,TOR,home,W,100,72,77.5,28,172,3,0,0,0,7,5,4,3,21.8,Natasha Howard,203827,20,C,13,6,True,0,4,29.7,24.1,17.0,8.0,2.9,22,0,20.7,0.5853211009174312,0.3211009174311926,0.5714285714285714,0.0
2026-27,1022600041,2026-05-23,May,MIN,CHI,away,W,85,75,86.5,10,160,5,0,0,0,15,11,5,4,32.7,Natasha Howard,203827,16,C,26,14,True,0,3,29.7,24.1,17.0,8.0,2.9,45,0,47.3,0.6177370030581039,0.4587155963302752,0.3333333333333333,0.0
2026-27,1022600051,2026-05-27,May,MIN,ATL,home,W,96,81,77.0,15,177,5,2,0,0,16,11,0,0,33.2,Natasha Howard,203827,18,C,22,8,True,2,3,29.7,24.1,17.0,8.0,2.9,35,4,48.1,0.5722891566265059,0.48192771084337344,0.0,0.0
2026-27,1022600058,2026-05-29,May,MIN,CHI,away,W,79,58,86.0,21,137,3,1,1,0,11,6,2,2,29.3,Natasha Howard,203827,10,C,14,7,True,4,3,29.7,24.1,17.0,8.0,2.9,24,5,38.9,0.5078498293515359,0.37542662116040953,0.18181818181818182,0.09090909090909091
2026-27,1022600065,2026-06-01,Jun,MIN,PHX,away,W,111,77,79.0,34,188,3,0,0,0,7,5,1,1,23.3,Natasha Howard,203827,21,C,11,4,True,3,2,29.7,24.1,17.0,8.0,2.9,18,3,27.3,0.40515021459227474,0.3004291845493562,0.14285714285714285,0.0
2026-27,1022600073,2026-06-04,Jun,MIN,GSV,home,W,87,84,75.5,3,171,0,0,0,0,12,4,6,4,29.8,Natasha Howard,203827,8,C,12,10,True,0,2,29.7,24.1,17.0,8.0,2.9,22,0,22.0,0.5583892617449665,0.40268456375838924,0.5,0.0
2026-27,1022600077,2026-06-06,Jun,MIN,SEA,home,W,88,68,80.0,20,156,1,2,1,0,16,12,4,3,30.1,Natasha Howard,203827,22,C,27,5,True,3,2,29.7,24.1,17.0,8.0,2.9,33,5,47.5,0.6564784053156146,0.5315614617940199,0.25,0.0625
2026-27,1022600087,2026-06-09,Jun,MIN,DAL,home,W,100,76,84.0,24,176,4,1,1,1,10,8,4,4,28.8,Natasha Howard,203827,21,C,21,4,True,3,4,29.7,24.1,17.0,8.0,2.9,29,4,39.8,0.5472222222222222,0.3472222222222222,0.4,0.1
2026-27,1022600098,2026-06-13,Jun,MIN,LVA,away,L,97,100,77.5,-3,197,2,1,0,0,12,8,6,6,32.1,Natasha Howard,203827,1,C,22,9,True,4,2,29.7,24.1,17.0,8.0,2.9,33,5,48.8,0.518380062305296,0.37383177570093457,0.5,0.0
2026-27,1022600104,2026-06-15,Jun,MIN,PDX,home,W,107,74,81.5,33,181,1,0,0,0,11,6,11,6,26.1,Natasha Howard,203827,18,C,18,6,True,2,2,29.7,24.1,17.0,8.0,2.9,25,2,30.700000000000003,0.6835249042145594,0.421455938697318,1.0,0.0
2026-27,1022600110,2026-06-17,Jun,MIN,LAS,away,W,99,83,86.5,16,182,2,1,0,0,13,6,5,3,29.2,Natasha Howard,203827,14,C,15,9,True,1,2,29.7,24.1,17.0,8.0,2.9,26,2,32.8,0.589041095890411,0.4452054794520548,0.38461538461538464,0.0
2026-27,1022600116,2026-06-19,Jun,MIN,GSV,away,W,81,75,78.5,6,156,4,1,0,0,10,5,0,0,27.8,Natasha Howard,203827,0,C,10,8,True,0,1,29.7,24.1,17.0,8.0,2.9,22,1,27.6,0.39568345323741005,0.3597122302158273,0.0,0.0
2026-27,1022600121,2026-06-21,Jun,MIN,WAS,home,L,79,84,82.0,-5,163,2,0,1,0,15,9,2,2,36.1,Natasha Howard,203827,-5,C,20,6,True,5,5,29.7,24.1,17.0,8.0,2.9,28,5,40.2,0.5783933518005541,0.4155124653739612,0.13333333333333333,0.06666666666666667
2026-27,1022600129,2026-06-24,Jun,MIN,WAS,away,W,78,76,86.0,2,154,3,1,1,0,13,7,8,7,35.9,Natasha Howard,203827,7,C,21,15,True,2,4,29.7,24.1,17.0,8.0,2.9,39,3,48.5,0.5715877437325906,0.36211699164345407,0.6153846153846154,0.07692307692307693
2026-27,1022600141,2026-06-28,Jun,MIN,DAL,away,W,85,77,81.5,8,162,2,1,0,0,17,9,4,3,35.6,Natasha Howard,203827,13,C,21,14,True,3,0,29.7,24.1,17.0,8.0,2.9,37,4,52.8,0.5269662921348315,0.47752808988764045,0.23529411764705882,0.0
2026-27,1022600148,2026-07-03,Jul,MIN,NYL,away,L,86,99,78.0,-13,185,2,0,0,0,10,3,1,1,31.1,Natasha Howard,203827,-23,C,7,6,True,0,0,29.7,24.1,17.0,8.0,2.9,15,0,17.2,0.3356913183279742,0.3215434083601286,0.1,0.0
2026-27,1022600155,2026-07-06,Jul,MIN,CON,home,L,89,90,80.5,-1,179,4,2,1,0,10,6,7,6,26.5,Natasha Howard,203827,0,C,18,6,True,0,2,29.7,24.1,17.0,8.0,2.9,28,2,35.2,0.5690566037735849,0.37735849056603776,0.7,0.1
2026-27,1022600160,2026-07-08,Jul,MIN,CON,away,W,86,80,78.5,6,166,2,3,1,0,10,4,6,4,31.4,Natasha Howard,203827,0,C,12,10,True,1,3,29.7,24.1,17.0,8.0,2.9,24,4,36.0,0.49808917197452235,0.3184713375796179,0.6,0.1
2026-27,1022600003,2026-05-08,May,SEA,GSV,home,L,80,91,75.0,-11,171,3,2,2,1,3,2,2,1,27.0,Stefanie Dolson,203828,-5,C,6,5,True,0,2,18.5,10.6,4.3,2.5,1.3,14,2,20.5,0.21777777777777776,0.1111111111111111,0.6666666666666666,0.6666666666666666
2026-27,1022600007,2026-05-10,May,SEA,CON,away,W,89,82,86.5,7,171,0,0,2,0,3,1,4,4,20.9,Stefanie Dolson,203828,11,C,6,4,False,0,1,18.5,10.6,4.3,2.5,1.3,10,0,9.8,0.2755980861244019,0.14354066985645933,1.3333333333333333,0.6666666666666666
2026-27,1022600015,2026-05-13,May,SEA,TOR,away,L,73,86,81.0,-13,159,0,2,3,2,8,6,2,2,22.0,Stefanie Dolson,203828,-5,C,16,3,True,0,3,18.5,10.6,4.3,2.5,1.3,19,2,22.6,0.54,0.36363636363636365,0.25,0.375
2026-27,1022600027,2026-05-17,May,SEA,IND,away,L,78,89,84.0,-11,167,2,1,2,0,6,3,0,0,30.3,Stefanie Dolson,203828,-6,C,6,5,True,2,0,18.5,10.6,4.3,2.5,1.3,13,3,24.0,0.198019801980198,0.198019801980198,0.0,0.3333333333333333
2026-27,1022600034,2026-05-20,May,SEA,CON,home,L,78,80,78.0,-2,158,2,2,2,0,4,0,4,3,27.8,Stefanie Dolson,203828,4,C,3,3,True,0,2,18.5,10.6,4.3,2.5,1.3,8,2,13.6,0.279136690647482,0.14388489208633093,1.0,0.5
2026-27,1022600040,2026-05-22,May,SEA,CON,home,W,77,59,75.5,18,136,4,0,1,1,3,2,0,0,24.8,Stefanie Dolson,203828,24,C,5,4,True,1,1,18.5,10.6,4.3,2.5,1.3,13,1,17.8,0.16129032258064516,0.12096774193548386,0.0,0.3333333333333333
2026-27,1022600046,2026-05-24,May,SEA,WAS,home,W,97,85,81.0,12,182,2,2,2,2,3,3,8,8,25.5,Stefanie Dolson,203828,16,C,16,3,True,0,1,18.5,10.6,4.3,2.5,1.3,21,2,27.6,0.2949019607843137,0.11764705882352941,2.6666666666666665,0.6666666666666666
2026-27,1022600053,2026-05-27,May,SEA,WAS,home,L,64,78,72.5,-14,142,1,0,2,0,3,0,0,0,20.3,Stefanie Dolson,203828,-20,C,0,3,True,1,0,18.5,10.6,4.3,2.5,1.3,4,1,8.1,0.14778325123152708,0.14778325123152708,0.0,0.6666666666666666
2026-27,1022600060,2026-05-30,May,SEA,TOR,away,L,72,93,82.0,-21,165,2,1,1,1,5,3,0,0,22.9,Stefanie Dolson,203828,-11,C,7,4,True,1,1,18.5,10.6,4.3,2.5,1.3,13,2,19.8,0.26200873362445415,0.2183406113537118,0.0,0.2
2026-27,1022600064,2026-06-01,Jun,SEA,DAL,away,L,56,79,79.0,-23,135,0,2,2,0,4,1,0,0,19.5,Stefanie Dolson,203828,-18,C,2,2,False,0,1,18.5,10.6,4.3,2.5,1.3,4,2,9.4,0.2564102564102564,0.20512820512820512,0.0,0.5
2026-27,1022600071,2026-06-03,Jun,SEA,PHX,home,L,68,72,79.5,-4,140,1,0,1,0,1,0,0,0,24.9,Stefanie Dolson,203828,0,C,0,2,True,1,2,18.5,10.6,4.3,2.5,1.3,3,1,4.9,0.12048192771084339,0.040160642570281124,0.0,1.0
2026-27,1022600077,2026-06-06,Jun,SEA,MIN,away,L,68,88,80.0,-20,156,1,0,3,2,3,2,0,0,19.6,Stefanie Dolson,203828,-10,C,6,4,True,0,1,18.5,10.6,4.3,2.5,1.3,11,0,11.3,0.2040816326530612,0.1530612244897959,0.0,1.0
2026-27,1022600085,2026-06-08,Jun,SEA,LVA,away,L,91,101,18.5,-10,192,2,1,2,1,3,1,0,0,15.9,Stefanie Dolson,203828,-15,,3,0,False,0,1,18.5,10.6,4.3,2.5,1.3,5,1,8.0,0.25157232704402516,0.18867924528301885,0.0,0.6666666666666666
2026-27,1022600090,2026-06-10,Jun,SEA,LAS,home,L,83,88,80.5,-5,171,2,0,2,0,4,1,0,0,18.9,Stefanie Dolson,203828,-5,,2,2,False,0,1,18.5,10.6,4.3,2.5,1.3,6,0,6.4,0.2645502645502646,0.21164021164021166,0.0,0.5
2026-27,1022600096,2026-06-12,Jun,SEA,GSV,home,L,72,76,75.0,-4,148,0,0,1,1,1,1,0,0,7.5,Stefanie Dolson,203828,-3,,3,1,False,0,0,18.5,10.6,4.3,2.5,1.3,4,0,4.2,0.13333333333333333,0.13333333333333333,0.0,1.0
2026-27,1022600112,2026-06-17,Jun,SEA,PDX,away,L,89,94,74.5,-5,183,0,0,2,0,2,0,0,0,9.2,Stefanie Dolson,203828,5,,0,2,False,0,0,18.5,10.6,4.3,2.5,1.3,2,0,2.4,0.2173913043478261,0.2173913043478261,0.0,1.0
2026-27,1022600118,2026-06-20,Jun,SEA,PHX,away,L,73,93,78.5,-20,166,2,0,2,1,3,2,2,1,20.9,Stefanie Dolson,203828,-7,,6,3,False,0,0,18.5,10.6,4.3,2.5,1.3,11,0,12.6,0.1856459330143541,0.14354066985645933,0.6666666666666666,0.6666666666666666
2026-27,1022600126,2026-06-22,Jun,SEA,DAL,home,L,110,112,91.5,-2,222,0,0,0,0,0,0,0,0,13.7,Stefanie Dolson,203828,-8,,0,1,False,0,0,18.5,10.6,4.3,2.5,1.3,1,0,1.2,0.0,0.0,,
2026-27,1022600134,2026-06-25,Jun,SEA,NYL,home,W,99,88,83.5,11,187,0,0,1,0,1,0,2,2,12.5,Stefanie Dolson,203828,-1,,2,2,False,0,2,18.5,10.6,4.3,2.5,1.3,4,0,2.4000000000000004,0.3104,0.08,2.0,1.0
2026-27,1022600140,2026-06-27,Jun,SEA,ATL,home,W,105,90,83.0,15,195,3,0,1,1,3,2,0,0,13.3,Stefanie Dolson,203828,-5,,5,2,False,0,1,18.5,10.6,4.3,2.5,1.3,10,0,10.9,0.3007518796992481,0.22556390977443608,0.0,0.3333333333333333
2026-27,1022600147,2026-07-02,Jul,SEA,PHX,away,L,67,90,76.0,-23,157,0,0,2,0,2,0,0,0,12.4,Stefanie Dolson,203828,-15,,0,1,False,0,0,18.5,10.6,4.3,2.5,1.3,1,0,1.2,0.16129032258064516,0.16129032258064516,0.0,1.0
2026-27,1022600151,2026-07-04,Jul,SEA,PDX,home,L,72,77,84.0,-5,149,0,0,1,0,2,1,0,0,9.4,Stefanie Dolson,203828,-5,,2,1,False,1,0,18.5,10.6,4.3,2.5,1.3,3,1,6.2,0.2127659574468085,0.2127659574468085,0.0,0.5
2026-27,1022600156,2026-07-06,Jul,SEA,LAS,away,W,82,64,85.0,18,146,2,0,0,0,1,1,0,0,11.5,Stefanie Dolson,203828,6,,2,2,False,0,0,18.5,10.6,4.3,2.5,1.3,6,0,7.4,0.08695652173913043,0.08695652173913043,0.0,0.0
2026-27,1022600162,2026-07-09,Jul,SEA,ATL,away,L,78,89,89.5,-11,167,1,1,0,0,2,1,2,2,12.5,Stefanie Dolson,203828,-6,,4,2,False,0,2,18.5,10.6,4.3,2.5,1.3,7,1,8.9,0.39039999999999997,0.16,1.0,0.0
2026-27,1022600005,2026-05-09,May,LVA,PHX,home,L,66,99,83.0,-33,165,6,2,2,0,6,2,0,0,22.4,Chelsea Gray,203833,-24,G,4,1,True,0,3,33.3,18.7,12.3,3.8,7.3,11,2,17.2,0.4017857142857143,0.26785714285714285,0.0,0.3333333333333333
2026-27,1022600009,2026-05-10,May,LVA,LAS,away,W,105,78,83.0,27,183,5,0,5,4,10,6,0,0,31.9,Chelsea Gray,203833,11,G,16,3,True,0,6,33.3,18.7,12.3,3.8,7.3,24,0,21.1,0.5015673981191223,0.31347962382445144,0.0,0.5
2026-27,1022600016,2026-05-13,May,LVA,CON,away,W,98,69,83.0,29,167,6,1,3,1,7,3,0,0,26.1,Chelsea Gray,203833,29,G,7,6,True,1,2,33.3,18.7,12.3,3.8,7.3,19,2,27.2,0.3448275862068965,0.2681992337164751,0.0,0.42857142857142855
2026-27,1022600021,2026-05-15,May,LVA,CON,away,W,101,94,84.5,7,195,10,0,5,3,7,4,1,1,31.2,Chelsea Gray,203833,5,G,12,7,True,1,5,33.3,18.7,12.3,3.8,7.3,29,1,33.4,0.39871794871794874,0.22435897435897437,0.14285714285714285,0.7142857142857143
2026-27,1022600026,2026-05-17,May,LVA,ATL,away,W,85,84,85.0,1,169,6,1,8,5,13,8,0,0,32.7,Chelsea Gray,203833,4,G,21,5,True,1,3,33.3,18.7,12.3,3.8,7.3,32,2,39.0,0.48929663608562685,0.39755351681957185,0.0,0.6153846153846154
2026-27,1022600043,2026-05-23,May,LVA,LAS,home,L,95,101,84.0,-6,196,7,2,5,0,14,6,0,0,37.4,Chelsea Gray,203833,-7,G,12,2,True,1,3,33.3,18.7,12.3,3.8,7.3,21,3,30.9,0.4545454545454546,0.37433155080213903,0.0,0.35714285714285715
2026-27,1022600054,2026-05-28,May,LVA,DAL,away,L,87,95,78.5,-8,182,8,1,4,1,10,2,3,3,33.9,Chelsea Gray,203833,-2,G,8,3,True,1,1,33.3,18.7,12.3,3.8,7.3,19,2,28.6,0.3634218289085546,0.2949852507374631,0.3,0.4
2026-27,1022600063,2026-05-31,May,LVA,GSV,away,W,91,81,80.0,10,172,6,0,2,0,7,1,3,3,36.2,Chelsea Gray,203833,7,G,5,2,True,2,5,33.3,18.7,12.3,3.8,7.3,13,2,17.4,0.36795580110497234,0.19337016574585633,0.42857142857142855,0.2857142857142857
2026-27,1022600069,2026-06-02,Jun,LVA,LAS,away,W,79,69,78.5,10,148,11,0,6,1,11,4,3,3,33.7,Chelsea Gray,203833,3,G,12,4,True,2,1,33.3,18.7,12.3,3.8,7.3,27,2,38.3,0.3952522255192878,0.32640949554896137,0.2727272727272727,0.5454545454545454
2026-27,1022600078,2026-06-06,Jun,LVA,GSV,home,W,84,79,76.5,5,163,6,0,7,2,10,4,3,2,36.4,Chelsea Gray,203833,3,G,12,6,True,2,4,33.3,18.7,12.3,3.8,7.3,24,2,30.200000000000003,0.4208791208791209,0.27472527472527475,0.3,0.7
2026-27,1022600085,2026-06-08,Jun,LVA,SEA,home,W,101,91,18.5,10,192,8,0,4,1,10,5,1,1,34.9,Chelsea Gray,203833,7,G,12,5,True,0,1,33.3,18.7,12.3,3.8,7.3,25,0,29.0,0.32779369627507166,0.2865329512893983,0.1,0.4
2026-27,1022600094,2026-06-11,Jun,LVA,PDX,away,W,105,89,79.5,16,194,3,0,13,9,15,10,0,0,37.3,Chelsea Gray,203833,17,G,29,5,True,0,5,33.3,18.7,12.3,3.8,7.3,37,0,34.5,0.5361930294906166,0.4021447721179625,0.0,0.8666666666666667
2026-27,1022600098,2026-06-13,Jun,LVA,MIN,home,W,100,97,77.5,3,197,7,0,10,6,15,7,3,3,34.2,Chelsea Gray,203833,3,G,23,4,True,2,3,33.3,18.7,12.3,3.8,7.3,34,2,41.3,0.5649122807017544,0.43859649122807015,0.2,0.6666666666666666
2026-27,1022600103,2026-06-15,Jun,LVA,DAL,away,L,66,96,80.0,-30,162,9,0,1,0,5,0,0,0,29.2,Chelsea Gray,203833,-22,G,0,4,True,2,4,33.3,18.7,12.3,3.8,7.3,13,2,20.3,0.3082191780821918,0.17123287671232876,0.0,0.2
2026-27,1022600111,2026-06-17,Jun,LVA,PHX,away,W,86,76,77.0,10,162,9,0,4,0,10,2,1,1,34.6,Chelsea Gray,203833,15,G,5,4,True,2,3,33.3,18.7,12.3,3.8,7.3,18,2,26.3,0.3884393063583815,0.2890173410404624,0.1,0.4
2026-27,1022600120,2026-06-21,Jun,LVA,GSV,home,W,92,73,72.5,19,165,9,0,4,3,7,5,3,2,31.8,Chelsea Gray,203833,12,G,15,2,True,1,3,33.3,18.7,12.3,3.8,7.3,26,1,30.9,0.3559748427672956,0.22012578616352202,0.42857142857142855,0.5714285714285714
2026-27,1022600127,2026-06-23,Jun,LVA,NYL,home,L,76,87,77.5,-11,163,8,1,5,2,8,4,1,1,35.5,Chelsea Gray,203833,-6,G,11,5,True,2,1,33.3,18.7,12.3,3.8,7.3,24,3,37.0,0.26591549295774647,0.22535211267605634,0.125,0.625
2026-27,1022600133,2026-06-25,Jun,LVA,DAL,home,W,99,84,84.0,15,183,9,0,5,2,11,5,0,0,33.2,Chelsea Gray,203833,19,G,12,1,True,1,5,33.3,18.7,12.3,3.8,7.3,22,1,24.7,0.48192771084337344,0.33132530120481923,0.0,0.45454545454545453
2026-27,1022600143,2026-06-28,Jun,LVA,CHI,away,W,107,99,86.0,8,206,8,0,3,1,9,6,5,5,34.8,Chelsea Gray,203833,5,G,18,6,True,0,3,33.3,18.7,12.3,3.8,7.3,32,0,34.2,0.40804597701149425,0.25862068965517243,0.5555555555555556,0.3333333333333333
2026-27,1022600149,2026-07-03,Jul,LVA,CHI,home,W,98,90,90.0,8,188,6,0,4,0,17,7,4,4,40.8,Chelsea Gray,203833,9,G,18,4,True,2,3,33.3,18.7,12.3,3.8,7.3,28,2,34.8,0.5333333333333334,0.4166666666666667,0.23529411764705882,0.23529411764705882
2026-27,1022600153,2026-07-05,Jul,LVA,IND,home,L,68,84,72.5,-16,152,6,0,3,0,11,2,6,6,31.3,Chelsea Gray,203833,-16,G,10,4,True,2,2,33.3,18.7,12.3,3.8,7.3,20,2,27.8,0.49968051118210866,0.3514376996805112,0.5454545454545454,0.2727272727272727
2026-27,1022600164,2026-07-09,Jul,LVA,PDX,away,W,88,80,77.0,8,168,7,0,4,1,6,2,3,3,33.6,Chelsea Gray,203833,14,G,8,1,True,3,2,33.3,18.7,12.3,3.8,7.3,16,3,26.7,0.2773809523809524,0.17857142857142858,0.5,0.6666666666666666
2026-27,1022600005,2026-05-09,May,LVA,PHX,home,L,66,99,83.0,-33,165,0,0,4,0,6,1,0,0,19.5,Stephanie Talbot,203855,-19,F,2,2,False,0,1,19.0,10.5,3.7,3.1,1.4,4,0,3.4000000000000004,0.358974358974359,0.3076923076923077,0.0,0.6666666666666666
2026-27,1022600009,2026-05-10,May,LVA,LAS,away,W,105,78,83.0,27,183,3,0,1,0,5,4,0,0,18.4,Stephanie Talbot,203855,5,F,8,2,False,3,1,19.0,10.5,3.7,3.1,1.4,13,3,22.9,0.32608695652173914,0.27173913043478265,0.0,0.2
2026-27,1022600016,2026-05-13,May,LVA,CON,away,W,98,69,83.0,29,167,0,0,0,0,2,2,0,0,12.3,Stephanie Talbot,203855,7,F,4,2,False,0,0,19.0,10.5,3.7,3.1,1.4,6,0,6.4,0.16260162601626016,0.16260162601626016,0.0,0.0
2026-27,1022600021,2026-05-15,May,LVA,CON,away,W,101,94,84.5,7,195,2,0,0,0,0,0,2,1,21.8,Stephanie Talbot,203855,9,F,1,1,False,1,2,19.0,10.5,3.7,3.1,1.4,4,1,6.199999999999999,0.13211009174311925,0.0,,
2026-27,1022600026,2026-05-17,May,LVA,ATL,away,W,85,84,85.0,1,169,2,2,0,0,1,0,0,0,16.4,Stephanie Talbot,203855,2,F,0,5,False,0,0,19.0,10.5,3.7,3.1,1.4,7,2,15.0,0.06097560975609757,0.06097560975609757,0.0,0.0
2026-27,1022600043,2026-05-23,May,LVA,LAS,home,L,95,101,84.0,-6,196,1,0,1,0,2,1,0,0,16.4,Stephanie Talbot,203855,-23,G,2,3,False,0,0,19.0,10.5,3.7,3.1,1.4,6,0,7.1,0.12195121951219513,0.12195121951219513,0.0,0.5
2026-27,1022600054,2026-05-28,May,LVA,DAL,away,L,87,95,78.5,-8,182,1,0,0,0,1,1,0,0,7.2,Stephanie Talbot,203855,-3,F,2,3,False,0,1,19.0,10.5,3.7,3.1,1.4,6,0,6.1,0.2777777777777778,0.1388888888888889,0.0,0.0
2026-27,1022600063,2026-05-31,May,LVA,GSV,away,W,91,81,80.0,10,172,4,0,7,2,7,2,5,4,32.2,Stephanie Talbot,203855,8,F,10,7,True,1,1,19.0,10.5,3.7,3.1,1.4,21,1,26.4,0.31677018633540366,0.21739130434782608,0.7142857142857143,1.0
2026-27,1022600069,2026-06-02,Jun,LVA,LAS,away,W,79,69,78.5,10,148,0,0,4,2,6,3,0,0,24.7,Stephanie Talbot,203855,24,F,8,6,True,0,0,19.0,10.5,3.7,3.1,1.4,14,0,15.2,0.24291497975708504,0.24291497975708504,0.0,0.6666666666666666
2026-27,1022600078,2026-06-06,Jun,LVA,GSV,home,W,84,79,76.5,5,163,4,2,6,2,7,2,0,0,19.2,Stephanie Talbot,203855,-11,G,6,0,False,0,1,19.0,10.5,3.7,3.1,1.4,10,2,17.0,0.4166666666666667,0.36458333333333337,0.0,0.8571428571428571
2026-27,1022600085,2026-06-08,Jun,LVA,SEA,home,W,101,91,18.5,10,192,3,0,3,1,4,1,0,0,17.4,Stephanie Talbot,203855,18,G,3,3,False,1,2,19.0,10.5,3.7,3.1,1.4,9,1,12.1,0.3448275862068966,0.2298850574712644,0.0,0.75
2026-27,1022600094,2026-06-11,Jun,LVA,PDX,away,W,105,89,79.5,16,194,3,1,5,2,6,3,2,0,23.7,Stephanie Talbot,203855,17,G,8,10,False,1,1,19.0,10.5,3.7,3.1,1.4,21,2,29.5,0.33248945147679326,0.25316455696202533,0.3333333333333333,0.8333333333333334
2026-27,1022600098,2026-06-13,Jun,LVA,MIN,home,W,100,97,77.5,3,197,1,0,1,0,1,0,0,0,19.8,Stephanie Talbot,203855,9,G,0,3,False,0,0,19.0,10.5,3.7,3.1,1.4,4,0,5.1,0.050505050505050504,0.050505050505050504,0.0,1.0
2026-27,1022600103,2026-06-15,Jun,LVA,DAL,away,L,66,96,80.0,-30,162,3,0,1,0,2,1,2,2,19.9,Stephanie Talbot,203855,-31,G,4,4,False,0,1,19.0,10.5,3.7,3.1,1.4,11,0,12.3,0.1949748743718593,0.10050251256281408,1.0,0.5
2026-27,1022600111,2026-06-17,Jun,LVA,PHX,away,W,86,76,77.0,10,162,1,0,1,1,2,1,0,0,19.6,Stephanie Talbot,203855,1,F,3,2,False,2,0,19.0,10.5,3.7,3.1,1.4,6,2,12.9,0.1020408163265306,0.1020408163265306,0.0,0.5
2026-27,1022600120,2026-06-21,Jun,LVA,GSV,home,W,92,73,72.5,19,165,0,0,2,0,5,2,0,0,21.0,Stephanie Talbot,203855,-12,G,4,0,False,0,1,19.0,10.5,3.7,3.1,1.4,4,0,3.0,0.2857142857142857,0.23809523809523808,0.0,0.4
2026-27,1022600127,2026-06-23,Jun,LVA,NYL,home,L,76,87,77.5,-11,163,0,0,4,1,5,1,0,0,13.1,Stephanie Talbot,203855,-8,G,3,3,False,0,0,19.0,10.5,3.7,3.1,1.4,6,0,6.6,0.3816793893129771,0.3816793893129771,0.0,0.8
2026-27,1022600133,2026-06-25,Jun,LVA,DAL,home,W,99,84,84.0,15,183,0,0,1,0,1,0,0,0,16.3,Stephanie Talbot,203855,1,G,0,1,False,1,2,19.0,10.5,3.7,3.1,1.4,1,1,2.2,0.18404907975460122,0.06134969325153374,0.0,1.0
2026-27,1022600143,2026-06-28,Jun,LVA,CHI,away,W,107,99,86.0,8,206,0,0,1,0,2,1,2,1,20.1,Stephanie Talbot,203855,-8,G,3,1,True,2,1,19.0,10.5,3.7,3.1,1.4,4,2,9.2,0.19303482587064674,0.09950248756218905,1.0,0.5
2026-27,1022600149,2026-07-03,Jul,LVA,CHI,home,W,98,90,90.0,8,188,0,0,0,0,2,2,0,0,28.1,Stephanie Talbot,203855,30,F,4,5,True,2,1,19.0,10.5,3.7,3.1,1.4,9,2,15.0,0.10676156583629892,0.07117437722419928,0.0,0.0
2026-27,1022600153,2026-07-05,Jul,LVA,IND,home,L,68,84,72.5,-16,152,1,0,2,1,3,2,2,2,16.9,Stephanie Talbot,203855,-9,,7,4,False,0,0,19.0,10.5,3.7,3.1,1.4,12,0,13.3,0.22958579881656807,0.1775147928994083,0.6666666666666666,0.6666666666666666
2026-27,1022600164,2026-07-09,Jul,LVA,PDX,away,W,88,80,77.0,8,168,1,0,2,0,3,0,0,0,16.8,Stephanie Talbot,203855,-5,F,0,2,False,1,1,19.0,10.5,3.7,3.1,1.4,3,1,5.9,0.23809523809523808,0.17857142857142858,0.0,0.6666666666666666
2026-27,1022600003,2026-05-08,May,GSV,SEA,away,W,91,80,75.0,11,171,1,0,6,3,9,4,2,2,29.9,Kayla Thornton,203866,5,F,13,8,True,0,2,24.8,16.1,7.9,5.0,0.7000000000000001,22,0,22.1,0.3973244147157191,0.3010033444816054,0.2222222222222222,0.6666666666666666
2026-27,1022600011,2026-05-10,May,GSV,PHX,home,W,95,79,76.5,16,174,0,0,8,3,14,8,0,0,30.6,Kayla Thornton,203866,6,F,19,3,True,0,1,24.8,16.1,7.9,5.0,0.7000000000000001,22,0,21.6,0.49019607843137253,0.45751633986928103,0.0,0.5714285714285714
2026-27,1022600017,2026-05-13,May,GSV,CHI,home,L,63,69,75.5,-6,132,0,1,3,0,11,0,0,0,29.7,Kayla Thornton,203866,-2,F,0,6,True,0,0,24.8,16.1,7.9,5.0,0.7000000000000001,6,1,10.2,0.3703703703703704,0.3703703703703704,0.0,0.2727272727272727
2026-27,1022600035,2026-05-21,May,GSV,NYL,away,W,87,70,76.0,17,157,1,2,2,0,9,5,2,1,28.4,Kayla Thornton,203866,16,F,11,5,True,1,0,24.8,16.1,7.9,5.0,0.7000000000000001,17,3,27.5,0.347887323943662,0.31690140845070425,0.2222222222222222,0.2222222222222222
2026-27,1022600039,2026-05-22,May,GSV,IND,away,L,82,90,83.0,-8,172,0,0,2,1,5,3,3,3,27.2,Kayla Thornton,203866,-9,F,10,2,True,1,1,24.8,16.1,7.9,5.0,0.7000000000000001,12,1,14.4,0.2691176470588236,0.18382352941176472,0.6,0.4
2026-27,1022600048,2026-05-25,May,GSV,CON,home,W,97,70,80.0,27,167,2,0,4,1,6,1,2,2,16.4,Kayla Thornton,203866,26,F,5,8,False,3,2,24.8,16.1,7.9,5.0,0.7000000000000001,15,3,24.6,0.5414634146341464,0.3658536585365854,0.3333333333333333,0.6666666666666666
2026-27,1022600055,2026-05-28,May,GSV,IND,home,W,90,88,82.5,2,178,0,0,2,0,2,0,0,0,17.6,Kayla Thornton,203866,0,F,0,3,True,0,1,24.8,16.1,7.9,5.0,0.7000000000000001,3,0,2.5999999999999996,0.17045454545454544,0.11363636363636363,0.0,1.0
2026-27,1022600063,2026-05-31,May,GSV,LVA,home,L,81,91,80.0,-10,172,0,0,7,4,10,4,0,0,26.8,Kayla Thornton,203866,-10,F,12,4,True,2,0,24.8,16.1,7.9,5.0,0.7000000000000001,16,2,22.8,0.3731343283582089,0.3731343283582089,0.0,0.7
2026-27,1022600068,2026-06-02,Jun,GSV,PDX,home,W,95,77,73.5,18,172,0,1,10,5,13,6,2,2,26.5,Kayla Thornton,203866,21,F,19,8,True,1,1,24.8,16.1,7.9,5.0,0.7000000000000001,27,2,33.6,0.5615094339622642,0.49056603773584906,0.15384615384615385,0.7692307692307693
2026-27,1022600073,2026-06-04,Jun,GSV,MIN,away,L,84,87,75.5,-3,171,0,0,4,1,9,3,2,2,21.4,Kayla Thornton,203866,-8,F,9,5,True,0,0,24.8,16.1,7.9,5.0,0.7000000000000001,14,0,15.0,0.46168224299065425,0.42056074766355145,0.2222222222222222,0.4444444444444444
2026-27,1022600078,2026-06-06,Jun,GSV,LVA,away,L,79,84,76.5,-5,163,1,0,5,2,7,2,4,4,34.7,Kayla Thornton,203866,3,F,10,9,True,0,1,24.8,16.1,7.9,5.0,0.7000000000000001,20,0,21.299999999999997,0.2812680115273775,0.20172910662824206,0.5714285714285714,0.7142857142857143
2026-27,1022600088,2026-06-09,Jun,GSV,PHX,home,W,87,81,74.5,6,168,2,0,5,2,7,3,5,4,34.6,Kayla Thornton,203866,15,F,12,4,True,1,0,24.8,16.1,7.9,5.0,0.7000000000000001,18,1,22.8,0.2658959537572254,0.20231213872832368,0.7142857142857143,0.7142857142857143
2026-27,1022600096,2026-06-12,Jun,GSV,SEA,away,W,76,72,75.0,4,148,1,2,4,0,7,1,0,0,24.2,Kayla Thornton,203866,-8,F,2,4,True,1,1,24.8,16.1,7.9,5.0,0.7000000000000001,7,3,16.3,0.3305785123966942,0.2892561983471075,0.0,0.5714285714285714
2026-27,1022600105,2026-06-15,Jun,GSV,LAS,home,W,78,58,73.5,20,136,1,0,3,0,6,2,2,2,22.9,Kayla Thornton,203866,5,F,6,2,True,4,0,24.8,16.1,7.9,5.0,0.7000000000000001,9,4,21.9,0.30043668122270745,0.26200873362445415,0.3333333333333333,0.5
2026-27,1022600109,2026-06-17,Jun,GSV,DAL,home,W,91,80,77.5,11,171,2,1,5,2,7,2,2,2,28.5,Kayla Thornton,203866,19,F,8,11,True,0,0,24.8,16.1,7.9,5.0,0.7000000000000001,21,1,27.2,0.27649122807017545,0.24561403508771928,0.2857142857142857,0.7142857142857143
2026-27,1022600116,2026-06-19,Jun,GSV,MIN,home,L,75,81,78.5,-6,156,2,0,4,1,5,1,0,0,23.1,Kayla Thornton,203866,-2,F,3,6,True,1,0,24.8,16.1,7.9,5.0,0.7000000000000001,11,1,16.2,0.21645021645021645,0.21645021645021645,0.0,0.8
2026-27,1022600120,2026-06-21,Jun,GSV,LVA,away,L,73,92,72.5,-19,165,0,0,2,0,4,1,0,0,19.2,Kayla Thornton,203866,-10,F,2,5,True,0,1,24.8,16.1,7.9,5.0,0.7000000000000001,7,0,7.0,0.2604166666666667,0.20833333333333334,0.0,0.5
2026-27,1022600131,2026-06-24,Jun,GSV,ATL,home,W,77,66,73.5,11,143,1,0,10,5,12,6,2,0,32.4,Kayla Thornton,203866,15,F,17,5,True,0,1,24.8,16.1,7.9,5.0,0.7000000000000001,23,0,23.5,0.4283950617283951,0.3703703703703704,0.16666666666666666,0.8333333333333334
2026-27,1022600137,2026-06-26,Jun,GSV,ATL,home,W,78,75,81.0,3,153,0,0,3,0,5,0,0,0,18.6,Kayla Thornton,203866,4,F,0,2,False,0,0,24.8,16.1,7.9,5.0,0.7000000000000001,2,0,2.4,0.26881720430107525,0.26881720430107525,0.0,0.6
2026-27,1022600144,2026-06-28,Jun,GSV,NYL,home,W,76,67,69.0,9,143,0,0,5,2,7,4,1,1,26.1,Kayla Thornton,203866,17,F,11,4,True,0,2,24.8,16.1,7.9,5.0,0.7000000000000001,15,0,13.8,0.3616858237547893,0.2681992337164751,0.14285714285714285,0.7142857142857143
2026-27,1022600150,2026-07-04,Jul,GSV,ATL,away,W,88,83,79.0,5,171,1,0,4,0,7,1,0,0,23.5,Kayla Thornton,203866,18,F,2,4,True,1,0,24.8,16.1,7.9,5.0,0.7000000000000001,7,1,11.3,0.2978723404255319,0.2978723404255319,0.0,0.5714285714285714
2026-27,1022600154,2026-07-06,Jul,GSV,WAS,away,W,62,49,68.0,13,111,1,0,6,0,7,0,2,2,14.9,Kayla Thornton,203866,-1,F,2,0,False,0,0,24.8,16.1,7.9,5.0,0.7000000000000001,3,0,3.5,0.5288590604026845,0.4697986577181208,0.2857142857142857,0.8571428571428571
2026-27,1022600159,2026-07-08,Jul,GSV,TOR,away,W,83,75,76.0,8,158,0,1,5,3,6,4,4,4,25.1,Kayla Thornton,203866,3,F,15,9,True,1,2,24.8,16.1,7.9,5.0,0.7000000000000001,24,2,29.799999999999997,0.38884462151394417,0.2390438247011952,0.6666666666666666,0.8333333333333334
2026-27,1022600165,2026-07-10,Jul,GSV,CON,away,W,79,64,73.5,15,143,0,0,1,0,4,1,0,0,13.0,Kayla Thornton,203866,-3,F,2,4,False,1,2,24.8,16.1,7.9,5.0,0.7000000000000001,6,1,7.800000000000001,0.46153846153846156,0.3076923076923077,0.0,0.25
2026-27,1022600001,2026-05-08,May,NYL,CON,home,W,106,75,88.5,31,181,0,0,0,0,0,0,0,0,0.0,Rebecca Allen,204296,0,,0,0,False,0,0,10.6,14.5,1.9,1.1,0.5,0,0,0.0,,,,
2026-27,1022600008,2026-05-10,May,NYL,WAS,away,W,98,93,86.5,5,191,0,0,0,0,0,0,0,0,0.0,Rebecca Allen,204296,0,,0,0,False,0,0,10.6,14.5,1.9,1.1,0.5,0,0,0.0,,,,
2026-27,1022600020,2026-05-14,May,NYL,PDX,away,W,100,82,86.0,18,182,1,0,2,1,3,1,0,0,14.1,Rebecca Allen,204296,-11,,3,0,False,1,0,10.6,14.5,1.9,1.1,0.5,4,1,7.5,0.2127659574468085,0.2127659574468085,0.0,0.6666666666666666
2026-27,1022600035,2026-05-21,May,NYL,GSV,home,L,70,87,76.0,-17,157,2,0,3,1,5,1,2,2,17.1,Rebecca Allen,204296,-17,,5,4,False,0,2,10.6,14.5,1.9,1.1,0.5,11,0,10.8,0.46081871345029235,0.29239766081871343,0.4,0.6
2026-27,1022600045,2026-05-24,May,NYL,DAL,home,L,76,91,77.0,-15,167,0,0,0,0,0,0,0,0,0.0,Rebecca Allen,204296,0,,0,0,False,0,0,10.6,14.5,1.9,1.1,0.5,0,0,0.0,,,,
2026-27,1022600047,2026-05-25,May,NYL,PDX,home,L,74,81,78.0,-7,155,1,1,4,0,4,0,2,2,23.8,Rebecca Allen,204296,-5,,2,3,True,1,0,10.6,14.5,1.9,1.1,0.5,6,2,13.1,0.20504201680672268,0.1680672268907563,0.5,1.0
2026-27,1022600049,2026-05-27,May,NYL,PHX,home,W,84,74,77.5,10,158,0,0,3,0,5,0,2,2,12.5,Rebecca Allen,204296,8,,2,2,False,0,1,10.6,14.5,1.9,1.1,0.5,4,0,3.4000000000000004,0.5504,0.4,0.4,0.6
2026-27,1022600056,2026-05-29,May,NYL,PHX,home,W,75,68,76.0,7,143,0,0,0,0,0,0,0,0,2.8,Rebecca Allen,204296,2,,0,0,False,0,1,10.6,14.5,1.9,1.1,0.5,0,0,-1.0,0.35714285714285715,0.0,,
2026-27,1022600070,2026-06-03,Jun,NYL,TOR,home,W,97,82,78.5,15,179,0,0,0,0,0,0,0,0,0.0,Rebecca Allen,204296,0,,0,0,False,0,0,10.6,14.5,1.9,1.1,0.5,0,0,0.0,,,,
2026-27,1022600080,2026-06-06,Jun,NYL,IND,home,W,83,75,85.0,8,158,0,0,0,0,0,0,0,0,0.0,Rebecca Allen,204296,0,,0,0,False,0,0,10.6,14.5,1.9,1.1,0.5,0,0,0.0,,,,
2026-27,1022600083,2026-06-08,Jun,NYL,CON,away,W,89,80,82.0,9,169,0,0,0,0,0,0,0,0,0.0,Rebecca Allen,204296,0,,0,0,False,0,0,10.6,14.5,1.9,1.1,0.5,0,0,0.0,,,,
2026-27,1022600092,2026-06-11,Jun,NYL,ATL,away,W,104,90,80.5,14,194,0,0,0,0,0,0,0,0,0.0,Rebecca Allen,204296,0,,0,0,False,0,0,10.6,14.5,1.9,1.1,0.5,0,0,0.0,,,,
2026-27,1022600101,2026-06-14,Jun,NYL,WAS,home,W,86,64,78.5,22,150,0,0,0,0,0,0,0,0,0.0,Rebecca Allen,204296,0,,0,0,False,0,0,10.6,14.5,1.9,1.1,0.5,0,0,0.0,,,,
2026-27,1022600108,2026-06-17,Jun,NYL,CHI,away,W,96,95,80.5,1,191,0,0,0,0,0,0,0,0,0.0,Rebecca Allen,204296,0,,0,0,False,0,0,10.6,14.5,1.9,1.1,0.5,0,0,0.0,,,,
2026-27,1022600115,2026-06-19,Jun,NYL,WAS,home,L,83,86,79.0,-3,169,0,0,0,0,0,0,0,0,0.0,Rebecca Allen,204296,0,,0,0,False,0,0,10.6,14.5,1.9,1.1,0.5,0,0,0.0,,,,
2026-27,1022600122,2026-06-21,Jun,NYL,LAS,away,L,97,98,83.5,-1,195,0,0,1,1,1,1,0,0,6.0,Rebecca Allen,204296,-5,,3,0,False,0,0,10.6,14.5,1.9,1.1,0.5,3,0,3.0,0.16666666666666666,0.16666666666666666,0.0,1.0
2026-27,1022600127,2026-06-23,Jun,NYL,LVA,away,W,87,76,77.5,11,163,0,0,0,0,0,0,0,0,0.0,Rebecca Allen,204296,0,,0,0,False,0,0,10.6,14.5,1.9,1.1,0.5,0,0,0.0,,,,
2026-27,1022600134,2026-06-25,Jun,NYL,SEA,away,L,88,99,83.5,-11,187,0,0,0,0,0,0,0,0,0.0,Rebecca Allen,204296,0,,0,0,False,0,0,10.6,14.5,1.9,1.1,0.5,0,0,0.0,,,,
2026-27,1022600144,2026-06-28,Jun,NYL,GSV,away,L,67,76,69.0,-9,143,0,1,1,0,1,0,0,0,3.6,Rebecca Allen,204296,8,,0,0,False,0,0,10.6,14.5,1.9,1.1,0.5,0,1,3.0,0.2777777777777778,0.2777777777777778,0.0,1.0
2026-27,1022600148,2026-07-03,Jul,NYL,MIN,home,W,99,86,78.0,13,185,0,0,0,0,0,0,0,0,0.0,Rebecca Allen,204296,0,,0,0,False,0,0,10.6,14.5,1.9,1.1,0.5,0,0,0.0,,,,
2026-27,1022600157,2026-07-07,Jul,NYL,DAL,home,L,77,88,81.0,-11,165,0,1,0,0,0,0,0,0,4.0,Rebecca Allen,204296,7,,0,0,False,0,1,10.6,14.5,1.9,1.1,0.5,0,1,2.0,0.25,0.0,,
2026-27,1022600005,2026-05-09,May,LVA,PHX,home,L,66,99,83.0,-33,165,2,1,2,0,7,3,0,0,24.0,Jewell Loyd,204319,-22,,6,1,True,0,1,28.0,14.6,8.2,2.5,1.4,9,1,12.2,0.3333333333333333,0.2916666666666667,0.0,0.2857142857142857
2026-27,1022600009,2026-05-10,May,LVA,LAS,away,W,105,78,83.0,27,183,3,1,3,0,5,1,0,0,26.1,Jewell Loyd,204319,5,,2,4,True,1,1,28.0,14.6,8.2,2.5,1.4,9,2,16.3,0.22988505747126436,0.19157088122605362,0.0,0.6
2026-27,1022600016,2026-05-13,May,LVA,CON,away,W,98,69,83.0,29,167,1,0,8,3,11,4,0,0,27.6,Jewell Loyd,204319,22,,11,2,True,1,2,28.0,14.6,8.2,2.5,1.4,14,1,15.899999999999999,0.47101449275362317,0.39855072463768115,0.0,0.7272727272727273
2026-27,1022600021,2026-05-15,May,LVA,CON,away,W,101,94,84.5,7,195,1,0,3,1,4,2,2,1,26.9,Jewell Loyd,204319,-6,,6,4,True,1,1,28.0,14.6,8.2,2.5,1.4,11,1,14.3,0.21858736059479555,0.14869888475836432,0.5,0.75
2026-27,1022600026,2026-05-17,May,LVA,ATL,away,W,85,84,85.0,1,169,1,0,8,2,10,2,2,1,29.5,Jewell Loyd,204319,-11,,7,5,True,1,0,28.0,14.6,8.2,2.5,1.4,13,1,17.5,0.3688135593220339,0.3389830508474576,0.2,0.8
2026-27,1022600043,2026-05-23,May,LVA,LAS,home,L,95,101,84.0,-6,196,2,0,11,3,13,3,2,1,29.3,Jewell Loyd,204319,0,,10,0,True,0,1,28.0,14.6,8.2,2.5,1.4,12,0,12.0,0.5078498293515359,0.44368600682593856,0.15384615384615385,0.8461538461538461
2026-27,1022600054,2026-05-28,May,LVA,DAL,away,L,87,95,78.5,-8,182,1,1,5,2,6,3,2,1,27.8,Jewell Loyd,204319,-6,,9,2,True,0,0,28.0,14.6,8.2,2.5,1.4,12,1,15.9,0.24748201438848919,0.2158273381294964,0.3333333333333333,0.8333333333333334
2026-27,1022600078,2026-06-06,Jun,LVA,GSV,home,W,84,79,76.5,5,163,3,0,3,1,4,2,0,0,28.1,Jewell Loyd,204319,2,,5,5,True,1,1,28.0,14.6,8.2,2.5,1.4,13,1,17.5,0.1779359430604982,0.14234875444839856,0.0,0.75
2026-27,1022600085,2026-06-08,Jun,LVA,SEA,home,W,101,91,18.5,10,192,0,0,5,1,7,2,0,0,27.5,Jewell Loyd,204319,-7,,5,2,True,1,1,28.0,14.6,8.2,2.5,1.4,7,1,9.4,0.2909090909090909,0.2545454545454545,0.0,0.7142857142857143
2026-27,1022600094,2026-06-11,Jun,LVA,PDX,away,W,105,89,79.5,16,194,2,0,2,0,4,1,0,0,24.5,Jewell Loyd,204319,1,,2,2,True,3,1,28.0,14.6,8.2,2.5,1.4,6,3,15.399999999999999,0.20408163265306123,0.16326530612244897,0.0,0.5
2026-27,1022600098,2026-06-13,Jun,LVA,MIN,home,W,100,97,77.5,3,197,3,0,5,2,6,2,3,3,26.0,Jewell Loyd,204319,-7,,9,2,True,2,0,28.0,14.6,8.2,2.5,1.4,14,2,21.9,0.28153846153846157,0.23076923076923078,0.5,0.8333333333333334
2026-27,1022600103,2026-06-15,Jun,LVA,DAL,away,L,66,96,80.0,-30,162,0,0,9,5,14,8,0,0,31.2,Jewell Loyd,204319,-17,,21,2,True,1,2,28.0,14.6,8.2,2.5,1.4,23,1,24.4,0.5128205128205129,0.44871794871794873,0.0,0.6428571428571429
2026-27,1022600111,2026-06-17,Jun,LVA,PHX,away,W,86,76,77.0,10,162,1,0,5,0,7,0,0,0,24.3,Jewell Loyd,204319,10,,0,3,True,2,0,28.0,14.6,8.2,2.5,1.4,4,2,11.1,0.28806584362139914,0.28806584362139914,0.0,0.7142857142857143
2026-27,1022600120,2026-06-21,Jun,LVA,GSV,home,W,92,73,72.5,19,165,1,0,5,4,7,5,0,0,22.8,Jewell Loyd,204319,27,,14,3,True,1,2,28.0,14.6,8.2,2.5,1.4,18,1,20.1,0.39473684210526316,0.30701754385964913,0.0,0.7142857142857143
2026-27,1022600127,2026-06-23,Jun,LVA,NYL,home,L,76,87,77.5,-11,163,0,0,5,2,7,2,0,0,29.6,Jewell Loyd,204319,-6,,6,1,True,1,1,28.0,14.6,8.2,2.5,1.4,7,1,9.2,0.27027027027027023,0.23648648648648649,0.0,0.7142857142857143
2026-27,1022600133,2026-06-25,Jun,LVA,DAL,home,W,99,84,84.0,15,183,2,0,5,2,6,2,2,2,26.3,Jewell Loyd,204319,12,,8,2,True,1,1,28.0,14.6,8.2,2.5,1.4,12,1,15.399999999999999,0.29961977186311783,0.22813688212927757,0.3333333333333333,0.8333333333333334
2026-27,1022600143,2026-06-28,Jun,LVA,CHI,away,W,107,99,86.0,8,206,0,0,7,2,7,2,0,0,27.9,Jewell Loyd,204319,6,,6,1,True,2,0,28.0,14.6,8.2,2.5,1.4,7,2,13.2,0.2508960573476703,0.2508960573476703,0.0,1.0
2026-27,1022600149,2026-07-03,Jul,LVA,CHI,home,W,98,90,90.0,8,188,3,1,9,3,13,6,5,4,38.7,Jewell Loyd,204319,18,G,19,5,True,1,0,28.0,14.6,8.2,2.5,1.4,27,2,35.5,0.3927648578811369,0.33591731266149866,0.38461538461538464,0.6923076923076923
2026-27,1022600153,2026-07-05,Jul,LVA,IND,home,L,68,84,72.5,-16,152,1,0,5,2,9,3,5,4,31.9,Jewell Loyd,204319,-11,G,12,3,True,1,2,28.0,14.6,8.2,2.5,1.4,16,1,18.1,0.41379310344827586,0.2821316614420063,0.5555555555555556,0.5555555555555556
2026-27,1022600164,2026-07-09,Jul,LVA,PDX,away,W,88,80,77.0,8,168,0,0,4,2,6,2,0,0,29.3,Jewell Loyd,204319,4,,6,1,True,2,1,28.0,14.6,8.2,2.5,1.4,7,2,12.2,0.23890784982935154,0.20477815699658702,0.0,0.6666666666666666
2026-27,1022600006,2026-05-09,May,CHI,PDX,away,W,98,83,82.0,15,181,2,1,0,0,5,4,3,2,15.3,Elizabeth Williams,204322,12,,10,1,False,0,0,16.8,16.3,5.0,4.0,1.5,13,1,17.2,0.4130718954248366,0.32679738562091504,0.6,0.0
2026-27,1022600017,2026-05-13,May,CHI,GSV,away,W,69,63,75.5,6,132,0,1,0,0,2,1,2,0,13.2,Elizabeth Williams,204322,-1,,2,6,False,0,1,16.8,16.3,5.0,4.0,1.5,8,1,11.2,0.29393939393939394,0.15151515151515152,1.0,0.0
2026-27,1022600024,2026-05-15,May,CHI,PHX,away,L,83,91,83.0,-8,174,1,1,0,0,2,0,2,1,17.4,Elizabeth Williams,204322,-5,,1,4,False,0,1,16.8,16.3,5.0,4.0,1.5,6,1,9.3,0.22298850574712645,0.1149425287356322,1.0,0.0
2026-27,1022600025,2026-05-17,May,CHI,MIN,away,W,86,79,84.5,7,165,0,0,0,0,3,1,0,0,13.6,Elizabeth Williams,204322,-5,,2,8,False,0,2,16.8,16.3,5.0,4.0,1.5,10,0,9.6,0.36764705882352944,0.22058823529411764,0.0,0.0
2026-27,1022600033,2026-05-20,May,CHI,DAL,home,L,89,99,79.5,-10,188,1,2,0,0,4,2,2,1,18.2,Elizabeth Williams,204322,-6,,5,3,False,1,1,16.8,16.3,5.0,4.0,1.5,9,3,18.1,0.3230769230769231,0.21978021978021978,0.5,0.0
2026-27,1022600041,2026-05-23,May,CHI,MIN,home,L,75,85,86.5,-10,160,1,0,0,0,7,2,2,0,18.3,Elizabeth Williams,204322,1,,4,3,False,1,0,16.8,16.3,5.0,4.0,1.5,8,1,12.1,0.4306010928961748,0.3825136612021858,0.2857142857142857,0.0
2026-27,1022600050,2026-05-27,May,CHI,TOR,home,L,104,111,84.0,-7,215,3,1,0,0,6,4,6,3,22.9,Elizabeth Williams,204322,-8,,11,9,True,1,2,16.8,16.3,5.0,4.0,1.5,23,2,30.299999999999997,0.46462882096069874,0.26200873362445415,1.0,0.0
2026-27,1022600058,2026-05-29,May,CHI,MIN,home,L,58,79,86.0,-21,137,1,2,0,0,3,0,4,0,19.1,Elizabeth Williams,204322,-7,,0,5,False,0,1,16.8,16.3,5.0,4.0,1.5,6,2,12.5,0.3015706806282722,0.15706806282722513,1.3333333333333333,0.0
2026-27,1022600067,2026-06-02,Jun,CHI,WAS,away,L,72,90,82.5,-18,162,3,1,0,0,10,4,5,2,23.2,Elizabeth Williams,204322,-13,,10,6,True,2,0,16.8,16.3,5.0,4.0,1.5,19,3,30.7,0.5258620689655172,0.4310344827586207,0.5,0.0
2026-27,1022600074,2026-06-05,Jun,CHI,CON,home,W,85,80,77.0,5,165,3,1,0,0,8,5,2,0,20.9,Elizabeth Williams,204322,-2,,10,3,False,2,0,16.8,16.3,5.0,4.0,1.5,16,3,27.1,0.4248803827751197,0.3827751196172249,0.25,0.0
2026-27,1022600081,2026-06-07,Jun,CHI,TOR,away,L,68,85,84.5,-17,153,2,2,0,0,4,0,8,4,21.6,Elizabeth Williams,204322,-4,,4,3,True,1,0,16.8,16.3,5.0,4.0,1.5,9,3,19.6,0.3481481481481481,0.18518518518518517,2.0,0.0
2026-27,1022600086,2026-06-09,Jun,CHI,ATL,home,L,75,82,77.0,-7,157,2,0,0,0,8,3,2,1,20.1,Elizabeth Williams,204322,3,,7,3,False,0,2,16.8,16.3,5.0,4.0,1.5,12,0,11.6,0.5412935323383085,0.3980099502487562,0.25,0.0
2026-27,1022600091,2026-06-11,Jun,CHI,IND,away,L,106,114,96.5,-8,220,1,3,0,0,6,2,6,3,23.9,Elizabeth Williams,204322,2,,7,3,True,1,1,16.8,16.3,5.0,4.0,1.5,11,4,23.1,0.4033472803347281,0.2510460251046025,1.0,0.0
2026-27,1022600108,2026-06-17,Jun,CHI,NYL,home,L,95,96,80.5,-1,191,0,2,0,0,2,1,2,1,15.9,Elizabeth Williams,204322,-13,,3,3,False,0,0,16.8,16.3,5.0,4.0,1.5,6,2,12.6,0.1811320754716981,0.12578616352201258,1.0,0.0
2026-27,1022600119,2026-06-20,Jun,CHI,DAL,away,L,92,93,83.0,-1,185,1,1,0,0,2,2,2,0,11.0,Elizabeth Williams,204322,-3,,4,4,False,0,0,16.8,16.3,5.0,4.0,1.5,9,1,13.3,0.2618181818181818,0.18181818181818182,1.0,0.0
2026-27,1022600123,2026-06-22,Jun,CHI,CON,away,L,63,92,84.5,-29,155,2,0,0,0,3,0,6,2,14.9,Elizabeth Williams,204322,-18,,2,3,False,1,0,16.8,16.3,5.0,4.0,1.5,7,1,11.6,0.3785234899328859,0.20134228187919462,2.0,0.0
2026-27,1022600130,2026-06-24,Jun,CHI,PDX,home,W,101,78,79.5,23,179,0,1,0,0,3,1,0,0,13.0,Elizabeth Williams,204322,7,,2,2,False,0,1,16.8,16.3,5.0,4.0,1.5,4,1,6.4,0.3076923076923077,0.23076923076923078,0.0,0.0
2026-27,1022600136,2026-06-26,Jun,CHI,PDX,home,W,124,94,83.0,30,218,4,1,0,0,5,3,5,2,18.9,Elizabeth Williams,204322,27,,8,5,False,0,0,16.8,16.3,5.0,4.0,1.5,17,1,23.0,0.380952380952381,0.2645502645502646,1.0,0.0
2026-27,1022600143,2026-06-28,Jun,CHI,LVA,home,L,99,107,86.0,-8,206,1,0,0,0,7,5,1,0,10.1,Elizabeth Williams,204322,-1,,10,3,False,0,0,16.8,16.3,5.0,4.0,1.5,14,0,15.1,0.7366336633663367,0.6930693069306931,0.14285714285714285,0.0
2026-27,1022600149,2026-07-03,Jul,CHI,LVA,away,L,90,98,90.0,-8,188,2,1,0,0,4,2,2,1,18.0,Elizabeth Williams,204322,0,,5,4,False,0,0,16.8,16.3,5.0,4.0,1.5,11,1,15.8,0.2711111111111111,0.2222222222222222,0.5,0.0
2026-27,1022600158,2026-07-07,Jul,CHI,PHX,away,W,77,66,80.0,11,143,2,0,0,0,4,2,0,0,12.4,Elizabeth Williams,204322,10,,4,2,False,0,1,16.8,16.3,5.0,4.0,1.5,8,0,8.4,0.4032258064516129,0.3225806451612903,0.0,0.0
2026-27,1022600167,2026-07-10,Jul,CHI,LAS,away,L,87,102,87.0,-15,189,2,1,0,0,2,0,0,0,9.3,Elizabeth Williams,204322,-5,,0,5,False,0,3,16.8,16.3,5.0,4.0,1.5,7,1,9.0,0.5376344086021505,0.2150537634408602,0.0,0.0
2026-27,1022600005,2026-05-09,May,LVA,PHX,home,L,66,99,83.0,-33,165,0,0,1,0,3,1,0,0,12.3,Cheyenne Parker-Tyus,204323,-8,,2,4,False,0,2,10.7,20.0,4.9,2.3,0.7000000000000001,6,0,4.8,0.4065040650406504,0.24390243902439024,0.0,0.3333333333333333
2026-27,1022600009,2026-05-10,May,LVA,LAS,away,W,105,78,83.0,27,183,1,1,0,0,1,1,0,0,3.0,Cheyenne Parker-Tyus,204323,4,,2,0,False,1,0,10.7,20.0,4.9,2.3,0.7000000000000001,3,2,9.5,0.3333333333333333,0.3333333333333333,0.0,0.0
2026-27,1022600016,2026-05-13,May,LVA,CON,away,W,98,69,83.0,29,167,1,2,0,0,5,3,5,4,17.6,Cheyenne Parker-Tyus,204323,23,,10,5,False,1,1,10.7,20.0,4.9,2.3,0.7000000000000001,16,3,25.5,0.46590909090909083,0.28409090909090906,1.0,0.0
2026-27,1022600021,2026-05-15,May,LVA,CON,away,W,101,94,84.5,7,195,1,2,0,0,1,1,0,0,13.6,Cheyenne Parker-Tyus,204323,-9,,2,2,False,0,1,10.7,20.0,4.9,2.3,0.7000000000000001,5,2,10.9,0.14705882352941177,0.07352941176470588,0.0,0.0
2026-27,1022600026,2026-05-17,May,LVA,ATL,away,W,85,84,85.0,1,169,0,1,1,0,5,2,0,0,9.5,Cheyenne Parker-Tyus,204323,-3,,4,1,False,0,0,10.7,20.0,4.9,2.3,0.7000000000000001,5,1,8.2,0.5263157894736842,0.5263157894736842,0.0,0.2
2026-27,1022600043,2026-05-23,May,LVA,LAS,home,L,95,101,84.0,-6,196,0,0,0,0,0,0,0,0,0.0,Cheyenne Parker-Tyus,204323,0,,0,0,False,0,0,10.7,20.0,4.9,2.3,0.7000000000000001,0,0,0.0,,,,
2026-27,1022600054,2026-05-28,May,LVA,DAL,away,L,87,95,78.5,-8,182,0,0,1,1,5,3,2,2,8.0,Cheyenne Parker-Tyus,204323,7,,9,2,False,0,0,10.7,20.0,4.9,2.3,0.7000000000000001,11,0,11.4,0.735,0.625,0.4,0.2
2026-27,1022600063,2026-05-31,May,LVA,GSV,away,W,91,81,80.0,10,172,0,0,0,0,0,0,0,0,0.0,Cheyenne Parker-Tyus,204323,0,,0,0,False,0,0,10.7,20.0,4.9,2.3,0.7000000000000001,0,0,0.0,,,,
2026-27,1022600069,2026-06-02,Jun,LVA,LAS,away,W,79,69,78.5,10,148,2,1,0,0,4,2,2,1,8.1,Cheyenne Parker-Tyus,204323,10,,5,4,False,0,1,10.7,20.0,4.9,2.3,0.7000000000000001,11,1,14.8,0.725925925925926,0.4938271604938272,0.5,0.0
2026-27,1022600078,2026-06-06,Jun,LVA,GSV,home,W,84,79,76.5,5,163,0,0,0,0,0,0,0,0,0.0,Cheyenne Parker-Tyus,204323,0,,0,0,False,0,0,10.7,20.0,4.9,2.3,0.7000000000000001,0,0,0.0,,,,
2026-27,1022600085,2026-06-08,Jun,LVA,SEA,home,W,101,91,18.5,10,192,1,1,1,0,1,0,0,0,10.2,Cheyenne Parker-Tyus,204323,-8,,0,1,False,0,0,10.7,20.0,4.9,2.3,0.7000000000000001,2,1,5.7,0.09803921568627452,0.09803921568627452,0.0,1.0
2026-27,1022600094,2026-06-11,Jun,LVA,PDX,away,W,105,89,79.5,16,194,0,0,0,0,1,1,5,2,8.4,Cheyenne Parker-Tyus,204323,-5,,4,2,False,0,0,10.7,20.0,4.9,2.3,0.7000000000000001,6,0,6.4,0.38095238095238093,0.11904761904761904,5.0,0.0
2026-27,1022600098,2026-06-13,Jun,LVA,MIN,home,W,100,97,77.5,3,197,1,0,1,1,6,4,0,0,11.6,Cheyenne Parker-Tyus,204323,3,,9,2,False,0,0,10.7,20.0,4.9,2.3,0.7000000000000001,12,0,12.9,0.5172413793103449,0.5172413793103449,0.0,0.16666666666666666
2026-27,1022600103,2026-06-15,Jun,LVA,DAL,away,L,66,96,80.0,-30,162,3,1,1,0,5,1,2,2,17.6,Cheyenne Parker-Tyus,204323,-4,,4,5,False,1,1,10.7,20.0,4.9,2.3,0.7000000000000001,12,2,19.5,0.3909090909090909,0.28409090909090906,0.4,0.2
2026-27,1022600111,2026-06-17,Jun,LVA,PHX,away,W,86,76,77.0,10,162,0,1,0,0,2,1,0,0,3.7,Cheyenne Parker-Tyus,204323,-9,,2,1,False,0,0,10.7,20.0,4.9,2.3,0.7000000000000001,3,1,6.2,0.5405405405405405,0.5405405405405405,0.0,0.0
2026-27,1022600120,2026-06-21,Jun,LVA,GSV,home,W,92,73,72.5,19,165,0,0,0,0,0,0,0,0,3.8,Cheyenne Parker-Tyus,204323,-4,,0,2,False,0,0,10.7,20.0,4.9,2.3,0.7000000000000001,2,0,2.4,0.0,0.0,,
2026-27,1022600127,2026-06-23,Jun,LVA,NYL,home,L,76,87,77.5,-11,163,0,0,2,2,7,5,2,2,17.1,Cheyenne Parker-Tyus,204323,5,,14,6,False,1,0,10.7,20.0,4.9,2.3,0.7000000000000001,20,1,24.2,0.46081871345029235,0.4093567251461988,0.2857142857142857,0.2857142857142857
2026-27,1022600133,2026-06-25,Jun,LVA,DAL,home,W,99,84,84.0,15,183,3,1,0,0,7,4,6,5,17.1,Cheyenne Parker-Tyus,204323,9,,13,2,False,0,0,10.7,20.0,4.9,2.3,0.7000000000000001,18,1,22.9,0.5637426900584795,0.4093567251461988,0.8571428571428571,0.0
2026-27,1022600143,2026-06-28,Jun,LVA,CHI,away,W,107,99,86.0,8,206,0,0,0,0,1,0,0,0,4.0,Cheyenne Parker-Tyus,204323,-3,,0,1,False,0,0,10.7,20.0,4.9,2.3,0.7000000000000001,1,0,1.2,0.25,0.25,0.0,0.0
2026-27,1022600149,2026-07-03,Jul,LVA,CHI,home,W,98,90,90.0,8,188,1,2,2,0,6,1,5,3,20.2,Cheyenne Parker-Tyus,204323,-17,,5,3,False,3,2,10.7,20.0,4.9,2.3,0.7000000000000001,9,5,23.1,0.504950495049505,0.297029702970297,0.8333333333333334,0.3333333333333333
2026-27,1022600153,2026-07-05,Jul,LVA,IND,home,L,68,84,72.5,-16,152,0,0,2,0,5,3,4,3,13.4,Cheyenne Parker-Tyus,204323,1,C,9,0,False,0,1,10.7,20.0,4.9,2.3,0.7000000000000001,9,0,8.0,0.5791044776119403,0.3731343283582089,0.8,0.4
2026-27,1022600164,2026-07-09,Jul,LVA,PDX,away,W,88,80,77.0,8,168,0,0,0,0,0,0,0,0,4.8,Cheyenne Parker-Tyus,204323,-12,,0,0,False,0,2,10.7,20.0,4.9,2.3,0.7000000000000001,0,0,-2.0,0.4166666666666667,0.0,,
2026-27,1022600009,2026-05-10,May,LAS,LVA,home,L,78,105,83.0,-27,183,1,0,1,0,11,4,8,4,27.2,Dearica Hamby,204324,-16,F,12,5,True,0,3,29.3,21.0,14.8,7.7,2.3,18,0,16.5,0.6441176470588236,0.40441176470588236,0.7272727272727273,0.09090909090909091
2026-27,1022600018,2026-05-13,May,LAS,IND,home,L,78,87,82.0,-9,165,1,0,1,0,8,6,5,4,29.4,Dearica Hamby,204324,-10,C,16,8,True,2,4,29.3,21.0,14.8,7.7,2.3,25,2,29.1,0.48299319727891155,0.272108843537415,0.625,0.125
2026-27,1022600023,2026-05-15,May,LAS,TOR,home,W,99,95,80.0,4,194,4,0,0,0,10,8,3,3,32.0,Dearica Hamby,204324,6,C,19,7,True,0,2,29.3,21.0,14.8,7.7,2.3,30,0,31.4,0.41625,0.3125,0.3,0.0
2026-27,1022600028,2026-05-17,May,LAS,TOR,home,L,96,106,80.0,-10,202,3,0,2,1,11,7,8,6,30.8,Dearica Hamby,204324,-1,C,21,9,True,3,1,29.3,21.0,14.8,7.7,2.3,33,3,44.3,0.5038961038961038,0.35714285714285715,0.7272727272727273,0.18181818181818182
2026-27,1022600037,2026-05-21,May,LAS,PHX,away,W,97,88,81.0,9,185,3,0,3,2,11,7,11,11,29.6,Dearica Hamby,204324,13,C,27,15,True,1,0,29.3,21.0,14.8,7.7,2.3,45,1,52.5,0.5351351351351351,0.3716216216216216,1.0,0.2727272727272727
2026-27,1022600043,2026-05-23,May,LAS,LVA,away,W,101,95,84.0,6,196,4,0,2,1,12,6,4,3,35.9,Dearica Hamby,204324,0,C,16,5,True,1,3,29.3,21.0,14.8,7.7,2.3,25,1,28.0,0.46685236768802224,0.3342618384401114,0.3333333333333333,0.16666666666666666
2026-27,1022600057,2026-05-29,May,LAS,WAS,away,W,92,87,81.0,5,179,9,0,2,0,9,4,8,6,30.3,Dearica Hamby,204324,0,C,14,7,True,4,1,29.3,21.0,14.8,7.7,2.3,30,4,46.9,0.4462046204620462,0.297029702970297,0.8888888888888888,0.2222222222222222
2026-27,1022600061,2026-05-30,May,LAS,CON,away,L,81,84,83.0,-3,165,2,2,2,0,13,4,5,3,29.8,Dearica Hamby,204324,-4,C,11,7,True,1,2,29.3,21.0,14.8,7.7,2.3,20,3,29.4,0.5771812080536912,0.436241610738255,0.38461538461538464,0.15384615384615385
2026-27,1022600069,2026-06-02,Jun,LAS,LVA,home,L,69,79,78.5,-10,148,2,1,1,0,7,0,3,2,24.1,Dearica Hamby,204324,-12,C,2,6,False,0,0,29.3,21.0,14.8,7.7,2.3,10,1,15.2,0.34522821576763485,0.2904564315352697,0.42857142857142855,0.14285714285714285
2026-27,1022600075,2026-06-05,Jun,LAS,DAL,home,L,96,104,83.5,-8,200,1,0,0,0,8,6,4,3,30.0,Dearica Hamby,204324,-4,C,15,5,True,0,0,29.3,21.0,14.8,7.7,2.3,21,0,22.5,0.3253333333333333,0.26666666666666666,0.5,0.0
2026-27,1022600082,2026-06-07,Jun,LAS,PDX,home,W,89,72,81.0,17,161,0,1,1,0,14,8,10,6,30.3,Dearica Hamby,204324,12,C,22,12,True,2,0,29.3,21.0,14.8,7.7,2.3,34,3,45.4,0.6072607260726072,0.46204620462046203,0.7142857142857143,0.07142857142857142
2026-27,1022600090,2026-06-10,Jun,LAS,SEA,away,W,88,83,80.5,5,171,0,0,1,0,8,3,0,0,28.3,Dearica Hamby,204324,7,C,6,10,True,0,0,29.3,21.0,14.8,7.7,2.3,16,0,18.0,0.2826855123674912,0.2826855123674912,0.0,0.125
2026-27,1022600100,2026-06-13,Jun,LAS,PHX,away,W,111,102,88.5,9,213,0,0,0,0,7,3,3,2,28.4,Dearica Hamby,204324,-4,C,8,6,True,2,1,29.3,21.0,14.8,7.7,2.3,14,2,20.2,0.32816901408450705,0.24647887323943662,0.42857142857142855,0.0
2026-27,1022600105,2026-06-15,Jun,LAS,GSV,away,L,58,78,73.5,-20,136,3,0,0,0,5,3,0,0,26.7,Dearica Hamby,204324,-6,C,6,10,True,2,3,29.3,21.0,14.8,7.7,2.3,19,2,25.5,0.299625468164794,0.18726591760299627,0.0,0.0
2026-27,1022600110,2026-06-17,Jun,LAS,MIN,home,L,83,99,86.5,-16,182,2,1,1,1,6,5,3,1,25.4,Dearica Hamby,204324,-7,C,12,9,True,3,3,29.3,21.0,14.8,7.7,2.3,23,4,34.8,0.4062992125984252,0.2362204724409449,0.5,0.16666666666666666
2026-27,1022600122,2026-06-21,Jun,LAS,NYL,home,W,98,97,83.5,1,195,3,0,2,0,12,6,2,0,30.9,Dearica Hamby,204324,-2,C,12,8,True,1,2,29.3,21.0,14.8,7.7,2.3,23,1,27.1,0.4815533980582525,0.3883495145631068,0.16666666666666666,0.16666666666666666
2026-27,1022600132,2026-06-25,Jun,LAS,TOR,away,L,97,125,86.5,-28,222,0,0,3,1,13,7,7,6,28.5,Dearica Hamby,204324,-10,C,21,9,True,3,2,29.3,21.0,14.8,7.7,2.3,30,3,38.8,0.6343859649122806,0.45614035087719296,0.5384615384615384,0.23076923076923078
2026-27,1022600139,2026-06-27,Jun,LAS,IND,away,L,87,111,85.5,-24,198,4,0,1,0,14,6,4,3,25.6,Dearica Hamby,204324,-37,C,15,4,True,0,2,29.3,21.0,14.8,7.7,2.3,23,0,23.8,0.6937499999999999,0.546875,0.2857142857142857,0.07142857142857142
2026-27,1022600156,2026-07-06,Jul,LAS,SEA,home,L,64,82,85.0,-18,146,2,0,1,0,9,6,7,5,29.2,Dearica Hamby,204324,-14,C,17,4,True,1,3,29.3,21.0,14.8,7.7,2.3,23,1,24.8,0.5164383561643836,0.3082191780821918,0.7777777777777778,0.1111111111111111
2026-27,1022600161,2026-07-08,Jul,LAS,IND,home,W,106,92,91.5,14,198,2,0,1,0,15,8,6,5,33.5,Dearica Hamby,204324,18,C,21,9,True,4,3,29.3,21.0,14.8,7.7,2.3,32,4,43.8,0.6161194029850746,0.44776119402985076,0.4,0.06666666666666667
2026-27,1022600167,2026-07-10,Jul,LAS,CHI,home,W,102,87,87.0,15,189,3,1,1,1,13,7,4,2,30.0,Dearica Hamby,204324,12,C,17,7,True,3,1,29.3,21.0,14.8,7.7,2.3,27,4,40.9,0.5253333333333333,0.43333333333333335,0.3076923076923077,0.07692307692307693
2026-27,1022600003,2026-05-08,May,GSV,SEA,away,W,91,80,75.0,11,171,3,3,1,0,5,3,0,0,24.1,Kiah Stokes,204329,10,C,6,4,True,1,0,22.1,8.3,3.7,5.0,1.3,13,4,27.3,0.20746887966804978,0.20746887966804978,0.0,0.2
2026-27,1022600011,2026-05-10,May,GSV,PHX,home,W,95,79,76.5,16,174,0,0,1,0,2,0,2,1,12.8,Kiah Stokes,204329,-15,C,1,3,False,1,0,22.1,8.3,3.7,5.0,1.3,4,1,7.6,0.22499999999999998,0.15625,1.0,0.5
2026-27,1022600017,2026-05-13,May,GSV,CHI,home,L,63,69,75.5,-6,132,2,5,2,0,8,3,2,1,29.3,Kiah Stokes,204329,-2,C,7,11,True,0,0,22.1,8.3,3.7,5.0,1.3,20,5,38.2,0.3030716723549488,0.27303754266211605,0.25,0.25
2026-27,1022600035,2026-05-21,May,GSV,NYL,away,W,87,70,76.0,17,157,3,1,3,2,3,2,0,0,25.8,Kiah Stokes,204329,6,C,6,3,True,1,0,22.1,8.3,3.7,5.0,1.3,12,2,20.1,0.11627906976744186,0.11627906976744186,0.0,1.0
2026-27,1022600039,2026-05-22,May,GSV,IND,away,L,82,90,83.0,-8,172,1,1,1,0,4,1,0,0,23.0,Kiah Stokes,204329,-1,C,2,7,True,1,1,22.1,8.3,3.7,5.0,1.3,10,2,16.9,0.21739130434782608,0.17391304347826086,0.0,0.25
2026-27,1022600048,2026-05-25,May,GSV,CON,home,W,97,70,80.0,27,167,1,0,0,0,2,0,2,1,13.5,Kiah Stokes,204329,16,C,1,1,False,1,0,22.1,8.3,3.7,5.0,1.3,3,1,6.7,0.21333333333333332,0.14814814814814814,1.0,0.0
2026-27,1022600055,2026-05-28,May,GSV,IND,home,W,90,88,82.5,2,178,2,4,0,0,4,2,0,0,25.6,Kiah Stokes,204329,-2,C,4,4,True,0,2,22.1,8.3,3.7,5.0,1.3,10,4,21.8,0.234375,0.15625,0.0,0.0
2026-27,1022600063,2026-05-31,May,GSV,LVA,home,L,81,91,80.0,-10,172,0,0,1,0,2,0,0,0,23.7,Kiah Stokes,204329,-7,C,0,7,True,1,0,22.1,8.3,3.7,5.0,1.3,7,1,11.4,0.08438818565400844,0.08438818565400844,0.0,0.5
2026-27,1022600068,2026-06-02,Jun,GSV,PDX,home,W,95,77,73.5,18,172,1,3,3,2,3,2,0,0,20.1,Kiah Stokes,204329,8,C,6,5,False,2,0,22.1,8.3,3.7,5.0,1.3,12,5,28.5,0.14925373134328357,0.14925373134328357,0.0,1.0
2026-27,1022600073,2026-06-04,Jun,GSV,MIN,away,L,84,87,75.5,-3,171,1,3,2,1,5,3,0,0,20.6,Kiah Stokes,204329,-14,C,7,3,False,0,0,22.1,8.3,3.7,5.0,1.3,11,3,21.1,0.24271844660194172,0.24271844660194172,0.0,0.4
2026-27,1022600078,2026-06-06,Jun,GSV,LVA,away,L,79,84,76.5,-5,163,1,1,1,0,2,1,0,0,17.4,Kiah Stokes,204329,-11,C,2,4,False,0,1,22.1,8.3,3.7,5.0,1.3,7,1,10.3,0.1724137931034483,0.1149425287356322,0.0,0.5
2026-27,1022600088,2026-06-09,Jun,GSV,PHX,home,W,87,81,74.5,6,168,3,1,1,1,2,1,0,0,20.0,Kiah Stokes,204329,-4,C,3,4,False,0,1,22.1,8.3,3.7,5.0,1.3,10,1,14.3,0.15,0.1,0.0,0.5
2026-27,1022600096,2026-06-12,Jun,GSV,SEA,away,W,76,72,75.0,4,148,1,1,0,0,1,1,0,0,22.7,Kiah Stokes,204329,7,C,2,5,False,1,0,22.1,8.3,3.7,5.0,1.3,8,2,15.5,0.04405286343612335,0.04405286343612335,0.0,0.0
2026-27,1022600105,2026-06-15,Jun,GSV,LAS,home,W,78,58,73.5,20,136,1,2,1,1,1,1,2,1,30.3,Kiah Stokes,204329,15,C,4,7,True,2,1,22.1,8.3,3.7,5.0,1.3,12,4,24.9,0.09504950495049505,0.033003300330033,2.0,1.0
2026-27,1022600109,2026-06-17,Jun,GSV,DAL,home,W,91,80,77.5,11,171,0,1,0,0,2,1,0,0,20.7,Kiah Stokes,204329,2,C,2,7,False,0,1,22.1,8.3,3.7,5.0,1.3,9,1,12.4,0.14492753623188406,0.0966183574879227,0.0,0.0
2026-27,1022600116,2026-06-19,Jun,GSV,MIN,home,L,75,81,78.5,-6,156,0,0,1,0,2,1,0,0,18.6,Kiah Stokes,204329,0,C,2,6,False,0,0,22.1,8.3,3.7,5.0,1.3,8,0,9.2,0.1075268817204301,0.1075268817204301,0.0,0.5
2026-27,1022600120,2026-06-21,Jun,GSV,LVA,away,L,73,92,72.5,-19,165,3,0,1,0,4,1,1,0,20.8,Kiah Stokes,204329,-21,C,2,3,True,2,0,22.1,8.3,3.7,5.0,1.3,8,2,16.1,0.21346153846153848,0.1923076923076923,0.25,0.25
2026-27,1022600131,2026-06-24,Jun,GSV,ATL,home,W,77,66,73.5,11,143,2,3,1,0,1,0,2,1,24.3,Kiah Stokes,204329,-6,C,1,5,True,1,1,22.1,8.3,3.7,5.0,1.3,8,4,21.0,0.11851851851851851,0.0411522633744856,2.0,1.0
2026-27,1022600137,2026-06-26,Jun,GSV,ATL,home,W,78,75,81.0,3,153,0,7,4,2,7,5,2,1,29.9,Kiah Stokes,204329,7,C,13,4,True,0,2,22.1,8.3,3.7,5.0,1.3,17,7,36.8,0.33043478260869563,0.23411371237458195,0.2857142857142857,0.5714285714285714
2026-27,1022600144,2026-06-28,Jun,GSV,NYL,home,W,76,67,69.0,9,143,1,2,1,0,1,0,2,1,22.7,Kiah Stokes,204329,4,C,1,4,True,2,0,22.1,8.3,3.7,5.0,1.3,6,4,19.3,0.0828193832599119,0.04405286343612335,2.0,1.0
2026-27,1022600150,2026-07-04,Jul,GSV,ATL,away,W,88,83,79.0,5,171,1,2,2,1,4,2,0,0,22.3,Kiah Stokes,204329,5,C,5,7,True,3,1,22.1,8.3,3.7,5.0,1.3,13,5,28.9,0.22421524663677128,0.17937219730941703,0.0,0.5
2026-27,1022600154,2026-07-06,Jul,GSV,WAS,away,W,62,49,68.0,13,111,2,3,4,2,4,2,0,0,27.5,Kiah Stokes,204329,15,C,6,9,True,1,0,22.1,8.3,3.7,5.0,1.3,17,4,31.799999999999997,0.14545454545454545,0.14545454545454545,0.0,1.0
2026-27,1022600159,2026-07-08,Jul,GSV,TOR,away,W,83,75,76.0,8,158,0,1,1,0,2,0,0,0,14.5,Kiah Stokes,204329,-3,C,0,3,False,0,2,22.1,8.3,3.7,5.0,1.3,3,1,4.6,0.27586206896551724,0.13793103448275862,0.0,0.5
2026-27,1022600165,2026-07-10,Jul,GSV,CON,away,W,79,64,73.5,15,143,2,0,3,1,4,2,0,0,20.3,Kiah Stokes,204329,6,C,5,4,True,0,0,22.1,8.3,3.7,5.0,1.3,11,0,12.8,0.19704433497536944,0.19704433497536944,0.0,0.75
2026-27,1022600031,2026-05-19,May,TOR,PHX,away,W,98,90,82.5,8,188,0,0,0,0,0,0,0,0,0.0,Isabelle Harrison,204330,0,,0,0,False,0,0,24.8,23.8,13.9,6.3,1.8,0,0,0.0,,,,
2026-27,1022600036,2026-05-21,May,TOR,MIN,away,L,72,100,77.5,-28,172,0,0,0,0,0,0,0,0,0.0,Isabelle Harrison,204330,0,,0,0,False,0,0,24.8,23.8,13.9,6.3,1.8,0,0,0.0,,,,
2026-27,1022600042,2026-05-23,May,TOR,PDX,home,L,80,99,80.0,-19,179,0,0,0,0,0,0,0,0,0.0,Isabelle Harrison,204330,0,,0,0,False,0,0,24.8,23.8,13.9,6.3,1.8,0,0,0.0,,,,
2026-27,1022600050,2026-05-27,May,TOR,CHI,away,W,111,104,84.0,7,215,0,0,0,0,0,0,0,0,0.0,Isabelle Harrison,204330,0,,0,0,False,0,0,24.8,23.8,13.9,6.3,1.8,0,0,0.0,,,,
2026-27,1022600060,2026-05-30,May,TOR,SEA,home,W,93,72,82.0,21,165,0,0,0,0,0,0,0,0,0.0,Isabelle Harrison,204330,0,,0,0,False,0,0,24.8,23.8,13.9,6.3,1.8,0,0,0.0,,,,
2026-27,1022600070,2026-06-03,Jun,TOR,NYL,away,L,82,97,78.5,-15,179,0,0,0,0,0,0,0,0,0.0,Isabelle Harrison,204330,0,,0,0,False,0,0,24.8,23.8,13.9,6.3,1.8,0,0,0.0,,,,
2026-27,1022600081,2026-06-07,Jun,TOR,CHI,home,W,85,68,84.5,17,153,2,0,2,2,9,6,1,0,17.1,Isabelle Harrison,204330,15,,14,6,False,1,0,24.8,23.8,13.9,6.3,1.8,22,1,27.2,0.5520467836257309,0.5263157894736842,0.1111111111111111,0.2222222222222222
2026-27,1022600089,2026-06-10,Jun,TOR,CON,home,W,106,102,89.5,4,208,2,0,1,0,5,1,8,3,13.4,Isabelle Harrison,204330,-3,,5,3,False,0,0,24.8,23.8,13.9,6.3,1.8,10,0,11.6,0.635820895522388,0.3731343283582089,1.6,0.2
2026-27,1022600095,2026-06-12,Jun,TOR,WAS,away,L,85,86,84.5,-1,171,3,1,1,0,7,4,0,0,28.3,Isabelle Harrison,204330,9,C,8,6,True,4,0,24.8,23.8,13.9,6.3,1.8,17,5,34.7,0.24734982332155475,0.24734982332155475,0.0,0.14285714285714285
2026-27,1022600102,2026-06-14,Jun,TOR,ATL,home,L,77,102,81.0,-25,179,0,2,5,2,11,6,3,3,19.0,Isabelle Harrison,204330,-11,C,17,3,False,1,3,24.8,23.8,13.9,6.3,1.8,20,3,26.6,0.8063157894736842,0.5789473684210527,0.2727272727272727,0.45454545454545453
2026-27,1022600106,2026-06-16,Jun,TOR,IND,away,L,91,113,88.5,-22,204,2,0,5,2,12,4,2,1,26.3,Isabelle Harrison,204330,-9,C,11,8,True,3,0,24.8,23.8,13.9,6.3,1.8,21,3,32.6,0.48973384030418254,0.45627376425855515,0.16666666666666666,0.4166666666666667
2026-27,1022600114,2026-06-19,Jun,TOR,CON,away,W,101,97,84.0,4,198,5,1,3,2,14,5,3,3,30.4,Isabelle Harrison,204330,2,F,15,6,True,0,1,24.8,23.8,13.9,6.3,1.8,26,1,31.700000000000003,0.5368421052631579,0.46052631578947373,0.21428571428571427,0.21428571428571427
2026-27,1022600124,2026-06-22,Jun,TOR,ATL,away,L,87,94,84.5,-7,181,2,1,4,1,16,7,7,6,31.6,Isabelle Harrison,204330,-10,F,21,10,True,1,1,24.8,23.8,13.9,6.3,1.8,33,2,41.0,0.6354430379746835,0.5063291139240506,0.4375,0.25
2026-27,1022600132,2026-06-25,Jun,TOR,LAS,home,W,125,97,86.5,28,222,2,2,1,1,4,4,0,0,20.9,Isabelle Harrison,204330,10,F,9,6,True,0,2,24.8,23.8,13.9,6.3,1.8,17,2,23.2,0.28708133971291866,0.19138755980861244,0.0,0.25
2026-27,1022600138,2026-06-27,Jun,TOR,PHX,home,L,80,89,78.5,-9,169,0,1,1,0,11,5,2,2,27.0,Isabelle Harrison,204330,-6,F,12,7,True,0,3,24.8,23.8,13.9,6.3,1.8,19,1,20.4,0.5511111111111111,0.4074074074074074,0.18181818181818182,0.09090909090909091
2026-27,1022600152,2026-07-05,Jul,TOR,DAL,home,L,76,89,76.0,-13,165,1,1,1,0,10,5,4,3,26.9,Isabelle Harrison,204330,-13,F,13,5,True,1,3,24.8,23.8,13.9,6.3,1.8,19,2,23.5,0.5486988847583644,0.3717472118959108,0.4,0.1
2026-27,1022600159,2026-07-08,Jul,TOR,GSV,home,L,75,83,76.0,-8,158,2,0,2,1,17,10,3,3,30.5,Isabelle Harrison,204330,-13,F,24,8,True,0,4,24.8,23.8,13.9,6.3,1.8,34,0,32.6,0.7318032786885246,0.5573770491803278,0.17647058823529413,0.11764705882352941
2026-27,1022600166,2026-07-10,Jul,TOR,DAL,home,L,95,108,78.5,-13,203,1,1,3,2,10,8,2,0,26.4,Isabelle Harrison,204330,-13,C,18,8,True,0,1,24.8,23.8,13.9,6.3,1.8,27,1,31.1,0.45000000000000007,0.3787878787878788,0.2,0.3
2026-27,1022600017,2026-05-13,May,CHI,GSV,away,W,69,63,75.5,6,132,0,0,3,1,7,3,0,0,17.9,Natasha Cloud,204333,-2,,7,4,False,0,3,27.2,17.0,9.3,3.4,4.3,11,0,8.8,0.558659217877095,0.3910614525139665,0.0,0.42857142857142855
2026-27,1022600024,2026-05-15,May,CHI,PHX,away,L,83,91,83.0,-8,174,7,0,2,0,8,3,3,1,23.0,Natasha Cloud,204333,-11,,7,3,True,2,1,27.2,17.0,9.3,3.4,4.3,17,2,26.1,0.44869565217391305,0.34782608695652173,0.375,0.25
2026-27,1022600025,2026-05-17,May,CHI,MIN,away,W,86,79,84.5,7,165,7,0,3,1,9,5,2,0,31.7,Natasha Cloud,204333,13,G,11,6,True,0,4,27.2,17.0,9.3,3.4,4.3,24,0,24.7,0.43785488958990537,0.28391167192429023,0.2222222222222222,0.3333333333333333
2026-27,1022600033,2026-05-20,May,CHI,DAL,home,L,89,99,79.5,-10,188,5,1,5,1,12,6,8,8,35.0,Natasha Cloud,204333,-7,F,21,8,True,1,4,27.2,17.0,9.3,3.4,4.3,34,2,40.1,0.5577142857142857,0.34285714285714286,0.6666666666666666,0.4166666666666667
2026-27,1022600041,2026-05-23,May,CHI,MIN,home,L,75,85,86.5,-10,160,1,1,2,0,6,2,3,2,32.4,Natasha Cloud,204333,-7,F,6,2,True,1,3,27.2,17.0,9.3,3.4,4.3,9,2,12.9,0.31851851851851853,0.1851851851851852,0.5,0.3333333333333333
2026-27,1022600050,2026-05-27,May,CHI,TOR,home,L,104,111,84.0,-7,215,9,0,3,2,8,7,2,2,31.0,Natasha Cloud,204333,0,F,18,5,True,1,3,27.2,17.0,9.3,3.4,4.3,32,1,37.5,0.3832258064516129,0.25806451612903225,0.25,0.375
2026-27,1022600058,2026-05-29,May,CHI,MIN,home,L,58,79,86.0,-21,137,2,1,5,1,7,1,4,3,30.8,Natasha Cloud,204333,-22,F,6,4,True,2,2,27.2,17.0,9.3,3.4,4.3,12,3,20.8,0.34935064935064936,0.22727272727272727,0.5714285714285714,0.7142857142857143
2026-27,1022600067,2026-06-02,Jun,CHI,WAS,away,L,72,90,82.5,-18,162,3,0,1,0,4,0,0,0,24.0,Natasha Cloud,204333,-19,F,0,0,True,0,4,27.2,17.0,9.3,3.4,4.3,3,0,0.5,0.3333333333333333,0.16666666666666666,0.0,0.25
2026-27,1022600074,2026-06-05,Jun,CHI,CON,home,W,85,80,77.0,5,165,5,0,2,2,6,4,3,3,26.0,Natasha Cloud,204333,5,,13,0,True,2,3,27.2,17.0,9.3,3.4,4.3,18,2,23.5,0.39692307692307693,0.23076923076923078,0.5,0.3333333333333333
2026-27,1022600081,2026-06-07,Jun,CHI,TOR,away,L,68,85,84.5,-17,153,3,1,3,1,7,2,2,1,26.7,Natasha Cloud,204333,-6,,6,4,True,0,3,27.2,17.0,9.3,3.4,4.3,13,1,15.3,0.40749063670411984,0.2621722846441948,0.2857142857142857,0.42857142857142855
2026-27,1022600086,2026-06-09,Jun,CHI,ATL,home,L,75,82,77.0,-7,157,4,2,3,1,7,4,10,9,30.1,Natasha Cloud,204333,-3,,18,6,True,2,0,27.2,17.0,9.3,3.4,4.3,28,4,43.2,0.3787375415282392,0.23255813953488372,1.4285714285714286,0.42857142857142855
2026-27,1022600091,2026-06-11,Jun,CHI,IND,away,L,106,114,96.5,-8,220,5,0,1,0,7,3,0,0,33.7,Natasha Cloud,204333,-6,,6,4,True,0,5,27.2,17.0,9.3,3.4,4.3,15,0,13.3,0.35608308605341243,0.20771513353115725,0.0,0.14285714285714285
2026-27,1022600108,2026-06-17,Jun,CHI,NYL,home,L,95,96,80.5,-1,191,4,0,2,1,7,3,4,4,27.6,Natasha Cloud,204333,-2,,11,3,True,2,0,27.2,17.0,9.3,3.4,4.3,18,2,26.6,0.3173913043478261,0.25362318840579706,0.5714285714285714,0.2857142857142857
2026-27,1022600119,2026-06-20,Jun,CHI,DAL,away,L,92,93,83.0,-1,185,6,0,6,2,10,3,2,2,24.7,Natasha Cloud,204333,-2,,10,6,False,1,1,27.2,17.0,9.3,3.4,4.3,22,1,28.2,0.4809716599190284,0.4048582995951417,0.2,0.6
2026-27,1022600123,2026-06-22,Jun,CHI,CON,away,L,63,92,84.5,-29,155,0,0,4,0,6,1,2,2,21.3,Natasha Cloud,204333,-27,,4,1,True,0,2,27.2,17.0,9.3,3.4,4.3,5,0,3.2,0.41690140845070417,0.28169014084507044,0.3333333333333333,0.6666666666666666
2026-27,1022600130,2026-06-24,Jun,CHI,PDX,home,W,101,78,79.5,23,179,4,0,1,1,3,3,2,2,20.7,Natasha Cloud,204333,26,,9,4,False,0,2,27.2,17.0,9.3,3.4,4.3,17,0,17.8,0.28405797101449276,0.14492753623188406,0.6666666666666666,0.3333333333333333
2026-27,1022600136,2026-06-26,Jun,CHI,PDX,home,W,124,94,83.0,30,218,4,2,2,0,3,1,0,0,18.1,Natasha Cloud,204333,12,,2,1,False,1,2,27.2,17.0,9.3,3.4,4.3,7,3,16.2,0.2762430939226519,0.16574585635359115,0.0,0.6666666666666666
2026-27,1022600143,2026-06-28,Jun,CHI,LVA,home,L,99,107,86.0,-8,206,4,0,2,1,4,2,2,1,22.6,Natasha Cloud,204333,-6,,6,2,True,0,2,27.2,17.0,9.3,3.4,4.3,12,0,12.4,0.30442477876106194,0.17699115044247787,0.5,0.5
2026-27,1022600149,2026-07-03,Jul,CHI,LVA,away,L,90,98,90.0,-8,188,5,0,4,2,8,4,6,5,34.4,Natasha Cloud,204333,-2,,15,3,True,2,2,27.2,17.0,9.3,3.4,4.3,23,2,30.1,0.3674418604651163,0.23255813953488372,0.75,0.5
2026-27,1022600158,2026-07-07,Jul,CHI,PHX,away,W,77,66,80.0,11,143,6,0,7,3,8,3,2,2,32.0,Natasha Cloud,204333,8,F,11,4,True,2,1,27.2,17.0,9.3,3.4,4.3,21,2,29.8,0.30875,0.25,0.25,0.875
2026-27,1022600167,2026-07-10,Jul,CHI,LAS,away,L,87,102,87.0,-15,189,7,0,5,1,11,2,6,4,26.7,Natasha Cloud,204333,-16,F,9,2,True,2,1,27.2,17.0,9.3,3.4,4.3,18,2,26.9,0.5483146067415731,0.41198501872659177,0.5454545454545454,0.45454545454545453
2026-27,1022600001,2026-05-08,May,NYL,CON,home,W,106,75,88.5,31,181,4,0,3,0,7,4,4,4,28.5,Betnijah Laney-Hamilton,204335,15,F,12,2,True,0,2,17.4,16.8,4.9,1.9,1.5,18,0,18.4,0.3775438596491228,0.24561403508771928,0.5714285714285714,0.42857142857142855
2026-27,1022600008,2026-05-10,May,NYL,WAS,away,W,98,93,86.5,5,191,0,1,0,0,0,0,4,3,25.2,Betnijah Laney-Hamilton,204335,12,F,3,2,False,0,0,17.4,16.8,4.9,1.9,1.5,5,1,8.4,0.06984126984126984,0.0,,
2026-27,1022600014,2026-05-12,May,NYL,PDX,away,L,96,98,79.0,-2,194,3,0,6,2,7,3,2,2,24.5,Betnijah Laney-Hamilton,204335,-11,F,10,3,True,0,4,17.4,16.8,4.9,1.9,1.5,16,0,14.100000000000001,0.48489795918367345,0.2857142857142857,0.2857142857142857,0.8571428571428571
2026-27,1022600020,2026-05-14,May,NYL,PDX,away,W,100,82,86.0,18,182,2,0,5,2,6,3,0,0,17.1,Betnijah Laney-Hamilton,204335,12,F,8,2,False,1,0,17.4,16.8,4.9,1.9,1.5,12,1,16.4,0.3508771929824561,0.3508771929824561,0.0,0.8333333333333334
2026-27,1022600049,2026-05-27,May,NYL,PHX,home,W,84,74,77.5,10,158,2,0,1,1,5,2,2,2,12.8,Betnijah Laney-Hamilton,204335,15,,7,0,False,1,0,17.4,16.8,4.9,1.9,1.5,9,1,13.0,0.459375,0.390625,0.4,0.2
2026-27,1022600056,2026-05-29,May,NYL,PHX,home,W,75,68,76.0,7,143,2,0,5,2,6,3,6,5,15.3,Betnijah Laney-Hamilton,204335,2,,13,3,False,2,1,17.4,16.8,4.9,1.9,1.5,18,2,24.6,0.6300653594771242,0.39215686274509803,1.0,0.8333333333333334
2026-27,1022600070,2026-06-03,Jun,NYL,TOR,home,W,97,82,78.5,15,179,3,0,2,0,3,0,2,1,16.7,Betnijah Laney-Hamilton,204335,9,,1,0,False,1,2,17.4,16.8,4.9,1.9,1.5,4,1,6.5,0.35209580838323357,0.17964071856287425,0.6666666666666666,0.6666666666666666
2026-27,1022600080,2026-06-06,Jun,NYL,IND,home,W,83,75,85.0,8,158,0,0,0,0,5,1,0,0,11.7,Betnijah Laney-Hamilton,204335,-2,,2,1,False,0,1,17.4,16.8,4.9,1.9,1.5,3,0,2.2,0.5128205128205129,0.4273504273504274,0.0,0.0
2026-27,1022600083,2026-06-08,Jun,NYL,CON,away,W,89,80,82.0,9,169,0,0,3,1,6,3,6,4,18.3,Betnijah Laney-Hamilton,204335,0,,11,5,False,0,3,17.4,16.8,4.9,1.9,1.5,16,0,14.0,0.6360655737704918,0.32786885245901637,1.0,0.5
2026-27,1022600092,2026-06-11,Jun,NYL,ATL,away,W,104,90,80.5,14,194,3,0,2,0,2,0,0,0,14.0,Betnijah Laney-Hamilton,204335,11,,0,1,False,0,0,17.4,16.8,4.9,1.9,1.5,4,0,5.7,0.14285714285714285,0.14285714285714285,0.0,1.0
2026-27,1022600101,2026-06-14,Jun,NYL,WAS,home,W,86,64,78.5,22,150,1,1,0,0,4,2,0,0,11.3,Betnijah Laney-Hamilton,204335,14,,4,2,False,0,3,17.4,16.8,4.9,1.9,1.5,7,1,7.9,0.6194690265486725,0.35398230088495575,0.0,0.0
2026-27,1022600122,2026-06-21,Jun,NYL,LAS,away,L,97,98,83.5,-1,195,0,0,0,0,0,0,0,0,0.0,Betnijah Laney-Hamilton,204335,0,,0,0,False,0,0,17.4,16.8,4.9,1.9,1.5,0,0,0.0,,,,
2026-27,1022600127,2026-06-23,Jun,NYL,LVA,away,W,87,76,77.5,11,163,1,1,3,0,3,0,0,0,17.4,Betnijah Laney-Hamilton,204335,-2,,0,3,False,0,2,17.4,16.8,4.9,1.9,1.5,4,1,6.1,0.2873563218390805,0.1724137931034483,0.0,1.0
2026-27,1022600134,2026-06-25,Jun,NYL,SEA,away,L,88,99,83.5,-11,187,0,0,4,1,5,1,0,0,21.3,Betnijah Laney-Hamilton,204335,-11,F,3,5,True,0,3,17.4,16.8,4.9,1.9,1.5,8,0,6.0,0.3755868544600939,0.2347417840375587,0.0,0.8
2026-27,1022600144,2026-06-28,Jun,NYL,GSV,away,L,67,76,69.0,-9,143,1,0,0,0,0,0,0,0,12.7,Betnijah Laney-Hamilton,204335,-12,,0,0,False,0,1,17.4,16.8,4.9,1.9,1.5,1,0,0.5,0.07874015748031496,0.0,,
2026-27,1022600148,2026-07-03,Jul,NYL,MIN,home,W,99,86,78.0,13,185,0,0,0,0,0,0,0,0,0.0,Betnijah Laney-Hamilton,204335,0,,0,0,False,0,0,17.4,16.8,4.9,1.9,1.5,0,0,0.0,,,,
2026-27,1022600157,2026-07-07,Jul,NYL,DAL,home,L,77,88,81.0,-11,165,1,0,1,0,5,0,0,0,14.6,Betnijah Laney-Hamilton,204335,-9,,0,0,False,0,0,17.4,16.8,4.9,1.9,1.5,1,0,1.5,0.3424657534246575,0.3424657534246575,0.0,0.2
2026-27,1022600009,2026-05-10,May,LAS,LVA,home,L,78,105,83.0,-27,183,1,0,6,0,11,1,0,0,18.0,Erica Wheeler,204365,-21,,2,1,False,3,0,27.3,16.8,8.0,1.8,5.0,4,3,13.7,0.6111111111111112,0.6111111111111112,0.0,0.5454545454545454
2026-27,1022600018,2026-05-13,May,LAS,IND,home,L,78,87,82.0,-9,165,4,0,1,0,5,1,0,0,21.0,Erica Wheeler,204365,3,,2,1,True,2,0,27.3,16.8,8.0,1.8,5.0,7,2,15.2,0.23809523809523808,0.23809523809523808,0.0,0.2
2026-27,1022600023,2026-05-15,May,LAS,TOR,home,W,99,95,80.0,4,194,7,0,4,2,5,3,2,2,32.6,Erica Wheeler,204365,16,G,10,2,True,1,3,27.3,16.8,8.0,1.8,5.0,19,1,22.9,0.2723926380368098,0.15337423312883436,0.4,0.8
2026-27,1022600028,2026-05-17,May,LAS,TOR,home,L,96,106,80.0,-10,202,7,1,3,0,9,1,3,2,30.2,Erica Wheeler,204365,-4,G,4,2,True,1,3,27.3,16.8,8.0,1.8,5.0,13,2,19.9,0.4410596026490066,0.2980132450331126,0.3333333333333333,0.3333333333333333
2026-27,1022600037,2026-05-21,May,LAS,PHX,away,W,97,88,81.0,9,185,4,0,2,1,4,2,0,0,26.1,Erica Wheeler,204365,-3,G,5,1,True,0,2,27.3,16.8,8.0,1.8,5.0,10,0,10.2,0.22988505747126436,0.1532567049808429,0.0,0.5
2026-27,1022600043,2026-05-23,May,LAS,LVA,away,W,101,95,84.0,6,196,6,0,3,2,7,4,0,0,33.7,Erica Wheeler,204365,15,G,10,7,True,2,2,27.3,16.8,8.0,1.8,5.0,23,2,31.4,0.2670623145400593,0.20771513353115725,0.0,0.42857142857142855
2026-27,1022600057,2026-05-29,May,LAS,WAS,away,W,92,87,81.0,5,179,8,0,4,1,16,8,4,4,35.5,Erica Wheeler,204365,8,G,21,2,True,1,4,27.3,16.8,8.0,1.8,5.0,31,1,34.4,0.6129577464788732,0.4507042253521127,0.25,0.25
2026-27,1022600061,2026-05-30,May,LAS,CON,away,L,81,84,83.0,-3,165,6,0,4,0,12,5,5,3,30.3,Erica Wheeler,204365,-3,G,13,3,True,1,4,27.3,16.8,8.0,1.8,5.0,22,1,24.6,0.6006600660066006,0.396039603960396,0.4166666666666667,0.3333333333333333
2026-27,1022600069,2026-06-02,Jun,LAS,LVA,home,L,69,79,78.5,-10,148,1,0,4,2,6,3,3,2,26.3,Erica Wheeler,204365,-11,G,10,0,True,0,3,27.3,16.8,8.0,1.8,5.0,11,0,8.5,0.3923954372623574,0.22813688212927757,0.5,0.6666666666666666
2026-27,1022600075,2026-06-05,Jun,LAS,DAL,home,L,96,104,83.5,-8,200,6,0,4,1,8,2,2,2,33.0,Erica Wheeler,204365,-8,G,7,1,True,1,4,27.3,16.8,8.0,1.8,5.0,14,1,16.2,0.3903030303030303,0.24242424242424243,0.25,0.5
2026-27,1022600082,2026-06-07,Jun,LAS,PDX,home,W,89,72,81.0,17,161,4,0,6,2,7,2,0,0,26.8,Erica Wheeler,204365,32,G,6,1,True,1,0,27.3,16.8,8.0,1.8,5.0,11,1,16.2,0.26119402985074625,0.26119402985074625,0.0,0.8571428571428571
2026-27,1022600090,2026-06-10,Jun,LAS,SEA,away,W,88,83,80.5,5,171,1,0,7,2,9,3,2,2,25.9,Erica Wheeler,204365,-5,G,10,1,True,0,2,27.3,16.8,8.0,1.8,5.0,12,0,10.7,0.45868725868725874,0.3474903474903475,0.2222222222222222,0.7777777777777778
2026-27,1022600100,2026-06-13,Jun,LAS,PHX,away,W,111,102,88.5,9,213,5,0,6,2,8,2,0,0,28.9,Erica Wheeler,204365,3,G,6,0,True,3,3,27.3,16.8,8.0,1.8,5.0,11,3,19.5,0.3806228373702422,0.2768166089965398,0.0,0.75
2026-27,1022600105,2026-06-15,Jun,LAS,GSV,away,L,58,78,73.5,-20,136,5,0,5,0,7,0,0,0,27.6,Erica Wheeler,204365,-11,G,0,4,True,1,1,27.3,16.8,8.0,1.8,5.0,9,1,14.3,0.2898550724637681,0.25362318840579706,0.0,0.7142857142857143
2026-27,1022600110,2026-06-17,Jun,LAS,MIN,home,L,83,99,86.5,-16,182,4,0,4,0,10,2,2,2,24.5,Erica Wheeler,204365,-12,G,6,1,True,1,2,27.3,16.8,8.0,1.8,5.0,11,1,14.2,0.5257142857142858,0.40816326530612246,0.2,0.4
2026-27,1022600122,2026-06-21,Jun,LAS,NYL,home,W,98,97,83.5,1,195,5,0,5,2,11,6,1,1,26.4,Erica Wheeler,204365,4,G,15,2,True,1,1,27.3,16.8,8.0,1.8,5.0,22,1,26.9,0.4712121212121212,0.4166666666666667,0.09090909090909091,0.45454545454545453
2026-27,1022600132,2026-06-25,Jun,LAS,TOR,away,L,97,125,86.5,-28,222,5,0,3,0,7,3,2,2,23.9,Erica Wheeler,204365,-16,G,8,1,True,0,0,27.3,16.8,8.0,1.8,5.0,14,0,16.7,0.3297071129707113,0.29288702928870297,0.2857142857142857,0.42857142857142855
2026-27,1022600139,2026-06-27,Jun,LAS,IND,away,L,87,111,85.5,-24,198,5,1,2,0,3,1,0,0,21.0,Erica Wheeler,204365,-23,G,2,0,False,0,2,27.3,16.8,8.0,1.8,5.0,7,1,10.5,0.23809523809523808,0.14285714285714285,0.0,0.6666666666666666
2026-27,1022600156,2026-07-06,Jul,LAS,SEA,home,L,64,82,85.0,-18,146,7,0,3,1,4,1,0,0,23.8,Erica Wheeler,204365,-14,G,3,1,True,1,3,27.3,16.8,8.0,1.8,5.0,11,1,14.7,0.29411764705882354,0.1680672268907563,0.0,0.75
2026-27,1022600161,2026-07-08,Jul,LAS,IND,home,W,106,92,91.5,14,198,6,0,3,1,10,5,1,1,29.0,Erica Wheeler,204365,3,G,12,4,True,1,1,27.3,16.8,8.0,1.8,5.0,22,1,27.8,0.39448275862068966,0.3448275862068966,0.1,0.3
2026-27,1022600167,2026-07-10,Jul,LAS,CHI,home,W,102,87,87.0,15,189,8,0,6,3,10,6,0,0,27.8,Erica Wheeler,204365,19,G,15,2,True,3,2,27.3,16.8,8.0,1.8,5.0,25,3,36.4,0.4316546762589928,0.3597122302158273,0.0,0.6
2026-27,1022600013,2026-05-12,May,PHX,MIN,home,L,84,88,81.0,-4,172,3,0,3,2,4,2,0,0,17.4,Valeriane Ayayi,204468,1,G,6,4,True,1,2,15.9,21.1,7.4,3.0,1.5,13,1,16.3,0.3448275862068966,0.2298850574712644,0.0,0.75
2026-27,1022600024,2026-05-15,May,PHX,CHI,home,W,91,83,83.0,8,174,1,0,2,0,6,3,3,2,12.2,Valeriane Ayayi,204468,-8,,8,2,False,0,1,15.9,21.1,7.4,3.0,1.5,11,0,10.9,0.6819672131147542,0.49180327868852464,0.5,0.3333333333333333
2026-27,1022600031,2026-05-19,May,PHX,TOR,home,L,90,98,82.5,-8,188,1,0,0,0,1,0,6,3,11.9,Valeriane Ayayi,204468,-1,,3,3,False,2,0,15.9,21.1,7.4,3.0,1.5,7,2,14.1,0.3058823529411765,0.08403361344537814,6.0,0.0
2026-27,1022600037,2026-05-21,May,PHX,LAS,home,L,88,97,81.0,-9,185,0,0,0,0,2,0,0,0,6.0,Valeriane Ayayi,204468,-1,,0,2,False,0,0,15.9,21.1,7.4,3.0,1.5,2,0,2.4,0.3333333333333333,0.3333333333333333,0.0,0.0
2026-27,1022600044,2026-05-24,May,PHX,ATL,away,L,80,82,76.5,-2,162,0,0,0,0,0,0,0,0,0.0,Valeriane Ayayi,204468,0,,0,0,False,0,0,15.9,21.1,7.4,3.0,1.5,0,0,0.0,,,,
2026-27,1022600049,2026-05-27,May,PHX,NYL,away,L,74,84,77.5,-10,158,0,0,0,0,1,0,4,3,9.1,Valeriane Ayayi,204468,-7,,3,0,False,0,1,15.9,21.1,7.4,3.0,1.5,3,0,2.0,0.41318681318681316,0.10989010989010989,4.0,0.0
2026-27,1022600056,2026-05-29,May,PHX,NYL,away,L,68,75,76.0,-7,143,1,0,0,0,1,0,0,0,3.0,Valeriane Ayayi,204468,3,,0,1,False,0,1,15.9,21.1,7.4,3.0,1.5,2,0,1.7000000000000002,0.6666666666666666,0.3333333333333333,0.0,0.0
2026-27,1022600065,2026-06-01,Jun,PHX,MIN,home,L,77,111,79.0,-34,188,4,0,1,0,3,0,0,0,11.5,Valeriane Ayayi,204468,-2,,0,1,False,0,0,15.9,21.1,7.4,3.0,1.5,5,0,7.2,0.2608695652173913,0.2608695652173913,0.0,0.3333333333333333
2026-27,1022600071,2026-06-03,Jun,PHX,SEA,away,W,72,68,79.5,4,140,1,0,0,0,2,0,2,1,3.5,Valeriane Ayayi,204468,2,,1,3,False,0,0,15.9,21.1,7.4,3.0,1.5,5,0,6.1,0.8228571428571428,0.5714285714285714,1.0,0.0
2026-27,1022600076,2026-06-05,Jun,PHX,PDX,away,W,78,72,74.5,6,150,0,0,0,0,1,0,2,2,3.7,Valeriane Ayayi,204468,-5,,2,2,False,0,2,15.9,21.1,7.4,3.0,1.5,4,0,2.4000000000000004,1.0486486486486486,0.27027027027027023,2.0,0.0
2026-27,1022600088,2026-06-09,Jun,PHX,GSV,away,L,81,87,74.5,-6,168,0,0,0,0,0,0,0,0,0.0,Valeriane Ayayi,204468,0,,0,0,False,0,0,15.9,21.1,7.4,3.0,1.5,0,0,0.0,,,,
2026-27,1022600093,2026-06-11,Jun,PHX,DAL,away,L,70,85,82.5,-15,155,0,0,0,0,0,0,0,0,0.0,Valeriane Ayayi,204468,0,,0,0,False,0,0,15.9,21.1,7.4,3.0,1.5,0,0,0.0,,,,
2026-27,1022600100,2026-06-13,Jun,PHX,LAS,home,L,102,111,88.5,-9,213,0,0,0,0,0,0,0,0,0.0,Valeriane Ayayi,204468,0,,0,0,False,0,0,15.9,21.1,7.4,3.0,1.5,0,0,0.0,,,,
2026-27,1022600111,2026-06-17,Jun,PHX,LVA,home,L,76,86,77.0,-10,162,1,1,1,0,2,0,0,0,11.3,Valeriane Ayayi,204468,3,,0,1,False,0,2,15.9,21.1,7.4,3.0,1.5,2,1,3.7,0.35398230088495575,0.17699115044247787,0.0,0.5
2026-27,1022600118,2026-06-20,Jun,PHX,SEA,home,W,93,73,78.5,20,166,0,1,4,2,7,4,8,8,21.9,Valeriane Ayayi,204468,22,,18,10,False,0,2,15.9,21.1,7.4,3.0,1.5,28,1,31.0,0.571689497716895,0.31963470319634707,1.1428571428571428,0.5714285714285714
2026-27,1022600125,2026-06-22,Jun,PHX,IND,away,L,77,86,80.5,-9,163,3,0,4,0,5,1,7,7,20.2,Valeriane Ayayi,204468,-6,,9,3,False,2,2,15.9,21.1,7.4,3.0,1.5,15,2,21.1,0.499009900990099,0.24752475247524752,1.4,0.8
2026-27,1022600128,2026-06-24,Jun,PHX,IND,away,W,111,109,84.0,2,220,2,0,4,1,8,5,9,8,28.1,Valeriane Ayayi,204468,9,,19,3,True,1,1,15.9,21.1,7.4,3.0,1.5,24,1,27.6,0.46120996441281137,0.2846975088967971,1.125,0.5
2026-27,1022600138,2026-06-27,Jun,PHX,TOR,away,W,89,80,78.5,9,169,2,1,5,2,14,7,4,4,27.1,Valeriane Ayayi,204468,8,,20,6,True,1,3,15.9,21.1,7.4,3.0,1.5,28,2,33.2,0.6922509225092249,0.5166051660516605,0.2857142857142857,0.35714285714285715
2026-27,1022600147,2026-07-02,Jul,PHX,SEA,home,W,90,67,76.0,23,157,3,0,7,3,11,5,7,5,27.4,Valeriane Ayayi,204468,16,F,18,2,True,0,2,15.9,21.1,7.4,3.0,1.5,23,0,22.9,0.5868613138686131,0.40145985401459855,0.6363636363636364,0.6363636363636364
2026-27,1022600158,2026-07-07,Jul,PHX,CHI,home,L,66,77,80.0,-11,143,0,0,4,1,6,3,2,2,27.6,Valeriane Ayayi,204468,-8,F,9,6,True,1,4,15.9,21.1,7.4,3.0,1.5,15,1,15.2,0.3942028985507246,0.21739130434782608,0.3333333333333333,0.6666666666666666
2026-27,1022600163,2026-07-09,Jul,PHX,IND,home,L,89,92,78.5,-3,181,3,0,5,2,8,4,1,0,30.4,Valeriane Ayayi,204468,-10,F,10,2,True,0,2,15.9,21.1,7.4,3.0,1.5,15,0,14.899999999999999,0.34342105263157896,0.2631578947368421,0.125,0.625
2026-27,1022600001,2026-05-08,May,NYL,CON,home,W,106,75,88.5,31,181,2,3,4,0,17,10,12,11,28.4,Breanna Stewart,1627668,21,F,31,10,True,1,4,32.7,27.5,20.5,8.5,2.8,43,4,54.0,0.9253521126760564,0.5985915492957746,0.7058823529411765,0.23529411764705882
2026-27,1022600008,2026-05-10,May,NYL,WAS,away,W,98,93,86.5,5,191,4,2,4,1,23,9,4,4,38.7,Breanna Stewart,1627668,9,F,23,9,True,2,4,32.7,27.5,20.5,8.5,2.8,36,4,47.8,0.7431524547803617,0.5943152454780362,0.17391304347826086,0.17391304347826086
2026-27,1022600014,2026-05-12,May,NYL,PDX,away,L,96,98,79.0,-2,194,4,3,2,0,12,4,8,8,37.8,Breanna Stewart,1627668,-2,F,16,10,True,2,2,32.7,27.5,20.5,8.5,2.8,30,5,47.0,0.4634920634920635,0.3174603174603175,0.6666666666666666,0.16666666666666666
2026-27,1022600020,2026-05-14,May,NYL,PDX,away,W,100,82,86.0,18,182,1,0,4,1,14,8,6,5,28.5,Breanna Stewart,1627668,20,F,22,7,True,0,2,32.7,27.5,20.5,8.5,2.8,30,0,29.9,0.6540350877192983,0.49122807017543857,0.42857142857142855,0.2857142857142857
2026-27,1022600035,2026-05-21,May,NYL,GSV,home,L,70,87,76.0,-17,157,2,1,1,0,13,7,6,4,30.2,Breanna Stewart,1627668,-14,F,18,9,True,0,1,32.7,27.5,20.5,8.5,2.8,29,1,33.8,0.5509933774834438,0.43046357615894043,0.46153846153846156,0.07692307692307693
2026-27,1022600045,2026-05-24,May,NYL,DAL,home,L,76,91,77.0,-15,167,3,0,2,0,18,7,0,0,33.6,Breanna Stewart,1627668,-17,F,14,11,True,1,2,32.7,27.5,20.5,8.5,2.8,28,1,32.7,0.5952380952380952,0.5357142857142857,0.0,0.1111111111111111
2026-27,1022600047,2026-05-25,May,NYL,PDX,home,L,74,81,78.0,-7,155,0,1,3,2,11,4,17,15,33.0,Breanna Stewart,1627668,-4,F,25,7,True,3,3,32.7,27.5,20.5,8.5,2.8,32,4,42.4,0.6509090909090909,0.3333333333333333,1.5454545454545454,0.2727272727272727
2026-27,1022600049,2026-05-27,May,NYL,PHX,home,W,84,74,77.5,10,158,2,0,3,0,10,4,3,3,34.1,Breanna Stewart,1627668,10,F,11,6,True,1,4,32.7,27.5,20.5,8.5,2.8,19,1,20.2,0.449266862170088,0.29325513196480935,0.3,0.3
2026-27,1022600056,2026-05-29,May,NYL,PHX,home,W,75,68,76.0,7,143,4,0,4,1,11,4,0,0,29.5,Breanna Stewart,1627668,4,F,9,8,True,1,2,32.7,27.5,20.5,8.5,2.8,21,1,25.6,0.4406779661016949,0.3728813559322034,0.0,0.36363636363636365
2026-27,1022600070,2026-06-03,Jun,NYL,TOR,home,W,97,82,78.5,15,179,4,1,5,1,15,5,8,8,29.6,Breanna Stewart,1627668,8,F,19,9,True,0,1,32.7,27.5,20.5,8.5,2.8,32,1,37.8,0.6594594594594594,0.5067567567567567,0.5333333333333333,0.3333333333333333
2026-27,1022600080,2026-06-06,Jun,NYL,IND,home,W,83,75,85.0,8,158,2,0,2,0,15,6,21,18,33.3,Breanna Stewart,1627668,17,F,30,8,True,4,2,32.7,27.5,20.5,8.5,2.8,40,4,52.6,0.7879879879879881,0.4504504504504505,1.4,0.13333333333333333
2026-27,1022600083,2026-06-08,Jun,NYL,CON,away,W,89,80,82.0,9,169,3,0,4,1,17,9,9,9,34.5,Breanna Stewart,1627668,10,F,28,9,True,3,2,32.7,27.5,20.5,8.5,2.8,40,3,50.3,0.6655072463768116,0.4927536231884058,0.5294117647058824,0.23529411764705882
2026-27,1022600092,2026-06-11,Jun,NYL,ATL,away,W,104,90,80.5,14,194,5,1,2,0,9,5,11,9,34.8,Breanna Stewart,1627668,20,F,19,11,True,2,4,32.7,27.5,20.5,8.5,2.8,35,3,44.7,0.5126436781609196,0.25862068965517243,1.2222222222222223,0.2222222222222222
2026-27,1022600101,2026-06-14,Jun,NYL,WAS,home,W,86,64,78.5,22,150,1,7,2,1,12,5,4,3,29.9,Breanna Stewart,1627668,13,F,14,12,True,0,1,32.7,27.5,20.5,8.5,2.8,27,7,49.9,0.4936454849498328,0.4013377926421405,0.3333333333333333,0.16666666666666666
2026-27,1022600108,2026-06-17,Jun,NYL,CHI,away,W,96,95,80.5,1,191,3,1,3,1,12,7,3,2,35.4,Breanna Stewart,1627668,-1,F,17,6,True,2,0,32.7,27.5,20.5,8.5,2.8,26,3,37.7,0.376271186440678,0.33898305084745767,0.25,0.25
2026-27,1022600115,2026-06-19,Jun,NYL,WAS,home,L,83,86,79.0,-3,169,6,2,2,0,11,5,8,6,32.0,Breanna Stewart,1627668,0,F,16,10,True,1,1,32.7,27.5,20.5,8.5,2.8,32,3,45.0,0.485,0.34375,0.7272727272727273,0.18181818181818182
2026-27,1022600122,2026-06-21,Jun,NYL,LAS,away,L,97,98,83.5,-1,195,4,0,4,0,17,8,4,2,33.8,Breanna Stewart,1627668,-3,F,18,10,True,2,2,32.7,27.5,20.5,8.5,2.8,32,2,40.0,0.6142011834319527,0.5029585798816568,0.23529411764705882,0.23529411764705882
2026-27,1022600127,2026-06-23,Jun,NYL,LVA,away,W,87,76,77.5,11,163,4,3,3,2,16,7,6,4,35.7,Breanna Stewart,1627668,6,F,20,6,True,0,4,32.7,27.5,20.5,8.5,2.8,30,3,38.2,0.6341736694677871,0.44817927170868344,0.375,0.1875
2026-27,1022600134,2026-06-25,Jun,NYL,SEA,away,L,88,99,83.5,-11,187,0,0,0,0,0,0,0,0,0.0,Breanna Stewart,1627668,0,,0,0,False,0,0,32.7,27.5,20.5,8.5,2.8,0,0,0.0,,,,
2026-27,1022600144,2026-06-28,Jun,NYL,GSV,away,L,67,76,69.0,-9,143,0,0,3,1,11,4,6,6,26.3,Breanna Stewart,1627668,-10,F,15,4,True,1,3,32.7,27.5,20.5,8.5,2.8,19,1,19.8,0.6326996197718632,0.4182509505703422,0.5454545454545454,0.2727272727272727
2026-27,1022600148,2026-07-03,Jul,NYL,MIN,home,W,99,86,78.0,13,185,0,2,4,2,19,14,6,6,35.5,Breanna Stewart,1627668,17,F,36,7,True,0,4,32.7,27.5,20.5,8.5,2.8,43,2,46.4,0.7222535211267606,0.5352112676056338,0.3157894736842105,0.21052631578947367
2026-27,1022600157,2026-07-07,Jul,NYL,DAL,home,L,77,88,81.0,-11,165,4,0,3,0,16,10,11,9,33.0,Breanna Stewart,1627668,-13,F,29,9,True,1,2,32.7,27.5,20.5,8.5,2.8,42,1,46.8,0.6921212121212121,0.48484848484848486,0.6875,0.1875
2026-27,1022600006,2026-05-09,May,CHI,PDX,away,W,98,83,82.0,15,181,2,0,3,1,3,1,0,0,14.9,Rachel Banham,1627671,3,,3,0,False,0,2,14.6,17.0,4.4,1.1,0.9,5,0,4.0,0.33557046979865773,0.20134228187919462,0.0,1.0
2026-27,1022600017,2026-05-13,May,CHI,GSV,away,W,69,63,75.5,6,132,0,0,1,0,1,0,0,0,11.7,Rachel Banham,1627671,-2,,0,0,False,1,0,14.6,17.0,4.4,1.1,0.9,0,1,3.0,0.08547008547008547,0.08547008547008547,0.0,1.0
2026-27,1022600024,2026-05-15,May,CHI,PHX,away,L,83,91,83.0,-8,174,1,1,3,1,5,2,0,0,16.1,Rachel Banham,1627671,0,,5,0,False,0,1,14.6,17.0,4.4,1.1,0.9,6,1,8.5,0.37267080745341613,0.3105590062111801,0.0,0.6
2026-27,1022600025,2026-05-17,May,CHI,MIN,away,W,86,79,84.5,7,165,0,0,6,2,12,5,2,1,22.9,Rachel Banham,1627671,7,,13,1,True,0,1,14.6,17.0,4.4,1.1,0.9,14,0,13.2,0.606113537117904,0.5240174672489083,0.16666666666666666,0.5
2026-27,1022600033,2026-05-20,May,CHI,DAL,home,L,89,99,79.5,-10,188,1,0,6,2,8,3,2,2,14.6,Rachel Banham,1627671,-6,,10,0,False,0,1,14.6,17.0,4.4,1.1,0.9,11,0,10.5,0.6767123287671234,0.547945205479452,0.25,0.75
2026-27,1022600041,2026-05-23,May,CHI,MIN,home,L,75,85,86.5,-10,160,3,0,6,2,6,2,0,0,16.9,Rachel Banham,1627671,1,,6,0,False,1,0,14.6,17.0,4.4,1.1,0.9,9,1,13.5,0.3550295857988166,0.3550295857988166,0.0,1.0
2026-27,1022600050,2026-05-27,May,CHI,TOR,home,L,104,111,84.0,-7,215,1,0,1,0,1,0,0,0,12.9,Rachel Banham,1627671,-6,,0,1,False,0,2,14.6,17.0,4.4,1.1,0.9,2,0,0.7000000000000002,0.23255813953488372,0.07751937984496124,0.0,1.0
2026-27,1022600058,2026-05-29,May,CHI,MIN,home,L,58,79,86.0,-21,137,0,1,8,2,10,2,2,2,23.0,Rachel Banham,1627671,-12,,8,7,True,0,1,14.6,17.0,4.4,1.1,0.9,15,1,18.4,0.5165217391304349,0.43478260869565216,0.2,0.8
2026-27,1022600067,2026-06-02,Jun,CHI,WAS,away,L,72,90,82.5,-18,162,2,0,3,1,4,2,0,0,18.0,Rachel Banham,1627671,-1,,5,0,False,0,2,14.6,17.0,4.4,1.1,0.9,7,0,6.0,0.3333333333333333,0.2222222222222222,0.0,0.75
2026-27,1022600074,2026-06-05,Jun,CHI,CON,home,W,85,80,77.0,5,165,3,3,5,1,7,2,1,1,21.9,Rachel Banham,1627671,4,F,6,2,True,0,1,14.6,17.0,4.4,1.1,0.9,11,3,20.9,0.3853881278538814,0.31963470319634707,0.14285714285714285,0.7142857142857143
2026-27,1022600081,2026-06-07,Jun,CHI,TOR,away,L,68,85,84.5,-17,153,1,0,5,1,5,1,0,0,21.6,Rachel Banham,1627671,-11,F,3,2,True,0,2,14.6,17.0,4.4,1.1,0.9,6,0,4.9,0.32407407407407407,0.23148148148148145,0.0,1.0
2026-27,1022600086,2026-06-09,Jun,CHI,ATL,home,L,75,82,77.0,-7,157,0,0,1,1,2,1,0,0,14.0,Rachel Banham,1627671,3,,3,0,False,0,1,14.6,17.0,4.4,1.1,0.9,3,0,2.0,0.21428571428571427,0.14285714285714285,0.0,0.5
2026-27,1022600091,2026-06-11,Jun,CHI,IND,away,L,106,114,96.5,-8,220,0,0,3,0,3,0,0,0,5.1,Rachel Banham,1627671,-8,,0,0,False,0,2,14.6,17.0,4.4,1.1,0.9,0,0,-2.0,0.9803921568627452,0.5882352941176471,0.0,1.0
2026-27,1022600108,2026-06-17,Jun,CHI,NYL,home,L,95,96,80.5,-1,191,0,0,2,0,2,0,0,0,3.5,Rachel Banham,1627671,-4,,0,2,False,1,0,14.6,17.0,4.4,1.1,0.9,2,1,5.4,0.5714285714285714,0.5714285714285714,0.0,1.0
2026-27,1022600119,2026-06-20,Jun,CHI,DAL,away,L,92,93,83.0,-1,185,0,0,0,0,0,0,0,0,0.0,Rachel Banham,1627671,0,,0,0,False,0,0,14.6,17.0,4.4,1.1,0.9,0,0,0.0,,,,
2026-27,1022600123,2026-06-22,Jun,CHI,CON,away,L,63,92,84.5,-29,155,1,0,2,1,2,1,0,0,15.8,Rachel Banham,1627671,-5,,3,0,False,0,1,14.6,17.0,4.4,1.1,0.9,4,0,3.5,0.18987341772151897,0.12658227848101264,0.0,1.0
2026-27,1022600130,2026-06-24,Jun,CHI,PDX,home,W,101,78,79.5,23,179,0,0,2,1,2,1,0,0,5.5,Rachel Banham,1627671,1,,3,0,False,0,0,14.6,17.0,4.4,1.1,0.9,3,0,3.0,0.36363636363636365,0.36363636363636365,0.0,1.0
2026-27,1022600136,2026-06-26,Jun,CHI,PDX,home,W,124,94,83.0,30,218,1,0,3,2,4,3,0,0,11.9,Rachel Banham,1627671,12,,8,0,False,0,0,14.6,17.0,4.4,1.1,0.9,9,0,9.5,0.3361344537815126,0.3361344537815126,0.0,0.75
2026-27,1022600143,2026-06-28,Jun,CHI,LVA,home,L,99,107,86.0,-8,206,0,0,0,0,0,0,0,0,0.0,Rachel Banham,1627671,0,,0,0,False,0,0,14.6,17.0,4.4,1.1,0.9,0,0,0.0,,,,
2026-27,1022600149,2026-07-03,Jul,CHI,LVA,away,L,90,98,90.0,-8,188,0,0,0,0,0,0,0,0,0.0,Rachel Banham,1627671,0,,0,0,False,0,0,14.6,17.0,4.4,1.1,0.9,0,0,0.0,,,,
2026-27,1022600158,2026-07-07,Jul,CHI,PHX,away,W,77,66,80.0,11,143,1,1,2,1,5,2,2,2,11.6,Rachel Banham,1627671,10,,7,2,False,1,2,14.6,17.0,4.4,1.1,0.9,10,2,14.899999999999999,0.6793103448275862,0.4310344827586207,0.4,0.4
2026-27,1022600167,2026-07-10,Jul,CHI,LAS,away,L,87,102,87.0,-15,189,0,0,2,0,4,0,0,0,12.2,Rachel Banham,1627671,-5,,0,3,False,0,0,14.6,17.0,4.4,1.1,0.9,3,0,3.5999999999999996,0.3278688524590164,0.3278688524590164,0.0,0.5
2026-27,1022600001,2026-05-08,May,NYL,CON,home,W,106,75,88.5,31,181,1,1,5,1,7,3,4,3,25.0,Jonquel Jones,1627673,10,C,10,5,True,2,2,29.5,21.0,15.2,9.1,2.7,16,3,24.5,0.4304,0.28,0.5714285714285714,0.7142857142857143
2026-27,1022600008,2026-05-10,May,NYL,WAS,away,W,98,93,86.5,5,191,2,1,2,1,8,3,7,6,24.2,Jonquel Jones,1627673,11,C,13,8,False,0,3,29.5,21.0,15.2,9.1,2.7,23,1,25.6,0.5818181818181818,0.3305785123966942,0.875,0.25
2026-27,1022600014,2026-05-12,May,NYL,PDX,away,L,96,98,79.0,-2,194,3,0,6,3,11,6,2,2,34.5,Jonquel Jones,1627673,-3,C,17,7,True,1,4,29.5,21.0,15.2,9.1,2.7,27,1,28.9,0.4602898550724638,0.3188405797101449,0.18181818181818182,0.5454545454545454
2026-27,1022600020,2026-05-14,May,NYL,PDX,away,W,100,82,86.0,18,182,3,0,0,0,4,2,2,2,26.4,Jonquel Jones,1627673,26,C,6,9,True,1,2,29.5,21.0,15.2,9.1,2.7,18,1,22.299999999999997,0.2606060606060606,0.15151515151515152,0.5,0.0
2026-27,1022600035,2026-05-21,May,NYL,GSV,home,L,70,87,76.0,-17,157,3,1,3,1,12,6,4,3,28.4,Jonquel Jones,1627673,-14,C,16,8,True,0,2,29.5,21.0,15.2,9.1,2.7,27,1,31.1,0.5549295774647888,0.4225352112676057,0.3333333333333333,0.25
2026-27,1022600045,2026-05-24,May,NYL,DAL,home,L,76,91,77.0,-15,167,2,0,3,0,11,5,5,4,29.3,Jonquel Jones,1627673,-7,C,14,7,True,1,1,29.5,21.0,15.2,9.1,2.7,23,1,27.4,0.4846416382252559,0.37542662116040953,0.45454545454545453,0.2727272727272727
2026-27,1022600047,2026-05-25,May,NYL,PDX,home,L,74,81,78.0,-7,155,4,4,5,1,11,3,5,5,32.2,Jonquel Jones,1627673,-9,C,12,11,True,0,3,29.5,21.0,15.2,9.1,2.7,27,4,40.2,0.5031055900621118,0.3416149068322981,0.45454545454545453,0.45454545454545453
2026-27,1022600049,2026-05-27,May,NYL,PHX,home,W,84,74,77.5,10,158,4,0,7,3,16,5,4,4,30.8,Jonquel Jones,1627673,15,C,17,12,True,1,0,29.5,21.0,15.2,9.1,2.7,33,1,40.4,0.5766233766233767,0.5194805194805194,0.25,0.4375
2026-27,1022600056,2026-05-29,May,NYL,PHX,home,W,75,68,76.0,7,143,2,2,4,1,9,2,4,4,30.5,Jonquel Jones,1627673,8,C,9,9,True,1,2,29.5,21.0,15.2,9.1,2.7,20,3,29.799999999999997,0.4183606557377049,0.29508196721311475,0.4444444444444444,0.4444444444444444
2026-27,1022600070,2026-06-03,Jun,NYL,TOR,home,W,97,82,78.5,15,179,2,2,7,4,14,9,0,0,33.7,Jonquel Jones,1627673,16,C,22,17,True,0,2,29.5,21.0,15.2,9.1,2.7,41,2,49.4,0.4747774480712166,0.4154302670623145,0.0,0.5
2026-27,1022600080,2026-06-06,Jun,NYL,IND,home,W,83,75,85.0,8,158,4,1,1,0,6,2,7,4,27.9,Jonquel Jones,1627673,7,C,8,12,True,0,1,29.5,21.0,15.2,9.1,2.7,24,1,30.4,0.3612903225806452,0.21505376344086022,1.1666666666666667,0.16666666666666666
2026-27,1022600083,2026-06-08,Jun,NYL,CON,away,W,89,80,82.0,9,169,0,0,0,0,0,0,0,0,0.0,Jonquel Jones,1627673,0,,0,0,False,0,0,29.5,21.0,15.2,9.1,2.7,0,0,0.0,,,,
2026-27,1022600092,2026-06-11,Jun,NYL,ATL,away,W,104,90,80.5,14,194,5,3,7,4,8,5,2,2,26.0,Jonquel Jones,1627673,-2,C,16,10,True,0,4,29.5,21.0,15.2,9.1,2.7,31,3,40.5,0.4953846153846154,0.3076923076923077,0.25,0.875
2026-27,1022600101,2026-06-14,Jun,NYL,WAS,home,W,86,64,78.5,22,150,1,2,6,3,11,7,3,3,26.5,Jonquel Jones,1627673,8,C,20,4,True,3,2,29.5,21.0,15.2,9.1,2.7,25,5,39.3,0.540377358490566,0.41509433962264153,0.2727272727272727,0.5454545454545454
2026-27,1022600108,2026-06-17,Jun,NYL,CHI,away,W,96,95,80.5,1,191,3,1,5,3,9,6,4,4,28.1,Jonquel Jones,1627673,-5,C,19,8,True,1,4,29.5,21.0,15.2,9.1,2.7,30,2,35.1,0.5252669039145907,0.32028469750889677,0.4444444444444444,0.5555555555555556
2026-27,1022600115,2026-06-19,Jun,NYL,WAS,home,L,83,86,79.0,-3,169,2,1,4,0,8,4,4,2,32.6,Jonquel Jones,1627673,-6,C,10,10,True,0,2,29.5,21.0,15.2,9.1,2.7,22,1,26.0,0.3607361963190184,0.24539877300613497,0.5,0.5
2026-27,1022600122,2026-06-21,Jun,NYL,LAS,away,L,97,98,83.5,-1,195,3,1,7,4,9,6,2,2,33.3,Jonquel Jones,1627673,0,C,18,8,True,2,0,29.5,21.0,15.2,9.1,2.7,29,3,41.1,0.29669669669669674,0.2702702702702703,0.2222222222222222,0.7777777777777778
2026-27,1022600127,2026-06-23,Jun,NYL,LVA,away,W,87,76,77.5,11,163,3,0,4,1,8,5,3,3,28.0,Jonquel Jones,1627673,7,C,14,5,True,0,0,29.5,21.0,15.2,9.1,2.7,22,0,24.5,0.33285714285714285,0.2857142857142857,0.375,0.5
2026-27,1022600134,2026-06-25,Jun,NYL,SEA,away,L,88,99,83.5,-11,187,1,1,8,3,17,10,7,3,30.3,Jonquel Jones,1627673,-8,C,26,8,True,1,1,29.5,21.0,15.2,9.1,2.7,35,2,42.1,0.6957095709570956,0.5610561056105611,0.4117647058823529,0.47058823529411764
2026-27,1022600144,2026-06-28,Jun,NYL,GSV,away,L,67,76,69.0,-9,143,2,0,6,3,8,5,10,8,26.9,Jonquel Jones,1627673,-10,C,21,7,True,0,3,29.5,21.0,15.2,9.1,2.7,30,0,29.4,0.5724907063197027,0.29739776951672864,1.25,0.75
2026-27,1022600148,2026-07-03,Jul,NYL,MIN,home,W,99,86,78.0,13,185,5,0,3,2,10,5,3,2,33.5,Jonquel Jones,1627673,16,C,14,15,True,2,3,29.5,21.0,15.2,9.1,2.7,34,2,42.5,0.4274626865671642,0.29850746268656714,0.3,0.3
2026-27,1022600157,2026-07-07,Jul,NYL,DAL,home,L,77,88,81.0,-11,165,2,2,6,3,11,6,2,2,31.8,Jonquel Jones,1627673,-2,C,17,12,True,0,4,29.5,21.0,15.2,9.1,2.7,31,2,36.4,0.49937106918238994,0.34591194968553457,0.18181818181818182,0.5454545454545454
2026-27,1022600005,2026-05-09,May,PHX,LVA,away,W,99,66,83.0,33,165,2,0,5,0,16,6,1,1,28.1,Kahleah Copper,1627674,29,G,13,0,True,0,4,32.6,30.0,20.8,3.9,1.8,15,0,12.0,0.7274021352313167,0.5693950177935942,0.0625,0.3125
2026-27,1022600011,2026-05-10,May,PHX,GSV,away,L,79,95,76.5,-16,174,4,0,4,1,15,4,2,2,36.4,Kahleah Copper,1627674,-16,G,11,1,True,1,3,32.6,30.0,20.8,3.9,1.8,16,1,18.2,0.5186813186813187,0.4120879120879121,0.13333333333333333,0.26666666666666666
2026-27,1022600013,2026-05-12,May,PHX,MIN,home,L,84,88,81.0,-4,172,2,0,7,2,21,9,13,10,34.7,Kahleah Copper,1627674,-1,G,30,1,True,2,3,32.6,30.0,20.8,3.9,1.8,33,2,37.2,0.8564841498559077,0.6051873198847262,0.6190476190476191,0.3333333333333333
2026-27,1022600024,2026-05-15,May,PHX,CHI,home,W,91,83,83.0,8,174,1,0,6,1,16,3,10,10,33.9,Kahleah Copper,1627674,8,G,17,5,True,3,1,32.6,30.0,20.8,3.9,1.8,23,3,32.5,0.6312684365781711,0.471976401179941,0.625,0.375
2026-27,1022600031,2026-05-19,May,PHX,TOR,home,L,90,98,82.5,-8,188,4,0,4,0,18,7,6,4,35.1,Kahleah Copper,1627674,-14,G,18,3,True,0,4,32.6,30.0,20.8,3.9,1.8,25,0,23.6,0.701994301994302,0.5128205128205128,0.3333333333333333,0.2222222222222222
2026-27,1022600037,2026-05-21,May,PHX,LAS,home,L,88,97,81.0,-9,185,2,0,7,1,20,7,10,7,35.7,Kahleah Copper,1627674,-14,G,22,5,True,0,4,32.6,30.0,20.8,3.9,1.8,29,0,27.0,0.7955182072829131,0.5602240896358543,0.5,0.35
2026-27,1022600044,2026-05-24,May,PHX,ATL,away,L,80,82,76.5,-2,162,1,0,6,1,16,6,8,7,29.9,Kahleah Copper,1627674,-8,G,20,3,True,0,3,32.6,30.0,20.8,3.9,1.8,24,0,22.1,0.7531772575250837,0.5351170568561873,0.5,0.375
2026-27,1022600049,2026-05-27,May,PHX,NYL,away,L,74,84,77.5,-10,158,2,0,9,2,18,6,6,5,35.5,Kahleah Copper,1627674,-13,F,19,2,True,1,2,32.6,30.0,20.8,3.9,1.8,23,1,25.4,0.6377464788732394,0.5070422535211268,0.3333333333333333,0.5
2026-27,1022600056,2026-05-29,May,PHX,NYL,away,L,68,75,76.0,-7,143,1,1,8,1,16,4,8,7,36.8,Kahleah Copper,1627674,-4,F,16,3,True,0,3,32.6,30.0,20.8,3.9,1.8,20,1,21.1,0.6119565217391305,0.4347826086956522,0.5,0.5
2026-27,1022600065,2026-06-01,Jun,PHX,MIN,home,L,77,111,79.0,-34,188,1,0,7,3,13,5,8,5,26.9,Kahleah Copper,1627674,-28,F,18,2,True,1,2,32.6,30.0,20.8,3.9,1.8,21,1,22.9,0.6884758364312268,0.483271375464684,0.6153846153846154,0.5384615384615384
2026-27,1022600071,2026-06-03,Jun,PHX,SEA,away,W,72,68,79.5,4,140,1,0,6,2,14,4,6,6,34.9,Kahleah Copper,1627674,4,F,16,6,True,1,1,32.6,30.0,20.8,3.9,1.8,23,1,26.7,0.5054441260744986,0.4011461318051576,0.42857142857142855,0.42857142857142855
2026-27,1022600076,2026-06-05,Jun,PHX,PDX,away,W,78,72,74.5,6,150,0,0,0,0,0,0,0,0,0.0,Kahleah Copper,1627674,0,,0,0,False,0,0,32.6,30.0,20.8,3.9,1.8,0,0,0.0,,,,
2026-27,1022600088,2026-06-09,Jun,PHX,GSV,away,L,81,87,74.5,-6,168,1,0,4,1,11,3,2,2,26.3,Kahleah Copper,1627674,3,G,9,4,True,1,1,32.6,30.0,20.8,3.9,1.8,14,1,17.3,0.48973384030418254,0.4182509505703422,0.18181818181818182,0.36363636363636365
2026-27,1022600093,2026-06-11,Jun,PHX,DAL,away,L,70,85,82.5,-15,155,3,0,5,2,10,3,6,5,28.9,Kahleah Copper,1627674,-12,G,13,2,True,0,4,32.6,30.0,20.8,3.9,1.8,18,0,15.899999999999999,0.5757785467128028,0.34602076124567477,0.6,0.5
2026-27,1022600100,2026-06-13,Jun,PHX,LAS,home,L,102,111,88.5,-9,213,1,0,14,6,30,16,6,3,37.5,Kahleah Copper,1627674,-9,G,41,10,True,0,5,32.6,30.0,20.8,3.9,1.8,52,0,49.5,1.0037333333333334,0.8,0.2,0.4666666666666667
2026-27,1022600111,2026-06-17,Jun,PHX,LVA,home,L,76,86,77.0,-10,162,3,0,4,1,16,9,7,7,30.2,Kahleah Copper,1627674,-1,G,26,4,True,0,4,32.6,30.0,20.8,3.9,1.8,33,0,31.299999999999997,0.7642384105960265,0.5298013245033113,0.4375,0.25
2026-27,1022600118,2026-06-20,Jun,PHX,SEA,home,W,93,73,78.5,20,166,2,1,8,2,10,4,9,7,26.9,Kahleah Copper,1627674,12,G,17,7,True,1,1,32.6,30.0,20.8,3.9,1.8,26,2,33.4,0.5561338289962826,0.3717472118959108,0.9,0.8
2026-27,1022600125,2026-06-22,Jun,PHX,IND,away,L,77,86,80.5,-9,163,0,0,7,2,14,6,8,6,30.9,Kahleah Copper,1627674,-9,G,20,3,True,0,1,32.6,30.0,20.8,3.9,1.8,23,0,22.6,0.5993527508090615,0.45307443365695793,0.5714285714285714,0.5
2026-27,1022600128,2026-06-24,Jun,PHX,IND,away,W,111,109,84.0,2,220,1,0,3,1,10,6,16,15,31.4,Kahleah Copper,1627674,4,G,28,3,True,1,0,32.6,30.0,20.8,3.9,1.8,32,1,36.1,0.5426751592356688,0.3184713375796179,1.6,0.3
2026-27,1022600138,2026-06-27,Jun,PHX,TOR,away,W,89,80,78.5,9,169,1,0,4,1,15,10,8,6,34.1,Kahleah Copper,1627674,-5,G,27,5,True,0,1,32.6,30.0,20.8,3.9,1.8,33,0,33.5,0.5724340175953079,0.4398826979472141,0.5333333333333333,0.26666666666666666
2026-27,1022600147,2026-07-02,Jul,PHX,SEA,home,W,90,67,76.0,23,157,3,0,5,2,21,12,7,4,35.9,Kahleah Copper,1627674,20,G,30,7,True,2,2,32.6,30.0,20.8,3.9,1.8,40,2,46.9,0.7264623955431755,0.584958217270195,0.3333333333333333,0.23809523809523808
2026-27,1022600158,2026-07-07,Jul,PHX,CHI,home,L,66,77,80.0,-11,143,1,0,10,4,19,9,5,3,33.9,Kahleah Copper,1627674,-9,G,25,4,True,1,4,32.6,30.0,20.8,3.9,1.8,30,1,30.299999999999997,0.7433628318584071,0.56047197640118,0.2631578947368421,0.5263157894736842
2026-27,1022600163,2026-07-09,Jul,PHX,IND,home,L,89,92,78.5,-3,181,2,0,6,3,17,9,2,1,32.0,Kahleah Copper,1627674,-8,G,22,5,True,1,1,32.6,30.0,20.8,3.9,1.8,29,1,33.0,0.59,0.53125,0.11764705882352941,0.35294117647058826
2026-27,1022600010,2026-05-09,May,MIN,ATL,home,L,90,91,86.5,-1,181,6,0,4,0,18,7,0,0,31.8,Courtney Williams,1627675,-8,G,14,6,True,3,2,30.5,24.5,16.0,5.4,4.2,26,3,37.2,0.6289308176100629,0.5660377358490566,0.0,0.2222222222222222
2026-27,1022600013,2026-05-12,May,MIN,PHX,away,W,88,84,81.0,4,172,5,2,4,1,13,4,3,2,30.2,Courtney Williams,1627675,7,G,11,3,True,2,1,30.5,24.5,16.0,5.4,4.2,19,4,33.1,0.5072847682119206,0.43046357615894043,0.23076923076923078,0.3076923076923077
2026-27,1022600019,2026-05-14,May,MIN,DAL,away,W,90,86,78.0,4,176,3,0,4,3,10,9,0,0,30.6,Courtney Williams,1627675,3,G,21,5,True,2,1,30.5,24.5,16.0,5.4,4.2,29,2,36.5,0.35947712418300654,0.32679738562091504,0.0,0.4
2026-27,1022600025,2026-05-17,May,MIN,CHI,home,L,79,86,84.5,-7,165,3,0,6,3,19,7,0,0,30.3,Courtney Williams,1627675,-10,G,17,5,True,0,2,30.5,24.5,16.0,5.4,4.2,25,0,25.5,0.693069306930693,0.6270627062706271,0.0,0.3157894736842105
2026-27,1022600036,2026-05-21,May,MIN,TOR,home,W,100,72,77.5,28,172,3,0,8,3,15,6,0,0,29.0,Courtney Williams,1627675,18,G,15,8,True,0,0,30.5,24.5,16.0,5.4,4.2,26,0,29.1,0.5172413793103449,0.5172413793103449,0.0,0.5333333333333333
2026-27,1022600041,2026-05-23,May,MIN,CHI,away,W,85,75,86.5,10,160,3,2,1,0,18,8,1,1,33.5,Courtney Williams,1627675,12,G,17,8,True,3,2,30.5,24.5,16.0,5.4,4.2,28,5,44.1,0.6101492537313433,0.5373134328358209,0.05555555555555555,0.05555555555555555
2026-27,1022600051,2026-05-27,May,MIN,ATL,home,W,96,81,77.0,15,177,7,0,5,3,15,10,2,2,32.5,Courtney Williams,1627675,10,G,25,3,True,1,4,30.5,24.5,16.0,5.4,4.2,35,1,38.1,0.6116923076923078,0.46153846153846156,0.13333333333333333,0.3333333333333333
2026-27,1022600058,2026-05-29,May,MIN,CHI,away,W,79,58,86.0,21,137,5,0,1,0,10,5,0,0,28.7,Courtney Williams,1627675,9,G,10,4,True,1,2,30.5,24.5,16.0,5.4,4.2,19,1,23.3,0.4181184668989547,0.34843205574912894,0.0,0.1
2026-27,1022600065,2026-06-01,Jun,MIN,PHX,away,W,111,77,79.0,34,188,2,1,3,3,20,13,1,1,28.6,Courtney Williams,1627675,20,G,30,5,True,0,2,30.5,24.5,16.0,5.4,4.2,37,1,40.0,0.7846153846153846,0.6993006993006993,0.05,0.15
2026-27,1022600073,2026-06-04,Jun,MIN,GSV,home,W,87,84,75.5,3,171,3,0,3,0,18,8,2,1,33.6,Courtney Williams,1627675,0,G,17,7,True,1,3,30.5,24.5,16.0,5.4,4.2,27,1,29.9,0.6511904761904761,0.5357142857142857,0.1111111111111111,0.16666666666666666
2026-27,1022600077,2026-06-06,Jun,MIN,SEA,home,W,88,68,80.0,20,156,7,0,3,1,13,5,0,0,27.4,Courtney Williams,1627675,17,G,11,5,True,2,2,30.5,24.5,16.0,5.4,4.2,23,2,31.5,0.5474452554744526,0.4744525547445256,0.0,0.23076923076923078
2026-27,1022600087,2026-06-09,Jun,MIN,DAL,home,W,100,76,84.0,24,176,2,0,0,0,14,8,0,0,30.5,Courtney Williams,1627675,21,G,16,8,True,3,2,30.5,24.5,16.0,5.4,4.2,26,3,35.6,0.5245901639344263,0.45901639344262296,0.0,0.0
2026-27,1022600098,2026-06-13,Jun,MIN,LVA,away,L,97,100,77.5,-3,197,4,0,3,1,19,8,0,0,32.7,Courtney Williams,1627675,-3,G,17,5,True,0,1,30.5,24.5,16.0,5.4,4.2,26,0,28.0,0.6116207951070336,0.581039755351682,0.0,0.15789473684210525
2026-27,1022600104,2026-06-15,Jun,MIN,PDX,home,W,107,74,81.5,33,181,4,0,3,2,10,7,0,0,23.9,Courtney Williams,1627675,26,G,16,5,True,0,2,30.5,24.5,16.0,5.4,4.2,25,0,26.0,0.502092050209205,0.4184100418410042,0.0,0.3
2026-27,1022600110,2026-06-17,Jun,MIN,LAS,away,W,99,83,86.5,16,182,5,0,2,1,11,6,0,0,25.5,Courtney Williams,1627675,10,G,13,1,True,0,3,30.5,24.5,16.0,5.4,4.2,19,0,18.7,0.5490196078431373,0.43137254901960786,0.0,0.18181818181818182
2026-27,1022600116,2026-06-19,Jun,MIN,GSV,away,W,81,75,78.5,6,156,5,2,2,2,16,6,7,7,36.0,Courtney Williams,1627675,6,G,21,12,True,1,2,30.5,24.5,16.0,5.4,4.2,38,3,49.9,0.5855555555555555,0.4444444444444444,0.4375,0.125
2026-27,1022600121,2026-06-21,Jun,MIN,WAS,home,L,79,84,82.0,-5,163,3,0,3,1,15,5,2,2,31.8,Courtney Williams,1627675,-2,G,13,4,True,2,1,30.5,24.5,16.0,5.4,4.2,20,2,27.3,0.5308176100628932,0.4716981132075472,0.13333333333333333,0.2
2026-27,1022600129,2026-06-24,Jun,MIN,WAS,away,W,78,76,86.0,2,154,3,1,2,0,9,2,2,1,24.6,Courtney Williams,1627675,-3,G,5,2,True,0,0,30.5,24.5,16.0,5.4,4.2,10,1,14.9,0.4016260162601626,0.36585365853658536,0.2222222222222222,0.2222222222222222
2026-27,1022600141,2026-06-28,Jun,MIN,DAL,away,W,85,77,81.5,8,162,4,1,5,1,16,5,2,1,36.1,Courtney Williams,1627675,6,G,12,5,True,2,2,30.5,24.5,16.0,5.4,4.2,21,3,31.0,0.5229916897506924,0.44321329639889195,0.125,0.3125
2026-27,1022600148,2026-07-03,Jul,MIN,NYL,away,L,86,99,78.0,-13,185,3,0,4,2,13,7,0,0,24.5,Courtney Williams,1627675,-19,G,16,5,True,0,2,30.5,24.5,16.0,5.4,4.2,24,0,24.5,0.6122448979591837,0.5306122448979592,0.0,0.3076923076923077
2026-27,1022600155,2026-07-06,Jul,MIN,CON,home,L,89,90,80.5,-1,179,6,0,6,3,21,10,0,0,36.1,Courtney Williams,1627675,-2,G,23,9,True,3,2,30.5,24.5,16.0,5.4,4.2,38,3,49.8,0.6371191135734072,0.5817174515235457,0.0,0.2857142857142857
2026-27,1022600160,2026-07-08,Jul,MIN,CON,away,W,86,80,78.5,6,166,7,0,3,0,13,6,0,0,30.4,Courtney Williams,1627675,-6,G,12,4,True,2,5,30.5,24.5,16.0,5.4,4.2,23,2,28.299999999999997,0.5921052631578948,0.4276315789473684,0.0,0.23076923076923078
2026-27,1022600002,2026-05-08,May,TOR,WAS,home,L,65,68,81.5,-3,133,2,0,2,1,2,1,0,0,30.3,Julie Allemand,1627700,-6,G,3,3,True,1,0,28.4,9.9,6.2,3.0,5.4,8,1,12.6,0.066006600660066,0.066006600660066,0.0,1.0
2026-27,1022600015,2026-05-13,May,TOR,SEA,home,W,86,73,81.0,13,159,6,0,2,0,5,1,0,0,28.8,Julie Allemand,1627700,19,G,2,3,True,3,3,28.4,9.9,6.2,3.0,5.4,11,3,20.6,0.2777777777777778,0.1736111111111111,0.0,0.4
2026-27,1022600023,2026-05-15,May,TOR,LAS,away,L,95,99,80.0,-4,194,4,0,3,1,4,2,0,0,21.0,Julie Allemand,1627700,-18,G,5,1,True,2,1,28.4,9.9,6.2,3.0,5.4,10,2,17.2,0.23809523809523808,0.19047619047619047,0.0,0.75
2026-27,1022600031,2026-05-19,May,TOR,PHX,away,W,98,90,82.5,8,188,0,0,0,0,0,0,0,0,0.0,Julie Allemand,1627700,0,,0,0,False,0,0,28.4,9.9,6.2,3.0,5.4,0,0,0.0,,,,
2026-27,1022600036,2026-05-21,May,TOR,MIN,away,L,72,100,77.5,-28,172,0,0,0,0,0,0,0,0,0.0,Julie Allemand,1627700,0,,0,0,False,0,0,28.4,9.9,6.2,3.0,5.4,0,0,0.0,,,,
2026-27,1022600042,2026-05-23,May,TOR,PDX,home,L,80,99,80.0,-19,179,0,0,0,0,0,0,0,0,0.0,Julie Allemand,1627700,0,,0,0,False,0,0,28.4,9.9,6.2,3.0,5.4,0,0,0.0,,,,
2026-27,1022600050,2026-05-27,May,TOR,CHI,away,W,111,104,84.0,7,215,0,0,0,0,0,0,0,0,0.0,Julie Allemand,1627700,0,,0,0,False,0,0,28.4,9.9,6.2,3.0,5.4,0,0,0.0,,,,
2026-27,1022600060,2026-05-30,May,TOR,SEA,home,W,93,72,82.0,21,165,4,0,2,0,4,2,2,2,17.0,Julie Allemand,1627700,15,,6,4,False,1,2,28.4,9.9,6.2,3.0,5.4,14,1,17.8,0.4047058823529412,0.23529411764705882,0.5,0.5
2026-27,1022600070,2026-06-03,Jun,TOR,NYL,away,L,82,97,78.5,-15,179,2,1,3,1,6,3,0,0,22.7,Julie Allemand,1627700,-12,,7,1,True,2,0,28.4,9.9,6.2,3.0,5.4,10,3,20.2,0.2643171806167401,0.2643171806167401,0.0,0.5
2026-27,1022600081,2026-06-07,Jun,TOR,CHI,home,W,85,68,84.5,17,153,3,0,1,0,2,1,2,2,26.2,Julie Allemand,1627700,16,G,4,6,True,1,1,28.4,9.9,6.2,3.0,5.4,13,1,17.7,0.1480916030534351,0.07633587786259542,1.0,0.5
2026-27,1022600089,2026-06-10,Jun,TOR,CON,home,W,106,102,89.5,4,208,4,0,1,0,5,3,0,0,36.2,Julie Allemand,1627700,14,G,6,2,True,2,4,28.4,9.9,6.2,3.0,5.4,12,2,16.4,0.24861878453038672,0.13812154696132595,0.0,0.2
2026-27,1022600095,2026-06-12,Jun,TOR,WAS,away,L,85,86,84.5,-1,171,3,1,2,1,5,4,0,0,26.3,Julie Allemand,1627700,15,G,9,2,True,3,2,28.4,9.9,6.2,3.0,5.4,14,4,25.9,0.2661596958174905,0.19011406844106463,0.0,0.4
2026-27,1022600102,2026-06-14,Jun,TOR,ATL,home,L,77,102,81.0,-25,179,6,2,5,3,8,5,0,0,34.0,Julie Allemand,1627700,-25,G,13,3,True,2,0,28.4,9.9,6.2,3.0,5.4,22,4,37.6,0.23529411764705882,0.23529411764705882,0.0,0.625
2026-27,1022600106,2026-06-16,Jun,TOR,IND,away,L,91,113,88.5,-22,204,1,0,2,0,2,0,0,0,10.8,Julie Allemand,1627700,-3,G,0,0,False,0,0,28.4,9.9,6.2,3.0,5.4,1,0,1.5,0.18518518518518517,0.18518518518518517,0.0,1.0
2026-27,1022600114,2026-06-19,Jun,TOR,CON,away,W,101,97,84.0,4,198,9,0,3,0,5,2,0,0,34.0,Julie Allemand,1627700,12,G,4,0,True,1,4,28.4,9.9,6.2,3.0,5.4,13,1,16.5,0.2647058823529412,0.14705882352941177,0.0,0.6
2026-27,1022600124,2026-06-22,Jun,TOR,ATL,away,L,87,94,84.5,-7,181,3,1,2,1,3,1,2,1,27.6,Julie Allemand,1627700,-14,G,4,2,True,2,2,28.4,9.9,6.2,3.0,5.4,9,3,17.9,0.21304347826086956,0.10869565217391304,0.6666666666666666,0.6666666666666666
2026-27,1022600132,2026-06-25,Jun,TOR,LAS,home,W,125,97,86.5,28,222,14,1,3,3,4,4,2,2,29.9,Julie Allemand,1627700,31,G,13,6,True,3,0,28.4,9.9,6.2,3.0,5.4,33,4,53.2,0.16321070234113713,0.13377926421404682,0.5,0.75
2026-27,1022600138,2026-06-27,Jun,TOR,PHX,home,L,80,89,78.5,-9,169,10,1,5,3,6,4,0,0,38.6,Julie Allemand,1627700,-8,G,11,7,True,0,2,28.4,9.9,6.2,3.0,5.4,28,1,35.4,0.20725388601036268,0.15544041450777202,0.0,0.8333333333333334
2026-27,1022600152,2026-07-05,Jul,TOR,DAL,home,L,76,89,76.0,-13,165,0,0,0,0,0,0,0,0,0.0,Julie Allemand,1627700,0,,0,0,False,0,0,28.4,9.9,6.2,3.0,5.4,0,0,0.0,,,,
2026-27,1022600159,2026-07-08,Jul,TOR,GSV,home,L,75,83,76.0,-8,158,7,0,4,1,7,4,0,0,35.9,Julie Allemand,1627700,-12,G,9,3,True,2,2,28.4,9.9,6.2,3.0,5.4,19,2,27.1,0.25069637883008355,0.19498607242339833,0.0,0.5714285714285714
2026-27,1022600166,2026-07-10,Jul,TOR,DAL,home,L,95,108,78.5,-13,203,8,0,3,1,3,1,0,0,34.0,Julie Allemand,1627700,-13,G,3,5,True,1,4,28.4,9.9,6.2,3.0,5.4,16,1,20.0,0.20588235294117646,0.08823529411764706,0.0,1.0
2026-27,1022600002,2026-05-08,May,TOR,WAS,home,L,65,68,81.5,-3,133,1,0,1,0,2,0,2,2,15.6,Temi Fagbenle,1627701,0,C,2,1,False,1,4,17.9,16.0,6.6,4.1,1.8,4,1,3.7,0.441025641025641,0.12820512820512822,1.0,0.5
2026-27,1022600031,2026-05-19,May,TOR,PHX,away,W,98,90,82.5,8,188,0,0,0,0,0,0,0,0,0.0,Temi Fagbenle,1627701,0,,0,0,False,0,0,17.9,16.0,6.6,4.1,1.8,0,0,0.0,,,,
2026-27,1022600036,2026-05-21,May,TOR,MIN,away,L,72,100,77.5,-28,172,0,0,0,0,0,0,0,0,0.0,Temi Fagbenle,1627701,0,,0,0,False,0,0,17.9,16.0,6.6,4.1,1.8,0,0,0.0,,,,
2026-27,1022600042,2026-05-23,May,TOR,PDX,home,L,80,99,80.0,-19,179,0,0,0,0,0,0,0,0,0.0,Temi Fagbenle,1627701,0,,0,0,False,0,0,17.9,16.0,6.6,4.1,1.8,0,0,0.0,,,,
2026-27,1022600050,2026-05-27,May,TOR,CHI,away,W,111,104,84.0,7,215,0,0,0,0,0,0,0,0,0.0,Temi Fagbenle,1627701,0,,0,0,False,0,0,17.9,16.0,6.6,4.1,1.8,0,0,0.0,,,,
2026-27,1022600060,2026-05-30,May,TOR,SEA,home,W,93,72,82.0,21,165,0,0,0,0,0,0,0,0,0.0,Temi Fagbenle,1627701,0,,0,0,False,0,0,17.9,16.0,6.6,4.1,1.8,0,0,0.0,,,,
2026-27,1022600070,2026-06-03,Jun,TOR,NYL,away,L,82,97,78.5,-15,179,0,0,0,0,0,0,0,0,0.0,Temi Fagbenle,1627701,0,,0,0,False,0,0,17.9,16.0,6.6,4.1,1.8,0,0,0.0,,,,
2026-27,1022600081,2026-06-07,Jun,TOR,CHI,home,W,85,68,84.5,17,153,0,0,0,0,0,0,0,0,0.0,Temi Fagbenle,1627701,0,,0,0,False,0,0,17.9,16.0,6.6,4.1,1.8,0,0,0.0,,,,
2026-27,1022600089,2026-06-10,Jun,TOR,CON,home,W,106,102,89.5,4,208,0,0,0,0,0,0,0,0,0.0,Temi Fagbenle,1627701,0,,0,0,False,0,0,17.9,16.0,6.6,4.1,1.8,0,0,0.0,,,,
2026-27,1022600095,2026-06-12,Jun,TOR,WAS,away,L,85,86,84.5,-1,171,1,0,0,0,2,0,0,0,7.8,Temi Fagbenle,1627701,-6,,0,3,False,2,2,17.9,16.0,6.6,4.1,1.8,4,2,9.1,0.5128205128205129,0.25641025641025644,0.0,0.0
2026-27,1022600102,2026-06-14,Jun,TOR,ATL,home,L,77,102,81.0,-25,179,2,0,0,0,5,3,2,1,17.4,Temi Fagbenle,1627701,-12,,7,3,False,0,0,17.9,16.0,6.6,4.1,1.8,12,0,13.6,0.33793103448275863,0.2873563218390805,0.4,0.0
2026-27,1022600106,2026-06-16,Jun,TOR,IND,away,L,91,113,88.5,-22,204,1,0,0,0,4,1,2,1,18.1,Temi Fagbenle,1627701,-16,,3,5,False,0,0,17.9,16.0,6.6,4.1,1.8,9,0,10.5,0.26961325966850824,0.22099447513812154,0.5,0.0
2026-27,1022600114,2026-06-19,Jun,TOR,CON,away,W,101,97,84.0,4,198,2,1,2,2,9,8,2,1,31.6,Temi Fagbenle,1627701,8,C,19,9,True,1,0,17.9,16.0,6.6,4.1,1.8,30,2,38.8,0.31265822784810127,0.28481012658227844,0.2222222222222222,0.2222222222222222
2026-27,1022600124,2026-06-22,Jun,TOR,ATL,away,L,87,94,84.5,-7,181,1,0,3,1,6,4,2,1,14.4,Temi Fagbenle,1627701,-7,,10,2,False,1,3,17.9,16.0,6.6,4.1,1.8,13,1,13.899999999999999,0.686111111111111,0.41666666666666663,0.3333333333333333,0.5
2026-27,1022600132,2026-06-25,Jun,TOR,LAS,home,W,125,97,86.5,28,222,3,0,2,0,5,2,0,0,19.3,Temi Fagbenle,1627701,15,,4,6,False,0,1,17.9,16.0,6.6,4.1,1.8,13,0,14.7,0.31088082901554404,0.25906735751295334,0.0,0.4
2026-27,1022600138,2026-06-27,Jun,TOR,PHX,home,L,80,89,78.5,-9,169,3,0,1,0,6,4,2,0,18.7,Temi Fagbenle,1627701,-1,,8,4,False,0,0,17.9,16.0,6.6,4.1,1.8,15,0,17.3,0.3679144385026738,0.32085561497326204,0.3333333333333333,0.16666666666666666
2026-27,1022600152,2026-07-05,Jul,TOR,DAL,home,L,76,89,76.0,-13,165,0,0,0,0,0,0,0,0,0.0,Temi Fagbenle,1627701,0,,0,0,False,0,0,17.9,16.0,6.6,4.1,1.8,0,0,0.0,,,,
2026-27,1022600159,2026-07-08,Jul,TOR,GSV,home,L,75,83,76.0,-8,158,0,0,0,0,0,0,0,0,0.0,Temi Fagbenle,1627701,0,,0,0,False,0,0,17.9,16.0,6.6,4.1,1.8,0,0,0.0,,,,
2026-27,1022600166,2026-07-10,Jul,TOR,DAL,home,L,95,108,78.5,-13,203,0,0,0,0,0,0,0,0,0.0,Temi Fagbenle,1627701,0,,0,0,False,0,0,17.9,16.0,6.6,4.1,1.8,0,0,0.0,,,,
2026-27,1022600009,2026-05-10,May,LAS,LVA,home,L,78,105,83.0,-27,183,0,0,1,1,1,1,0,0,1.9,Emma Cannon,1628242,1,,3,0,False,0,2,7.4,21.6,5.1,1.3,0.6000000000000001,3,0,1.0,1.5789473684210527,0.5263157894736842,0.0,1.0
2026-27,1022600018,2026-05-13,May,LAS,IND,home,L,78,87,82.0,-9,165,0,0,0,0,0,0,0,0,0.0,Emma Cannon,1628242,0,,0,0,False,0,0,7.4,21.6,5.1,1.3,0.6000000000000001,0,0,0.0,,,,
2026-27,1022600023,2026-05-15,May,LAS,TOR,home,W,99,95,80.0,4,194,0,0,0,0,0,0,0,0,0.0,Emma Cannon,1628242,0,,0,0,False,0,0,7.4,21.6,5.1,1.3,0.6000000000000001,0,0,0.0,,,,
2026-27,1022600028,2026-05-17,May,LAS,TOR,home,L,96,106,80.0,-10,202,0,0,0,0,0,0,0,0,0.0,Emma Cannon,1628242,0,,0,0,False,0,0,7.4,21.6,5.1,1.3,0.6000000000000001,0,0,0.0,,,,
2026-27,1022600037,2026-05-21,May,LAS,PHX,away,W,97,88,81.0,9,185,0,0,0,0,0,0,0,0,0.0,Emma Cannon,1628242,0,,0,0,False,0,0,7.4,21.6,5.1,1.3,0.6000000000000001,0,0,0.0,,,,
2026-27,1022600043,2026-05-23,May,LAS,LVA,away,W,101,95,84.0,6,196,0,0,0,0,0,0,0,0,0.7,Emma Cannon,1628242,1,,0,0,False,0,0,7.4,21.6,5.1,1.3,0.6000000000000001,0,0,0.0,0.0,0.0,,
2026-27,1022600057,2026-05-29,May,LAS,WAS,away,W,92,87,81.0,5,179,0,0,0,0,0,0,0,0,0.0,Emma Cannon,1628242,0,,0,0,False,0,0,7.4,21.6,5.1,1.3,0.6000000000000001,0,0,0.0,,,,
2026-27,1022600061,2026-05-30,May,LAS,CON,away,L,81,84,83.0,-3,165,0,0,0,0,0,0,0,0,0.0,Emma Cannon,1628242,0,,0,0,False,0,0,7.4,21.6,5.1,1.3,0.6000000000000001,0,0,0.0,,,,
2026-27,1022600069,2026-06-02,Jun,LAS,LVA,home,L,69,79,78.5,-10,148,0,0,0,0,0,0,0,0,0.0,Emma Cannon,1628242,0,,0,0,False,0,0,7.4,21.6,5.1,1.3,0.6000000000000001,0,0,0.0,,,,
2026-27,1022600075,2026-06-05,Jun,LAS,DAL,home,L,96,104,83.5,-8,200,0,0,0,0,0,0,0,0,0.0,Emma Cannon,1628242,0,,0,0,False,0,0,7.4,21.6,5.1,1.3,0.6000000000000001,0,0,0.0,,,,
2026-27,1022600082,2026-06-07,Jun,LAS,PDX,home,W,89,72,81.0,17,161,0,0,0,0,0,0,0,0,0.0,Emma Cannon,1628242,0,,0,0,False,0,0,7.4,21.6,5.1,1.3,0.6000000000000001,0,0,0.0,,,,
2026-27,1022600090,2026-06-10,Jun,LAS,SEA,away,W,88,83,80.5,5,171,0,0,0,0,0,0,0,0,0.0,Emma Cannon,1628242,0,,0,0,False,0,0,7.4,21.6,5.1,1.3,0.6000000000000001,0,0,0.0,,,,
2026-27,1022600100,2026-06-13,Jun,LAS,PHX,away,W,111,102,88.5,9,213,0,0,0,0,0,0,0,0,0.0,Emma Cannon,1628242,0,,0,0,False,0,0,7.4,21.6,5.1,1.3,0.6000000000000001,0,0,0.0,,,,
2026-27,1022600105,2026-06-15,Jun,LAS,GSV,away,L,58,78,73.5,-20,136,0,0,0,0,0,0,0,0,0.0,Emma Cannon,1628242,0,,0,0,False,0,0,7.4,21.6,5.1,1.3,0.6000000000000001,0,0,0.0,,,,
2026-27,1022600110,2026-06-17,Jun,LAS,MIN,home,L,83,99,86.5,-16,182,1,0,2,1,2,1,2,2,4.0,Emma Cannon,1628242,4,,5,1,False,0,0,7.4,21.6,5.1,1.3,0.6000000000000001,7,0,7.7,0.72,0.5,1.0,1.0
2026-27,1022600122,2026-06-21,Jun,LAS,NYL,home,W,98,97,83.5,1,195,0,0,0,0,0,0,0,0,0.0,Emma Cannon,1628242,0,,0,0,False,0,0,7.4,21.6,5.1,1.3,0.6000000000000001,0,0,0.0,,,,
2026-27,1022600132,2026-06-25,Jun,LAS,TOR,away,L,97,125,86.5,-28,222,0,0,5,2,7,2,6,4,14.0,Emma Cannon,1628242,-8,,10,1,False,0,1,7.4,21.6,5.1,1.3,0.6000000000000001,11,0,10.2,0.76,0.5,0.8571428571428571,0.7142857142857143
2026-27,1022600139,2026-06-27,Jun,LAS,IND,away,L,87,111,85.5,-24,198,1,0,2,1,2,1,4,3,7.3,Emma Cannon,1628242,2,,6,1,False,0,0,7.4,21.6,5.1,1.3,0.6000000000000001,8,0,8.7,0.5150684931506849,0.273972602739726,2.0,1.0
2026-27,1022600156,2026-07-06,Jul,LAS,SEA,home,L,64,82,85.0,-18,146,3,1,2,1,4,2,0,0,15.3,Emma Cannon,1628242,-1,,5,3,False,0,1,7.4,21.6,5.1,1.3,0.6000000000000001,11,1,15.100000000000001,0.32679738562091504,0.26143790849673204,0.0,0.5
2026-27,1022600161,2026-07-08,Jul,LAS,IND,home,W,106,92,91.5,14,198,0,0,1,1,1,1,0,0,3.2,Emma Cannon,1628242,1,,3,0,False,0,0,7.4,21.6,5.1,1.3,0.6000000000000001,3,0,3.0,0.3125,0.3125,0.0,1.0
2026-27,1022600167,2026-07-10,Jul,LAS,CHI,home,W,102,87,87.0,15,189,0,0,1,1,4,3,2,2,12.7,Emma Cannon,1628242,11,,9,4,False,0,0,7.4,21.6,5.1,1.3,0.6000000000000001,13,0,13.8,0.384251968503937,0.31496062992125984,0.5,0.25
2026-27,1022600011,2026-05-10,May,PHX,GSV,away,L,79,95,76.5,-16,174,0,0,0,0,0,0,0,0,0.0,Sami Whitcomb,1628244,0,,0,0,False,0,0,11.0,27.3,2.0,4.0,1.0,0,0,0.0,,,,
2026-27,1022600013,2026-05-12,May,PHX,MIN,home,L,84,88,81.0,-4,172,0,0,0,0,0,0,0,0,0.0,Sami Whitcomb,1628244,0,,0,0,False,0,0,11.0,27.3,2.0,4.0,1.0,0,0,0.0,,,,
2026-27,1022600024,2026-05-15,May,PHX,CHI,home,W,91,83,83.0,8,174,0,0,0,0,0,0,0,0,0.0,Sami Whitcomb,1628244,0,,0,0,False,0,0,11.0,27.3,2.0,4.0,1.0,0,0,0.0,,,,
2026-27,1022600031,2026-05-19,May,PHX,TOR,home,L,90,98,82.5,-8,188,0,0,0,0,0,0,0,0,0.0,Sami Whitcomb,1628244,0,,0,0,False,0,0,11.0,27.3,2.0,4.0,1.0,0,0,0.0,,,,
2026-27,1022600037,2026-05-21,May,PHX,LAS,home,L,88,97,81.0,-9,185,0,0,0,0,0,0,0,0,0.0,Sami Whitcomb,1628244,0,,0,0,False,0,0,11.0,27.3,2.0,4.0,1.0,0,0,0.0,,,,
2026-27,1022600044,2026-05-24,May,PHX,ATL,away,L,80,82,76.5,-2,162,0,0,0,0,0,0,0,0,0.0,Sami Whitcomb,1628244,0,,0,0,False,0,0,11.0,27.3,2.0,4.0,1.0,0,0,0.0,,,,
2026-27,1022600056,2026-05-29,May,PHX,NYL,away,L,68,75,76.0,-7,143,0,0,0,0,0,0,0,0,0.0,Sami Whitcomb,1628244,0,,0,0,False,0,0,11.0,27.3,2.0,4.0,1.0,0,0,0.0,,,,
2026-27,1022600065,2026-06-01,Jun,PHX,MIN,home,L,77,111,79.0,-34,188,0,0,0,0,0,0,0,0,0.0,Sami Whitcomb,1628244,0,,0,0,False,0,0,11.0,27.3,2.0,4.0,1.0,0,0,0.0,,,,
2026-27,1022600071,2026-06-03,Jun,PHX,SEA,away,W,72,68,79.5,4,140,0,0,0,0,0,0,0,0,0.0,Sami Whitcomb,1628244,0,,0,0,False,0,0,11.0,27.3,2.0,4.0,1.0,0,0,0.0,,,,
2026-27,1022600076,2026-06-05,Jun,PHX,PDX,away,W,78,72,74.5,6,150,0,0,0,0,0,0,0,0,0.0,Sami Whitcomb,1628244,0,,0,0,False,0,0,11.0,27.3,2.0,4.0,1.0,0,0,0.0,,,,
2026-27,1022600100,2026-06-13,Jun,PHX,LAS,home,L,102,111,88.5,-9,213,0,0,0,0,0,0,0,0,0.0,Sami Whitcomb,1628244,0,,0,0,False,0,0,11.0,27.3,2.0,4.0,1.0,0,0,0.0,,,,
2026-27,1022600111,2026-06-17,Jun,PHX,LVA,home,L,76,86,77.0,-10,162,0,0,0,0,0,0,0,0,0.0,Sami Whitcomb,1628244,0,,0,0,False,0,0,11.0,27.3,2.0,4.0,1.0,0,0,0.0,,,,
2026-27,1022600118,2026-06-20,Jun,PHX,SEA,home,W,93,73,78.5,20,166,0,0,0,0,0,0,0,0,0.0,Sami Whitcomb,1628244,0,,0,0,False,0,0,11.0,27.3,2.0,4.0,1.0,0,0,0.0,,,,
2026-27,1022600125,2026-06-22,Jun,PHX,IND,away,L,77,86,80.5,-9,163,0,0,0,0,0,0,0,0,0.0,Sami Whitcomb,1628244,0,,0,0,False,0,0,11.0,27.3,2.0,4.0,1.0,0,0,0.0,,,,
2026-27,1022600128,2026-06-24,Jun,PHX,IND,away,W,111,109,84.0,2,220,0,0,0,0,0,0,0,0,0.0,Sami Whitcomb,1628244,0,,0,0,False,0,0,11.0,27.3,2.0,4.0,1.0,0,0,0.0,,,,
2026-27,1022600138,2026-06-27,Jun,PHX,TOR,away,W,89,80,78.5,9,169,0,0,0,0,0,0,0,0,0.0,Sami Whitcomb,1628244,0,,0,0,False,0,0,11.0,27.3,2.0,4.0,1.0,0,0,0.0,,,,
2026-27,1022600147,2026-07-02,Jul,PHX,SEA,home,W,90,67,76.0,23,157,0,0,0,0,0,0,0,0,0.0,Sami Whitcomb,1628244,0,,0,0,False,0,0,11.0,27.3,2.0,4.0,1.0,0,0,0.0,,,,
2026-27,1022600158,2026-07-07,Jul,PHX,CHI,home,L,66,77,80.0,-11,143,0,0,0,0,0,0,0,0,0.0,Sami Whitcomb,1628244,0,,0,0,False,0,0,11.0,27.3,2.0,4.0,1.0,0,0,0.0,,,,
2026-27,1022600163,2026-07-09,Jul,PHX,IND,home,L,89,92,78.5,-3,181,1,0,5,0,5,0,2,2,11.2,Sami Whitcomb,1628244,8,,2,4,False,1,1,11.0,27.3,2.0,4.0,1.0,7,1,10.3,0.6142857142857143,0.44642857142857145,0.4,1.0
2026-27,1022600010,2026-05-09,May,MIN,ATL,home,L,90,91,86.5,-1,181,1,3,3,1,4,1,0,0,31.1,Nia Coffey,1628269,-8,F,3,3,True,1,0,26.5,13.2,8.2,5.7,2.3,7,4,20.1,0.12861736334405144,0.12861736334405144,0.0,0.75
2026-27,1022600013,2026-05-12,May,MIN,PHX,away,W,88,84,81.0,4,172,0,1,4,3,7,5,0,0,20.8,Nia Coffey,1628269,3,F,13,10,False,0,1,26.5,13.2,8.2,5.7,2.3,23,1,27.0,0.3846153846153846,0.3365384615384615,0.0,0.5714285714285714
2026-27,1022600019,2026-05-14,May,MIN,DAL,away,W,90,86,78.0,4,176,1,2,3,3,6,5,0,0,29.6,Nia Coffey,1628269,8,F,13,8,True,1,1,26.5,13.2,8.2,5.7,2.3,22,3,32.1,0.23648648648648649,0.2027027027027027,0.0,0.5
2026-27,1022600025,2026-05-17,May,MIN,CHI,home,L,79,86,84.5,-7,165,2,0,3,0,4,1,0,0,25.1,Nia Coffey,1628269,-1,F,2,3,True,0,1,26.5,13.2,8.2,5.7,2.3,7,0,7.6,0.199203187250996,0.1593625498007968,0.0,0.75
2026-27,1022600036,2026-05-21,May,MIN,TOR,home,W,100,72,77.5,28,172,2,0,0,0,4,4,0,0,24.7,Nia Coffey,1628269,11,F,8,3,True,1,1,26.5,13.2,8.2,5.7,2.3,13,1,16.6,0.20242914979757085,0.16194331983805668,0.0,0.0
2026-27,1022600041,2026-05-23,May,MIN,CHI,away,W,85,75,86.5,10,160,0,2,7,1,11,3,1,1,24.7,Nia Coffey,1628269,7,F,8,7,True,0,4,26.5,13.2,8.2,5.7,2.3,15,2,18.4,0.6251012145748988,0.4453441295546559,0.09090909090909091,0.6363636363636364
2026-27,1022600051,2026-05-27,May,MIN,ATL,home,W,96,81,77.0,15,177,3,0,5,2,10,6,0,0,31.1,Nia Coffey,1628269,16,F,14,5,True,1,0,26.5,13.2,8.2,5.7,2.3,22,1,27.5,0.3215434083601286,0.3215434083601286,0.0,0.5
2026-27,1022600058,2026-05-29,May,MIN,CHI,away,W,79,58,86.0,21,137,2,1,9,6,12,7,0,0,26.4,Nia Coffey,1628269,20,F,20,8,True,1,1,26.5,13.2,8.2,5.7,2.3,30,2,37.6,0.49242424242424243,0.4545454545454546,0.0,0.75
2026-27,1022600065,2026-06-01,Jun,MIN,PHX,away,W,111,77,79.0,34,188,2,0,4,2,5,3,0,0,22.1,Nia Coffey,1628269,16,F,8,6,False,1,0,26.5,13.2,8.2,5.7,2.3,16,1,21.2,0.2262443438914027,0.2262443438914027,0.0,0.8
2026-27,1022600073,2026-06-04,Jun,MIN,GSV,home,W,87,84,75.5,3,171,5,3,4,1,6,1,0,0,35.0,Nia Coffey,1628269,3,F,3,6,True,0,2,26.5,13.2,8.2,5.7,2.3,14,3,24.7,0.22857142857142856,0.17142857142857143,0.0,0.6666666666666666
2026-27,1022600077,2026-06-06,Jun,MIN,SEA,home,W,88,68,80.0,20,156,5,2,6,2,6,2,0,0,27.4,Nia Coffey,1628269,9,F,6,8,True,3,1,26.5,13.2,8.2,5.7,2.3,19,5,37.1,0.25547445255474455,0.21897810218978103,0.0,1.0
2026-27,1022600087,2026-06-09,Jun,MIN,DAL,home,W,100,76,84.0,24,176,1,0,3,0,10,3,0,0,25.0,Nia Coffey,1628269,10,F,6,8,True,0,0,26.5,13.2,8.2,5.7,2.3,15,0,17.1,0.4,0.4,0.0,0.3
2026-27,1022600098,2026-06-13,Jun,MIN,LVA,away,L,97,100,77.5,-3,197,2,2,2,1,2,1,0,0,26.5,Nia Coffey,1628269,0,F,3,3,True,0,0,26.5,13.2,8.2,5.7,2.3,8,2,15.6,0.07547169811320754,0.07547169811320754,0.0,1.0
2026-27,1022600104,2026-06-15,Jun,MIN,PDX,home,W,107,74,81.5,33,181,4,3,4,3,9,6,2,0,20.9,Nia Coffey,1628269,16,F,15,5,False,3,0,26.5,13.2,8.2,5.7,2.3,24,6,45.0,0.4727272727272728,0.430622009569378,0.2222222222222222,0.4444444444444444
2026-27,1022600110,2026-06-17,Jun,MIN,LAS,away,W,99,83,86.5,16,182,2,1,2,1,6,3,0,0,28.5,Nia Coffey,1628269,20,F,7,6,True,5,1,26.5,13.2,8.2,5.7,2.3,15,6,34.2,0.24561403508771928,0.21052631578947367,0.0,0.3333333333333333
2026-27,1022600116,2026-06-19,Jun,MIN,GSV,away,W,81,75,78.5,6,156,3,1,4,3,11,7,6,5,32.7,Nia Coffey,1628269,7,F,22,6,True,0,1,26.5,13.2,8.2,5.7,2.3,31,1,35.7,0.4477064220183486,0.33639143730886845,0.5454545454545454,0.36363636363636365
2026-27,1022600121,2026-06-21,Jun,MIN,WAS,home,L,79,84,82.0,-5,163,2,4,5,1,6,2,0,0,31.2,Nia Coffey,1628269,-7,F,5,8,True,2,0,26.5,13.2,8.2,5.7,2.3,15,6,35.6,0.19230769230769232,0.19230769230769232,0.0,0.8333333333333334
2026-27,1022600129,2026-06-24,Jun,MIN,WAS,away,W,78,76,86.0,2,154,5,1,5,1,6,2,0,0,22.6,Nia Coffey,1628269,-3,F,5,5,True,2,1,26.5,13.2,8.2,5.7,2.3,15,3,26.5,0.30973451327433627,0.2654867256637168,0.0,0.8333333333333334
2026-27,1022600141,2026-06-28,Jun,MIN,DAL,away,W,85,77,81.5,8,162,2,1,3,2,7,3,2,1,34.1,Nia Coffey,1628269,4,F,9,8,True,2,0,26.5,13.2,8.2,5.7,2.3,19,3,30.6,0.2310850439882698,0.20527859237536655,0.2857142857142857,0.42857142857142855
2026-27,1022600148,2026-07-03,Jul,MIN,NYL,away,L,86,99,78.0,-13,185,3,1,6,1,11,2,2,2,28.1,Nia Coffey,1628269,-13,F,7,5,True,1,1,26.5,13.2,8.2,5.7,2.3,15,2,22.5,0.4583629893238434,0.39145907473309605,0.18181818181818182,0.5454545454545454
2026-27,1022600155,2026-07-06,Jul,MIN,CON,home,L,89,90,80.5,-1,179,3,3,4,0,6,0,2,2,19.8,Nia Coffey,1628269,3,F,2,4,False,0,0,26.5,13.2,8.2,5.7,2.3,9,3,20.3,0.34747474747474744,0.30303030303030304,0.3333333333333333,0.6666666666666666
2026-27,1022600160,2026-07-08,Jul,MIN,CON,away,W,86,80,78.5,6,166,0,1,1,0,2,0,4,1,14.3,Nia Coffey,1628269,-8,F,1,1,False,0,1,26.5,13.2,8.2,5.7,2.3,2,1,4.2,0.3328671328671328,0.13986013986013984,2.0,0.5
2026-27,1022600009,2026-05-10,May,LAS,LVA,home,L,78,105,83.0,-27,183,2,0,8,4,18,10,4,3,34.8,Kelsey Plum,1628276,-25,G,27,4,True,0,3,34.6,27.4,23.9,2.2,6.4,33,0,31.799999999999997,0.6540229885057472,0.5172413793103449,0.2222222222222222,0.4444444444444444
2026-27,1022600018,2026-05-13,May,LAS,IND,home,L,78,87,82.0,-9,165,4,0,5,1,16,9,8,6,36.7,Kelsey Plum,1628276,-10,G,25,1,True,1,5,34.6,27.4,23.9,2.2,6.4,30,1,30.200000000000003,0.6681198910081744,0.435967302452316,0.5,0.3125
2026-27,1022600023,2026-05-15,May,LAS,TOR,home,W,99,95,80.0,4,194,9,0,8,4,16,10,4,3,32.7,Kelsey Plum,1628276,8,G,27,0,True,3,2,34.6,27.4,23.9,2.2,6.4,36,3,47.5,0.6042813455657492,0.48929663608562685,0.25,0.5
2026-27,1022600028,2026-05-17,May,LAS,TOR,home,L,96,106,80.0,-10,202,7,0,3,1,14,9,11,9,36.3,Kelsey Plum,1628276,-6,G,28,1,True,1,3,34.6,27.4,23.9,2.2,6.4,36,1,39.7,0.6016528925619835,0.3856749311294766,0.7857142857142857,0.21428571428571427
2026-27,1022600037,2026-05-21,May,LAS,PHX,away,W,97,88,81.0,9,185,7,0,10,4,14,6,0,0,33.7,Kelsey Plum,1628276,14,G,16,1,True,1,4,34.6,27.4,23.9,2.2,6.4,24,1,26.7,0.5341246290801186,0.4154302670623145,0.0,0.7142857142857143
2026-27,1022600043,2026-05-23,May,LAS,LVA,away,W,101,95,84.0,6,196,9,0,7,6,17,12,8,8,37.0,Kelsey Plum,1628276,11,G,38,4,True,1,3,34.6,27.4,23.9,2.2,6.4,51,1,56.3,0.6356756756756756,0.4594594594594595,0.47058823529411764,0.4117647058823529
2026-27,1022600061,2026-05-30,May,LAS,CON,away,L,81,84,83.0,-3,165,0,0,0,0,0,0,0,0,0.0,Kelsey Plum,1628276,0,,0,0,False,0,0,34.6,27.4,23.9,2.2,6.4,0,0,0.0,,,,
2026-27,1022600075,2026-06-05,Jun,LAS,DAL,home,L,96,104,83.5,-8,200,6,0,6,1,16,10,8,6,32.7,Kelsey Plum,1628276,-7,G,27,2,True,0,5,34.6,27.4,23.9,2.2,6.4,35,0,33.4,0.7498470948012231,0.48929663608562685,0.5,0.375
2026-27,1022600082,2026-06-07,Jun,LAS,PDX,home,W,89,72,81.0,17,161,7,0,3,1,10,5,5,5,34.7,Kelsey Plum,1628276,16,G,16,6,True,3,1,34.6,27.4,23.9,2.2,6.4,29,3,41.7,0.38040345821325644,0.2881844380403458,0.5,0.3
2026-27,1022600090,2026-06-10,Jun,LAS,SEA,away,W,88,83,80.5,5,171,11,0,9,2,17,6,8,5,33.1,Kelsey Plum,1628276,4,G,19,1,True,4,3,34.6,27.4,23.9,2.2,6.4,31,4,45.7,0.7105740181268881,0.5135951661631419,0.47058823529411764,0.5294117647058824
2026-27,1022600100,2026-06-13,Jun,LAS,PHX,away,W,111,102,88.5,9,213,7,0,11,5,26,14,12,10,36.9,Kelsey Plum,1628276,9,G,43,2,True,0,5,34.6,27.4,23.9,2.2,6.4,52,0,50.9,0.9831978319783199,0.7046070460704608,0.46153846153846156,0.4230769230769231
2026-27,1022600105,2026-06-15,Jun,LAS,GSV,away,L,58,78,73.5,-20,136,1,0,4,1,10,3,3,2,29.3,Kelsey Plum,1628276,-22,G,9,1,True,0,2,34.6,27.4,23.9,2.2,6.4,11,0,9.7,0.4546075085324232,0.341296928327645,0.3,0.4
2026-27,1022600122,2026-06-21,Jun,LAS,NYL,home,W,98,97,83.5,1,195,7,0,7,1,14,5,1,1,35.9,Kelsey Plum,1628276,4,G,12,3,True,0,1,34.6,27.4,23.9,2.2,6.4,22,0,25.1,0.43008356545961,0.38997214484679665,0.07142857142857142,0.5
2026-27,1022600132,2026-06-25,Jun,LAS,TOR,away,L,97,125,86.5,-28,222,0,0,0,0,0,0,0,0,0.0,Kelsey Plum,1628276,0,,0,0,False,0,0,34.6,27.4,23.9,2.2,6.4,0,0,0.0,,,,
2026-27,1022600139,2026-06-27,Jun,LAS,IND,away,L,87,111,85.5,-24,198,0,0,0,0,0,0,0,0,0.0,Kelsey Plum,1628276,0,,0,0,False,0,0,34.6,27.4,23.9,2.2,6.4,0,0,0.0,,,,
2026-27,1022600010,2026-05-09,May,ATL,MIN,away,W,91,90,86.5,1,181,3,1,8,1,18,7,11,9,32.5,Allisha Gray,1628277,13,G,24,8,True,2,4,33.2,23.4,18.6,3.2,2.3,35,3,43.1,0.8258461538461539,0.5538461538461539,0.6111111111111112,0.4444444444444444
2026-27,1022600012,2026-05-12,May,ATL,DAL,away,W,77,72,78.0,5,149,0,1,9,4,20,9,4,4,33.8,Allisha Gray,1628277,9,G,26,4,True,0,0,33.2,23.4,18.6,3.2,2.3,30,1,33.8,0.6437869822485208,0.591715976331361,0.2,0.45
2026-27,1022600026,2026-05-17,May,ATL,LVA,home,L,84,85,85.0,-1,169,1,1,5,1,18,8,11,8,37.0,Allisha Gray,1628277,1,F,25,9,True,0,2,33.2,23.4,18.6,3.2,2.3,35,1,38.3,0.6713513513513514,0.4864864864864865,0.6111111111111112,0.2777777777777778
2026-27,1022600038,2026-05-22,May,ATL,DAL,home,W,86,69,78.0,17,155,1,1,3,0,14,7,2,2,34.1,Allisha Gray,1628277,12,G,16,4,True,1,1,33.2,23.4,18.6,3.2,2.3,21,2,27.3,0.4656891495601173,0.4105571847507331,0.14285714285714285,0.21428571428571427
2026-27,1022600044,2026-05-24,May,ATL,PHX,home,W,82,80,76.5,2,162,0,0,5,2,15,7,3,2,35.9,Allisha Gray,1628277,7,G,18,1,True,1,3,33.2,23.4,18.6,3.2,2.3,19,1,19.2,0.5381615598885794,0.4178272980501393,0.2,0.3333333333333333
2026-27,1022600051,2026-05-27,May,ATL,MIN,away,L,81,96,77.0,-15,177,3,0,8,5,11,7,2,2,30.7,Allisha Gray,1628277,-15,G,21,0,True,1,3,33.2,23.4,18.6,3.2,2.3,24,1,25.5,0.4846905537459284,0.3583061889250814,0.18181818181818182,0.7272727272727273
2026-27,1022600059,2026-05-29,May,ATL,PDX,away,W,86,66,77.5,20,152,1,0,7,3,12,3,4,4,30.2,Allisha Gray,1628277,26,G,13,3,True,3,1,33.2,23.4,18.6,3.2,2.3,17,3,26.1,0.48874172185430464,0.3973509933774835,0.3333333333333333,0.5833333333333334
2026-27,1022600066,2026-06-02,Jun,ATL,CON,home,W,91,75,77.5,16,166,2,1,9,3,17,9,7,5,36.0,Allisha Gray,1628277,15,G,26,7,True,1,2,33.2,23.4,18.6,3.2,2.3,35,2,41.4,0.6133333333333333,0.4722222222222222,0.4117647058823529,0.5294117647058824
2026-27,1022600072,2026-06-04,Jun,ATL,IND,away,L,71,83,77.5,-12,154,2,0,4,0,18,5,3,3,36.0,Allisha Gray,1628277,-11,G,13,1,True,2,1,33.2,23.4,18.6,3.2,2.3,16,2,22.2,0.5644444444444444,0.5,0.16666666666666666,0.2222222222222222
2026-27,1022600079,2026-06-06,Jun,ATL,WAS,home,W,109,77,77.5,32,186,5,0,2,1,4,1,15,12,25.3,Allisha Gray,1628277,14,G,15,1,True,0,1,33.2,23.4,18.6,3.2,2.3,21,0,22.7,0.458498023715415,0.15810276679841898,3.75,0.5
2026-27,1022600086,2026-06-09,Jun,ATL,CHI,away,W,82,75,77.0,7,157,1,0,1,0,11,6,2,2,35.1,Allisha Gray,1628277,8,G,14,4,True,3,1,33.2,23.4,18.6,3.2,2.3,19,3,28.3,0.36695156695156694,0.31339031339031337,0.18181818181818182,0.09090909090909091
2026-27,1022600092,2026-06-11,Jun,ATL,NYL,home,L,90,104,80.5,-14,194,2,0,3,1,11,7,9,3,30.9,Allisha Gray,1628277,-1,G,18,3,True,1,0,33.2,23.4,18.6,3.2,2.3,23,1,27.6,0.48414239482200655,0.3559870550161812,0.8181818181818182,0.2727272727272727
2026-27,1022600102,2026-06-14,Jun,ATL,TOR,away,W,102,77,81.0,25,179,7,0,9,5,14,8,6,5,35.4,Allisha Gray,1628277,26,G,26,3,True,1,0,33.2,23.4,18.6,3.2,2.3,36,1,43.1,0.47005649717514125,0.3954802259887006,0.42857142857142855,0.6428571428571429
2026-27,1022600113,2026-06-18,Jun,ATL,IND,away,W,108,101,87.5,7,209,3,0,3,1,11,6,5,4,34.5,Allisha Gray,1628277,16,G,17,0,True,3,2,33.2,23.4,18.6,3.2,2.3,20,3,28.5,0.4405797101449275,0.3188405797101449,0.45454545454545453,0.2727272727272727
2026-27,1022600117,2026-06-20,Jun,ATL,IND,home,W,113,96,84.5,17,209,1,1,6,2,18,9,4,2,32.9,Allisha Gray,1628277,23,G,22,5,True,3,1,33.2,23.4,18.6,3.2,2.3,28,4,40.5,0.6310030395136779,0.5471124620060791,0.2222222222222222,0.3333333333333333
2026-27,1022600124,2026-06-22,Jun,ATL,TOR,home,W,94,87,84.5,7,181,3,0,6,1,15,5,8,7,32.5,Allisha Gray,1628277,23,G,18,1,True,5,2,33.2,23.4,18.6,3.2,2.3,22,5,36.7,0.6313846153846153,0.46153846153846156,0.5333333333333333,0.4
2026-27,1022600131,2026-06-24,Jun,ATL,GSV,away,L,66,77,73.5,-11,143,0,0,5,1,10,3,3,1,24.6,Allisha Gray,1628277,-22,G,8,1,True,1,1,33.2,23.4,18.6,3.2,2.3,9,1,11.2,0.5008130081300813,0.4065040650406504,0.3,0.5
2026-27,1022600137,2026-06-26,Jun,ATL,GSV,away,L,75,78,81.0,-3,153,2,0,4,1,13,5,5,3,36.2,Allisha Gray,1628277,-5,G,14,2,True,2,2,33.2,23.4,18.6,3.2,2.3,18,2,23.4,0.4751381215469613,0.3591160220994475,0.38461538461538464,0.3076923076923077
2026-27,1022600140,2026-06-27,Jun,ATL,SEA,away,L,90,105,83.0,-15,195,2,0,7,1,16,5,4,4,35.5,Allisha Gray,1628277,-20,G,15,3,True,1,1,33.2,23.4,18.6,3.2,2.3,20,1,23.6,0.5284507042253521,0.4507042253521127,0.25,0.4375
2026-27,1022600145,2026-07-02,Jul,ATL,WAS,away,L,76,81,82.0,-5,157,3,1,5,0,16,7,8,3,33.0,Allisha Gray,1628277,-3,G,17,4,True,2,2,33.2,23.4,18.6,3.2,2.3,24,3,33.3,0.6521212121212121,0.48484848484848486,0.5,0.3125
2026-27,1022600150,2026-07-04,Jul,ATL,GSV,home,L,83,88,79.0,-5,171,3,0,5,1,17,5,16,11,35.6,Allisha Gray,1628277,-13,G,22,4,True,1,4,33.2,23.4,18.6,3.2,2.3,29,1,30.299999999999997,0.7876404494382022,0.47752808988764045,0.9411764705882353,0.29411764705882354
2026-27,1022600162,2026-07-09,Jul,ATL,SEA,home,W,89,78,89.5,11,167,5,1,3,1,13,7,7,7,32.3,Allisha Gray,1628277,15,G,22,3,True,1,3,33.2,23.4,18.6,3.2,2.3,30,2,36.1,0.5907120743034056,0.40247678018575855,0.5384615384615384,0.23076923076923078
2026-27,1022600004,2026-05-09,May,IND,DAL,home,L,104,107,89.0,-3,211,0,0,0,0,0,0,0,0,0.0,Shatori Walker-Kimbrough,1628278,0,,0,0,False,0,0,3.0,11.1,0.0,0.0,0.0,0,0,0.0,,,,
2026-27,1022600018,2026-05-13,May,IND,LAS,away,W,87,78,82.0,9,165,0,0,0,0,0,0,0,0,0.0,Shatori Walker-Kimbrough,1628278,0,,0,0,False,0,0,3.0,11.1,0.0,0.0,0.0,0,0,0.0,,,,
2026-27,1022600022,2026-05-15,May,IND,WAS,home,L,102,104,94.5,-2,206,0,0,0,0,0,0,0,0,0.0,Shatori Walker-Kimbrough,1628278,0,,0,0,False,0,0,3.0,11.1,0.0,0.0,0.0,0,0,0.0,,,,
2026-27,1022600027,2026-05-17,May,IND,SEA,home,W,89,78,84.0,11,167,0,0,0,0,1,0,0,0,3.2,Shatori Walker-Kimbrough,1628278,-9,,0,0,False,0,1,3.0,11.1,0.0,0.0,0.0,0,0,-1.0,0.625,0.3125,0.0,0.0
2026-27,1022600032,2026-05-20,May,IND,PDX,home,W,90,73,82.0,17,163,0,0,0,0,0,0,0,0,3.3,Shatori Walker-Kimbrough,1628278,-5,,0,0,False,0,0,3.0,11.1,0.0,0.0,0.0,0,0,0.0,0.0,0.0,,
2026-27,1022600162,2026-07-09,Jul,ATL,SEA,home,W,89,78,89.5,11,167,0,0,0,0,0,0,0,0,0.0,Shatori Walker-Kimbrough,1628278,0,,0,0,False,0,0,3.0,11.1,0.0,0.0,0.0,0,0,0.0,,,,
2026-27,1022600002,2026-05-08,May,TOR,WAS,home,L,65,68,81.5,-3,133,2,0,5,0,18,4,9,6,27.8,Brittney Sykes,1628279,-4,G,14,3,True,3,2,31.8,28.6,20.1,3.8,3.5,19,3,27.6,0.8618705035971224,0.6474820143884892,0.5,0.2777777777777778
2026-27,1022600015,2026-05-13,May,TOR,SEA,home,W,86,73,81.0,13,159,6,1,2,0,14,5,9,8,32.6,Brittney Sykes,1628279,11,G,18,8,True,1,4,31.8,28.6,20.1,3.8,3.5,32,2,38.6,0.6736196319018405,0.42944785276073616,0.6428571428571429,0.14285714285714285
2026-27,1022600023,2026-05-15,May,TOR,LAS,away,L,95,99,80.0,-4,194,7,0,7,2,19,7,11,11,34.9,Brittney Sykes,1628279,-7,G,27,4,True,4,3,31.8,28.6,20.1,3.8,3.5,38,4,51.3,0.769054441260745,0.5444126074498568,0.5789473684210527,0.3684210526315789
2026-27,1022600028,2026-05-17,May,TOR,LAS,away,W,106,96,80.0,10,202,3,1,8,3,21,10,15,15,37.9,Brittney Sykes,1628279,7,G,38,1,True,3,3,31.8,28.6,20.1,3.8,3.5,42,4,52.7,0.8073878627968338,0.554089709762533,0.7142857142857143,0.38095238095238093
2026-27,1022600031,2026-05-19,May,TOR,PHX,away,W,98,90,82.5,8,188,6,0,8,4,19,10,8,7,35.0,Brittney Sykes,1628279,2,G,31,7,True,0,0,31.8,28.6,20.1,3.8,3.5,44,0,48.4,0.6434285714285715,0.5428571428571428,0.42105263157894735,0.42105263157894735
2026-27,1022600036,2026-05-21,May,TOR,MIN,away,L,72,100,77.5,-28,172,4,0,4,1,7,2,1,1,20.5,Brittney Sykes,1628279,-14,G,6,3,True,0,1,31.8,28.6,20.1,3.8,3.5,13,0,14.6,0.4117073170731708,0.34146341463414637,0.14285714285714285,0.5714285714285714
2026-27,1022600042,2026-05-23,May,TOR,PDX,home,L,80,99,80.0,-19,179,5,0,2,0,9,3,4,4,33.9,Brittney Sykes,1628279,-23,G,10,0,True,1,7,31.8,28.6,20.1,3.8,3.5,15,1,13.5,0.5238938053097345,0.26548672566371684,0.4444444444444444,0.2222222222222222
2026-27,1022600050,2026-05-27,May,TOR,CHI,away,W,111,104,84.0,7,215,2,1,4,1,14,6,8,7,34.9,Brittney Sykes,1628279,3,G,20,6,True,0,0,31.8,28.6,20.1,3.8,3.5,28,1,33.2,0.5020057306590258,0.4011461318051576,0.5714285714285714,0.2857142857142857
2026-27,1022600060,2026-05-30,May,TOR,SEA,home,W,93,72,82.0,21,165,2,0,4,0,12,4,7,7,29.0,Brittney Sykes,1628279,8,G,15,3,True,1,1,31.8,28.6,20.1,3.8,3.5,20,1,23.6,0.5544827586206896,0.41379310344827586,0.5833333333333334,0.3333333333333333
2026-27,1022600070,2026-06-03,Jun,TOR,NYL,away,L,82,97,78.5,-15,179,1,1,1,0,18,8,1,1,34.1,Brittney Sykes,1628279,-12,G,17,5,True,3,2,31.8,28.6,20.1,3.8,3.5,23,4,34.5,0.5994134897360704,0.5278592375366569,0.05555555555555555,0.05555555555555555
2026-27,1022600081,2026-06-07,Jun,TOR,CHI,home,W,85,68,84.5,17,153,3,0,3,0,23,9,9,7,30.5,Brittney Sykes,1628279,17,G,25,7,True,1,0,31.8,28.6,20.1,3.8,3.5,35,1,40.9,0.8839344262295082,0.7540983606557377,0.391304347826087,0.13043478260869565
2026-27,1022600089,2026-06-10,Jun,TOR,CON,home,W,106,102,89.5,4,208,1,1,6,3,20,11,13,13,41.0,Brittney Sykes,1628279,4,G,38,4,True,2,2,31.8,28.6,20.1,3.8,3.5,43,3,51.3,0.6760975609756097,0.4878048780487805,0.65,0.3
2026-27,1022600095,2026-06-12,Jun,TOR,WAS,away,L,85,86,84.5,-1,171,3,1,2,1,14,7,6,5,30.8,Brittney Sykes,1628279,-5,G,20,2,True,1,5,31.8,28.6,20.1,3.8,3.5,25,2,27.9,0.7025974025974026,0.45454545454545453,0.42857142857142855,0.14285714285714285
2026-27,1022600102,2026-06-14,Jun,TOR,ATL,home,L,77,102,81.0,-25,179,4,1,2,0,12,5,2,1,34.5,Brittney Sykes,1628279,-18,G,11,2,True,0,4,31.8,28.6,20.1,3.8,3.5,17,1,18.4,0.48927536231884067,0.34782608695652173,0.16666666666666666,0.16666666666666666
2026-27,1022600106,2026-06-16,Jun,TOR,IND,away,L,91,113,88.5,-22,204,3,0,1,1,8,5,1,0,19.3,Brittney Sykes,1628279,6,G,11,2,True,0,1,31.8,28.6,20.1,3.8,3.5,16,0,16.9,0.4891191709844559,0.41450777202072536,0.125,0.125
2026-27,1022600114,2026-06-19,Jun,TOR,CON,away,W,101,97,84.0,4,198,0,0,0,0,0,0,0,0,0.0,Brittney Sykes,1628279,0,,0,0,False,0,0,31.8,28.6,20.1,3.8,3.5,0,0,0.0,,,,
2026-27,1022600124,2026-06-22,Jun,TOR,ATL,away,L,87,94,84.5,-7,181,0,0,0,0,0,0,0,0,0.0,Brittney Sykes,1628279,0,,0,0,False,0,0,31.8,28.6,20.1,3.8,3.5,0,0,0.0,,,,
2026-27,1022600132,2026-06-25,Jun,TOR,LAS,home,W,125,97,86.5,28,222,0,0,0,0,0,0,0,0,0.0,Brittney Sykes,1628279,0,,0,0,False,0,0,31.8,28.6,20.1,3.8,3.5,0,0,0.0,,,,
2026-27,1022600138,2026-06-27,Jun,TOR,PHX,home,L,80,89,78.5,-9,169,0,0,0,0,0,0,0,0,0.0,Brittney Sykes,1628279,0,,0,0,False,0,0,31.8,28.6,20.1,3.8,3.5,0,0,0.0,,,,
2026-27,1022600152,2026-07-05,Jul,TOR,DAL,home,L,76,89,76.0,-13,165,0,0,0,0,0,0,0,0,0.0,Brittney Sykes,1628279,0,,0,0,False,0,0,31.8,28.6,20.1,3.8,3.5,0,0,0.0,,,,
2026-27,1022600159,2026-07-08,Jul,TOR,GSV,home,L,75,83,76.0,-8,158,0,0,0,0,0,0,0,0,0.0,Brittney Sykes,1628279,0,,0,0,False,0,0,31.8,28.6,20.1,3.8,3.5,0,0,0.0,,,,
2026-27,1022600166,2026-07-10,Jul,TOR,DAL,home,L,95,108,78.5,-13,203,0,0,0,0,0,0,0,0,0.0,Brittney Sykes,1628279,0,,0,0,False,0,0,31.8,28.6,20.1,3.8,3.5,0,0,0.0,,,,
2026-27,1022600010,2026-05-09,May,ATL,MIN,away,W,91,90,86.5,1,181,0,0,0,0,0,0,0,0,0.0,Brionna Jones,1628280,0,,0,0,False,0,0,,,,,,0,0,0.0,,,,
2026-27,1022600038,2026-05-22,May,ATL,DAL,home,W,86,69,78.0,17,155,0,0,0,0,0,0,0,0,0.0,Brionna Jones,1628280,0,,0,0,False,0,0,,,,,,0,0,0.0,,,,
2026-27,1022600044,2026-05-24,May,ATL,PHX,home,W,82,80,76.5,2,162,0,0,0,0,0,0,0,0,0.0,Brionna Jones,1628280,0,,0,0,False,0,0,,,,,,0,0,0.0,,,,
2026-27,1022600051,2026-05-27,May,ATL,MIN,away,L,81,96,77.0,-15,177,0,0,0,0,0,0,0,0,0.0,Brionna Jones,1628280,0,,0,0,False,0,0,,,,,,0,0,0.0,,,,
2026-27,1022600059,2026-05-29,May,ATL,PDX,away,W,86,66,77.5,20,152,0,0,0,0,0,0,0,0,0.0,Brionna Jones,1628280,0,,0,0,False,0,0,,,,,,0,0,0.0,,,,
2026-27,1022600066,2026-06-02,Jun,ATL,CON,home,W,91,75,77.5,16,166,0,0,0,0,0,0,0,0,0.0,Brionna Jones,1628280,0,,0,0,False,0,0,,,,,,0,0,0.0,,,,
2026-27,1022600072,2026-06-04,Jun,ATL,IND,away,L,71,83,77.5,-12,154,0,0,0,0,0,0,0,0,0.0,Brionna Jones,1628280,0,,0,0,False,0,0,,,,,,0,0,0.0,,,,
2026-27,1022600079,2026-06-06,Jun,ATL,WAS,home,W,109,77,77.5,32,186,0,0,0,0,0,0,0,0,0.0,Brionna Jones,1628280,0,,0,0,False,0,0,,,,,,0,0,0.0,,,,
2026-27,1022600086,2026-06-09,Jun,ATL,CHI,away,W,82,75,77.0,7,157,0,0,0,0,0,0,0,0,0.0,Brionna Jones,1628280,0,,0,0,False,0,0,,,,,,0,0,0.0,,,,
2026-27,1022600092,2026-06-11,Jun,ATL,NYL,home,L,90,104,80.5,-14,194,0,0,0,0,0,0,0,0,0.0,Brionna Jones,1628280,0,,0,0,False,0,0,,,,,,0,0,0.0,,,,
2026-27,1022600102,2026-06-14,Jun,ATL,TOR,away,W,102,77,81.0,25,179,0,0,0,0,0,0,0,0,0.0,Brionna Jones,1628280,0,,0,0,False,0,0,,,,,,0,0,0.0,,,,
2026-27,1022600113,2026-06-18,Jun,ATL,IND,away,W,108,101,87.5,7,209,0,0,0,0,0,0,0,0,0.0,Brionna Jones,1628280,0,,0,0,False,0,0,,,,,,0,0,0.0,,,,
2026-27,1022600117,2026-06-20,Jun,ATL,IND,home,W,113,96,84.5,17,209,0,0,0,0,0,0,0,0,0.0,Brionna Jones,1628280,0,,0,0,False,0,0,,,,,,0,0,0.0,,,,
2026-27,1022600124,2026-06-22,Jun,ATL,TOR,home,W,94,87,84.5,7,181,0,0,0,0,0,0,0,0,0.0,Brionna Jones,1628280,0,,0,0,False,0,0,,,,,,0,0,0.0,,,,
2026-27,1022600140,2026-06-27,Jun,ATL,SEA,away,L,90,105,83.0,-15,195,0,0,0,0,0,0,0,0,0.0,Brionna Jones,1628280,0,,0,0,False,0,0,,,,,,0,0,0.0,,,,
2026-27,1022600145,2026-07-02,Jul,ATL,WAS,away,L,76,81,82.0,-5,157,0,0,0,0,0,0,0,0,0.0,Brionna Jones,1628280,0,,0,0,False,0,0,,,,,,0,0,0.0,,,,
2026-27,1022600150,2026-07-04,Jul,ATL,GSV,home,L,83,88,79.0,-5,171,0,0,0,0,0,0,0,0,0.0,Brionna Jones,1628280,0,,0,0,False,0,0,,,,,,0,0,0.0,,,,
2026-27,1022600162,2026-07-09,Jul,ATL,SEA,home,W,89,78,89.5,11,167,0,0,0,0,0,0,0,0,0.0,Brionna Jones,1628280,0,,0,0,False,0,0,,,,,,0,0,0.0,,,,
2026-27,1022600032,2026-05-20,May,PDX,IND,away,L,73,90,82.0,-17,163,0,0,0,0,0,0,0,0,0.0,Karlie Samuelson,1628317,0,,0,0,False,0,0,14.1,11.7,3.6,1.3,0.9,0,0,0.0,,,,
2026-27,1022600042,2026-05-23,May,PDX,TOR,away,W,99,80,80.0,19,179,0,0,0,0,0,0,0,0,0.0,Karlie Samuelson,1628317,0,,0,0,False,0,0,14.1,11.7,3.6,1.3,0.9,0,0,0.0,,,,
2026-27,1022600047,2026-05-25,May,PDX,NYL,away,W,81,74,78.0,7,155,1,1,3,0,4,1,0,0,12.8,Karlie Samuelson,1628317,-4,,2,1,False,0,0,14.1,11.7,3.6,1.3,0.9,4,1,7.7,0.3125,0.3125,0.0,0.75
2026-27,1022600052,2026-05-27,May,PDX,CON,home,W,71,61,75.5,10,132,1,0,2,0,2,0,0,0,11.6,Karlie Samuelson,1628317,6,,0,0,False,1,0,14.1,11.7,3.6,1.3,0.9,1,1,4.5,0.1724137931034483,0.1724137931034483,0.0,1.0
2026-27,1022600059,2026-05-29,May,PDX,ATL,home,L,66,86,77.5,-20,152,1,0,2,0,2,0,0,0,19.0,Karlie Samuelson,1628317,-15,,0,3,False,1,1,14.1,11.7,3.6,1.3,0.9,4,1,7.1,0.15789473684210525,0.10526315789473684,0.0,1.0
2026-27,1022600062,2026-05-30,May,PDX,IND,home,W,100,84,80.0,16,184,0,0,0,0,0,0,0,0,0.0,Karlie Samuelson,1628317,0,,0,0,False,0,0,14.1,11.7,3.6,1.3,0.9,0,0,0.0,,,,
2026-27,1022600068,2026-06-02,Jun,PDX,GSV,away,L,77,95,73.5,-18,172,1,0,3,0,4,1,0,0,11.9,Karlie Samuelson,1628317,3,,2,0,False,0,1,14.1,11.7,3.6,1.3,0.9,3,0,2.5,0.42016806722689076,0.3361344537815126,0.0,0.75
2026-27,1022600076,2026-06-05,Jun,PDX,PHX,home,L,72,78,74.5,-6,150,1,0,5,4,5,4,1,1,19.4,Karlie Samuelson,1628317,11,,13,3,True,1,0,14.1,11.7,3.6,1.3,0.9,17,1,21.1,0.2804123711340207,0.2577319587628866,0.2,1.0
2026-27,1022600082,2026-06-07,Jun,PDX,LAS,away,L,72,89,81.0,-17,161,0,1,2,0,3,1,4,4,11.3,Karlie Samuelson,1628317,-2,,6,1,False,1,0,14.1,11.7,3.6,1.3,0.9,7,2,13.2,0.4212389380530973,0.2654867256637168,1.3333333333333333,0.6666666666666666
2026-27,1022600094,2026-06-11,Jun,PDX,LVA,home,L,89,105,79.5,-16,194,2,1,1,0,1,0,2,1,11.8,Karlie Samuelson,1628317,-3,,1,1,False,0,1,14.1,11.7,3.6,1.3,0.9,4,1,7.199999999999999,0.24406779661016947,0.0847457627118644,2.0,1.0
2026-27,1022600099,2026-06-13,Jun,PDX,DAL,home,W,84,83,78.5,1,167,3,0,3,0,3,0,0,0,14.0,Karlie Samuelson,1628317,-3,,0,2,False,0,0,14.1,11.7,3.6,1.3,0.9,5,0,6.9,0.21428571428571427,0.21428571428571427,0.0,1.0
2026-27,1022600104,2026-06-15,Jun,PDX,MIN,away,L,74,107,81.5,-33,181,0,0,0,0,0,0,0,0,0.0,Karlie Samuelson,1628317,0,,0,0,False,0,0,14.1,11.7,3.6,1.3,0.9,0,0,0.0,,,,
2026-27,1022600112,2026-06-17,Jun,PDX,SEA,home,W,94,89,74.5,5,183,0,0,5,2,6,3,2,2,17.3,Karlie Samuelson,1628317,-4,,10,1,False,1,0,14.1,11.7,3.6,1.3,0.9,11,1,14.2,0.39768786127167627,0.3468208092485549,0.3333333333333333,0.8333333333333334
2026-27,1022600130,2026-06-24,Jun,PDX,CHI,away,L,78,101,79.5,-23,179,0,0,3,2,3,2,0,0,14.7,Karlie Samuelson,1628317,-15,,6,2,False,0,0,14.1,11.7,3.6,1.3,0.9,8,0,8.4,0.20408163265306123,0.20408163265306123,0.0,1.0
2026-27,1022600136,2026-06-26,Jun,PDX,CHI,away,L,94,124,83.0,-30,218,0,0,0,0,0,0,0,0,0.0,Karlie Samuelson,1628317,0,,0,0,False,0,0,14.1,11.7,3.6,1.3,0.9,0,0,0.0,,,,
2026-27,1022600151,2026-07-04,Jul,PDX,SEA,away,W,77,72,84.0,5,149,0,0,0,0,0,0,0,0,0.0,Karlie Samuelson,1628317,0,,0,0,False,0,0,14.1,11.7,3.6,1.3,0.9,0,0,0.0,,,,
2026-27,1022600164,2026-07-09,Jul,PDX,LVA,home,L,80,88,77.0,-8,168,0,0,0,0,0,0,0,0,11.1,Karlie Samuelson,1628317,-26,,0,0,False,0,0,14.1,11.7,3.6,1.3,0.9,0,0,0.0,0.0,0.0,,
2026-27,1022600003,2026-05-08,May,GSV,SEA,away,W,91,80,75.0,11,171,1,0,3,1,5,3,2,1,6.6,Cecilia Zandalasini,1628508,8,,8,2,False,1,0,17.6,24.7,8.1,1.8,1.6,11,1,14.9,0.890909090909091,0.7575757575757576,0.4,0.6
2026-27,1022600039,2026-05-22,May,GSV,IND,away,L,82,90,83.0,-8,172,0,0,0,0,0,0,0,0,0.0,Cecilia Zandalasini,1628508,0,,0,0,False,0,0,17.6,24.7,8.1,1.8,1.6,0,0,0.0,,,,
2026-27,1022600048,2026-05-25,May,GSV,CON,home,W,97,70,80.0,27,167,1,0,4,2,5,2,1,0,13.8,Cecilia Zandalasini,1628508,2,,6,1,False,0,2,17.6,24.7,8.1,1.8,1.6,8,0,6.699999999999999,0.5391304347826087,0.36231884057971014,0.2,0.8
2026-27,1022600055,2026-05-28,May,GSV,IND,home,W,90,88,82.5,2,178,3,0,3,2,8,3,0,0,13.7,Cecilia Zandalasini,1628508,2,,8,0,False,0,1,17.6,24.7,8.1,1.8,1.6,11,0,11.5,0.6569343065693432,0.5839416058394161,0.0,0.375
2026-27,1022600063,2026-05-31,May,GSV,LVA,home,L,81,91,80.0,-10,172,1,0,5,2,7,3,2,1,20.8,Cecilia Zandalasini,1628508,-9,G,9,4,False,0,4,17.6,24.7,8.1,1.8,1.6,14,0,11.3,0.5711538461538461,0.3365384615384615,0.2857142857142857,0.7142857142857143
2026-27,1022600068,2026-06-02,Jun,GSV,PDX,home,W,95,77,73.5,18,172,3,0,4,1,7,2,5,4,22.7,Cecilia Zandalasini,1628508,21,G,9,1,True,4,2,17.6,24.7,8.1,1.8,1.6,13,4,24.7,0.4933920704845815,0.30837004405286345,0.7142857142857143,0.5714285714285714
2026-27,1022600073,2026-06-04,Jun,GSV,MIN,away,L,84,87,75.5,-3,171,3,0,11,4,14,5,4,4,26.7,Cecilia Zandalasini,1628508,-1,G,18,3,True,1,2,17.6,24.7,8.1,1.8,1.6,24,1,27.1,0.6651685393258426,0.5243445692883896,0.2857142857142857,0.7857142857142857
2026-27,1022600078,2026-06-06,Jun,GSV,LVA,away,L,79,84,76.5,-5,163,0,0,2,0,5,2,0,0,16.2,Cecilia Zandalasini,1628508,-2,G,4,1,False,1,1,17.6,24.7,8.1,1.8,1.6,5,1,7.199999999999999,0.3703703703703704,0.308641975308642,0.0,0.4
2026-27,1022600088,2026-06-09,Jun,GSV,PHX,home,W,87,81,74.5,6,168,1,0,2,0,2,0,0,0,17.2,Cecilia Zandalasini,1628508,-6,G,0,0,False,3,2,17.6,24.7,8.1,1.8,1.6,1,3,8.5,0.23255813953488372,0.11627906976744186,0.0,1.0
2026-27,1022600096,2026-06-12,Jun,GSV,SEA,away,W,76,72,75.0,4,148,0,1,3,0,6,1,0,0,12.8,Cecilia Zandalasini,1628508,-5,G,2,2,False,1,0,17.6,24.7,8.1,1.8,1.6,4,2,10.4,0.46875,0.46875,0.0,0.5
2026-27,1022600105,2026-06-15,Jun,GSV,LAS,home,W,78,58,73.5,20,136,3,0,2,0,12,5,0,0,18.1,Cecilia Zandalasini,1628508,5,G,10,3,False,1,0,17.6,24.7,8.1,1.8,1.6,16,1,21.1,0.6629834254143646,0.6629834254143646,0.0,0.16666666666666666
2026-27,1022600109,2026-06-17,Jun,GSV,DAL,home,W,91,80,77.5,11,171,2,0,1,0,3,1,0,0,9.2,Cecilia Zandalasini,1628508,-11,G,2,1,False,0,3,17.6,24.7,8.1,1.8,1.6,5,0,3.2,0.6521739130434783,0.32608695652173914,0.0,0.3333333333333333
2026-27,1022600116,2026-06-19,Jun,GSV,MIN,home,L,75,81,78.5,-6,156,2,0,10,4,15,7,5,5,27.3,Cecilia Zandalasini,1628508,-6,G,23,4,True,0,2,17.6,24.7,8.1,1.8,1.6,29,0,28.8,0.7032967032967032,0.5494505494505494,0.3333333333333333,0.6666666666666666
2026-27,1022600120,2026-06-21,Jun,GSV,LVA,away,L,73,92,72.5,-19,165,0,0,2,0,9,6,0,0,20.7,Cecilia Zandalasini,1628508,-4,F,12,3,True,0,0,17.6,24.7,8.1,1.8,1.6,15,0,15.6,0.43478260869565216,0.43478260869565216,0.0,0.2222222222222222
2026-27,1022600131,2026-06-24,Jun,GSV,ATL,home,W,77,66,73.5,11,143,3,0,6,4,9,4,2,2,21.5,Cecilia Zandalasini,1628508,12,G,14,1,True,0,1,17.6,24.7,8.1,1.8,1.6,18,0,18.7,0.506046511627907,0.4186046511627907,0.2222222222222222,0.6666666666666666
2026-27,1022600137,2026-06-26,Jun,GSV,ATL,home,W,78,75,81.0,3,153,3,0,2,0,4,2,0,0,18.0,Cecilia Zandalasini,1628508,-1,G,4,2,False,0,2,17.6,24.7,8.1,1.8,1.6,9,0,8.9,0.3333333333333333,0.2222222222222222,0.0,0.5
2026-27,1022600144,2026-06-28,Jun,GSV,NYL,home,W,76,67,69.0,9,143,1,0,3,1,5,3,3,3,17.5,Cecilia Zandalasini,1628508,8,G,10,2,False,1,2,17.6,24.7,8.1,1.8,1.6,13,1,14.899999999999999,0.4754285714285714,0.2857142857142857,0.6,0.6
2026-27,1022600150,2026-07-04,Jul,GSV,ATL,away,W,88,83,79.0,5,171,1,1,4,1,7,3,2,2,22.2,Cecilia Zandalasini,1628508,2,G,9,2,True,2,6,17.6,24.7,8.1,1.8,1.6,12,3,15.899999999999999,0.6252252252252252,0.3153153153153153,0.2857142857142857,0.5714285714285714
2026-27,1022600154,2026-07-06,Jul,GSV,WAS,away,W,62,49,68.0,13,111,1,0,2,0,8,3,0,0,14.7,Cecilia Zandalasini,1628508,-6,F,6,2,False,1,0,17.6,24.7,8.1,1.8,1.6,9,1,12.9,0.54421768707483,0.54421768707483,0.0,0.25
2026-27,1022600159,2026-07-08,Jul,GSV,TOR,away,W,83,75,76.0,8,158,2,0,5,1,6,1,0,0,15.3,Cecilia Zandalasini,1628508,1,F,3,1,False,0,1,17.6,24.7,8.1,1.8,1.6,6,0,6.2,0.45751633986928103,0.39215686274509803,0.0,0.8333333333333334
2026-27,1022600165,2026-07-10,Jul,GSV,CON,away,W,79,64,73.5,15,143,0,0,0,0,5,2,0,0,17.2,Cecilia Zandalasini,1628508,3,F,4,1,False,2,3,17.6,24.7,8.1,1.8,1.6,5,2,8.2,0.46511627906976744,0.29069767441860467,0.0,0.0
2026-27,1022600009,2026-05-10,May,LAS,LVA,home,L,78,105,83.0,-27,183,3,0,6,0,12,3,2,2,31.8,Ariel Atkins,1628878,-6,G,8,4,True,3,3,25.7,18.8,8.7,2.8,2.4,15,3,23.3,0.49937106918238994,0.3773584905660377,0.16666666666666666,0.5
2026-27,1022600018,2026-05-13,May,LAS,IND,home,L,78,87,82.0,-9,165,2,0,1,0,4,0,2,2,15.8,Ariel Atkins,1628878,-14,G,2,2,False,1,2,25.7,18.8,8.7,2.8,2.4,6,1,8.4,0.43544303797468353,0.2531645569620253,0.5,0.25
2026-27,1022600037,2026-05-21,May,LAS,PHX,away,W,97,88,81.0,9,185,2,1,7,3,8,4,1,0,24.1,Ariel Atkins,1628878,2,F,11,1,True,3,2,25.7,18.8,8.7,2.8,2.4,14,4,25.2,0.4331950207468879,0.33195020746887965,0.125,0.875
2026-27,1022600043,2026-05-23,May,LAS,LVA,away,W,101,95,84.0,6,196,3,0,5,1,12,5,0,0,30.3,Ariel Atkins,1628878,-5,F,11,3,True,1,2,25.7,18.8,8.7,2.8,2.4,17,1,20.1,0.46204620462046203,0.396039603960396,0.0,0.4166666666666667
2026-27,1022600057,2026-05-29,May,LAS,WAS,away,W,92,87,81.0,5,179,2,0,0,0,5,4,0,0,29.0,Ariel Atkins,1628878,-2,G,8,2,True,0,2,25.7,18.8,8.7,2.8,2.4,12,0,11.4,0.2413793103448276,0.1724137931034483,0.0,0.0
2026-27,1022600061,2026-05-30,May,LAS,CON,away,L,81,84,83.0,-3,165,1,3,4,2,9,3,8,8,31.9,Ariel Atkins,1628878,5,G,16,4,True,4,3,25.7,18.8,8.7,2.8,2.4,21,7,40.3,0.4865203761755486,0.2821316614420063,0.8888888888888888,0.4444444444444444
2026-27,1022600069,2026-06-02,Jun,LAS,LVA,home,L,69,79,78.5,-10,148,2,0,6,1,13,2,4,4,29.4,Ariel Atkins,1628878,-4,G,9,7,True,2,1,25.7,18.8,8.7,2.8,2.4,18,2,25.4,0.5360544217687075,0.44217687074829937,0.3076923076923077,0.46153846153846156
2026-27,1022600075,2026-06-05,Jun,LAS,DAL,home,L,96,104,83.5,-8,200,3,0,7,4,12,6,0,0,27.9,Ariel Atkins,1628878,-1,F,16,5,True,1,2,25.7,18.8,8.7,2.8,2.4,24,1,27.5,0.5017921146953406,0.43010752688172044,0.0,0.5833333333333334
2026-27,1022600082,2026-06-07,Jun,LAS,PDX,home,W,89,72,81.0,17,161,2,0,3,0,9,3,0,0,17.8,Ariel Atkins,1628878,8,F,6,2,False,1,3,25.7,18.8,8.7,2.8,2.4,10,1,11.4,0.6741573033707865,0.5056179775280899,0.0,0.3333333333333333
2026-27,1022600090,2026-06-10,Jun,LAS,SEA,away,W,88,83,80.5,5,171,3,0,4,1,8,2,2,2,24.9,Ariel Atkins,1628878,4,F,7,6,False,4,0,25.7,18.8,8.7,2.8,2.4,16,4,30.7,0.35662650602409646,0.321285140562249,0.25,0.5
2026-27,1022600100,2026-06-13,Jun,LAS,PHX,away,W,111,102,88.5,9,213,3,0,3,1,7,2,1,1,31.3,Ariel Atkins,1628878,7,F,6,1,True,1,1,25.7,18.8,8.7,2.8,2.4,10,1,13.7,0.2696485623003195,0.22364217252396165,0.14285714285714285,0.42857142857142855
2026-27,1022600105,2026-06-15,Jun,LAS,GSV,away,L,58,78,73.5,-20,136,2,0,7,0,11,3,0,0,21.0,Ariel Atkins,1628878,-11,F,6,0,False,1,1,25.7,18.8,8.7,2.8,2.4,8,1,11.0,0.5714285714285714,0.5238095238095238,0.0,0.6363636363636364
2026-27,1022600110,2026-06-17,Jun,LAS,MIN,home,L,83,99,86.5,-16,182,3,0,3,0,7,1,2,2,29.6,Ariel Atkins,1628878,-12,G,4,1,True,2,3,25.7,18.8,8.7,2.8,2.4,8,2,12.7,0.36756756756756753,0.23648648648648649,0.2857142857142857,0.42857142857142855
2026-27,1022600122,2026-06-21,Jun,LAS,NYL,home,W,98,97,83.5,1,195,4,2,4,2,8,4,0,0,25.7,Ariel Atkins,1628878,7,F,10,2,False,0,1,25.7,18.8,8.7,2.8,2.4,16,2,23.4,0.3501945525291829,0.311284046692607,0.0,0.5
2026-27,1022600132,2026-06-25,Jun,LAS,TOR,away,L,97,125,86.5,-28,222,1,0,1,0,3,0,0,0,14.3,Ariel Atkins,1628878,-21,G,0,0,False,1,2,25.7,18.8,8.7,2.8,2.4,1,1,2.5,0.34965034965034963,0.2097902097902098,0.0,0.3333333333333333
2026-27,1022600139,2026-06-27,Jun,LAS,IND,away,L,87,111,85.5,-24,198,3,0,2,2,8,5,0,0,22.4,Ariel Atkins,1628878,-12,G,12,3,True,1,0,25.7,18.8,8.7,2.8,2.4,18,1,23.1,0.35714285714285715,0.35714285714285715,0.0,0.25
2026-27,1022600156,2026-07-06,Jul,LAS,SEA,home,L,64,82,85.0,-18,146,0,0,3,0,6,2,1,1,22.0,Ariel Atkins,1628878,-17,G,5,5,True,0,3,25.7,18.8,8.7,2.8,2.4,10,0,8.0,0.42909090909090913,0.2727272727272727,0.16666666666666666,0.5
2026-27,1022600161,2026-07-08,Jul,LAS,IND,home,W,106,92,91.5,14,198,1,0,5,2,10,4,2,2,30.7,Ariel Atkins,1628878,7,G,12,3,True,2,2,25.7,18.8,8.7,2.8,2.4,16,2,21.1,0.4195439739413681,0.32573289902280134,0.2,0.5
2026-27,1022600167,2026-07-10,Jul,LAS,CHI,home,W,102,87,87.0,15,189,6,0,5,2,13,7,1,1,28.7,Ariel Atkins,1628878,24,G,17,3,True,3,1,25.7,18.8,8.7,2.8,2.4,26,3,37.6,0.5031358885017422,0.4529616724738676,0.07692307692307693,0.38461538461538464
2026-27,1022600004,2026-05-09,May,IND,DAL,home,L,104,107,89.0,-3,211,0,0,0,0,0,0,0,0,0.0,Monique Billings,1628881,0,,0,0,False,0,0,19.8,13.6,6.4,5.3,1.0,0,0,0.0,,,,
2026-27,1022600018,2026-05-13,May,IND,LAS,away,W,87,78,82.0,9,165,2,0,1,1,4,2,6,4,26.5,Monique Billings,1628881,7,F,9,8,True,1,3,19.8,13.6,6.4,5.3,1.0,19,1,21.6,0.3637735849056604,0.1509433962264151,1.5,0.25
2026-27,1022600022,2026-05-15,May,IND,WAS,home,L,102,104,94.5,-2,206,3,2,2,1,11,4,2,1,35.7,Monique Billings,1628881,-9,F,10,9,True,3,0,19.8,13.6,6.4,5.3,1.0,22,5,40.3,0.33277310924369746,0.30812324929971985,0.18181818181818182,0.18181818181818182
2026-27,1022600027,2026-05-17,May,IND,SEA,home,W,89,78,84.0,11,167,1,0,1,0,5,2,0,0,19.5,Monique Billings,1628881,-1,C,4,5,True,1,1,19.8,13.6,6.4,5.3,1.0,10,1,13.5,0.3076923076923077,0.2564102564102564,0.0,0.2
2026-27,1022600032,2026-05-20,May,IND,PDX,home,W,90,73,82.0,17,163,1,1,1,0,7,2,5,5,20.7,Monique Billings,1628881,1,F,9,4,False,1,1,19.8,13.6,6.4,5.3,1.0,14,2,20.3,0.49275362318840576,0.33816425120772947,0.7142857142857143,0.14285714285714285
2026-27,1022600039,2026-05-22,May,IND,GSV,home,W,90,82,83.0,8,172,0,0,0,0,2,1,0,0,11.4,Monique Billings,1628881,3,F,2,3,False,1,1,19.8,13.6,6.4,5.3,1.0,5,1,7.6,0.2631578947368421,0.17543859649122806,0.0,0.0
2026-27,1022600055,2026-05-28,May,IND,GSV,away,L,88,90,82.5,-2,178,2,1,1,0,2,1,2,2,19.0,Monique Billings,1628881,-7,F,4,5,False,0,0,19.8,13.6,6.4,5.3,1.0,11,1,16.0,0.15157894736842104,0.10526315789473684,1.0,0.5
2026-27,1022600062,2026-05-30,May,IND,PDX,away,L,84,100,80.0,-16,184,0,1,0,0,0,0,0,0,7.8,Monique Billings,1628881,-9,F,0,1,False,0,1,19.8,13.6,6.4,5.3,1.0,1,1,3.2,0.12820512820512822,0.0,,
2026-27,1022600072,2026-06-04,Jun,IND,ATL,home,W,83,71,77.5,12,154,0,1,1,0,2,0,0,0,13.1,Monique Billings,1628881,-5,F,0,5,False,0,0,19.8,13.6,6.4,5.3,1.0,5,1,9.0,0.15267175572519084,0.15267175572519084,0.0,0.5
2026-27,1022600080,2026-06-06,Jun,IND,NYL,away,L,75,83,85.0,-8,158,1,1,2,1,7,6,6,2,35.0,Monique Billings,1628881,0,F,15,8,True,0,1,19.8,13.6,6.4,5.3,1.0,24,1,28.1,0.304,0.2,0.8571428571428571,0.2857142857142857
2026-27,1022600084,2026-06-08,Jun,IND,WAS,away,W,78,76,81.0,2,154,0,0,2,0,9,2,0,0,18.9,Monique Billings,1628881,12,F,4,2,False,2,0,19.8,13.6,6.4,5.3,1.0,6,2,12.4,0.4761904761904762,0.4761904761904762,0.0,0.2222222222222222
2026-27,1022600091,2026-06-11,Jun,IND,CHI,home,W,114,106,96.5,8,220,1,0,0,0,0,0,0,0,9.6,Monique Billings,1628881,-2,F,0,2,False,0,0,19.8,13.6,6.4,5.3,1.0,3,0,3.9,0.0,0.0,,
2026-27,1022600097,2026-06-13,Jun,IND,CON,away,W,85,75,76.5,10,160,2,2,0,0,5,3,4,4,27.2,Monique Billings,1628881,18,F,10,8,True,1,0,19.8,13.6,6.4,5.3,1.0,20,3,31.6,0.2485294117647059,0.18382352941176472,0.8,0.0
2026-27,1022600106,2026-06-16,Jun,IND,TOR,home,W,113,91,88.5,22,204,0,0,1,0,5,1,4,3,19.9,Monique Billings,1628881,10,F,5,7,False,0,0,19.8,13.6,6.4,5.3,1.0,12,0,13.4,0.3396984924623116,0.2512562814070352,0.8,0.2
2026-27,1022600113,2026-06-18,Jun,IND,ATL,home,L,101,108,87.5,-7,209,1,0,0,0,3,2,2,2,13.1,Monique Billings,1628881,-10,F,6,3,False,1,2,19.8,13.6,6.4,5.3,1.0,10,1,12.1,0.4488549618320611,0.22900763358778625,0.6666666666666666,0.0
2026-27,1022600117,2026-06-20,Jun,IND,ATL,away,L,96,113,84.5,-17,209,0,1,1,1,2,2,2,2,13.2,Monique Billings,1628881,3,F,7,1,False,0,1,19.8,13.6,6.4,5.3,1.0,8,1,10.2,0.29393939393939394,0.15151515151515152,1.0,0.5
2026-27,1022600125,2026-06-22,Jun,IND,PHX,home,W,86,77,80.5,9,163,1,1,0,0,4,4,9,6,28.5,Monique Billings,1628881,15,F,14,10,True,1,3,19.8,13.6,6.4,5.3,1.0,25,2,30.5,0.38456140350877194,0.14035087719298245,2.25,0.0
2026-27,1022600128,2026-06-24,Jun,IND,PHX,home,L,109,111,84.0,-2,220,0,0,0,0,2,2,4,4,19.9,Monique Billings,1628881,-5,F,8,5,False,0,0,19.8,13.6,6.4,5.3,1.0,13,0,14.0,0.18894472361809045,0.10050251256281408,2.0,0.0
2026-27,1022600139,2026-06-27,Jun,IND,LAS,home,W,111,87,85.5,24,198,2,0,0,0,10,6,5,3,21.9,Monique Billings,1628881,38,F,15,6,True,2,0,19.8,13.6,6.4,5.3,1.0,23,2,31.2,0.5570776255707762,0.4566210045662101,0.5,0.0
2026-27,1022600153,2026-07-05,Jul,IND,LVA,away,W,84,68,72.5,16,152,2,1,0,0,5,3,0,0,20.9,Monique Billings,1628881,10,F,6,6,False,2,2,19.8,13.6,6.4,5.3,1.0,14,3,23.2,0.3349282296650718,0.23923444976076558,0.0,0.0
2026-27,1022600161,2026-07-08,Jul,IND,LAS,away,L,92,106,91.5,-14,198,3,1,0,0,3,1,4,2,18.2,Monique Billings,1628881,-2,F,4,12,False,1,2,19.8,13.6,6.4,5.3,1.0,19,2,26.9,0.37142857142857144,0.16483516483516483,1.3333333333333333,0.0
2026-27,1022600163,2026-07-09,Jul,IND,PHX,away,W,92,89,78.5,3,181,0,0,1,0,2,1,0,0,15.0,Monique Billings,1628881,-8,F,2,2,False,0,1,19.8,13.6,6.4,5.3,1.0,4,0,3.4000000000000004,0.2,0.13333333333333333,0.0,0.5
2026-27,1022600003,2026-05-08,May,SEA,GSV,home,L,80,91,75.0,-11,171,3,0,2,0,2,0,0,0,22.3,Lexie Brown,1628882,-19,,0,2,False,0,4,14.9,11.9,3.8,1.3,1.1,5,0,2.9000000000000004,0.26905829596412556,0.08968609865470852,0.0,1.0
2026-27,1022600007,2026-05-10,May,SEA,CON,away,W,89,82,86.5,7,171,1,1,6,5,7,6,0,0,21.1,Lexie Brown,1628882,5,,17,0,True,0,0,14.9,11.9,3.8,1.3,1.1,18,1,21.5,0.33175355450236965,0.33175355450236965,0.0,0.8571428571428571
2026-27,1022600015,2026-05-13,May,SEA,TOR,away,L,73,86,81.0,-13,159,1,0,1,0,1,0,0,0,15.8,Lexie Brown,1628882,-10,,0,3,False,0,3,14.9,11.9,3.8,1.3,1.1,4,0,2.0999999999999996,0.2531645569620253,0.06329113924050632,0.0,1.0
2026-27,1022600027,2026-05-17,May,SEA,IND,away,L,78,89,84.0,-11,167,0,0,3,1,3,1,0,0,16.5,Lexie Brown,1628882,-5,,3,4,False,0,1,14.9,11.9,3.8,1.3,1.1,7,0,6.8,0.24242424242424243,0.18181818181818182,0.0,1.0
2026-27,1022600034,2026-05-20,May,SEA,CON,home,L,78,80,78.0,-2,158,2,0,1,0,6,2,1,1,21.7,Lexie Brown,1628882,0,,5,2,True,2,0,14.9,11.9,3.8,1.3,1.1,9,2,16.4,0.29677419354838713,0.2764976958525346,0.16666666666666666,0.16666666666666666
2026-27,1022600040,2026-05-22,May,SEA,CON,home,W,77,59,75.5,18,136,0,0,1,1,1,1,0,0,12.8,Lexie Brown,1628882,3,,3,1,False,0,1,14.9,11.9,3.8,1.3,1.1,4,0,3.2,0.15625,0.078125,0.0,1.0
2026-27,1022600046,2026-05-24,May,SEA,WAS,home,W,97,85,81.0,12,182,1,0,1,1,1,1,5,4,7.9,Lexie Brown,1628882,-3,,7,0,False,2,0,14.9,11.9,3.8,1.3,1.1,8,2,14.5,0.4050632911392405,0.12658227848101264,5.0,1.0
2026-27,1022600053,2026-05-27,May,SEA,WAS,home,L,64,78,72.5,-14,142,1,0,3,1,3,1,0,0,11.3,Lexie Brown,1628882,-7,,3,0,False,0,0,14.9,11.9,3.8,1.3,1.1,4,0,4.5,0.2654867256637168,0.2654867256637168,0.0,1.0
2026-27,1022600060,2026-05-30,May,SEA,TOR,away,L,72,93,82.0,-21,165,1,0,2,0,2,0,0,0,13.6,Lexie Brown,1628882,-2,,0,0,False,0,1,14.9,11.9,3.8,1.3,1.1,1,0,0.5,0.22058823529411764,0.14705882352941177,0.0,1.0
2026-27,1022600064,2026-06-01,Jun,SEA,DAL,away,L,56,79,79.0,-23,135,1,0,0,0,0,0,0,0,4.8,Lexie Brown,1628882,-2,,0,1,False,1,0,14.9,11.9,3.8,1.3,1.1,2,1,5.7,0.0,0.0,,
2026-27,1022600071,2026-06-03,Jun,SEA,PHX,home,L,68,72,79.5,-4,140,0,0,0,0,0,0,0,0,0.0,Lexie Brown,1628882,0,,0,0,False,0,0,14.9,11.9,3.8,1.3,1.1,0,0,0.0,,,,
2026-27,1022600077,2026-06-06,Jun,SEA,MIN,away,L,68,88,80.0,-20,156,0,0,0,0,0,0,0,0,0.0,Lexie Brown,1628882,0,,0,0,False,0,0,14.9,11.9,3.8,1.3,1.1,0,0,0.0,,,,
2026-27,1022600010,2026-05-09,May,ATL,MIN,away,W,91,90,86.5,1,181,6,0,3,1,7,4,4,3,26.6,Jordin Canada,1628886,2,G,12,2,True,0,4,31.0,16.8,11.3,3.8,7.1,20,0,19.4,0.47969924812030074,0.2631578947368421,0.5714285714285714,0.42857142857142855
2026-27,1022600012,2026-05-12,May,ATL,DAL,away,W,77,72,78.0,5,149,5,0,7,3,15,8,0,0,31.2,Jordin Canada,1628886,3,G,19,7,True,3,1,31.0,16.8,11.3,3.8,7.1,31,3,42.9,0.5128205128205129,0.4807692307692308,0.0,0.4666666666666667
2026-27,1022600026,2026-05-17,May,ATL,LVA,home,L,84,85,85.0,-1,169,5,0,2,0,8,4,3,3,33.3,Jordin Canada,1628886,-20,G,11,3,True,7,2,31.0,16.8,11.3,3.8,7.1,19,7,41.1,0.33993993993994,0.24024024024024027,0.375,0.25
2026-27,1022600038,2026-05-22,May,ATL,DAL,home,W,86,69,78.0,17,155,6,0,2,1,9,4,0,0,30.3,Jordin Canada,1628886,13,G,9,5,True,1,1,31.0,16.8,11.3,3.8,7.1,20,1,26.0,0.33003300330033003,0.297029702970297,0.0,0.2222222222222222
2026-27,1022600044,2026-05-24,May,ATL,PHX,home,W,82,80,76.5,2,162,14,1,2,0,8,4,5,3,31.2,Jordin Canada,1628886,12,G,11,7,True,3,1,31.0,16.8,11.3,3.8,7.1,32,4,51.4,0.358974358974359,0.25641025641025644,0.625,0.25
2026-27,1022600051,2026-05-27,May,ATL,MIN,away,L,81,96,77.0,-15,177,5,0,3,1,6,2,4,4,29.1,Jordin Canada,1628886,-18,G,9,1,True,0,4,31.0,16.8,11.3,3.8,7.1,15,0,13.7,0.40412371134020614,0.20618556701030927,0.6666666666666666,0.5
2026-27,1022600059,2026-05-29,May,ATL,PDX,away,W,86,66,77.5,20,152,4,0,1,0,4,2,5,5,27.0,Jordin Canada,1628886,25,G,9,4,True,1,3,31.0,16.8,11.3,3.8,7.1,17,1,19.8,0.34074074074074073,0.14814814814814814,1.25,0.25
2026-27,1022600066,2026-06-02,Jun,ATL,CON,home,W,91,75,77.5,16,166,10,0,3,1,8,5,2,1,35.7,Jordin Canada,1628886,17,G,12,3,True,4,4,31.0,16.8,11.3,3.8,7.1,25,4,38.6,0.3607843137254902,0.22408963585434172,0.25,0.375
2026-27,1022600072,2026-06-04,Jun,ATL,IND,away,L,71,83,77.5,-12,154,7,0,5,2,12,4,4,3,31.9,Jordin Canada,1628886,-11,G,13,3,True,2,3,31.0,16.8,11.3,3.8,7.1,23,2,30.1,0.5253918495297806,0.3761755485893417,0.3333333333333333,0.4166666666666667
2026-27,1022600079,2026-06-06,Jun,ATL,WAS,home,W,109,77,77.5,32,186,5,0,1,1,6,4,3,2,24.6,Jordin Canada,1628886,19,G,11,2,True,0,0,31.0,16.8,11.3,3.8,7.1,18,0,20.9,0.2975609756097561,0.24390243902439024,0.5,0.16666666666666666
2026-27,1022600086,2026-06-09,Jun,ATL,CHI,away,W,82,75,77.0,7,157,6,0,2,0,12,6,3,2,32.8,Jordin Canada,1628886,8,G,14,1,True,0,4,31.0,16.8,11.3,3.8,7.1,21,0,20.2,0.5280487804878049,0.3658536585365854,0.25,0.16666666666666666
2026-27,1022600092,2026-06-11,Jun,ATL,NYL,home,L,90,104,80.5,-14,194,7,0,1,0,5,0,4,3,29.1,Jordin Canada,1628886,1,G,3,3,True,2,1,31.0,16.8,11.3,3.8,7.1,13,2,22.1,0.26666666666666666,0.1718213058419244,0.8,0.2
2026-27,1022600102,2026-06-14,Jun,ATL,TOR,away,W,102,77,81.0,25,179,9,0,3,1,8,2,0,0,28.0,Jordin Canada,1628886,30,G,5,5,True,3,2,31.0,16.8,11.3,3.8,7.1,19,3,31.5,0.35714285714285715,0.2857142857142857,0.0,0.375
2026-27,1022600113,2026-06-18,Jun,ATL,IND,away,W,108,101,87.5,7,209,5,0,3,1,10,5,8,7,29.4,Jordin Canada,1628886,9,G,18,2,True,4,1,31.0,16.8,11.3,3.8,7.1,25,4,38.9,0.49387755102040815,0.3401360544217687,0.8,0.3
2026-27,1022600117,2026-06-20,Jun,ATL,IND,home,W,113,96,84.5,17,209,12,1,0,0,9,5,4,2,31.7,Jordin Canada,1628886,25,G,12,7,True,3,0,31.0,16.8,11.3,3.8,7.1,31,4,50.4,0.33943217665615144,0.28391167192429023,0.4444444444444444,0.0
2026-27,1022600124,2026-06-22,Jun,ATL,TOR,home,W,94,87,84.5,7,181,13,0,4,1,8,4,2,2,28.6,Jordin Canada,1628886,24,G,11,2,True,2,2,31.0,16.8,11.3,3.8,7.1,26,2,36.9,0.3804195804195804,0.2797202797202797,0.25,0.5
2026-27,1022600131,2026-06-24,Jun,ATL,GSV,away,L,66,77,73.5,-11,143,2,1,4,1,10,2,4,3,28.2,Jordin Canada,1628886,-6,G,8,4,True,1,1,31.0,16.8,11.3,3.8,7.1,14,2,20.8,0.4524822695035461,0.3546099290780142,0.4,0.4
2026-27,1022600137,2026-06-26,Jun,ATL,GSV,away,L,75,78,81.0,-3,153,2,1,3,3,11,7,6,6,35.1,Jordin Canada,1628886,-3,G,23,3,True,2,4,31.0,16.8,11.3,3.8,7.1,28,3,34.6,0.5025641025641026,0.31339031339031337,0.5454545454545454,0.2727272727272727
2026-27,1022600140,2026-06-27,Jun,ATL,SEA,away,L,90,105,83.0,-15,195,10,0,1,0,5,3,2,2,35.6,Jordin Canada,1628886,-16,G,8,4,True,1,3,31.0,16.8,11.3,3.8,7.1,22,1,27.8,0.24943820224719096,0.14044943820224717,0.4,0.2
2026-27,1022600145,2026-07-02,Jul,ATL,WAS,away,L,76,81,82.0,-5,157,7,0,2,0,11,4,2,2,33.7,Jordin Canada,1628886,2,G,10,3,True,2,2,31.0,16.8,11.3,3.8,7.1,20,2,28.1,0.4118694362017804,0.32640949554896137,0.18181818181818182,0.18181818181818182
2026-27,1022600150,2026-07-04,Jul,ATL,GSV,home,L,83,88,79.0,-5,171,8,0,3,1,9,3,0,0,34.6,Jordin Canada,1628886,1,G,7,4,True,2,4,31.0,16.8,11.3,3.8,7.1,19,2,25.8,0.37572254335260113,0.26011560693641617,0.0,0.3333333333333333
2026-27,1022600162,2026-07-09,Jul,ATL,SEA,home,W,89,78,89.5,11,167,8,1,1,0,10,4,7,6,34.4,Jordin Canada,1628886,10,G,14,9,True,3,2,31.0,16.8,11.3,3.8,7.1,31,4,46.8,0.43837209302325586,0.29069767441860467,0.7,0.1
2026-27,1022600004,2026-05-09,May,IND,DAL,home,L,104,107,89.0,-3,211,2,0,1,0,7,3,0,0,21.2,Myisha Hines-Allen,1628899,2,F,6,6,True,0,2,15.3,14.7,4.2,3.2,1.7000000000000002,14,0,14.2,0.42452830188679247,0.33018867924528306,0.0,0.14285714285714285
2026-27,1022600018,2026-05-13,May,IND,LAS,away,W,87,78,82.0,9,165,3,0,0,0,1,1,0,0,10.9,Myisha Hines-Allen,1628899,5,,2,2,False,1,0,15.3,14.7,4.2,3.2,1.7000000000000002,7,1,11.9,0.09174311926605504,0.09174311926605504,0.0,0.0
2026-27,1022600022,2026-05-15,May,IND,WAS,home,L,102,104,94.5,-2,206,5,1,2,0,4,2,2,2,21.4,Myisha Hines-Allen,1628899,5,,6,2,True,2,2,15.3,14.7,4.2,3.2,1.7000000000000002,13,3,22.9,0.32149532710280376,0.1869158878504673,0.5,0.5
2026-27,1022600027,2026-05-17,May,IND,SEA,home,W,89,78,84.0,11,167,4,0,0,0,3,3,2,2,27.4,Myisha Hines-Allen,1628899,16,F,8,6,True,1,1,15.3,14.7,4.2,3.2,1.7000000000000002,18,1,23.2,0.1781021897810219,0.10948905109489052,0.6666666666666666,0.0
2026-27,1022600032,2026-05-20,May,IND,PDX,home,W,90,73,82.0,17,163,3,1,0,0,5,3,1,1,18.2,Myisha Hines-Allen,1628899,-2,,7,3,False,1,2,15.3,14.7,4.2,3.2,1.7000000000000002,13,2,19.1,0.40879120879120884,0.27472527472527475,0.2,0.0
2026-27,1022600039,2026-05-22,May,IND,GSV,home,W,90,82,83.0,8,172,2,1,0,0,2,0,2,2,13.3,Myisha Hines-Allen,1628899,0,,2,2,False,1,3,15.3,14.7,4.2,3.2,1.7000000000000002,6,2,10.4,0.4421052631578947,0.15037593984962405,1.0,0.0
2026-27,1022600055,2026-05-28,May,IND,GSV,away,L,88,90,82.5,-2,178,1,1,0,0,4,1,0,0,15.5,Myisha Hines-Allen,1628899,-2,,2,1,False,0,0,15.3,14.7,4.2,3.2,1.7000000000000002,4,1,7.7,0.25806451612903225,0.25806451612903225,0.0,0.0
2026-27,1022600062,2026-05-30,May,IND,PDX,away,L,84,100,80.0,-16,184,2,0,1,1,5,3,0,0,17.9,Myisha Hines-Allen,1628899,1,,7,2,False,0,5,15.3,14.7,4.2,3.2,1.7000000000000002,11,0,7.4,0.558659217877095,0.2793296089385475,0.0,0.2
2026-27,1022600072,2026-06-04,Jun,IND,ATL,home,W,83,71,77.5,12,154,1,1,3,0,6,2,2,1,15.9,Myisha Hines-Allen,1628899,10,,5,7,False,2,2,15.3,14.7,4.2,3.2,1.7000000000000002,13,3,21.9,0.5584905660377357,0.3773584905660377,0.3333333333333333,0.5
2026-27,1022600080,2026-06-06,Jun,IND,NYL,away,L,75,83,85.0,-8,158,0,0,2,1,4,1,0,0,13.4,Myisha Hines-Allen,1628899,-1,,3,1,False,1,0,15.3,14.7,4.2,3.2,1.7000000000000002,4,1,7.2,0.29850746268656714,0.29850746268656714,0.0,0.5
2026-27,1022600084,2026-06-08,Jun,IND,WAS,away,W,78,76,81.0,2,154,1,0,0,0,2,2,2,1,18.5,Myisha Hines-Allen,1628899,-1,,5,4,False,1,3,15.3,14.7,4.2,3.2,1.7000000000000002,10,1,11.3,0.3178378378378378,0.10810810810810811,1.0,0.0
2026-27,1022600091,2026-06-11,Jun,IND,CHI,home,W,114,106,96.5,8,220,3,1,0,0,3,2,2,1,23.5,Myisha Hines-Allen,1628899,25,,5,9,True,0,1,15.3,14.7,4.2,3.2,1.7000000000000002,17,1,22.299999999999997,0.2076595744680851,0.1276595744680851,0.6666666666666666,0.0
2026-27,1022600097,2026-06-13,Jun,IND,CON,away,W,85,75,76.5,10,160,0,0,0,0,0,0,0,0,10.1,Myisha Hines-Allen,1628899,-9,,0,0,False,0,1,15.3,14.7,4.2,3.2,1.7000000000000002,0,0,-1.0,0.09900990099009901,0.0,,
2026-27,1022600106,2026-06-16,Jun,IND,TOR,home,W,113,91,88.5,22,204,2,0,0,0,1,0,0,0,6.7,Myisha Hines-Allen,1628899,5,,0,2,False,0,0,15.3,14.7,4.2,3.2,1.7000000000000002,4,0,5.4,0.14925373134328357,0.14925373134328357,0.0,0.0
2026-27,1022600113,2026-06-18,Jun,IND,ATL,home,L,101,108,87.5,-7,209,0,0,0,0,1,0,0,0,8.6,Myisha Hines-Allen,1628899,-3,,0,1,False,0,0,15.3,14.7,4.2,3.2,1.7000000000000002,1,0,1.2,0.11627906976744186,0.11627906976744186,0.0,0.0
2026-27,1022600117,2026-06-20,Jun,IND,ATL,away,L,96,113,84.5,-17,209,0,1,1,1,5,3,2,2,17.4,Myisha Hines-Allen,1628899,-1,,9,3,False,0,3,15.3,14.7,4.2,3.2,1.7000000000000002,12,1,12.6,0.5103448275862069,0.2873563218390805,0.4,0.2
2026-27,1022600125,2026-06-22,Jun,IND,PHX,home,W,86,77,80.5,9,163,1,0,1,1,1,1,0,0,14.2,Myisha Hines-Allen,1628899,4,,3,1,False,0,1,15.3,14.7,4.2,3.2,1.7000000000000002,5,0,4.7,0.14084507042253522,0.07042253521126761,0.0,1.0
2026-27,1022600128,2026-06-24,Jun,IND,PHX,home,L,109,111,84.0,-2,220,2,1,2,0,10,5,4,3,21.3,Myisha Hines-Allen,1628899,4,,13,5,True,0,1,15.3,14.7,4.2,3.2,1.7000000000000002,20,1,24.0,0.5990610328638497,0.4694835680751174,0.4,0.2
2026-27,1022600139,2026-06-27,Jun,IND,LAS,home,W,111,87,85.5,24,198,3,1,0,0,6,3,2,1,9.1,Myisha Hines-Allen,1628899,-2,,7,3,False,1,1,15.3,14.7,4.2,3.2,1.7000000000000002,13,2,20.1,0.865934065934066,0.6593406593406593,0.3333333333333333,0.0
2026-27,1022600153,2026-07-05,Jul,IND,LVA,away,W,84,68,72.5,16,152,2,0,0,0,3,1,0,0,14.2,Myisha Hines-Allen,1628899,0,,2,5,False,0,1,15.3,14.7,4.2,3.2,1.7000000000000002,9,0,10.0,0.28169014084507044,0.21126760563380284,0.0,0.0
2026-27,1022600161,2026-07-08,Jul,IND,LAS,away,L,92,106,91.5,-14,198,0,1,0,0,0,0,0,0,12.5,Myisha Hines-Allen,1628899,-7,C,0,2,False,1,0,15.3,14.7,4.2,3.2,1.7000000000000002,2,2,8.4,0.0,0.0,,
2026-27,1022600163,2026-07-09,Jul,IND,PHX,away,W,92,89,78.5,3,181,0,0,0,0,0,0,0,0,6.6,Myisha Hines-Allen,1628899,1,,0,3,False,0,3,15.3,14.7,4.2,3.2,1.7000000000000002,3,0,0.5999999999999996,0.4545454545454546,0.0,,
2026-27,1022600004,2026-05-09,May,IND,DAL,home,L,104,107,89.0,-3,211,4,0,9,2,22,11,7,6,33.1,Kelsey Mitchell,1628909,-5,G,30,3,True,0,2,32.5,26.3,22.5,1.6,2.9,37,0,37.6,0.8181268882175226,0.6646525679758308,0.3181818181818182,0.4090909090909091
2026-27,1022600018,2026-05-13,May,IND,LAS,away,W,87,78,82.0,9,165,0,0,9,3,17,9,2,2,27.4,Kelsey Mitchell,1628909,14,G,23,0,True,1,2,32.5,26.3,22.5,1.6,2.9,23,1,24.0,0.7255474452554744,0.6204379562043796,0.11764705882352941,0.5294117647058824
2026-27,1022600022,2026-05-15,May,IND,WAS,home,L,102,104,94.5,-2,206,0,0,8,4,25,10,2,0,38.5,Kelsey Mitchell,1628909,-10,G,24,0,True,1,3,32.5,26.3,22.5,1.6,2.9,24,1,24.0,0.7501298701298701,0.6493506493506493,0.08,0.32
2026-27,1022600027,2026-05-17,May,IND,SEA,home,W,89,78,84.0,11,167,2,0,5,1,18,8,0,0,28.3,Kelsey Mitchell,1628909,21,G,17,0,True,1,0,32.5,26.3,22.5,1.6,2.9,19,1,23.0,0.6360424028268551,0.6360424028268551,0.0,0.2777777777777778
2026-27,1022600032,2026-05-20,May,IND,PDX,home,W,90,73,82.0,17,163,4,0,3,2,11,6,9,7,28.2,Kelsey Mitchell,1628909,25,G,21,2,True,0,2,32.5,26.3,22.5,1.6,2.9,27,0,27.4,0.6014184397163121,0.3900709219858156,0.8181818181818182,0.2727272727272727
2026-27,1022600039,2026-05-22,May,IND,GSV,home,W,90,82,83.0,8,172,3,0,3,0,10,4,11,11,31.2,Kelsey Mitchell,1628909,6,G,19,0,True,0,1,32.5,26.3,22.5,1.6,2.9,22,0,22.5,0.5076923076923077,0.32051282051282054,1.1,0.3
2026-27,1022600055,2026-05-28,May,IND,GSV,away,L,88,90,82.5,-2,178,3,0,5,2,13,5,3,2,30.0,Kelsey Mitchell,1628909,-6,G,14,1,True,0,1,32.5,26.3,22.5,1.6,2.9,18,0,18.7,0.5106666666666667,0.43333333333333335,0.23076923076923078,0.38461538461538464
2026-27,1022600062,2026-05-30,May,IND,PDX,away,L,84,100,80.0,-16,184,4,0,2,1,9,4,9,8,33.2,Kelsey Mitchell,1628909,-11,G,17,1,True,2,2,32.5,26.3,22.5,1.6,2.9,22,2,28.2,0.4506024096385542,0.2710843373493976,1.0,0.2222222222222222
2026-27,1022600072,2026-06-04,Jun,IND,ATL,home,W,83,71,77.5,12,154,2,0,4,3,15,11,1,0,32.9,Kelsey Mitchell,1628909,14,G,25,0,True,2,1,32.5,26.3,22.5,1.6,2.9,27,2,33.0,0.4996960486322188,0.45592705167173253,0.06666666666666667,0.26666666666666666
2026-27,1022600080,2026-06-06,Jun,IND,NYL,away,L,75,83,85.0,-8,158,2,0,8,2,21,7,7,5,32.2,Kelsey Mitchell,1628909,-8,G,21,7,True,0,4,32.5,26.3,22.5,1.6,2.9,30,0,28.4,0.8720496894409937,0.6521739130434782,0.3333333333333333,0.38095238095238093
2026-27,1022600084,2026-06-08,Jun,IND,WAS,away,W,78,76,81.0,2,154,3,1,6,1,14,6,2,2,30.6,Kelsey Mitchell,1628909,5,G,15,2,True,1,1,32.5,26.3,22.5,1.6,2.9,20,2,26.9,0.5189542483660131,0.45751633986928103,0.14285714285714285,0.42857142857142855
2026-27,1022600091,2026-06-11,Jun,IND,CHI,home,W,114,106,96.5,8,220,3,0,6,2,17,7,4,3,38.9,Kelsey Mitchell,1628909,-2,G,19,1,True,3,2,32.5,26.3,22.5,1.6,2.9,23,3,31.700000000000003,0.5336760925449872,0.4370179948586118,0.23529411764705882,0.35294117647058826
2026-27,1022600097,2026-06-13,Jun,IND,CON,away,W,85,75,76.5,10,160,5,0,9,2,15,6,7,5,36.7,Kelsey Mitchell,1628909,11,G,19,2,True,1,4,32.5,26.3,22.5,1.6,2.9,26,1,27.9,0.6016348773841961,0.4087193460490463,0.4666666666666667,0.6
2026-27,1022600106,2026-06-16,Jun,IND,TOR,home,W,113,91,88.5,22,204,2,0,4,3,11,9,6,6,31.9,Kelsey Mitchell,1628909,17,G,27,1,True,0,4,32.5,26.3,22.5,1.6,2.9,30,0,27.2,0.5529780564263324,0.3448275862068966,0.5454545454545454,0.36363636363636365
2026-27,1022600113,2026-06-18,Jun,IND,ATL,home,L,101,108,87.5,-7,209,1,0,7,3,15,10,3,3,34.4,Kelsey Mitchell,1628909,0,G,26,1,True,1,2,32.5,26.3,22.5,1.6,2.9,28,1,29.7,0.5325581395348837,0.436046511627907,0.2,0.4666666666666667
2026-27,1022600117,2026-06-20,Jun,IND,ATL,away,L,96,113,84.5,-17,209,3,0,4,2,13,5,4,4,32.3,Kelsey Mitchell,1628909,-18,G,16,3,True,0,1,32.5,26.3,22.5,1.6,2.9,22,0,23.1,0.4879256965944273,0.40247678018575855,0.3076923076923077,0.3076923076923077
2026-27,1022600125,2026-06-22,Jun,IND,PHX,home,W,86,77,80.5,9,163,1,0,10,3,20,8,4,3,31.9,Kelsey Mitchell,1628909,9,G,22,1,True,1,1,32.5,26.3,22.5,1.6,2.9,24,1,26.7,0.7134796238244515,0.6269592476489029,0.2,0.5
2026-27,1022600128,2026-06-24,Jun,IND,PHX,home,L,109,111,84.0,-2,220,6,0,9,7,16,11,1,1,37.7,Kelsey Mitchell,1628909,-4,G,30,0,True,2,3,32.5,26.3,22.5,1.6,2.9,36,2,42.0,0.5156498673740053,0.42440318302387264,0.0625,0.5625
2026-27,1022600139,2026-06-27,Jun,IND,LAS,home,W,111,87,85.5,24,198,2,0,6,4,13,9,4,4,26.3,Kelsey Mitchell,1628909,30,G,26,3,True,0,2,32.5,26.3,22.5,1.6,2.9,31,0,30.6,0.6372623574144486,0.49429657794676807,0.3076923076923077,0.46153846153846156
2026-27,1022600153,2026-07-05,Jul,IND,LVA,away,W,84,68,72.5,16,152,3,0,9,3,18,7,12,10,32.5,Kelsey Mitchell,1628909,18,G,27,2,True,1,1,32.5,26.3,22.5,1.6,2.9,32,1,35.9,0.7470769230769231,0.5538461538461539,0.6666666666666666,0.5
2026-27,1022600161,2026-07-08,Jul,IND,LAS,away,L,92,106,91.5,-14,198,3,0,9,5,18,9,6,6,33.3,Kelsey Mitchell,1628909,-4,G,29,4,True,2,2,32.5,26.3,22.5,1.6,2.9,36,2,42.3,0.67987987987988,0.5405405405405406,0.3333333333333333,0.5
2026-27,1022600163,2026-07-09,Jul,IND,PHX,away,W,92,89,78.5,3,181,8,1,6,3,22,10,6,6,34.8,Kelsey Mitchell,1628909,4,G,29,2,True,3,0,32.5,26.3,22.5,1.6,2.9,39,4,55.4,0.7080459770114943,0.632183908045977,0.2727272727272727,0.2727272727272727
2026-27,1022600002,2026-05-08,May,TOR,WAS,home,L,65,68,81.5,-3,133,1,0,0,0,1,1,0,0,10.1,Kia Nurse,1628915,4,,2,1,False,0,1,11.7,18.4,4.8,1.1,0.6000000000000001,4,0,3.7,0.19801980198019803,0.09900990099009901,0.0,0.0
2026-27,1022600015,2026-05-13,May,TOR,SEA,home,W,86,73,81.0,13,159,1,0,1,0,1,0,0,0,7.0,Kia Nurse,1628915,-1,,0,0,False,0,0,11.7,18.4,4.8,1.1,0.6000000000000001,1,0,1.5,0.14285714285714285,0.14285714285714285,0.0,1.0
2026-27,1022600023,2026-05-15,May,TOR,LAS,away,L,95,99,80.0,-4,194,1,0,2,0,4,2,0,0,9.3,Kia Nurse,1628915,8,,4,1,False,1,0,11.7,18.4,4.8,1.1,0.6000000000000001,6,1,9.7,0.4301075268817204,0.4301075268817204,0.0,0.5
2026-27,1022600028,2026-05-17,May,TOR,LAS,away,W,106,96,80.0,10,202,0,0,3,2,4,2,4,4,12.3,Kia Nurse,1628915,15,,10,0,False,0,1,11.7,18.4,4.8,1.1,0.6000000000000001,10,0,9.0,0.5495934959349593,0.3252032520325203,1.0,0.75
2026-27,1022600031,2026-05-19,May,TOR,PHX,away,W,98,90,82.5,8,188,0,0,2,0,2,0,0,0,12.7,Kia Nurse,1628915,4,,0,2,False,0,0,11.7,18.4,4.8,1.1,0.6000000000000001,2,0,2.4,0.15748031496062992,0.15748031496062992,0.0,1.0
2026-27,1022600036,2026-05-21,May,TOR,MIN,away,L,72,100,77.5,-28,172,2,0,11,6,13,6,6,5,26.7,Kia Nurse,1628915,-15,,23,4,True,1,1,11.7,18.4,4.8,1.1,0.6000000000000001,29,1,32.8,0.6232209737827715,0.4868913857677903,0.46153846153846156,0.8461538461538461
2026-27,1022600042,2026-05-23,May,TOR,PDX,home,L,80,99,80.0,-19,179,0,0,5,0,7,1,2,2,11.5,Kia Nurse,1628915,-3,,4,2,False,0,0,11.7,18.4,4.8,1.1,0.6000000000000001,6,0,6.4,0.6852173913043478,0.6086956521739131,0.2857142857142857,0.7142857142857143
2026-27,1022600050,2026-05-27,May,TOR,CHI,away,W,111,104,84.0,7,215,0,0,1,0,1,0,0,0,7.7,Kia Nurse,1628915,2,,0,1,False,0,0,11.7,18.4,4.8,1.1,0.6000000000000001,1,0,1.2,0.12987012987012986,0.12987012987012986,0.0,1.0
2026-27,1022600060,2026-05-30,May,TOR,SEA,home,W,93,72,82.0,21,165,0,0,1,0,2,0,0,0,9.7,Kia Nurse,1628915,-4,,0,2,False,1,0,11.7,18.4,4.8,1.1,0.6000000000000001,2,1,5.4,0.2061855670103093,0.2061855670103093,0.0,0.5
2026-27,1022600070,2026-06-03,Jun,TOR,NYL,away,L,82,97,78.5,-15,179,0,0,0,0,0,0,0,0,4.4,Kia Nurse,1628915,1,,0,0,False,0,0,11.7,18.4,4.8,1.1,0.6000000000000001,0,0,0.0,0.0,0.0,,
2026-27,1022600081,2026-06-07,Jun,TOR,CHI,home,W,85,68,84.5,17,153,0,0,2,0,2,0,2,2,8.8,Kia Nurse,1628915,-1,,2,1,False,0,1,11.7,18.4,4.8,1.1,0.6000000000000001,3,0,2.2,0.44090909090909086,0.22727272727272727,1.0,1.0
2026-27,1022600089,2026-06-10,Jun,TOR,CON,home,W,106,102,89.5,4,208,0,0,1,0,1,0,0,0,2.8,Kia Nurse,1628915,-1,,0,0,False,0,0,11.7,18.4,4.8,1.1,0.6000000000000001,0,0,0.0,0.35714285714285715,0.35714285714285715,0.0,1.0
2026-27,1022600095,2026-06-12,Jun,TOR,WAS,away,L,85,86,84.5,-1,171,1,0,0,0,1,0,0,0,2.9,Kia Nurse,1628915,-3,,0,0,False,1,0,11.7,18.4,4.8,1.1,0.6000000000000001,1,1,4.5,0.3448275862068966,0.3448275862068966,0.0,0.0
2026-27,1022600102,2026-06-14,Jun,TOR,ATL,home,L,77,102,81.0,-25,179,0,0,1,1,1,1,0,0,7.6,Kia Nurse,1628915,-8,,3,1,False,0,0,11.7,18.4,4.8,1.1,0.6000000000000001,4,0,4.2,0.13157894736842105,0.13157894736842105,0.0,1.0
2026-27,1022600106,2026-06-16,Jun,TOR,IND,away,L,91,113,88.5,-22,204,0,0,1,0,4,3,4,4,14.7,Kia Nurse,1628915,-16,,10,1,False,0,2,11.7,18.4,4.8,1.1,0.6000000000000001,11,0,9.2,0.527891156462585,0.272108843537415,1.0,0.25
2026-27,1022600114,2026-06-19,Jun,TOR,CON,away,W,101,97,84.0,4,198,0,0,3,0,3,0,0,0,5.0,Kia Nurse,1628915,-15,,0,0,False,0,0,11.7,18.4,4.8,1.1,0.6000000000000001,0,0,0.0,0.6,0.6,0.0,1.0
2026-27,1022600124,2026-06-22,Jun,TOR,ATL,away,L,87,94,84.5,-7,181,4,0,3,1,4,1,1,1,15.4,Kia Nurse,1628915,22,,4,1,False,1,1,11.7,18.4,4.8,1.1,0.6000000000000001,9,1,13.2,0.35324675324675325,0.2597402597402597,0.25,0.75
2026-27,1022600132,2026-06-25,Jun,TOR,LAS,home,W,125,97,86.5,28,222,0,0,6,2,8,3,4,4,14.5,Kia Nurse,1628915,-10,,12,3,False,1,0,11.7,18.4,4.8,1.1,0.6000000000000001,15,1,18.6,0.6731034482758621,0.5517241379310345,0.5,0.75
2026-27,1022600138,2026-06-27,Jun,TOR,PHX,home,L,80,89,78.5,-9,169,1,0,5,3,9,4,2,1,21.6,Kia Nurse,1628915,-18,G,12,1,True,0,0,11.7,18.4,4.8,1.1,0.6000000000000001,14,0,14.7,0.45740740740740743,0.41666666666666663,0.2222222222222222,0.5555555555555556
2026-27,1022600152,2026-07-05,Jul,TOR,DAL,home,L,76,89,76.0,-13,165,0,0,7,3,9,4,1,1,20.8,Kia Nurse,1628915,3,,12,1,False,0,1,11.7,18.4,4.8,1.1,0.6000000000000001,13,0,12.2,0.5019230769230769,0.43269230769230765,0.1111111111111111,0.7777777777777778
2026-27,1022600159,2026-07-08,Jul,TOR,GSV,home,L,75,83,76.0,-8,158,2,0,3,2,3,2,2,2,15.0,Kia Nurse,1628915,-11,,8,1,False,0,1,11.7,18.4,4.8,1.1,0.6000000000000001,11,0,11.2,0.3253333333333333,0.2,0.6666666666666666,1.0
2026-27,1022600166,2026-07-10,Jul,TOR,DAL,home,L,95,108,78.5,-13,203,1,0,5,0,6,0,0,0,14.9,Kia Nurse,1628915,-5,,0,1,False,0,0,11.7,18.4,4.8,1.1,0.6000000000000001,2,0,2.7,0.40268456375838924,0.40268456375838924,0.0,0.8333333333333334
2026-27,1022600024,2026-05-15,May,CHI,PHX,away,L,83,91,83.0,-8,174,0,0,0,0,0,0,0,0,0.0,Azura Stevens,1628922,0,,0,0,False,0,0,23.6,22.7,10.5,6.4,2.3,0,0,0.0,,,,
2026-27,1022600025,2026-05-17,May,CHI,MIN,away,W,86,79,84.5,7,165,0,0,0,0,0,0,0,0,0.0,Azura Stevens,1628922,0,,0,0,False,0,0,23.6,22.7,10.5,6.4,2.3,0,0,0.0,,,,
2026-27,1022600033,2026-05-20,May,CHI,DAL,home,L,89,99,79.5,-10,188,0,0,0,0,0,0,0,0,0.0,Azura Stevens,1628922,0,,0,0,False,0,0,23.6,22.7,10.5,6.4,2.3,0,0,0.0,,,,
2026-27,1022600041,2026-05-23,May,CHI,MIN,home,L,75,85,86.5,-10,160,1,1,3,0,10,3,0,0,15.5,Azura Stevens,1628922,-5,,6,3,False,1,2,23.6,22.7,10.5,6.4,2.3,10,2,15.100000000000001,0.7741935483870968,0.6451612903225806,0.0,0.3
2026-27,1022600050,2026-05-27,May,CHI,TOR,home,L,104,111,84.0,-7,215,3,0,4,1,7,3,3,3,15.3,Azura Stevens,1628922,-1,F,10,0,False,1,0,23.6,22.7,10.5,6.4,2.3,13,1,17.5,0.5437908496732026,0.45751633986928103,0.42857142857142855,0.5714285714285714
2026-27,1022600058,2026-05-29,May,CHI,MIN,home,L,58,79,86.0,-21,137,2,0,4,0,8,2,0,0,17.8,Azura Stevens,1628922,-13,F,4,1,False,0,1,23.6,22.7,10.5,6.4,2.3,7,0,7.199999999999999,0.5056179775280899,0.449438202247191,0.0,0.5
2026-27,1022600067,2026-06-02,Jun,CHI,WAS,away,L,72,90,82.5,-18,162,3,2,2,1,7,3,0,0,18.6,Azura Stevens,1628922,-9,F,7,5,False,1,3,23.6,22.7,10.5,6.4,2.3,15,3,23.5,0.5376344086021505,0.3763440860215054,0.0,0.2857142857142857
2026-27,1022600074,2026-06-05,Jun,CHI,CON,home,W,85,80,77.0,5,165,1,0,5,1,13,5,3,2,20.4,Azura Stevens,1628922,4,F,13,10,False,1,0,23.6,22.7,10.5,6.4,2.3,24,1,29.5,0.7019607843137255,0.6372549019607844,0.23076923076923078,0.38461538461538464
2026-27,1022600081,2026-06-07,Jun,CHI,TOR,away,L,68,85,84.5,-17,153,0,0,4,0,15,8,2,2,23.7,Azura Stevens,1628922,-11,F,18,10,True,0,0,23.6,22.7,10.5,6.4,2.3,28,0,30.0,0.6700421940928271,0.6329113924050633,0.13333333333333333,0.26666666666666666
2026-27,1022600086,2026-06-09,Jun,CHI,ATL,home,L,75,82,77.0,-7,157,0,0,1,0,7,2,6,4,22.9,Azura Stevens,1628922,-9,F,8,7,True,1,1,23.6,22.7,10.5,6.4,2.3,15,1,18.4,0.46462882096069874,0.30567685589519655,0.8571428571428571,0.14285714285714285
2026-27,1022600091,2026-06-11,Jun,CHI,IND,away,L,106,114,96.5,-8,220,6,1,4,0,11,3,4,4,26.2,Azura Stevens,1628922,-4,F,10,9,True,1,1,23.6,22.7,10.5,6.4,2.3,25,2,34.8,0.5251908396946565,0.41984732824427484,0.36363636363636365,0.36363636363636365
2026-27,1022600108,2026-06-17,Jun,CHI,NYL,home,L,95,96,80.5,-1,191,0,0,0,0,6,3,0,0,19.5,Azura Stevens,1628922,6,F,6,6,False,0,4,23.6,22.7,10.5,6.4,2.3,12,0,9.2,0.5128205128205128,0.3076923076923077,0.0,0.0
2026-27,1022600119,2026-06-20,Jun,CHI,DAL,away,L,92,93,83.0,-1,185,4,0,3,1,11,3,2,1,28.3,Azura Stevens,1628922,-8,F,8,11,True,2,1,23.6,22.7,10.5,6.4,2.3,23,2,32.2,0.4551236749116608,0.38869257950530034,0.18181818181818182,0.2727272727272727
2026-27,1022600123,2026-06-22,Jun,CHI,CON,away,L,63,92,84.5,-29,155,1,0,5,1,12,3,5,4,25.9,Azura Stevens,1628922,-18,F,11,3,True,0,1,23.6,22.7,10.5,6.4,2.3,15,0,15.100000000000001,0.5868725868725869,0.46332046332046334,0.4166666666666667,0.4166666666666667
2026-27,1022600130,2026-06-24,Jun,CHI,PDX,home,W,101,78,79.5,23,179,5,0,5,1,13,3,4,4,26.9,Azura Stevens,1628922,1,F,11,11,True,1,3,23.6,22.7,10.5,6.4,2.3,27,1,31.700000000000003,0.6602230483271375,0.483271375464684,0.3076923076923077,0.38461538461538464
2026-27,1022600136,2026-06-26,Jun,CHI,PDX,home,W,124,94,83.0,30,218,6,2,6,3,10,4,1,1,28.4,Azura Stevens,1628922,23,F,12,6,True,0,1,23.6,22.7,10.5,6.4,2.3,24,2,33.2,0.4028169014084507,0.35211267605633806,0.1,0.6
2026-27,1022600143,2026-06-28,Jun,CHI,LVA,home,L,99,107,86.0,-8,206,3,0,6,3,14,8,7,5,29.7,Azura Stevens,1628922,-1,F,24,6,True,2,1,23.6,22.7,10.5,6.4,2.3,33,2,40.7,0.6087542087542087,0.4713804713804714,0.5,0.42857142857142855
2026-27,1022600149,2026-07-03,Jul,CHI,LVA,away,L,90,98,90.0,-8,188,0,0,1,0,6,4,3,3,25.9,Azura Stevens,1628922,-11,F,11,2,True,2,3,23.6,22.7,10.5,6.4,2.3,13,2,16.4,0.39845559845559847,0.23166023166023167,0.5,0.16666666666666666
2026-27,1022600158,2026-07-07,Jul,CHI,PHX,away,W,77,66,80.0,11,143,2,0,3,1,10,3,2,2,26.5,Azura Stevens,1628922,-3,F,9,10,True,2,3,23.6,22.7,10.5,6.4,2.3,21,2,27.0,0.5237735849056604,0.37735849056603776,0.2,0.3
2026-27,1022600167,2026-07-10,Jul,CHI,LAS,away,L,87,102,87.0,-15,189,2,1,3,1,7,4,1,1,30.0,Azura Stevens,1628922,-11,F,10,8,True,0,2,23.6,22.7,10.5,6.4,2.3,20,1,23.6,0.3146666666666667,0.23333333333333334,0.14285714285714285,0.42857142857142855
2026-27,1022600003,2026-05-08,May,GSV,SEA,away,W,91,80,75.0,11,171,4,0,5,1,9,2,3,2,23.9,Gabby Williams,1628931,3,F,7,6,True,1,2,25.5,28.3,15.0,3.5,2.2,17,1,21.2,0.5154811715481172,0.3765690376569038,0.3333333333333333,0.5555555555555556
2026-27,1022600011,2026-05-10,May,GSV,PHX,home,W,95,79,76.5,16,174,3,1,9,4,13,7,1,1,32.2,Gabby Williams,1628931,12,F,19,5,True,4,4,25.5,28.3,15.0,3.5,2.2,27,5,40.5,0.5416149068322981,0.40372670807453415,0.07692307692307693,0.6923076923076923
2026-27,1022600017,2026-05-13,May,GSV,CHI,home,L,63,69,75.5,-6,132,1,1,6,3,17,6,4,3,31.6,Gabby Williams,1628931,-4,F,18,5,True,1,2,25.5,28.3,15.0,3.5,2.2,24,2,29.5,0.6569620253164558,0.5379746835443038,0.23529411764705882,0.35294117647058826
2026-27,1022600035,2026-05-21,May,GSV,NYL,away,W,87,70,76.0,17,157,2,0,6,4,11,4,6,4,20.8,Gabby Williams,1628931,15,F,16,2,False,0,0,25.5,28.3,15.0,3.5,2.2,20,0,21.4,0.6557692307692308,0.5288461538461539,0.5454545454545454,0.5454545454545454
2026-27,1022600039,2026-05-22,May,GSV,IND,away,L,82,90,83.0,-8,172,3,0,3,0,8,2,2,2,22.2,Gabby Williams,1628931,-6,G,6,0,False,4,3,25.5,28.3,15.0,3.5,2.2,9,4,19.5,0.5351351351351352,0.3603603603603604,0.25,0.375
2026-27,1022600048,2026-05-25,May,GSV,CON,home,W,97,70,80.0,27,167,1,0,5,3,10,6,0,0,17.7,Gabby Williams,1628931,21,F,15,2,True,0,0,25.5,28.3,15.0,3.5,2.2,18,0,18.9,0.5649717514124294,0.5649717514124294,0.0,0.5
2026-27,1022600055,2026-05-28,May,GSV,IND,home,W,90,88,82.5,2,178,6,0,4,0,14,6,10,7,28.4,Gabby Williams,1628931,-2,F,19,6,True,3,1,25.5,28.3,15.0,3.5,2.2,31,3,43.2,0.6830985915492958,0.49295774647887325,0.7142857142857143,0.2857142857142857
2026-27,1022600063,2026-05-31,May,GSV,LVA,home,L,81,91,80.0,-10,172,1,0,6,4,14,6,4,4,26.3,Gabby Williams,1628931,2,F,20,4,True,2,2,25.5,28.3,15.0,3.5,2.2,25,2,30.299999999999997,0.6752851711026615,0.532319391634981,0.2857142857142857,0.42857142857142855
2026-27,1022600068,2026-06-02,Jun,GSV,PDX,home,W,95,77,73.5,18,172,2,0,5,0,13,4,0,0,26.6,Gabby Williams,1628931,21,F,8,2,True,1,0,25.5,28.3,15.0,3.5,2.2,12,1,16.4,0.48872180451127817,0.48872180451127817,0.0,0.38461538461538464
2026-27,1022600073,2026-06-04,Jun,GSV,MIN,away,L,84,87,75.5,-3,171,3,1,4,1,10,2,0,0,24.6,Gabby Williams,1628931,-7,F,5,5,True,2,1,25.5,28.3,15.0,3.5,2.2,13,3,23.5,0.44715447154471544,0.4065040650406504,0.0,0.4
2026-27,1022600078,2026-06-06,Jun,GSV,LVA,away,L,79,84,76.5,-5,163,1,0,7,3,17,10,5,4,27.7,Gabby Williams,1628931,-13,F,27,6,True,2,1,25.5,28.3,15.0,3.5,2.2,34,2,40.7,0.7292418772563177,0.6137184115523466,0.29411764705882354,0.4117647058823529
2026-27,1022600088,2026-06-09,Jun,GSV,PHX,home,W,87,81,74.5,6,168,1,0,6,3,19,9,6,4,29.9,Gabby Williams,1628931,0,F,25,4,True,1,1,25.5,28.3,15.0,3.5,2.2,30,1,33.3,0.7571906354515051,0.6354515050167224,0.3157894736842105,0.3157894736842105
2026-27,1022600096,2026-06-12,Jun,GSV,SEA,away,W,76,72,75.0,4,148,4,0,7,2,16,6,5,5,32.2,Gabby Williams,1628931,-2,F,19,1,True,1,3,25.5,28.3,15.0,3.5,2.2,24,1,26.2,0.6583850931677018,0.49689440993788814,0.3125,0.4375
2026-27,1022600105,2026-06-15,Jun,GSV,LAS,home,W,78,58,73.5,20,136,1,0,3,1,12,6,3,3,28.2,Gabby Williams,1628931,17,F,16,4,True,1,3,25.5,28.3,15.0,3.5,2.2,21,1,22.3,0.5787234042553192,0.425531914893617,0.25,0.25
2026-27,1022600109,2026-06-17,Jun,GSV,DAL,home,W,91,80,77.5,11,171,4,0,6,2,16,7,12,9,28.7,Gabby Williams,1628931,25,F,25,3,True,1,2,25.5,28.3,15.0,3.5,2.2,32,1,35.6,0.8111498257839722,0.5574912891986062,0.75,0.375
2026-27,1022600116,2026-06-19,Jun,GSV,MIN,home,L,75,81,78.5,-6,156,1,0,6,2,16,6,2,1,28.1,Gabby Williams,1628931,-10,F,15,8,True,1,3,25.5,28.3,15.0,3.5,2.2,24,1,26.1,0.7074733096085408,0.5693950177935942,0.125,0.375
2026-27,1022600120,2026-06-21,Jun,GSV,LVA,away,L,73,92,72.5,-19,165,0,0,4,0,11,4,4,2,21.3,Gabby Williams,1628931,-23,G,10,1,True,2,1,25.5,28.3,15.0,3.5,2.2,11,2,16.2,0.6460093896713615,0.5164319248826291,0.36363636363636365,0.36363636363636365
2026-27,1022600131,2026-06-24,Jun,GSV,ATL,home,W,77,66,73.5,11,143,5,1,5,3,16,9,2,2,31.7,Gabby Williams,1628931,17,F,23,5,True,1,0,25.5,28.3,15.0,3.5,2.2,33,2,42.5,0.5324921135646687,0.5047318611987381,0.125,0.3125
2026-27,1022600137,2026-06-26,Jun,GSV,ATL,home,W,78,75,81.0,3,153,2,0,4,0,11,5,10,6,22.2,Gabby Williams,1628931,7,F,16,4,True,2,2,25.5,28.3,15.0,3.5,2.2,22,2,27.8,0.7837837837837838,0.4954954954954955,0.9090909090909091,0.36363636363636365
2026-27,1022600144,2026-06-28,Jun,GSV,NYL,home,W,76,67,69.0,9,143,1,0,4,1,9,2,5,2,20.2,Gabby Williams,1628931,9,F,7,2,True,0,2,25.5,28.3,15.0,3.5,2.2,10,0,8.9,0.6534653465346535,0.44554455445544555,0.5555555555555556,0.4444444444444444
2026-27,1022600150,2026-07-04,Jul,GSV,ATL,away,W,88,83,79.0,5,171,2,0,8,4,14,7,1,1,27.2,Gabby Williams,1628931,0,F,19,1,True,3,0,25.5,28.3,15.0,3.5,2.2,22,3,32.2,0.5308823529411765,0.5147058823529412,0.07142857142857142,0.5714285714285714
2026-27,1022600154,2026-07-06,Jul,GSV,WAS,away,W,62,49,68.0,13,111,0,0,2,0,6,1,0,0,17.3,Gabby Williams,1628931,-6,G,2,3,False,2,1,25.5,28.3,15.0,3.5,2.2,5,2,10.6,0.40462427745664736,0.3468208092485549,0.0,0.3333333333333333
2026-27,1022600159,2026-07-08,Jul,GSV,TOR,away,W,83,75,76.0,8,158,2,0,3,1,9,3,0,0,18.0,Gabby Williams,1628931,-6,G,7,1,False,1,2,25.5,28.3,15.0,3.5,2.2,10,1,12.2,0.6111111111111112,0.5,0.0,0.3333333333333333
2026-27,1022600165,2026-07-10,Jul,GSV,CON,away,W,79,64,73.5,15,143,0,0,0,0,0,0,0,0,0.0,Gabby Williams,1628931,0,,0,0,False,0,0,25.5,28.3,15.0,3.5,2.2,0,0,0.0,,,,
2026-27,1022600005,2026-05-09,May,LVA,PHX,home,L,66,99,83.0,-33,165,4,2,3,2,15,8,2,1,23.6,A'ja Wilson,1628932,-22,C,19,4,True,2,2,32.1,32.6,26.1,9.4,2.9,27,4,39.8,0.7576271186440678,0.635593220338983,0.13333333333333333,0.2
2026-27,1022600009,2026-05-10,May,LVA,LAS,away,W,105,78,83.0,27,183,3,2,2,0,14,7,6,5,30.0,A'ja Wilson,1628932,19,C,19,4,True,1,3,32.1,32.6,26.1,9.4,2.9,26,3,34.3,0.6546666666666667,0.4666666666666667,0.42857142857142855,0.14285714285714285
2026-27,1022600016,2026-05-13,May,LVA,CON,away,W,98,69,83.0,29,167,1,2,0,0,15,8,9,6,20.6,A'ja Wilson,1628932,33,C,22,11,True,0,1,32.1,32.6,26.1,9.4,2.9,34,2,41.7,0.9689320388349514,0.7281553398058251,0.6,0.0
2026-27,1022600021,2026-05-15,May,LVA,CON,away,W,101,94,84.5,7,195,3,2,2,2,18,15,13,13,32.2,A'ja Wilson,1628932,15,C,45,3,True,1,3,32.1,32.6,26.1,9.4,2.9,51,3,59.1,0.8298136645962731,0.5590062111801242,0.7222222222222222,0.1111111111111111
2026-27,1022600026,2026-05-17,May,LVA,ATL,away,W,85,84,85.0,1,169,1,2,2,2,12,6,7,6,31.2,A'ja Wilson,1628932,-3,C,20,6,True,0,4,32.1,32.6,26.1,9.4,2.9,27,2,30.700000000000003,0.6115384615384615,0.38461538461538464,0.5833333333333334,0.16666666666666666
2026-27,1022600043,2026-05-23,May,LVA,LAS,home,L,95,101,84.0,-6,196,4,4,4,2,20,8,6,6,35.5,A'ja Wilson,1628932,-3,C,24,15,True,2,3,32.1,32.6,26.1,9.4,2.9,43,6,63.0,0.7222535211267606,0.5633802816901409,0.3,0.2
2026-27,1022600054,2026-05-28,May,LVA,DAL,away,L,87,95,78.5,-8,182,3,0,1,1,24,10,1,0,34.8,A'ja Wilson,1628932,-12,C,21,7,True,1,2,32.1,32.6,26.1,9.4,2.9,31,1,34.9,0.7597701149425289,0.6896551724137931,0.041666666666666664,0.041666666666666664
2026-27,1022600063,2026-05-31,May,LVA,GSV,away,W,91,81,80.0,10,172,4,4,1,0,22,11,7,6,35.9,A'ja Wilson,1628932,11,C,28,15,True,1,4,32.1,32.6,26.1,9.4,2.9,47,5,63.0,0.8100278551532033,0.6128133704735377,0.3181818181818182,0.045454545454545456
2026-27,1022600069,2026-06-02,Jun,LVA,LAS,away,W,79,69,78.5,10,148,1,5,3,1,20,10,7,4,33.6,A'ja Wilson,1628932,1,C,25,15,True,3,3,32.1,32.6,26.1,9.4,2.9,41,8,65.5,0.7761904761904761,0.5952380952380952,0.35,0.15
2026-27,1022600078,2026-06-06,Jun,LVA,GSV,home,W,84,79,76.5,5,163,3,0,4,2,17,9,8,8,35.1,A'ja Wilson,1628932,12,C,28,14,True,0,2,32.1,32.6,26.1,9.4,2.9,45,0,47.3,0.6415954415954416,0.4843304843304843,0.47058823529411764,0.23529411764705882
2026-27,1022600085,2026-06-08,Jun,LVA,SEA,home,W,101,91,18.5,10,192,9,3,5,3,19,10,13,11,35.6,A'ja Wilson,1628932,12,F,34,12,True,1,2,32.1,32.6,26.1,9.4,2.9,55,4,71.9,0.750561797752809,0.5337078651685393,0.6842105263157895,0.2631578947368421
2026-27,1022600094,2026-06-11,Jun,LVA,PDX,away,W,105,89,79.5,16,194,4,2,2,1,20,10,13,11,35.7,A'ja Wilson,1628932,24,C,32,5,True,1,3,32.1,32.6,26.1,9.4,2.9,41,3,50.0,0.8044817927170868,0.5602240896358543,0.65,0.1
2026-27,1022600098,2026-06-13,Jun,LVA,MIN,home,W,100,97,77.5,3,197,1,3,2,1,15,9,6,5,32.1,A'ja Wilson,1628932,3,F,24,10,True,2,3,32.1,32.6,26.1,9.4,2.9,35,5,49.5,0.6429906542056074,0.4672897196261682,0.4,0.13333333333333333
2026-27,1022600103,2026-06-15,Jun,LVA,DAL,away,L,66,96,80.0,-30,162,2,0,2,0,15,8,3,2,25.6,A'ja Wilson,1628932,-18,F,18,5,True,1,2,32.1,32.6,26.1,9.4,2.9,25,1,28.0,0.715625,0.5859375,0.2,0.13333333333333333
2026-27,1022600111,2026-06-17,Jun,LVA,PHX,away,W,86,76,77.0,10,162,3,2,2,0,20,11,13,11,37.0,A'ja Wilson,1628932,14,C,33,10,True,5,2,32.1,32.6,26.1,9.4,2.9,46,7,68.5,0.7491891891891892,0.5405405405405406,0.65,0.1
2026-27,1022600120,2026-06-21,Jun,LVA,GSV,home,W,92,73,72.5,19,165,3,2,2,0,13,7,5,5,31.0,A'ja Wilson,1628932,27,F,19,9,True,1,3,32.1,32.6,26.1,9.4,2.9,31,3,40.3,0.5870967741935483,0.41935483870967744,0.38461538461538464,0.15384615384615385
2026-27,1022600127,2026-06-23,Jun,LVA,NYL,home,L,76,87,77.5,-11,163,5,0,3,0,18,7,3,2,35.6,A'ja Wilson,1628932,-11,F,16,9,True,4,3,32.1,32.6,26.1,9.4,2.9,30,4,43.3,0.6269662921348315,0.5056179775280899,0.16666666666666666,0.16666666666666666
2026-27,1022600133,2026-06-25,Jun,LVA,DAL,home,W,99,84,84.0,15,183,0,0,1,0,21,12,11,8,31.8,A'ja Wilson,1628932,14,F,32,9,True,0,2,32.1,32.6,26.1,9.4,2.9,41,0,40.8,0.8754716981132076,0.660377358490566,0.5238095238095238,0.047619047619047616
2026-27,1022600143,2026-06-28,Jun,LVA,CHI,away,W,107,99,86.0,8,206,1,3,3,1,14,8,16,13,34.0,A'ja Wilson,1628932,9,F,30,15,True,4,4,32.1,32.6,26.1,9.4,2.9,46,7,66.5,0.7364705882352941,0.4117647058823529,1.1428571428571428,0.21428571428571427
2026-27,1022600164,2026-07-09,Jul,LVA,PDX,away,W,88,80,77.0,8,168,3,2,2,1,19,10,13,11,30.2,A'ja Wilson,1628932,25,C,32,10,True,2,1,32.1,32.6,26.1,9.4,2.9,45,4,59.5,0.8516556291390728,0.6291390728476821,0.6842105263157895,0.10526315789473684
2026-27,1022600001,2026-05-08,May,NYL,CON,home,W,106,75,88.5,31,181,0,0,0,0,0,0,0,0,0.0,Sabrina Ionescu,1629477,0,,0,0,False,0,0,29.0,21.2,10.7,3.5,3.8,0,0,0.0,,,,
2026-27,1022600008,2026-05-10,May,NYL,WAS,away,W,98,93,86.5,5,191,0,0,0,0,0,0,0,0,0.0,Sabrina Ionescu,1629477,0,,0,0,False,0,0,29.0,21.2,10.7,3.5,3.8,0,0,0.0,,,,
2026-27,1022600045,2026-05-24,May,NYL,DAL,home,L,76,91,77.0,-15,167,7,0,5,2,15,4,2,1,30.7,Sabrina Ionescu,1629477,-13,G,11,5,True,0,1,29.0,21.2,10.7,3.5,3.8,23,0,26.5,0.5498371335504887,0.48859934853420195,0.13333333333333333,0.3333333333333333
2026-27,1022600083,2026-06-08,Jun,NYL,CON,away,W,89,80,82.0,9,169,0,0,0,0,0,0,0,0,0.0,Sabrina Ionescu,1629477,0,,0,0,False,0,0,29.0,21.2,10.7,3.5,3.8,0,0,0.0,,,,
2026-27,1022600092,2026-06-11,Jun,NYL,ATL,away,W,104,90,80.5,14,194,0,0,0,0,0,0,0,0,0.0,Sabrina Ionescu,1629477,0,,0,0,False,0,0,29.0,21.2,10.7,3.5,3.8,0,0,0.0,,,,
2026-27,1022600101,2026-06-14,Jun,NYL,WAS,home,W,86,64,78.5,22,150,3,0,2,0,4,1,4,3,25.5,Sabrina Ionescu,1629477,18,,5,3,True,0,2,29.0,21.2,10.7,3.5,3.8,11,0,11.1,0.3043137254901961,0.1568627450980392,1.0,0.5
2026-27,1022600108,2026-06-17,Jun,NYL,CHI,away,W,96,95,80.5,1,191,1,0,4,2,9,4,0,0,27.7,Sabrina Ionescu,1629477,-7,G,10,3,True,0,3,29.0,21.2,10.7,3.5,3.8,14,0,12.1,0.4332129963898917,0.3249097472924188,0.0,0.4444444444444444
2026-27,1022600115,2026-06-19,Jun,NYL,WAS,home,L,83,86,79.0,-3,169,3,0,6,1,13,4,0,0,30.3,Sabrina Ionescu,1629477,-7,G,9,1,True,0,4,29.0,21.2,10.7,3.5,3.8,13,0,10.7,0.5610561056105611,0.429042904290429,0.0,0.46153846153846156
2026-27,1022600122,2026-06-21,Jun,NYL,LAS,away,L,97,98,83.5,-1,195,2,0,1,0,3,1,0,0,21.9,Sabrina Ionescu,1629477,-7,G,2,3,True,0,2,29.0,21.2,10.7,3.5,3.8,7,0,6.6,0.22831050228310504,0.13698630136986303,0.0,0.3333333333333333
2026-27,1022600127,2026-06-23,Jun,NYL,LVA,away,W,87,76,77.5,11,163,4,0,6,2,12,5,4,4,29.8,Sabrina Ionescu,1629477,5,G,16,10,True,1,2,29.0,21.2,10.7,3.5,3.8,30,1,35.0,0.5288590604026845,0.40268456375838924,0.3333333333333333,0.5
2026-27,1022600134,2026-06-25,Jun,NYL,SEA,away,L,88,99,83.5,-11,187,5,0,7,1,12,5,3,3,29.3,Sabrina Ionescu,1629477,-14,G,14,2,True,1,2,29.0,21.2,10.7,3.5,3.8,21,1,24.9,0.5228668941979522,0.40955631399317405,0.25,0.5833333333333334
2026-27,1022600144,2026-06-28,Jun,NYL,GSV,away,L,67,76,69.0,-9,143,2,0,6,2,10,3,1,1,25.9,Sabrina Ionescu,1629477,-21,G,9,3,True,0,1,29.0,21.2,10.7,3.5,3.8,14,0,14.6,0.4416988416988417,0.3861003861003861,0.1,0.6
2026-27,1022600148,2026-07-03,Jul,NYL,MIN,home,W,99,86,78.0,13,185,6,2,10,3,12,5,4,4,35.1,Sabrina Ionescu,1629477,18,G,17,2,True,2,2,29.0,21.2,10.7,3.5,3.8,25,4,38.4,0.449002849002849,0.3418803418803419,0.3333333333333333,0.8333333333333334
2026-27,1022600157,2026-07-07,Jul,NYL,DAL,home,L,77,88,81.0,-11,165,5,1,7,2,15,5,2,2,32.8,Sabrina Ionescu,1629477,-5,G,14,3,True,0,4,29.0,21.2,10.7,3.5,3.8,22,1,24.1,0.6060975609756099,0.4573170731707317,0.13333333333333333,0.4666666666666667
2026-27,1022600003,2026-05-08,May,SEA,GSV,home,L,80,91,75.0,-11,171,0,0,0,0,0,0,0,0,0.0,Katie Lou Samuelson,1629478,0,,0,0,False,0,0,15.6,11.7,3.9,2.2,0.9,0,0,0.0,,,,
2026-27,1022600007,2026-05-10,May,SEA,CON,away,W,89,82,86.5,7,171,0,0,0,0,0,0,0,0,0.0,Katie Lou Samuelson,1629478,0,,0,0,False,0,0,15.6,11.7,3.9,2.2,0.9,0,0,0.0,,,,
2026-27,1022600015,2026-05-13,May,SEA,TOR,away,L,73,86,81.0,-13,159,0,0,0,0,0,0,0,0,0.0,Katie Lou Samuelson,1629478,0,,0,0,False,0,0,15.6,11.7,3.9,2.2,0.9,0,0,0.0,,,,
2026-27,1022600027,2026-05-17,May,SEA,IND,away,L,78,89,84.0,-11,167,0,0,0,0,0,0,0,0,0.0,Katie Lou Samuelson,1629478,0,,0,0,False,0,0,15.6,11.7,3.9,2.2,0.9,0,0,0.0,,,,
2026-27,1022600034,2026-05-20,May,SEA,CON,home,L,78,80,78.0,-2,158,0,0,0,0,0,0,0,0,0.0,Katie Lou Samuelson,1629478,0,,0,0,False,0,0,15.6,11.7,3.9,2.2,0.9,0,0,0.0,,,,
2026-27,1022600040,2026-05-22,May,SEA,CON,home,W,77,59,75.5,18,136,0,0,0,0,0,0,0,0,0.0,Katie Lou Samuelson,1629478,0,,0,0,False,0,0,15.6,11.7,3.9,2.2,0.9,0,0,0.0,,,,
2026-27,1022600046,2026-05-24,May,SEA,WAS,home,W,97,85,81.0,12,182,2,0,2,1,2,1,0,0,18.0,Katie Lou Samuelson,1629478,12,,3,2,False,0,1,15.6,11.7,3.9,2.2,0.9,7,0,7.4,0.16666666666666666,0.1111111111111111,0.0,1.0
2026-27,1022600053,2026-05-27,May,SEA,WAS,home,L,64,78,72.5,-14,142,0,0,2,1,3,2,4,3,15.3,Katie Lou Samuelson,1629478,-7,,8,1,False,2,0,15.6,11.7,3.9,2.2,0.9,9,2,15.2,0.31111111111111106,0.19607843137254902,1.3333333333333333,0.6666666666666666
2026-27,1022600060,2026-05-30,May,SEA,TOR,away,L,72,93,82.0,-21,165,2,0,4,0,5,1,1,0,17.2,Katie Lou Samuelson,1629478,-16,,2,4,False,1,2,15.6,11.7,3.9,2.2,0.9,8,1,10.8,0.43255813953488376,0.29069767441860467,0.2,0.8
2026-27,1022600064,2026-06-01,Jun,SEA,DAL,away,L,56,79,79.0,-23,135,2,0,2,2,2,2,2,0,11.7,Katie Lou Samuelson,1629478,-3,,6,2,False,0,0,15.6,11.7,3.9,2.2,0.9,10,0,11.4,0.24615384615384617,0.17094017094017094,1.0,1.0
2026-27,1022600071,2026-06-03,Jun,SEA,PHX,home,L,68,72,79.5,-4,140,1,0,5,1,7,1,0,0,17.1,Katie Lou Samuelson,1629478,-2,,3,2,False,1,1,15.6,11.7,3.9,2.2,0.9,6,1,8.9,0.4678362573099415,0.4093567251461988,0.0,0.7142857142857143
2026-27,1022600077,2026-06-06,Jun,SEA,MIN,away,L,68,88,80.0,-20,156,0,0,2,0,4,0,0,0,18.3,Katie Lou Samuelson,1629478,-5,,0,2,False,1,0,15.6,11.7,3.9,2.2,0.9,2,1,5.4,0.2185792349726776,0.2185792349726776,0.0,0.5
2026-27,1022600085,2026-06-08,Jun,SEA,LVA,away,L,91,101,18.5,-10,192,0,0,4,1,6,3,0,0,20.0,Katie Lou Samuelson,1629478,-19,,7,3,True,2,0,15.6,11.7,3.9,2.2,0.9,10,2,16.6,0.3,0.3,0.0,0.6666666666666666
2026-27,1022600090,2026-06-10,Jun,SEA,LAS,home,L,83,88,80.5,-5,171,0,0,3,1,3,1,0,0,9.3,Katie Lou Samuelson,1629478,-13,,3,0,False,1,2,15.6,11.7,3.9,2.2,0.9,3,1,4.0,0.5376344086021505,0.3225806451612903,0.0,1.0
2026-27,1022600096,2026-06-12,Jun,SEA,GSV,home,L,72,76,75.0,-4,148,0,0,2,2,2,2,2,2,11.9,Katie Lou Samuelson,1629478,-5,,8,1,False,0,0,15.6,11.7,3.9,2.2,0.9,9,0,9.2,0.24201680672268905,0.1680672268907563,1.0,1.0
2026-27,1022600112,2026-06-17,Jun,SEA,PDX,away,L,89,94,74.5,-5,183,1,0,1,0,2,0,0,0,11.4,Katie Lou Samuelson,1629478,3,,0,1,False,1,0,15.6,11.7,3.9,2.2,0.9,2,1,5.7,0.17543859649122806,0.17543859649122806,0.0,0.5
2026-27,1022600118,2026-06-20,Jun,SEA,PHX,away,L,73,93,78.5,-20,166,3,0,5,1,8,3,0,0,26.6,Katie Lou Samuelson,1629478,-8,,7,5,True,2,0,15.6,11.7,3.9,2.2,0.9,15,2,23.5,0.3007518796992481,0.3007518796992481,0.0,0.625
2026-27,1022600126,2026-06-22,Jun,SEA,DAL,home,L,110,112,91.5,-2,222,1,0,2,1,2,1,0,0,20.8,Katie Lou Samuelson,1629478,-7,F,3,2,False,2,0,15.6,11.7,3.9,2.2,0.9,6,2,12.9,0.09615384615384615,0.09615384615384615,0.0,1.0
2026-27,1022600134,2026-06-25,Jun,SEA,NYL,home,W,99,88,83.5,11,187,2,0,0,0,1,1,0,0,13.2,Katie Lou Samuelson,1629478,-2,,2,5,False,0,1,15.6,11.7,3.9,2.2,0.9,9,0,10.0,0.15151515151515152,0.07575757575757576,0.0,0.0
2026-27,1022600140,2026-06-27,Jun,SEA,ATL,home,W,105,90,83.0,15,195,3,0,3,0,4,0,2,2,17.1,Katie Lou Samuelson,1629478,10,,2,2,False,0,0,15.6,11.7,3.9,2.2,0.9,7,0,8.9,0.2853801169590643,0.23391812865497075,0.5,0.75
2026-27,1022600147,2026-07-02,Jul,SEA,PHX,away,L,67,90,76.0,-23,157,0,1,1,0,1,0,0,0,8.4,Katie Lou Samuelson,1629478,-15,,0,1,False,0,0,15.6,11.7,3.9,2.2,0.9,1,1,4.2,0.11904761904761904,0.11904761904761904,0.0,1.0
2026-27,1022600151,2026-07-04,Jul,SEA,PDX,home,L,72,77,84.0,-5,149,0,0,2,1,3,1,2,2,17.5,Katie Lou Samuelson,1629478,-6,,5,1,False,2,0,15.6,11.7,3.9,2.2,0.9,6,2,12.2,0.2217142857142857,0.17142857142857143,0.6666666666666666,0.6666666666666666
2026-27,1022600156,2026-07-06,Jul,SEA,LAS,away,W,82,64,85.0,18,146,0,0,4,3,4,3,0,0,15.5,Katie Lou Samuelson,1629478,-2,,9,5,False,0,0,15.6,11.7,3.9,2.2,0.9,14,0,15.0,0.25806451612903225,0.25806451612903225,0.0,1.0
2026-27,1022600162,2026-07-09,Jul,SEA,ATL,away,L,78,89,89.5,-11,167,0,0,0,0,1,1,1,1,12.1,Katie Lou Samuelson,1629478,-10,,3,0,False,0,0,15.6,11.7,3.9,2.2,0.9,3,0,3.0,0.11900826446280992,0.08264462809917356,1.0,0.0
2026-27,1022600058,2026-05-29,May,MIN,CHI,away,W,79,58,86.0,21,137,1,2,0,0,2,0,0,0,9.6,Teaira McCowan,1629479,11,,0,4,False,0,2,6.8,14.1,1.4,2.4,0.30000000000000004,5,2,10.3,0.4166666666666667,0.20833333333333334,0.0,0.0
2026-27,1022600065,2026-06-01,Jun,MIN,PHX,away,W,111,77,79.0,34,188,0,0,0,0,4,3,0,0,15.9,Teaira McCowan,1629479,13,,6,6,False,1,2,6.8,14.1,1.4,2.4,0.30000000000000004,12,1,14.2,0.3773584905660377,0.25157232704402516,0.0,0.0
2026-27,1022600073,2026-06-04,Jun,MIN,GSV,home,W,87,84,75.5,3,171,0,0,0,0,1,0,0,0,2.1,Teaira McCowan,1629479,-1,,0,2,False,0,0,6.8,14.1,1.4,2.4,0.30000000000000004,2,0,2.4,0.47619047619047616,0.47619047619047616,0.0,0.0
2026-27,1022600077,2026-06-06,Jun,MIN,SEA,home,W,88,68,80.0,20,156,1,0,0,0,3,2,0,0,6.8,Teaira McCowan,1629479,2,,4,3,False,0,1,6.8,14.1,1.4,2.4,0.30000000000000004,8,0,8.1,0.5882352941176471,0.4411764705882353,0.0,0.0
2026-27,1022600087,2026-06-09,Jun,MIN,DAL,home,W,100,76,84.0,24,176,0,0,0,0,0,0,0,0,6.1,Teaira McCowan,1629479,4,,0,1,False,0,0,6.8,14.1,1.4,2.4,0.30000000000000004,1,0,1.2,0.0,0.0,,
2026-27,1022600098,2026-06-13,Jun,MIN,LVA,away,L,97,100,77.5,-3,197,0,0,0,0,0,0,0,0,2.2,Teaira McCowan,1629479,-3,,0,0,False,0,0,6.8,14.1,1.4,2.4,0.30000000000000004,0,0,0.0,0.0,0.0,,
2026-27,1022600104,2026-06-15,Jun,MIN,PDX,home,W,107,74,81.5,33,181,1,1,0,0,2,0,2,0,8.4,Teaira McCowan,1629479,10,,0,4,False,0,0,6.8,14.1,1.4,2.4,0.30000000000000004,5,1,9.3,0.3428571428571428,0.23809523809523808,1.0,0.0
2026-27,1022600110,2026-06-17,Jun,MIN,LAS,away,W,99,83,86.5,16,182,0,0,0,0,1,1,1,0,5.0,Teaira McCowan,1629479,-4,,2,1,False,0,1,6.8,14.1,1.4,2.4,0.30000000000000004,3,0,2.2,0.488,0.2,1.0,0.0
2026-27,1022600116,2026-06-19,Jun,MIN,GSV,away,W,81,75,78.5,6,156,0,0,0,0,0,0,0,0,0.0,Teaira McCowan,1629479,0,,0,0,False,0,0,6.8,14.1,1.4,2.4,0.30000000000000004,0,0,0.0,,,,
2026-27,1022600121,2026-06-21,Jun,MIN,WAS,home,L,79,84,82.0,-5,163,0,1,0,0,1,1,0,0,5.0,Teaira McCowan,1629479,1,,2,2,False,0,0,6.8,14.1,1.4,2.4,0.30000000000000004,4,1,7.4,0.2,0.2,0.0,0.0
2026-27,1022600129,2026-06-24,Jun,MIN,WAS,away,W,78,76,86.0,2,154,0,1,0,0,1,0,0,0,7.3,Teaira McCowan,1629479,9,,0,1,False,0,0,6.8,14.1,1.4,2.4,0.30000000000000004,1,1,4.2,0.136986301369863,0.136986301369863,0.0,0.0
2026-27,1022600004,2026-05-09,May,DAL,IND,away,W,107,104,89.0,3,211,5,0,7,3,15,8,3,3,28.6,Arike Ogunbowale,1629481,6,F,22,1,True,0,3,28.9,22.3,13.2,3.0,2.9,28,0,27.7,0.6755244755244755,0.5244755244755245,0.2,0.4666666666666667
2026-27,1022600012,2026-05-12,May,DAL,ATL,home,L,72,77,78.0,-5,149,1,0,4,0,15,7,7,6,35.6,Arike Ogunbowale,1629481,-1,G,20,4,True,1,2,28.9,22.3,13.2,3.0,2.9,25,1,27.3,0.5640449438202246,0.42134831460674155,0.4666666666666667,0.26666666666666666
2026-27,1022600019,2026-05-14,May,DAL,MIN,home,L,86,90,78.0,-4,176,1,0,4,1,11,2,1,1,30.0,Arike Ogunbowale,1629481,-1,F,6,4,True,0,1,28.9,22.3,13.2,3.0,2.9,11,0,11.3,0.41466666666666663,0.36666666666666664,0.09090909090909091,0.36363636363636365
2026-27,1022600029,2026-05-18,May,DAL,WAS,home,W,92,69,73.5,23,161,3,0,5,2,10,4,6,6,33.0,Arike Ogunbowale,1629481,21,F,16,0,True,3,0,28.9,22.3,13.2,3.0,2.9,19,3,29.5,0.38303030303030305,0.30303030303030304,0.6,0.5
2026-27,1022600033,2026-05-20,May,DAL,CHI,away,W,99,89,79.5,10,188,5,0,6,4,16,7,5,5,32.4,Arike Ogunbowale,1629481,7,F,23,2,True,0,1,28.9,22.3,13.2,3.0,2.9,30,0,31.9,0.5925925925925926,0.4938271604938272,0.3125,0.375
2026-27,1022600038,2026-05-22,May,DAL,ATL,away,L,69,86,78.0,-17,155,1,1,5,0,11,1,0,0,25.0,Arike Ogunbowale,1629481,-27,F,2,0,True,0,2,28.9,22.3,13.2,3.0,2.9,3,1,4.5,0.52,0.44,0.0,0.45454545454545453
2026-27,1022600045,2026-05-24,May,DAL,NYL,away,W,91,76,77.0,15,167,5,0,13,5,20,5,6,4,38.3,Arike Ogunbowale,1629481,18,F,19,4,True,1,3,28.9,22.3,13.2,3.0,2.9,28,1,31.299999999999997,0.6694516971279374,0.5221932114882507,0.3,0.65
2026-27,1022600054,2026-05-28,May,DAL,LVA,home,W,95,87,78.5,8,182,2,0,1,0,4,0,1,1,17.7,Arike Ogunbowale,1629481,-5,F,1,0,False,0,1,28.9,22.3,13.2,3.0,2.9,3,0,3.0,0.3073446327683616,0.22598870056497175,0.25,0.25
2026-27,1022600064,2026-06-01,Jun,DAL,SEA,home,W,79,56,79.0,23,135,0,0,5,0,13,2,6,5,18.5,Arike Ogunbowale,1629481,9,F,9,5,False,1,1,28.9,22.3,13.2,3.0,2.9,14,1,17.0,0.8994594594594595,0.7027027027027027,0.46153846153846156,0.38461538461538464
2026-27,1022600075,2026-06-05,Jun,DAL,LAS,away,W,104,96,83.5,8,200,6,0,11,6,21,10,5,4,34.5,Arike Ogunbowale,1629481,6,F,30,6,True,0,3,28.9,22.3,13.2,3.0,2.9,42,0,43.2,0.7594202898550725,0.6086956521739131,0.23809523809523808,0.5238095238095238
2026-27,1022600087,2026-06-09,Jun,DAL,MIN,away,L,76,100,84.0,-24,176,6,0,4,2,8,4,6,6,28.4,Arike Ogunbowale,1629481,-21,F,16,3,True,3,0,28.9,22.3,13.2,3.0,2.9,25,3,37.6,0.3746478873239437,0.28169014084507044,0.75,0.5
2026-27,1022600093,2026-06-11,Jun,DAL,PHX,home,W,85,70,82.5,15,155,1,0,3,0,9,1,0,0,29.1,Arike Ogunbowale,1629481,16,F,2,6,True,2,4,28.9,22.3,13.2,3.0,2.9,9,2,12.7,0.4467353951890034,0.30927835051546393,0.0,0.3333333333333333
2026-27,1022600099,2026-06-13,Jun,DAL,PDX,away,L,83,84,78.5,-1,167,2,0,7,2,16,7,8,6,35.1,Arike Ogunbowale,1629481,1,F,22,6,True,0,2,28.9,22.3,13.2,3.0,2.9,30,0,30.200000000000003,0.6131054131054131,0.45584045584045585,0.5,0.4375
2026-27,1022600103,2026-06-15,Jun,DAL,LVA,home,W,96,66,80.0,30,162,7,0,11,5,16,6,6,5,30.1,Arike Ogunbowale,1629481,25,F,22,4,True,2,0,28.9,22.3,13.2,3.0,2.9,33,2,43.3,0.6192691029900332,0.5315614617940199,0.375,0.6875
2026-27,1022600109,2026-06-17,Jun,DAL,GSV,away,L,80,91,77.5,-11,171,3,0,3,3,11,7,4,4,27.8,Arike Ogunbowale,1629481,-13,F,21,2,True,1,0,28.9,22.3,13.2,3.0,2.9,26,1,30.9,0.45899280575539564,0.39568345323741005,0.36363636363636365,0.2727272727272727
2026-27,1022600119,2026-06-20,Jun,DAL,CHI,home,W,93,92,83.0,1,185,1,0,5,3,11,4,2,1,32.1,Arike Ogunbowale,1629481,3,F,12,3,True,1,1,28.9,22.3,13.2,3.0,2.9,16,1,19.1,0.4012461059190031,0.3426791277258567,0.18181818181818182,0.45454545454545453
2026-27,1022600126,2026-06-22,Jun,DAL,SEA,away,W,112,110,91.5,2,222,4,0,3,0,5,1,2,2,20.0,Arike Ogunbowale,1629481,-8,F,4,2,False,0,1,28.9,22.3,13.2,3.0,2.9,10,0,11.4,0.344,0.25,0.4,0.6
2026-27,1022600133,2026-06-25,Jun,DAL,LVA,away,L,84,99,84.0,-15,183,2,0,5,0,10,1,2,2,28.5,Arike Ogunbowale,1629481,-16,F,4,1,True,0,1,28.9,22.3,13.2,3.0,2.9,7,0,7.199999999999999,0.4168421052631579,0.3508771929824561,0.2,0.5
2026-27,1022600141,2026-06-28,Jun,DAL,MIN,home,L,77,85,81.5,-8,162,0,0,3,1,9,1,2,2,25.6,Arike Ogunbowale,1629481,-14,F,5,4,True,1,2,28.9,22.3,13.2,3.0,2.9,9,1,10.8,0.4640625,0.3515625,0.2222222222222222,0.3333333333333333
2026-27,1022600146,2026-07-02,Jul,DAL,CON,away,W,86,83,80.0,3,169,1,0,9,3,10,3,0,0,26.4,Arike Ogunbowale,1629481,1,F,9,2,True,1,1,28.9,22.3,13.2,3.0,2.9,12,1,14.9,0.4166666666666667,0.3787878787878788,0.0,0.9
2026-27,1022600152,2026-07-05,Jul,DAL,TOR,away,W,89,76,76.0,13,165,2,0,7,1,13,4,1,1,27.1,Arike Ogunbowale,1629481,24,F,10,6,True,0,0,28.9,22.3,13.2,3.0,2.9,18,0,20.2,0.49594095940959404,0.4797047970479705,0.07692307692307693,0.5384615384615384
2026-27,1022600157,2026-07-07,Jul,DAL,NYL,away,W,88,77,81.0,11,165,1,0,4,0,8,3,2,2,31.7,Arike Ogunbowale,1629481,11,F,8,1,True,1,1,28.9,22.3,13.2,3.0,2.9,10,1,12.7,0.31167192429022084,0.25236593059936907,0.25,0.5
2026-27,1022600166,2026-07-10,Jul,DAL,TOR,away,W,108,95,78.5,13,203,7,0,3,1,11,6,7,7,29.7,Arike Ogunbowale,1629481,14,F,20,3,True,0,0,28.9,22.3,13.2,3.0,2.9,30,0,34.1,0.4740740740740741,0.3703703703703704,0.6363636363636364,0.2727272727272727
2026-27,1022600004,2026-05-09,May,IND,DAL,home,L,104,107,89.0,-3,211,3,0,1,1,2,1,0,0,25.5,Sophie Cunningham,1629482,-5,F,3,4,True,0,0,22.7,14.7,9.1,2.4,1.4,10,0,12.3,0.0784313725490196,0.0784313725490196,0.0,0.5
2026-27,1022600018,2026-05-13,May,IND,LAS,away,W,87,78,82.0,9,165,1,0,5,2,9,5,0,0,27.3,Sophie Cunningham,1629482,14,F,12,7,True,1,0,22.7,14.7,9.1,2.4,1.4,20,1,24.9,0.32967032967032966,0.32967032967032966,0.0,0.5555555555555556
2026-27,1022600022,2026-05-15,May,IND,WAS,home,L,102,104,94.5,-2,206,2,0,3,1,5,2,2,2,20.2,Sophie Cunningham,1629482,0,F,7,1,False,0,0,22.7,14.7,9.1,2.4,1.4,10,0,11.2,0.29108910891089107,0.24752475247524752,0.4,0.6
2026-27,1022600027,2026-05-17,May,IND,SEA,home,W,89,78,84.0,11,167,0,1,5,1,9,5,6,6,25.0,Sophie Cunningham,1629482,4,,17,3,True,1,3,22.7,14.7,9.1,2.4,1.4,20,2,23.6,0.5856,0.36,0.6666666666666666,0.5555555555555556
2026-27,1022600032,2026-05-20,May,IND,PDX,home,W,90,73,82.0,17,163,1,0,4,0,5,1,0,0,15.2,Sophie Cunningham,1629482,-1,,2,2,False,0,0,22.7,14.7,9.1,2.4,1.4,5,0,5.9,0.32894736842105265,0.32894736842105265,0.0,0.8
2026-27,1022600039,2026-05-22,May,IND,GSV,home,W,90,82,83.0,8,172,1,0,5,2,8,4,3,1,28.5,Sophie Cunningham,1629482,0,,11,0,True,1,1,22.7,14.7,9.1,2.4,1.4,12,1,14.5,0.36210526315789476,0.2807017543859649,0.375,0.625
2026-27,1022600055,2026-05-28,May,IND,GSV,away,L,88,90,82.5,-2,178,2,0,7,1,11,4,2,2,24.8,Sophie Cunningham,1629482,1,,11,2,True,2,1,22.7,14.7,9.1,2.4,1.4,15,2,21.4,0.5193548387096775,0.4435483870967742,0.18181818181818182,0.6363636363636364
2026-27,1022600062,2026-05-30,May,IND,PDX,away,L,84,100,80.0,-16,184,4,0,4,2,5,3,8,7,26.5,Sophie Cunningham,1629482,-4,,15,3,True,1,1,22.7,14.7,9.1,2.4,1.4,22,1,26.6,0.35924528301886793,0.18867924528301888,1.6,0.8
2026-27,1022600072,2026-06-04,Jun,IND,ATL,home,W,83,71,77.5,12,154,0,0,3,2,4,2,2,2,19.3,Sophie Cunningham,1629482,11,,8,2,False,0,1,22.7,14.7,9.1,2.4,1.4,10,0,9.4,0.30466321243523314,0.20725388601036268,0.5,0.75
2026-27,1022600080,2026-06-06,Jun,IND,NYL,away,L,75,83,85.0,-8,158,2,0,1,0,2,1,0,0,17.3,Sophie Cunningham,1629482,-20,,2,1,False,1,1,22.7,14.7,9.1,2.4,1.4,5,1,8.2,0.17341040462427745,0.11560693641618497,0.0,0.5
2026-27,1022600084,2026-06-08,Jun,IND,WAS,away,W,78,76,81.0,2,154,3,0,4,2,8,3,0,0,22.7,Sophie Cunningham,1629482,-6,,8,2,True,0,0,22.7,14.7,9.1,2.4,1.4,13,0,14.9,0.3524229074889868,0.3524229074889868,0.0,0.5
2026-27,1022600091,2026-06-11,Jun,IND,CHI,home,W,114,106,96.5,8,220,0,0,0,0,0,0,0,0,0.0,Sophie Cunningham,1629482,0,,0,0,False,0,0,22.7,14.7,9.1,2.4,1.4,0,0,0.0,,,,
2026-27,1022600097,2026-06-13,Jun,IND,CON,away,W,85,75,76.5,10,160,0,0,4,3,5,4,0,0,17.7,Sophie Cunningham,1629482,-2,,11,2,False,0,1,22.7,14.7,9.1,2.4,1.4,13,0,12.4,0.33898305084745767,0.2824858757062147,0.0,0.8
2026-27,1022600106,2026-06-16,Jun,IND,TOR,home,W,113,91,88.5,22,204,2,0,7,6,11,8,2,2,23.8,Sophie Cunningham,1629482,26,,24,6,True,0,0,22.7,14.7,9.1,2.4,1.4,32,0,34.2,0.4991596638655462,0.4621848739495798,0.18181818181818182,0.6363636363636364
2026-27,1022600113,2026-06-18,Jun,IND,ATL,home,L,101,108,87.5,-7,209,2,0,3,2,5,4,2,2,29.6,Sophie Cunningham,1629482,-7,,12,2,True,0,1,22.7,14.7,9.1,2.4,1.4,16,0,16.4,0.23243243243243242,0.16891891891891891,0.4,0.6
2026-27,1022600117,2026-06-20,Jun,IND,ATL,away,L,96,113,84.5,-17,209,1,0,8,3,9,3,5,4,25.7,Sophie Cunningham,1629482,-8,,13,1,True,0,1,22.7,14.7,9.1,2.4,1.4,15,0,14.7,0.47470817120622566,0.3501945525291829,0.5555555555555556,0.8888888888888888
2026-27,1022600125,2026-06-22,Jun,IND,PHX,home,W,86,77,80.5,9,163,0,0,5,0,5,0,2,2,26.4,Sophie Cunningham,1629482,-2,,2,6,True,0,0,22.7,14.7,9.1,2.4,1.4,8,0,9.2,0.22272727272727275,0.1893939393939394,0.4,1.0
2026-27,1022600128,2026-06-24,Jun,IND,PHX,home,L,109,111,84.0,-2,220,0,0,2,1,3,2,0,0,19.9,Sophie Cunningham,1629482,-7,,5,0,False,0,3,22.7,14.7,9.1,2.4,1.4,5,0,2.0,0.30150753768844224,0.15075376884422112,0.0,0.6666666666666666
2026-27,1022600139,2026-06-27,Jun,IND,LAS,home,W,111,87,85.5,24,198,1,0,1,1,4,2,5,4,19.6,Sophie Cunningham,1629482,8,,9,2,False,1,1,22.7,14.7,9.1,2.4,1.4,12,1,14.9,0.36734693877551017,0.2040816326530612,1.25,0.25
2026-27,1022600153,2026-07-05,Jul,IND,LVA,away,W,84,68,72.5,16,152,1,0,5,3,6,3,0,0,21.2,Sophie Cunningham,1629482,13,,9,1,False,0,1,22.7,14.7,9.1,2.4,1.4,11,0,10.7,0.33018867924528306,0.2830188679245283,0.0,0.8333333333333334
2026-27,1022600161,2026-07-08,Jul,IND,LAS,away,L,92,106,91.5,-14,198,1,0,3,0,4,1,0,0,11.1,Sophie Cunningham,1629482,-14,,2,1,False,1,1,22.7,14.7,9.1,2.4,1.4,4,1,6.7,0.45045045045045046,0.3603603603603604,0.0,0.75
2026-27,1022600163,2026-07-09,Jul,IND,PHX,away,W,92,89,78.5,3,181,2,0,5,1,7,2,4,4,28.6,Sophie Cunningham,1629482,5,,9,2,True,1,1,22.7,14.7,9.1,2.4,1.4,13,1,16.4,0.3412587412587412,0.24475524475524474,0.5714285714285714,0.7142857142857143
2026-27,1022600010,2026-05-09,May,MIN,ATL,home,L,90,91,86.5,-1,181,0,0,0,0,0,0,0,0,0.0,Napheesa Collier,1629483,0,,0,0,False,0,0,,,,,,0,0,0.0,,,,
2026-27,1022600013,2026-05-12,May,MIN,PHX,away,W,88,84,81.0,4,172,0,0,0,0,0,0,0,0,0.0,Napheesa Collier,1629483,0,,0,0,False,0,0,,,,,,0,0,0.0,,,,
2026-27,1022600025,2026-05-17,May,MIN,CHI,home,L,79,86,84.5,-7,165,0,0,0,0,0,0,0,0,0.0,Napheesa Collier,1629483,0,,0,0,False,0,0,,,,,,0,0,0.0,,,,
2026-27,1022600036,2026-05-21,May,MIN,TOR,home,W,100,72,77.5,28,172,0,0,0,0,0,0,0,0,0.0,Napheesa Collier,1629483,0,,0,0,False,0,0,,,,,,0,0,0.0,,,,
2026-27,1022600041,2026-05-23,May,MIN,CHI,away,W,85,75,86.5,10,160,0,0,0,0,0,0,0,0,0.0,Napheesa Collier,1629483,0,,0,0,False,0,0,,,,,,0,0,0.0,,,,
2026-27,1022600051,2026-05-27,May,MIN,ATL,home,W,96,81,77.0,15,177,0,0,0,0,0,0,0,0,0.0,Napheesa Collier,1629483,0,,0,0,False,0,0,,,,,,0,0,0.0,,,,
2026-27,1022600058,2026-05-29,May,MIN,CHI,away,W,79,58,86.0,21,137,0,0,0,0,0,0,0,0,0.0,Napheesa Collier,1629483,0,,0,0,False,0,0,,,,,,0,0,0.0,,,,
2026-27,1022600065,2026-06-01,Jun,MIN,PHX,away,W,111,77,79.0,34,188,0,0,0,0,0,0,0,0,0.0,Napheesa Collier,1629483,0,,0,0,False,0,0,,,,,,0,0,0.0,,,,
2026-27,1022600073,2026-06-04,Jun,MIN,GSV,home,W,87,84,75.5,3,171,0,0,0,0,0,0,0,0,0.0,Napheesa Collier,1629483,0,,0,0,False,0,0,,,,,,0,0,0.0,,,,
2026-27,1022600077,2026-06-06,Jun,MIN,SEA,home,W,88,68,80.0,20,156,0,0,0,0,0,0,0,0,0.0,Napheesa Collier,1629483,0,,0,0,False,0,0,,,,,,0,0,0.0,,,,
2026-27,1022600087,2026-06-09,Jun,MIN,DAL,home,W,100,76,84.0,24,176,0,0,0,0,0,0,0,0,0.0,Napheesa Collier,1629483,0,,0,0,False,0,0,,,,,,0,0,0.0,,,,
2026-27,1022600104,2026-06-15,Jun,MIN,PDX,home,W,107,74,81.5,33,181,0,0,0,0,0,0,0,0,0.0,Napheesa Collier,1629483,0,,0,0,False,0,0,,,,,,0,0,0.0,,,,
2026-27,1022600121,2026-06-21,Jun,MIN,WAS,home,L,79,84,82.0,-5,163,0,0,0,0,0,0,0,0,0.0,Napheesa Collier,1629483,0,,0,0,False,0,0,,,,,,0,0,0.0,,,,
2026-27,1022600129,2026-06-24,Jun,MIN,WAS,away,W,78,76,86.0,2,154,0,0,0,0,0,0,0,0,0.0,Napheesa Collier,1629483,0,,0,0,False,0,0,,,,,,0,0,0.0,,,,
2026-27,1022600155,2026-07-06,Jul,MIN,CON,home,L,89,90,80.5,-1,179,0,0,0,0,0,0,0,0,0.0,Napheesa Collier,1629483,0,,0,0,False,0,0,,,,,,0,0,0.0,,,,
2026-27,1022600160,2026-07-08,Jul,MIN,CON,away,W,86,80,78.5,6,166,0,0,0,0,0,0,0,0,0.0,Napheesa Collier,1629483,0,,0,0,False,0,0,,,,,,0,0,0.0,,,,
2026-27,1022600006,2026-05-09,May,PDX,CHI,home,L,83,98,82.0,-15,181,1,0,4,2,6,4,2,0,13.6,Megan Gustafson,1629484,-15,,10,1,False,0,1,22.4,19.5,11.9,3.8,1.0,12,0,11.7,0.5794117647058824,0.4411764705882353,0.3333333333333333,0.6666666666666666
2026-27,1022600014,2026-05-12,May,PDX,NYL,home,W,98,96,79.0,2,194,0,0,2,0,4,2,2,2,14.8,Megan Gustafson,1629484,-11,,6,1,False,0,1,22.4,19.5,11.9,3.8,1.0,7,0,6.2,0.3972972972972973,0.27027027027027023,0.5,0.5
2026-27,1022600020,2026-05-14,May,PDX,NYL,home,L,82,100,86.0,-18,182,0,0,1,0,6,5,4,4,14.2,Megan Gustafson,1629484,-14,,14,3,False,0,1,22.4,19.5,11.9,3.8,1.0,17,0,16.6,0.6169014084507043,0.4225352112676057,0.6666666666666666,0.16666666666666666
2026-27,1022600030,2026-05-18,May,PDX,CON,home,W,83,82,74.5,1,165,1,0,1,0,2,1,1,1,7.7,Megan Gustafson,1629484,-7,,3,2,False,0,0,22.4,19.5,11.9,3.8,1.0,6,0,6.9,0.3168831168831169,0.2597402597402597,0.5,0.5
2026-27,1022600032,2026-05-20,May,PDX,IND,away,L,73,90,82.0,-17,163,0,2,2,0,5,2,0,0,18.3,Megan Gustafson,1629484,-1,,4,6,False,1,0,22.4,19.5,11.9,3.8,1.0,10,3,20.2,0.27322404371584696,0.27322404371584696,0.0,0.4
2026-27,1022600042,2026-05-23,May,PDX,TOR,away,W,99,80,80.0,19,179,0,1,3,2,8,6,0,0,20.2,Megan Gustafson,1629484,-1,,14,4,True,0,0,22.4,19.5,11.9,3.8,1.0,18,1,21.8,0.39603960396039606,0.39603960396039606,0.0,0.375
2026-27,1022600047,2026-05-25,May,PDX,NYL,away,W,81,74,78.0,7,155,0,0,2,1,8,5,0,0,17.7,Megan Gustafson,1629484,-4,,11,1,False,0,0,22.4,19.5,11.9,3.8,1.0,12,0,12.2,0.4519774011299435,0.4519774011299435,0.0,0.25
2026-27,1022600052,2026-05-27,May,PDX,CON,home,W,71,61,75.5,10,132,2,0,2,1,6,3,4,3,18.3,Megan Gustafson,1629484,15,,10,4,False,0,0,22.4,19.5,11.9,3.8,1.0,16,0,17.8,0.4240437158469945,0.32786885245901637,0.6666666666666666,0.3333333333333333
2026-27,1022600059,2026-05-29,May,PDX,ATL,home,L,66,86,77.5,-20,152,1,1,5,2,9,4,0,0,17.6,Megan Gustafson,1629484,2,,10,5,False,0,1,22.4,19.5,11.9,3.8,1.0,16,1,19.5,0.5681818181818181,0.5113636363636364,0.0,0.5555555555555556
2026-27,1022600062,2026-05-30,May,PDX,IND,home,W,100,84,80.0,16,184,0,1,1,1,8,8,6,5,28.4,Megan Gustafson,1629484,15,C,22,1,True,0,0,22.4,19.5,11.9,3.8,1.0,23,1,26.2,0.3746478873239437,0.28169014084507044,0.75,0.125
2026-27,1022600068,2026-06-02,Jun,PDX,GSV,away,L,77,95,73.5,-18,172,2,0,1,0,12,6,1,1,24.1,Megan Gustafson,1629484,-8,C,13,8,True,0,2,22.4,19.5,11.9,3.8,1.0,23,0,23.6,0.5991701244813278,0.49792531120331945,0.08333333333333333,0.08333333333333333
2026-27,1022600076,2026-06-05,Jun,PDX,PHX,home,L,72,78,74.5,-6,150,0,0,2,1,5,3,0,0,22.4,Megan Gustafson,1629484,-15,C,7,2,True,0,1,22.4,19.5,11.9,3.8,1.0,9,0,8.4,0.26785714285714285,0.22321428571428573,0.0,0.4
2026-27,1022600082,2026-06-07,Jun,PDX,LAS,away,L,72,89,81.0,-17,161,0,1,2,0,13,6,5,4,24.6,Megan Gustafson,1629484,-14,C,16,11,True,0,0,22.4,19.5,11.9,3.8,1.0,27,1,32.2,0.6178861788617885,0.5284552845528455,0.38461538461538464,0.15384615384615385
2026-27,1022600094,2026-06-11,Jun,PDX,LVA,home,L,89,105,79.5,-16,194,0,0,6,2,13,7,1,1,27.8,Megan Gustafson,1629484,-11,C,17,2,True,0,0,22.4,19.5,11.9,3.8,1.0,19,0,19.4,0.4834532374100719,0.4676258992805755,0.07692307692307693,0.46153846153846156
2026-27,1022600099,2026-06-13,Jun,PDX,DAL,home,W,84,83,78.5,1,167,4,2,2,0,11,7,2,2,26.0,Megan Gustafson,1629484,3,C,16,6,True,0,0,22.4,19.5,11.9,3.8,1.0,26,2,35.2,0.45692307692307693,0.4230769230769231,0.18181818181818182,0.18181818181818182
2026-27,1022600104,2026-06-15,Jun,PDX,MIN,away,L,74,107,81.5,-33,181,0,0,2,1,10,4,0,0,16.8,Megan Gustafson,1629484,-19,C,9,3,False,1,0,22.4,19.5,11.9,3.8,1.0,12,1,15.6,0.5952380952380952,0.5952380952380952,0.0,0.2
2026-27,1022600112,2026-06-17,Jun,PDX,SEA,home,W,94,89,74.5,5,183,0,2,4,2,10,3,0,0,27.7,Megan Gustafson,1629484,12,C,8,4,True,0,2,22.4,19.5,11.9,3.8,1.0,12,2,16.8,0.4332129963898917,0.36101083032490977,0.0,0.4
2026-27,1022600130,2026-06-24,Jun,PDX,CHI,away,L,78,101,79.5,-23,179,1,0,3,2,12,6,3,3,23.1,Megan Gustafson,1629484,-11,C,17,2,True,2,0,22.4,19.5,11.9,3.8,1.0,20,2,26.9,0.5766233766233766,0.5194805194805194,0.25,0.25
2026-27,1022600136,2026-06-26,Jun,PDX,CHI,away,L,94,124,83.0,-30,218,3,0,6,3,10,4,3,2,28.8,Megan Gustafson,1629484,-21,C,13,1,True,1,1,22.4,19.5,11.9,3.8,1.0,17,1,20.7,0.42777777777777776,0.3472222222222222,0.3,0.6
2026-27,1022600142,2026-06-28,Jun,PDX,WAS,away,L,123,124,117.5,-1,247,4,1,7,4,14,7,2,2,46.1,Megan Gustafson,1629484,-13,C,20,5,True,3,2,22.4,19.5,11.9,3.8,1.0,29,4,42.0,0.3661605206073753,0.3036876355748373,0.14285714285714285,0.5
2026-27,1022600151,2026-07-04,Jul,PDX,SEA,away,W,77,72,84.0,5,149,3,1,4,1,7,4,1,1,27.4,Megan Gustafson,1629484,9,C,10,9,True,0,0,22.4,19.5,11.9,3.8,1.0,22,1,28.299999999999997,0.2715328467153285,0.25547445255474455,0.14285714285714285,0.5714285714285714
2026-27,1022600164,2026-07-09,Jul,PDX,LVA,home,L,80,88,77.0,-8,168,0,1,3,1,9,5,0,0,25.6,Megan Gustafson,1629484,7,C,11,3,True,1,1,22.4,19.5,11.9,3.8,1.0,14,2,19.6,0.390625,0.3515625,0.0,0.3333333333333333
2026-27,1022600005,2026-05-09,May,LVA,PHX,home,L,66,99,83.0,-33,165,0,1,0,0,0,0,0,0,13.6,Brianna Turner,1629488,-7,,0,3,False,0,1,10.5,6.1,1.2,2.0,0.2,3,1,5.6,0.07352941176470588,0.0,,
2026-27,1022600009,2026-05-10,May,LVA,LAS,away,W,105,78,83.0,27,183,1,2,0,0,3,2,0,0,16.3,Brianna Turner,1629488,16,,4,6,False,2,0,10.5,6.1,1.2,2.0,0.2,11,4,24.7,0.18404907975460122,0.18404907975460122,0.0,0.0
2026-27,1022600016,2026-05-13,May,LVA,CON,away,W,98,69,83.0,29,167,0,1,0,0,0,0,0,0,17.5,Brianna Turner,1629488,-3,,0,5,False,0,2,10.5,6.1,1.2,2.0,0.2,5,1,7.0,0.11428571428571428,0.0,,
2026-27,1022600021,2026-05-15,May,LVA,CON,away,W,101,94,84.5,7,195,0,0,0,0,0,0,0,0,3.4,Brianna Turner,1629488,-9,,0,0,False,0,0,10.5,6.1,1.2,2.0,0.2,0,0,0.0,0.0,0.0,,
2026-27,1022600026,2026-05-17,May,LVA,ATL,away,W,85,84,85.0,1,169,0,0,0,0,0,0,0,0,5.9,Brianna Turner,1629488,5,,0,1,False,1,0,10.5,6.1,1.2,2.0,0.2,1,1,4.2,0.0,0.0,,
2026-27,1022600043,2026-05-23,May,LVA,LAS,home,L,95,101,84.0,-6,196,1,0,0,0,0,0,2,2,8.4,Brianna Turner,1629488,-2,,2,1,False,0,0,10.5,6.1,1.2,2.0,0.2,4,0,4.7,0.10476190476190476,0.0,,
2026-27,1022600054,2026-05-28,May,LVA,DAL,away,L,87,95,78.5,-8,182,0,0,0,0,0,0,0,0,0.0,Brianna Turner,1629488,0,,0,0,False,0,0,10.5,6.1,1.2,2.0,0.2,0,0,0.0,,,,
2026-27,1022600063,2026-05-31,May,LVA,GSV,away,W,91,81,80.0,10,172,0,1,0,0,4,2,0,0,9.7,Brianna Turner,1629488,4,,4,3,False,0,1,10.5,6.1,1.2,2.0,0.2,7,1,9.6,0.5154639175257733,0.4123711340206186,0.0,0.0
2026-27,1022600069,2026-06-02,Jun,LVA,LAS,away,W,79,69,78.5,10,148,1,1,0,0,0,0,0,0,20.5,Brianna Turner,1629488,16,,0,4,False,0,1,10.5,6.1,1.2,2.0,0.2,5,1,8.3,0.04878048780487805,0.0,,
2026-27,1022600078,2026-06-06,Jun,LVA,GSV,home,W,84,79,76.5,5,163,0,0,0,0,1,0,0,0,8.8,Brianna Turner,1629488,-5,,0,0,False,0,1,10.5,6.1,1.2,2.0,0.2,0,0,-1.0,0.22727272727272727,0.11363636363636363,0.0,0.0
2026-27,1022600085,2026-06-08,Jun,LVA,SEA,home,W,101,91,18.5,10,192,0,0,0,0,2,0,0,0,5.6,Brianna Turner,1629488,0,,0,0,False,1,0,10.5,6.1,1.2,2.0,0.2,0,1,3.0,0.35714285714285715,0.35714285714285715,0.0,0.0
2026-27,1022600094,2026-06-11,Jun,LVA,PDX,away,W,105,89,79.5,16,194,0,0,0,0,0,0,0,0,2.2,Brianna Turner,1629488,-2,,0,0,False,0,0,10.5,6.1,1.2,2.0,0.2,0,0,0.0,0.0,0.0,,
2026-27,1022600098,2026-06-13,Jun,LVA,MIN,home,W,100,97,77.5,3,197,0,0,0,0,0,0,0,0,1.8,Brianna Turner,1629488,3,,0,0,False,0,0,10.5,6.1,1.2,2.0,0.2,0,0,0.0,0.0,0.0,,
2026-27,1022600103,2026-06-15,Jun,LVA,DAL,away,L,66,96,80.0,-30,162,0,0,0,0,1,1,0,0,11.1,Brianna Turner,1629488,-20,,2,0,False,0,0,10.5,6.1,1.2,2.0,0.2,2,0,2.0,0.0900900900900901,0.0900900900900901,0.0,0.0
2026-27,1022600111,2026-06-17,Jun,LVA,PHX,away,W,86,76,77.0,10,162,0,1,0,0,1,1,0,0,7.6,Brianna Turner,1629488,6,,2,3,False,0,0,10.5,6.1,1.2,2.0,0.2,5,1,8.6,0.13157894736842105,0.13157894736842105,0.0,0.0
2026-27,1022600120,2026-06-21,Jun,LVA,GSV,home,W,92,73,72.5,19,165,1,0,0,0,0,0,0,0,16.5,Brianna Turner,1629488,17,,0,3,False,1,0,10.5,6.1,1.2,2.0,0.2,4,1,8.1,0.0,0.0,,
2026-27,1022600127,2026-06-23,Jun,LVA,NYL,home,L,76,87,77.5,-11,163,0,0,0,0,0,0,0,0,0.0,Brianna Turner,1629488,0,,0,0,False,0,0,10.5,6.1,1.2,2.0,0.2,0,0,0.0,,,,
2026-27,1022600133,2026-06-25,Jun,LVA,DAL,home,W,99,84,84.0,15,183,0,0,0,0,0,0,0,0,1.5,Brianna Turner,1629488,-5,,0,0,False,0,0,10.5,6.1,1.2,2.0,0.2,0,0,0.0,0.0,0.0,,
2026-27,1022600143,2026-06-28,Jun,LVA,CHI,away,W,107,99,86.0,8,206,0,0,0,0,0,0,0,0,3.7,Brianna Turner,1629488,5,,0,1,False,0,0,10.5,6.1,1.2,2.0,0.2,1,0,1.2,0.0,0.0,,
2026-27,1022600149,2026-07-03,Jul,LVA,CHI,home,W,98,90,90.0,8,188,0,0,0,0,0,0,0,0,0.0,Brianna Turner,1629488,0,,0,0,False,0,0,10.5,6.1,1.2,2.0,0.2,0,0,0.0,,,,
2026-27,1022600153,2026-07-05,Jul,LVA,IND,home,L,68,84,72.5,-16,152,0,1,0,0,3,3,0,0,28.5,Brianna Turner,1629488,-15,,6,5,True,0,2,10.5,6.1,1.2,2.0,0.2,11,1,13.0,0.17543859649122806,0.10526315789473684,0.0,0.0
2026-27,1022600164,2026-07-09,Jul,LVA,PDX,away,W,88,80,77.0,8,168,0,2,0,0,1,1,0,0,14.0,Brianna Turner,1629488,-2,,2,3,False,0,1,10.5,6.1,1.2,2.0,0.2,5,2,10.6,0.14285714285714285,0.07142857142857142,0.0,0.0
2026-27,1022600004,2026-05-09,May,DAL,IND,away,W,107,104,89.0,3,211,9,0,0,0,8,5,5,3,32.1,Jessica Shepard,1629491,5,F,13,9,True,2,2,32.8,18.4,14.8,11.7,5.2,31,2,41.3,0.38006230529595014,0.24922118380062305,0.625,0.0
2026-27,1022600012,2026-05-12,May,DAL,ATL,home,L,72,77,78.0,-5,149,3,0,0,0,11,6,0,0,30.8,Jessica Shepard,1629491,-15,C,12,8,True,0,2,32.8,18.4,14.8,11.7,5.2,23,0,24.1,0.42207792207792205,0.35714285714285715,0.0,0.0
2026-27,1022600019,2026-05-14,May,DAL,MIN,home,L,86,90,78.0,-4,176,4,0,1,0,8,3,2,1,30.8,Jessica Shepard,1629491,-13,F,7,6,True,1,0,32.8,18.4,14.8,11.7,5.2,17,1,23.2,0.28831168831168835,0.2597402597402597,0.25,0.125
2026-27,1022600029,2026-05-18,May,DAL,WAS,home,W,92,69,73.5,23,161,6,0,0,0,7,4,5,4,27.4,Jessica Shepard,1629491,18,F,12,16,True,0,0,32.8,18.4,14.8,11.7,5.2,34,0,40.2,0.3357664233576642,0.25547445255474455,0.7142857142857143,0.0
2026-27,1022600033,2026-05-20,May,DAL,CHI,away,W,99,89,79.5,10,188,12,0,1,0,7,6,9,6,31.4,Jessica Shepard,1629491,10,F,18,10,True,0,1,32.8,18.4,14.8,11.7,5.2,40,0,47.0,0.38089171974522296,0.2229299363057325,1.2857142857142858,0.14285714285714285
2026-27,1022600038,2026-05-22,May,DAL,ATL,away,L,69,86,78.0,-17,155,2,0,1,0,11,5,0,0,31.2,Jessica Shepard,1629491,-26,F,10,11,True,0,3,32.8,18.4,14.8,11.7,5.2,23,0,23.2,0.44871794871794873,0.3525641025641026,0.0,0.09090909090909091
2026-27,1022600045,2026-05-24,May,DAL,NYL,away,W,91,76,77.0,15,167,6,0,1,0,9,5,1,0,32.9,Jessica Shepard,1629491,21,F,10,11,True,0,1,32.8,18.4,14.8,11.7,5.2,27,0,31.200000000000003,0.31732522796352586,0.27355623100303955,0.1111111111111111,0.1111111111111111
2026-27,1022600054,2026-05-28,May,DAL,LVA,home,W,95,87,78.5,8,182,10,0,1,0,13,8,6,6,37.8,Jessica Shepard,1629491,13,C,22,20,True,0,2,32.8,18.4,14.8,11.7,5.2,52,0,59.0,0.46666666666666673,0.34391534391534395,0.46153846153846156,0.07692307692307693
2026-27,1022600064,2026-06-01,Jun,DAL,SEA,home,W,79,56,79.0,23,135,1,0,0,0,9,4,2,1,23.4,Jessica Shepard,1629491,16,C,9,8,True,1,0,32.8,18.4,14.8,11.7,5.2,18,1,23.1,0.4222222222222223,0.38461538461538464,0.2222222222222222,0.0
2026-27,1022600075,2026-06-05,Jun,DAL,LAS,away,W,104,96,83.5,8,200,5,0,0,0,13,9,6,4,37.6,Jessica Shepard,1629491,10,C,22,15,True,2,4,32.8,18.4,14.8,11.7,5.2,42,2,49.5,0.5223404255319148,0.3457446808510638,0.46153846153846156,0.0
2026-27,1022600087,2026-06-09,Jun,DAL,MIN,away,L,76,100,84.0,-24,176,4,0,1,0,10,6,0,0,29.2,Jessica Shepard,1629491,-26,C,12,9,True,0,1,32.8,18.4,14.8,11.7,5.2,25,0,27.799999999999997,0.3767123287671233,0.3424657534246575,0.0,0.1
2026-27,1022600093,2026-06-11,Jun,DAL,PHX,home,W,85,70,82.5,15,155,7,0,0,0,8,7,4,3,32.1,Jessica Shepard,1629491,20,C,17,10,True,2,0,32.8,18.4,14.8,11.7,5.2,34,2,45.5,0.3040498442367601,0.24922118380062305,0.5,0.0
2026-27,1022600099,2026-06-13,Jun,DAL,PDX,away,L,83,84,78.5,-1,167,2,0,0,0,10,5,5,3,35.2,Jessica Shepard,1629491,3,C,13,14,True,1,3,32.8,18.4,14.8,11.7,5.2,29,1,32.8,0.43181818181818177,0.28409090909090906,0.5,0.0
2026-27,1022600103,2026-06-15,Jun,DAL,LVA,home,W,96,66,80.0,30,162,9,0,0,0,6,4,10,7,30.9,Jessica Shepard,1629491,24,C,15,15,True,2,3,32.8,18.4,14.8,11.7,5.2,39,2,49.5,0.4336569579288026,0.1941747572815534,1.6666666666666667,0.0
2026-27,1022600109,2026-06-17,Jun,DAL,GSV,away,L,80,91,77.5,-11,171,4,0,0,0,13,7,0,0,32.8,Jessica Shepard,1629491,-9,C,14,10,True,0,0,32.8,18.4,14.8,11.7,5.2,28,0,32.0,0.39634146341463417,0.39634146341463417,0.0,0.0
2026-27,1022600119,2026-06-20,Jun,DAL,CHI,home,W,93,92,83.0,1,185,3,0,1,0,14,7,8,7,34.1,Jessica Shepard,1629491,-8,F,21,8,True,1,4,32.8,18.4,14.8,11.7,5.2,32,1,34.1,0.6310850439882697,0.4105571847507331,0.5714285714285714,0.07142857142857142
2026-27,1022600126,2026-06-22,Jun,DAL,SEA,away,W,112,110,91.5,2,222,8,0,0,0,13,7,0,0,36.4,Jessica Shepard,1629491,-3,C,14,9,True,1,1,32.8,18.4,14.8,11.7,5.2,31,1,38.8,0.38461538461538464,0.35714285714285715,0.0,0.0
2026-27,1022600133,2026-06-25,Jun,DAL,LVA,away,L,84,99,84.0,-15,183,4,0,0,0,11,8,8,6,34.8,Jessica Shepard,1629491,-13,C,22,14,True,1,2,32.8,18.4,14.8,11.7,5.2,40,1,45.8,0.47471264367816096,0.3160919540229885,0.7272727272727273,0.0
2026-27,1022600141,2026-06-28,Jun,DAL,MIN,home,L,77,85,81.5,-8,162,3,0,0,0,6,4,0,0,34.6,Jessica Shepard,1629491,-13,C,8,16,True,0,3,32.8,18.4,14.8,11.7,5.2,27,0,28.7,0.26011560693641617,0.17341040462427745,0.0,0.0
2026-27,1022600146,2026-07-02,Jul,DAL,CON,away,W,86,83,80.0,3,169,1,0,0,0,10,6,4,2,29.7,Jessica Shepard,1629491,13,C,14,6,True,1,2,32.8,18.4,14.8,11.7,5.2,21,1,23.7,0.4632996632996633,0.3367003367003367,0.4,0.0
2026-27,1022600152,2026-07-05,Jul,DAL,TOR,away,W,89,76,76.0,13,165,3,0,1,0,11,5,4,4,32.1,Jessica Shepard,1629491,27,C,14,15,True,1,3,32.8,18.4,14.8,11.7,5.2,32,1,36.5,0.4909657320872274,0.3426791277258567,0.36363636363636365,0.09090909090909091
2026-27,1022600157,2026-07-07,Jul,DAL,NYL,away,W,88,77,81.0,11,165,11,0,0,0,16,11,0,0,36.8,Jessica Shepard,1629491,2,C,22,12,True,0,4,32.8,18.4,14.8,11.7,5.2,45,0,48.9,0.5434782608695653,0.4347826086956522,0.0,0.0
2026-27,1022600166,2026-07-10,Jul,DAL,TOR,away,W,108,95,78.5,13,203,3,0,0,0,9,7,8,6,40.0,Jessica Shepard,1629491,13,C,20,17,True,1,4,32.8,18.4,14.8,11.7,5.2,40,1,43.9,0.413,0.225,0.8888888888888888,0.0
2026-27,1022600003,2026-05-08,May,SEA,GSV,home,L,80,91,75.0,-11,171,0,0,0,0,0,0,0,0,0.0,Ezi Magbegor,1629496,0,,0,0,False,0,0,13.5,16.4,3.5,4.0,1.0,0,0,0.0,,,,
2026-27,1022600007,2026-05-10,May,SEA,CON,away,W,89,82,86.5,7,171,0,0,0,0,0,0,0,0,0.0,Ezi Magbegor,1629496,0,,0,0,False,0,0,13.5,16.4,3.5,4.0,1.0,0,0,0.0,,,,
2026-27,1022600015,2026-05-13,May,SEA,TOR,away,L,73,86,81.0,-13,159,0,0,0,0,0,0,0,0,0.0,Ezi Magbegor,1629496,0,,0,0,False,0,0,13.5,16.4,3.5,4.0,1.0,0,0,0.0,,,,
2026-27,1022600027,2026-05-17,May,SEA,IND,away,L,78,89,84.0,-11,167,0,0,0,0,0,0,0,0,0.0,Ezi Magbegor,1629496,0,,0,0,False,0,0,13.5,16.4,3.5,4.0,1.0,0,0,0.0,,,,
2026-27,1022600034,2026-05-20,May,SEA,CON,home,L,78,80,78.0,-2,158,0,0,0,0,0,0,0,0,0.0,Ezi Magbegor,1629496,0,,0,0,False,0,0,13.5,16.4,3.5,4.0,1.0,0,0,0.0,,,,
2026-27,1022600040,2026-05-22,May,SEA,CON,home,W,77,59,75.5,18,136,0,0,0,0,0,0,0,0,0.0,Ezi Magbegor,1629496,0,,0,0,False,0,0,13.5,16.4,3.5,4.0,1.0,0,0,0.0,,,,
2026-27,1022600046,2026-05-24,May,SEA,WAS,home,W,97,85,81.0,12,182,0,0,0,0,0,0,0,0,0.0,Ezi Magbegor,1629496,0,,0,0,False,0,0,13.5,16.4,3.5,4.0,1.0,0,0,0.0,,,,
2026-27,1022600053,2026-05-27,May,SEA,WAS,home,L,64,78,72.5,-14,142,0,0,0,0,0,0,0,0,0.0,Ezi Magbegor,1629496,0,,0,0,False,0,0,13.5,16.4,3.5,4.0,1.0,0,0,0.0,,,,
2026-27,1022600060,2026-05-30,May,SEA,TOR,away,L,72,93,82.0,-21,165,0,0,0,0,0,0,0,0,0.0,Ezi Magbegor,1629496,0,,0,0,False,0,0,13.5,16.4,3.5,4.0,1.0,0,0,0.0,,,,
2026-27,1022600064,2026-06-01,Jun,SEA,DAL,away,L,56,79,79.0,-23,135,0,0,0,0,0,0,0,0,0.0,Ezi Magbegor,1629496,0,,0,0,False,0,0,13.5,16.4,3.5,4.0,1.0,0,0,0.0,,,,
2026-27,1022600071,2026-06-03,Jun,SEA,PHX,home,L,68,72,79.5,-4,140,0,0,0,0,0,0,0,0,0.0,Ezi Magbegor,1629496,0,,0,0,False,0,0,13.5,16.4,3.5,4.0,1.0,0,0,0.0,,,,
2026-27,1022600077,2026-06-06,Jun,SEA,MIN,away,L,68,88,80.0,-20,156,0,0,0,0,0,0,0,0,0.0,Ezi Magbegor,1629496,0,,0,0,False,0,0,13.5,16.4,3.5,4.0,1.0,0,0,0.0,,,,
2026-27,1022600085,2026-06-08,Jun,SEA,LVA,away,L,91,101,18.5,-10,192,0,0,0,0,0,0,0,0,0.0,Ezi Magbegor,1629496,0,,0,0,False,0,0,13.5,16.4,3.5,4.0,1.0,0,0,0.0,,,,
2026-27,1022600090,2026-06-10,Jun,SEA,LAS,home,L,83,88,80.5,-5,171,0,0,0,0,0,0,0,0,0.0,Ezi Magbegor,1629496,0,,0,0,False,0,0,13.5,16.4,3.5,4.0,1.0,0,0,0.0,,,,
2026-27,1022600096,2026-06-12,Jun,SEA,GSV,home,L,72,76,75.0,-4,148,0,0,0,0,0,0,0,0,0.0,Ezi Magbegor,1629496,0,,0,0,False,0,0,13.5,16.4,3.5,4.0,1.0,0,0,0.0,,,,
2026-27,1022600112,2026-06-17,Jun,SEA,PDX,away,L,89,94,74.5,-5,183,0,0,0,0,0,0,0,0,0.0,Ezi Magbegor,1629496,0,,0,0,False,0,0,13.5,16.4,3.5,4.0,1.0,0,0,0.0,,,,
2026-27,1022600118,2026-06-20,Jun,SEA,PHX,away,L,73,93,78.5,-20,166,0,0,0,0,0,0,0,0,0.0,Ezi Magbegor,1629496,0,,0,0,False,0,0,13.5,16.4,3.5,4.0,1.0,0,0,0.0,,,,
2026-27,1022600126,2026-06-22,Jun,SEA,DAL,home,L,110,112,91.5,-2,222,0,0,0,0,0,0,0,0,0.0,Ezi Magbegor,1629496,0,,0,0,False,0,0,13.5,16.4,3.5,4.0,1.0,0,0,0.0,,,,
2026-27,1022600134,2026-06-25,Jun,SEA,NYL,home,W,99,88,83.5,11,187,0,0,0,0,0,0,0,0,0.0,Ezi Magbegor,1629496,0,,0,0,False,0,0,13.5,16.4,3.5,4.0,1.0,0,0,0.0,,,,
2026-27,1022600140,2026-06-27,Jun,SEA,ATL,home,W,105,90,83.0,15,195,0,0,0,0,0,0,0,0,0.0,Ezi Magbegor,1629496,0,,0,0,False,0,0,13.5,16.4,3.5,4.0,1.0,0,0,0.0,,,,
2026-27,1022600147,2026-07-02,Jul,SEA,PHX,away,L,67,90,76.0,-23,157,3,0,2,2,4,3,0,0,16.9,Ezi Magbegor,1629496,1,,8,0,False,1,2,13.5,16.4,3.5,4.0,1.0,11,1,13.5,0.3550295857988166,0.2366863905325444,0.0,0.5
2026-27,1022600151,2026-07-04,Jul,SEA,PDX,home,L,72,77,84.0,-5,149,1,2,0,0,7,2,0,0,13.5,Ezi Magbegor,1629496,-2,,4,7,False,0,1,13.5,16.4,3.5,4.0,1.0,12,2,18.9,0.5925925925925926,0.5185185185185185,0.0,0.0
2026-27,1022600156,2026-07-06,Jul,SEA,LAS,away,W,82,64,85.0,18,146,0,1,2,0,2,0,0,0,14.8,Ezi Magbegor,1629496,7,,0,4,False,1,0,13.5,16.4,3.5,4.0,1.0,4,2,10.8,0.13513513513513511,0.13513513513513511,0.0,1.0
2026-27,1022600162,2026-07-09,Jul,SEA,ATL,away,L,78,89,89.5,-11,167,0,0,0,0,3,1,0,0,8.4,Ezi Magbegor,1629496,-1,,2,5,False,0,1,13.5,16.4,3.5,4.0,1.0,7,0,7.0,0.47619047619047616,0.35714285714285715,0.0,0.0
2026-27,1022600002,2026-05-08,May,TOR,WAS,home,L,65,68,81.5,-3,133,2,0,9,3,18,6,14,12,29.9,Marina Mabrey,1629497,-7,F,27,7,True,1,4,28.9,31.3,21.2,3.6,3.6,36,1,37.4,0.9418060200668896,0.6020066889632107,0.7777777777777778,0.5
2026-27,1022600015,2026-05-13,May,TOR,SEA,home,W,86,73,81.0,13,159,3,0,11,6,20,9,2,2,28.8,Marina Mabrey,1629497,14,F,26,4,True,4,1,28.9,31.3,21.2,3.6,3.6,33,4,46.3,0.7597222222222222,0.6944444444444444,0.1,0.55
2026-27,1022600023,2026-05-15,May,TOR,LAS,away,L,95,99,80.0,-4,194,0,1,6,1,10,3,0,0,21.4,Marina Mabrey,1629497,-21,F,7,2,True,0,3,28.9,31.3,21.2,3.6,3.6,9,1,9.4,0.6074766355140188,0.4672897196261683,0.0,0.6
2026-27,1022600028,2026-05-17,May,TOR,LAS,away,W,106,96,80.0,10,202,4,0,4,2,7,2,8,8,25.9,Marina Mabrey,1629497,2,F,14,3,True,1,3,28.9,31.3,21.2,3.6,3.6,21,1,23.6,0.522007722007722,0.2702702702702703,1.1428571428571428,0.5714285714285714
2026-27,1022600031,2026-05-19,May,TOR,PHX,away,W,98,90,82.5,8,188,3,1,14,6,23,11,2,2,32.1,Marina Mabrey,1629497,7,F,30,5,True,1,2,28.9,31.3,21.2,3.6,3.6,38,2,44.5,0.8062305295950155,0.7165109034267912,0.08695652173913043,0.6086956521739131
2026-27,1022600036,2026-05-21,May,TOR,MIN,away,L,72,100,77.5,-28,172,1,0,8,0,9,1,1,1,19.3,Marina Mabrey,1629497,-21,F,3,2,False,2,4,28.9,31.3,21.2,3.6,3.6,6,2,8.9,0.6963730569948186,0.46632124352331605,0.1111111111111111,0.8888888888888888
2026-27,1022600042,2026-05-23,May,TOR,PDX,home,L,80,99,80.0,-19,179,8,1,8,3,15,7,3,2,28.4,Marina Mabrey,1629497,-17,F,19,5,True,0,4,28.9,31.3,21.2,3.6,3.6,32,1,36.0,0.7154929577464789,0.5281690140845071,0.2,0.5333333333333333
2026-27,1022600050,2026-05-27,May,TOR,CHI,away,W,111,104,84.0,7,215,7,0,7,3,13,9,4,3,27.7,Marina Mabrey,1629497,9,F,24,4,True,1,2,28.9,31.3,21.2,3.6,3.6,35,1,40.3,0.6050541516245487,0.4693140794223827,0.3076923076923077,0.5384615384615384
2026-27,1022600060,2026-05-30,May,TOR,SEA,home,W,93,72,82.0,21,165,4,0,9,3,13,6,3,3,28.9,Marina Mabrey,1629497,6,F,18,3,True,1,3,28.9,31.3,21.2,3.6,3.6,25,1,27.6,0.5993079584775087,0.44982698961937717,0.23076923076923078,0.6923076923076923
2026-27,1022600070,2026-06-03,Jun,TOR,NYL,away,L,82,97,78.5,-15,179,4,1,6,2,13,7,2,1,26.3,Marina Mabrey,1629497,-16,F,17,3,True,0,1,28.9,31.3,21.2,3.6,3.6,24,1,28.6,0.5657794676806084,0.49429657794676807,0.15384615384615385,0.46153846153846156
2026-27,1022600081,2026-06-07,Jun,TOR,CHI,home,W,85,68,84.5,17,153,6,1,5,1,9,3,2,2,30.4,Marina Mabrey,1629497,15,F,9,4,True,2,3,28.9,31.3,21.2,3.6,3.6,19,3,28.8,0.42368421052631583,0.2960526315789474,0.2222222222222222,0.5555555555555556
2026-27,1022600089,2026-06-10,Jun,TOR,CON,home,W,106,102,89.5,4,208,1,0,12,4,20,8,2,1,34.4,Marina Mabrey,1629497,4,F,21,1,True,3,3,28.9,31.3,21.2,3.6,3.6,23,3,29.700000000000003,0.6941860465116279,0.5813953488372093,0.1,0.6
2026-27,1022600095,2026-06-12,Jun,TOR,WAS,away,L,85,86,84.5,-1,171,3,0,10,5,15,9,4,4,28.1,Marina Mabrey,1629497,-4,F,27,1,True,1,4,28.9,31.3,21.2,3.6,3.6,31,1,31.700000000000003,0.7387900355871886,0.5338078291814946,0.26666666666666666,0.6666666666666666
2026-27,1022600102,2026-06-14,Jun,TOR,ATL,home,L,77,102,81.0,-25,179,2,1,7,2,11,2,3,3,26.8,Marina Mabrey,1629497,-12,F,9,4,True,0,1,28.9,31.3,21.2,3.6,3.6,15,1,18.8,0.49701492537313435,0.4104477611940298,0.2727272727272727,0.6363636363636364
2026-27,1022600106,2026-06-16,Jun,TOR,IND,away,L,91,113,88.5,-22,204,7,1,5,2,16,7,3,2,30.7,Marina Mabrey,1629497,-14,F,18,1,True,2,4,28.9,31.3,21.2,3.6,3.6,26,3,34.7,0.6944625407166124,0.5211726384364821,0.1875,0.3125
2026-27,1022600114,2026-06-19,Jun,TOR,CON,away,W,101,97,84.0,4,198,4,0,12,9,24,14,0,0,33.1,Marina Mabrey,1629497,21,G,37,4,True,0,6,28.9,31.3,21.2,3.6,3.6,45,0,41.8,0.9063444108761329,0.7250755287009063,0.0,0.5
2026-27,1022600124,2026-06-22,Jun,TOR,ATL,away,L,87,94,84.5,-7,181,4,0,8,3,17,8,5,4,31.4,Marina Mabrey,1629497,-16,G,23,4,True,1,3,28.9,31.3,21.2,3.6,3.6,31,1,33.8,0.7070063694267515,0.5414012738853503,0.29411764705882354,0.47058823529411764
2026-27,1022600132,2026-06-25,Jun,TOR,LAS,home,W,125,97,86.5,28,222,2,0,18,9,28,17,12,10,32.0,Marina Mabrey,1629497,36,G,53,6,True,0,3,28.9,31.3,21.2,3.6,3.6,61,0,60.2,1.13375,0.875,0.42857142857142855,0.6428571428571429
2026-27,1022600138,2026-06-27,Jun,TOR,PHX,home,L,80,89,78.5,-9,169,0,0,0,0,0,0,0,0,0.0,Marina Mabrey,1629497,0,,0,0,False,0,0,28.9,31.3,21.2,3.6,3.6,0,0,0.0,,,,
2026-27,1022600152,2026-07-05,Jul,TOR,DAL,home,L,76,89,76.0,-13,165,5,1,9,3,18,7,2,2,31.4,Marina Mabrey,1629497,-19,G,19,5,True,1,1,28.9,31.3,21.2,3.6,3.6,29,2,37.5,0.6331210191082802,0.5732484076433121,0.1111111111111111,0.5
2026-27,1022600159,2026-07-08,Jul,TOR,GSV,home,L,75,83,76.0,-8,158,4,0,3,0,9,2,8,7,33.7,Marina Mabrey,1629497,-5,G,11,6,True,1,5,28.9,31.3,21.2,3.6,3.6,21,1,22.2,0.5198813056379822,0.2670623145400593,0.8888888888888888,0.3333333333333333
2026-27,1022600166,2026-07-10,Jul,TOR,DAL,home,L,95,108,78.5,-13,203,1,0,9,6,18,10,8,8,27.1,Marina Mabrey,1629497,-6,G,34,1,True,0,3,28.9,31.3,21.2,3.6,3.6,36,0,33.7,0.9047970479704797,0.6642066420664207,0.4444444444444444,0.5
2026-27,1022600005,2026-05-09,May,LVA,PHX,home,L,66,99,83.0,-33,165,3,0,6,2,15,5,0,0,25.3,Jackie Young,1629498,-24,G,12,6,True,0,2,32.6,22.9,16.5,4.5,6.8,21,0,21.7,0.6719367588932806,0.5928853754940712,0.0,0.4
2026-27,1022600009,2026-05-10,May,LVA,LAS,away,W,105,78,83.0,27,183,9,1,5,2,12,8,2,2,30.9,Jackie Young,1629498,25,G,20,5,True,1,1,32.6,22.9,16.5,4.5,6.8,34,2,44.5,0.4491909385113269,0.3883495145631068,0.16666666666666666,0.4166666666666667
2026-27,1022600016,2026-05-13,May,LVA,CON,away,W,98,69,83.0,29,167,6,0,2,0,10,4,3,3,26.6,Jackie Young,1629498,14,G,11,1,True,2,1,32.6,22.9,16.5,4.5,6.8,18,2,26.2,0.4631578947368421,0.37593984962406013,0.3,0.2
2026-27,1022600021,2026-05-15,May,LVA,CON,away,W,101,94,84.5,7,195,6,0,2,0,16,6,2,1,31.4,Jackie Young,1629498,21,G,13,6,True,0,4,32.6,22.9,16.5,4.5,6.8,25,0,25.2,0.664968152866242,0.5095541401273885,0.125,0.125
2026-27,1022600026,2026-05-17,May,LVA,ATL,away,W,85,84,85.0,1,169,7,2,5,0,12,0,0,0,34.0,Jackie Young,1629498,6,G,0,7,True,2,2,32.6,22.9,16.5,4.5,6.8,14,4,28.9,0.4117647058823529,0.35294117647058826,0.0,0.4166666666666667
2026-27,1022600043,2026-05-23,May,LVA,LAS,home,L,95,101,84.0,-6,196,2,1,2,0,2,0,0,0,19.1,Jackie Young,1629498,-9,F,0,3,False,0,3,32.6,22.9,16.5,4.5,6.8,5,1,6.6,0.2617801047120419,0.10471204188481674,0.0,1.0
2026-27,1022600054,2026-05-28,May,LVA,DAL,away,L,87,95,78.5,-8,182,7,0,5,1,20,7,0,0,33.0,Jackie Young,1629498,-15,G,15,3,True,1,0,32.6,22.9,16.5,4.5,6.8,25,1,32.1,0.6060606060606061,0.6060606060606061,0.0,0.25
2026-27,1022600063,2026-05-31,May,LVA,GSV,away,W,91,81,80.0,10,172,9,0,9,5,17,9,0,0,37.3,Jackie Young,1629498,12,G,23,7,True,1,2,32.6,22.9,16.5,4.5,6.8,39,1,45.9,0.5093833780160858,0.45576407506702415,0.0,0.5294117647058824
2026-27,1022600069,2026-06-02,Jun,LVA,LAS,away,W,79,69,78.5,10,148,9,0,5,2,17,7,0,0,36.2,Jackie Young,1629498,5,G,16,4,True,1,2,32.6,22.9,16.5,4.5,6.8,29,1,35.3,0.5248618784530387,0.46961325966850825,0.0,0.29411764705882354
2026-27,1022600078,2026-06-06,Jun,LVA,GSV,home,W,84,79,76.5,5,163,5,0,8,6,15,8,5,5,35.9,Jackie Young,1629498,13,F,27,5,True,0,1,32.6,22.9,16.5,4.5,6.8,37,0,39.5,0.5069637883008357,0.4178272980501393,0.3333333333333333,0.5333333333333333
2026-27,1022600085,2026-06-08,Jun,LVA,SEA,home,W,101,91,18.5,10,192,6,1,9,4,19,10,5,5,34.4,Jackie Young,1629498,15,F,29,3,True,0,4,32.6,22.9,16.5,4.5,6.8,38,1,40.6,0.7325581395348837,0.5523255813953488,0.2631578947368421,0.47368421052631576
2026-27,1022600094,2026-06-11,Jun,LVA,PDX,away,W,105,89,79.5,16,194,10,1,5,2,15,7,3,2,34.7,Jackie Young,1629498,22,F,18,8,True,1,2,32.6,22.9,16.5,4.5,6.8,36,2,46.6,0.5279538904899135,0.4322766570605187,0.2,0.3333333333333333
2026-27,1022600098,2026-06-13,Jun,LVA,MIN,home,W,100,97,77.5,3,197,10,0,5,1,10,5,5,5,37.4,Jackie Young,1629498,5,F,16,5,True,1,3,32.6,22.9,16.5,4.5,6.8,31,1,37.0,0.40641711229946526,0.26737967914438504,0.5,0.5
2026-27,1022600103,2026-06-15,Jun,LVA,DAL,away,L,66,96,80.0,-30,162,5,0,4,0,13,3,0,0,23.9,Jackie Young,1629498,-17,F,6,4,True,0,3,32.6,22.9,16.5,4.5,6.8,15,0,15.3,0.6694560669456068,0.5439330543933055,0.0,0.3076923076923077
2026-27,1022600111,2026-06-17,Jun,LVA,PHX,away,W,86,76,77.0,10,162,9,1,8,4,15,7,3,2,37.9,Jackie Young,1629498,13,G,20,1,True,5,3,32.6,22.9,16.5,4.5,6.8,30,6,49.7,0.5097625329815304,0.395778364116095,0.2,0.5333333333333333
2026-27,1022600120,2026-06-21,Jun,LVA,GSV,home,W,92,73,72.5,19,165,5,0,6,3,12,9,0,0,32.0,Jackie Young,1629498,24,F,21,3,True,0,0,32.6,22.9,16.5,4.5,6.8,29,0,32.1,0.375,0.375,0.0,0.5
2026-27,1022600127,2026-06-23,Jun,LVA,NYL,home,L,76,87,77.5,-11,163,7,1,6,1,19,9,0,0,37.8,Jackie Young,1629498,-7,F,19,4,True,0,2,32.6,22.9,16.5,4.5,6.8,30,1,35.3,0.5555555555555556,0.5026455026455027,0.0,0.3157894736842105
2026-27,1022600133,2026-06-25,Jun,LVA,DAL,home,W,99,84,84.0,15,183,6,0,3,2,6,4,10,10,31.7,Jackie Young,1629498,10,F,20,8,True,1,4,32.6,22.9,16.5,4.5,6.8,34,1,37.6,0.45425867507886436,0.18927444794952683,1.6666666666666667,0.5
2026-27,1022600143,2026-06-28,Jun,LVA,CHI,away,W,107,99,86.0,8,206,8,0,6,4,14,9,6,6,36.2,Jackie Young,1629498,6,F,28,5,True,0,1,32.6,22.9,16.5,4.5,6.8,41,0,45.0,0.487292817679558,0.38674033149171266,0.42857142857142855,0.42857142857142855
2026-27,1022600149,2026-07-03,Jul,LVA,CHI,home,W,98,90,90.0,8,188,5,0,4,0,11,6,4,4,39.1,Jackie Young,1629498,5,F,16,6,True,2,5,32.6,22.9,16.5,4.5,6.8,27,2,31.700000000000003,0.45421994884910477,0.2813299232736573,0.36363636363636365,0.36363636363636365
2026-27,1022600153,2026-07-05,Jul,LVA,IND,home,L,68,84,72.5,-16,152,4,0,5,1,13,6,2,2,32.6,Jackie Young,1629498,-14,F,15,2,True,1,5,32.6,22.9,16.5,4.5,6.8,21,1,21.4,0.5791411042944786,0.3987730061349693,0.15384615384615385,0.38461538461538464
2026-27,1022600164,2026-07-09,Jul,LVA,PDX,away,W,88,80,77.0,8,168,11,1,5,3,11,8,0,0,31.4,Jackie Young,1629498,18,G,19,4,True,3,3,32.6,22.9,16.5,4.5,6.8,34,4,49.3,0.445859872611465,0.35031847133757965,0.0,0.45454545454545453
2026-27,1022600004,2026-05-09,May,DAL,IND,away,W,107,104,89.0,3,211,2,1,1,0,6,2,2,2,19.8,Alanna Smith,1629501,-7,C,6,3,True,2,2,14.6,16.0,3.9,2.9,1.1,11,3,19.6,0.44848484848484843,0.30303030303030304,0.3333333333333333,0.16666666666666666
2026-27,1022600012,2026-05-12,May,DAL,ATL,home,L,72,77,78.0,-5,149,3,1,6,0,8,1,0,0,26.7,Alanna Smith,1629501,-9,F,2,6,True,0,3,14.6,16.0,3.9,2.9,1.1,11,1,13.7,0.41198501872659177,0.299625468164794,0.0,0.75
2026-27,1022600019,2026-05-14,May,DAL,MIN,home,L,86,90,78.0,-4,176,5,1,1,0,6,3,1,0,26.9,Alanna Smith,1629501,-6,C,6,4,True,2,2,14.6,16.0,3.9,2.9,1.1,15,3,25.3,0.31375464684014875,0.2230483271375465,0.16666666666666666,0.16666666666666666
2026-27,1022600029,2026-05-18,May,DAL,WAS,home,W,92,69,73.5,23,161,1,0,1,1,3,1,0,0,7.3,Alanna Smith,1629501,-1,C,3,1,False,2,2,14.6,16.0,3.9,2.9,1.1,5,2,9.7,0.684931506849315,0.4109589041095891,0.0,0.3333333333333333
2026-27,1022600033,2026-05-20,May,DAL,CHI,away,W,99,89,79.5,10,188,0,1,3,1,6,3,0,0,16.4,Alanna Smith,1629501,3,C,7,6,False,1,0,14.6,16.0,3.9,2.9,1.1,13,2,20.2,0.3658536585365854,0.3658536585365854,0.0,0.5
2026-27,1022600038,2026-05-22,May,DAL,ATL,away,L,69,86,78.0,-17,155,0,0,2,0,3,1,0,0,10.3,Alanna Smith,1629501,-13,C,2,2,False,0,0,14.6,16.0,3.9,2.9,1.1,4,0,4.4,0.2912621359223301,0.2912621359223301,0.0,0.6666666666666666
2026-27,1022600045,2026-05-24,May,DAL,NYL,away,W,91,76,77.0,15,167,3,0,1,0,1,0,0,0,14.7,Alanna Smith,1629501,-9,C,0,2,False,1,0,14.6,16.0,3.9,2.9,1.1,5,1,9.9,0.06802721088435375,0.06802721088435375,0.0,1.0
2026-27,1022600064,2026-06-01,Jun,DAL,SEA,home,W,79,56,79.0,23,135,3,0,3,0,6,2,2,1,22.2,Alanna Smith,1629501,10,,5,4,True,0,4,14.6,16.0,3.9,2.9,1.1,12,0,10.3,0.4900900900900901,0.2702702702702703,0.3333333333333333,0.5
2026-27,1022600075,2026-06-05,Jun,DAL,LAS,away,W,104,96,83.5,8,200,0,1,2,0,4,2,0,0,15.6,Alanna Smith,1629501,-2,,4,2,False,0,2,14.6,16.0,3.9,2.9,1.1,6,1,7.4,0.38461538461538464,0.25641025641025644,0.0,0.5
2026-27,1022600087,2026-06-09,Jun,DAL,MIN,away,L,76,100,84.0,-24,176,1,0,1,0,2,0,0,0,8.8,Alanna Smith,1629501,-4,,0,2,False,2,1,14.6,16.0,3.9,2.9,1.1,3,2,8.9,0.3409090909090909,0.22727272727272727,0.0,0.5
2026-27,1022600093,2026-06-11,Jun,DAL,PHX,home,W,85,70,82.5,15,155,1,0,0,0,2,1,0,0,16.3,Alanna Smith,1629501,3,,2,5,False,0,2,14.6,16.0,3.9,2.9,1.1,8,0,7.5,0.24539877300613497,0.12269938650306748,0.0,0.0
2026-27,1022600099,2026-06-13,Jun,DAL,PDX,away,L,83,84,78.5,-1,167,0,0,1,0,3,1,2,2,11.1,Alanna Smith,1629501,-12,,4,3,False,0,1,14.6,16.0,3.9,2.9,1.1,7,0,6.6,0.43963963963963965,0.2702702702702703,0.6666666666666666,0.3333333333333333
2026-27,1022600103,2026-06-15,Jun,DAL,LVA,home,W,96,66,80.0,30,162,0,0,1,0,3,2,0,0,9.1,Alanna Smith,1629501,-2,,4,1,False,0,0,14.6,16.0,3.9,2.9,1.1,5,0,5.2,0.32967032967032966,0.32967032967032966,0.0,0.3333333333333333
2026-27,1022600109,2026-06-17,Jun,DAL,GSV,away,L,80,91,77.5,-11,171,0,1,3,1,4,2,0,0,16.4,Alanna Smith,1629501,5,,5,3,False,0,0,14.6,16.0,3.9,2.9,1.1,8,1,11.6,0.24390243902439027,0.24390243902439027,0.0,0.75
2026-27,1022600119,2026-06-20,Jun,DAL,CHI,home,W,93,92,83.0,1,185,0,0,1,1,1,1,0,0,4.9,Alanna Smith,1629501,-1,,3,0,False,2,1,14.6,16.0,3.9,2.9,1.1,3,2,8.0,0.4081632653061224,0.2040816326530612,0.0,1.0
2026-27,1022600126,2026-06-22,Jun,DAL,SEA,away,W,112,110,91.5,2,222,0,0,0,0,0,0,0,0,0.0,Alanna Smith,1629501,0,,0,0,False,0,0,14.6,16.0,3.9,2.9,1.1,0,0,0.0,,,,
2026-27,1022600146,2026-07-02,Jul,DAL,CON,away,W,86,83,80.0,3,169,0,0,3,2,6,4,3,1,13.7,Alanna Smith,1629501,1,,11,3,True,0,0,14.6,16.0,3.9,2.9,1.1,14,0,14.6,0.5343065693430658,0.43795620437956206,0.5,0.5
2026-27,1022600152,2026-07-05,Jul,DAL,TOR,away,W,89,76,76.0,13,165,1,1,2,0,2,0,2,2,14.4,Alanna Smith,1629501,7,,2,4,False,1,0,14.6,16.0,3.9,2.9,1.1,7,2,14.3,0.19999999999999998,0.1388888888888889,1.0,1.0
2026-27,1022600157,2026-07-07,Jul,DAL,NYL,away,W,88,77,81.0,11,165,1,0,3,1,8,3,1,1,15.5,Alanna Smith,1629501,12,,8,5,False,0,1,14.6,16.0,3.9,2.9,1.1,14,0,14.5,0.6090322580645161,0.5161290322580645,0.125,0.375
2026-27,1022600166,2026-07-10,Jul,DAL,TOR,away,W,108,95,78.5,13,203,0,0,0,0,1,0,0,0,7.8,Alanna Smith,1629501,-7,,0,0,False,0,1,14.6,16.0,3.9,2.9,1.1,0,0,-1.0,0.25641025641025644,0.12820512820512822,0.0,0.0
2026-27,1022600006,2026-05-09,May,PDX,CHI,home,L,83,98,82.0,-15,181,4,1,7,3,10,4,3,2,30.4,Bridget Carleton,1629524,-6,G,13,1,True,1,0,30.2,20.0,13.6,3.7,1.9,18,2,26.2,0.3723684210526316,0.32894736842105265,0.3,0.7
2026-27,1022600014,2026-05-12,May,PDX,NYL,home,W,98,96,79.0,2,194,0,0,11,5,16,9,3,3,33.0,Bridget Carleton,1629524,12,G,26,1,True,4,0,30.2,20.0,13.6,3.7,1.9,27,4,39.2,0.5248484848484849,0.48484848484848486,0.1875,0.6875
2026-27,1022600020,2026-05-14,May,PDX,NYL,home,L,82,100,86.0,-18,182,2,0,6,2,11,4,1,1,25.0,Bridget Carleton,1629524,-31,G,11,5,True,1,1,30.2,20.0,13.6,3.7,1.9,18,1,22.0,0.4976,0.44,0.09090909090909091,0.5454545454545454
2026-27,1022600030,2026-05-18,May,PDX,CON,home,W,83,82,74.5,1,165,3,1,7,2,12,5,6,6,33.4,Bridget Carleton,1629524,9,G,18,5,True,3,2,30.2,20.0,13.6,3.7,1.9,26,4,38.5,0.4982035928143713,0.3592814371257485,0.5,0.5833333333333334
2026-27,1022600032,2026-05-20,May,PDX,IND,away,L,73,90,82.0,-17,163,0,0,6,2,13,6,2,2,25.0,Bridget Carleton,1629524,-21,G,16,3,True,3,0,30.2,20.0,13.6,3.7,1.9,19,3,28.6,0.5552,0.52,0.15384615384615385,0.46153846153846156
2026-27,1022600042,2026-05-23,May,PDX,TOR,away,W,99,80,80.0,19,179,3,0,8,4,10,5,2,1,28.4,Bridget Carleton,1629524,25,G,15,2,True,2,2,30.2,20.0,13.6,3.7,1.9,20,2,25.9,0.45352112676056344,0.35211267605633806,0.2,0.8
2026-27,1022600047,2026-05-25,May,PDX,NYL,away,W,81,74,78.0,7,155,2,0,6,1,9,2,5,5,29.9,Bridget Carleton,1629524,10,G,10,3,True,2,1,30.2,20.0,13.6,3.7,1.9,15,2,21.6,0.4080267558528428,0.3010033444816054,0.5555555555555556,0.6666666666666666
2026-27,1022600052,2026-05-27,May,PDX,CON,home,W,71,61,75.5,10,132,3,0,5,2,10,5,1,1,28.8,Bridget Carleton,1629524,0,G,13,7,True,1,2,30.2,20.0,13.6,3.7,1.9,23,1,26.9,0.4319444444444444,0.3472222222222222,0.1,0.5
2026-27,1022600059,2026-05-29,May,PDX,ATL,home,L,66,86,77.5,-20,152,0,0,0,0,0,0,0,0,0.0,Bridget Carleton,1629524,0,,0,0,False,0,0,30.2,20.0,13.6,3.7,1.9,0,0,0.0,,,,
2026-27,1022600062,2026-05-30,May,PDX,IND,home,W,100,84,80.0,16,184,3,2,6,2,15,6,0,0,32.0,Bridget Carleton,1629524,17,G,14,2,True,3,0,30.2,20.0,13.6,3.7,1.9,19,5,35.9,0.46875,0.46875,0.0,0.4
2026-27,1022600068,2026-06-02,Jun,PDX,GSV,away,L,77,95,73.5,-18,172,1,0,4,2,6,4,1,1,29.8,Bridget Carleton,1629524,-17,G,11,3,True,1,0,30.2,20.0,13.6,3.7,1.9,15,1,19.1,0.21610738255033557,0.20134228187919462,0.16666666666666666,0.6666666666666666
2026-27,1022600076,2026-06-05,Jun,PDX,PHX,home,L,72,78,74.5,-6,150,2,0,4,0,9,2,2,2,26.9,Bridget Carleton,1629524,-17,F,6,4,True,1,4,30.2,20.0,13.6,3.7,1.9,12,1,12.8,0.5159851301115242,0.3345724907063197,0.2222222222222222,0.4444444444444444
2026-27,1022600082,2026-06-07,Jun,PDX,LAS,away,L,72,89,81.0,-17,161,2,0,4,1,4,1,4,4,26.1,Bridget Carleton,1629524,-10,F,7,7,True,0,3,30.2,20.0,13.6,3.7,1.9,16,0,15.399999999999999,0.33563218390804594,0.1532567049808429,1.0,1.0
2026-27,1022600094,2026-06-11,Jun,PDX,LVA,home,L,89,105,79.5,-16,194,0,0,9,3,13,5,0,0,32.9,Bridget Carleton,1629524,-28,G,13,1,True,1,2,30.2,20.0,13.6,3.7,1.9,14,1,15.2,0.45592705167173253,0.3951367781155015,0.0,0.6923076923076923
2026-27,1022600099,2026-06-13,Jun,PDX,DAL,home,W,84,83,78.5,1,167,1,0,10,6,14,6,2,2,31.4,Bridget Carleton,1629524,2,F,20,4,True,1,2,30.2,20.0,13.6,3.7,1.9,25,1,27.3,0.537579617834395,0.445859872611465,0.14285714285714285,0.7142857142857143
2026-27,1022600104,2026-06-15,Jun,PDX,MIN,away,L,74,107,81.5,-33,181,2,0,4,0,9,1,2,1,26.4,Bridget Carleton,1629524,-31,F,3,1,True,0,1,30.2,20.0,13.6,3.7,1.9,6,0,6.2,0.41212121212121217,0.34090909090909094,0.2222222222222222,0.4444444444444444
2026-27,1022600112,2026-06-17,Jun,PDX,SEA,home,W,94,89,74.5,5,183,1,2,13,7,13,7,4,3,28.6,Bridget Carleton,1629524,6,F,24,4,True,3,2,30.2,20.0,13.6,3.7,1.9,29,5,43.3,0.5860139860139859,0.45454545454545453,0.3076923076923077,1.0
2026-27,1022600130,2026-06-24,Jun,PDX,CHI,away,L,78,101,79.5,-23,179,2,1,2,0,6,2,4,3,28.8,Bridget Carleton,1629524,-19,F,7,5,True,0,2,30.2,20.0,13.6,3.7,1.9,14,1,17.0,0.33888888888888885,0.20833333333333331,0.6666666666666666,0.3333333333333333
2026-27,1022600136,2026-06-26,Jun,PDX,CHI,away,L,94,124,83.0,-30,218,1,0,7,2,14,5,8,8,28.8,Bridget Carleton,1629524,-23,F,20,4,True,1,0,30.2,20.0,13.6,3.7,1.9,25,1,29.3,0.6083333333333333,0.4861111111111111,0.5714285714285714,0.5
2026-27,1022600142,2026-06-28,Jun,PDX,WAS,away,L,123,124,117.5,-1,247,2,2,7,3,13,5,3,3,50.6,Bridget Carleton,1629524,-1,F,16,3,True,3,3,30.2,20.0,13.6,3.7,1.9,21,5,34.6,0.3422924901185771,0.25691699604743085,0.23076923076923078,0.5384615384615384
2026-27,1022600151,2026-07-04,Jul,PDX,SEA,away,W,77,72,84.0,5,149,2,0,6,1,14,4,6,5,30.7,Bridget Carleton,1629524,4,F,14,7,True,2,2,30.2,20.0,13.6,3.7,1.9,23,2,29.4,0.6071661237785017,0.45602605863192186,0.42857142857142855,0.42857142857142855
2026-27,1022600164,2026-07-09,Jul,PDX,LVA,home,L,80,88,77.0,-8,168,3,0,8,3,10,3,0,0,27.8,Bridget Carleton,1629524,-5,F,9,6,True,1,2,30.2,20.0,13.6,3.7,1.9,18,1,21.7,0.4316546762589928,0.3597122302158273,0.0,0.8
2026-27,1022600124,2026-06-22,Jun,ATL,TOR,home,W,94,87,84.5,7,181,0,0,0,0,0,0,0,0,0.0,Amy Okonkwo,1629539,0,,0,0,False,0,0,1.0,65.3,1.0,1.0,0.0,0,0,0.0,,,,
2026-27,1022600140,2026-06-27,Jun,ATL,SEA,away,L,90,105,83.0,-15,195,0,0,1,0,1,0,2,1,1.3,Amy Okonkwo,1629539,0,,1,1,False,0,0,1.0,65.3,1.0,1.0,0.0,2,0,2.2,1.4461538461538461,0.7692307692307692,2.0,1.0
2026-27,1022600001,2026-05-08,May,NYL,CON,home,W,106,75,88.5,31,181,3,0,9,5,13,6,0,0,28.0,Marine Johannes,1629546,17,G,17,5,True,3,1,23.5,19.0,9.1,2.6,3.0,25,3,35.5,0.5,0.4642857142857143,0.0,0.6923076923076923
2026-27,1022600008,2026-05-10,May,NYL,WAS,away,W,98,93,86.5,5,191,2,0,13,6,15,8,5,3,37.4,Marine Johannes,1629546,10,G,25,1,True,2,3,23.5,19.0,9.1,2.6,3.0,28,2,32.2,0.5401069518716578,0.40106951871657753,0.3333333333333333,0.8666666666666667
2026-27,1022600014,2026-05-12,May,NYL,PDX,away,L,96,98,79.0,-2,194,4,0,7,3,11,6,3,3,33.2,Marine Johannes,1629546,-4,G,18,4,True,2,2,23.5,19.0,9.1,2.6,3.0,26,2,32.8,0.43132530120481927,0.33132530120481923,0.2727272727272727,0.6363636363636364
2026-27,1022600020,2026-05-14,May,NYL,PDX,away,W,100,82,86.0,18,182,11,0,7,1,7,1,0,0,28.1,Marine Johannes,1629546,31,G,3,3,True,2,1,23.5,19.0,9.1,2.6,3.0,17,2,28.1,0.2846975088967971,0.24911032028469748,0.0,1.0
2026-27,1022600035,2026-05-21,May,NYL,GSV,home,L,70,87,76.0,-17,157,1,0,5,0,5,0,0,0,26.2,Marine Johannes,1629546,-7,G,0,3,True,1,2,23.5,19.0,9.1,2.6,3.0,4,1,6.1,0.26717557251908397,0.19083969465648856,0.0,1.0
2026-27,1022600045,2026-05-24,May,NYL,DAL,home,L,76,91,77.0,-15,167,5,0,3,0,3,0,0,0,22.0,Marine Johannes,1629546,-1,G,0,3,True,0,1,23.5,19.0,9.1,2.6,3.0,8,0,10.1,0.18181818181818182,0.13636363636363635,0.0,1.0
2026-27,1022600047,2026-05-25,May,NYL,PDX,home,L,74,81,78.0,-7,155,6,1,9,5,12,6,0,0,31.5,Marine Johannes,1629546,-2,G,17,2,True,0,6,23.5,19.0,9.1,2.6,3.0,25,1,25.4,0.5714285714285714,0.38095238095238093,0.0,0.75
2026-27,1022600049,2026-05-27,May,NYL,PHX,home,W,84,74,77.5,10,158,5,0,9,7,11,7,0,0,24.4,Marine Johannes,1629546,-1,G,21,3,True,2,1,23.5,19.0,9.1,2.6,3.0,29,2,37.1,0.49180327868852464,0.45081967213114754,0.0,0.8181818181818182
2026-27,1022600056,2026-05-29,May,NYL,PHX,home,W,75,68,76.0,7,143,1,0,5,2,5,2,0,0,19.3,Marine Johannes,1629546,-6,G,6,2,True,0,2,23.5,19.0,9.1,2.6,3.0,9,0,7.9,0.3626943005181347,0.25906735751295334,0.0,1.0
2026-27,1022600070,2026-06-03,Jun,NYL,TOR,home,W,97,82,78.5,15,179,2,1,6,3,10,6,0,0,27.4,Marine Johannes,1629546,7,G,15,2,True,1,2,23.5,19.0,9.1,2.6,3.0,19,2,24.4,0.43795620437956206,0.36496350364963503,0.0,0.6
2026-27,1022600080,2026-06-06,Jun,NYL,IND,home,W,83,75,85.0,8,158,0,0,5,2,7,3,0,0,24.9,Marine Johannes,1629546,2,G,8,4,True,0,2,23.5,19.0,9.1,2.6,3.0,12,0,10.8,0.3614457831325301,0.28112449799196787,0.0,0.7142857142857143
2026-27,1022600083,2026-06-08,Jun,NYL,CON,away,W,89,80,82.0,9,169,3,0,5,1,7,2,2,2,24.0,Marine Johannes,1629546,12,G,7,4,True,1,2,23.5,19.0,9.1,2.6,3.0,14,1,17.3,0.4116666666666666,0.2916666666666667,0.2857142857142857,0.7142857142857143
2026-27,1022600092,2026-06-11,Jun,NYL,ATL,away,W,104,90,80.5,14,194,0,0,3,2,6,5,5,5,22.3,Marine Johannes,1629546,12,G,17,1,True,0,2,23.5,19.0,9.1,2.6,3.0,18,0,16.2,0.4573991031390134,0.26905829596412556,0.8333333333333334,0.5
2026-27,1022600101,2026-06-14,Jun,NYL,WAS,home,W,86,64,78.5,22,150,2,0,4,2,5,3,0,0,16.8,Marine Johannes,1629546,4,G,8,4,False,0,1,23.5,19.0,9.1,2.6,3.0,14,0,14.8,0.35714285714285715,0.2976190476190476,0.0,0.8
2026-27,1022600108,2026-06-17,Jun,NYL,CHI,away,W,96,95,80.5,1,191,1,0,3,1,5,1,0,0,16.6,Marine Johannes,1629546,2,G,3,1,False,2,1,23.5,19.0,9.1,2.6,3.0,5,2,10.7,0.36144578313253006,0.3012048192771084,0.0,0.6
2026-27,1022600115,2026-06-19,Jun,NYL,WAS,home,L,83,86,79.0,-3,169,4,1,7,1,8,1,2,1,26.9,Marine Johannes,1629546,-2,G,4,3,True,1,1,23.5,19.0,9.1,2.6,3.0,11,2,18.6,0.3672862453531599,0.29739776951672864,0.25,0.875
2026-27,1022600122,2026-06-21,Jun,NYL,LAS,away,L,97,98,83.5,-1,195,1,0,7,2,10,4,0,0,16.7,Marine Johannes,1629546,1,,10,2,False,0,1,23.5,19.0,9.1,2.6,3.0,13,0,12.9,0.6586826347305389,0.5988023952095809,0.0,0.7
2026-27,1022600127,2026-06-23,Jun,NYL,LVA,away,W,87,76,77.5,11,163,3,0,5,2,6,2,0,0,18.1,Marine Johannes,1629546,14,,6,2,False,0,1,23.5,19.0,9.1,2.6,3.0,11,0,11.9,0.38674033149171266,0.3314917127071823,0.0,0.8333333333333334
2026-27,1022600134,2026-06-25,Jun,NYL,SEA,away,L,88,99,83.5,-11,187,2,0,7,2,7,2,0,0,18.6,Marine Johannes,1629546,-5,,6,1,False,0,3,23.5,19.0,9.1,2.6,3.0,9,0,7.199999999999999,0.5376344086021505,0.3763440860215054,0.0,1.0
2026-27,1022600144,2026-06-28,Jun,NYL,GSV,away,L,67,76,69.0,-9,143,3,1,4,1,5,1,0,0,17.7,Marine Johannes,1629546,14,,3,1,False,1,2,23.5,19.0,9.1,2.6,3.0,7,2,12.7,0.3954802259887006,0.2824858757062147,0.0,0.8
2026-27,1022600148,2026-07-03,Jul,NYL,MIN,home,W,99,86,78.0,13,185,5,0,1,0,1,0,0,0,14.7,Marine Johannes,1629546,-6,,0,4,False,1,3,23.5,19.0,9.1,2.6,3.0,9,1,12.3,0.272108843537415,0.06802721088435375,0.0,1.0
2026-27,1022600157,2026-07-07,Jul,NYL,DAL,home,L,77,88,81.0,-11,165,1,0,5,0,7,2,3,3,21.4,Marine Johannes,1629546,-13,,7,2,False,1,1,23.5,19.0,9.1,2.6,3.0,10,1,12.9,0.43551401869158884,0.3271028037383178,0.42857142857142855,0.7142857142857143
2026-27,1022600001,2026-05-08,May,NYL,CON,home,W,106,75,88.5,31,181,1,1,6,2,8,3,0,0,21.5,Xu Han,1629566,25,,8,2,False,0,1,12.1,17.3,5.4,2.1,0.8,11,1,13.9,0.4186046511627907,0.37209302325581395,0.0,0.75
2026-27,1022600008,2026-05-10,May,NYL,WAS,away,W,98,93,86.5,5,191,0,1,2,0,5,2,0,0,25.5,Xu Han,1629566,-11,,4,5,True,1,0,12.1,17.3,5.4,2.1,0.8,9,2,16.0,0.19607843137254902,0.19607843137254902,0.0,0.4
2026-27,1022600014,2026-05-12,May,NYL,PDX,away,L,96,98,79.0,-2,194,0,0,0,0,1,0,0,0,5.5,Xu Han,1629566,1,,0,0,False,0,0,12.1,17.3,5.4,2.1,0.8,0,0,0.0,0.18181818181818182,0.18181818181818182,0.0,0.0
2026-27,1022600020,2026-05-14,May,NYL,PDX,away,W,100,82,86.0,18,182,2,0,0,0,2,1,2,1,7.3,Xu Han,1629566,-3,,3,2,False,0,1,12.1,17.3,5.4,2.1,0.8,7,0,7.4,0.5315068493150685,0.273972602739726,1.0,0.0
2026-27,1022600035,2026-05-21,May,NYL,GSV,home,L,70,87,76.0,-17,157,0,0,2,1,3,2,0,0,6.8,Xu Han,1629566,3,,5,0,False,0,0,12.1,17.3,5.4,2.1,0.8,5,0,5.0,0.4411764705882353,0.4411764705882353,0.0,0.6666666666666666
2026-27,1022600045,2026-05-24,May,NYL,DAL,home,L,76,91,77.0,-15,167,0,0,3,2,4,2,0,0,11.8,Xu Han,1629566,-5,,6,2,False,0,0,12.1,17.3,5.4,2.1,0.8,8,0,8.4,0.3389830508474576,0.3389830508474576,0.0,0.75
2026-27,1022600047,2026-05-25,May,NYL,PDX,home,L,74,81,78.0,-7,155,2,1,1,0,5,4,0,0,16.1,Xu Han,1629566,3,,8,1,False,2,0,12.1,17.3,5.4,2.1,0.8,11,3,21.2,0.3105590062111801,0.3105590062111801,0.0,0.2
2026-27,1022600049,2026-05-27,May,NYL,PHX,home,W,84,74,77.5,10,158,0,0,2,1,6,3,1,1,10.9,Xu Han,1629566,-5,,8,3,False,1,0,12.1,17.3,5.4,2.1,0.8,11,1,14.6,0.5908256880733945,0.5504587155963303,0.16666666666666666,0.3333333333333333
2026-27,1022600056,2026-05-29,May,NYL,PHX,home,W,75,68,76.0,7,143,1,1,2,1,7,4,0,0,16.7,Xu Han,1629566,5,,9,6,False,0,1,12.1,17.3,5.4,2.1,0.8,16,1,19.7,0.47904191616766467,0.4191616766467066,0.0,0.2857142857142857
2026-27,1022600070,2026-06-03,Jun,NYL,TOR,home,W,97,82,78.5,15,179,1,0,0,0,2,2,0,0,9.9,Xu Han,1629566,4,,4,2,False,0,0,12.1,17.3,5.4,2.1,0.8,7,0,7.9,0.20202020202020202,0.20202020202020202,0.0,0.0
2026-27,1022600080,2026-06-06,Jun,NYL,IND,home,W,83,75,85.0,8,158,1,0,1,0,4,1,0,0,7.6,Xu Han,1629566,-6,,2,4,False,0,0,12.1,17.3,5.4,2.1,0.8,7,0,8.3,0.5263157894736842,0.5263157894736842,0.0,0.25
2026-27,1022600083,2026-06-08,Jun,NYL,CON,away,W,89,80,82.0,9,169,2,2,2,1,8,4,6,5,22.4,Xu Han,1629566,13,C,14,6,True,0,1,12.1,17.3,5.4,2.1,0.8,22,2,29.2,0.5196428571428572,0.35714285714285715,0.75,0.25
2026-27,1022600092,2026-06-11,Jun,NYL,ATL,away,W,104,90,80.5,14,194,2,0,0,0,1,0,0,0,6.8,Xu Han,1629566,-3,,0,0,False,0,0,12.1,17.3,5.4,2.1,0.8,2,0,3.0,0.14705882352941177,0.14705882352941177,0.0,0.0
2026-27,1022600101,2026-06-14,Jun,NYL,WAS,home,W,86,64,78.5,22,150,0,0,3,2,3,2,0,0,13.5,Xu Han,1629566,14,,6,0,False,1,1,12.1,17.3,5.4,2.1,0.8,6,1,8.0,0.2962962962962963,0.2222222222222222,0.0,1.0
2026-27,1022600108,2026-06-17,Jun,NYL,CHI,away,W,96,95,80.5,1,191,2,3,1,0,3,1,0,0,10.8,Xu Han,1629566,3,,2,2,False,0,1,12.1,17.3,5.4,2.1,0.8,6,3,15.399999999999999,0.37037037037037035,0.27777777777777773,0.0,0.3333333333333333
2026-27,1022600115,2026-06-19,Jun,NYL,WAS,home,L,83,86,79.0,-3,169,1,2,3,2,5,3,0,0,11.6,Xu Han,1629566,1,,8,3,False,0,1,12.1,17.3,5.4,2.1,0.8,12,2,18.1,0.5172413793103449,0.4310344827586207,0.0,0.6
2026-27,1022600122,2026-06-21,Jun,NYL,LAS,away,L,97,98,83.5,-1,195,0,0,0,0,1,0,0,0,6.1,Xu Han,1629566,5,,0,2,False,1,1,12.1,17.3,5.4,2.1,0.8,2,1,4.4,0.3278688524590164,0.1639344262295082,0.0,0.0
2026-27,1022600127,2026-06-23,Jun,NYL,LVA,away,W,87,76,77.5,11,163,0,0,2,2,4,4,2,2,12.6,Xu Han,1629566,4,,12,2,False,0,1,12.1,17.3,5.4,2.1,0.8,14,0,13.4,0.4666666666666667,0.31746031746031744,0.5,0.5
2026-27,1022600134,2026-06-25,Jun,NYL,SEA,away,L,88,99,83.5,-11,187,2,1,2,0,7,4,0,0,14.3,Xu Han,1629566,-7,,8,0,False,1,0,12.1,17.3,5.4,2.1,0.8,10,2,17.0,0.4895104895104895,0.4895104895104895,0.0,0.2857142857142857
2026-27,1022600144,2026-06-28,Jun,NYL,GSV,away,L,67,76,69.0,-9,143,0,0,1,1,1,1,2,1,9.8,Xu Han,1629566,7,,4,0,False,0,0,12.1,17.3,5.4,2.1,0.8,4,0,4.0,0.19183673469387752,0.1020408163265306,2.0,1.0
2026-27,1022600148,2026-07-03,Jul,NYL,MIN,home,W,99,86,78.0,13,185,0,2,0,0,2,2,1,1,7.8,Xu Han,1629566,-6,,5,1,False,0,0,12.1,17.3,5.4,2.1,0.8,6,2,12.2,0.3128205128205128,0.25641025641025644,0.5,0.0
2026-27,1022600157,2026-07-07,Jul,NYL,DAL,home,L,77,88,81.0,-11,165,0,0,1,0,3,1,0,0,8.3,Xu Han,1629566,-9,,2,3,False,0,0,12.1,17.3,5.4,2.1,0.8,5,0,5.6,0.36144578313253006,0.36144578313253006,0.0,0.3333333333333333
2026-27,1022600003,2026-05-08,May,SEA,GSV,home,L,80,91,75.0,-11,171,3,0,4,0,7,2,3,2,22.5,Natisha Hiedeman,1629567,-1,G,6,5,True,1,1,28.8,24.5,15.6,2.7,4.4,14,1,18.5,0.4142222222222222,0.3111111111111111,0.42857142857142855,0.5714285714285714
2026-27,1022600007,2026-05-10,May,SEA,CON,away,W,89,82,86.5,7,171,3,0,1,0,10,5,2,1,25.5,Natisha Hiedeman,1629567,-2,G,11,2,True,1,4,28.8,24.5,15.6,2.7,4.4,16,1,16.9,0.583529411764706,0.39215686274509803,0.2,0.1
2026-27,1022600015,2026-05-13,May,SEA,TOR,away,L,73,86,81.0,-13,159,5,0,4,1,6,2,0,0,22.5,Natisha Hiedeman,1629567,-11,G,5,0,True,0,2,28.8,24.5,15.6,2.7,4.4,10,0,10.5,0.35555555555555557,0.26666666666666666,0.0,0.6666666666666666
2026-27,1022600027,2026-05-17,May,SEA,IND,away,L,78,89,84.0,-11,167,2,1,6,3,18,7,2,2,30.6,Natisha Hiedeman,1629567,-2,G,19,2,True,1,1,28.8,24.5,15.6,2.7,4.4,23,2,29.4,0.649673202614379,0.5882352941176471,0.1111111111111111,0.3333333333333333
2026-27,1022600034,2026-05-20,May,SEA,CON,home,L,78,80,78.0,-2,158,5,0,9,3,18,8,1,1,30.3,Natisha Hiedeman,1629567,3,G,20,1,True,1,1,28.8,24.5,15.6,2.7,4.4,26,1,30.7,0.6415841584158416,0.594059405940594,0.05555555555555555,0.5
2026-27,1022600040,2026-05-22,May,SEA,CON,home,W,77,59,75.5,18,136,6,0,4,1,10,4,2,2,27.0,Natisha Hiedeman,1629567,12,G,11,2,True,0,1,28.8,24.5,15.6,2.7,4.4,19,0,21.4,0.44,0.37037037037037035,0.2,0.4
2026-27,1022600046,2026-05-24,May,SEA,WAS,home,W,97,85,81.0,12,182,5,0,6,4,12,7,6,6,27.6,Natisha Hiedeman,1629567,4,G,24,1,True,0,2,28.8,24.5,15.6,2.7,4.4,30,0,30.700000000000003,0.6028985507246377,0.43478260869565216,0.5,0.5
2026-27,1022600053,2026-05-27,May,SEA,WAS,home,L,64,78,72.5,-14,142,1,0,5,1,9,2,3,3,27.9,Natisha Hiedeman,1629567,-14,G,8,2,True,1,3,28.8,24.5,15.6,2.7,4.4,11,1,11.9,0.47741935483870973,0.3225806451612903,0.3333333333333333,0.5555555555555556
2026-27,1022600060,2026-05-30,May,SEA,TOR,away,L,72,93,82.0,-21,165,7,0,8,3,12,7,1,1,23.1,Natisha Hiedeman,1629567,-9,G,18,2,True,0,2,28.8,24.5,15.6,2.7,4.4,27,0,28.9,0.6251082251082251,0.5194805194805194,0.08333333333333333,0.6666666666666666
2026-27,1022600064,2026-06-01,Jun,SEA,DAL,away,L,56,79,79.0,-23,135,2,0,2,0,9,3,5,5,26.1,Natisha Hiedeman,1629567,-22,G,11,2,True,0,3,28.8,24.5,15.6,2.7,4.4,15,0,13.399999999999999,0.5440613026819923,0.3448275862068965,0.5555555555555556,0.2222222222222222
2026-27,1022600071,2026-06-03,Jun,SEA,PHX,home,L,68,72,79.5,-4,140,4,1,8,3,17,6,1,0,29.6,Natisha Hiedeman,1629567,3,G,15,4,True,2,0,28.8,24.5,15.6,2.7,4.4,23,3,34.8,0.5891891891891892,0.5743243243243243,0.058823529411764705,0.47058823529411764
2026-27,1022600077,2026-06-06,Jun,SEA,MIN,away,L,68,88,80.0,-20,156,5,0,9,3,10,4,3,3,26.3,Natisha Hiedeman,1629567,-12,G,14,4,True,3,4,28.8,24.5,15.6,2.7,4.4,23,3,31.299999999999997,0.5825095057034221,0.38022813688212925,0.3,0.9
2026-27,1022600085,2026-06-08,Jun,SEA,LVA,away,L,91,101,18.5,-10,192,5,0,6,4,12,6,2,1,28.3,Natisha Hiedeman,1629567,-4,G,17,5,True,3,1,28.8,24.5,15.6,2.7,4.4,27,3,38.5,0.4904593639575972,0.42402826855123676,0.16666666666666666,0.5
2026-27,1022600090,2026-06-10,Jun,SEA,LAS,home,L,83,88,80.5,-5,171,5,0,7,2,12,6,2,2,28.8,Natisha Hiedeman,1629567,10,G,16,1,True,1,3,28.8,24.5,15.6,2.7,4.4,22,1,24.7,0.5513888888888889,0.41666666666666663,0.16666666666666666,0.5833333333333334
2026-27,1022600096,2026-06-12,Jun,SEA,GSV,home,L,72,76,75.0,-4,148,5,1,10,5,17,8,7,5,32.5,Natisha Hiedeman,1629567,1,G,26,4,True,2,3,28.8,24.5,15.6,2.7,4.4,35,3,44.3,0.7101538461538461,0.5230769230769231,0.4117647058823529,0.5882352941176471
2026-27,1022600112,2026-06-17,Jun,SEA,PDX,away,L,89,94,74.5,-5,183,6,0,8,5,14,6,2,2,32.7,Natisha Hiedeman,1629567,-3,G,19,4,True,1,5,28.8,24.5,15.6,2.7,4.4,29,1,30.799999999999997,0.6079510703363915,0.4281345565749235,0.14285714285714285,0.5714285714285714
2026-27,1022600118,2026-06-20,Jun,SEA,PHX,away,L,73,93,78.5,-20,166,4,0,4,3,9,6,5,5,28.0,Natisha Hiedeman,1629567,-16,G,20,0,True,0,2,28.8,24.5,15.6,2.7,4.4,24,0,24.0,0.4714285714285714,0.32142857142857145,0.5555555555555556,0.4444444444444444
2026-27,1022600126,2026-06-22,Jun,SEA,DAL,home,L,110,112,91.5,-2,222,11,0,8,2,19,9,1,1,36.7,Natisha Hiedeman,1629567,2,G,21,4,True,1,3,28.8,24.5,15.6,2.7,4.4,36,1,42.3,0.6114441416893733,0.5177111716621253,0.05263157894736842,0.42105263157894735
2026-27,1022600134,2026-06-25,Jun,SEA,NYL,home,W,99,88,83.5,11,187,3,0,6,1,12,5,0,0,33.4,Natisha Hiedeman,1629567,12,G,11,0,True,2,2,28.8,24.5,15.6,2.7,4.4,14,2,19.5,0.4191616766467066,0.3592814371257485,0.0,0.5
2026-27,1022600140,2026-06-27,Jun,SEA,ATL,home,W,105,90,83.0,15,195,6,0,5,2,10,6,6,6,31.5,Natisha Hiedeman,1629567,16,G,20,2,True,0,1,28.8,24.5,15.6,2.7,4.4,28,0,30.4,0.433015873015873,0.31746031746031744,0.6,0.5
2026-27,1022600147,2026-07-02,Jul,SEA,PHX,away,L,67,90,76.0,-23,157,2,1,4,1,11,6,0,0,27.4,Natisha Hiedeman,1629567,-29,G,13,4,True,1,4,28.8,24.5,15.6,2.7,4.4,19,2,22.8,0.5474452554744526,0.40145985401459855,0.0,0.36363636363636365
2026-27,1022600151,2026-07-04,Jul,SEA,PDX,home,L,72,77,84.0,-5,149,4,0,6,2,13,6,1,1,34.3,Natisha Hiedeman,1629567,2,G,15,2,True,4,4,28.8,24.5,15.6,2.7,4.4,21,4,31.4,0.5084548104956268,0.37900874635568516,0.07692307692307693,0.46153846153846156
2026-27,1022600156,2026-07-06,Jul,SEA,LAS,away,W,82,64,85.0,18,146,4,0,2,1,9,5,4,4,25.3,Natisha Hiedeman,1629567,16,G,15,6,True,3,2,28.8,24.5,15.6,2.7,4.4,25,3,35.2,0.5043478260869565,0.3557312252964427,0.4444444444444444,0.2222222222222222
2026-27,1022600162,2026-07-09,Jul,SEA,ATL,away,L,78,89,89.5,-11,167,3,0,9,3,17,7,3,3,34.4,Natisha Hiedeman,1629567,-9,G,20,5,True,0,4,28.8,24.5,15.6,2.7,4.4,28,0,26.5,0.6488372093023256,0.49418604651162795,0.17647058823529413,0.5294117647058824
2026-27,1022600001,2026-05-08,May,CON,NYL,away,L,75,106,88.5,-31,181,3,1,1,0,8,2,0,0,24.5,Kennedy Burke,1629568,-22,F,4,3,True,0,0,24.0,17.1,7.9,3.2,1.6,10,1,15.1,0.32653061224489793,0.32653061224489793,0.0,0.125
2026-27,1022600007,2026-05-10,May,CON,SEA,home,L,82,89,86.5,-7,171,5,2,6,2,11,3,6,4,33.6,Kennedy Burke,1629568,5,F,12,6,True,0,5,24.0,17.1,7.9,3.2,1.6,23,2,27.700000000000003,0.5547619047619048,0.3273809523809524,0.5454545454545454,0.5454545454545454
2026-27,1022600016,2026-05-13,May,CON,LVA,home,L,69,98,83.0,-29,167,5,1,3,0,8,2,0,0,30.9,Kennedy Burke,1629568,-21,F,4,1,True,0,4,24.0,17.1,7.9,3.2,1.6,10,1,11.7,0.3883495145631068,0.25889967637540456,0.0,0.375
2026-27,1022600021,2026-05-15,May,CON,LVA,home,L,94,101,84.5,-7,195,3,1,5,1,12,5,0,0,24.0,Kennedy Burke,1629568,-19,F,11,3,True,4,3,24.0,17.1,7.9,3.2,1.6,17,5,31.1,0.625,0.5,0.0,0.4166666666666667
2026-27,1022600030,2026-05-18,May,CON,PDX,away,L,82,83,74.5,-1,165,3,1,3,0,5,0,0,0,21.0,Kennedy Burke,1629568,-1,F,0,6,False,2,1,24.0,17.1,7.9,3.2,1.6,9,3,19.7,0.2857142857142857,0.23809523809523808,0.0,0.6
2026-27,1022600034,2026-05-20,May,CON,SEA,away,W,80,78,78.0,2,158,1,1,5,3,8,5,3,2,22.9,Kennedy Burke,1629568,3,,15,6,True,0,0,24.0,17.1,7.9,3.2,1.6,22,1,26.7,0.4069868995633188,0.3493449781659389,0.375,0.625
2026-27,1022600040,2026-05-22,May,CON,SEA,away,L,59,77,75.5,-18,136,1,1,5,1,9,3,1,0,24.6,Kennedy Burke,1629568,-1,F,7,3,True,1,2,24.0,17.1,7.9,3.2,1.6,11,2,16.1,0.465040650406504,0.36585365853658536,0.1111111111111111,0.5555555555555556
2026-27,1022600048,2026-05-25,May,CON,GSV,away,L,70,97,80.0,-27,167,0,0,1,0,3,1,2,1,19.8,Kennedy Burke,1629568,-14,F,3,2,True,2,2,24.0,17.1,7.9,3.2,1.6,5,2,9.4,0.29696969696969694,0.15151515151515152,0.6666666666666666,0.3333333333333333
2026-27,1022600052,2026-05-27,May,CON,PDX,away,L,61,71,75.5,-10,132,1,0,1,0,5,2,2,2,18.1,Kennedy Burke,1629568,0,,6,2,False,1,4,24.0,17.1,7.9,3.2,1.6,9,1,8.9,0.5458563535911601,0.2762430939226519,0.4,0.2
2026-27,1022600061,2026-05-30,May,CON,LAS,home,W,84,81,83.0,3,165,0,3,5,2,8,4,8,4,23.8,Kennedy Burke,1629568,3,,14,6,True,2,0,24.0,17.1,7.9,3.2,1.6,20,5,36.2,0.4840336134453781,0.3361344537815126,1.0,0.625
2026-27,1022600066,2026-06-02,Jun,CON,ATL,away,L,75,91,77.5,-16,166,0,0,1,0,3,1,0,0,17.6,Kennedy Burke,1629568,-7,,2,3,False,1,4,24.0,17.1,7.9,3.2,1.6,5,1,4.6,0.3977272727272727,0.17045454545454544,0.0,0.3333333333333333
2026-27,1022600074,2026-06-05,Jun,CON,CHI,away,L,80,85,77.0,-5,165,0,0,0,0,0,0,0,0,0.0,Kennedy Burke,1629568,0,,0,0,False,0,0,24.0,17.1,7.9,3.2,1.6,0,0,0.0,,,,
2026-27,1022600083,2026-06-08,Jun,CON,NYL,home,L,80,89,82.0,-9,169,0,0,1,0,3,0,1,1,14.6,Kennedy Burke,1629568,0,,1,1,False,1,1,24.0,17.1,7.9,3.2,1.6,2,1,4.2,0.30410958904109586,0.20547945205479454,0.3333333333333333,0.3333333333333333
2026-27,1022600089,2026-06-10,Jun,CON,TOR,away,L,102,106,89.5,-4,208,2,0,6,1,12,3,4,4,29.3,Kennedy Burke,1629568,-5,,11,6,False,1,2,24.0,17.1,7.9,3.2,1.6,19,1,22.2,0.5378839590443686,0.40955631399317405,0.3333333333333333,0.5
2026-27,1022600097,2026-06-13,Jun,CON,IND,home,L,75,85,76.5,-10,160,0,0,1,0,4,3,4,4,23.8,Kennedy Burke,1629568,7,,10,4,True,0,1,24.0,17.1,7.9,3.2,1.6,14,0,13.8,0.28403361344537814,0.1680672268907563,1.0,0.25
2026-27,1022600107,2026-06-17,Jun,CON,WAS,home,L,81,88,76.0,-7,169,0,0,4,2,5,3,4,2,22.5,Kennedy Burke,1629568,-2,,10,0,True,0,0,24.0,17.1,7.9,3.2,1.6,10,0,10.0,0.30044444444444446,0.2222222222222222,0.8,0.8
2026-27,1022600114,2026-06-19,Jun,CON,TOR,home,L,97,101,84.0,-4,198,1,1,5,2,9,5,6,6,26.6,Kennedy Burke,1629568,11,,18,3,True,2,0,24.0,17.1,7.9,3.2,1.6,22,3,32.1,0.43759398496240604,0.3383458646616541,0.6666666666666666,0.5555555555555556
2026-27,1022600123,2026-06-22,Jun,CON,CHI,home,W,92,63,84.5,29,155,3,0,3,1,7,3,2,1,23.8,Kennedy Burke,1629568,28,,8,4,True,2,1,24.0,17.1,7.9,3.2,1.6,15,2,22.3,0.37310924369747894,0.29411764705882354,0.2857142857142857,0.42857142857142855
2026-27,1022600135,2026-06-26,Jun,CON,WAS,home,W,68,57,77.0,11,125,2,2,5,3,9,3,3,2,28.4,Kennedy Burke,1629568,4,,11,3,True,1,1,24.0,17.1,7.9,3.2,1.6,16,3,25.6,0.39859154929577467,0.31690140845070425,0.3333333333333333,0.5555555555555556
2026-27,1022600146,2026-07-02,Jul,CON,DAL,home,L,83,86,80.0,-3,169,1,1,2,0,6,3,3,2,25.9,Kennedy Burke,1629568,-4,,8,2,True,0,0,24.0,17.1,7.9,3.2,1.6,11,1,14.9,0.28262548262548265,0.23166023166023167,0.5,0.3333333333333333
2026-27,1022600155,2026-07-06,Jul,CON,MIN,away,W,90,89,80.5,1,179,2,0,4,3,8,6,1,1,22.8,Kennedy Burke,1629568,-4,,16,0,True,2,3,24.0,17.1,7.9,3.2,1.6,18,2,22.0,0.5017543859649123,0.3508771929824561,0.125,0.5
2026-27,1022600160,2026-07-08,Jul,CON,MIN,home,L,80,86,78.5,-6,166,3,3,4,1,8,1,0,0,27.3,Kennedy Burke,1629568,-4,,3,4,True,1,1,24.0,17.1,7.9,3.2,1.6,10,4,23.3,0.32967032967032966,0.29304029304029305,0.0,0.5
2026-27,1022600165,2026-07-10,Jul,CON,GSV,home,L,64,79,73.5,-15,143,0,0,1,0,3,0,2,0,20.3,Kennedy Burke,1629568,-26,,0,2,False,1,1,24.0,17.1,7.9,3.2,1.6,2,1,4.4,0.2403940886699507,0.14778325123152708,0.6666666666666666,0.3333333333333333
2026-27,1022600004,2026-05-09,May,DAL,IND,away,W,107,104,89.0,3,211,0,0,0,0,1,0,4,3,4.0,Li Yueru,1629574,0,,3,1,False,0,0,7.8,17.4,2.9,2.6,0.5,4,0,4.2,0.69,0.25,4.0,0.0
2026-27,1022600012,2026-05-12,May,DAL,ATL,home,L,72,77,78.0,-5,149,0,0,0,0,0,0,0,0,0.0,Li Yueru,1629574,0,,0,0,False,0,0,7.8,17.4,2.9,2.6,0.5,0,0,0.0,,,,
2026-27,1022600019,2026-05-14,May,DAL,MIN,home,L,86,90,78.0,-4,176,0,0,0,0,0,0,0,0,0.0,Li Yueru,1629574,0,,0,0,False,0,0,7.8,17.4,2.9,2.6,0.5,0,0,0.0,,,,
2026-27,1022600029,2026-05-18,May,DAL,WAS,home,W,92,69,73.5,23,161,0,0,1,0,3,0,2,1,5.0,Li Yueru,1629574,-1,,1,3,False,0,0,7.8,17.4,2.9,2.6,0.5,4,0,4.6,0.776,0.6,0.6666666666666666,0.3333333333333333
2026-27,1022600033,2026-05-20,May,DAL,CHI,away,W,99,89,79.5,10,188,3,0,3,1,4,1,6,4,19.9,Li Yueru,1629574,18,,7,9,True,1,1,7.8,17.4,2.9,2.6,0.5,19,1,24.299999999999997,0.3839195979899498,0.20100502512562815,1.5,0.75
2026-27,1022600038,2026-05-22,May,DAL,ATL,away,L,69,86,78.0,-17,155,0,0,0,0,0,0,0,0,4.8,Li Yueru,1629574,1,,0,0,False,0,0,7.8,17.4,2.9,2.6,0.5,0,0,0.0,0.0,0.0,,
2026-27,1022600045,2026-05-24,May,DAL,NYL,away,W,91,76,77.0,15,167,0,0,1,0,1,0,0,0,3.2,Li Yueru,1629574,-4,,0,1,False,0,0,7.8,17.4,2.9,2.6,0.5,1,0,1.2,0.3125,0.3125,0.0,1.0
2026-27,1022600054,2026-05-28,May,DAL,LVA,home,W,95,87,78.5,8,182,0,0,0,0,0,0,0,0,0.0,Li Yueru,1629574,0,,0,0,False,0,0,7.8,17.4,2.9,2.6,0.5,0,0,0.0,,,,
2026-27,1022600064,2026-06-01,Jun,DAL,SEA,home,W,79,56,79.0,23,135,0,0,1,0,2,1,0,0,9.2,Li Yueru,1629574,-1,,2,2,False,0,0,7.8,17.4,2.9,2.6,0.5,4,0,4.4,0.2173913043478261,0.2173913043478261,0.0,0.5
2026-27,1022600087,2026-06-09,Jun,DAL,MIN,away,L,76,100,84.0,-24,176,0,0,1,0,1,0,2,2,6.3,Li Yueru,1629574,-2,,2,2,False,0,1,7.8,17.4,2.9,2.6,0.5,4,0,3.4000000000000004,0.45714285714285713,0.15873015873015872,2.0,1.0
2026-27,1022600093,2026-06-11,Jun,DAL,PHX,home,W,85,70,82.5,15,155,0,0,0,0,2,1,1,1,2.3,Li Yueru,1629574,0,,3,1,False,0,1,7.8,17.4,2.9,2.6,0.5,4,0,3.2,1.4956521739130435,0.8695652173913044,0.5,0.0
2026-27,1022600099,2026-06-13,Jun,DAL,PDX,away,L,83,84,78.5,-1,167,0,0,0,0,0,0,0,0,0.0,Li Yueru,1629574,0,,0,0,False,0,0,7.8,17.4,2.9,2.6,0.5,0,0,0.0,,,,
2026-27,1022600103,2026-06-15,Jun,DAL,LVA,home,W,96,66,80.0,30,162,1,0,2,0,3,0,0,0,4.0,Li Yueru,1629574,6,,0,4,False,0,0,7.8,17.4,2.9,2.6,0.5,5,0,6.3,0.75,0.75,0.0,0.6666666666666666
2026-27,1022600109,2026-06-17,Jun,DAL,GSV,away,L,80,91,77.5,-11,171,0,0,0,0,0,0,0,0,0.0,Li Yueru,1629574,0,,0,0,False,0,0,7.8,17.4,2.9,2.6,0.5,0,0,0.0,,,,
2026-27,1022600119,2026-06-20,Jun,DAL,CHI,home,W,93,92,83.0,1,185,1,0,1,0,2,1,4,3,14.9,Li Yueru,1629574,-5,,5,6,True,0,1,7.8,17.4,2.9,2.6,0.5,12,0,12.7,0.3194630872483221,0.1342281879194631,2.0,0.5
2026-27,1022600126,2026-06-22,Jun,DAL,SEA,away,W,112,110,91.5,2,222,2,0,4,2,6,4,0,0,18.5,Li Yueru,1629574,10,,10,3,False,0,0,7.8,17.4,2.9,2.6,0.5,15,0,16.6,0.32432432432432434,0.32432432432432434,0.0,0.6666666666666666
2026-27,1022600133,2026-06-25,Jun,DAL,LVA,away,L,84,99,84.0,-15,183,1,0,2,0,4,2,1,1,7.3,Li Yueru,1629574,-7,,5,1,False,0,0,7.8,17.4,2.9,2.6,0.5,7,0,7.7,0.6082191780821918,0.547945205479452,0.25,0.5
2026-27,1022600141,2026-06-28,Jun,DAL,MIN,home,L,77,85,81.5,-8,162,0,0,1,0,2,0,0,0,5.4,Li Yueru,1629574,5,,0,4,False,0,1,7.8,17.4,2.9,2.6,0.5,4,0,3.8,0.5555555555555555,0.37037037037037035,0.0,0.5
2026-27,1022600146,2026-07-02,Jul,DAL,CON,away,W,86,83,80.0,3,169,0,0,1,1,1,1,2,2,9.5,Li Yueru,1629574,9,,5,2,False,0,0,7.8,17.4,2.9,2.6,0.5,7,0,7.4,0.19789473684210526,0.10526315789473684,2.0,1.0
2026-27,1022600152,2026-07-05,Jul,DAL,TOR,away,W,89,76,76.0,13,165,0,0,0,0,0,0,0,0,4.4,Li Yueru,1629574,-10,,0,0,False,0,2,7.8,17.4,2.9,2.6,0.5,0,0,-2.0,0.45454545454545453,0.0,,
2026-27,1022600157,2026-07-07,Jul,DAL,NYL,away,W,88,77,81.0,11,165,0,0,0,0,0,0,0,0,0.0,Li Yueru,1629574,0,,0,0,False,0,0,7.8,17.4,2.9,2.6,0.5,0,0,0.0,,,,
2026-27,1022600166,2026-07-10,Jul,DAL,TOR,away,W,108,95,78.5,13,203,0,0,0,0,0,0,0,0,0.0,Li Yueru,1629574,0,,0,0,False,0,0,7.8,17.4,2.9,2.6,0.5,0,0,0.0,,,,
2026-27,1022600002,2026-05-08,May,TOR,WAS,home,L,65,68,81.5,-3,133,0,0,1,0,4,0,2,2,15.4,Maria Conde,1629576,6,,2,3,False,0,1,25.8,17.1,8.4,4.6,2.3,5,0,4.6,0.3818181818181818,0.2597402597402597,0.5,0.25
2026-27,1022600015,2026-05-13,May,TOR,SEA,home,W,86,73,81.0,13,159,0,0,8,4,13,6,0,0,29.1,Maria Conde,1629576,11,,16,8,True,1,1,25.8,17.1,8.4,4.6,2.3,24,1,27.6,0.4810996563573883,0.4467353951890034,0.0,0.6153846153846154
2026-27,1022600023,2026-05-15,May,TOR,LAS,away,L,95,99,80.0,-4,194,0,0,5,2,6,2,0,0,20.3,Maria Conde,1629576,0,,6,4,False,1,2,25.8,17.1,8.4,4.6,2.3,10,1,11.8,0.3940886699507389,0.29556650246305416,0.0,0.8333333333333334
2026-27,1022600028,2026-05-17,May,TOR,LAS,away,W,106,96,80.0,10,202,3,0,4,1,6,2,0,0,23.1,Maria Conde,1629576,5,,5,0,True,0,1,25.8,17.1,8.4,4.6,2.3,8,0,8.5,0.30303030303030304,0.2597402597402597,0.0,0.6666666666666666
2026-27,1022600031,2026-05-19,May,TOR,PHX,away,W,98,90,82.5,8,188,2,1,4,0,9,1,0,0,33.3,Maria Conde,1629576,1,F,2,4,True,0,1,25.8,17.1,8.4,4.6,2.3,8,1,11.8,0.3003003003003003,0.2702702702702703,0.0,0.4444444444444444
2026-27,1022600036,2026-05-21,May,TOR,MIN,away,L,72,100,77.5,-28,172,1,0,4,1,6,1,0,0,20.5,Maria Conde,1629576,-20,F,3,1,True,0,1,25.8,17.1,8.4,4.6,2.3,5,0,4.7,0.34146341463414637,0.2926829268292683,0.0,0.6666666666666666
2026-27,1022600042,2026-05-23,May,TOR,PDX,home,L,80,99,80.0,-19,179,1,0,5,1,9,3,2,1,23.1,Maria Conde,1629576,-21,,8,5,True,0,1,25.8,17.1,8.4,4.6,2.3,14,0,14.5,0.470995670995671,0.3896103896103896,0.2222222222222222,0.5555555555555556
2026-27,1022600050,2026-05-27,May,TOR,CHI,away,W,111,104,84.0,7,215,0,0,6,3,9,4,1,1,21.5,Maria Conde,1629576,-7,,12,4,False,0,1,25.8,17.1,8.4,4.6,2.3,16,0,15.8,0.4855813953488372,0.4186046511627907,0.1111111111111111,0.6666666666666666
2026-27,1022600060,2026-05-30,May,TOR,SEA,home,W,93,72,82.0,21,165,2,0,4,3,6,3,4,4,23.4,Maria Conde,1629576,19,,13,6,False,0,1,25.8,17.1,8.4,4.6,2.3,21,0,22.2,0.37435897435897436,0.25641025641025644,0.6666666666666666,0.6666666666666666
2026-27,1022600070,2026-06-03,Jun,TOR,NYL,away,L,82,97,78.5,-15,179,1,0,2,1,5,2,2,2,20.9,Maria Conde,1629576,-1,,7,6,False,0,0,25.8,17.1,8.4,4.6,2.3,14,0,15.7,0.2813397129186603,0.23923444976076558,0.4,0.4
2026-27,1022600081,2026-06-07,Jun,TOR,CHI,home,W,85,68,84.5,17,153,2,0,5,1,8,2,0,0,24.3,Maria Conde,1629576,4,,5,6,True,0,1,25.8,17.1,8.4,4.6,2.3,13,0,14.2,0.37037037037037035,0.3292181069958848,0.0,0.625
2026-27,1022600089,2026-06-10,Jun,TOR,CON,home,W,106,102,89.5,4,208,2,1,0,0,2,0,0,0,14.6,Maria Conde,1629576,-10,,0,2,False,1,2,25.8,17.1,8.4,4.6,2.3,4,2,9.4,0.273972602739726,0.136986301369863,0.0,0.0
2026-27,1022600095,2026-06-12,Jun,TOR,WAS,away,L,85,86,84.5,-1,171,4,0,2,0,7,3,2,1,21.8,Maria Conde,1629576,7,,7,6,False,1,3,25.8,17.1,8.4,4.6,2.3,17,1,20.2,0.49908256880733937,0.3211009174311926,0.2857142857142857,0.2857142857142857
2026-27,1022600102,2026-06-14,Jun,TOR,ATL,home,L,77,102,81.0,-25,179,4,0,2,1,9,4,5,3,24.7,Maria Conde,1629576,-12,,12,3,True,0,2,25.8,17.1,8.4,4.6,2.3,19,0,19.6,0.534412955465587,0.3643724696356275,0.5555555555555556,0.2222222222222222
2026-27,1022600106,2026-06-16,Jun,TOR,IND,away,L,91,113,88.5,-22,204,5,0,4,3,8,4,1,1,31.3,Maria Conde,1629576,-22,,12,4,True,0,1,25.8,17.1,8.4,4.6,2.3,21,0,23.3,0.3015974440894568,0.25559105431309903,0.125,0.5
2026-27,1022600114,2026-06-19,Jun,TOR,CON,away,W,101,97,84.0,4,198,3,1,8,5,12,5,4,4,27.5,Maria Conde,1629576,0,,19,6,False,0,0,25.8,17.1,8.4,4.6,2.3,28,1,33.7,0.5003636363636363,0.43636363636363634,0.3333333333333333,0.6666666666666666
2026-27,1022600124,2026-06-22,Jun,TOR,ATL,away,L,87,94,84.5,-7,181,2,0,3,2,6,3,0,0,29.0,Maria Conde,1629576,-20,F,8,4,True,0,3,25.8,17.1,8.4,4.6,2.3,14,0,12.8,0.3103448275862069,0.20689655172413793,0.0,0.5
2026-27,1022600132,2026-06-25,Jun,TOR,LAS,home,W,125,97,86.5,28,222,0,0,5,3,8,4,2,2,28.9,Maria Conde,1629576,27,F,13,7,True,1,2,25.8,17.1,8.4,4.6,2.3,20,1,22.4,0.37647058823529417,0.2768166089965398,0.25,0.625
2026-27,1022600138,2026-06-27,Jun,TOR,PHX,home,L,80,89,78.5,-9,169,6,0,8,1,14,4,1,1,37.2,Maria Conde,1629576,-6,F,10,6,True,3,2,25.8,17.1,8.4,4.6,2.3,22,3,33.2,0.44193548387096765,0.3763440860215054,0.07142857142857142,0.5714285714285714
2026-27,1022600152,2026-07-05,Jul,TOR,DAL,home,L,76,89,76.0,-13,165,3,0,3,1,10,1,0,0,28.5,Maria Conde,1629576,-12,F,3,10,True,0,3,25.8,17.1,8.4,4.6,2.3,16,0,16.5,0.45614035087719296,0.3508771929824561,0.0,0.3
2026-27,1022600159,2026-07-08,Jul,TOR,GSV,home,L,75,83,76.0,-8,158,1,0,4,1,8,3,2,2,35.4,Maria Conde,1629576,-5,F,9,3,True,0,3,25.8,17.1,8.4,4.6,2.3,13,0,11.1,0.3355932203389831,0.22598870056497175,0.25,0.5
2026-27,1022600166,2026-07-10,Jul,TOR,DAL,home,L,95,108,78.5,-13,203,9,0,4,2,9,5,0,0,34.8,Maria Conde,1629576,-18,F,12,3,True,0,3,25.8,17.1,8.4,4.6,2.3,24,0,26.1,0.3448275862068966,0.25862068965517243,0.0,0.4444444444444444
2026-27,1022600010,2026-05-09,May,MIN,ATL,home,L,90,91,86.5,-1,181,0,0,0,0,2,1,0,0,4.1,Emese Hof,1629581,-4,,2,0,False,0,0,7.0,22.8,2.3,1.7000000000000002,0.7000000000000001,2,0,2.0,0.48780487804878053,0.48780487804878053,0.0,0.0
2026-27,1022600025,2026-05-17,May,MIN,CHI,home,L,79,86,84.5,-7,165,2,0,0,0,3,1,2,1,10.7,Emese Hof,1629581,-10,,3,3,False,0,2,7.0,22.8,2.3,1.7000000000000002,0.7000000000000001,8,0,7.6,0.5495327102803739,0.28037383177570097,0.6666666666666666,0.0
2026-27,1022600041,2026-05-23,May,MIN,CHI,away,W,85,75,86.5,10,160,0,0,0,0,1,1,0,0,5.8,Emese Hof,1629581,-4,,2,2,False,0,2,7.0,22.8,2.3,1.7000000000000002,0.7000000000000001,4,0,2.4000000000000004,0.5172413793103449,0.1724137931034483,0.0,0.0
2026-27,1022600024,2026-05-15,May,CHI,PHX,away,L,83,91,83.0,-8,174,0,0,0,0,0,0,0,0,0.0,DiJonai Carrington,1630096,0,,0,0,False,0,0,,,,,,0,0,0.0,,,,
2026-27,1022600025,2026-05-17,May,CHI,MIN,away,W,86,79,84.5,7,165,0,0,0,0,0,0,0,0,0.0,DiJonai Carrington,1630096,0,,0,0,False,0,0,,,,,,0,0,0.0,,,,
2026-27,1022600033,2026-05-20,May,CHI,DAL,home,L,89,99,79.5,-10,188,0,0,0,0,0,0,0,0,0.0,DiJonai Carrington,1630096,0,,0,0,False,0,0,,,,,,0,0,0.0,,,,
2026-27,1022600041,2026-05-23,May,CHI,MIN,home,L,75,85,86.5,-10,160,0,0,0,0,0,0,0,0,0.0,DiJonai Carrington,1630096,0,,0,0,False,0,0,,,,,,0,0,0.0,,,,
2026-27,1022600050,2026-05-27,May,CHI,TOR,home,L,104,111,84.0,-7,215,0,0,0,0,0,0,0,0,0.0,DiJonai Carrington,1630096,0,,0,0,False,0,0,,,,,,0,0,0.0,,,,
2026-27,1022600058,2026-05-29,May,CHI,MIN,home,L,58,79,86.0,-21,137,0,0,0,0,0,0,0,0,0.0,DiJonai Carrington,1630096,0,,0,0,False,0,0,,,,,,0,0,0.0,,,,
2026-27,1022600067,2026-06-02,Jun,CHI,WAS,away,L,72,90,82.5,-18,162,0,0,0,0,0,0,0,0,0.0,DiJonai Carrington,1630096,0,,0,0,False,0,0,,,,,,0,0,0.0,,,,
2026-27,1022600074,2026-06-05,Jun,CHI,CON,home,W,85,80,77.0,5,165,0,0,0,0,0,0,0,0,0.0,DiJonai Carrington,1630096,0,,0,0,False,0,0,,,,,,0,0,0.0,,,,
2026-27,1022600081,2026-06-07,Jun,CHI,TOR,away,L,68,85,84.5,-17,153,0,0,0,0,0,0,0,0,0.0,DiJonai Carrington,1630096,0,,0,0,False,0,0,,,,,,0,0,0.0,,,,
2026-27,1022600086,2026-06-09,Jun,CHI,ATL,home,L,75,82,77.0,-7,157,0,0,0,0,0,0,0,0,0.0,DiJonai Carrington,1630096,0,,0,0,False,0,0,,,,,,0,0,0.0,,,,
2026-27,1022600091,2026-06-11,Jun,CHI,IND,away,L,106,114,96.5,-8,220,0,0,0,0,0,0,0,0,0.0,DiJonai Carrington,1630096,0,,0,0,False,0,0,,,,,,0,0,0.0,,,,
2026-27,1022600123,2026-06-22,Jun,CHI,CON,away,L,63,92,84.5,-29,155,0,0,0,0,0,0,0,0,0.0,DiJonai Carrington,1630096,0,,0,0,False,0,0,,,,,,0,0,0.0,,,,
2026-27,1022600130,2026-06-24,Jun,CHI,PDX,home,W,101,78,79.5,23,179,0,0,0,0,0,0,0,0,0.0,DiJonai Carrington,1630096,0,,0,0,False,0,0,,,,,,0,0,0.0,,,,
2026-27,1022600136,2026-06-26,Jun,CHI,PDX,home,W,124,94,83.0,30,218,0,0,0,0,0,0,0,0,0.0,DiJonai Carrington,1630096,0,,0,0,False,0,0,,,,,,0,0,0.0,,,,
2026-27,1022600143,2026-06-28,Jun,CHI,LVA,home,L,99,107,86.0,-8,206,0,0,0,0,0,0,0,0,0.0,DiJonai Carrington,1630096,0,,0,0,False,0,0,,,,,,0,0,0.0,,,,
2026-27,1022600158,2026-07-07,Jul,CHI,PHX,away,W,77,66,80.0,11,143,0,0,0,0,0,0,0,0,0.0,DiJonai Carrington,1630096,0,,0,0,False,0,0,,,,,,0,0,0.0,,,,
2026-27,1022600003,2026-05-08,May,GSV,SEA,away,W,91,80,75.0,11,171,2,1,1,1,2,1,0,0,17.1,Kaila Charles,1630097,18,,3,6,False,0,2,20.1,16.8,6.1,4.8,1.3,11,1,14.2,0.23391812865497075,0.11695906432748537,0.0,0.5
2026-27,1022600011,2026-05-10,May,GSV,PHX,home,W,95,79,76.5,16,174,1,0,5,1,8,2,2,2,32.6,Kaila Charles,1630097,-3,G,7,4,True,1,1,20.1,16.8,6.1,4.8,1.3,12,1,15.3,0.3030674846625767,0.24539877300613497,0.25,0.625
2026-27,1022600017,2026-05-13,May,GSV,CHI,home,L,63,69,75.5,-6,132,2,0,4,1,9,4,0,0,27.8,Kaila Charles,1630097,-4,G,9,9,True,0,1,20.1,16.8,6.1,4.8,1.3,20,0,21.799999999999997,0.3597122302158273,0.3237410071942446,0.0,0.4444444444444444
2026-27,1022600035,2026-05-21,May,GSV,NYL,away,W,87,70,76.0,17,157,1,0,5,1,10,5,3,2,24.4,Kaila Charles,1630097,22,G,13,7,True,0,1,20.1,16.8,6.1,4.8,1.3,21,0,21.9,0.5049180327868853,0.4098360655737705,0.3,0.5
2026-27,1022600039,2026-05-22,May,GSV,IND,away,L,82,90,83.0,-8,172,1,0,3,0,6,0,4,4,22.7,Kaila Charles,1630097,-9,F,4,7,True,0,2,20.1,16.8,6.1,4.8,1.3,12,0,11.9,0.4299559471365639,0.2643171806167401,0.6666666666666666,0.5
2026-27,1022600048,2026-05-25,May,GSV,CON,home,W,97,70,80.0,27,167,0,0,2,2,8,5,1,0,21.4,Kaila Charles,1630097,27,G,12,7,True,2,2,20.1,16.8,6.1,4.8,1.3,19,2,24.4,0.48785046728971965,0.3738317757009346,0.125,0.25
2026-27,1022600055,2026-05-28,May,GSV,IND,home,W,90,88,82.5,2,178,1,0,2,1,5,3,0,0,15.1,Kaila Charles,1630097,-8,G,7,4,False,0,1,20.1,16.8,6.1,4.8,1.3,12,0,12.3,0.3973509933774835,0.33112582781456956,0.0,0.4
2026-27,1022600063,2026-05-31,May,GSV,LVA,home,L,81,91,80.0,-10,172,1,0,2,0,4,0,0,0,11.5,Kaila Charles,1630097,-8,,0,0,False,0,2,20.1,16.8,6.1,4.8,1.3,1,0,-0.5,0.5217391304347826,0.34782608695652173,0.0,0.5
2026-27,1022600068,2026-06-02,Jun,GSV,PDX,home,W,95,77,73.5,18,172,1,0,3,1,6,3,0,0,12.8,Kaila Charles,1630097,-3,,7,3,False,0,1,20.1,16.8,6.1,4.8,1.3,11,0,11.1,0.546875,0.46875,0.0,0.5
2026-27,1022600073,2026-06-04,Jun,GSV,MIN,away,L,84,87,75.5,-3,171,0,1,1,0,2,0,0,0,15.4,Kaila Charles,1630097,4,,0,2,False,2,0,20.1,16.8,6.1,4.8,1.3,2,3,11.4,0.12987012987012986,0.12987012987012986,0.0,0.5
2026-27,1022600078,2026-06-06,Jun,GSV,LVA,away,L,79,84,76.5,-5,163,3,0,1,1,5,2,0,0,20.1,Kaila Charles,1630097,4,,5,6,True,0,1,20.1,16.8,6.1,4.8,1.3,14,0,15.7,0.29850746268656714,0.24875621890547261,0.0,0.2
2026-27,1022600088,2026-06-09,Jun,GSV,PHX,home,W,87,81,74.5,6,168,0,1,2,0,6,2,0,0,20.1,Kaila Charles,1630097,7,,4,6,True,2,0,20.1,16.8,6.1,4.8,1.3,10,3,20.2,0.29850746268656714,0.29850746268656714,0.0,0.3333333333333333
2026-27,1022600096,2026-06-12,Jun,GSV,SEA,away,W,76,72,75.0,4,148,0,1,3,0,3,0,2,1,11.2,Kaila Charles,1630097,5,,1,3,False,0,0,20.1,16.8,6.1,4.8,1.3,4,1,7.6,0.3464285714285714,0.26785714285714285,0.6666666666666666,1.0
2026-27,1022600105,2026-06-15,Jun,GSV,LAS,home,W,78,58,73.5,20,136,5,0,3,2,7,5,2,1,21.8,Kaila Charles,1630097,15,,13,8,False,0,0,20.1,16.8,6.1,4.8,1.3,26,0,30.1,0.36146788990825685,0.3211009174311926,0.2857142857142857,0.42857142857142855
2026-27,1022600109,2026-06-17,Jun,GSV,DAL,home,W,91,80,77.5,11,171,2,0,2,1,6,2,2,1,21.9,Kaila Charles,1630097,4,,6,5,True,0,1,20.1,16.8,6.1,4.8,1.3,13,0,14.0,0.3598173515981735,0.27397260273972607,0.3333333333333333,0.3333333333333333
2026-27,1022600116,2026-06-19,Jun,GSV,MIN,home,L,75,81,78.5,-6,156,2,1,2,0,5,1,0,0,20.6,Kaila Charles,1630097,-5,,2,1,False,2,3,20.1,16.8,6.1,4.8,1.3,5,3,12.2,0.3883495145631068,0.24271844660194172,0.0,0.4
2026-27,1022600120,2026-06-21,Jun,GSV,LVA,away,L,73,92,72.5,-19,165,1,0,2,1,4,2,2,2,18.7,Kaila Charles,1630097,4,,7,4,False,1,1,20.1,16.8,6.1,4.8,1.3,12,1,15.3,0.3144385026737968,0.21390374331550802,0.5,0.5
2026-27,1022600131,2026-06-24,Jun,GSV,ATL,home,W,77,66,73.5,11,143,0,0,2,0,3,1,0,0,9.3,Kaila Charles,1630097,-6,,2,3,False,0,1,20.1,16.8,6.1,4.8,1.3,5,0,4.6,0.4301075268817204,0.3225806451612903,0.0,0.6666666666666666
2026-27,1022600137,2026-06-26,Jun,GSV,ATL,home,W,78,75,81.0,3,153,0,1,0,0,2,0,2,2,17.8,Kaila Charles,1630097,-4,,2,4,False,0,0,20.1,16.8,6.1,4.8,1.3,6,1,9.8,0.16179775280898875,0.11235955056179775,1.0,0.0
2026-27,1022600144,2026-06-28,Jun,GSV,NYL,home,W,76,67,69.0,9,143,1,0,4,0,12,6,2,1,22.5,Kaila Charles,1630097,1,,13,2,True,0,0,20.1,16.8,6.1,4.8,1.3,16,0,16.9,0.5724444444444445,0.5333333333333333,0.16666666666666666,0.3333333333333333
2026-27,1022600150,2026-07-04,Jul,GSV,ATL,away,W,88,83,79.0,5,171,5,0,5,1,6,2,2,2,17.7,Kaila Charles,1630097,11,,7,8,False,3,2,20.1,16.8,6.1,4.8,1.3,20,3,31.1,0.5016949152542373,0.33898305084745767,0.3333333333333333,0.8333333333333334
2026-27,1022600154,2026-07-06,Jul,GSV,WAS,away,W,62,49,68.0,13,111,1,0,2,0,10,4,0,0,25.3,Kaila Charles,1630097,19,,8,5,True,1,0,20.1,16.8,6.1,4.8,1.3,14,1,18.5,0.3952569169960474,0.3952569169960474,0.0,0.2
2026-27,1022600159,2026-07-08,Jul,GSV,TOR,away,W,83,75,76.0,8,158,1,0,3,0,7,1,4,3,25.0,Kaila Charles,1630097,12,,5,5,True,0,1,20.1,16.8,6.1,4.8,1.3,11,0,11.5,0.39039999999999997,0.28,0.5714285714285714,0.42857142857142855
2026-27,1022600165,2026-07-10,Jul,GSV,CON,away,W,79,64,73.5,15,143,1,0,1,1,5,3,2,2,29.9,Kaila Charles,1630097,9,G,9,5,True,1,2,20.1,16.8,6.1,4.8,1.3,15,1,17.5,0.26354515050167227,0.16722408026755853,0.4,0.2
2026-27,1022600002,2026-05-08,May,TOR,WAS,home,L,65,68,81.5,-3,133,0,0,0,0,0,0,0,0,1.3,Mariella Fasoula,1630108,-2,,0,1,False,0,0,5.0,18.4,1.3,1.0,0.30000000000000004,1,0,1.2,0.0,0.0,,
2026-27,1022600015,2026-05-13,May,TOR,SEA,home,W,86,73,81.0,13,159,0,0,0,0,0,0,0,0,0.0,Mariella Fasoula,1630108,0,,0,0,False,0,0,5.0,18.4,1.3,1.0,0.30000000000000004,0,0,0.0,,,,
2026-27,1022600028,2026-05-17,May,TOR,LAS,away,W,106,96,80.0,10,202,0,0,0,0,0,0,0,0,0.0,Mariella Fasoula,1630108,0,,0,0,False,0,0,5.0,18.4,1.3,1.0,0.30000000000000004,0,0,0.0,,,,
2026-27,1022600031,2026-05-19,May,TOR,PHX,away,W,98,90,82.5,8,188,0,0,0,0,0,0,0,0,0.0,Mariella Fasoula,1630108,0,,0,0,False,0,0,5.0,18.4,1.3,1.0,0.30000000000000004,0,0,0.0,,,,
2026-27,1022600036,2026-05-21,May,TOR,MIN,away,L,72,100,77.5,-28,172,1,2,0,0,5,2,0,0,11.1,Mariella Fasoula,1630108,-2,,4,1,False,1,1,5.0,18.4,1.3,1.0,0.30000000000000004,6,3,14.7,0.5405405405405406,0.45045045045045046,0.0,0.0
2026-27,1022600042,2026-05-23,May,TOR,PDX,home,L,80,99,80.0,-19,179,0,0,0,0,0,0,0,0,2.9,Mariella Fasoula,1630108,2,,0,1,False,0,1,5.0,18.4,1.3,1.0,0.30000000000000004,1,0,0.19999999999999996,0.3448275862068966,0.0,,
2026-27,1022600004,2026-05-09,May,IND,DAL,home,L,104,107,89.0,-3,211,0,0,0,0,1,0,0,0,4.5,Tyasha Harris,1630112,2,,0,0,False,0,0,14.1,14.4,4.1,1.2,2.1,0,0,0.0,0.2222222222222222,0.2222222222222222,0.0,0.0
2026-27,1022600018,2026-05-13,May,IND,LAS,away,W,87,78,82.0,9,165,3,0,2,1,4,3,0,0,16.1,Tyasha Harris,1630112,-5,,7,1,False,0,1,14.1,14.4,4.1,1.2,2.1,11,0,11.7,0.3105590062111801,0.24844720496894407,0.0,0.5
2026-27,1022600022,2026-05-15,May,IND,WAS,home,L,102,104,94.5,-2,206,1,0,1,0,2,1,0,0,9.7,Tyasha Harris,1630112,2,,2,0,False,0,1,14.1,14.4,4.1,1.2,2.1,3,0,2.5,0.30927835051546393,0.2061855670103093,0.0,0.5
2026-27,1022600027,2026-05-17,May,IND,SEA,home,W,89,78,84.0,11,167,1,1,1,0,4,1,2,2,13.4,Tyasha Harris,1630112,-8,,4,4,False,0,1,14.1,14.4,4.1,1.2,2.1,9,1,12.3,0.4388059701492537,0.29850746268656714,0.5,0.25
2026-27,1022600032,2026-05-20,May,IND,PDX,home,W,90,73,82.0,17,163,7,0,4,0,6,0,0,0,29.3,Tyasha Harris,1630112,17,G,0,1,True,2,0,14.1,14.4,4.1,1.2,2.1,8,2,17.7,0.20477815699658702,0.20477815699658702,0.0,0.6666666666666666
2026-27,1022600039,2026-05-22,May,IND,GSV,home,W,90,82,83.0,8,172,0,0,0,0,0,0,0,0,2.0,Tyasha Harris,1630112,-1,,0,0,False,0,1,14.1,14.4,4.1,1.2,2.1,0,0,-1.0,0.5,0.0,,
2026-27,1022600055,2026-05-28,May,IND,GSV,away,L,88,90,82.5,-2,178,0,0,0,0,0,0,0,0,0.0,Tyasha Harris,1630112,0,,0,0,False,0,0,14.1,14.4,4.1,1.2,2.1,0,0,0.0,,,,
2026-27,1022600062,2026-05-30,May,IND,PDX,away,L,84,100,80.0,-16,184,1,0,5,1,5,1,2,2,12.2,Tyasha Harris,1630112,-5,,5,2,False,0,2,14.1,14.4,4.1,1.2,2.1,8,0,6.9,0.6459016393442624,0.4098360655737705,0.4,1.0
2026-27,1022600072,2026-06-04,Jun,IND,ATL,home,W,83,71,77.5,12,154,0,0,0,0,0,0,0,0,0.0,Tyasha Harris,1630112,0,,0,0,False,0,0,14.1,14.4,4.1,1.2,2.1,0,0,0.0,,,,
2026-27,1022600080,2026-06-06,Jun,IND,NYL,away,L,75,83,85.0,-8,158,0,0,0,0,0,0,0,0,0.0,Tyasha Harris,1630112,0,,0,0,False,0,0,14.1,14.4,4.1,1.2,2.1,0,0,0.0,,,,
2026-27,1022600084,2026-06-08,Jun,IND,WAS,away,W,78,76,81.0,2,154,3,1,3,0,4,1,0,0,11.5,Tyasha Harris,1630112,1,,2,1,False,0,1,14.1,14.4,4.1,1.2,2.1,6,1,9.7,0.43478260869565216,0.34782608695652173,0.0,0.75
2026-27,1022600091,2026-06-11,Jun,IND,CHI,home,W,114,106,96.5,8,220,1,1,1,0,3,2,0,0,10.5,Tyasha Harris,1630112,0,,4,0,False,0,0,14.1,14.4,4.1,1.2,2.1,5,1,8.5,0.2857142857142857,0.2857142857142857,0.0,0.3333333333333333
2026-27,1022600097,2026-06-13,Jun,IND,CON,away,W,85,75,76.5,10,160,0,0,1,0,1,0,0,0,4.2,Tyasha Harris,1630112,-2,,0,0,False,1,0,14.1,14.4,4.1,1.2,2.1,0,1,3.0,0.23809523809523808,0.23809523809523808,0.0,1.0
2026-27,1022600106,2026-06-16,Jun,IND,TOR,home,W,113,91,88.5,22,204,0,0,0,0,0,0,0,0,0.0,Tyasha Harris,1630112,0,,0,0,False,0,0,14.1,14.4,4.1,1.2,2.1,0,0,0.0,,,,
2026-27,1022600113,2026-06-18,Jun,IND,ATL,home,L,101,108,87.5,-7,209,2,0,0,0,1,0,0,0,13.7,Tyasha Harris,1630112,3,,0,2,False,1,1,14.1,14.4,4.1,1.2,2.1,4,1,7.4,0.14598540145985403,0.07299270072992702,0.0,0.0
2026-27,1022600117,2026-06-20,Jun,IND,ATL,away,L,96,113,84.5,-17,209,0,0,0,0,0,0,0,0,7.1,Tyasha Harris,1630112,-7,,0,0,False,0,0,14.1,14.4,4.1,1.2,2.1,0,0,0.0,0.0,0.0,,
2026-27,1022600125,2026-06-22,Jun,IND,PHX,home,W,86,77,80.5,9,163,0,0,0,0,0,0,0,0,0.0,Tyasha Harris,1630112,0,,0,0,False,0,0,14.1,14.4,4.1,1.2,2.1,0,0,0.0,,,,
2026-27,1022600128,2026-06-24,Jun,IND,PHX,home,L,109,111,84.0,-2,220,0,0,2,0,2,0,0,0,3.2,Tyasha Harris,1630112,-6,,0,0,False,0,0,14.1,14.4,4.1,1.2,2.1,0,0,0.0,0.625,0.625,0.0,1.0
2026-27,1022600139,2026-06-27,Jun,IND,LAS,home,W,111,87,85.5,24,198,3,0,4,2,8,5,5,4,30.3,Tyasha Harris,1630112,27,G,16,5,True,0,2,14.1,14.4,4.1,1.2,2.1,24,0,24.5,0.40264026402640263,0.264026402640264,0.625,0.5
2026-27,1022600153,2026-07-05,Jul,IND,LVA,away,W,84,68,72.5,16,152,5,0,0,0,4,0,4,4,26.5,Tyasha Harris,1630112,10,G,4,1,True,0,0,14.1,14.4,4.1,1.2,2.1,10,0,12.7,0.21735849056603773,0.1509433962264151,1.0,0.0
2026-27,1022600161,2026-07-08,Jul,IND,LAS,away,L,92,106,91.5,-14,198,4,0,4,1,6,3,4,3,25.6,Tyasha Harris,1630112,-3,,10,3,True,0,1,14.1,14.4,4.1,1.2,2.1,17,0,18.6,0.3421875,0.234375,0.6666666666666666,0.6666666666666666
2026-27,1022600163,2026-07-09,Jul,IND,PHX,away,W,92,89,78.5,3,181,5,1,4,3,8,6,0,0,22.1,Tyasha Harris,1630112,4,G,15,1,True,2,1,14.1,14.4,4.1,1.2,2.1,21,3,31.700000000000003,0.4072398190045249,0.36199095022624433,0.0,0.5
2026-27,1022600040,2026-05-22,May,SEA,CON,home,W,77,59,75.5,18,136,1,3,1,0,4,1,0,0,14.7,Joyner Holmes,1630115,-2,,2,5,False,0,2,15.0,17.3,2.0,5.0,1.0,8,3,16.5,0.40816326530612246,0.272108843537415,0.0,0.25
2026-27,1022600046,2026-05-24,May,SEA,WAS,home,W,97,85,81.0,12,182,0,0,0,0,0,0,0,0,0.0,Joyner Holmes,1630115,0,,0,0,False,0,0,15.0,17.3,2.0,5.0,1.0,0,0,0.0,,,,
2026-27,1022600053,2026-05-27,May,SEA,WAS,home,L,64,78,72.5,-14,142,0,0,0,0,0,0,0,0,0.0,Joyner Holmes,1630115,0,,0,0,False,0,0,15.0,17.3,2.0,5.0,1.0,0,0,0.0,,,,
2026-27,1022600060,2026-05-30,May,SEA,TOR,away,L,72,93,82.0,-21,165,0,0,0,0,0,0,0,0,0.0,Joyner Holmes,1630115,0,,0,0,False,0,0,15.0,17.3,2.0,5.0,1.0,0,0,0.0,,,,
2026-27,1022600064,2026-06-01,Jun,SEA,DAL,away,L,56,79,79.0,-23,135,0,0,0,0,0,0,0,0,0.0,Joyner Holmes,1630115,0,,0,0,False,0,0,15.0,17.3,2.0,5.0,1.0,0,0,0.0,,,,
2026-27,1022600071,2026-06-03,Jun,SEA,PHX,home,L,68,72,79.5,-4,140,0,0,0,0,0,0,0,0,0.0,Joyner Holmes,1630115,0,,0,0,False,0,0,15.0,17.3,2.0,5.0,1.0,0,0,0.0,,,,
2026-27,1022600077,2026-06-06,Jun,SEA,MIN,away,L,68,88,80.0,-20,156,0,0,0,0,0,0,0,0,0.0,Joyner Holmes,1630115,0,,0,0,False,0,0,15.0,17.3,2.0,5.0,1.0,0,0,0.0,,,,
2026-27,1022600020,2026-05-14,May,PDX,NYL,home,L,82,100,86.0,-18,182,8,0,5,1,13,3,4,1,19.7,Sug Sutton,1630134,-15,,8,3,True,0,1,13.9,20.0,5.5,0.9,2.5,19,0,22.6,0.8,0.6598984771573604,0.3076923076923077,0.38461538461538464
2026-27,1022600030,2026-05-18,May,PDX,CON,home,W,83,82,74.5,1,165,5,0,2,1,10,4,4,3,24.6,Sug Sutton,1630134,10,G,12,1,True,1,2,13.9,20.0,5.5,0.9,2.5,18,1,21.7,0.5593495934959349,0.4065040650406504,0.4,0.2
2026-27,1022600032,2026-05-20,May,PDX,IND,away,L,73,90,82.0,-17,163,4,0,1,0,8,6,2,2,24.2,Sug Sutton,1630134,-9,G,14,1,True,1,3,13.9,20.0,5.5,0.9,2.5,19,1,21.2,0.49090909090909096,0.3305785123966942,0.25,0.125
2026-27,1022600103,2026-06-15,Jun,DAL,LVA,home,W,96,66,80.0,30,162,4,1,2,0,5,2,0,0,21.0,Sug Sutton,1630134,8,,4,2,False,1,0,13.9,20.0,5.5,0.9,2.5,10,2,18.4,0.23809523809523808,0.23809523809523808,0.0,0.4
2026-27,1022600109,2026-06-17,Jun,DAL,GSV,away,L,80,91,77.5,-11,171,2,0,2,2,4,3,2,1,12.7,Sug Sutton,1630134,-2,,9,0,False,0,1,13.9,20.0,5.5,0.9,2.5,11,0,11.0,0.462992125984252,0.31496062992125984,0.5,0.5
2026-27,1022600119,2026-06-20,Jun,DAL,CHI,home,W,93,92,83.0,1,185,1,1,0,0,3,2,0,0,12.8,Sug Sutton,1630134,-5,,4,0,False,0,0,13.9,20.0,5.5,0.9,2.5,5,1,8.5,0.234375,0.234375,0.0,0.0
2026-27,1022600126,2026-06-22,Jun,DAL,SEA,away,W,112,110,91.5,2,222,2,0,1,0,1,0,0,0,10.2,Sug Sutton,1630134,8,,0,2,False,1,1,13.9,20.0,5.5,0.9,2.5,4,1,7.4,0.19607843137254904,0.09803921568627452,0.0,1.0
2026-27,1022600133,2026-06-25,Jun,DAL,LVA,away,L,84,99,84.0,-15,183,0,0,1,1,1,1,0,0,7.1,Sug Sutton,1630134,-3,,3,0,False,0,2,13.9,20.0,5.5,0.9,2.5,3,0,1.0,0.4225352112676057,0.14084507042253522,0.0,1.0
2026-27,1022600141,2026-06-28,Jun,DAL,MIN,home,L,77,85,81.5,-8,162,1,0,2,0,4,1,0,0,8.9,Sug Sutton,1630134,-4,,2,1,False,1,0,13.9,20.0,5.5,0.9,2.5,4,1,7.7,0.449438202247191,0.449438202247191,0.0,0.5
2026-27,1022600146,2026-07-02,Jul,DAL,CON,away,W,86,83,80.0,3,169,0,0,1,0,1,0,0,0,1.6,Sug Sutton,1630134,-4,,0,0,False,0,0,13.9,20.0,5.5,0.9,2.5,0,0,0.0,0.625,0.625,0.0,1.0
2026-27,1022600152,2026-07-05,Jul,DAL,TOR,away,W,89,76,76.0,13,165,1,0,0,0,2,2,0,0,8.7,Sug Sutton,1630134,-5,,4,0,False,0,1,13.9,20.0,5.5,0.9,2.5,5,0,4.5,0.3448275862068966,0.2298850574712644,0.0,0.0
2026-27,1022600157,2026-07-07,Jul,DAL,NYL,away,W,88,77,81.0,11,165,0,0,0,0,0,0,0,0,0.0,Sug Sutton,1630134,0,,0,0,False,0,0,13.9,20.0,5.5,0.9,2.5,0,0,0.0,,,,
2026-27,1022600166,2026-07-10,Jul,DAL,TOR,away,W,108,95,78.5,13,203,0,0,0,0,0,0,0,0,0.0,Sug Sutton,1630134,0,,0,0,False,0,0,13.9,20.0,5.5,0.9,2.5,0,0,0.0,,,,
2026-27,1022600005,2026-05-09,May,PHX,LVA,away,W,99,66,83.0,33,165,2,1,0,0,1,0,0,0,5.8,Peyton Williams,1630138,-1,,0,0,False,0,0,6.0,7.8,0.0,0.0,2.0,2,1,6.0,0.1724137931034483,0.1724137931034483,0.0,0.0
2026-27,1022600011,2026-05-10,May,PHX,GSV,away,L,79,95,76.5,-16,174,0,0,0,0,0,0,0,0,0.0,Peyton Williams,1630138,0,,0,0,False,0,0,6.0,7.8,0.0,0.0,2.0,0,0,0.0,,,,
2026-27,1022600049,2026-05-27,May,NYL,PHX,home,W,84,74,77.5,10,158,1,0,3,2,4,3,1,1,32.8,Leonie Fiebich,1630142,5,F,9,0,True,2,3,29.1,15.5,10.0,2.6,1.9,10,2,13.5,0.22682926829268296,0.12195121951219513,0.25,0.75
2026-27,1022600056,2026-05-29,May,NYL,PHX,home,W,75,68,76.0,7,143,1,0,2,0,6,1,1,1,29.6,Leonie Fiebich,1630142,2,F,3,2,True,1,4,29.1,15.5,10.0,2.6,1.9,6,1,5.9,0.3527027027027027,0.2027027027027027,0.16666666666666666,0.3333333333333333
2026-27,1022600070,2026-06-03,Jun,NYL,TOR,home,W,97,82,78.5,15,179,4,0,4,2,7,4,4,4,26.4,Leonie Fiebich,1630142,17,F,14,2,True,0,1,29.1,15.5,10.0,2.6,1.9,20,0,21.4,0.3696969696969697,0.26515151515151514,0.5714285714285714,0.5714285714285714
2026-27,1022600080,2026-06-06,Jun,NYL,IND,home,W,83,75,85.0,8,158,2,1,3,0,7,1,2,2,30.3,Leonie Fiebich,1630142,15,F,4,4,True,3,1,29.1,15.5,10.0,2.6,1.9,10,4,22.8,0.29306930693069305,0.23102310231023102,0.2857142857142857,0.42857142857142855
2026-27,1022600083,2026-06-08,Jun,NYL,CON,away,W,89,80,82.0,9,169,1,0,3,1,5,2,0,0,28.3,Leonie Fiebich,1630142,7,F,5,7,True,0,1,29.1,15.5,10.0,2.6,1.9,13,0,13.9,0.21201413427561838,0.17667844522968199,0.0,0.6
2026-27,1022600092,2026-06-11,Jun,NYL,ATL,away,W,104,90,80.5,14,194,1,0,6,2,7,2,0,0,26.6,Leonie Fiebich,1630142,7,F,6,3,True,0,4,29.1,15.5,10.0,2.6,1.9,10,0,7.1,0.41353383458646614,0.2631578947368421,0.0,0.8571428571428571
2026-27,1022600101,2026-06-14,Jun,NYL,WAS,home,W,86,64,78.5,22,150,2,0,5,2,7,3,0,0,24.1,Leonie Fiebich,1630142,3,F,8,2,True,1,1,29.1,15.5,10.0,2.6,1.9,12,1,15.399999999999999,0.33195020746887965,0.2904564315352697,0.0,0.7142857142857143
2026-27,1022600108,2026-06-17,Jun,NYL,CHI,away,W,96,95,80.5,1,191,3,0,5,1,9,2,5,4,23.7,Leonie Fiebich,1630142,2,F,9,6,True,0,3,29.1,15.5,10.0,2.6,1.9,18,0,17.7,0.5991561181434599,0.379746835443038,0.5555555555555556,0.5555555555555556
2026-27,1022600115,2026-06-19,Jun,NYL,WAS,home,L,83,86,79.0,-3,169,2,0,5,3,9,6,4,4,31.4,Leonie Fiebich,1630142,-5,F,19,2,True,1,1,29.1,15.5,10.0,2.6,1.9,23,1,26.4,0.3745222929936306,0.28662420382165604,0.4444444444444444,0.5555555555555556
2026-27,1022600122,2026-06-21,Jun,NYL,LAS,away,L,97,98,83.5,-1,195,1,0,6,3,8,4,2,2,26.0,Leonie Fiebich,1630142,3,G,13,2,True,1,4,29.1,15.5,10.0,2.6,1.9,16,1,15.899999999999999,0.4953846153846154,0.3076923076923077,0.25,0.75
2026-27,1022600127,2026-06-23,Jun,NYL,LVA,away,W,87,76,77.5,11,163,1,0,5,4,7,4,0,0,30.2,Leonie Fiebich,1630142,8,G,12,1,True,2,1,29.1,15.5,10.0,2.6,1.9,14,2,19.7,0.26490066225165565,0.2317880794701987,0.0,0.7142857142857143
2026-27,1022600134,2026-06-25,Jun,NYL,SEA,away,L,88,99,83.5,-11,187,2,0,6,3,12,6,5,4,30.7,Leonie Fiebich,1630142,-5,F,19,2,True,2,1,29.1,15.5,10.0,2.6,1.9,23,2,29.4,0.495114006514658,0.39087947882736157,0.4166666666666667,0.5
2026-27,1022600144,2026-06-28,Jun,NYL,GSV,away,L,67,76,69.0,-9,143,1,0,1,0,4,3,0,0,31.2,Leonie Fiebich,1630142,-17,F,6,0,True,1,0,29.1,15.5,10.0,2.6,1.9,7,1,10.5,0.12820512820512822,0.12820512820512822,0.0,0.25
2026-27,1022600148,2026-07-03,Jul,NYL,MIN,home,W,99,86,78.0,13,185,4,0,6,3,10,5,0,0,36.5,Leonie Fiebich,1630142,18,F,13,3,True,3,0,29.1,15.5,10.0,2.6,1.9,20,3,31.6,0.273972602739726,0.273972602739726,0.0,0.6
2026-27,1022600006,2026-05-09,May,PDX,CHI,home,L,83,98,82.0,-15,181,3,2,6,1,10,2,3,3,25.1,Luisa Geiselsoder,1630143,-2,C,8,7,True,0,0,17.7,16.6,5.2,2.8,1.4,18,2,26.9,0.450996015936255,0.398406374501992,0.3,0.6
2026-27,1022600014,2026-05-12,May,PDX,NYL,home,W,98,96,79.0,2,194,2,1,6,3,10,4,2,2,25.2,Luisa Geiselsoder,1630143,13,C,13,5,True,1,1,17.7,16.6,5.2,2.8,1.4,20,2,27.0,0.4714285714285715,0.39682539682539686,0.2,0.6
2026-27,1022600020,2026-05-14,May,PDX,NYL,home,L,82,100,86.0,-18,182,1,0,2,0,6,3,0,0,21.8,Luisa Geiselsoder,1630143,-7,C,6,5,True,1,1,17.7,16.6,5.2,2.8,1.4,12,1,15.5,0.3211009174311926,0.27522935779816515,0.0,0.3333333333333333
2026-27,1022600030,2026-05-18,May,PDX,CON,home,W,83,82,74.5,1,165,4,0,2,0,5,1,0,0,24.6,Luisa Geiselsoder,1630143,19,C,2,2,True,0,2,17.7,16.6,5.2,2.8,1.4,8,0,8.4,0.2845528455284553,0.2032520325203252,0.0,0.4
2026-27,1022600032,2026-05-20,May,PDX,IND,away,L,73,90,82.0,-17,163,1,0,1,0,3,1,2,2,21.7,Luisa Geiselsoder,1630143,-16,C,4,1,True,0,2,17.7,16.6,5.2,2.8,1.4,6,0,4.7,0.2709677419354839,0.1382488479262673,0.6666666666666666,0.3333333333333333
2026-27,1022600042,2026-05-23,May,PDX,TOR,away,W,99,80,80.0,19,179,0,1,2,0,7,3,0,0,19.8,Luisa Geiselsoder,1630143,20,C,6,5,False,0,1,17.7,16.6,5.2,2.8,1.4,11,1,14.0,0.40404040404040403,0.35353535353535354,0.0,0.2857142857142857
2026-27,1022600047,2026-05-25,May,PDX,NYL,away,W,81,74,78.0,7,155,2,0,4,2,9,2,0,0,22.3,Luisa Geiselsoder,1630143,11,C,6,5,True,2,0,17.7,16.6,5.2,2.8,1.4,13,2,21.0,0.40358744394618834,0.40358744394618834,0.0,0.4444444444444444
2026-27,1022600052,2026-05-27,May,PDX,CON,home,W,71,61,75.5,10,132,2,0,3,1,4,1,0,0,18.5,Luisa Geiselsoder,1630143,-4,C,3,1,True,2,1,17.7,16.6,5.2,2.8,1.4,6,2,12.2,0.2702702702702703,0.21621621621621623,0.0,0.75
2026-27,1022600059,2026-05-29,May,PDX,ATL,home,L,66,86,77.5,-20,152,2,0,5,1,7,2,2,1,22.4,Luisa Geiselsoder,1630143,-22,C,6,0,True,0,2,17.7,16.6,5.2,2.8,1.4,8,0,7.0,0.44107142857142856,0.3125,0.2857142857142857,0.7142857142857143
2026-27,1022600062,2026-05-30,May,PDX,IND,home,W,100,84,80.0,16,184,1,0,0,0,1,0,0,0,11.6,Luisa Geiselsoder,1630143,1,,0,1,False,0,1,17.7,16.6,5.2,2.8,1.4,2,0,1.7000000000000002,0.1724137931034483,0.08620689655172414,0.0,0.0
2026-27,1022600068,2026-06-02,Jun,PDX,GSV,away,L,77,95,73.5,-18,172,0,0,2,1,4,1,0,0,10.9,Luisa Geiselsoder,1630143,-14,,3,0,False,0,1,17.7,16.6,5.2,2.8,1.4,3,0,2.0,0.4587155963302752,0.36697247706422015,0.0,0.5
2026-27,1022600076,2026-06-05,Jun,PDX,PHX,home,L,72,78,74.5,-6,150,3,0,4,1,4,1,2,2,17.6,Luisa Geiselsoder,1630143,9,,5,3,False,0,3,17.7,16.6,5.2,2.8,1.4,11,0,10.1,0.4477272727272727,0.22727272727272727,0.5,1.0
2026-27,1022600082,2026-06-07,Jun,PDX,LAS,away,L,72,89,81.0,-17,161,0,1,2,0,4,2,0,0,15.4,Luisa Geiselsoder,1630143,-3,,4,4,False,0,1,17.7,16.6,5.2,2.8,1.4,8,1,10.8,0.3246753246753247,0.2597402597402597,0.0,0.5
2026-27,1022600094,2026-06-11,Jun,PDX,LVA,home,L,89,105,79.5,-16,194,0,0,1,0,4,3,0,0,11.8,Luisa Geiselsoder,1630143,-6,,6,1,False,0,0,17.7,16.6,5.2,2.8,1.4,7,0,7.2,0.3389830508474576,0.3389830508474576,0.0,0.25
2026-27,1022600099,2026-06-13,Jun,PDX,DAL,home,W,84,83,78.5,1,167,3,1,3,2,5,2,2,1,14.0,Luisa Geiselsoder,1630143,-2,,7,2,False,0,1,17.7,16.6,5.2,2.8,1.4,12,1,15.899999999999999,0.49142857142857144,0.35714285714285715,0.4,0.6
2026-27,1022600104,2026-06-15,Jun,PDX,MIN,away,L,74,107,81.5,-33,181,0,0,4,3,5,3,0,0,14.9,Luisa Geiselsoder,1630143,-12,,9,4,False,1,0,17.7,16.6,5.2,2.8,1.4,13,1,16.8,0.33557046979865773,0.33557046979865773,0.0,0.8
2026-27,1022600112,2026-06-17,Jun,PDX,SEA,home,W,94,89,74.5,5,183,0,0,0,0,0,0,0,0,0.0,Luisa Geiselsoder,1630143,0,,0,0,False,0,0,17.7,16.6,5.2,2.8,1.4,0,0,0.0,,,,
2026-27,1022600130,2026-06-24,Jun,PDX,CHI,away,L,78,101,79.5,-23,179,2,2,1,0,4,1,0,0,13.7,Luisa Geiselsoder,1630143,-8,,2,3,False,0,0,17.7,16.6,5.2,2.8,1.4,7,2,14.6,0.29197080291970806,0.29197080291970806,0.0,0.25
2026-27,1022600136,2026-06-26,Jun,PDX,CHI,away,L,94,124,83.0,-30,218,0,0,0,0,0,0,0,0,0.0,Luisa Geiselsoder,1630143,0,,0,0,False,0,0,17.7,16.6,5.2,2.8,1.4,0,0,0.0,,,,
2026-27,1022600142,2026-06-28,Jun,PDX,WAS,away,L,123,124,117.5,-1,247,0,0,0,0,0,0,0,0,0.0,Luisa Geiselsoder,1630143,0,,0,0,False,0,0,17.7,16.6,5.2,2.8,1.4,0,0,0.0,,,,
2026-27,1022600151,2026-07-04,Jul,PDX,SEA,away,W,77,72,84.0,5,149,0,0,0,0,0,0,0,0,0.0,Luisa Geiselsoder,1630143,0,,0,0,False,0,0,17.7,16.6,5.2,2.8,1.4,0,0,0.0,,,,
2026-27,1022600164,2026-07-09,Jul,PDX,LVA,home,L,80,88,77.0,-8,168,0,0,2,1,3,1,0,0,6.5,Luisa Geiselsoder,1630143,1,,3,1,False,0,0,17.7,16.6,5.2,2.8,1.4,4,0,4.2,0.46153846153846156,0.46153846153846156,0.0,0.6666666666666666
2026-27,1022600009,2026-05-10,May,LAS,LVA,home,L,78,105,83.0,-27,183,0,0,0,0,1,0,0,0,1.9,Jihyun Park,1630148,1,,0,0,False,0,0,9.0,12.4,2.2,1.1,0.4,0,0,0.0,0.5263157894736842,0.5263157894736842,0.0,0.0
2026-27,1022600018,2026-05-13,May,LAS,IND,home,L,78,87,82.0,-9,165,0,0,0,0,0,0,0,0,0.0,Jihyun Park,1630148,0,,0,0,False,0,0,9.0,12.4,2.2,1.1,0.4,0,0,0.0,,,,
2026-27,1022600023,2026-05-15,May,LAS,TOR,home,W,99,95,80.0,4,194,0,0,0,0,0,0,0,0,0.0,Jihyun Park,1630148,0,,0,0,False,0,0,9.0,12.4,2.2,1.1,0.4,0,0,0.0,,,,
2026-27,1022600028,2026-05-17,May,LAS,TOR,home,L,96,106,80.0,-10,202,2,0,2,0,3,1,0,0,7.5,Jihyun Park,1630148,-12,,2,1,False,0,0,9.0,12.4,2.2,1.1,0.4,5,0,6.2,0.4,0.4,0.0,0.6666666666666666
2026-27,1022600037,2026-05-21,May,LAS,PHX,away,W,97,88,81.0,9,185,1,0,0,0,0,0,2,2,10.9,Jihyun Park,1630148,9,,2,1,False,1,0,9.0,12.4,2.2,1.1,0.4,4,1,7.7,0.08073394495412844,0.0,,
2026-27,1022600043,2026-05-23,May,LAS,LVA,away,W,101,95,84.0,6,196,1,0,1,0,1,0,0,0,7.1,Jihyun Park,1630148,0,,0,1,False,1,0,9.0,12.4,2.2,1.1,0.4,2,1,5.7,0.14084507042253522,0.14084507042253522,0.0,1.0
2026-27,1022600057,2026-05-29,May,LAS,WAS,away,W,92,87,81.0,5,179,0,0,0,0,0,0,2,0,6.0,Jihyun Park,1630148,5,,0,0,False,1,1,9.0,12.4,2.2,1.1,0.4,0,1,2.0,0.3133333333333333,0.0,,
2026-27,1022600061,2026-05-30,May,LAS,CON,away,L,81,84,83.0,-3,165,0,0,0,0,0,0,0,0,0.0,Jihyun Park,1630148,0,,0,0,False,0,0,9.0,12.4,2.2,1.1,0.4,0,0,0.0,,,,
2026-27,1022600069,2026-06-02,Jun,LAS,LVA,home,L,69,79,78.5,-10,148,0,0,0,0,0,0,0,0,4.0,Jihyun Park,1630148,-6,,0,0,False,0,0,9.0,12.4,2.2,1.1,0.4,0,0,0.0,0.0,0.0,,
2026-27,1022600075,2026-06-05,Jun,LAS,DAL,home,L,96,104,83.5,-8,200,0,0,0,0,0,0,0,0,0.0,Jihyun Park,1630148,0,,0,0,False,0,0,9.0,12.4,2.2,1.1,0.4,0,0,0.0,,,,
2026-27,1022600082,2026-06-07,Jun,LAS,PDX,home,W,89,72,81.0,17,161,0,0,0,0,0,0,0,0,0.0,Jihyun Park,1630148,0,,0,0,False,0,0,9.0,12.4,2.2,1.1,0.4,0,0,0.0,,,,
2026-27,1022600090,2026-06-10,Jun,LAS,SEA,away,W,88,83,80.5,5,171,0,0,1,0,1,0,0,0,1.9,Jihyun Park,1630148,1,,0,0,False,0,0,9.0,12.4,2.2,1.1,0.4,0,0,0.0,0.5263157894736842,0.5263157894736842,0.0,1.0
2026-27,1022600100,2026-06-13,Jun,LAS,PHX,away,W,111,102,88.5,9,213,0,0,0,0,0,0,0,0,3.6,Jihyun Park,1630148,-3,,0,1,False,0,0,9.0,12.4,2.2,1.1,0.4,1,0,1.2,0.0,0.0,,
2026-27,1022600105,2026-06-15,Jun,LAS,GSV,away,L,58,78,73.5,-20,136,0,0,0,0,2,1,0,0,4.1,Jihyun Park,1630148,-2,,2,1,False,0,0,9.0,12.4,2.2,1.1,0.4,3,0,3.2,0.48780487804878053,0.48780487804878053,0.0,0.0
2026-27,1022600110,2026-06-17,Jun,LAS,MIN,home,L,83,99,86.5,-16,182,0,0,2,1,7,5,2,2,22.0,Jihyun Park,1630148,-10,,13,0,False,1,2,9.0,12.4,2.2,1.1,0.4,13,1,14.0,0.44909090909090904,0.3181818181818182,0.2857142857142857,0.2857142857142857
2026-27,1022600122,2026-06-21,Jun,LAS,NYL,home,W,98,97,83.5,1,195,0,0,0,0,0,0,0,0,3.5,Jihyun Park,1630148,6,,0,1,False,0,0,9.0,12.4,2.2,1.1,0.4,1,0,1.2,0.0,0.0,,
2026-27,1022600132,2026-06-25,Jun,LAS,TOR,away,L,97,125,86.5,-28,222,1,0,5,1,6,2,0,0,19.0,Jihyun Park,1630148,-11,,5,2,True,0,1,9.0,12.4,2.2,1.1,0.4,8,0,7.9,0.3684210526315789,0.3157894736842105,0.0,0.8333333333333334
2026-27,1022600139,2026-06-27,Jun,LAS,IND,away,L,87,111,85.5,-24,198,1,1,3,1,6,3,1,1,24.0,Jihyun Park,1630148,-11,,8,4,True,1,0,9.0,12.4,2.2,1.1,0.4,13,2,20.3,0.26833333333333337,0.25,0.16666666666666666,0.5
2026-27,1022600156,2026-07-06,Jul,LAS,SEA,home,L,64,82,85.0,-18,146,0,0,2,0,4,0,0,0,10.4,Jihyun Park,1630148,-5,,0,1,False,0,1,9.0,12.4,2.2,1.1,0.4,1,0,0.19999999999999996,0.4807692307692307,0.3846153846153846,0.0,0.5
2026-27,1022600161,2026-07-08,Jul,LAS,IND,home,W,106,92,91.5,14,198,1,0,0,0,2,0,4,3,10.3,Jihyun Park,1630148,7,,3,4,False,3,0,9.0,12.4,2.2,1.1,0.4,8,3,18.3,0.3650485436893203,0.1941747572815534,2.0,0.0
2026-27,1022600167,2026-07-10,Jul,LAS,CHI,home,W,102,87,87.0,15,189,0,0,0,0,1,0,0,0,7.7,Jihyun Park,1630148,-1,,0,1,False,0,0,9.0,12.4,2.2,1.1,0.4,1,0,1.2,0.12987012987012986,0.12987012987012986,0.0,0.0
2026-27,1022600001,2026-05-08,May,NYL,CON,home,W,106,75,88.5,31,181,0,0,0,0,0,0,0,0,0.0,Satou Sabally,1630149,0,,0,0,False,0,0,16.7,26.3,10.4,2.8,1.9,0,0,0.0,,,,
2026-27,1022600008,2026-05-10,May,NYL,WAS,away,W,98,93,86.5,5,191,0,0,0,0,0,0,0,0,0.0,Satou Sabally,1630149,0,,0,0,False,0,0,16.7,26.3,10.4,2.8,1.9,0,0,0.0,,,,
2026-27,1022600035,2026-05-21,May,NYL,GSV,home,L,70,87,76.0,-17,157,2,1,3,1,8,2,0,0,16.4,Satou Sabally,1630149,-4,F,5,4,False,0,2,16.7,26.3,10.4,2.8,1.9,11,1,13.8,0.6097560975609757,0.48780487804878053,0.0,0.375
2026-27,1022600045,2026-05-24,May,NYL,DAL,home,L,76,91,77.0,-15,167,2,0,6,3,14,6,5,5,25.5,Satou Sabally,1630149,-17,F,20,2,True,0,1,16.7,26.3,10.4,2.8,1.9,24,0,24.4,0.6745098039215686,0.5490196078431373,0.35714285714285715,0.42857142857142855
2026-27,1022600047,2026-05-25,May,NYL,PDX,home,L,74,81,78.0,-7,155,0,0,1,0,1,0,2,2,3.8,Satou Sabally,1630149,-7,F,2,0,False,0,1,16.7,26.3,10.4,2.8,1.9,2,0,1.0,0.7578947368421053,0.2631578947368421,2.0,1.0
2026-27,1022600056,2026-05-29,May,NYL,PHX,home,W,75,68,76.0,7,143,1,0,1,0,3,1,2,2,10.4,Satou Sabally,1630149,5,,4,3,False,0,1,16.7,26.3,10.4,2.8,1.9,8,0,8.1,0.46923076923076923,0.28846153846153844,0.6666666666666666,0.3333333333333333
2026-27,1022600070,2026-06-03,Jun,NYL,TOR,home,W,97,82,78.5,15,179,0,0,4,2,7,3,5,4,13.6,Satou Sabally,1630149,-2,,12,5,False,0,2,16.7,26.3,10.4,2.8,1.9,17,0,16.0,0.8235294117647058,0.5147058823529412,0.7142857142857143,0.5714285714285714
2026-27,1022600080,2026-06-06,Jun,NYL,IND,home,W,83,75,85.0,8,158,1,0,4,0,11,5,4,3,22.1,Satou Sabally,1630149,10,,13,5,False,0,2,16.7,26.3,10.4,2.8,1.9,19,0,18.5,0.6678733031674208,0.4977375565610859,0.36363636363636365,0.36363636363636365
2026-27,1022600083,2026-06-08,Jun,NYL,CON,away,W,89,80,82.0,9,169,2,0,3,1,6,4,0,0,18.8,Satou Sabally,1630149,0,,9,2,False,0,2,16.7,26.3,10.4,2.8,1.9,13,0,12.4,0.425531914893617,0.3191489361702127,0.0,0.5
2026-27,1022600092,2026-06-11,Jun,NYL,ATL,away,W,104,90,80.5,14,194,0,0,6,5,9,5,4,4,17.3,Satou Sabally,1630149,0,,19,3,False,0,1,16.7,26.3,10.4,2.8,1.9,22,0,21.6,0.6797687861271676,0.5202312138728323,0.4444444444444444,0.6666666666666666
2026-27,1022600101,2026-06-14,Jun,NYL,WAS,home,W,86,64,78.5,22,150,6,0,3,1,5,2,3,2,19.2,Satou Sabally,1630149,15,,7,2,False,0,4,16.7,26.3,10.4,2.8,1.9,15,0,14.399999999999999,0.5375000000000001,0.2604166666666667,0.6,0.6
2026-27,1022600108,2026-06-17,Jun,NYL,CHI,away,W,96,95,80.5,1,191,2,0,4,1,11,8,0,0,19.0,Satou Sabally,1630149,6,,17,2,False,0,1,16.7,26.3,10.4,2.8,1.9,21,0,21.4,0.631578947368421,0.5789473684210527,0.0,0.36363636363636365
2026-27,1022600115,2026-06-19,Jun,NYL,WAS,home,L,83,86,79.0,-3,169,1,0,6,3,8,4,2,2,16.8,Satou Sabally,1630149,6,,13,0,False,1,2,16.7,26.3,10.4,2.8,1.9,14,1,15.5,0.6476190476190476,0.47619047619047616,0.25,0.75
2026-27,1022600122,2026-06-21,Jun,NYL,LAS,away,L,97,98,83.5,-1,195,7,0,8,3,12,5,2,1,26.6,Satou Sabally,1630149,8,F,14,5,True,0,3,16.7,26.3,10.4,2.8,1.9,26,0,27.5,0.5969924812030075,0.45112781954887216,0.16666666666666666,0.6666666666666666
2026-27,1022600127,2026-06-23,Jun,NYL,LVA,away,W,87,76,77.5,11,163,1,1,3,0,3,0,0,0,8.2,Satou Sabally,1630149,8,F,0,3,False,0,0,16.7,26.3,10.4,2.8,1.9,4,1,8.1,0.3658536585365854,0.3658536585365854,0.0,1.0
2026-27,1022600134,2026-06-25,Jun,NYL,SEA,away,L,88,99,83.5,-11,187,0,0,0,0,0,0,0,0,0.0,Satou Sabally,1630149,0,,0,0,False,0,0,16.7,26.3,10.4,2.8,1.9,0,0,0.0,,,,
2026-27,1022600005,2026-05-09,May,LVA,PHX,home,L,66,99,83.0,-33,165,2,0,0,0,8,5,0,0,19.4,Chennedy Carter,1630150,-9,,10,2,False,2,3,16.8,27.0,12.2,1.8,1.3,14,2,18.4,0.5670103092783506,0.4123711340206186,0.0,0.0
2026-27,1022600009,2026-05-10,May,LVA,LAS,away,W,105,78,83.0,27,183,0,0,3,1,13,9,5,3,19.5,Chennedy Carter,1630150,28,,22,1,True,2,2,16.8,27.0,12.2,1.8,1.3,23,2,27.2,0.882051282051282,0.6666666666666666,0.38461538461538464,0.23076923076923078
2026-27,1022600016,2026-05-13,May,LVA,CON,away,W,98,69,83.0,29,167,4,0,2,1,16,13,0,0,25.1,Chennedy Carter,1630150,16,,27,8,True,2,4,16.8,27.0,12.2,1.8,1.3,39,2,44.6,0.796812749003984,0.6374501992031872,0.0,0.125
2026-27,1022600021,2026-05-15,May,LVA,CON,away,W,101,94,84.5,7,195,1,1,1,0,8,5,12,8,22.2,Chennedy Carter,1630150,-3,,18,1,True,2,1,16.8,27.0,12.2,1.8,1.3,20,3,28.7,0.6432432432432433,0.3603603603603604,1.5,0.125
2026-27,1022600026,2026-05-17,May,LVA,ATL,away,W,85,84,85.0,1,169,3,0,2,1,13,7,5,5,20.8,Chennedy Carter,1630150,-1,,20,2,True,0,2,16.8,27.0,12.2,1.8,1.3,25,0,24.9,0.8269230769230769,0.625,0.38461538461538464,0.15384615384615385
2026-27,1022600043,2026-05-23,May,LVA,LAS,home,L,95,101,84.0,-6,196,3,1,4,4,13,8,4,3,26.2,Chennedy Carter,1630150,15,,23,3,True,1,3,16.8,27.0,12.2,1.8,1.3,29,2,34.1,0.6778625954198473,0.4961832061068702,0.3076923076923077,0.3076923076923077
2026-27,1022600054,2026-05-28,May,LVA,DAL,away,L,87,95,78.5,-8,182,0,0,4,2,11,6,0,0,19.3,Chennedy Carter,1630150,3,,14,1,False,1,0,16.8,27.0,12.2,1.8,1.3,15,1,18.2,0.5699481865284974,0.5699481865284974,0.0,0.36363636363636365
2026-27,1022600063,2026-05-31,May,LVA,GSV,away,W,91,81,80.0,10,172,0,1,1,1,1,1,4,3,9.4,Chennedy Carter,1630150,2,,6,1,False,0,0,16.8,27.0,12.2,1.8,1.3,7,1,10.2,0.2936170212765957,0.10638297872340426,4.0,1.0
2026-27,1022600094,2026-06-11,Jun,LVA,PDX,away,W,105,89,79.5,16,194,0,0,1,0,3,0,0,0,8.0,Chennedy Carter,1630150,-7,,0,0,False,0,0,16.8,27.0,12.2,1.8,1.3,0,0,0.0,0.375,0.375,0.0,0.3333333333333333
2026-27,1022600098,2026-06-13,Jun,LVA,MIN,home,W,100,97,77.5,3,197,1,0,1,0,5,2,0,0,7.9,Chennedy Carter,1630150,-2,,4,1,False,0,0,16.8,27.0,12.2,1.8,1.3,6,0,6.7,0.6329113924050632,0.6329113924050632,0.0,0.2
2026-27,1022600111,2026-06-17,Jun,LVA,PHX,away,W,86,76,77.0,10,162,0,0,0,0,0,0,0,0,0.0,Chennedy Carter,1630150,0,,0,0,False,0,0,16.8,27.0,12.2,1.8,1.3,0,0,0.0,,,,
2026-27,1022600127,2026-06-23,Jun,LVA,NYL,home,L,76,87,77.5,-11,163,0,0,0,0,0,0,0,0,0.0,Chennedy Carter,1630150,0,,0,0,False,0,0,16.8,27.0,12.2,1.8,1.3,0,0,0.0,,,,
2026-27,1022600143,2026-06-28,Jun,LVA,CHI,away,W,107,99,86.0,8,206,1,0,2,1,6,3,5,4,15.8,Chennedy Carter,1630150,8,,11,1,False,0,1,16.8,27.0,12.2,1.8,1.3,13,0,12.7,0.5822784810126581,0.37974683544303794,0.8333333333333334,0.3333333333333333
2026-27,1022600149,2026-07-03,Jul,LVA,CHI,home,W,98,90,90.0,8,188,1,1,0,0,1,1,2,2,11.2,Chennedy Carter,1630150,-13,,4,0,False,0,1,16.8,27.0,12.2,1.8,1.3,5,1,7.5,0.2571428571428572,0.08928571428571429,2.0,0.0
2026-27,1022600153,2026-07-05,Jul,LVA,IND,home,L,68,84,72.5,-16,152,1,0,0,0,2,0,0,0,15.1,Chennedy Carter,1630150,-9,,0,2,False,1,0,16.8,27.0,12.2,1.8,1.3,3,1,6.9,0.13245033112582782,0.13245033112582782,0.0,0.0
2026-27,1022600014,2026-05-12,May,PDX,NYL,home,W,98,96,79.0,2,194,2,0,5,4,7,4,1,1,14.1,Kamiah Smalls,1630154,-12,,13,0,False,0,2,15.0,20.9,7.5,0.0,3.0,15,0,14.0,0.6695035460992909,0.49645390070921985,0.14285714285714285,0.7142857142857143
2026-27,1022600020,2026-05-14,May,PDX,NYL,home,L,82,100,86.0,-18,182,4,0,2,0,3,1,0,0,16.1,Kamiah Smalls,1630154,-7,G,2,0,False,0,2,15.0,20.9,7.5,0.0,3.0,6,0,6.0,0.3105590062111801,0.18633540372670807,0.0,0.6666666666666666
2026-27,1022600032,2026-05-20,May,PDX,IND,away,L,73,90,82.0,-17,163,0,0,0,0,0,0,0,0,0.0,Kamiah Smalls,1630154,0,,0,0,False,0,0,15.0,20.9,7.5,0.0,3.0,0,0,0.0,,,,
2026-27,1022600045,2026-05-24,May,NYL,DAL,home,L,76,91,77.0,-15,167,1,0,0,0,0,0,0,0,1.4,Raquel Carrera,1630384,0,,0,0,False,0,0,5.9,13.6,2.1,1.4,0.30000000000000004,1,0,1.5,0.0,0.0,,
2026-27,1022600047,2026-05-25,May,NYL,PDX,home,L,74,81,78.0,-7,155,0,0,0,0,0,0,0,0,0.0,Raquel Carrera,1630384,0,,0,0,False,0,0,5.9,13.6,2.1,1.4,0.30000000000000004,0,0,0.0,,,,
2026-27,1022600049,2026-05-27,May,NYL,PHX,home,W,84,74,77.5,10,158,0,0,0,0,0,0,0,0,1.2,Raquel Carrera,1630384,-5,,0,0,False,0,0,5.9,13.6,2.1,1.4,0.30000000000000004,0,0,0.0,0.0,0.0,,
2026-27,1022600056,2026-05-29,May,NYL,PHX,home,W,75,68,76.0,7,143,0,0,0,0,0,0,0,0,0.0,Raquel Carrera,1630384,0,,0,0,False,0,0,5.9,13.6,2.1,1.4,0.30000000000000004,0,0,0.0,,,,
2026-27,1022600070,2026-06-03,Jun,NYL,TOR,home,W,97,82,78.5,15,179,0,0,0,0,0,0,0,0,0.0,Raquel Carrera,1630384,0,,0,0,False,0,0,5.9,13.6,2.1,1.4,0.30000000000000004,0,0,0.0,,,,
2026-27,1022600080,2026-06-06,Jun,NYL,IND,home,W,83,75,85.0,8,158,0,0,0,0,0,0,0,0,0.0,Raquel Carrera,1630384,0,,0,0,False,0,0,5.9,13.6,2.1,1.4,0.30000000000000004,0,0,0.0,,,,
2026-27,1022600083,2026-06-08,Jun,NYL,CON,away,W,89,80,82.0,9,169,1,1,1,0,3,2,4,3,13.2,Raquel Carrera,1630384,1,,7,5,False,0,2,5.9,13.6,2.1,1.4,0.30000000000000004,13,1,15.5,0.5121212121212121,0.2272727272727273,1.3333333333333333,0.3333333333333333
2026-27,1022600092,2026-06-11,Jun,NYL,ATL,away,W,104,90,80.5,14,194,0,0,1,1,2,1,0,0,8.1,Raquel Carrera,1630384,10,,3,0,False,0,0,5.9,13.6,2.1,1.4,0.30000000000000004,3,0,3.0,0.2469135802469136,0.2469135802469136,0.0,0.5
2026-27,1022600101,2026-06-14,Jun,NYL,WAS,home,W,86,64,78.5,22,150,0,0,0,0,1,1,2,2,1.8,Raquel Carrera,1630384,6,,4,0,False,0,0,5.9,13.6,2.1,1.4,0.30000000000000004,4,0,4.0,1.0444444444444443,0.5555555555555556,2.0,0.0
2026-27,1022600108,2026-06-17,Jun,NYL,CHI,away,W,96,95,80.5,1,191,0,0,0,0,0,0,0,0,0.0,Raquel Carrera,1630384,0,,0,0,False,0,0,5.9,13.6,2.1,1.4,0.30000000000000004,0,0,0.0,,,,
2026-27,1022600115,2026-06-19,Jun,NYL,WAS,home,L,83,86,79.0,-3,169,0,0,0,0,0,0,0,0,0.0,Raquel Carrera,1630384,0,,0,0,False,0,0,5.9,13.6,2.1,1.4,0.30000000000000004,0,0,0.0,,,,
2026-27,1022600122,2026-06-21,Jun,NYL,LAS,away,L,97,98,83.5,-1,195,0,0,0,0,0,0,0,0,0.6,Raquel Carrera,1630384,-4,,0,0,False,0,0,5.9,13.6,2.1,1.4,0.30000000000000004,0,0,0.0,0.0,0.0,,
2026-27,1022600127,2026-06-23,Jun,NYL,LVA,away,W,87,76,77.5,11,163,0,0,0,0,0,0,0,0,0.0,Raquel Carrera,1630384,0,,0,0,False,0,0,5.9,13.6,2.1,1.4,0.30000000000000004,0,0,0.0,,,,
2026-27,1022600134,2026-06-25,Jun,NYL,SEA,away,L,88,99,83.5,-11,187,0,0,1,0,4,3,2,1,16.8,Raquel Carrera,1630384,-2,,7,5,False,0,1,5.9,13.6,2.1,1.4,0.30000000000000004,12,0,12.0,0.35,0.23809523809523808,0.5,0.25
2026-27,1022600144,2026-06-28,Jun,NYL,GSV,away,L,67,76,69.0,-9,143,0,0,0,0,0,0,2,0,7.6,Raquel Carrera,1630384,6,,0,4,False,1,1,5.9,13.6,2.1,1.4,0.30000000000000004,4,1,6.8,0.24736842105263157,0.0,,
2026-27,1022600148,2026-07-03,Jul,NYL,MIN,home,W,99,86,78.0,13,185,0,0,0,0,0,0,0,0,3.2,Raquel Carrera,1630384,-1,,0,0,False,0,0,5.9,13.6,2.1,1.4,0.30000000000000004,0,0,0.0,0.0,0.0,,
2026-27,1022600157,2026-07-07,Jul,NYL,DAL,home,L,77,88,81.0,-11,165,1,0,0,0,0,0,0,0,4.6,Raquel Carrera,1630384,-3,,0,0,False,0,0,5.9,13.6,2.1,1.4,0.30000000000000004,1,0,1.5,0.0,0.0,,
2026-27,1022600004,2026-05-09,May,DAL,IND,away,W,107,104,89.0,3,211,1,0,0,0,0,0,0,0,2.2,Awak Kuier,1630386,1,,0,1,False,1,0,17.4,15.7,5.8,3.3,1.1,2,1,5.7,0.0,0.0,,
2026-27,1022600012,2026-05-12,May,DAL,ATL,home,L,72,77,78.0,-5,149,1,1,2,1,4,2,2,1,14.5,Awak Kuier,1630386,9,,6,4,False,0,0,17.4,15.7,5.8,3.3,1.1,11,1,15.3,0.33655172413793105,0.27586206896551724,0.5,0.5
2026-27,1022600019,2026-05-14,May,DAL,MIN,home,L,86,90,78.0,-4,176,0,0,0,0,0,0,0,0,6.1,Awak Kuier,1630386,6,,0,1,False,0,1,17.4,15.7,5.8,3.3,1.1,1,0,0.19999999999999996,0.1639344262295082,0.0,,
2026-27,1022600029,2026-05-18,May,DAL,WAS,home,W,92,69,73.5,23,161,4,1,2,0,6,4,1,1,20.3,Awak Kuier,1630386,11,,9,3,True,3,0,17.4,15.7,5.8,3.3,1.1,16,4,30.6,0.31724137931034485,0.29556650246305416,0.16666666666666666,0.3333333333333333
2026-27,1022600033,2026-05-20,May,DAL,CHI,away,W,99,89,79.5,10,188,0,0,1,0,2,0,0,0,5.2,Awak Kuier,1630386,-3,,0,1,False,0,0,17.4,15.7,5.8,3.3,1.1,1,0,1.2,0.3846153846153846,0.3846153846153846,0.0,0.5
2026-27,1022600038,2026-05-22,May,DAL,ATL,away,L,69,86,78.0,-17,155,0,1,2,2,6,6,5,2,17.0,Awak Kuier,1630386,8,,16,4,False,1,3,17.4,15.7,5.8,3.3,1.1,20,2,23.8,0.6588235294117647,0.35294117647058826,0.8333333333333334,0.3333333333333333
2026-27,1022600045,2026-05-24,May,DAL,NYL,away,W,91,76,77.0,15,167,1,2,3,2,3,2,4,4,24.4,Awak Kuier,1630386,17,,10,6,True,0,1,17.4,15.7,5.8,3.3,1.1,17,2,23.7,0.2360655737704918,0.12295081967213116,1.3333333333333333,1.0
2026-27,1022600054,2026-05-28,May,DAL,LVA,home,W,95,87,78.5,8,182,0,2,3,2,5,3,4,4,21.5,Awak Kuier,1630386,7,,12,4,True,0,1,17.4,15.7,5.8,3.3,1.1,16,2,21.8,0.36093023255813955,0.23255813953488372,0.8,0.6
2026-27,1022600087,2026-06-09,Jun,DAL,MIN,away,L,76,100,84.0,-24,176,0,0,0,0,0,0,0,0,0.0,Awak Kuier,1630386,0,,0,0,False,0,0,17.4,15.7,5.8,3.3,1.1,0,0,0.0,,,,
2026-27,1022600093,2026-06-11,Jun,DAL,PHX,home,W,85,70,82.5,15,155,1,1,1,0,3,2,0,0,15.3,Awak Kuier,1630386,2,,4,3,False,0,2,17.4,15.7,5.8,3.3,1.1,8,1,10.1,0.32679738562091504,0.19607843137254902,0.0,0.3333333333333333
2026-27,1022600099,2026-06-13,Jun,DAL,PDX,away,L,83,84,78.5,-1,167,3,2,1,0,5,1,2,1,23.6,Awak Kuier,1630386,1,,3,5,True,2,1,17.4,15.7,5.8,3.3,1.1,11,4,24.5,0.2915254237288135,0.211864406779661,0.4,0.2
2026-27,1022600103,2026-06-15,Jun,DAL,LVA,home,W,96,66,80.0,30,162,0,2,3,1,9,3,0,0,26.9,Awak Kuier,1630386,26,F,7,4,True,2,3,17.4,15.7,5.8,3.3,1.1,11,4,20.8,0.446096654275093,0.3345724907063197,0.0,0.3333333333333333
2026-27,1022600109,2026-06-17,Jun,DAL,GSV,away,L,80,91,77.5,-11,171,1,0,2,0,3,1,2,1,23.6,Awak Kuier,1630386,-16,F,3,2,True,1,3,17.4,15.7,5.8,3.3,1.1,6,1,6.9,0.2915254237288135,0.1271186440677966,0.6666666666666666,0.6666666666666666
2026-27,1022600119,2026-06-20,Jun,DAL,CHI,home,W,93,92,83.0,1,185,0,1,3,1,4,1,0,0,14.0,Awak Kuier,1630386,3,C,3,0,False,0,1,17.4,15.7,5.8,3.3,1.1,3,1,5.0,0.35714285714285715,0.2857142857142857,0.0,0.75
2026-27,1022600126,2026-06-22,Jun,DAL,SEA,away,W,112,110,91.5,2,222,0,2,2,0,8,3,0,0,22.0,Awak Kuier,1630386,-9,F,6,4,True,0,2,17.4,15.7,5.8,3.3,1.1,10,2,14.8,0.45454545454545453,0.36363636363636365,0.0,0.25
2026-27,1022600133,2026-06-25,Jun,DAL,LVA,away,L,84,99,84.0,-15,183,1,0,1,0,7,4,0,0,20.6,Awak Kuier,1630386,-2,F,8,2,True,0,1,17.4,15.7,5.8,3.3,1.1,11,0,10.9,0.3883495145631068,0.3398058252427184,0.0,0.14285714285714285
2026-27,1022600141,2026-06-28,Jun,DAL,MIN,home,L,77,85,81.5,-8,162,0,1,2,0,5,1,0,0,16.4,Awak Kuier,1630386,-11,F,2,3,False,0,1,17.4,15.7,5.8,3.3,1.1,5,1,7.6,0.3658536585365854,0.30487804878048785,0.0,0.4
2026-27,1022600146,2026-07-02,Jul,DAL,CON,away,W,86,83,80.0,3,169,0,0,1,0,5,2,1,1,13.7,Awak Kuier,1630386,-8,F,5,0,True,0,0,17.4,15.7,5.8,3.3,1.1,5,0,5.0,0.39708029197080297,0.36496350364963503,0.2,0.2
2026-27,1022600152,2026-07-05,Jul,DAL,TOR,away,W,89,76,76.0,13,165,0,3,2,2,6,4,0,0,21.2,Awak Kuier,1630386,16,F,10,6,True,1,0,17.4,15.7,5.8,3.3,1.1,16,4,29.2,0.2830188679245283,0.2830188679245283,0.0,0.3333333333333333
2026-27,1022600157,2026-07-07,Jul,DAL,NYL,away,W,88,77,81.0,11,165,7,3,4,3,6,3,1,1,27.7,Awak Kuier,1630386,8,F,10,12,True,0,1,17.4,15.7,5.8,3.3,1.1,29,3,42.9,0.2685920577617329,0.21660649819494585,0.16666666666666666,0.6666666666666666
2026-27,1022600166,2026-07-10,Jul,DAL,TOR,away,W,108,95,78.5,13,203,1,1,1,1,3,1,0,0,11.5,Awak Kuier,1630386,3,F,3,1,False,1,0,17.4,15.7,5.8,3.3,1.1,5,2,11.7,0.2608695652173913,0.2608695652173913,0.0,0.3333333333333333
2026-27,1022600016,2026-05-13,May,LVA,CON,away,W,98,69,83.0,29,167,0,0,0,0,0,0,0,0,0.0,Dana Evans,1630389,0,,0,0,False,0,0,,,,,,0,0,0.0,,,,
2026-27,1022600021,2026-05-15,May,LVA,CON,away,W,101,94,84.5,7,195,0,0,0,0,0,0,0,0,0.0,Dana Evans,1630389,0,,0,0,False,0,0,,,,,,0,0,0.0,,,,
2026-27,1022600094,2026-06-11,Jun,LVA,PDX,away,W,105,89,79.5,16,194,0,0,0,0,0,0,0,0,0.0,Dana Evans,1630389,0,,0,0,False,0,0,,,,,,0,0,0.0,,,,
2026-27,1022600111,2026-06-17,Jun,LVA,PHX,away,W,86,76,77.0,10,162,0,0,0,0,0,0,0,0,0.0,Dana Evans,1630389,0,,0,0,False,0,0,,,,,,0,0,0.0,,,,
2026-27,1022600127,2026-06-23,Jun,LVA,NYL,home,L,76,87,77.5,-11,163,0,0,0,0,0,0,0,0,0.0,Dana Evans,1630389,0,,0,0,False,0,0,,,,,,0,0,0.0,,,,
2026-27,1022600143,2026-06-28,Jun,LVA,CHI,away,W,107,99,86.0,8,206,0,0,0,0,0,0,0,0,0.0,Dana Evans,1630389,0,,0,0,False,0,0,,,,,,0,0,0.0,,,,
2026-27,1022600164,2026-07-09,Jul,LVA,PDX,away,W,88,80,77.0,8,168,0,0,0,0,0,0,0,0,0.0,Dana Evans,1630389,0,,0,0,False,0,0,,,,,,0,0,0.0,,,,
2026-27,1022600005,2026-05-09,May,PHX,LVA,away,W,99,66,83.0,33,165,1,1,0,0,5,4,2,2,25.3,Natasha Mack,1630442,34,C,10,15,True,1,0,25.2,14.8,9.2,8.3,1.5,26,2,35.5,0.23241106719367588,0.1976284584980237,0.4,0.0
2026-27,1022600011,2026-05-10,May,PHX,GSV,away,L,79,95,76.5,-16,174,1,1,1,1,5,4,2,2,28.8,Natasha Mack,1630442,-11,C,11,2,True,0,1,25.2,14.8,9.2,8.3,1.5,14,1,16.9,0.23888888888888887,0.1736111111111111,0.4,0.2
2026-27,1022600013,2026-05-12,May,PHX,MIN,home,L,84,88,81.0,-4,172,0,3,1,0,5,4,1,1,27.7,Natasha Mack,1630442,-5,C,9,10,True,1,0,25.2,14.8,9.2,8.3,1.5,19,4,33.0,0.19638989169675092,0.18050541516245489,0.2,0.2
2026-27,1022600024,2026-05-15,May,PHX,CHI,home,W,91,83,83.0,8,174,3,4,0,0,8,3,6,4,29.9,Natasha Mack,1630442,9,C,10,6,True,1,3,25.2,14.8,9.2,8.3,1.5,19,5,33.7,0.4561872909698997,0.26755852842809363,0.75,0.0
2026-27,1022600031,2026-05-19,May,PHX,TOR,home,L,90,98,82.5,-8,188,3,0,0,0,7,6,0,0,17.8,Natasha Mack,1630442,4,C,12,10,False,0,0,25.2,14.8,9.2,8.3,1.5,25,0,28.5,0.3932584269662921,0.3932584269662921,0.0,0.0
2026-27,1022600037,2026-05-21,May,PHX,LAS,home,L,88,97,81.0,-9,185,2,0,0,0,6,4,3,2,28.0,Natasha Mack,1630442,3,C,10,9,True,2,1,25.2,14.8,9.2,8.3,1.5,21,2,28.799999999999997,0.29714285714285715,0.21428571428571427,0.5,0.0
2026-27,1022600044,2026-05-24,May,PHX,ATL,away,L,80,82,76.5,-2,162,1,2,0,0,5,3,0,0,16.3,Natasha Mack,1630442,4,C,6,7,False,0,1,25.2,14.8,9.2,8.3,1.5,14,2,20.9,0.36809815950920244,0.3067484662576687,0.0,0.0
2026-27,1022600049,2026-05-27,May,PHX,NYL,away,L,74,84,77.5,-10,158,1,2,0,0,7,6,2,2,27.6,Natasha Mack,1630442,-5,C,14,6,True,0,1,25.2,14.8,9.2,8.3,1.5,21,2,27.7,0.3217391304347826,0.25362318840579706,0.2857142857142857,0.0
2026-27,1022600056,2026-05-29,May,PHX,NYL,away,L,68,75,76.0,-7,143,0,1,0,0,5,3,0,0,27.6,Natasha Mack,1630442,-11,C,6,9,True,5,1,25.2,14.8,9.2,8.3,1.5,15,6,33.8,0.21739130434782608,0.18115942028985507,0.0,0.0
2026-27,1022600065,2026-06-01,Jun,PHX,MIN,home,L,77,111,79.0,-34,188,1,0,0,0,4,2,0,0,20.5,Natasha Mack,1630442,-20,C,4,11,True,0,1,25.2,14.8,9.2,8.3,1.5,16,0,17.7,0.24390243902439024,0.1951219512195122,0.0,0.0
2026-27,1022600071,2026-06-03,Jun,PHX,SEA,away,W,72,68,79.5,4,140,2,3,0,0,7,7,2,2,25.9,Natasha Mack,1630442,11,C,16,10,True,0,1,25.2,14.8,9.2,8.3,1.5,28,3,39.0,0.34285714285714286,0.2702702702702703,0.2857142857142857,0.0
2026-27,1022600076,2026-06-05,Jun,PHX,PDX,away,W,78,72,74.5,6,150,2,1,0,0,11,7,2,2,28.7,Natasha Mack,1630442,14,C,16,4,True,1,1,25.2,14.8,9.2,8.3,1.5,22,2,28.8,0.4487804878048781,0.3832752613240418,0.18181818181818182,0.0
2026-27,1022600088,2026-06-09,Jun,PHX,GSV,away,L,81,87,74.5,-6,168,1,1,1,1,5,3,5,2,25.1,Natasha Mack,1630442,-16,C,9,10,False,0,2,25.2,14.8,9.2,8.3,1.5,20,1,23.5,0.3665338645418326,0.199203187250996,1.0,0.2
2026-27,1022600093,2026-06-11,Jun,PHX,DAL,away,L,70,85,82.5,-15,155,2,0,0,0,6,3,2,2,21.7,Natasha Mack,1630442,-16,C,8,3,False,0,1,25.2,14.8,9.2,8.3,1.5,13,0,13.6,0.3631336405529954,0.2764976958525346,0.3333333333333333,0.0
2026-27,1022600100,2026-06-13,Jun,PHX,LAS,home,L,102,111,88.5,-9,213,4,3,1,0,9,5,1,1,34.6,Natasha Mack,1630442,6,C,11,12,True,4,0,25.2,14.8,9.2,8.3,1.5,27,7,52.4,0.2728323699421965,0.26011560693641617,0.1111111111111111,0.1111111111111111
2026-27,1022600111,2026-06-17,Jun,PHX,LVA,home,L,76,86,77.0,-10,162,0,1,1,0,3,0,0,0,22.5,Natasha Mack,1630442,-6,C,0,8,True,0,0,25.2,14.8,9.2,8.3,1.5,8,1,12.6,0.13333333333333333,0.13333333333333333,0.0,0.3333333333333333
2026-27,1022600118,2026-06-20,Jun,PHX,SEA,home,W,93,73,78.5,20,166,2,1,0,0,10,4,4,2,22.7,Natasha Mack,1630442,19,C,10,10,True,0,2,25.2,14.8,9.2,8.3,1.5,22,1,26.0,0.6061674008810573,0.4405286343612335,0.4,0.0
2026-27,1022600125,2026-06-22,Jun,PHX,IND,away,L,77,86,80.5,-9,163,1,0,0,0,7,2,0,0,21.3,Natasha Mack,1630442,-8,C,4,7,False,0,3,25.2,14.8,9.2,8.3,1.5,12,0,10.9,0.4694835680751174,0.32863849765258213,0.0,0.0
2026-27,1022600128,2026-06-24,Jun,PHX,IND,away,W,111,109,84.0,2,220,0,0,0,0,0,0,0,0,0.0,Natasha Mack,1630442,0,,0,0,False,0,0,25.2,14.8,9.2,8.3,1.5,0,0,0.0,,,,
2026-27,1022600138,2026-06-27,Jun,PHX,TOR,away,W,89,80,78.5,9,169,0,0,0,0,0,0,0,0,0.0,Natasha Mack,1630442,0,,0,0,False,0,0,25.2,14.8,9.2,8.3,1.5,0,0,0.0,,,,
2026-27,1022600147,2026-07-02,Jul,PHX,SEA,home,W,90,67,76.0,23,157,0,0,0,0,0,0,0,0,0.0,Natasha Mack,1630442,0,,0,0,False,0,0,25.2,14.8,9.2,8.3,1.5,0,0,0.0,,,,
2026-27,1022600158,2026-07-07,Jul,PHX,CHI,home,L,66,77,80.0,-11,143,0,0,0,0,0,0,0,0,0.0,Natasha Mack,1630442,0,,0,0,False,0,0,25.2,14.8,9.2,8.3,1.5,0,0,0.0,,,,
2026-27,1022600163,2026-07-09,Jul,PHX,IND,home,L,89,92,78.5,-3,181,0,0,0,0,0,0,0,0,0.0,Natasha Mack,1630442,0,,0,0,False,0,0,25.2,14.8,9.2,8.3,1.5,0,0,0.0,,,,
2026-27,1022600008,2026-05-10,May,WAS,NYL,home,L,93,98,86.5,-5,191,0,0,0,0,0,0,0,0,0.0,Michaela Onyenwere,1630446,0,,0,0,False,0,0,25.9,18.4,10.8,3.0,1.4,0,0,0.0,,,,
2026-27,1022600022,2026-05-15,May,WAS,IND,away,W,104,102,94.5,2,206,0,0,0,0,0,0,0,0,0.0,Michaela Onyenwere,1630446,0,,0,0,False,0,0,25.9,18.4,10.8,3.0,1.4,0,0,0.0,,,,
2026-27,1022600046,2026-05-24,May,WAS,SEA,away,L,85,97,81.0,-12,182,0,0,1,0,3,1,4,4,17.5,Michaela Onyenwere,1630446,6,F,6,0,False,1,2,25.9,18.4,10.8,3.0,1.4,6,1,7.0,0.3862857142857143,0.17142857142857143,1.3333333333333333,0.3333333333333333
2026-27,1022600053,2026-05-27,May,WAS,SEA,away,W,78,64,72.5,14,142,2,0,7,3,10,5,2,1,22.1,Michaela Onyenwere,1630446,2,F,14,2,False,0,2,25.9,18.4,10.8,3.0,1.4,18,0,17.4,0.5828054298642534,0.4524886877828054,0.2,0.7
2026-27,1022600057,2026-05-29,May,WAS,LAS,home,L,87,92,81.0,-5,179,3,0,4,1,5,1,4,1,23.8,Michaela Onyenwere,1630446,2,F,4,3,True,0,2,25.9,18.4,10.8,3.0,1.4,10,0,10.1,0.36806722689075627,0.21008403361344538,0.8,0.8
2026-27,1022600067,2026-06-02,Jun,WAS,CHI,home,W,90,72,82.5,18,162,2,0,2,1,6,5,2,2,22.1,Michaela Onyenwere,1630446,25,F,13,7,True,1,5,25.9,18.4,10.8,3.0,1.4,22,1,22.4,0.5375565610859727,0.27149321266968324,0.3333333333333333,0.3333333333333333
2026-27,1022600079,2026-06-06,Jun,WAS,ATL,away,L,77,109,77.5,-32,186,0,0,2,0,3,1,2,2,21.3,Michaela Onyenwere,1630446,-17,F,4,0,True,0,1,25.9,18.4,10.8,3.0,1.4,4,0,3.0,0.22910798122065726,0.14084507042253522,0.6666666666666666,0.6666666666666666
2026-27,1022600084,2026-06-08,Jun,WAS,IND,home,L,76,78,81.0,-2,154,1,0,4,3,7,4,6,6,23.8,Michaela Onyenwere,1630446,6,F,17,2,True,1,2,25.9,18.4,10.8,3.0,1.4,20,1,21.9,0.4890756302521008,0.29411764705882354,0.8571428571428571,0.5714285714285714
2026-27,1022600095,2026-06-12,Jun,WAS,TOR,home,W,86,85,84.5,1,171,1,0,3,1,15,7,2,2,29.0,Michaela Onyenwere,1630446,-7,F,17,8,True,1,1,25.9,18.4,10.8,3.0,1.4,26,1,30.1,0.5820689655172415,0.5172413793103449,0.13333333333333333,0.2
2026-27,1022600101,2026-06-14,Jun,WAS,NYL,away,L,64,86,78.5,-22,150,1,1,2,2,10,7,1,1,20.9,Michaela Onyenwere,1630446,4,F,17,4,False,0,2,25.9,18.4,10.8,3.0,1.4,22,1,24.3,0.5952153110047848,0.47846889952153115,0.1,0.2
2026-27,1022600107,2026-06-17,Jun,WAS,CON,away,W,88,81,76.0,7,169,0,0,4,4,12,8,2,2,31.9,Michaela Onyenwere,1630446,11,F,22,3,True,1,2,25.9,18.4,10.8,3.0,1.4,25,1,26.6,0.46645768025078377,0.3761755485893417,0.16666666666666666,0.3333333333333333
2026-27,1022600115,2026-06-19,Jun,WAS,NYL,away,W,86,83,79.0,3,169,0,0,1,0,5,3,5,5,28.3,Michaela Onyenwere,1630446,3,F,11,2,True,0,2,25.9,18.4,10.8,3.0,1.4,13,0,11.4,0.3250883392226148,0.17667844522968199,1.0,0.2
2026-27,1022600121,2026-06-21,Jun,WAS,MIN,away,W,84,79,82.0,5,163,1,0,1,0,5,1,5,3,22.5,Michaela Onyenwere,1630446,-3,F,5,3,True,0,1,25.9,18.4,10.8,3.0,1.4,9,0,9.1,0.3644444444444444,0.2222222222222222,1.0,0.2
2026-27,1022600129,2026-06-24,Jun,WAS,MIN,home,L,76,78,86.0,-2,154,1,0,3,0,5,1,0,0,23.1,Michaela Onyenwere,1630446,8,F,2,1,False,1,1,25.9,18.4,10.8,3.0,1.4,4,1,6.7,0.2597402597402597,0.21645021645021645,0.0,0.6
2026-27,1022600135,2026-06-26,Jun,WAS,CON,away,L,57,68,77.0,-11,125,1,0,2,0,5,1,2,2,28.1,Michaela Onyenwere,1630446,-17,F,4,2,True,0,4,25.9,18.4,10.8,3.0,1.4,7,0,3.9000000000000004,0.3516014234875444,0.1779359430604982,0.4,0.4
2026-27,1022600142,2026-06-28,Jun,WAS,PDX,home,W,124,123,117.5,1,247,5,1,9,6,16,9,6,6,49.3,Michaela Onyenwere,1630446,10,F,30,5,True,1,1,25.9,18.4,10.8,3.0,1.4,40,2,48.5,0.3983772819472617,0.32454361054766734,0.375,0.5625
2026-27,1022600145,2026-07-02,Jul,WAS,ATL,home,W,81,76,82.0,5,157,3,0,0,0,6,2,0,0,23.9,Michaela Onyenwere,1630446,-6,F,4,3,True,0,3,25.9,18.4,10.8,3.0,1.4,10,0,9.1,0.3765690376569038,0.2510460251046025,0.0,0.0
2026-27,1022600154,2026-07-06,Jul,WAS,GSV,home,L,49,62,68.0,-13,111,1,0,5,0,6,1,1,0,27.9,Michaela Onyenwere,1630446,-16,F,2,3,True,0,3,25.9,18.4,10.8,3.0,1.4,6,0,4.1,0.3383512544802868,0.21505376344086022,0.16666666666666666,0.8333333333333334
2026-27,1022600005,2026-05-09,May,PHX,LVA,away,W,99,66,83.0,33,165,1,0,7,3,9,4,0,0,20.9,Kiana Williams,1630461,9,,11,1,False,2,1,13.9,16.3,4.4,0.4,1.3,13,2,18.7,0.47846889952153115,0.430622009569378,0.0,0.7777777777777778
2026-27,1022600011,2026-05-10,May,PHX,GSV,away,L,79,95,76.5,-16,174,0,0,2,2,2,2,0,0,11.7,Kiana Williams,1630461,-14,,6,1,False,0,1,13.9,16.3,4.4,0.4,1.3,7,0,6.2,0.25641025641025644,0.17094017094017094,0.0,1.0
2026-27,1022600013,2026-05-12,May,PHX,MIN,home,L,84,88,81.0,-4,172,1,0,5,1,6,1,0,0,13.9,Kiana Williams,1630461,-4,,3,0,False,1,0,13.9,16.3,4.4,0.4,1.3,4,1,7.5,0.4316546762589928,0.4316546762589928,0.0,0.8333333333333334
2026-27,1022600024,2026-05-15,May,PHX,CHI,home,W,91,83,83.0,8,174,0,0,1,0,1,0,2,2,8.2,Kiana Williams,1630461,-15,,2,0,False,0,2,13.9,16.3,4.4,0.4,1.3,2,0,0.0,0.4731707317073171,0.12195121951219513,2.0,1.0
2026-27,1022600031,2026-05-19,May,PHX,TOR,home,L,90,98,82.5,-8,188,0,0,3,1,6,3,0,0,12.3,Kiana Williams,1630461,13,,7,0,False,0,0,13.9,16.3,4.4,0.4,1.3,7,0,7.0,0.4878048780487805,0.4878048780487805,0.0,0.5
2026-27,1022600037,2026-05-21,May,PHX,LAS,home,L,88,97,81.0,-9,185,1,0,1,1,2,1,0,0,11.4,Kiana Williams,1630461,-2,,3,0,False,0,1,13.9,16.3,4.4,0.4,1.3,4,0,3.5,0.2631578947368421,0.17543859649122806,0.0,0.5
2026-27,1022600044,2026-05-24,May,PHX,ATL,away,L,80,82,76.5,-2,162,1,1,4,0,5,0,3,3,19.5,Kiana Williams,1630461,1,,3,1,False,1,1,13.9,16.3,4.4,0.4,1.3,5,2,10.7,0.37538461538461537,0.2564102564102564,0.6,0.8
2026-27,1022600049,2026-05-27,May,PHX,NYL,away,L,74,84,77.5,-10,158,0,0,2,1,2,1,0,0,6.9,Kiana Williams,1630461,0,,3,0,False,0,0,13.9,16.3,4.4,0.4,1.3,3,0,3.0,0.2898550724637681,0.2898550724637681,0.0,1.0
2026-27,1022600056,2026-05-29,May,PHX,NYL,away,L,68,75,76.0,-7,143,0,0,0,0,0,0,0,0,0.0,Kiana Williams,1630461,0,,0,0,False,0,0,13.9,16.3,4.4,0.4,1.3,0,0,0.0,,,,
2026-27,1022600122,2026-06-21,Jun,LAS,NYL,home,W,98,97,83.5,1,195,1,0,1,0,2,1,0,0,7.0,Kiana Williams,1630461,-6,,2,0,False,0,0,13.9,16.3,4.4,0.4,1.3,3,0,3.5,0.2857142857142857,0.2857142857142857,0.0,0.5
2026-27,1022600132,2026-06-25,Jun,LAS,TOR,away,L,97,125,86.5,-28,222,1,0,6,2,8,3,0,0,16.9,Kiana Williams,1630461,-11,,8,1,False,0,1,13.9,16.3,4.4,0.4,1.3,10,0,9.7,0.5325443786982249,0.4733727810650888,0.0,0.75
2026-27,1022600139,2026-06-27,Jun,LAS,IND,away,L,87,111,85.5,-24,198,0,0,3,0,7,2,0,0,19.0,Kiana Williams,1630461,-1,,4,1,False,0,0,13.9,16.3,4.4,0.4,1.3,5,0,5.2,0.3684210526315789,0.3684210526315789,0.0,0.42857142857142855
2026-27,1022600156,2026-07-06,Jul,LAS,SEA,home,L,64,82,85.0,-18,146,3,0,3,0,5,2,0,0,16.2,Kiana Williams,1630461,-4,,4,0,False,1,1,13.9,16.3,4.4,0.4,1.3,7,1,10.5,0.3703703703703704,0.308641975308642,0.0,0.6
2026-27,1022600161,2026-07-08,Jul,LAS,IND,home,W,106,92,91.5,14,198,4,0,3,1,4,2,0,0,14.6,Kiana Williams,1630461,13,,5,1,False,0,1,13.9,16.3,4.4,0.4,1.3,10,0,11.2,0.3424657534246575,0.273972602739726,0.0,0.75
2026-27,1022600167,2026-07-10,Jul,LAS,CHI,home,W,102,87,87.0,15,189,5,0,2,0,2,0,0,0,14.5,Kiana Williams,1630461,-2,,0,0,False,1,1,13.9,16.3,4.4,0.4,1.3,5,1,9.5,0.20689655172413793,0.13793103448275862,0.0,1.0
2026-27,1022600008,2026-05-10,May,NYL,WAS,away,W,98,93,86.5,5,191,0,0,0,0,0,0,0,0,0.0,Marine Fauthoux,1630469,0,,0,0,False,0,0,5.3,11.4,0.0,0.7000000000000001,0.7000000000000001,0,0,0.0,,,,
2026-27,1022600080,2026-06-06,Jun,NYL,IND,home,W,83,75,85.0,8,158,0,0,2,0,2,0,0,0,4.9,Marine Fauthoux,1630469,-5,,0,2,False,0,0,5.3,11.4,0.0,0.7000000000000001,0.7000000000000001,2,0,2.4,0.4081632653061224,0.4081632653061224,0.0,1.0
2026-27,1022600083,2026-06-08,Jun,NYL,CON,away,W,89,80,82.0,9,169,1,0,0,0,0,0,0,0,6.5,Marine Fauthoux,1630469,-3,,0,0,False,0,1,5.3,11.4,0.0,0.7000000000000001,0.7000000000000001,1,0,0.5,0.15384615384615385,0.0,,
2026-27,1022600092,2026-06-11,Jun,NYL,ATL,away,W,104,90,80.5,14,194,1,0,0,0,0,0,0,0,5.1,Marine Fauthoux,1630469,6,,0,0,False,0,1,5.3,11.4,0.0,0.7000000000000001,0.7000000000000001,1,0,0.5,0.19607843137254904,0.0,,
2026-27,1022600010,2026-05-09,May,MIN,ATL,home,L,90,91,86.5,-1,181,0,0,1,1,2,2,1,1,8.3,Maya Caldwell,1630471,5,,6,2,False,0,1,14.7,15.4,4.5,2.2,1.2,8,0,7.4,0.4144578313253012,0.24096385542168672,0.5,0.5
2026-27,1022600013,2026-05-12,May,MIN,PHX,away,W,88,84,81.0,4,172,0,0,0,0,0,0,0,0,7.9,Maya Caldwell,1630471,0,,0,2,False,0,0,14.7,15.4,4.5,2.2,1.2,2,0,2.4,0.0,0.0,,
2026-27,1022600019,2026-05-14,May,MIN,DAL,away,W,90,86,78.0,4,176,3,0,3,0,4,0,0,0,11.3,Maya Caldwell,1630471,4,,0,0,False,2,1,14.7,15.4,4.5,2.2,1.2,3,2,9.5,0.44247787610619466,0.35398230088495575,0.0,0.75
2026-27,1022600025,2026-05-17,May,MIN,CHI,home,L,79,86,84.5,-7,165,2,1,2,1,4,2,0,0,16.1,Maya Caldwell,1630471,-5,,5,2,False,0,0,14.7,15.4,4.5,2.2,1.2,9,1,13.4,0.24844720496894407,0.24844720496894407,0.0,0.5
2026-27,1022600036,2026-05-21,May,MIN,TOR,home,W,100,72,77.5,28,172,3,1,7,4,12,6,0,0,21.6,Maya Caldwell,1630471,11,,16,3,False,1,0,14.7,15.4,4.5,2.2,1.2,22,2,30.1,0.5555555555555555,0.5555555555555555,0.0,0.5833333333333334
2026-27,1022600041,2026-05-23,May,MIN,CHI,away,W,85,75,86.5,10,160,2,0,1,0,2,0,2,2,13.3,Maya Caldwell,1630471,0,,2,3,False,0,1,14.7,15.4,4.5,2.2,1.2,7,0,7.6,0.29172932330827067,0.15037593984962405,1.0,0.5
2026-27,1022600051,2026-05-27,May,MIN,ATL,home,W,96,81,77.0,15,177,1,0,1,0,3,1,0,0,13.8,Maya Caldwell,1630471,-4,,2,0,False,1,1,14.7,15.4,4.5,2.2,1.2,3,1,5.5,0.2898550724637681,0.21739130434782608,0.0,0.3333333333333333
2026-27,1022600058,2026-05-29,May,MIN,CHI,away,W,79,58,86.0,21,137,0,1,4,1,6,1,2,2,17.4,Maya Caldwell,1630471,13,,5,4,False,1,0,14.7,15.4,4.5,2.2,1.2,9,2,15.8,0.39540229885057476,0.3448275862068966,0.3333333333333333,0.6666666666666666
2026-27,1022600065,2026-06-01,Jun,MIN,PHX,away,W,111,77,79.0,34,188,0,1,2,1,5,2,0,0,17.5,Maya Caldwell,1630471,17,,5,2,False,0,1,14.7,15.4,4.5,2.2,1.2,7,1,9.4,0.34285714285714286,0.2857142857142857,0.0,0.4
2026-27,1022600073,2026-06-04,Jun,MIN,GSV,home,W,87,84,75.5,3,171,1,1,1,1,2,1,2,2,12.3,Maya Caldwell,1630471,3,,5,2,False,1,1,14.7,15.4,4.5,2.2,1.2,8,2,13.9,0.3154471544715447,0.16260162601626016,1.0,0.5
2026-27,1022600077,2026-06-06,Jun,MIN,SEA,home,W,88,68,80.0,20,156,1,0,5,2,8,2,0,0,22.4,Maya Caldwell,1630471,8,,6,3,False,0,3,14.7,15.4,4.5,2.2,1.2,10,0,8.1,0.4910714285714286,0.35714285714285715,0.0,0.625
2026-27,1022600087,2026-06-09,Jun,MIN,DAL,home,W,100,76,84.0,24,176,0,0,1,0,5,1,2,1,14.7,Maya Caldwell,1630471,8,,3,2,False,0,0,14.7,15.4,4.5,2.2,1.2,5,0,5.4,0.4,0.3401360544217687,0.4,0.2
2026-27,1022600098,2026-06-13,Jun,MIN,LVA,away,L,97,100,77.5,-3,197,0,0,0,0,2,0,0,0,6.5,Maya Caldwell,1630471,1,,0,0,False,0,0,14.7,15.4,4.5,2.2,1.2,0,0,0.0,0.3076923076923077,0.3076923076923077,0.0,0.0
2026-27,1022600104,2026-06-15,Jun,MIN,PDX,home,W,107,74,81.5,33,181,1,0,2,1,6,4,2,2,15.1,Maya Caldwell,1630471,6,,11,4,False,1,0,14.7,15.4,4.5,2.2,1.2,16,1,20.3,0.4556291390728477,0.3973509933774835,0.3333333333333333,0.3333333333333333
2026-27,1022600110,2026-06-17,Jun,MIN,LAS,away,W,99,83,86.5,16,182,3,1,3,1,7,2,2,2,25.4,Maya Caldwell,1630471,18,,7,7,True,2,3,14.7,15.4,4.5,2.2,1.2,17,3,25.9,0.4283464566929134,0.2755905511811024,0.2857142857142857,0.42857142857142855
2026-27,1022600116,2026-06-19,Jun,MIN,GSV,away,W,81,75,78.5,6,156,0,0,0,0,4,0,0,0,10.6,Maya Caldwell,1630471,2,,0,2,False,0,1,14.7,15.4,4.5,2.2,1.2,2,0,1.4,0.4716981132075472,0.37735849056603776,0.0,0.0
2026-27,1022600121,2026-06-21,Jun,MIN,WAS,home,L,79,84,82.0,-5,163,1,0,1,0,4,2,0,0,12.7,Maya Caldwell,1630471,-1,,4,0,False,2,0,14.7,15.4,4.5,2.2,1.2,5,2,11.5,0.31496062992125984,0.31496062992125984,0.0,0.25
2026-27,1022600129,2026-06-24,Jun,MIN,WAS,away,W,78,76,86.0,2,154,1,0,2,1,4,2,0,0,14.2,Maya Caldwell,1630471,2,,5,2,False,0,0,14.7,15.4,4.5,2.2,1.2,8,0,8.9,0.28169014084507044,0.28169014084507044,0.0,0.5
2026-27,1022600141,2026-06-28,Jun,MIN,DAL,away,W,85,77,81.5,8,162,1,0,1,1,3,2,0,0,9.8,Maya Caldwell,1630471,-3,,5,3,False,1,0,14.7,15.4,4.5,2.2,1.2,9,1,13.1,0.3061224489795918,0.3061224489795918,0.0,0.3333333333333333
2026-27,1022600148,2026-07-03,Jul,MIN,NYL,away,L,86,99,78.0,-13,185,3,0,1,1,3,1,0,0,23.1,Maya Caldwell,1630471,2,,3,2,False,1,1,14.7,15.4,4.5,2.2,1.2,8,1,11.9,0.17316017316017315,0.12987012987012986,0.0,0.3333333333333333
2026-27,1022600155,2026-07-06,Jul,MIN,CON,home,L,89,90,80.5,-1,179,3,0,2,0,2,0,2,2,13.1,Maya Caldwell,1630471,-8,G,2,2,False,0,1,14.7,15.4,4.5,2.2,1.2,7,0,7.9,0.2961832061068702,0.15267175572519084,1.0,1.0
2026-27,1022600160,2026-07-08,Jul,MIN,CON,away,W,86,80,78.5,6,166,1,0,5,2,6,2,0,0,17.0,Maya Caldwell,1630471,-1,G,6,2,False,1,0,14.7,15.4,4.5,2.2,1.2,9,1,12.9,0.35294117647058826,0.35294117647058826,0.0,0.8333333333333334
2026-27,1022600005,2026-05-09,May,PHX,LVA,away,W,99,66,83.0,33,165,0,0,0,0,2,0,2,1,5.8,Anneli Maley,1630993,-1,,1,2,False,0,0,7.0,7.8,0.30000000000000004,1.3,0.0,3,0,3.4,0.496551724137931,0.3448275862068966,1.0,0.0
2026-27,1022600011,2026-05-10,May,PHX,GSV,away,L,79,95,76.5,-16,174,0,0,0,0,0,0,0,0,0.3,Anneli Maley,1630993,-2,,0,0,False,0,0,7.0,7.8,0.30000000000000004,1.3,0.0,0,0,0.0,0.0,0.0,,
2026-27,1022600013,2026-05-12,May,PHX,MIN,home,L,84,88,81.0,-4,172,0,0,0,0,0,0,0,0,0.0,Anneli Maley,1630993,0,,0,0,False,0,0,7.0,7.8,0.30000000000000004,1.3,0.0,0,0,0.0,,,,
2026-27,1022600024,2026-05-15,May,PHX,CHI,home,W,91,83,83.0,8,174,0,0,0,0,0,0,0,0,0.0,Anneli Maley,1630993,0,,0,0,False,0,0,7.0,7.8,0.30000000000000004,1.3,0.0,0,0,0.0,,,,
2026-27,1022600045,2026-05-24,May,NYL,DAL,home,L,76,91,77.0,-15,167,0,0,2,0,2,0,0,0,11.1,Anneli Maley,1630993,4,,0,3,False,1,0,7.0,7.8,0.30000000000000004,1.3,0.0,3,1,6.6,0.1801801801801802,0.1801801801801802,0.0,1.0
2026-27,1022600047,2026-05-25,May,NYL,PDX,home,L,74,81,78.0,-7,155,0,0,0,0,0,0,0,0,11.0,Anneli Maley,1630993,-3,,0,0,False,2,0,7.0,7.8,0.30000000000000004,1.3,0.0,0,2,6.0,0.0,0.0,,
2026-27,1022600083,2026-06-08,Jun,NYL,CON,away,W,89,80,82.0,9,169,0,0,0,0,0,0,0,0,0.0,Anneli Maley,1630993,0,,0,0,False,0,0,7.0,7.8,0.30000000000000004,1.3,0.0,0,0,0.0,,,,
2026-27,1022600134,2026-06-25,Jun,NYL,SEA,away,L,88,99,83.5,-11,187,0,0,0,0,0,0,0,0,0.0,Anneli Maley,1630993,0,,0,0,False,0,0,7.0,7.8,0.30000000000000004,1.3,0.0,0,0,0.0,,,,
2026-27,1022600009,2026-05-10,May,LAS,LVA,home,L,78,105,83.0,-27,183,1,0,3,1,6,2,0,0,28.0,Rae Burrell,1630996,-24,F,5,3,True,1,2,27.2,20.9,12.3,2.2,2.0,9,1,11.1,0.2857142857142857,0.21428571428571427,0.0,0.5
2026-27,1022600018,2026-05-13,May,LAS,IND,home,L,78,87,82.0,-9,165,1,0,2,0,10,4,2,2,28.9,Rae Burrell,1630996,-7,F,10,1,True,2,1,27.2,20.9,12.3,2.2,2.0,12,2,17.7,0.4110726643598616,0.34602076124567477,0.2,0.2
2026-27,1022600023,2026-05-15,May,LAS,TOR,home,W,99,95,80.0,4,194,2,0,3,2,6,5,2,1,35.3,Rae Burrell,1630996,10,F,13,5,True,0,5,27.2,20.9,12.3,2.2,2.0,20,0,17.0,0.3365439093484419,0.16997167138810199,0.3333333333333333,0.5
2026-27,1022600028,2026-05-17,May,LAS,TOR,home,L,96,106,80.0,-10,202,2,0,1,0,2,0,2,2,17.9,Rae Burrell,1630996,-2,F,2,3,False,0,1,27.2,20.9,12.3,2.2,2.0,7,0,7.6,0.21675977653631287,0.111731843575419,1.0,0.5
2026-27,1022600037,2026-05-21,May,LAS,PHX,away,W,97,88,81.0,9,185,2,0,5,2,9,4,2,2,21.6,Rae Burrell,1630996,8,,12,1,False,0,2,27.2,20.9,12.3,2.2,2.0,15,0,14.2,0.55,0.41666666666666663,0.2222222222222222,0.5555555555555556
2026-27,1022600043,2026-05-23,May,LAS,LVA,away,W,101,95,84.0,6,196,2,0,6,2,7,3,2,2,25.4,Rae Burrell,1630996,-9,,10,2,True,1,1,27.2,20.9,12.3,2.2,2.0,14,1,17.4,0.3496062992125984,0.2755905511811024,0.2857142857142857,0.8571428571428571
2026-27,1022600057,2026-05-29,May,LAS,WAS,away,W,92,87,81.0,5,179,1,0,5,0,8,2,1,0,32.0,Rae Burrell,1630996,-5,F,4,2,True,0,1,27.2,20.9,12.3,2.2,2.0,7,0,6.9,0.295,0.25,0.125,0.625
2026-27,1022600061,2026-05-30,May,LAS,CON,away,L,81,84,83.0,-3,165,1,1,4,2,13,6,2,2,27.0,Rae Burrell,1630996,-6,F,16,5,True,0,2,27.2,20.9,12.3,2.2,2.0,22,1,24.5,0.5881481481481482,0.48148148148148145,0.15384615384615385,0.3076923076923077
2026-27,1022600069,2026-06-02,Jun,LAS,LVA,home,L,69,79,78.5,-10,148,1,0,4,2,14,8,6,4,33.0,Rae Burrell,1630996,-7,F,22,1,True,0,3,27.2,20.9,12.3,2.2,2.0,24,0,21.7,0.5951515151515152,0.42424242424242425,0.42857142857142855,0.2857142857142857
2026-27,1022600075,2026-06-05,Jun,LAS,DAL,home,L,96,104,83.5,-8,200,4,1,3,0,5,1,2,1,18.1,Rae Burrell,1630996,-2,,3,2,False,2,2,27.2,20.9,12.3,2.2,2.0,9,3,18.4,0.4353591160220994,0.2762430939226519,0.4,0.6
2026-27,1022600082,2026-06-07,Jun,LAS,PDX,home,W,89,72,81.0,17,161,1,0,6,2,11,4,0,0,25.5,Rae Burrell,1630996,4,,10,3,True,1,2,27.2,20.9,12.3,2.2,2.0,14,1,16.1,0.5098039215686274,0.43137254901960786,0.0,0.5454545454545454
2026-27,1022600090,2026-06-10,Jun,LAS,SEA,away,W,88,83,80.5,5,171,1,2,3,1,4,1,2,1,27.3,Rae Burrell,1630996,4,,4,2,True,0,2,27.2,20.9,12.3,2.2,2.0,7,2,11.9,0.252014652014652,0.14652014652014653,0.5,0.75
2026-27,1022600100,2026-06-13,Jun,LAS,PHX,away,W,111,102,88.5,9,213,1,3,4,2,15,9,4,4,26.8,Rae Burrell,1630996,7,,24,3,False,0,0,27.2,20.9,12.3,2.2,2.0,28,3,38.1,0.6253731343283583,0.5597014925373134,0.26666666666666666,0.26666666666666666
2026-27,1022600105,2026-06-15,Jun,LAS,GSV,away,L,58,78,73.5,-20,136,1,3,1,0,8,2,10,9,21.8,Rae Burrell,1630996,-10,,13,1,True,0,1,27.2,20.9,12.3,2.2,2.0,15,3,23.7,0.6146788990825688,0.36697247706422015,1.25,0.125
2026-27,1022600110,2026-06-17,Jun,LAS,MIN,home,L,83,99,86.5,-16,182,3,0,4,2,10,6,6,5,26.4,Rae Burrell,1630996,-6,F,19,0,True,0,2,27.2,20.9,12.3,2.2,2.0,22,0,21.5,0.5545454545454546,0.3787878787878788,0.6,0.4
2026-27,1022600122,2026-06-21,Jun,LAS,NYL,home,W,98,97,83.5,1,195,4,0,4,2,10,5,7,7,25.9,Rae Burrell,1630996,-7,,19,3,True,0,3,27.2,20.9,12.3,2.2,2.0,26,0,25.6,0.6208494208494209,0.3861003861003861,0.7,0.4
2026-27,1022600132,2026-06-25,Jun,LAS,TOR,away,L,97,125,86.5,-28,222,4,1,4,2,12,6,5,3,29.3,Rae Burrell,1630996,-24,F,17,2,True,2,1,27.2,20.9,12.3,2.2,2.0,23,3,33.4,0.5187713310580204,0.40955631399317405,0.4166666666666667,0.3333333333333333
2026-27,1022600139,2026-06-27,Jun,LAS,IND,away,L,87,111,85.5,-24,198,1,0,3,0,15,4,4,3,28.1,Rae Burrell,1630996,-24,F,11,2,True,0,2,27.2,20.9,12.3,2.2,2.0,14,0,12.9,0.6676156583629893,0.5338078291814946,0.26666666666666666,0.2
2026-27,1022600156,2026-07-06,Jul,LAS,SEA,home,L,64,82,85.0,-18,146,0,0,2,0,11,2,2,1,24.6,Rae Burrell,1630996,-20,F,5,1,True,1,4,27.2,20.9,12.3,2.2,2.0,6,1,5.199999999999999,0.6455284552845528,0.44715447154471544,0.18181818181818182,0.18181818181818182
2026-27,1022600161,2026-07-08,Jul,LAS,IND,home,W,106,92,91.5,14,198,4,0,3,2,15,9,3,2,35.5,Rae Burrell,1630996,12,F,22,3,True,1,3,27.2,20.9,12.3,2.2,2.0,29,1,31.6,0.5442253521126761,0.4225352112676056,0.2,0.2
2026-27,1022600167,2026-07-10,Jul,LAS,CHI,home,W,102,87,87.0,15,189,4,2,6,4,13,6,3,1,33.1,Rae Burrell,1630996,12,F,17,1,True,0,4,27.2,20.9,12.3,2.2,2.0,22,2,26.2,0.5534743202416919,0.39274924471299094,0.23076923076923078,0.46153846153846156
2026-27,1022600005,2026-05-09,May,LVA,PHX,home,L,66,99,83.0,-33,165,1,0,1,0,4,0,0,0,19.0,Kierstan Bell,1631006,-14,,0,6,False,1,2,11.0,14.8,2.1,1.5,0.7000000000000001,7,1,9.7,0.3157894736842105,0.21052631578947367,0.0,0.25
2026-27,1022600009,2026-05-10,May,LVA,LAS,away,W,105,78,83.0,27,183,1,1,1,0,1,0,0,0,7.8,Kierstan Bell,1631006,8,,0,0,False,0,0,11.0,14.8,2.1,1.5,0.7000000000000001,1,1,4.5,0.12820512820512822,0.12820512820512822,0.0,1.0
2026-27,1022600016,2026-05-13,May,LVA,CON,away,W,98,69,83.0,29,167,0,0,1,0,2,0,0,0,8.7,Kierstan Bell,1631006,-1,,0,1,False,0,0,11.0,14.8,2.1,1.5,0.7000000000000001,1,0,1.2,0.2298850574712644,0.2298850574712644,0.0,0.5
2026-27,1022600021,2026-05-15,May,LVA,CON,away,W,101,94,84.5,7,195,0,0,0,0,0,0,0,0,0.0,Kierstan Bell,1631006,0,,0,0,False,0,0,11.0,14.8,2.1,1.5,0.7000000000000001,0,0,0.0,,,,
2026-27,1022600026,2026-05-17,May,LVA,ATL,away,W,85,84,85.0,1,169,0,0,0,0,0,0,0,0,0.0,Kierstan Bell,1631006,0,,0,0,False,0,0,11.0,14.8,2.1,1.5,0.7000000000000001,0,0,0.0,,,,
2026-27,1022600043,2026-05-23,May,LVA,LAS,home,L,95,101,84.0,-6,196,0,0,0,0,0,0,0,0,0.0,Kierstan Bell,1631006,0,,0,0,False,0,0,11.0,14.8,2.1,1.5,0.7000000000000001,0,0,0.0,,,,
2026-27,1022600054,2026-05-28,May,LVA,DAL,away,L,87,95,78.5,-8,182,1,0,0,0,0,0,0,0,8.7,Kierstan Bell,1631006,-1,,0,0,False,1,0,11.0,14.8,2.1,1.5,0.7000000000000001,1,1,4.5,0.0,0.0,,
2026-27,1022600063,2026-05-31,May,LVA,GSV,away,W,91,81,80.0,10,172,2,2,2,0,2,0,0,0,13.9,Kierstan Bell,1631006,8,,0,1,False,0,0,11.0,14.8,2.1,1.5,0.7000000000000001,3,2,10.2,0.14388489208633093,0.14388489208633093,0.0,1.0
2026-27,1022600069,2026-06-02,Jun,LVA,LAS,away,W,79,69,78.5,10,148,0,0,6,2,6,2,0,0,21.6,Kierstan Bell,1631006,0,,6,3,True,1,0,11.0,14.8,2.1,1.5,0.7000000000000001,9,1,12.6,0.27777777777777773,0.27777777777777773,0.0,1.0
2026-27,1022600078,2026-06-06,Jun,LVA,GSV,home,W,84,79,76.5,5,163,0,0,2,0,3,0,0,0,7.1,Kierstan Bell,1631006,-6,,0,0,False,0,0,11.0,14.8,2.1,1.5,0.7000000000000001,0,0,0.0,0.4225352112676057,0.4225352112676057,0.0,0.6666666666666666
2026-27,1022600085,2026-06-08,Jun,LVA,SEA,home,W,101,91,18.5,10,192,0,0,1,0,2,1,0,0,8.3,Kierstan Bell,1631006,-3,,2,4,False,0,1,11.0,14.8,2.1,1.5,0.7000000000000001,6,0,5.8,0.36144578313253006,0.24096385542168672,0.0,0.5
2026-27,1022600094,2026-06-11,Jun,LVA,PDX,away,W,105,89,79.5,16,194,0,0,0,0,0,0,0,0,0.0,Kierstan Bell,1631006,0,,0,0,False,0,0,11.0,14.8,2.1,1.5,0.7000000000000001,0,0,0.0,,,,
2026-27,1022600098,2026-06-13,Jun,LVA,MIN,home,W,100,97,77.5,3,197,0,0,0,0,0,0,0,0,2.2,Kierstan Bell,1631006,0,,0,0,False,0,1,11.0,14.8,2.1,1.5,0.7000000000000001,0,0,-1.0,0.45454545454545453,0.0,,
2026-27,1022600103,2026-06-15,Jun,LVA,DAL,away,L,66,96,80.0,-30,162,2,2,3,0,6,1,0,0,18.2,Kierstan Bell,1631006,-3,,2,1,False,0,1,11.0,14.8,2.1,1.5,0.7000000000000001,5,2,11.2,0.38461538461538464,0.32967032967032966,0.0,0.5
2026-27,1022600111,2026-06-17,Jun,LVA,PHX,away,W,86,76,77.0,10,162,0,1,1,0,1,0,0,0,4.7,Kierstan Bell,1631006,-11,,0,0,False,1,1,11.0,14.8,2.1,1.5,0.7000000000000001,0,2,5.0,0.425531914893617,0.2127659574468085,0.0,1.0
2026-27,1022600120,2026-06-21,Jun,LVA,GSV,home,W,92,73,72.5,19,165,1,0,5,1,7,2,0,0,14.1,Kierstan Bell,1631006,0,,5,0,False,1,0,11.0,14.8,2.1,1.5,0.7000000000000001,6,1,9.5,0.49645390070921985,0.49645390070921985,0.0,0.7142857142857143
2026-27,1022600127,2026-06-23,Jun,LVA,NYL,home,L,76,87,77.5,-11,163,3,0,2,0,2,0,0,0,8.6,Kierstan Bell,1631006,-8,,0,3,False,0,0,11.0,14.8,2.1,1.5,0.7000000000000001,6,0,8.1,0.23255813953488372,0.23255813953488372,0.0,1.0
2026-27,1022600133,2026-06-25,Jun,LVA,DAL,home,W,99,84,84.0,15,183,0,0,2,2,4,4,0,0,12.5,Kierstan Bell,1631006,3,,10,1,False,0,0,11.0,14.8,2.1,1.5,0.7000000000000001,11,0,11.2,0.32,0.32,0.0,0.5
2026-27,1022600143,2026-06-28,Jun,LVA,CHI,away,W,107,99,86.0,8,206,0,0,3,1,4,2,0,0,9.7,Kierstan Bell,1631006,10,,5,0,False,0,0,11.0,14.8,2.1,1.5,0.7000000000000001,5,0,5.0,0.4123711340206186,0.4123711340206186,0.0,0.75
2026-27,1022600149,2026-07-03,Jul,LVA,CHI,home,W,98,90,90.0,8,188,0,2,3,1,5,1,0,0,13.5,Kierstan Bell,1631006,-7,,3,3,False,0,0,11.0,14.8,2.1,1.5,0.7000000000000001,6,2,12.6,0.37037037037037035,0.37037037037037035,0.0,0.6
2026-27,1022600153,2026-07-05,Jul,LVA,IND,home,L,68,84,72.5,-16,152,0,0,1,0,1,0,0,0,6.0,Kierstan Bell,1631006,1,,0,0,False,0,1,11.0,14.8,2.1,1.5,0.7000000000000001,0,0,-1.0,0.3333333333333333,0.16666666666666666,0.0,1.0
2026-27,1022600164,2026-07-09,Jul,LVA,PDX,away,W,88,80,77.0,8,168,1,0,3,1,3,1,2,2,11.6,Kierstan Bell,1631006,-10,,5,4,False,0,1,11.0,14.8,2.1,1.5,0.7000000000000001,10,0,10.3,0.4206896551724138,0.25862068965517243,0.6666666666666666,1.0
2026-27,1022600003,2026-05-08,May,GSV,SEA,away,W,91,80,75.0,11,171,6,0,4,2,13,5,5,4,30.8,Veronica Burton,1631007,8,G,16,2,True,2,1,28.1,21.2,12.3,3.3,5.3,24,2,32.4,0.525974025974026,0.42207792207792205,0.38461538461538464,0.3076923076923077
2026-27,1022600011,2026-05-10,May,GSV,PHX,home,W,95,79,76.5,16,174,12,0,5,1,9,3,6,6,32.3,Veronica Burton,1631007,12,G,13,3,True,3,0,28.1,21.2,12.3,3.3,5.3,28,3,43.6,0.36037151702786385,0.2786377708978328,0.6666666666666666,0.5555555555555556
2026-27,1022600017,2026-05-13,May,GSV,CHI,home,L,63,69,75.5,-6,132,4,0,6,2,15,5,4,4,36.4,Veronica Burton,1631007,5,G,16,3,True,1,5,28.1,21.2,12.3,3.3,5.3,23,1,23.6,0.5978021978021979,0.4120879120879121,0.26666666666666666,0.4
2026-27,1022600035,2026-05-21,May,GSV,NYL,away,W,87,70,76.0,17,157,7,0,6,3,14,5,1,0,27.5,Veronica Burton,1631007,25,G,13,4,True,0,1,28.1,21.2,12.3,3.3,5.3,24,0,27.3,0.5614545454545454,0.509090909090909,0.07142857142857142,0.42857142857142855
2026-27,1022600039,2026-05-22,May,GSV,IND,away,L,82,90,83.0,-8,172,3,2,5,2,12,4,8,7,28.6,Veronica Burton,1631007,-6,G,17,3,True,0,3,28.1,21.2,12.3,3.3,5.3,23,2,28.1,0.6475524475524475,0.4195804195804196,0.6666666666666666,0.4166666666666667
2026-27,1022600048,2026-05-25,May,GSV,CON,home,W,97,70,80.0,27,167,6,0,2,2,6,4,1,1,17.2,Veronica Burton,1631007,17,G,11,2,False,0,0,28.1,21.2,12.3,3.3,5.3,19,0,22.4,0.37441860465116283,0.3488372093023256,0.16666666666666666,0.3333333333333333
2026-27,1022600055,2026-05-28,May,GSV,IND,home,W,90,88,82.5,2,178,3,5,3,1,13,7,12,10,28.7,Veronica Burton,1631007,-2,G,25,6,True,1,1,28.1,21.2,12.3,3.3,5.3,34,6,53.7,0.6717770034843206,0.4529616724738676,0.9230769230769231,0.23076923076923078
2026-27,1022600063,2026-05-31,May,GSV,LVA,home,L,81,91,80.0,-10,172,5,0,3,1,9,3,0,0,27.6,Veronica Burton,1631007,-15,G,7,3,True,1,2,28.1,21.2,12.3,3.3,5.3,15,1,19.1,0.39855072463768115,0.32608695652173914,0.0,0.3333333333333333
2026-27,1022600068,2026-06-02,Jun,GSV,PDX,home,W,95,77,73.5,18,172,9,0,2,2,5,3,4,2,22.8,Veronica Burton,1631007,22,G,10,3,True,0,1,28.1,21.2,12.3,3.3,5.3,22,0,26.1,0.34035087719298246,0.21929824561403508,0.8,0.4
2026-27,1022600073,2026-06-04,Jun,GSV,MIN,away,L,84,87,75.5,-3,171,3,1,2,0,8,3,2,2,26.0,Veronica Burton,1631007,-2,G,8,2,True,0,1,28.1,21.2,12.3,3.3,5.3,13,1,16.9,0.38,0.3076923076923077,0.25,0.25
2026-27,1022600078,2026-06-06,Jun,GSV,LVA,away,L,79,84,76.5,-5,163,3,0,8,1,16,5,6,4,33.9,Veronica Burton,1631007,-4,G,15,5,True,0,1,28.1,21.2,12.3,3.3,5.3,23,0,24.5,0.5793510324483776,0.471976401179941,0.375,0.5
2026-27,1022600088,2026-06-09,Jun,GSV,PHX,home,W,87,81,74.5,6,168,8,0,7,2,15,7,11,9,37.2,Veronica Burton,1631007,7,G,25,3,True,0,2,28.1,21.2,12.3,3.3,5.3,36,0,38.6,0.5870967741935483,0.4032258064516129,0.7333333333333333,0.4666666666666667
2026-27,1022600096,2026-06-12,Jun,GSV,SEA,away,W,76,72,75.0,4,148,8,1,5,1,9,3,6,4,30.2,Veronica Burton,1631007,2,G,11,5,True,2,3,28.1,21.2,12.3,3.3,5.3,24,3,35.0,0.4847682119205298,0.2980132450331126,0.6666666666666666,0.5555555555555556
2026-27,1022600105,2026-06-15,Jun,GSV,LAS,home,W,78,58,73.5,20,136,3,2,4,2,12,4,4,2,29.9,Veronica Burton,1631007,15,G,12,2,True,2,2,28.1,21.2,12.3,3.3,5.3,17,4,28.9,0.5270903010033445,0.4013377926421405,0.3333333333333333,0.3333333333333333
2026-27,1022600109,2026-06-17,Jun,GSV,DAL,home,W,91,80,77.5,11,171,5,1,3,2,8,3,3,3,33.0,Veronica Burton,1631007,1,G,11,8,True,2,2,28.1,21.2,12.3,3.3,5.3,24,3,35.1,0.343030303030303,0.24242424242424243,0.375,0.375
2026-27,1022600116,2026-06-19,Jun,GSV,MIN,home,L,75,81,78.5,-6,156,5,0,5,1,8,1,2,2,24.3,Veronica Burton,1631007,1,G,5,2,True,2,2,28.1,21.2,12.3,3.3,5.3,12,2,18.9,0.4477366255144033,0.3292181069958848,0.25,0.625
2026-27,1022600120,2026-06-21,Jun,GSV,LVA,away,L,73,92,72.5,-19,165,1,0,3,0,5,1,0,0,16.3,Veronica Burton,1631007,-15,G,2,3,False,1,1,28.1,21.2,12.3,3.3,5.3,6,1,9.1,0.36809815950920244,0.3067484662576687,0.0,0.6
2026-27,1022600131,2026-06-24,Jun,GSV,ATL,home,W,77,66,73.5,11,143,7,0,1,0,5,3,2,2,35.0,Veronica Burton,1631007,13,G,8,5,True,2,4,28.1,21.2,12.3,3.3,5.3,20,2,26.5,0.28228571428571425,0.14285714285714285,0.4,0.2
2026-27,1022600137,2026-06-26,Jun,GSV,ATL,home,W,78,75,81.0,3,153,2,0,2,0,10,4,2,2,22.2,Veronica Burton,1631007,5,G,10,1,True,4,2,28.1,21.2,12.3,3.3,5.3,13,4,24.2,0.5801801801801802,0.45045045045045046,0.2,0.2
2026-27,1022600144,2026-06-28,Jun,GSV,NYL,home,W,76,67,69.0,9,143,8,0,1,1,7,3,1,1,27.4,Veronica Burton,1631007,25,G,8,6,True,0,0,28.1,21.2,12.3,3.3,5.3,22,0,27.2,0.2715328467153285,0.25547445255474455,0.14285714285714285,0.14285714285714285
2026-27,1022600150,2026-07-04,Jul,GSV,ATL,away,W,88,83,79.0,5,171,4,1,3,2,9,6,8,7,30.5,Veronica Burton,1631007,13,G,21,1,True,1,4,28.1,21.2,12.3,3.3,5.3,26,2,30.200000000000003,0.5416393442622951,0.29508196721311475,0.8888888888888888,0.3333333333333333
2026-27,1022600154,2026-07-06,Jul,GSV,WAS,away,W,62,49,68.0,13,111,3,0,3,0,10,3,1,1,22.9,Veronica Burton,1631007,0,G,7,3,True,2,0,28.1,21.2,12.3,3.3,5.3,13,2,21.1,0.45589519650655025,0.4366812227074236,0.1,0.3
2026-27,1022600159,2026-07-08,Jul,GSV,TOR,away,W,83,75,76.0,8,158,6,0,2,1,2,1,4,3,21.2,Veronica Burton,1631007,-1,G,6,2,True,2,1,28.1,21.2,12.3,3.3,5.3,14,2,22.4,0.22452830188679246,0.09433962264150944,2.0,1.0
2026-27,1022600165,2026-07-10,Jul,GSV,CON,away,W,79,64,73.5,15,143,6,2,3,1,12,7,3,2,33.0,Veronica Burton,1631007,16,G,17,3,True,1,1,28.1,21.2,12.3,3.3,5.3,26,3,37.6,0.43393939393939396,0.36363636363636365,0.25,0.25
2026-27,1022600010,2026-05-09,May,ATL,MIN,away,W,91,90,86.5,1,181,5,1,7,3,10,4,5,4,37.9,Rhyne Howard,1631009,5,F,15,6,True,3,3,35.2,21.4,18.9,3.8,3.1,26,4,38.7,0.40105540897097625,0.2638522427440633,0.5,0.7
2026-27,1022600012,2026-05-12,May,ATL,DAL,away,W,77,72,78.0,5,149,4,0,9,1,14,3,7,7,36.6,Rhyne Howard,1631009,4,F,14,3,True,1,0,35.2,21.4,18.9,3.8,3.1,21,1,26.6,0.4666666666666666,0.3825136612021858,0.5,0.6428571428571429
2026-27,1022600038,2026-05-22,May,ATL,DAL,home,W,86,69,78.0,17,155,8,2,3,2,12,7,9,9,35.5,Rhyne Howard,1631009,18,F,25,4,True,4,2,35.2,21.4,18.9,3.8,3.1,37,6,57.8,0.5059154929577465,0.3380281690140845,0.75,0.25
2026-27,1022600044,2026-05-24,May,ATL,PHX,home,W,82,80,76.5,2,162,0,0,12,6,15,7,2,1,33.8,Rhyne Howard,1631009,2,F,21,8,True,1,2,35.2,21.4,18.9,3.8,3.1,29,1,31.6,0.5289940828402369,0.44378698224852076,0.13333333333333333,0.8
2026-27,1022600051,2026-05-27,May,ATL,MIN,away,L,81,96,77.0,-15,177,4,2,8,2,14,4,0,0,36.2,Rhyne Howard,1631009,-12,F,10,2,True,1,2,35.2,21.4,18.9,3.8,3.1,16,3,25.4,0.4419889502762431,0.38674033149171266,0.0,0.5714285714285714
2026-27,1022600059,2026-05-29,May,ATL,PDX,away,W,86,66,77.5,20,152,4,0,7,4,11,5,2,0,33.9,Rhyne Howard,1631009,19,F,14,2,True,6,1,35.2,21.4,18.9,3.8,3.1,20,6,39.4,0.37994100294985256,0.32448377581120946,0.18181818181818182,0.6363636363636364
2026-27,1022600066,2026-06-02,Jun,ATL,CON,home,W,91,75,77.5,16,166,2,0,19,8,24,12,5,4,37.3,Rhyne Howard,1631009,18,F,36,2,True,3,1,35.2,21.4,18.9,3.8,3.1,40,3,49.4,0.7292225201072386,0.64343163538874,0.20833333333333334,0.7916666666666666
2026-27,1022600072,2026-06-04,Jun,ATL,IND,away,L,71,83,77.5,-12,154,0,0,5,2,9,2,3,2,36.6,Rhyne Howard,1631009,-9,F,8,4,True,3,2,35.2,21.4,18.9,3.8,3.1,12,3,19.8,0.3366120218579235,0.2459016393442623,0.3333333333333333,0.5555555555555556
2026-27,1022600079,2026-06-06,Jun,ATL,WAS,home,W,109,77,77.5,32,186,3,1,7,4,11,6,3,3,21.3,Rhyne Howard,1631009,18,F,19,0,False,6,2,35.2,21.4,18.9,3.8,3.1,22,7,42.5,0.672300469483568,0.5164319248826291,0.2727272727272727,0.6363636363636364
2026-27,1022600086,2026-06-09,Jun,ATL,CHI,away,W,82,75,77.0,7,157,5,0,10,1,17,7,2,2,36.3,Rhyne Howard,1631009,8,F,17,3,True,3,1,35.2,21.4,18.9,3.8,3.1,25,3,36.1,0.5201101928374656,0.46831955922865015,0.11764705882352941,0.5882352941176471
2026-27,1022600092,2026-06-11,Jun,ATL,NYL,home,L,90,104,80.5,-14,194,3,1,13,5,18,7,6,5,36.0,Rhyne Howard,1631009,-12,F,24,4,True,4,1,35.2,21.4,18.9,3.8,3.1,31,5,47.3,0.6011111111111112,0.5,0.3333333333333333,0.7222222222222222
2026-27,1022600102,2026-06-14,Jun,ATL,TOR,away,W,102,77,81.0,25,179,2,3,11,4,18,9,2,2,37.6,Rhyne Howard,1631009,26,F,24,6,True,1,1,35.2,21.4,18.9,3.8,3.1,32,4,45.2,0.528723404255319,0.4787234042553191,0.1111111111111111,0.6111111111111112
2026-27,1022600113,2026-06-18,Jun,ATL,IND,away,W,108,101,87.5,7,209,6,1,3,1,12,6,3,3,38.1,Rhyne Howard,1631009,4,F,16,4,True,3,1,35.2,21.4,18.9,3.8,3.1,26,4,40.8,0.3758530183727034,0.31496062992125984,0.25,0.25
2026-27,1022600117,2026-06-20,Jun,ATL,IND,home,W,113,96,84.5,17,209,3,1,10,4,15,6,8,8,34.9,Rhyne Howard,1631009,16,F,24,4,True,1,1,35.2,21.4,18.9,3.8,3.1,31,2,38.3,0.5593123209169054,0.42979942693409745,0.5333333333333333,0.6666666666666666
2026-27,1022600124,2026-06-22,Jun,ATL,TOR,home,W,94,87,84.5,7,181,1,0,11,5,17,7,2,1,31.9,Rhyne Howard,1631009,5,F,20,7,True,0,1,35.2,21.4,18.9,3.8,3.1,28,0,28.9,0.5918495297805643,0.5329153605015674,0.11764705882352941,0.6470588235294118
2026-27,1022600131,2026-06-24,Jun,ATL,GSV,away,L,66,77,73.5,-11,143,3,1,5,1,11,5,1,1,30.7,Rhyne Howard,1631009,-23,F,12,5,True,1,1,35.2,21.4,18.9,3.8,3.1,20,2,27.5,0.4052117263843648,0.3583061889250814,0.09090909090909091,0.45454545454545453
2026-27,1022600137,2026-06-26,Jun,ATL,GSV,away,L,75,78,81.0,-3,153,2,1,8,1,16,2,4,4,36.3,Rhyne Howard,1631009,-6,F,9,5,True,3,2,35.2,21.4,18.9,3.8,3.1,16,4,28.0,0.5443526170798899,0.44077134986225897,0.25,0.5
2026-27,1022600140,2026-06-27,Jun,ATL,SEA,away,L,90,105,83.0,-15,195,3,0,10,4,17,10,3,3,37.6,Rhyne Howard,1631009,-17,F,27,0,True,1,1,35.2,21.4,18.9,3.8,3.1,30,1,33.5,0.5138297872340425,0.45212765957446804,0.17647058823529413,0.5882352941176471
2026-27,1022600145,2026-07-02,Jul,ATL,WAS,away,L,76,81,82.0,-5,157,3,0,13,5,20,8,3,3,38.4,Rhyne Howard,1631009,-4,F,24,2,True,5,2,35.2,21.4,18.9,3.8,3.1,29,5,43.9,0.6072916666666667,0.5208333333333334,0.15,0.65
2026-27,1022600150,2026-07-04,Jul,ATL,GSV,home,L,83,88,79.0,-5,171,3,1,11,4,15,6,4,3,36.7,Rhyne Howard,1631009,-4,F,19,5,True,0,0,35.2,21.4,18.9,3.8,3.1,27,1,32.5,0.4566757493188011,0.4087193460490463,0.26666666666666666,0.7333333333333333
2026-27,1022600162,2026-07-09,Jul,ATL,SEA,home,W,89,78,89.5,11,167,2,2,11,4,14,6,4,3,34.5,Rhyne Howard,1631009,7,F,19,4,True,4,3,35.2,21.4,18.9,3.8,3.1,25,6,41.8,0.5437681159420289,0.4057971014492754,0.2857142857142857,0.7857142857142857
2026-27,1022600005,2026-05-09,May,LVA,PHX,home,L,66,99,83.0,-33,165,1,2,0,0,7,4,6,3,21.1,NaLyssa Smith,1631019,-16,F,11,6,True,0,0,24.2,18.6,12.0,6.3,0.9,18,2,25.7,0.45687203791469194,0.33175355450236965,0.8571428571428571,0.0
2026-27,1022600009,2026-05-10,May,LVA,LAS,away,W,105,78,83.0,27,183,2,2,0,0,5,5,4,2,16.0,NaLyssa Smith,1631019,14,F,12,6,False,0,0,24.2,18.6,12.0,6.3,0.9,20,2,28.2,0.4225,0.3125,0.8,0.0
2026-27,1022600016,2026-05-13,May,LVA,CON,away,W,98,69,83.0,29,167,2,0,0,0,4,2,4,2,17.5,NaLyssa Smith,1631019,5,F,6,5,False,2,2,24.2,18.6,12.0,6.3,0.9,13,2,19.0,0.4434285714285714,0.22857142857142856,1.0,0.0
2026-27,1022600021,2026-05-15,May,LVA,CON,away,W,101,94,84.5,7,195,0,1,0,0,4,2,0,0,17.3,NaLyssa Smith,1631019,12,F,4,4,False,0,0,24.2,18.6,12.0,6.3,0.9,8,1,11.8,0.23121387283236994,0.23121387283236994,0.0,0.0
2026-27,1022600026,2026-05-17,May,LVA,ATL,away,W,85,84,85.0,1,169,1,0,1,0,7,6,3,1,20.0,NaLyssa Smith,1631019,6,F,13,6,False,0,2,24.2,18.6,12.0,6.3,0.9,20,0,19.7,0.516,0.35,0.42857142857142855,0.14285714285714285
2026-27,1022600043,2026-05-23,May,LVA,LAS,home,L,95,101,84.0,-6,196,1,1,2,1,12,8,7,5,27.7,NaLyssa Smith,1631019,-1,F,22,9,True,2,1,24.2,18.6,12.0,6.3,0.9,32,3,42.3,0.5805054151624548,0.4332129963898917,0.5833333333333334,0.16666666666666666
2026-27,1022600054,2026-05-28,May,LVA,DAL,away,L,87,95,78.5,-8,182,0,1,0,0,5,4,4,1,27.3,NaLyssa Smith,1631019,-11,F,9,12,True,0,1,24.2,18.6,12.0,6.3,0.9,21,1,25.4,0.28424908424908424,0.18315018315018314,0.8,0.0
2026-27,1022600063,2026-05-31,May,LVA,GSV,away,W,91,81,80.0,10,172,1,0,0,0,9,7,2,1,25.4,NaLyssa Smith,1631019,-2,F,15,9,True,0,2,24.2,18.6,12.0,6.3,0.9,25,0,25.299999999999997,0.4677165354330709,0.35433070866141736,0.2222222222222222,0.0
2026-27,1022600069,2026-06-02,Jun,LVA,LAS,away,W,79,69,78.5,10,148,0,1,0,0,5,3,4,1,21.4,NaLyssa Smith,1631019,-9,F,7,4,False,0,2,24.2,18.6,12.0,6.3,0.9,11,1,12.8,0.4093457943925234,0.23364485981308414,0.8,0.0
2026-27,1022600078,2026-06-06,Jun,LVA,GSV,home,W,84,79,76.5,5,163,1,0,0,0,6,2,6,2,29.5,NaLyssa Smith,1631019,17,F,6,6,True,0,1,24.2,18.6,12.0,6.3,0.9,13,0,13.7,0.32677966101694916,0.2033898305084746,1.0,0.0
2026-27,1022600085,2026-06-08,Jun,LVA,SEA,home,W,101,91,18.5,10,192,0,0,0,0,6,6,5,4,26.1,NaLyssa Smith,1631019,16,C,16,9,True,0,1,24.2,18.6,12.0,6.3,0.9,25,0,25.799999999999997,0.3524904214559387,0.22988505747126436,0.8333333333333334,0.0
2026-27,1022600094,2026-06-11,Jun,LVA,PDX,away,W,105,89,79.5,16,194,3,0,0,0,8,4,6,4,25.5,NaLyssa Smith,1631019,13,F,12,10,True,0,2,24.2,18.6,12.0,6.3,0.9,25,0,26.5,0.49568627450980396,0.3137254901960784,0.75,0.0
2026-27,1022600098,2026-06-13,Jun,LVA,MIN,home,W,100,97,77.5,3,197,0,0,0,0,9,7,2,1,27.0,NaLyssa Smith,1631019,-2,C,15,6,True,1,1,24.2,18.6,12.0,6.3,0.9,21,1,24.2,0.40296296296296297,0.3333333333333333,0.2222222222222222,0.0
2026-27,1022600103,2026-06-15,Jun,LVA,DAL,away,L,66,96,80.0,-30,162,0,0,0,0,7,4,2,1,23.3,NaLyssa Smith,1631019,-18,C,9,6,True,0,0,24.2,18.6,12.0,6.3,0.9,15,0,16.2,0.3381974248927038,0.3004291845493562,0.2857142857142857,0.0
2026-27,1022600111,2026-06-17,Jun,LVA,PHX,away,W,86,76,77.0,10,162,2,0,0,0,10,8,8,5,30.7,NaLyssa Smith,1631019,11,F,21,5,True,1,0,24.2,18.6,12.0,6.3,0.9,28,1,33.0,0.4403908794788274,0.32573289902280134,0.8,0.0
2026-27,1022600120,2026-06-21,Jun,LVA,GSV,home,W,92,73,72.5,19,165,1,1,0,0,7,6,2,2,26.9,NaLyssa Smith,1631019,4,C,14,3,True,0,2,24.2,18.6,12.0,6.3,0.9,18,1,20.1,0.36728624535315985,0.26022304832713755,0.2857142857142857,0.0
2026-27,1022600127,2026-06-23,Jun,LVA,NYL,home,L,76,87,77.5,-11,163,0,2,0,0,6,3,2,1,22.9,NaLyssa Smith,1631019,-14,C,7,1,True,1,0,24.2,18.6,12.0,6.3,0.9,8,3,17.2,0.30043668122270745,0.26200873362445415,0.3333333333333333,0.0
2026-27,1022600133,2026-06-25,Jun,LVA,DAL,home,W,99,84,84.0,15,183,0,1,1,0,4,1,4,2,29.6,NaLyssa Smith,1631019,12,C,4,11,True,1,1,24.2,18.6,12.0,6.3,0.9,15,2,22.2,0.22837837837837835,0.13513513513513511,1.0,0.25
2026-27,1022600143,2026-06-28,Jun,LVA,CHI,away,W,107,99,86.0,8,206,2,1,0,0,6,2,3,2,13.8,NaLyssa Smith,1631019,2,C,6,1,False,1,1,24.2,18.6,12.0,6.3,0.9,9,2,15.2,0.6028985507246377,0.43478260869565216,0.5,0.0
2026-27,1022600149,2026-07-03,Jul,LVA,CHI,home,W,98,90,90.0,8,188,1,0,0,0,14,11,10,7,33.5,NaLyssa Smith,1631019,15,C,29,8,True,0,1,24.2,18.6,12.0,6.3,0.9,38,0,39.1,0.5791044776119403,0.417910447761194,0.7142857142857143,0.0
2026-27,1022600153,2026-07-05,Jul,LVA,IND,home,L,68,84,72.5,-16,152,1,0,1,0,8,3,6,3,24.4,NaLyssa Smith,1631019,-8,F,9,10,True,0,0,24.2,18.6,12.0,6.3,0.9,20,0,22.5,0.4360655737704919,0.3278688524590164,0.75,0.125
2026-27,1022600164,2026-07-09,Jul,LVA,PDX,away,W,88,80,77.0,8,168,0,0,0,0,12,7,4,2,28.3,NaLyssa Smith,1631019,8,F,16,2,True,2,0,24.2,18.6,12.0,6.3,0.9,18,2,24.4,0.4862190812720848,0.42402826855123676,0.3333333333333333,0.0
2026-27,1022600010,2026-05-09,May,ATL,MIN,away,W,91,90,86.5,1,181,0,0,1,0,1,0,0,0,3.1,Sika Kone,1631021,-6,,0,0,False,0,0,5.6,19.5,1.8,1.1,0.30000000000000004,0,0,0.0,0.3225806451612903,0.3225806451612903,0.0,1.0
2026-27,1022600012,2026-05-12,May,ATL,DAL,away,W,77,72,78.0,5,149,0,0,0,0,0,0,0,0,1.3,Sika Kone,1631021,-3,,0,2,False,0,1,5.6,19.5,1.8,1.1,0.30000000000000004,2,0,1.4,0.7692307692307692,0.0,,
2026-27,1022600026,2026-05-17,May,ATL,LVA,home,L,84,85,85.0,-1,169,0,0,1,0,2,0,0,0,2.9,Sika Kone,1631021,-7,,0,0,False,0,0,5.6,19.5,1.8,1.1,0.30000000000000004,0,0,0.0,0.6896551724137931,0.6896551724137931,0.0,0.5
2026-27,1022600038,2026-05-22,May,ATL,DAL,home,W,86,69,78.0,17,155,0,0,0,0,2,1,0,0,3.8,Sika Kone,1631021,9,,2,1,False,0,0,5.6,19.5,1.8,1.1,0.30000000000000004,3,0,3.2,0.5263157894736842,0.5263157894736842,0.0,0.0
2026-27,1022600044,2026-05-24,May,ATL,PHX,home,W,82,80,76.5,2,162,0,0,0,0,1,0,0,0,5.9,Sika Kone,1631021,-11,,0,0,False,0,0,5.6,19.5,1.8,1.1,0.30000000000000004,0,0,0.0,0.1694915254237288,0.1694915254237288,0.0,0.0
2026-27,1022600051,2026-05-27,May,ATL,MIN,away,L,81,96,77.0,-15,177,0,0,3,1,4,2,0,0,8.8,Sika Kone,1631021,8,,5,3,False,0,0,5.6,19.5,1.8,1.1,0.30000000000000004,8,0,8.6,0.45454545454545453,0.45454545454545453,0.0,0.75
2026-27,1022600059,2026-05-29,May,ATL,PDX,away,W,86,66,77.5,20,152,0,0,0,0,1,0,0,0,5.4,Sika Kone,1631021,-2,,0,0,False,0,1,5.6,19.5,1.8,1.1,0.30000000000000004,0,0,-1.0,0.37037037037037035,0.18518518518518517,0.0,0.0
2026-27,1022600066,2026-06-02,Jun,ATL,CON,home,W,91,75,77.5,16,166,0,0,0,0,1,0,0,0,3.0,Sika Kone,1631021,1,,0,0,False,0,0,5.6,19.5,1.8,1.1,0.30000000000000004,0,0,0.0,0.3333333333333333,0.3333333333333333,0.0,0.0
2026-27,1022600072,2026-06-04,Jun,ATL,IND,away,L,71,83,77.5,-12,154,0,0,0,0,0,0,2,2,1.3,Sika Kone,1631021,1,,2,1,False,0,0,5.6,19.5,1.8,1.1,0.30000000000000004,3,0,3.2,0.6769230769230768,0.0,,
2026-27,1022600079,2026-06-06,Jun,ATL,WAS,home,W,109,77,77.5,32,186,2,0,3,1,6,3,3,2,11.5,Sika Kone,1631021,6,,9,6,False,1,1,5.6,19.5,1.8,1.1,0.30000000000000004,17,1,21.2,0.7234782608695652,0.5217391304347826,0.5,0.5
2026-27,1022600086,2026-06-09,Jun,ATL,CHI,away,W,82,75,77.0,7,157,0,0,0,0,0,0,0,0,0.5,Sika Kone,1631021,-2,,0,0,False,0,0,5.6,19.5,1.8,1.1,0.30000000000000004,0,0,0.0,0.0,0.0,,
2026-27,1022600092,2026-06-11,Jun,ATL,NYL,home,L,90,104,80.5,-14,194,0,0,0,0,2,1,0,0,2.9,Sika Kone,1631021,5,,2,1,False,0,0,5.6,19.5,1.8,1.1,0.30000000000000004,3,0,3.2,0.6896551724137931,0.6896551724137931,0.0,0.0
2026-27,1022600102,2026-06-14,Jun,ATL,TOR,away,W,102,77,81.0,25,179,0,0,1,0,1,0,0,0,2.2,Sika Kone,1631021,4,,0,1,False,0,0,5.6,19.5,1.8,1.1,0.30000000000000004,1,0,1.2,0.45454545454545453,0.45454545454545453,0.0,1.0
2026-27,1022600113,2026-06-18,Jun,ATL,IND,away,W,108,101,87.5,7,209,0,0,0,0,1,1,4,1,5.5,Sika Kone,1631021,-6,,3,1,False,0,1,5.6,19.5,1.8,1.1,0.30000000000000004,4,0,3.2,0.6836363636363636,0.18181818181818182,4.0,0.0
2026-27,1022600117,2026-06-20,Jun,ATL,IND,home,W,113,96,84.5,17,209,1,0,1,0,2,0,0,0,1.8,Sika Kone,1631021,-5,,0,0,False,0,0,5.6,19.5,1.8,1.1,0.30000000000000004,1,0,1.5,1.1111111111111112,1.1111111111111112,0.0,0.5
2026-27,1022600124,2026-06-22,Jun,ATL,TOR,home,W,94,87,84.5,7,181,0,0,0,0,0,0,0,0,1.1,Sika Kone,1631021,0,,0,0,False,0,0,5.6,19.5,1.8,1.1,0.30000000000000004,0,0,0.0,0.0,0.0,,
2026-27,1022600131,2026-06-24,Jun,ATL,GSV,away,L,66,77,73.5,-11,143,1,0,1,0,3,1,2,2,12.3,Sika Kone,1631021,14,,4,3,False,0,1,5.6,19.5,1.8,1.1,0.30000000000000004,8,0,8.1,0.3967479674796748,0.24390243902439024,0.6666666666666666,0.3333333333333333
2026-27,1022600137,2026-06-26,Jun,ATL,GSV,away,L,75,78,81.0,-3,153,0,0,0,0,0,0,0,0,0.0,Sika Kone,1631021,0,,0,0,False,0,0,5.6,19.5,1.8,1.1,0.30000000000000004,0,0,0.0,,,,
2026-27,1022600140,2026-06-27,Jun,ATL,SEA,away,L,90,105,83.0,-15,195,2,0,2,0,5,2,2,2,14.0,Sika Kone,1631021,7,,6,2,False,0,0,5.6,19.5,1.8,1.1,0.30000000000000004,10,0,11.4,0.42,0.35714285714285715,0.4,0.4
2026-27,1022600145,2026-07-02,Jul,ATL,WAS,away,L,76,81,82.0,-5,157,0,0,2,0,2,0,0,0,13.2,Sika Kone,1631021,-6,F,0,2,False,0,1,5.6,19.5,1.8,1.1,0.30000000000000004,2,0,1.4,0.2272727272727273,0.15151515151515152,0.0,1.0
2026-27,1022600150,2026-07-04,Jul,ATL,GSV,home,L,83,88,79.0,-5,171,0,0,1,1,2,1,2,1,5.8,Sika Kone,1631021,2,,4,0,False,1,0,5.6,19.5,1.8,1.1,0.30000000000000004,4,1,7.0,0.496551724137931,0.3448275862068966,1.0,0.5
2026-27,1022600162,2026-07-09,Jul,ATL,SEA,home,W,89,78,89.5,11,167,0,0,3,0,3,0,0,0,10.7,Sika Kone,1631021,0,,0,0,False,0,1,5.6,19.5,1.8,1.1,0.30000000000000004,0,0,-1.0,0.3738317757009346,0.28037383177570097,0.0,1.0
2026-27,1022600002,2026-05-08,May,WAS,TOR,away,W,68,65,81.5,3,133,2,2,1,0,13,6,10,6,27.9,Shakira Austin,1631022,13,C,18,11,True,2,2,28.8,24.4,13.3,9.3,2.7,31,4,44.2,0.6953405017921147,0.4659498207885305,0.7692307692307693,0.07692307692307693
2026-27,1022600008,2026-05-10,May,WAS,NYL,home,L,93,98,86.5,-5,191,4,0,1,0,13,6,8,4,33.4,Shakira Austin,1631022,2,C,16,10,True,0,1,28.8,24.4,13.3,9.3,2.7,30,0,33.0,0.5245508982035928,0.38922155688622756,0.6153846153846154,0.07692307692307693
2026-27,1022600022,2026-05-15,May,WAS,IND,away,W,104,102,94.5,2,206,5,3,0,0,11,7,6,5,33.6,Shakira Austin,1631022,6,C,19,9,True,0,3,28.8,24.4,13.3,9.3,2.7,33,3,43.3,0.49523809523809526,0.3273809523809524,0.5454545454545454,0.0
2026-27,1022600029,2026-05-18,May,WAS,DAL,away,L,69,92,73.5,-23,161,1,0,0,0,10,5,2,2,26.2,Shakira Austin,1631022,-15,C,12,4,True,1,4,28.8,24.4,13.3,9.3,2.7,17,1,17.3,0.56793893129771,0.3816793893129771,0.2,0.0
2026-27,1022600046,2026-05-24,May,WAS,SEA,away,L,85,97,81.0,-12,182,0,2,2,1,7,4,3,3,28.7,Shakira Austin,1631022,-10,C,12,4,True,2,1,28.8,24.4,13.3,9.3,2.7,16,4,27.8,0.32473867595818817,0.24390243902439024,0.42857142857142855,0.2857142857142857
2026-27,1022600053,2026-05-27,May,WAS,SEA,away,W,78,64,72.5,14,142,5,1,2,1,13,6,5,5,28.7,Shakira Austin,1631022,10,C,18,13,True,0,2,28.8,24.4,13.3,9.3,2.7,36,1,42.1,0.5993031358885017,0.4529616724738676,0.38461538461538464,0.15384615384615385
2026-27,1022600057,2026-05-29,May,WAS,LAS,home,L,87,92,81.0,-5,179,3,0,0,0,10,8,9,9,25.1,Shakira Austin,1631022,2,C,25,10,True,0,4,28.8,24.4,13.3,9.3,2.7,38,0,37.5,0.7155378486055777,0.398406374501992,0.9,0.0
2026-27,1022600067,2026-06-02,Jun,WAS,CHI,home,W,90,72,82.5,18,162,1,1,1,1,13,5,9,6,25.1,Shakira Austin,1631022,17,C,17,8,True,3,5,28.8,24.4,13.3,9.3,2.7,26,4,35.1,0.8749003984063745,0.5179282868525896,0.6923076923076923,0.07692307692307693
2026-27,1022600079,2026-06-06,Jun,WAS,ATL,away,L,77,109,77.5,-32,186,4,3,2,1,9,3,0,0,22.5,Shakira Austin,1631022,-29,C,7,5,True,0,3,28.8,24.4,13.3,9.3,2.7,16,3,25.0,0.5333333333333333,0.4,0.0,0.2222222222222222
2026-27,1022600084,2026-06-08,Jun,WAS,IND,home,L,76,78,81.0,-2,154,4,1,1,0,11,4,4,2,34.5,Shakira Austin,1631022,-2,C,10,9,True,0,5,28.8,24.4,13.3,9.3,2.7,23,1,24.799999999999997,0.5147826086956521,0.3188405797101449,0.36363636363636365,0.09090909090909091
2026-27,1022600095,2026-06-12,Jun,WAS,TOR,home,W,86,85,84.5,1,171,3,2,1,0,6,3,7,6,32.0,Shakira Austin,1631022,7,C,12,11,True,0,9,28.8,24.4,13.3,9.3,2.7,26,2,26.700000000000003,0.565,0.1875,1.1666666666666667,0.16666666666666666
2026-27,1022600101,2026-06-14,Jun,WAS,NYL,away,L,64,86,78.5,-22,150,4,1,0,0,12,3,4,2,30.0,Shakira Austin,1631022,-13,C,8,6,True,0,3,28.8,24.4,13.3,9.3,2.7,18,1,21.2,0.5586666666666666,0.4,0.3333333333333333,0.0
2026-27,1022600107,2026-06-17,Jun,WAS,CON,away,W,88,81,76.0,7,169,0,0,0,0,0,0,0,0,0.0,Shakira Austin,1631022,0,,0,0,False,0,0,28.8,24.4,13.3,9.3,2.7,0,0,0.0,,,,
2026-27,1022600115,2026-06-19,Jun,WAS,NYL,away,W,86,83,79.0,3,169,1,0,1,1,8,4,8,5,27.8,Shakira Austin,1631022,5,C,14,7,True,0,1,28.8,24.4,13.3,9.3,2.7,22,0,22.9,0.4503597122302158,0.28776978417266186,1.0,0.125
2026-27,1022600121,2026-06-21,Jun,WAS,MIN,away,W,84,79,82.0,5,163,2,1,1,0,8,2,4,3,22.4,Shakira Austin,1631022,-6,C,7,8,False,3,2,28.8,24.4,13.3,9.3,2.7,17,4,29.6,0.525,0.35714285714285715,0.5,0.125
2026-27,1022600129,2026-06-24,Jun,WAS,MIN,home,L,76,78,86.0,-2,154,3,0,1,0,15,5,2,1,25.5,Shakira Austin,1631022,-3,C,11,16,True,1,3,28.8,24.4,13.3,9.3,2.7,30,1,34.7,0.7403921568627452,0.5882352941176471,0.13333333333333333,0.06666666666666667
2026-27,1022600135,2026-06-26,Jun,WAS,CON,away,L,57,68,77.0,-11,125,1,1,2,1,7,2,4,1,22.7,Shakira Austin,1631022,-21,C,6,12,False,0,7,28.8,24.4,13.3,9.3,2.7,19,1,17.9,0.694273127753304,0.30837004405286345,0.5714285714285714,0.2857142857142857
2026-27,1022600142,2026-06-28,Jun,WAS,PDX,home,W,124,123,117.5,1,247,6,4,3,1,9,3,2,2,47.1,Shakira Austin,1631022,5,C,9,13,True,0,1,28.8,24.4,13.3,9.3,2.7,28,4,44.6,0.23099787685774947,0.19108280254777069,0.2222222222222222,0.3333333333333333
2026-27,1022600145,2026-07-02,Jul,WAS,ATL,home,W,81,76,82.0,5,157,3,3,2,2,14,9,5,1,29.5,Shakira Austin,1631022,-3,C,21,9,True,0,3,28.8,24.4,13.3,9.3,2.7,33,3,42.3,0.6508474576271186,0.4745762711864407,0.35714285714285715,0.14285714285714285
2026-27,1022600154,2026-07-06,Jul,WAS,GSV,home,L,49,62,68.0,-13,111,0,2,1,0,11,3,6,5,23.7,Shakira Austin,1631022,-3,C,11,11,True,0,0,28.8,24.4,13.3,9.3,2.7,22,2,30.2,0.5755274261603376,0.4641350210970464,0.5454545454545454,0.09090909090909091
2026-27,1022600003,2026-05-08,May,GSV,SEA,away,W,91,80,75.0,11,171,0,0,1,0,1,0,0,0,2.6,Miela Sowah,1631039,-6,,0,0,False,0,0,3.0,14.2,0.0,0.0,0.0,0,0,0.0,0.3846153846153846,0.3846153846153846,0.0,1.0
2026-27,1022600011,2026-05-10,May,GSV,PHX,home,W,95,79,76.5,16,174,0,0,0,0,0,0,0,0,0.0,Miela Sowah,1631039,0,,0,0,False,0,0,3.0,14.2,0.0,0.0,0.0,0,0,0.0,,,,
2026-27,1022600017,2026-05-13,May,GSV,CHI,home,L,63,69,75.5,-6,132,0,0,0,0,0,0,0,0,0.0,Miela Sowah,1631039,0,,0,0,False,0,0,3.0,14.2,0.0,0.0,0.0,0,0,0.0,,,,
2026-27,1022600035,2026-05-21,May,GSV,NYL,away,W,87,70,76.0,17,157,0,0,1,0,1,0,0,0,3.2,Miela Sowah,1631039,-4,,0,0,False,0,0,3.0,14.2,0.0,0.0,0.0,0,0,0.0,0.3125,0.3125,0.0,1.0
2026-27,1022600165,2026-07-10,Jul,GSV,CON,away,W,79,64,73.5,15,143,0,0,0,0,0,0,0,0,0.0,Miela Sowah,1631039,0,,0,0,False,0,0,3.0,14.2,0.0,0.0,0.0,0,0,0.0,,,,
2026-27,1022600010,2026-05-09,May,ATL,MIN,away,W,91,90,86.5,1,181,2,0,5,2,10,6,2,1,33.5,Naz Hillmon,1631044,11,F,15,7,True,1,0,29.6,12.9,8.4,4.7,1.4,24,1,29.4,0.3247761194029851,0.29850746268656714,0.2,0.5
2026-27,1022600012,2026-05-12,May,ATL,DAL,away,W,77,72,78.0,5,149,1,0,3,0,5,0,2,1,35.8,Naz Hillmon,1631044,12,F,1,3,True,0,1,29.6,12.9,8.4,4.7,1.4,5,0,5.1,0.1921787709497207,0.13966480446927376,0.4,0.6
2026-27,1022600026,2026-05-17,May,ATL,LVA,home,L,84,85,85.0,-1,169,0,0,3,0,9,2,4,2,30.1,Naz Hillmon,1631044,5,F,6,5,True,0,0,29.6,12.9,8.4,4.7,1.4,11,0,12.0,0.3574750830564784,0.2990033222591362,0.4444444444444444,0.3333333333333333
2026-27,1022600038,2026-05-22,May,ATL,DAL,home,W,86,69,78.0,17,155,2,0,3,0,6,3,0,0,35.5,Naz Hillmon,1631044,13,F,6,3,True,0,4,29.6,12.9,8.4,4.7,1.4,11,0,8.6,0.28169014084507044,0.16901408450704225,0.0,0.5
2026-27,1022600044,2026-05-24,May,ATL,PHX,home,W,82,80,76.5,2,162,0,0,0,0,2,2,1,0,22.9,Naz Hillmon,1631044,-1,F,4,4,True,0,1,29.6,12.9,8.4,4.7,1.4,8,0,7.800000000000001,0.15021834061135372,0.08733624454148473,0.5,0.0
2026-27,1022600051,2026-05-27,May,ATL,MIN,away,L,81,96,77.0,-15,177,1,0,5,1,14,7,0,0,31.8,Naz Hillmon,1631044,-18,F,15,8,True,1,3,29.6,12.9,8.4,4.7,1.4,24,1,26.1,0.5345911949685535,0.44025157232704404,0.0,0.35714285714285715
2026-27,1022600059,2026-05-29,May,ATL,PDX,away,W,86,66,77.5,20,152,4,0,9,1,14,6,1,1,36.1,Naz Hillmon,1631044,19,F,14,7,True,5,1,29.6,12.9,8.4,4.7,1.4,25,5,42.4,0.4277008310249307,0.38781163434903043,0.07142857142857142,0.6428571428571429
2026-27,1022600066,2026-06-02,Jun,ATL,CON,home,W,91,75,77.5,16,166,3,0,3,1,7,2,0,0,35.3,Naz Hillmon,1631044,13,F,5,7,True,0,2,29.6,12.9,8.4,4.7,1.4,15,0,15.899999999999999,0.254957507082153,0.19830028328611898,0.0,0.42857142857142855
2026-27,1022600072,2026-06-04,Jun,ATL,IND,away,L,71,83,77.5,-12,154,1,0,4,2,8,3,4,4,28.1,Naz Hillmon,1631044,-14,F,12,5,True,1,0,29.6,12.9,8.4,4.7,1.4,18,1,22.5,0.3473309608540925,0.2846975088967971,0.5,0.5
2026-27,1022600079,2026-06-06,Jun,ATL,WAS,home,W,109,77,77.5,32,186,1,1,4,2,6,2,0,0,25.2,Naz Hillmon,1631044,24,F,6,6,True,1,0,29.6,12.9,8.4,4.7,1.4,13,2,20.7,0.2380952380952381,0.2380952380952381,0.0,0.6666666666666666
2026-27,1022600086,2026-06-09,Jun,ATL,CHI,away,W,82,75,77.0,7,157,1,0,8,3,12,6,1,1,37.7,Naz Hillmon,1631044,9,F,16,6,True,1,0,29.6,12.9,8.4,4.7,1.4,23,1,27.7,0.329973474801061,0.3183023872679045,0.08333333333333333,0.6666666666666666
2026-27,1022600092,2026-06-11,Jun,ATL,NYL,home,L,90,104,80.5,-14,194,3,0,4,1,8,3,0,0,29.7,Naz Hillmon,1631044,-18,F,7,1,True,0,1,29.6,12.9,8.4,4.7,1.4,11,0,11.7,0.30303030303030304,0.26936026936026936,0.0,0.5
2026-27,1022600102,2026-06-14,Jun,ATL,TOR,away,W,102,77,81.0,25,179,1,0,4,0,8,4,1,1,31.6,Naz Hillmon,1631044,11,F,9,6,True,1,0,29.6,12.9,8.4,4.7,1.4,16,1,20.7,0.2670886075949367,0.2531645569620253,0.125,0.5
2026-27,1022600113,2026-06-18,Jun,ATL,IND,away,W,108,101,87.5,7,209,2,1,5,3,8,4,6,6,31.7,Naz Hillmon,1631044,4,F,17,4,True,1,2,29.6,12.9,8.4,4.7,1.4,23,2,28.8,0.3987381703470032,0.25236593059936907,0.75,0.625
2026-27,1022600117,2026-06-20,Jun,ATL,IND,home,W,113,96,84.5,17,209,3,1,3,2,13,8,2,1,29.2,Naz Hillmon,1631044,26,F,19,6,True,0,1,29.6,12.9,8.4,4.7,1.4,28,1,32.7,0.5095890410958904,0.4452054794520548,0.15384615384615385,0.23076923076923078
2026-27,1022600124,2026-06-22,Jun,ATL,TOR,home,W,94,87,84.5,7,181,1,0,1,0,4,3,0,0,23.4,Naz Hillmon,1631044,15,F,6,3,True,0,1,29.6,12.9,8.4,4.7,1.4,10,0,10.1,0.2136752136752137,0.17094017094017094,0.0,0.25
2026-27,1022600131,2026-06-24,Jun,ATL,GSV,away,L,66,77,73.5,-11,143,0,0,0,0,1,1,0,0,15.9,Naz Hillmon,1631044,-13,F,2,2,False,0,0,29.6,12.9,8.4,4.7,1.4,4,0,4.4,0.06289308176100629,0.06289308176100629,0.0,0.0
2026-27,1022600137,2026-06-26,Jun,ATL,GSV,away,L,75,78,81.0,-3,153,1,0,1,0,4,0,2,2,28.8,Naz Hillmon,1631044,-8,F,2,3,True,0,1,29.6,12.9,8.4,4.7,1.4,6,0,6.1,0.20416666666666666,0.1388888888888889,0.5,0.25
2026-27,1022600140,2026-06-27,Jun,ATL,SEA,away,L,90,105,83.0,-15,195,0,0,0,0,0,0,0,0,0.0,Naz Hillmon,1631044,0,,0,0,False,0,0,29.6,12.9,8.4,4.7,1.4,0,0,0.0,,,,
2026-27,1022600145,2026-07-02,Jul,ATL,WAS,away,L,76,81,82.0,-5,157,1,1,5,1,5,1,2,2,25.5,Naz Hillmon,1631044,1,,5,5,True,1,2,29.6,12.9,8.4,4.7,1.4,11,2,16.5,0.30901960784313726,0.19607843137254902,0.4,1.0
2026-27,1022600150,2026-07-04,Jul,ATL,GSV,home,L,83,88,79.0,-5,171,1,0,1,1,1,1,0,0,24.0,Naz Hillmon,1631044,0,,3,5,True,0,0,29.6,12.9,8.4,4.7,1.4,9,0,10.5,0.041666666666666664,0.041666666666666664,0.0,1.0
2026-27,1022600162,2026-07-09,Jul,ATL,SEA,home,W,89,78,89.5,11,167,1,0,7,1,9,2,2,2,29.3,Naz Hillmon,1631044,11,F,7,2,True,3,1,29.6,12.9,8.4,4.7,1.4,10,3,18.9,0.37133105802047783,0.30716723549488056,0.2222222222222222,0.7777777777777778
2026-27,1022600002,2026-05-08,May,TOR,WAS,home,L,65,68,81.5,-3,133,0,1,2,0,8,3,4,2,25.5,Nyara Sabally,1631055,-4,F,8,6,True,3,1,24.0,18.6,11.2,4.9,1.9,14,4,26.2,0.42196078431372547,0.3137254901960784,0.5,0.25
2026-27,1022600015,2026-05-13,May,TOR,SEA,home,W,86,73,81.0,13,159,3,2,1,0,4,2,6,4,25.6,Nyara Sabally,1631055,8,F,8,5,True,2,2,24.0,18.6,11.2,4.9,1.9,16,4,28.5,0.3375,0.15625,1.5,0.25
2026-27,1022600023,2026-05-15,May,TOR,LAS,away,L,95,99,80.0,-4,194,3,2,1,0,10,5,4,4,27.5,Nyara Sabally,1631055,-4,F,14,9,True,1,0,24.0,18.6,11.2,4.9,1.9,26,3,38.3,0.42763636363636365,0.36363636363636365,0.4,0.1
2026-27,1022600028,2026-05-17,May,TOR,LAS,away,W,106,96,80.0,10,202,4,1,0,0,4,3,1,1,20.1,Nyara Sabally,1631055,10,C,7,4,False,1,2,24.0,18.6,11.2,4.9,1.9,15,2,21.8,0.32039800995024875,0.1990049751243781,0.25,0.0
2026-27,1022600031,2026-05-19,May,TOR,PHX,away,W,98,90,82.5,8,188,0,0,0,0,0,0,0,0,0.0,Nyara Sabally,1631055,0,,0,0,False,0,0,24.0,18.6,11.2,4.9,1.9,0,0,0.0,,,,
2026-27,1022600036,2026-05-21,May,TOR,MIN,away,L,72,100,77.5,-28,172,0,0,0,0,0,0,0,0,0.0,Nyara Sabally,1631055,0,,0,0,False,0,0,24.0,18.6,11.2,4.9,1.9,0,0,0.0,,,,
2026-27,1022600042,2026-05-23,May,TOR,PDX,home,L,80,99,80.0,-19,179,0,1,1,1,6,4,0,0,23.1,Nyara Sabally,1631055,-12,C,9,3,True,0,0,24.0,18.6,11.2,4.9,1.9,12,1,15.6,0.2597402597402597,0.2597402597402597,0.0,0.16666666666666666
2026-27,1022600050,2026-05-27,May,TOR,CHI,away,W,111,104,84.0,7,215,2,2,4,3,14,11,6,4,28.0,Nyara Sabally,1631055,2,C,29,6,True,2,2,24.0,18.6,11.2,4.9,1.9,37,4,49.2,0.6657142857142857,0.5,0.42857142857142855,0.2857142857142857
2026-27,1022600060,2026-05-30,May,TOR,SEA,home,W,93,72,82.0,21,165,0,1,1,0,5,2,4,4,26.1,Nyara Sabally,1631055,15,C,8,4,True,2,1,24.0,18.6,11.2,4.9,1.9,12,3,20.8,0.2973180076628352,0.19157088122605362,0.8,0.2
2026-27,1022600070,2026-06-03,Jun,TOR,NYL,away,L,82,97,78.5,-15,179,3,0,3,1,10,5,0,0,29.2,Nyara Sabally,1631055,-24,C,11,6,True,0,1,24.0,18.6,11.2,4.9,1.9,20,0,21.7,0.3767123287671233,0.3424657534246575,0.0,0.3
2026-27,1022600081,2026-06-07,Jun,TOR,CHI,home,W,85,68,84.5,17,153,1,1,1,0,14,7,2,1,25.1,Nyara Sabally,1631055,16,C,15,6,True,1,1,24.0,18.6,11.2,4.9,1.9,22,2,28.7,0.6326693227091633,0.5577689243027888,0.14285714285714285,0.07142857142857142
2026-27,1022600089,2026-06-10,Jun,TOR,CON,home,W,106,102,89.5,4,208,3,0,1,0,5,3,10,9,29.6,Nyara Sabally,1631055,6,C,15,5,True,0,0,24.0,18.6,11.2,4.9,1.9,23,0,25.5,0.31756756756756754,0.16891891891891891,2.0,0.2
2026-27,1022600095,2026-06-12,Jun,TOR,WAS,away,L,85,86,84.5,-1,171,0,0,0,0,0,0,0,0,0.0,Nyara Sabally,1631055,0,,0,0,False,0,0,24.0,18.6,11.2,4.9,1.9,0,0,0.0,,,,
2026-27,1022600102,2026-06-14,Jun,TOR,ATL,home,L,77,102,81.0,-25,179,0,0,0,0,0,0,0,0,0.0,Nyara Sabally,1631055,0,,0,0,False,0,0,24.0,18.6,11.2,4.9,1.9,0,0,0.0,,,,
2026-27,1022600106,2026-06-16,Jun,TOR,IND,away,L,91,113,88.5,-22,204,0,0,0,0,0,0,0,0,0.0,Nyara Sabally,1631055,0,,0,0,False,0,0,24.0,18.6,11.2,4.9,1.9,0,0,0.0,,,,
2026-27,1022600114,2026-06-19,Jun,TOR,CON,away,W,101,97,84.0,4,198,0,0,0,0,0,0,0,0,0.0,Nyara Sabally,1631055,0,,0,0,False,0,0,24.0,18.6,11.2,4.9,1.9,0,0,0.0,,,,
2026-27,1022600124,2026-06-22,Jun,TOR,ATL,away,L,87,94,84.5,-7,181,2,4,3,0,7,3,3,3,17.9,Nyara Sabally,1631055,-12,C,9,4,False,1,1,24.0,18.6,11.2,4.9,1.9,15,5,30.8,0.5206703910614525,0.3910614525139665,0.42857142857142855,0.42857142857142855
2026-27,1022600132,2026-06-25,Jun,TOR,LAS,home,W,125,97,86.5,28,222,0,1,1,0,5,2,2,1,19.1,Nyara Sabally,1631055,18,C,5,4,False,0,0,24.0,18.6,11.2,4.9,1.9,9,1,12.8,0.3078534031413612,0.2617801047120419,0.4,0.2
2026-27,1022600138,2026-06-27,Jun,TOR,PHX,home,L,80,89,78.5,-9,169,1,0,3,2,10,5,5,2,26.2,Nyara Sabally,1631055,-18,C,14,4,True,0,2,24.0,18.6,11.2,4.9,1.9,19,0,18.3,0.5419847328244275,0.3816793893129771,0.5,0.3
2026-27,1022600152,2026-07-05,Jul,TOR,DAL,home,L,76,89,76.0,-13,165,5,0,2,1,10,6,3,1,29.4,Nyara Sabally,1631055,-13,C,14,7,True,1,2,24.0,18.6,11.2,4.9,1.9,26,1,30.9,0.45306122448979597,0.3401360544217687,0.3,0.2
2026-27,1022600159,2026-07-08,Jul,TOR,GSV,home,L,75,83,76.0,-8,158,1,0,0,0,1,1,0,0,6.9,Nyara Sabally,1631055,4,C,2,1,False,0,1,24.0,18.6,11.2,4.9,1.9,4,0,3.7,0.2898550724637681,0.14492753623188406,0.0,0.0
2026-27,1022600166,2026-07-10,Jul,TOR,DAL,home,L,95,108,78.5,-13,203,0,0,0,0,0,0,0,0,0.0,Nyara Sabally,1631055,0,,0,0,False,0,0,24.0,18.6,11.2,4.9,1.9,0,0,0.0,,,,
2026-27,1022600006,2026-05-09,May,PDX,CHI,home,L,83,98,82.0,-15,181,2,3,2,0,6,2,0,0,23.3,Emily Engstler,1631083,-3,F,4,2,True,1,3,23.7,18.9,8.9,5.2,1.5,8,4,18.4,0.38626609442060084,0.2575107296137339,0.0,0.3333333333333333
2026-27,1022600014,2026-05-12,May,PDX,NYL,home,W,98,96,79.0,2,194,1,3,3,2,3,2,0,0,24.1,Emily Engstler,1631083,-1,F,6,3,True,2,3,23.7,18.9,8.9,5.2,1.5,10,5,23.1,0.24896265560165973,0.12448132780082986,0.0,1.0
2026-27,1022600020,2026-05-14,May,PDX,NYL,home,L,82,100,86.0,-18,182,0,1,3,2,7,4,2,1,18.8,Emily Engstler,1631083,-9,F,11,4,False,0,1,23.7,18.9,8.9,5.2,1.5,15,1,17.8,0.4723404255319148,0.3723404255319149,0.2857142857142857,0.42857142857142855
2026-27,1022600030,2026-05-18,May,PDX,CON,home,W,83,82,74.5,1,165,2,1,3,2,7,4,5,5,28.1,Emily Engstler,1631083,6,F,15,3,True,2,2,23.7,18.9,8.9,5.2,1.5,20,3,28.6,0.39857651245551595,0.24911032028469748,0.7142857142857143,0.42857142857142855
2026-27,1022600032,2026-05-20,May,PDX,IND,away,L,73,90,82.0,-17,163,0,0,3,1,10,2,0,0,20.8,Emily Engstler,1631083,-27,F,5,2,True,0,1,23.7,18.9,8.9,5.2,1.5,7,0,6.4,0.5288461538461539,0.4807692307692307,0.0,0.3
2026-27,1022600042,2026-05-23,May,PDX,TOR,away,W,99,80,80.0,19,179,0,4,3,1,8,5,5,5,22.3,Emily Engstler,1631083,15,F,16,7,True,2,3,23.7,18.9,8.9,5.2,1.5,23,6,39.4,0.5919282511210762,0.35874439461883406,0.625,0.375
2026-27,1022600047,2026-05-25,May,PDX,NYL,away,W,81,74,78.0,7,155,2,4,3,1,6,3,2,1,27.7,Emily Engstler,1631083,10,F,8,5,True,4,1,23.7,18.9,8.9,5.2,1.5,15,8,40.0,0.28447653429602887,0.21660649819494585,0.3333333333333333,0.5
2026-27,1022600052,2026-05-27,May,PDX,CON,home,W,71,61,75.5,10,132,2,2,3,0,5,2,0,0,19.3,Emily Engstler,1631083,-7,F,4,1,True,0,2,23.7,18.9,8.9,5.2,1.5,7,2,12.2,0.3626943005181347,0.25906735751295334,0.0,0.6
2026-27,1022600059,2026-05-29,May,PDX,ATL,home,L,66,86,77.5,-20,152,0,3,4,2,9,4,0,0,18.2,Emily Engstler,1631083,-17,F,10,2,False,0,6,23.7,18.9,8.9,5.2,1.5,12,3,15.399999999999999,0.8241758241758242,0.4945054945054945,0.0,0.4444444444444444
2026-27,1022600062,2026-05-30,May,PDX,IND,home,W,100,84,80.0,16,184,4,2,3,2,10,7,0,0,29.2,Emily Engstler,1631083,15,F,16,10,True,4,1,23.7,18.9,8.9,5.2,1.5,30,6,51.0,0.3767123287671233,0.3424657534246575,0.0,0.3
2026-27,1022600068,2026-06-02,Jun,PDX,GSV,away,L,77,95,73.5,-18,172,1,2,3,2,12,4,4,2,28.8,Emily Engstler,1631083,-9,F,12,8,True,1,0,23.7,18.9,8.9,5.2,1.5,21,3,32.1,0.47777777777777775,0.41666666666666663,0.3333333333333333,0.25
2026-27,1022600076,2026-06-05,Jun,PDX,PHX,home,L,72,78,74.5,-6,150,1,2,2,0,5,1,2,1,16.5,Emily Engstler,1631083,-19,F,3,5,False,0,2,23.7,18.9,8.9,5.2,1.5,9,2,14.5,0.47757575757575754,0.30303030303030304,0.4,0.4
2026-27,1022600082,2026-06-07,Jun,PDX,LAS,away,L,72,89,81.0,-17,161,0,0,2,0,7,4,2,2,24.9,Emily Engstler,1631083,-12,F,10,8,True,1,2,23.7,18.9,8.9,5.2,1.5,18,1,20.6,0.39678714859437747,0.28112449799196787,0.2857142857142857,0.2857142857142857
2026-27,1022600094,2026-06-11,Jun,PDX,LVA,home,L,89,105,79.5,-16,194,0,2,2,0,5,2,4,3,23.6,Emily Engstler,1631083,-21,F,7,6,True,2,2,23.7,18.9,8.9,5.2,1.5,13,4,24.2,0.3711864406779661,0.211864406779661,0.8,0.4
2026-27,1022600099,2026-06-13,Jun,PDX,DAL,home,W,84,83,78.5,1,167,2,2,3,0,10,4,5,3,24.1,Emily Engstler,1631083,8,F,11,6,True,1,1,23.7,18.9,8.9,5.2,1.5,19,3,29.2,0.5477178423236514,0.41493775933609955,0.5,0.3
2026-27,1022600104,2026-06-15,Jun,PDX,MIN,away,L,74,107,81.5,-33,181,3,1,1,1,7,4,0,0,19.6,Emily Engstler,1631083,-14,F,9,2,True,2,3,23.7,18.9,8.9,5.2,1.5,14,3,21.9,0.5102040816326531,0.3571428571428571,0.0,0.14285714285714285
2026-27,1022600112,2026-06-17,Jun,PDX,SEA,home,W,94,89,74.5,5,183,5,2,4,2,8,3,2,1,26.6,Emily Engstler,1631083,10,F,9,6,True,1,2,23.7,18.9,8.9,5.2,1.5,20,3,30.700000000000003,0.40902255639097745,0.3007518796992481,0.25,0.5
2026-27,1022600130,2026-06-24,Jun,PDX,CHI,away,L,78,101,79.5,-23,179,2,0,2,2,6,4,0,0,16.8,Emily Engstler,1631083,-3,F,10,4,True,2,2,23.7,18.9,8.9,5.2,1.5,16,2,21.8,0.47619047619047616,0.35714285714285715,0.0,0.3333333333333333
2026-27,1022600136,2026-06-26,Jun,PDX,CHI,away,L,94,124,83.0,-30,218,3,2,0,0,3,2,0,0,17.9,Emily Engstler,1631083,-8,F,4,5,False,2,0,23.7,18.9,8.9,5.2,1.5,12,4,26.5,0.1675977653631285,0.1675977653631285,0.0,0.0
2026-27,1022600142,2026-06-28,Jun,PDX,WAS,away,L,123,124,117.5,-1,247,2,3,4,0,11,3,0,0,37.8,Emily Engstler,1631083,-7,F,6,11,True,2,3,23.7,18.9,8.9,5.2,1.5,19,5,34.2,0.3703703703703704,0.29100529100529104,0.0,0.36363636363636365
2026-27,1022600151,2026-07-04,Jul,PDX,SEA,away,W,77,72,84.0,5,149,0,0,5,1,8,3,2,2,21.8,Emily Engstler,1631083,-3,F,9,8,True,2,5,23.7,18.9,8.9,5.2,1.5,17,2,19.6,0.636697247706422,0.36697247706422015,0.25,0.625
2026-27,1022600164,2026-07-09,Jul,PDX,LVA,home,L,80,88,77.0,-8,168,2,2,4,1,7,3,4,3,29.3,Emily Engstler,1631083,-4,F,10,7,True,1,1,23.7,18.9,8.9,5.2,1.5,19,3,29.4,0.33310580204778156,0.23890784982935154,0.5714285714285714,0.5714285714285714
2026-27,1022600004,2026-05-09,May,IND,DAL,home,L,104,107,89.0,-3,211,0,0,0,0,2,0,0,0,14.9,Lexie Hull,1631086,-1,,0,1,False,0,1,20.1,13.4,6.4,3.5,0.8,1,0,0.19999999999999996,0.20134228187919462,0.1342281879194631,0.0,0.0
2026-27,1022600018,2026-05-13,May,IND,LAS,away,W,87,78,82.0,9,165,0,0,1,0,1,0,2,1,12.8,Lexie Hull,1631086,-5,,1,1,False,1,1,20.1,13.4,6.4,3.5,0.8,2,1,4.2,0.22499999999999998,0.078125,2.0,1.0
2026-27,1022600022,2026-05-15,May,IND,WAS,home,L,102,104,94.5,-2,206,1,0,4,2,6,3,2,1,25.5,Lexie Hull,1631086,8,,9,4,True,3,1,20.1,13.4,6.4,3.5,0.8,14,3,23.3,0.30901960784313726,0.23529411764705882,0.3333333333333333,0.6666666666666666
2026-27,1022600027,2026-05-17,May,IND,SEA,home,W,89,78,84.0,11,167,2,0,3,0,8,3,3,3,18.6,Lexie Hull,1631086,9,F,9,4,False,0,1,20.1,13.4,6.4,3.5,0.8,15,0,15.8,0.5548387096774193,0.4301075268817204,0.375,0.375
2026-27,1022600032,2026-05-20,May,IND,PDX,home,W,90,73,82.0,17,163,1,1,4,4,4,4,4,4,21.9,Lexie Hull,1631086,25,F,16,8,True,0,1,20.1,13.4,6.4,3.5,0.8,25,1,29.1,0.308675799086758,0.18264840182648404,1.0,1.0
2026-27,1022600039,2026-05-22,May,IND,GSV,home,W,90,82,83.0,8,172,2,0,4,2,5,2,4,1,23.9,Lexie Hull,1631086,10,F,7,4,True,0,1,20.1,13.4,6.4,3.5,0.8,13,0,13.8,0.32468619246861924,0.2092050209205021,0.8,0.8
2026-27,1022600055,2026-05-28,May,IND,GSV,away,L,88,90,82.5,-2,178,0,0,3,1,7,2,0,0,23.3,Lexie Hull,1631086,2,F,5,6,True,1,1,20.1,13.4,6.4,3.5,0.8,11,1,14.2,0.34334763948497854,0.3004291845493562,0.0,0.42857142857142855
2026-27,1022600062,2026-05-30,May,IND,PDX,away,L,84,100,80.0,-16,184,1,0,4,0,4,0,0,0,15.5,Lexie Hull,1631086,-9,F,0,1,False,0,0,20.1,13.4,6.4,3.5,0.8,2,0,2.7,0.25806451612903225,0.25806451612903225,0.0,1.0
2026-27,1022600072,2026-06-04,Jun,IND,ATL,home,W,83,71,77.5,12,154,0,1,1,0,2,1,2,2,20.5,Lexie Hull,1631086,-7,F,4,2,True,0,1,20.1,13.4,6.4,3.5,0.8,6,1,8.4,0.18926829268292683,0.0975609756097561,1.0,0.5
2026-27,1022600080,2026-06-06,Jun,IND,NYL,away,L,75,83,85.0,-8,158,1,0,1,1,2,2,0,0,19.3,Lexie Hull,1631086,5,F,5,6,True,1,0,20.1,13.4,6.4,3.5,0.8,12,1,16.7,0.10362694300518134,0.10362694300518134,0.0,0.5
2026-27,1022600084,2026-06-08,Jun,IND,WAS,away,W,78,76,81.0,2,154,0,0,2,2,3,3,0,0,22.1,Lexie Hull,1631086,4,F,8,3,True,0,1,20.1,13.4,6.4,3.5,0.8,11,0,10.6,0.18099547511312217,0.13574660633484162,0.0,0.6666666666666666
2026-27,1022600091,2026-06-11,Jun,IND,CHI,home,W,114,106,96.5,8,220,1,0,7,1,13,3,4,4,32.3,Lexie Hull,1631086,8,F,11,8,True,2,1,20.1,13.4,6.4,3.5,0.8,20,2,27.1,0.4879256965944273,0.40247678018575855,0.3076923076923077,0.5384615384615384
2026-27,1022600097,2026-06-13,Jun,IND,CON,away,W,85,75,76.5,10,160,2,0,2,0,3,0,2,2,22.3,Lexie Hull,1631086,12,F,2,6,True,0,2,20.1,13.4,6.4,3.5,0.8,10,0,10.2,0.26367713004484306,0.13452914798206278,0.6666666666666666,0.6666666666666666
2026-27,1022600106,2026-06-16,Jun,IND,TOR,home,W,113,91,88.5,22,204,0,0,3,0,6,3,0,0,19.9,Lexie Hull,1631086,2,F,6,4,False,0,0,20.1,13.4,6.4,3.5,0.8,10,0,10.8,0.30150753768844224,0.30150753768844224,0.0,0.5
2026-27,1022600113,2026-06-18,Jun,IND,ATL,home,L,101,108,87.5,-7,209,0,0,0,0,2,1,0,0,11.1,Lexie Hull,1631086,-6,F,2,3,False,0,0,20.1,13.4,6.4,3.5,0.8,5,0,5.6,0.1801801801801802,0.1801801801801802,0.0,0.0
2026-27,1022600117,2026-06-20,Jun,IND,ATL,away,L,96,113,84.5,-17,209,1,0,1,0,1,0,0,0,15.8,Lexie Hull,1631086,-11,F,0,0,False,0,0,20.1,13.4,6.4,3.5,0.8,1,0,1.5,0.06329113924050632,0.06329113924050632,0.0,1.0
2026-27,1022600125,2026-06-22,Jun,IND,PHX,home,W,86,77,80.5,9,163,0,0,2,2,2,2,2,2,17.0,Lexie Hull,1631086,1,F,8,2,False,0,1,20.1,13.4,6.4,3.5,0.8,10,0,9.4,0.22823529411764706,0.11764705882352941,1.0,1.0
2026-27,1022600128,2026-06-24,Jun,IND,PHX,home,L,109,111,84.0,-2,220,2,0,3,1,6,4,0,0,24.5,Lexie Hull,1631086,5,F,9,2,True,1,2,20.1,13.4,6.4,3.5,0.8,13,1,15.399999999999999,0.32653061224489793,0.24489795918367346,0.0,0.5
2026-27,1022600139,2026-06-27,Jun,IND,LAS,home,W,111,87,85.5,24,198,3,1,4,1,7,2,0,0,21.6,Lexie Hull,1631086,21,F,5,7,True,1,0,20.1,13.4,6.4,3.5,0.8,15,2,23.9,0.32407407407407407,0.32407407407407407,0.0,0.5714285714285714
2026-27,1022600153,2026-07-05,Jul,IND,LVA,away,W,84,68,72.5,16,152,1,0,2,0,10,5,0,0,22.0,Lexie Hull,1631086,4,F,10,4,True,2,1,20.1,13.4,6.4,3.5,0.8,15,2,21.3,0.5,0.45454545454545453,0.0,0.2
2026-27,1022600161,2026-07-08,Jul,IND,LAS,away,L,92,106,91.5,-14,198,0,0,6,2,13,6,0,0,20.9,Lexie Hull,1631086,0,F,14,2,True,1,0,20.1,13.4,6.4,3.5,0.8,16,1,19.4,0.6220095693779905,0.6220095693779905,0.0,0.46153846153846156
2026-27,1022600163,2026-07-09,Jul,IND,PHX,away,W,92,89,78.5,3,181,0,0,3,2,6,4,0,0,17.8,Lexie Hull,1631086,-3,F,10,0,False,0,0,20.1,13.4,6.4,3.5,0.8,10,0,10.0,0.33707865168539325,0.33707865168539325,0.0,0.5
2026-27,1022600002,2026-05-08,May,TOR,WAS,home,L,65,68,81.5,-3,133,0,0,0,0,0,0,0,0,2.0,Lexi Held,1631118,-1,,0,0,False,0,0,16.8,16.2,5.3,1.3,1.5,0,0,0.0,0.0,0.0,,
2026-27,1022600015,2026-05-13,May,TOR,SEA,home,W,86,73,81.0,13,159,0,0,0,0,0,0,0,0,1.9,Lexi Held,1631118,-2,,0,0,False,0,0,16.8,16.2,5.3,1.3,1.5,0,0,0.0,0.0,0.0,,
2026-27,1022600023,2026-05-15,May,TOR,LAS,away,L,95,99,80.0,-4,194,0,0,0,0,0,0,0,0,5.5,Lexi Held,1631118,4,,0,0,False,0,0,16.8,16.2,5.3,1.3,1.5,0,0,0.0,0.0,0.0,,
2026-27,1022600028,2026-05-17,May,TOR,LAS,away,W,106,96,80.0,10,202,0,0,0,0,0,0,0,0,5.0,Lexi Held,1631118,5,,0,0,False,0,0,16.8,16.2,5.3,1.3,1.5,0,0,0.0,0.0,0.0,,
2026-27,1022600031,2026-05-19,May,TOR,PHX,away,W,98,90,82.5,8,188,1,0,0,0,2,1,1,1,8.5,Lexi Held,1631118,1,,3,1,False,0,1,16.8,16.2,5.3,1.3,1.5,5,0,4.7,0.4047058823529412,0.23529411764705882,0.5,0.0
2026-27,1022600036,2026-05-21,May,TOR,MIN,away,L,72,100,77.5,-28,172,3,0,3,1,6,1,0,0,22.8,Lexi Held,1631118,-11,,3,1,True,0,1,16.8,16.2,5.3,1.3,1.5,7,0,7.699999999999999,0.30701754385964913,0.2631578947368421,0.0,0.5
2026-27,1022600042,2026-05-23,May,TOR,PDX,home,L,80,99,80.0,-19,179,1,0,1,1,2,1,0,0,8.4,Lexi Held,1631118,6,,3,2,False,0,0,16.8,16.2,5.3,1.3,1.5,6,0,6.9,0.23809523809523808,0.23809523809523808,0.0,0.5
2026-27,1022600050,2026-05-27,May,TOR,CHI,away,W,111,104,84.0,7,215,2,0,0,0,0,0,0,0,5.9,Lexi Held,1631118,1,,0,2,False,1,2,16.8,16.2,5.3,1.3,1.5,4,1,6.4,0.3389830508474576,0.0,,
2026-27,1022600065,2026-06-01,Jun,PHX,MIN,home,L,77,111,79.0,-34,188,0,0,2,1,3,1,2,2,14.6,Lexi Held,1631118,-7,,5,0,False,0,0,16.8,16.2,5.3,1.3,1.5,5,0,5.0,0.26575342465753427,0.20547945205479454,0.6666666666666666,0.6666666666666666
2026-27,1022600071,2026-06-03,Jun,PHX,SEA,away,W,72,68,79.5,4,140,2,1,2,0,3,0,0,0,13.2,Lexi Held,1631118,7,,0,2,False,2,1,16.8,16.2,5.3,1.3,1.5,4,3,13.4,0.30303030303030304,0.2272727272727273,0.0,0.6666666666666666
2026-27,1022600076,2026-06-05,Jun,PHX,PDX,away,W,78,72,74.5,6,150,3,0,2,1,5,1,5,5,19.6,Lexi Held,1631118,-7,,8,1,False,0,1,16.8,16.2,5.3,1.3,1.5,12,0,12.7,0.4183673469387754,0.25510204081632654,1.0,0.4
2026-27,1022600088,2026-06-09,Jun,PHX,GSV,away,L,81,87,74.5,-6,168,2,0,3,1,7,2,0,0,15.0,Lexi Held,1631118,0,,5,2,False,1,2,16.8,16.2,5.3,1.3,1.5,9,1,11.4,0.6,0.4666666666666667,0.0,0.42857142857142855
2026-27,1022600093,2026-06-11,Jun,PHX,DAL,away,L,70,85,82.5,-15,155,1,0,5,3,10,6,2,2,23.5,Lexi Held,1631118,1,,17,4,True,1,1,16.8,16.2,5.3,1.3,1.5,22,1,25.3,0.505531914893617,0.425531914893617,0.2,0.5
2026-27,1022600100,2026-06-13,Jun,PHX,LAS,home,L,102,111,88.5,-9,213,2,0,6,1,10,4,0,0,28.6,Lexi Held,1631118,-8,,9,2,True,1,3,16.8,16.2,5.3,1.3,1.5,13,1,14.399999999999999,0.45454545454545453,0.34965034965034963,0.0,0.6
2026-27,1022600111,2026-06-17,Jun,PHX,LVA,home,L,76,86,77.0,-10,162,0,0,2,1,5,3,0,0,15.0,Lexi Held,1631118,-2,,7,1,False,0,1,16.8,16.2,5.3,1.3,1.5,8,0,7.199999999999999,0.4,0.3333333333333333,0.0,0.4
2026-27,1022600118,2026-06-20,Jun,PHX,SEA,home,W,93,73,78.5,20,166,2,1,6,1,12,5,0,0,29.5,Lexi Held,1631118,13,G,11,0,True,0,2,16.8,16.2,5.3,1.3,1.5,13,1,15.0,0.4745762711864407,0.4067796610169492,0.0,0.5
2026-27,1022600125,2026-06-22,Jun,PHX,IND,away,L,77,86,80.5,-9,163,3,0,3,0,7,2,0,0,21.9,Lexi Held,1631118,-1,G,4,2,True,1,1,16.8,16.2,5.3,1.3,1.5,9,1,12.9,0.36529680365296807,0.31963470319634707,0.0,0.42857142857142855
2026-27,1022600128,2026-06-24,Jun,PHX,IND,away,W,111,109,84.0,2,220,0,1,1,1,6,3,3,2,25.8,Lexi Held,1631118,-5,G,9,1,False,0,0,16.8,16.2,5.3,1.3,1.5,10,1,13.2,0.2837209302325581,0.23255813953488372,0.5,0.16666666666666666
2026-27,1022600138,2026-06-27,Jun,PHX,TOR,away,W,89,80,78.5,9,169,2,0,6,3,11,5,3,3,29.8,Lexi Held,1631118,7,G,16,2,True,1,2,16.8,16.2,5.3,1.3,1.5,20,1,22.4,0.48053691275167787,0.36912751677852346,0.2727272727272727,0.5454545454545454
2026-27,1022600147,2026-07-02,Jul,PHX,SEA,home,W,90,67,76.0,23,157,2,0,6,5,11,6,0,0,31.3,Lexi Held,1631118,19,G,17,5,True,1,2,16.8,16.2,5.3,1.3,1.5,24,1,27.0,0.41533546325878595,0.3514376996805112,0.0,0.5454545454545454
2026-27,1022600158,2026-07-07,Jul,PHX,CHI,home,L,66,77,80.0,-11,143,2,0,1,0,4,0,0,0,27.2,Lexi Held,1631118,5,G,0,1,True,1,1,16.8,16.2,5.3,1.3,1.5,3,1,6.2,0.18382352941176472,0.14705882352941177,0.0,0.25
2026-27,1022600163,2026-07-09,Jul,PHX,IND,home,L,89,92,78.5,-3,181,4,0,1,0,1,0,0,0,12.3,Lexi Held,1631118,-3,G,0,0,False,0,1,16.8,16.2,5.3,1.3,1.5,4,0,5.0,0.16260162601626016,0.08130081300813008,0.0,1.0
2026-27,1022600001,2026-05-08,May,CON,NYL,away,L,75,106,88.5,-31,181,3,0,0,0,2,0,2,1,15.0,Olivia Nelson-Ododa,1631135,-15,,1,2,False,1,0,20.2,19.0,9.0,5.6,1.9,6,1,10.9,0.192,0.13333333333333333,1.0,0.0
2026-27,1022600007,2026-05-10,May,CON,SEA,home,L,82,89,86.5,-7,171,1,1,0,0,2,2,2,1,12.1,Olivia Nelson-Ododa,1631135,2,,5,1,False,1,1,20.2,19.0,9.0,5.6,1.9,7,2,12.7,0.32066115702479336,0.1652892561983471,1.0,0.0
2026-27,1022600016,2026-05-13,May,CON,LVA,home,L,69,98,83.0,-29,167,3,0,0,0,7,5,4,4,22.1,Olivia Nelson-Ododa,1631135,-13,C,14,6,False,1,2,20.2,19.0,9.0,5.6,1.9,23,1,26.7,0.4868778280542986,0.3167420814479638,0.5714285714285714,0.0
2026-27,1022600021,2026-05-15,May,CON,LVA,home,L,94,101,84.5,-7,195,0,0,0,0,0,0,0,0,0.0,Olivia Nelson-Ododa,1631135,0,,0,0,False,0,0,20.2,19.0,9.0,5.6,1.9,0,0,0.0,,,,
2026-27,1022600034,2026-05-20,May,CON,SEA,away,W,80,78,78.0,2,158,0,0,0,0,0,0,0,0,0.0,Olivia Nelson-Ododa,1631135,0,,0,0,False,0,0,20.2,19.0,9.0,5.6,1.9,0,0,0.0,,,,
2026-27,1022600040,2026-05-22,May,CON,SEA,away,L,59,77,75.5,-18,136,0,0,0,0,0,0,0,0,0.0,Olivia Nelson-Ododa,1631135,0,,0,0,False,0,0,20.2,19.0,9.0,5.6,1.9,0,0,0.0,,,,
2026-27,1022600048,2026-05-25,May,CON,GSV,away,L,70,97,80.0,-27,167,5,2,0,0,5,2,4,3,12.3,Olivia Nelson-Ododa,1631135,-11,,7,1,False,0,2,20.2,19.0,9.0,5.6,1.9,13,2,19.7,0.7121951219512195,0.4065040650406504,0.8,0.0
2026-27,1022600052,2026-05-27,May,CON,PDX,away,L,61,71,75.5,-10,132,4,0,0,0,3,2,2,0,21.3,Olivia Nelson-Ododa,1631135,3,,4,4,True,2,0,20.2,19.0,9.0,5.6,1.9,12,2,20.8,0.18215962441314554,0.14084507042253522,0.6666666666666666,0.0
2026-27,1022600061,2026-05-30,May,CON,LAS,home,W,84,81,83.0,3,165,1,1,0,0,1,0,4,4,17.3,Olivia Nelson-Ododa,1631135,3,,4,4,False,1,0,20.2,19.0,9.0,5.6,1.9,9,2,16.3,0.15953757225433524,0.057803468208092484,4.0,0.0
2026-27,1022600066,2026-06-02,Jun,CON,ATL,away,L,75,91,77.5,-16,166,0,0,0,0,3,3,8,4,10.8,Olivia Nelson-Ododa,1631135,-4,,10,1,False,1,1,20.2,19.0,9.0,5.6,1.9,11,1,13.2,0.6962962962962962,0.27777777777777773,2.6666666666666665,0.0
2026-27,1022600074,2026-06-05,Jun,CON,CHI,away,L,80,85,77.0,-5,165,0,0,0,0,3,1,0,0,9.7,Olivia Nelson-Ododa,1631135,3,,2,3,False,0,0,20.2,19.0,9.0,5.6,1.9,5,0,5.6,0.30927835051546393,0.30927835051546393,0.0,0.0
2026-27,1022600083,2026-06-08,Jun,CON,NYL,home,L,80,89,82.0,-9,169,1,1,0,0,6,6,4,3,26.2,Olivia Nelson-Ododa,1631135,-3,C,15,8,True,0,0,20.2,19.0,9.0,5.6,1.9,24,1,29.1,0.2961832061068702,0.22900763358778625,0.6666666666666666,0.0
2026-27,1022600089,2026-06-10,Jun,CON,TOR,away,L,102,106,89.5,-4,208,1,1,0,0,2,2,6,5,29.5,Olivia Nelson-Ododa,1631135,-3,C,9,13,True,0,5,20.2,19.0,9.0,5.6,1.9,23,1,24.1,0.32677966101694916,0.06779661016949153,3.0,0.0
2026-27,1022600097,2026-06-13,Jun,CON,IND,home,L,75,85,76.5,-10,160,1,0,0,0,12,6,2,0,21.0,Olivia Nelson-Ododa,1631135,-7,,12,7,True,0,1,20.2,19.0,9.0,5.6,1.9,20,0,20.9,0.660952380952381,0.5714285714285714,0.16666666666666666,0.0
2026-27,1022600107,2026-06-17,Jun,CON,WAS,home,L,81,88,76.0,-7,169,1,0,0,0,2,2,2,1,9.6,Olivia Nelson-Ododa,1631135,-3,,5,0,False,1,0,20.2,19.0,9.0,5.6,1.9,6,1,9.5,0.3,0.20833333333333334,1.0,0.0
2026-27,1022600114,2026-06-19,Jun,CON,TOR,home,L,97,101,84.0,-4,198,0,1,0,0,9,6,2,1,16.4,Olivia Nelson-Ododa,1631135,15,,13,3,False,1,0,20.2,19.0,9.0,5.6,1.9,16,2,22.6,0.602439024390244,0.5487804878048781,0.2222222222222222,0.0
2026-27,1022600123,2026-06-22,Jun,CON,CHI,home,W,92,63,84.5,29,155,3,2,0,0,8,4,4,3,26.9,Olivia Nelson-Ododa,1631135,24,F,11,15,True,2,2,20.2,19.0,9.0,5.6,1.9,29,4,43.5,0.4371747211895911,0.29739776951672864,0.5,0.0
2026-27,1022600135,2026-06-26,Jun,CON,WAS,home,W,68,57,77.0,11,125,3,3,0,0,12,6,1,0,29.6,Olivia Nelson-Ododa,1631135,10,F,12,9,True,2,1,20.2,19.0,9.0,5.6,1.9,24,5,41.3,0.454054054054054,0.4054054054054054,0.08333333333333333,0.0
2026-27,1022600146,2026-07-02,Jul,CON,DAL,home,L,83,86,80.0,-3,169,1,0,0,0,6,4,5,3,24.1,Olivia Nelson-Ododa,1631135,0,F,11,8,True,1,4,20.2,19.0,9.0,5.6,1.9,20,1,21.1,0.5062240663900415,0.24896265560165973,0.8333333333333334,0.0
2026-27,1022600155,2026-07-06,Jul,CON,MIN,away,W,90,89,80.5,1,179,3,2,0,0,6,4,8,2,28.6,Olivia Nelson-Ododa,1631135,3,F,10,8,True,1,2,20.2,19.0,9.0,5.6,1.9,21,3,31.1,0.40279720279720277,0.2097902097902098,1.3333333333333333,0.0
2026-27,1022600160,2026-07-08,Jul,CON,MIN,home,L,80,86,78.5,-6,166,2,1,0,0,9,6,3,2,27.1,Olivia Nelson-Ododa,1631135,2,C,14,5,True,1,2,20.2,19.0,9.0,5.6,1.9,21,2,27.0,0.45461254612546126,0.33210332103321033,0.3333333333333333,0.0
2026-27,1022600165,2026-07-10,Jul,CON,GSV,home,L,64,79,73.5,-15,143,4,1,0,0,13,5,4,2,24.6,Olivia Nelson-Ododa,1631135,-9,C,12,8,True,1,4,20.2,19.0,9.0,5.6,1.9,24,2,29.6,0.76260162601626,0.5284552845528455,0.3076923076923077,0.0
2026-27,1022600001,2026-05-08,May,NYL,CON,home,W,106,75,88.5,31,181,4,0,0,0,4,2,3,1,19.7,Pauline Astier,1631136,4,G,5,2,False,1,0,24.3,17.4,10.0,3.0,3.8,11,1,16.4,0.27005076142131984,0.20304568527918782,0.75,0.0
2026-27,1022600008,2026-05-10,May,NYL,WAS,away,W,98,93,86.5,5,191,7,0,2,0,10,6,7,6,35.0,Pauline Astier,1631136,-1,G,18,5,True,2,2,24.3,17.4,10.0,3.0,3.8,30,2,38.5,0.4308571428571429,0.2857142857142857,0.7,0.2
2026-27,1022600014,2026-05-12,May,NYL,PDX,away,L,96,98,79.0,-2,194,3,0,3,2,14,10,3,2,29.6,Pauline Astier,1631136,-2,G,24,5,True,2,5,24.3,17.4,10.0,3.0,3.8,32,2,35.5,0.6864864864864865,0.47297297297297297,0.21428571428571427,0.21428571428571427
2026-27,1022600020,2026-05-14,May,NYL,PDX,away,W,100,82,86.0,18,182,2,0,6,3,12,7,4,3,22.5,Pauline Astier,1631136,16,G,20,3,True,1,0,24.3,17.4,10.0,3.0,3.8,25,1,29.6,0.6115555555555555,0.5333333333333333,0.3333333333333333,0.5
2026-27,1022600035,2026-05-21,May,NYL,GSV,home,L,70,87,76.0,-17,157,2,0,1,1,5,3,0,0,24.9,Pauline Astier,1631136,-12,G,7,5,True,0,0,24.3,17.4,10.0,3.0,3.8,14,0,16.0,0.20080321285140562,0.20080321285140562,0.0,0.2
2026-27,1022600045,2026-05-24,May,NYL,DAL,home,L,76,91,77.0,-15,167,1,0,2,1,3,2,2,2,18.4,Pauline Astier,1631136,-11,,7,0,False,1,2,24.3,17.4,10.0,3.0,3.8,8,1,9.5,0.3195652173913044,0.16304347826086957,0.6666666666666666,0.6666666666666666
2026-27,1022600047,2026-05-25,May,NYL,PDX,home,L,74,81,78.0,-7,155,3,0,1,0,4,2,0,0,31.8,Pauline Astier,1631136,-14,G,4,3,True,0,3,24.3,17.4,10.0,3.0,3.8,10,0,9.1,0.22012578616352202,0.12578616352201258,0.0,0.25
2026-27,1022600049,2026-05-27,May,NYL,PHX,home,W,84,74,77.5,10,158,4,2,1,0,7,3,1,1,22.8,Pauline Astier,1631136,2,G,7,4,True,0,2,24.3,17.4,10.0,3.0,3.8,15,2,21.8,0.4140350877192983,0.30701754385964913,0.14285714285714285,0.14285714285714285
2026-27,1022600056,2026-05-29,May,NYL,PHX,home,W,75,68,76.0,7,143,6,1,1,1,8,6,4,3,30.9,Pauline Astier,1631136,10,G,16,6,True,0,2,24.3,17.4,10.0,3.0,3.8,28,1,33.2,0.3805825242718447,0.25889967637540456,0.5,0.125
2026-27,1022600070,2026-06-03,Jun,NYL,TOR,home,W,97,82,78.5,15,179,5,0,3,2,9,4,1,0,28.1,Pauline Astier,1631136,20,G,10,0,True,0,0,24.3,17.4,10.0,3.0,3.8,15,0,17.5,0.3359430604982206,0.32028469750889677,0.1111111111111111,0.3333333333333333
2026-27,1022600080,2026-06-06,Jun,NYL,IND,home,W,83,75,85.0,8,158,3,0,0,0,6,4,4,4,24.1,Pauline Astier,1631136,8,G,12,3,True,1,1,24.3,17.4,10.0,3.0,3.8,18,1,22.1,0.3634854771784232,0.24896265560165973,0.6666666666666666,0.0
2026-27,1022600083,2026-06-08,Jun,NYL,CON,away,W,89,80,82.0,9,169,4,1,1,0,8,2,2,2,25.9,Pauline Astier,1631136,9,G,6,3,True,0,4,24.3,17.4,10.0,3.0,3.8,13,1,14.600000000000001,0.4972972972972974,0.3088803088803089,0.25,0.125
2026-27,1022600092,2026-06-11,Jun,NYL,ATL,away,W,104,90,80.5,14,194,5,0,2,1,10,6,5,3,26.2,Pauline Astier,1631136,6,G,16,8,True,0,1,24.3,17.4,10.0,3.0,3.8,29,0,32.1,0.5038167938931297,0.3816793893129771,0.5,0.2
2026-27,1022600101,2026-06-14,Jun,NYL,WAS,home,W,86,64,78.5,22,150,6,0,1,0,4,2,2,2,20.0,Pauline Astier,1631136,9,G,6,1,True,1,1,24.3,17.4,10.0,3.0,3.8,13,1,18.2,0.294,0.2,0.5,0.25
2026-27,1022600108,2026-06-17,Jun,NYL,CHI,away,W,96,95,80.5,1,191,4,0,0,0,3,1,7,7,23.3,Pauline Astier,1631136,8,,9,5,True,1,0,24.3,17.4,10.0,3.0,3.8,18,1,24.0,0.2609442060085837,0.12875536480686695,2.3333333333333335,0.0
2026-27,1022600115,2026-06-19,Jun,NYL,WAS,home,L,83,86,79.0,-3,169,1,0,0,0,2,1,0,0,9.7,Pauline Astier,1631136,4,,2,1,False,1,2,24.3,17.4,10.0,3.0,3.8,4,1,5.7,0.4123711340206186,0.2061855670103093,0.0,0.0
2026-27,1022600122,2026-06-21,Jun,NYL,LAS,away,L,97,98,83.5,-1,195,5,1,1,0,5,4,9,9,21.5,Pauline Astier,1631136,3,,17,4,False,1,3,24.3,17.4,10.0,3.0,3.8,26,2,32.3,0.5562790697674419,0.23255813953488372,1.8,0.2
2026-27,1022600127,2026-06-23,Jun,NYL,LVA,away,W,87,76,77.5,11,163,2,0,0,0,6,3,1,1,19.9,Pauline Astier,1631136,5,,7,2,True,0,0,24.3,17.4,10.0,3.0,3.8,11,0,12.4,0.32361809045226136,0.30150753768844224,0.16666666666666666,0.0
2026-27,1022600134,2026-06-25,Jun,NYL,SEA,away,L,88,99,83.5,-11,187,5,0,1,0,5,1,1,1,25.3,Pauline Astier,1631136,4,G,3,1,True,3,2,24.3,17.4,10.0,3.0,3.8,9,3,18.7,0.2940711462450593,0.1976284584980237,0.2,0.2
2026-27,1022600144,2026-06-28,Jun,NYL,GSV,away,L,67,76,69.0,-9,143,4,0,2,1,6,2,0,0,22.8,Pauline Astier,1631136,-11,G,5,0,True,1,0,24.3,17.4,10.0,3.0,3.8,9,1,14.0,0.2631578947368421,0.2631578947368421,0.0,0.3333333333333333
2026-27,1022600148,2026-07-03,Jul,NYL,MIN,home,W,99,86,78.0,13,185,6,0,0,0,6,5,4,4,30.1,Pauline Astier,1631136,14,G,14,2,True,0,3,24.3,17.4,10.0,3.0,3.8,22,0,22.4,0.3574750830564784,0.19933554817275748,0.6666666666666666,0.0
2026-27,1022600157,2026-07-07,Jul,NYL,DAL,home,L,77,88,81.0,-11,165,1,0,2,0,4,2,0,0,23.4,Pauline Astier,1631136,-5,G,4,2,True,0,2,24.3,17.4,10.0,3.0,3.8,7,0,5.9,0.25641025641025644,0.17094017094017094,0.0,0.5
2026-27,1022600003,2026-05-08,May,SEA,GSV,home,L,80,91,75.0,-11,171,3,0,3,2,5,4,3,3,17.5,Jade Melbourne,1631141,-10,,13,2,False,1,0,23.3,17.6,8.8,2.1,3.8,18,1,22.9,0.36114285714285715,0.2857142857142857,0.6,0.6
2026-27,1022600007,2026-05-10,May,SEA,CON,away,W,89,82,86.5,7,171,6,1,2,1,7,4,11,6,23.2,Jade Melbourne,1631141,4,,15,1,True,1,1,23.3,17.6,8.8,2.1,3.8,22,2,30.2,0.553448275862069,0.3017241379310345,1.5714285714285714,0.2857142857142857
2026-27,1022600015,2026-05-13,May,SEA,TOR,away,L,73,86,81.0,-13,159,6,0,3,1,9,5,3,3,28.4,Jade Melbourne,1631141,-5,,14,1,True,3,4,23.3,17.6,8.8,2.1,3.8,21,3,29.200000000000003,0.504225352112676,0.31690140845070425,0.3333333333333333,0.3333333333333333
2026-27,1022600027,2026-05-17,May,SEA,IND,away,L,78,89,84.0,-11,167,3,0,2,0,7,3,6,6,29.2,Jade Melbourne,1631141,-16,G,12,1,True,0,2,23.3,17.6,8.8,2.1,3.8,16,0,15.7,0.3986301369863014,0.2397260273972603,0.8571428571428571,0.2857142857142857
2026-27,1022600034,2026-05-20,May,SEA,CON,home,L,78,80,78.0,-2,158,3,1,1,0,4,1,10,9,29.6,Jade Melbourne,1631141,-7,G,11,2,True,0,5,23.3,17.6,8.8,2.1,3.8,16,1,15.899999999999999,0.4527027027027027,0.13513513513513511,2.5,0.25
2026-27,1022600040,2026-05-22,May,SEA,CON,home,W,77,59,75.5,18,136,4,0,0,0,5,2,1,0,20.4,Jade Melbourne,1631141,4,G,4,3,False,2,1,23.3,17.6,8.8,2.1,3.8,11,2,18.6,0.31568627450980397,0.2450980392156863,0.2,0.0
2026-27,1022600046,2026-05-24,May,SEA,WAS,home,W,97,85,81.0,12,182,6,0,2,0,6,0,4,3,24.9,Jade Melbourne,1631141,6,G,3,2,True,2,2,23.3,17.6,8.8,2.1,3.8,11,2,18.4,0.3919678714859438,0.24096385542168677,0.6666666666666666,0.3333333333333333
2026-27,1022600053,2026-05-27,May,SEA,WAS,home,L,64,78,72.5,-14,142,3,0,0,0,8,6,4,3,22.9,Jade Melbourne,1631141,5,G,15,3,True,1,1,23.3,17.6,8.8,2.1,3.8,21,1,25.1,0.4698689956331878,0.3493449781659389,0.5,0.0
2026-27,1022600060,2026-05-30,May,SEA,TOR,away,L,72,93,82.0,-21,165,4,1,2,1,8,3,1,1,26.8,Jade Melbourne,1631141,-18,G,8,3,True,0,3,23.3,17.6,8.8,2.1,3.8,15,1,17.6,0.426865671641791,0.29850746268656714,0.125,0.25
2026-27,1022600064,2026-06-01,Jun,SEA,DAL,away,L,56,79,79.0,-23,135,1,0,3,1,8,2,0,0,25.1,Jade Melbourne,1631141,-23,G,5,3,True,0,1,23.3,17.6,8.8,2.1,3.8,9,0,9.1,0.3585657370517928,0.3187250996015936,0.0,0.375
2026-27,1022600071,2026-06-03,Jun,SEA,PHX,home,L,68,72,79.5,-4,140,2,0,1,1,1,1,2,2,13.0,Jade Melbourne,1631141,-4,,5,4,False,1,1,23.3,17.6,8.8,2.1,3.8,11,1,14.8,0.22153846153846152,0.07692307692307693,2.0,1.0
2026-27,1022600077,2026-06-06,Jun,SEA,MIN,away,L,68,88,80.0,-20,156,0,1,3,1,7,4,5,5,20.2,Jade Melbourne,1631141,-6,,14,4,True,0,2,23.3,17.6,8.8,2.1,3.8,18,1,19.8,0.5544554455445544,0.34653465346534656,0.7142857142857143,0.42857142857142855
2026-27,1022600085,2026-06-08,Jun,SEA,LVA,away,L,91,101,18.5,-10,192,5,0,3,0,7,1,4,4,22.6,Jade Melbourne,1631141,0,,6,0,True,1,1,23.3,17.6,8.8,2.1,3.8,11,1,15.5,0.43185840707964596,0.30973451327433627,0.5714285714285714,0.42857142857142855
2026-27,1022600090,2026-06-10,Jun,SEA,LAS,home,L,83,88,80.5,-5,171,3,0,1,0,3,1,3,2,16.2,Jade Melbourne,1631141,-10,,4,1,False,1,1,23.3,17.6,8.8,2.1,3.8,8,1,11.7,0.3283950617283951,0.1851851851851852,1.0,0.3333333333333333
2026-27,1022600096,2026-06-12,Jun,SEA,GSV,home,L,72,76,75.0,-4,148,2,0,1,0,7,2,2,1,27.0,Jade Melbourne,1631141,0,,5,0,True,2,1,23.3,17.6,8.8,2.1,3.8,7,2,13.0,0.32888888888888884,0.25925925925925924,0.2857142857142857,0.14285714285714285
2026-27,1022600112,2026-06-17,Jun,SEA,PDX,away,L,89,94,74.5,-5,183,8,0,4,0,6,1,4,4,30.0,Jade Melbourne,1631141,-6,G,6,2,True,0,2,23.3,17.6,8.8,2.1,3.8,16,0,18.4,0.3253333333333333,0.2,0.6666666666666666,0.6666666666666666
2026-27,1022600118,2026-06-20,Jun,SEA,PHX,away,L,73,93,78.5,-20,166,1,0,2,0,2,0,2,2,10.8,Jade Melbourne,1631141,-18,G,2,1,False,0,1,23.3,17.6,8.8,2.1,3.8,4,0,3.7,0.3592592592592592,0.18518518518518517,1.0,1.0
2026-27,1022600126,2026-06-22,Jun,SEA,DAL,home,L,110,112,91.5,-2,222,0,0,0,0,0,0,0,0,0.0,Jade Melbourne,1631141,0,,0,0,False,0,0,23.3,17.6,8.8,2.1,3.8,0,0,0.0,,,,
2026-27,1022600134,2026-06-25,Jun,SEA,NYL,home,W,99,88,83.5,11,187,7,0,3,0,11,6,7,6,25.3,Jade Melbourne,1631141,15,G,18,2,True,2,2,23.3,17.6,8.8,2.1,3.8,27,2,34.9,0.6355731225296442,0.43478260869565216,0.6363636363636364,0.2727272727272727
2026-27,1022600140,2026-06-27,Jun,SEA,ATL,home,W,105,90,83.0,15,195,5,0,2,2,9,4,0,0,30.6,Jade Melbourne,1631141,25,G,10,4,True,1,0,23.3,17.6,8.8,2.1,3.8,19,1,25.3,0.29411764705882354,0.29411764705882354,0.0,0.2222222222222222
2026-27,1022600147,2026-07-02,Jul,SEA,PHX,away,L,67,90,76.0,-23,157,5,0,4,2,5,3,4,3,26.0,Jade Melbourne,1631141,3,G,11,4,True,1,3,23.3,17.6,8.8,2.1,3.8,20,1,23.3,0.37538461538461537,0.19230769230769232,0.8,0.8
2026-27,1022600151,2026-07-04,Jul,SEA,PDX,home,L,72,77,84.0,-5,149,3,0,1,1,2,2,0,0,18.4,Jade Melbourne,1631141,-5,G,5,1,True,2,2,23.3,17.6,8.8,2.1,3.8,9,2,14.7,0.2173913043478261,0.10869565217391305,0.0,0.5
2026-27,1022600156,2026-07-06,Jul,SEA,LAS,away,W,82,64,85.0,18,146,4,0,3,1,7,4,3,2,22.8,Jade Melbourne,1631141,13,G,11,2,True,0,0,23.3,17.6,8.8,2.1,3.8,17,0,19.4,0.3649122807017544,0.30701754385964913,0.42857142857142855,0.42857142857142855
2026-27,1022600162,2026-07-09,Jul,SEA,ATL,away,L,78,89,89.5,-11,167,4,0,0,0,2,2,2,1,24.5,Jade Melbourne,1631141,-5,G,5,2,True,1,4,23.3,17.6,8.8,2.1,3.8,11,1,12.399999999999999,0.2808163265306122,0.08163265306122448,1.0,0.0
2026-27,1022600015,2026-05-13,May,TOR,SEA,home,W,86,73,81.0,13,159,1,0,0,0,1,1,0,0,10.1,Nikolina Milic,1631263,3,,2,1,False,0,1,9.0,18.6,3.0,1.3,0.4,4,0,3.7,0.19801980198019803,0.09900990099009901,0.0,0.0
2026-27,1022600023,2026-05-15,May,TOR,LAS,away,L,95,99,80.0,-4,194,0,0,0,0,0,0,0,0,5.1,Nikolina Milic,1631263,-15,C,0,0,False,0,2,9.0,18.6,3.0,1.3,0.4,0,0,-2.0,0.3921568627450981,0.0,,
2026-27,1022600031,2026-05-19,May,TOR,PHX,away,W,98,90,82.5,8,188,0,0,0,0,4,2,0,0,10.4,Nikolina Milic,1631263,-2,,4,2,False,0,1,9.0,18.6,3.0,1.3,0.4,6,0,5.4,0.4807692307692307,0.3846153846153846,0.0,0.0
2026-27,1022600036,2026-05-21,May,TOR,MIN,away,L,72,100,77.5,-28,172,1,0,1,0,6,4,0,0,14.1,Nikolina Milic,1631263,-11,,8,1,False,0,0,9.0,18.6,3.0,1.3,0.4,10,0,10.7,0.425531914893617,0.425531914893617,0.0,0.16666666666666666
2026-27,1022600042,2026-05-23,May,TOR,PDX,home,L,80,99,80.0,-19,179,0,0,1,0,2,0,2,1,7.5,Nikolina Milic,1631263,1,,1,2,False,0,1,9.0,18.6,3.0,1.3,0.4,3,0,2.4,0.5173333333333333,0.26666666666666666,1.0,0.5
2026-27,1022600050,2026-05-27,May,TOR,CHI,away,W,111,104,84.0,7,215,0,0,0,0,2,0,2,2,8.3,Nikolina Milic,1631263,2,,2,3,False,0,0,9.0,18.6,3.0,1.3,0.4,5,0,5.6,0.34698795180722886,0.24096385542168672,1.0,0.0
2026-27,1022600060,2026-05-30,May,TOR,SEA,home,W,93,72,82.0,21,165,0,0,0,0,0,0,0,0,0.0,Nikolina Milic,1631263,0,,0,0,False,0,0,9.0,18.6,3.0,1.3,0.4,0,0,0.0,,,,
2026-27,1022600070,2026-06-03,Jun,TOR,NYL,away,L,82,97,78.5,-15,179,1,0,0,0,4,2,0,0,7.6,Nikolina Milic,1631263,8,,4,0,False,0,0,9.0,18.6,3.0,1.3,0.4,5,0,5.5,0.5263157894736842,0.5263157894736842,0.0,0.0
2026-27,1022600004,2026-05-09,May,IND,DAL,home,L,104,107,89.0,-3,211,3,1,2,1,14,9,6,4,26.1,Aliyah Boston,1641648,0,C,23,4,True,3,1,27.6,26.2,17.3,8.7,2.7,30,4,43.3,0.6758620689655173,0.5363984674329502,0.42857142857142855,0.14285714285714285
2026-27,1022600018,2026-05-13,May,IND,LAS,away,W,87,78,82.0,9,165,2,2,1,0,3,0,4,4,22.6,Aliyah Boston,1641648,9,C,4,7,True,0,2,27.6,26.2,17.3,8.7,2.7,13,2,19.4,0.29911504424778756,0.1327433628318584,1.3333333333333333,0.3333333333333333
2026-27,1022600022,2026-05-15,May,IND,WAS,home,L,102,104,94.5,-2,206,1,0,3,1,8,3,4,2,20.7,Aliyah Boston,1641648,-12,C,9,4,False,1,0,27.6,26.2,17.3,8.7,2.7,14,1,18.3,0.47149758454106283,0.3864734299516908,0.5,0.375
2026-27,1022600027,2026-05-17,May,IND,SEA,home,W,89,78,84.0,11,167,0,0,0,0,0,0,0,0,0.0,Aliyah Boston,1641648,0,,0,0,False,0,0,27.6,26.2,17.3,8.7,2.7,0,0,0.0,,,,
2026-27,1022600032,2026-05-20,May,IND,PDX,home,W,90,73,82.0,17,163,3,1,4,2,11,8,6,6,21.4,Aliyah Boston,1641648,22,C,24,8,True,2,5,27.6,26.2,17.3,8.7,2.7,35,3,42.1,0.8710280373831777,0.5140186915887851,0.5454545454545454,0.36363636363636365
2026-27,1022600039,2026-05-22,May,IND,GSV,home,W,90,82,83.0,8,172,3,0,3,1,15,8,4,3,29.5,Aliyah Boston,1641648,15,C,20,16,True,2,2,27.6,26.2,17.3,8.7,2.7,39,2,47.7,0.6359322033898306,0.5084745762711864,0.26666666666666666,0.2
2026-27,1022600055,2026-05-28,May,IND,GSV,away,L,88,90,82.5,-2,178,4,0,3,1,11,4,4,4,22.5,Aliyah Boston,1641648,-2,C,13,6,True,0,2,27.6,26.2,17.3,8.7,2.7,23,0,24.2,0.656,0.4888888888888889,0.36363636363636365,0.2727272727272727
2026-27,1022600062,2026-05-30,May,IND,PDX,away,L,84,100,80.0,-16,184,2,0,1,0,13,7,4,4,25.5,Aliyah Boston,1641648,-14,C,18,7,True,0,3,27.6,26.2,17.3,8.7,2.7,27,0,26.4,0.6964705882352941,0.5098039215686274,0.3076923076923077,0.07692307692307693
2026-27,1022600072,2026-06-04,Jun,IND,ATL,home,W,83,71,77.5,12,154,2,3,4,3,12,6,4,4,30.5,Aliyah Boston,1641648,8,C,19,7,True,0,4,27.6,26.2,17.3,8.7,2.7,28,3,35.4,0.582295081967213,0.39344262295081966,0.3333333333333333,0.3333333333333333
2026-27,1022600080,2026-06-06,Jun,IND,NYL,away,L,75,83,85.0,-8,158,1,3,3,1,15,6,0,0,28.6,Aliyah Boston,1641648,-14,C,13,9,True,1,4,27.6,26.2,17.3,8.7,2.7,23,4,33.3,0.6643356643356643,0.5244755244755245,0.0,0.2
2026-27,1022600084,2026-06-08,Jun,IND,WAS,away,W,78,76,81.0,2,154,3,2,0,0,7,4,7,6,23.9,Aliyah Boston,1641648,0,C,14,10,True,2,5,27.6,26.2,17.3,8.7,2.7,27,4,37.5,0.6309623430962343,0.29288702928870297,1.0,0.0
2026-27,1022600091,2026-06-11,Jun,IND,CHI,home,W,114,106,96.5,8,220,3,2,5,2,26,13,6,6,32.1,Aliyah Boston,1641648,9,C,34,12,True,1,3,27.6,26.2,17.3,8.7,2.7,49,3,58.9,0.9856697819314642,0.8099688473520249,0.23076923076923078,0.19230769230769232
2026-27,1022600097,2026-06-13,Jun,IND,CON,away,W,85,75,76.5,10,160,5,0,2,1,13,5,5,2,32.1,Aliyah Boston,1641648,16,C,13,11,True,1,2,27.6,26.2,17.3,8.7,2.7,29,1,34.7,0.5358255451713395,0.40498442367601245,0.38461538461538464,0.15384615384615385
2026-27,1022600106,2026-06-16,Jun,IND,TOR,home,W,113,91,88.5,22,204,4,2,2,1,11,7,3,3,26.3,Aliyah Boston,1641648,6,C,18,11,True,2,3,27.6,26.2,17.3,8.7,2.7,33,4,46.2,0.5825095057034221,0.4182509505703422,0.2727272727272727,0.18181818181818182
2026-27,1022600113,2026-06-18,Jun,IND,ATL,home,L,101,108,87.5,-7,209,3,3,2,1,15,8,8,6,34.1,Aliyah Boston,1641648,-2,C,23,8,True,1,4,27.6,26.2,17.3,8.7,2.7,34,4,45.1,0.6604105571847507,0.4398826979472141,0.5333333333333333,0.13333333333333333
2026-27,1022600117,2026-06-20,Jun,IND,ATL,away,L,96,113,84.5,-17,209,6,0,3,2,10,4,3,3,22.4,Aliyah Boston,1641648,-8,C,13,9,True,0,4,27.6,26.2,17.3,8.7,2.7,28,0,28.799999999999997,0.6839285714285714,0.44642857142857145,0.3,0.3
2026-27,1022600125,2026-06-22,Jun,IND,PHX,home,W,86,77,80.5,9,163,0,1,4,1,9,2,4,3,29.4,Aliyah Boston,1641648,10,C,8,9,True,2,3,27.6,26.2,17.3,8.7,2.7,17,3,24.799999999999997,0.4680272108843538,0.30612244897959184,0.4444444444444444,0.4444444444444444
2026-27,1022600128,2026-06-24,Jun,IND,PHX,home,L,109,111,84.0,-2,220,5,0,4,1,16,9,4,4,34.7,Aliyah Boston,1641648,-2,C,23,9,True,1,3,27.6,26.2,17.3,8.7,2.7,37,1,41.3,0.5982708933717579,0.4610951008645533,0.25,0.25
2026-27,1022600139,2026-06-27,Jun,IND,LAS,home,W,111,87,85.5,24,198,3,3,1,1,6,5,6,6,20.8,Aliyah Boston,1641648,23,C,17,7,True,0,2,27.6,26.2,17.3,8.7,2.7,27,3,36.9,0.5115384615384615,0.28846153846153844,1.0,0.16666666666666666
2026-27,1022600153,2026-07-05,Jul,IND,LVA,away,W,84,68,72.5,16,152,1,2,4,3,13,7,4,1,30.9,Aliyah Boston,1641648,16,C,18,10,True,0,1,27.6,26.2,17.3,8.7,2.7,29,2,36.5,0.510032362459547,0.42071197411003236,0.3076923076923077,0.3076923076923077
2026-27,1022600163,2026-07-09,Jul,IND,PHX,away,W,92,89,78.5,3,181,0,1,5,3,16,9,0,0,37.5,Aliyah Boston,1641648,7,C,21,9,True,1,1,27.6,26.2,17.3,8.7,2.7,30,2,36.8,0.4533333333333333,0.4266666666666667,0.0,0.3125
2026-27,1022600001,2026-05-08,May,CON,NYL,away,L,75,106,88.5,-31,181,1,0,6,1,16,6,5,3,24.8,Diamond Miller,1641649,-15,G,16,3,True,2,2,21.6,21.3,8.6,2.4,1.3,20,2,25.1,0.814516129032258,0.6451612903225806,0.3125,0.375
2026-27,1022600007,2026-05-10,May,CON,SEA,home,L,82,89,86.5,-7,171,1,0,4,2,10,3,6,5,26.7,Diamond Miller,1641649,-10,F,13,5,True,1,2,21.6,21.3,8.6,2.4,1.3,19,1,21.5,0.5483146067415731,0.37453183520599254,0.6,0.4
2026-27,1022600016,2026-05-13,May,CON,LVA,home,L,69,98,83.0,-29,167,1,0,3,1,9,1,2,2,24.4,Diamond Miller,1641649,-27,F,5,2,True,0,1,21.6,21.3,8.6,2.4,1.3,8,0,7.9,0.44590163934426236,0.36885245901639346,0.2222222222222222,0.3333333333333333
2026-27,1022600021,2026-05-15,May,CON,LVA,home,L,94,101,84.5,-7,195,0,0,4,2,10,3,2,2,14.5,Diamond Miller,1641649,-6,F,10,3,False,1,0,21.6,21.3,8.6,2.4,1.3,13,1,16.6,0.7503448275862069,0.6896551724137931,0.2,0.4
2026-27,1022600030,2026-05-18,May,CON,PDX,away,L,82,83,74.5,-1,165,1,0,2,1,2,1,0,0,13.1,Diamond Miller,1641649,3,G,3,0,False,0,0,21.6,21.3,8.6,2.4,1.3,4,0,4.5,0.15267175572519084,0.15267175572519084,0.0,1.0
2026-27,1022600034,2026-05-20,May,CON,SEA,away,W,80,78,78.0,2,158,0,1,3,0,6,1,0,0,15.1,Diamond Miller,1641649,-8,F,2,2,False,0,0,21.6,21.3,8.6,2.4,1.3,4,1,7.4,0.3973509933774835,0.3973509933774835,0.0,0.5
2026-27,1022600040,2026-05-22,May,CON,SEA,away,L,59,77,75.5,-18,136,2,0,1,0,6,3,8,7,23.4,Diamond Miller,1641649,-6,F,13,3,True,2,3,21.6,21.3,8.6,2.4,1.3,18,2,22.6,0.535042735042735,0.25641025641025644,1.3333333333333333,0.16666666666666666
2026-27,1022600048,2026-05-25,May,CON,GSV,away,L,70,97,80.0,-27,167,0,0,2,0,3,0,4,4,16.5,Diamond Miller,1641649,-15,F,4,1,False,1,3,21.6,21.3,8.6,2.4,1.3,5,1,5.199999999999999,0.4703030303030303,0.18181818181818182,1.3333333333333333,0.6666666666666666
2026-27,1022600052,2026-05-27,May,CON,PDX,away,L,61,71,75.5,-10,132,1,0,2,0,6,2,2,1,20.3,Diamond Miller,1641649,-9,F,5,0,True,2,1,21.6,21.3,8.6,2.4,1.3,6,2,11.5,0.3881773399014778,0.29556650246305416,0.3333333333333333,0.3333333333333333
2026-27,1022600061,2026-05-30,May,CON,LAS,home,W,84,81,83.0,3,165,2,0,3,1,11,5,1,1,19.9,Diamond Miller,1641649,2,F,12,1,True,1,1,21.6,21.3,8.6,2.4,1.3,15,1,18.2,0.6251256281407035,0.5527638190954774,0.09090909090909091,0.2727272727272727
2026-27,1022600066,2026-06-02,Jun,CON,ATL,away,L,75,91,77.5,-16,166,1,0,3,0,6,2,4,4,25.9,Diamond Miller,1641649,-8,F,8,3,True,0,1,21.6,21.3,8.6,2.4,1.3,12,0,12.1,0.33822393822393826,0.23166023166023167,0.6666666666666666,0.5
2026-27,1022600074,2026-06-05,Jun,CON,CHI,away,L,80,85,77.0,-5,165,3,0,5,1,15,6,3,3,28.0,Diamond Miller,1641649,-4,F,16,3,True,0,2,21.6,21.3,8.6,2.4,1.3,22,0,22.1,0.6542857142857142,0.5357142857142857,0.2,0.3333333333333333
2026-27,1022600083,2026-06-08,Jun,CON,NYL,home,L,80,89,82.0,-9,169,2,0,4,2,8,4,0,0,23.1,Diamond Miller,1641649,-12,F,10,2,True,0,0,21.6,21.3,8.6,2.4,1.3,14,0,15.4,0.3463203463203463,0.3463203463203463,0.0,0.5
2026-27,1022600089,2026-06-10,Jun,CON,TOR,away,L,102,106,89.5,-4,208,1,0,4,1,12,4,4,2,30.4,Diamond Miller,1641649,-2,F,11,4,True,0,2,21.6,21.3,8.6,2.4,1.3,16,0,15.3,0.518421052631579,0.39473684210526316,0.3333333333333333,0.3333333333333333
2026-27,1022600097,2026-06-13,Jun,CON,IND,home,L,75,85,76.5,-10,160,1,0,3,1,5,1,1,1,16.7,Diamond Miller,1641649,-17,F,4,1,False,0,1,21.6,21.3,8.6,2.4,1.3,6,0,5.7,0.3856287425149701,0.29940119760479045,0.2,0.6
2026-27,1022600107,2026-06-17,Jun,CON,WAS,home,L,81,88,76.0,-7,169,0,0,3,1,5,3,0,0,11.5,Diamond Miller,1641649,1,F,7,0,False,2,0,21.6,21.3,8.6,2.4,1.3,7,2,13.0,0.43478260869565216,0.43478260869565216,0.0,0.6
2026-27,1022600114,2026-06-19,Jun,CON,TOR,home,L,97,101,84.0,-4,198,2,0,3,1,10,4,2,1,20.6,Diamond Miller,1641649,-5,F,10,3,True,0,0,21.6,21.3,8.6,2.4,1.3,15,0,16.6,0.5281553398058253,0.48543689320388345,0.2,0.3
2026-27,1022600123,2026-06-22,Jun,CON,CHI,home,W,92,63,84.5,29,155,4,1,3,1,7,4,1,0,23.6,Diamond Miller,1641649,19,F,9,1,True,0,1,21.6,21.3,8.6,2.4,1.3,14,1,18.2,0.3576271186440678,0.2966101694915254,0.14285714285714285,0.42857142857142855
2026-27,1022600135,2026-06-26,Jun,CON,WAS,home,W,68,57,77.0,11,125,1,0,1,0,6,2,0,0,25.1,Diamond Miller,1641649,10,F,4,4,True,1,1,21.6,21.3,8.6,2.4,1.3,9,1,12.3,0.2788844621513944,0.2390438247011952,0.0,0.16666666666666666
2026-27,1022600146,2026-07-02,Jul,CON,DAL,home,L,83,86,80.0,-3,169,1,1,1,0,6,1,2,1,22.2,Diamond Miller,1641649,4,F,3,3,False,2,1,21.6,21.3,8.6,2.4,1.3,7,3,16.1,0.35495495495495494,0.2702702702702703,0.3333333333333333,0.16666666666666666
2026-27,1022600155,2026-07-06,Jul,CON,MIN,away,W,90,89,80.5,1,179,3,1,1,0,7,2,2,1,18.9,Diamond Miller,1641649,-1,F,5,4,False,0,1,21.6,21.3,8.6,2.4,1.3,12,1,16.3,0.46984126984126984,0.3703703703703704,0.2857142857142857,0.14285714285714285
2026-27,1022600160,2026-07-08,Jul,CON,MIN,home,L,80,86,78.5,-6,166,2,1,3,0,7,2,9,9,23.4,Diamond Miller,1641649,-5,F,13,4,True,1,4,21.6,21.3,8.6,2.4,1.3,19,2,22.8,0.6393162393162394,0.29914529914529914,1.2857142857142858,0.42857142857142855
2026-27,1022600165,2026-07-10,Jul,CON,GSV,home,L,64,79,73.5,-15,143,0,0,3,1,8,4,5,5,26.7,Diamond Miller,1641649,-1,F,14,3,True,0,3,21.6,21.3,8.6,2.4,1.3,17,0,14.600000000000001,0.4943820224719101,0.299625468164794,0.625,0.375
2026-27,1022600006,2026-05-09,May,PDX,CHI,home,L,83,98,82.0,-15,181,0,0,0,0,3,2,0,0,6.5,Haley Jones,1641650,-10,,4,0,False,0,0,11.6,21.1,5.2,2.2,1.0,4,0,4.0,0.46153846153846156,0.46153846153846156,0.0,0.0
2026-27,1022600014,2026-05-12,May,PDX,NYL,home,W,98,96,79.0,2,194,1,0,1,0,4,3,0,0,10.9,Haley Jones,1641650,8,,6,5,False,0,1,11.6,21.1,5.2,2.2,1.0,12,0,12.5,0.4587155963302752,0.36697247706422015,0.0,0.25
2026-27,1022600020,2026-05-14,May,PDX,NYL,home,L,82,100,86.0,-18,182,2,0,1,0,6,3,6,4,14.5,Haley Jones,1641650,-6,,10,3,False,1,2,11.6,21.1,5.2,2.2,1.0,15,1,17.6,0.7337931034482759,0.41379310344827586,1.0,0.16666666666666666
2026-27,1022600030,2026-05-18,May,PDX,CON,home,W,83,82,74.5,1,165,1,0,0,0,0,0,0,0,11.9,Haley Jones,1641650,-8,,0,0,False,1,3,11.6,21.1,5.2,2.2,1.0,1,1,1.5,0.25210084033613445,0.0,,
2026-27,1022600032,2026-05-20,May,PDX,IND,away,L,73,90,82.0,-17,163,1,0,1,0,4,2,2,2,12.8,Haley Jones,1641650,6,,6,3,False,0,0,11.6,21.1,5.2,2.2,1.0,10,0,11.1,0.38125,0.3125,0.5,0.25
2026-27,1022600141,2026-06-28,Jun,DAL,MIN,home,L,77,85,81.5,-8,162,0,0,0,0,0,0,0,0,0.0,Haley Jones,1641650,0,,0,0,False,0,0,11.6,21.1,5.2,2.2,1.0,0,0,0.0,,,,
2026-27,1022600146,2026-07-02,Jul,DAL,CON,away,W,86,83,80.0,3,169,0,0,0,0,0,0,0,0,0.0,Haley Jones,1641650,0,,0,0,False,0,0,11.6,21.1,5.2,2.2,1.0,0,0,0.0,,,,
2026-27,1022600157,2026-07-07,Jul,DAL,NYL,away,W,88,77,81.0,11,165,0,0,0,0,0,0,0,0,0.0,Haley Jones,1641650,0,,0,0,False,0,0,11.6,21.1,5.2,2.2,1.0,0,0,0.0,,,,
2026-27,1022600003,2026-05-08,May,SEA,GSV,home,L,80,91,75.0,-11,171,0,1,2,0,4,0,0,0,15.4,Jordan Horston,1641651,-6,F,0,4,False,0,1,18.7,17.1,4.7,3.6,1.6,4,1,6.8,0.3246753246753247,0.2597402597402597,0.0,0.5
2026-27,1022600007,2026-05-10,May,SEA,CON,away,W,89,82,86.5,7,171,1,1,1,0,4,1,2,2,15.3,Jordan Horston,1641651,-4,F,4,3,False,1,3,18.7,17.1,4.7,3.6,1.6,8,2,12.1,0.515032679738562,0.26143790849673204,0.5,0.25
2026-27,1022600015,2026-05-13,May,SEA,TOR,away,L,73,86,81.0,-13,159,1,0,0,0,0,0,2,1,17.8,Jordan Horston,1641651,-2,F,1,2,False,0,1,18.7,17.1,4.7,3.6,1.6,4,0,3.9000000000000004,0.10561797752808988,0.0,,
2026-27,1022600027,2026-05-17,May,SEA,IND,away,L,78,89,84.0,-11,167,3,0,1,0,5,1,0,0,14.7,Jordan Horston,1641651,0,F,2,2,False,1,1,18.7,17.1,4.7,3.6,1.6,7,1,10.9,0.40816326530612246,0.3401360544217687,0.0,0.2
2026-27,1022600034,2026-05-20,May,SEA,CON,home,L,78,80,78.0,-2,158,0,0,1,0,2,0,0,0,17.1,Jordan Horston,1641651,5,F,0,3,False,2,1,18.7,17.1,4.7,3.6,1.6,3,2,8.6,0.17543859649122806,0.11695906432748537,0.0,0.5
2026-27,1022600040,2026-05-22,May,SEA,CON,home,W,77,59,75.5,18,136,0,0,2,0,9,4,0,0,22.0,Jordan Horston,1641651,18,F,8,4,True,3,1,18.7,17.1,4.7,3.6,1.6,12,3,20.8,0.45454545454545453,0.4090909090909091,0.0,0.2222222222222222
2026-27,1022600046,2026-05-24,May,SEA,WAS,home,W,97,85,81.0,12,182,1,0,3,1,4,2,0,0,19.5,Jordan Horston,1641651,6,F,5,3,False,1,1,18.7,17.1,4.7,3.6,1.6,9,1,12.1,0.2564102564102564,0.20512820512820512,0.0,0.75
2026-27,1022600053,2026-05-27,May,SEA,WAS,home,L,64,78,72.5,-14,142,3,1,1,0,5,1,2,2,18.6,Jordan Horston,1641651,-8,F,4,5,False,0,1,18.7,17.1,4.7,3.6,1.6,12,1,16.5,0.36989247311827955,0.26881720430107525,0.4,0.2
2026-27,1022600060,2026-05-30,May,SEA,TOR,away,L,72,93,82.0,-21,165,1,0,2,1,11,6,2,2,22.4,Jordan Horston,1641651,-2,F,15,4,False,4,2,18.7,17.1,4.7,3.6,1.6,20,4,31.299999999999997,0.6196428571428572,0.4910714285714286,0.18181818181818182,0.18181818181818182
2026-27,1022600064,2026-06-01,Jun,SEA,DAL,away,L,56,79,79.0,-23,135,1,4,2,0,7,1,0,0,26.7,Jordan Horston,1641651,-13,F,2,6,True,0,2,18.7,17.1,4.7,3.6,1.6,9,4,20.7,0.33707865168539325,0.2621722846441948,0.0,0.2857142857142857
2026-27,1022600071,2026-06-03,Jun,SEA,PHX,home,L,68,72,79.5,-4,140,1,1,4,1,5,2,0,0,20.5,Jordan Horston,1641651,-4,F,5,5,True,0,2,18.7,17.1,4.7,3.6,1.6,11,1,13.5,0.34146341463414637,0.24390243902439024,0.0,0.8
2026-27,1022600077,2026-06-06,Jun,SEA,MIN,away,L,68,88,80.0,-20,156,2,0,2,1,3,2,2,2,18.0,Jordan Horston,1641651,-15,F,7,3,False,0,3,18.7,17.1,4.7,3.6,1.6,12,0,10.6,0.38222222222222224,0.16666666666666666,0.6666666666666666,0.6666666666666666
2026-27,1022600085,2026-06-08,Jun,SEA,LVA,away,L,91,101,18.5,-10,192,1,0,2,0,7,0,0,0,18.1,Jordan Horston,1641651,3,F,0,7,False,3,1,18.7,17.1,4.7,3.6,1.6,8,3,17.9,0.4419889502762431,0.38674033149171266,0.0,0.2857142857142857
2026-27,1022600090,2026-06-10,Jun,SEA,LAS,home,L,83,88,80.5,-5,171,4,1,4,1,10,5,0,0,25.6,Jordan Horston,1641651,3,F,11,4,True,1,0,18.7,17.1,4.7,3.6,1.6,19,2,27.8,0.390625,0.390625,0.0,0.4
2026-27,1022600096,2026-06-12,Jun,SEA,GSV,home,L,72,76,75.0,-4,148,5,2,2,0,7,2,2,1,25.7,Jordan Horston,1641651,-5,F,5,5,True,2,1,18.7,17.1,4.7,3.6,1.6,15,4,29.5,0.34552529182879377,0.27237354085603116,0.2857142857142857,0.2857142857142857
2026-27,1022600112,2026-06-17,Jun,SEA,PDX,away,L,89,94,74.5,-5,183,0,0,0,0,0,0,0,0,0.0,Jordan Horston,1641651,0,,0,0,False,0,0,18.7,17.1,4.7,3.6,1.6,0,0,0.0,,,,
2026-27,1022600118,2026-06-20,Jun,SEA,PHX,away,L,73,93,78.5,-20,166,0,0,0,0,0,0,0,0,0.0,Jordan Horston,1641651,0,,0,0,False,0,0,18.7,17.1,4.7,3.6,1.6,0,0,0.0,,,,
2026-27,1022600126,2026-06-22,Jun,SEA,DAL,home,L,110,112,91.5,-2,222,0,0,0,0,0,0,0,0,0.0,Jordan Horston,1641651,0,,0,0,False,0,0,18.7,17.1,4.7,3.6,1.6,0,0,0.0,,,,
2026-27,1022600134,2026-06-25,Jun,SEA,NYL,home,W,99,88,83.5,11,187,0,0,0,0,0,0,0,0,0.0,Jordan Horston,1641651,0,,0,0,False,0,0,18.7,17.1,4.7,3.6,1.6,0,0,0.0,,,,
2026-27,1022600140,2026-06-27,Jun,SEA,ATL,home,W,105,90,83.0,15,195,0,0,0,0,0,0,0,0,0.0,Jordan Horston,1641651,0,,0,0,False,0,0,18.7,17.1,4.7,3.6,1.6,0,0,0.0,,,,
2026-27,1022600147,2026-07-02,Jul,SEA,PHX,away,L,67,90,76.0,-23,157,2,0,2,0,6,2,4,2,20.8,Jordan Horston,1641651,-8,,6,2,True,0,0,18.7,17.1,4.7,3.6,1.6,10,0,11.4,0.37307692307692303,0.28846153846153844,0.6666666666666666,0.3333333333333333
2026-27,1022600151,2026-07-04,Jul,SEA,PDX,home,L,72,77,84.0,-5,149,2,0,0,0,3,1,0,0,7.8,Jordan Horston,1641651,-5,,2,2,False,0,0,18.7,17.1,4.7,3.6,1.6,6,0,7.4,0.38461538461538464,0.38461538461538464,0.0,0.0
2026-27,1022600156,2026-07-06,Jul,SEA,LAS,away,W,82,64,85.0,18,146,1,0,2,0,6,3,0,0,17.1,Jordan Horston,1641651,6,,6,2,False,3,0,18.7,17.1,4.7,3.6,1.6,9,3,18.9,0.3508771929824561,0.3508771929824561,0.0,0.3333333333333333
2026-27,1022600162,2026-07-09,Jul,SEA,ATL,away,L,78,89,89.5,-11,167,1,0,0,0,4,3,0,0,10.8,Jordan Horston,1641651,0,,6,3,False,1,1,18.7,17.1,4.7,3.6,1.6,10,1,13.1,0.4629629629629629,0.37037037037037035,0.0,0.0
2026-27,1022600004,2026-05-09,May,DAL,IND,away,W,107,104,89.0,3,211,1,0,3,1,7,3,0,0,17.7,Maddy Siegrist,1641652,4,,7,3,False,0,0,13.9,17.3,5.9,2.7,0.7000000000000001,11,0,12.1,0.3954802259887006,0.3954802259887006,0.0,0.42857142857142855
2026-27,1022600012,2026-05-12,May,DAL,ATL,home,L,72,77,78.0,-5,149,0,0,1,0,3,1,0,0,8.0,Maddy Siegrist,1641652,5,,2,3,False,0,0,13.9,17.3,5.9,2.7,0.7000000000000001,5,0,5.6,0.375,0.375,0.0,0.3333333333333333
2026-27,1022600019,2026-05-14,May,DAL,MIN,home,L,86,90,78.0,-4,176,1,1,3,0,11,7,3,3,16.2,Maddy Siegrist,1641652,9,,17,4,False,0,0,13.9,17.3,5.9,2.7,0.7000000000000001,22,1,26.3,0.7604938271604939,0.6790123456790124,0.2727272727272727,0.2727272727272727
2026-27,1022600029,2026-05-18,May,DAL,WAS,home,W,92,69,73.5,23,161,2,0,4,2,9,4,0,0,20.1,Maddy Siegrist,1641652,19,,10,0,False,0,0,13.9,17.3,5.9,2.7,0.7000000000000001,12,0,13.0,0.4477611940298507,0.4477611940298507,0.0,0.4444444444444444
2026-27,1022600033,2026-05-20,May,DAL,CHI,away,W,99,89,79.5,10,188,0,0,1,0,1,0,0,0,6.6,Maddy Siegrist,1641652,-6,,0,1,False,1,0,13.9,17.3,5.9,2.7,0.7000000000000001,1,1,4.2,0.15151515151515152,0.15151515151515152,0.0,1.0
2026-27,1022600038,2026-05-22,May,DAL,ATL,away,L,69,86,78.0,-17,155,1,1,1,1,8,2,0,0,16.6,Maddy Siegrist,1641652,-4,,5,2,False,0,0,13.9,17.3,5.9,2.7,0.7000000000000001,8,1,11.9,0.48192771084337344,0.48192771084337344,0.0,0.125
2026-27,1022600045,2026-05-24,May,DAL,NYL,away,W,91,76,77.0,15,167,0,1,0,0,1,1,0,0,6.4,Maddy Siegrist,1641652,2,,2,1,False,1,1,13.9,17.3,5.9,2.7,0.7000000000000001,3,2,8.2,0.3125,0.15625,0.0,0.0
2026-27,1022600054,2026-05-28,May,DAL,LVA,home,W,95,87,78.5,8,182,1,0,3,2,7,3,0,0,16.6,Maddy Siegrist,1641652,-1,F,8,7,False,0,0,13.9,17.3,5.9,2.7,0.7000000000000001,16,0,17.9,0.4216867469879518,0.4216867469879518,0.0,0.42857142857142855
2026-27,1022600064,2026-06-01,Jun,DAL,SEA,home,W,79,56,79.0,23,135,2,0,2,1,10,3,2,2,22.3,Maddy Siegrist,1641652,21,F,9,9,True,1,0,13.9,17.3,5.9,2.7,0.7000000000000001,20,1,25.799999999999997,0.4878923766816144,0.44843049327354256,0.2,0.2
2026-27,1022600075,2026-06-05,Jun,DAL,LAS,away,W,104,96,83.5,8,200,0,1,2,2,10,7,0,0,24.4,Maddy Siegrist,1641652,10,F,16,4,True,4,1,13.9,17.3,5.9,2.7,0.7000000000000001,20,5,34.8,0.45081967213114754,0.4098360655737705,0.0,0.2
2026-27,1022600087,2026-06-09,Jun,DAL,MIN,away,L,76,100,84.0,-24,176,2,1,1,0,6,2,0,0,22.0,Maddy Siegrist,1641652,-13,F,4,7,True,1,1,13.9,17.3,5.9,2.7,0.7000000000000001,13,2,20.4,0.3181818181818182,0.2727272727272727,0.0,0.16666666666666666
2026-27,1022600093,2026-06-11,Jun,DAL,PHX,home,W,85,70,82.5,15,155,0,0,0,0,3,0,0,0,14.0,Maddy Siegrist,1641652,5,F,0,2,False,0,2,13.9,17.3,5.9,2.7,0.7000000000000001,2,0,0.3999999999999999,0.35714285714285715,0.21428571428571427,0.0,0.0
2026-27,1022600099,2026-06-13,Jun,DAL,PDX,away,L,83,84,78.5,-1,167,2,0,3,1,4,2,0,0,13.5,Maddy Siegrist,1641652,6,F,5,2,False,0,0,13.9,17.3,5.9,2.7,0.7000000000000001,9,0,10.4,0.2962962962962963,0.2962962962962963,0.0,0.75
2026-27,1022600103,2026-06-15,Jun,DAL,LVA,home,W,96,66,80.0,30,162,0,0,1,1,2,2,0,0,9.1,Maddy Siegrist,1641652,6,,5,1,False,0,0,13.9,17.3,5.9,2.7,0.7000000000000001,6,0,6.2,0.21978021978021978,0.21978021978021978,0.0,0.5
2026-27,1022600109,2026-06-17,Jun,DAL,GSV,away,L,80,91,77.5,-11,171,0,0,0,0,0,0,2,1,7.2,Maddy Siegrist,1641652,-2,,1,2,False,0,0,13.9,17.3,5.9,2.7,0.7000000000000001,3,0,3.4,0.12222222222222222,0.0,,
2026-27,1022600119,2026-06-20,Jun,DAL,CHI,home,W,93,92,83.0,1,185,0,0,3,2,6,3,2,1,11.9,Maddy Siegrist,1641652,13,,9,3,False,0,0,13.9,17.3,5.9,2.7,0.7000000000000001,12,0,12.6,0.5781512605042016,0.5042016806722689,0.3333333333333333,0.5
2026-27,1022600126,2026-06-22,Jun,DAL,SEA,away,W,112,110,91.5,2,222,1,0,2,1,5,3,0,0,13.1,Maddy Siegrist,1641652,6,,7,0,False,0,0,13.9,17.3,5.9,2.7,0.7000000000000001,8,0,8.5,0.3816793893129771,0.3816793893129771,0.0,0.4
2026-27,1022600133,2026-06-25,Jun,DAL,LVA,away,L,84,99,84.0,-15,183,0,1,2,0,3,1,0,0,12.4,Maddy Siegrist,1641652,-3,,2,1,False,0,0,13.9,17.3,5.9,2.7,0.7000000000000001,3,1,6.2,0.24193548387096772,0.24193548387096772,0.0,0.6666666666666666
2026-27,1022600141,2026-06-28,Jun,DAL,MIN,home,L,77,85,81.5,-8,162,2,0,1,0,4,3,7,6,23.6,Maddy Siegrist,1641652,3,,12,5,True,0,1,13.9,17.3,5.9,2.7,0.7000000000000001,19,0,20.0,0.3423728813559322,0.1694915254237288,1.75,0.25
2026-27,1022600146,2026-07-02,Jul,DAL,CON,away,W,86,83,80.0,3,169,0,1,3,1,6,3,0,0,13.4,Maddy Siegrist,1641652,-9,,7,3,False,2,0,13.9,17.3,5.9,2.7,0.7000000000000001,10,3,19.6,0.44776119402985076,0.44776119402985076,0.0,0.5
2026-27,1022600152,2026-07-05,Jul,DAL,TOR,away,W,89,76,76.0,13,165,0,0,0,0,1,0,2,2,7.9,Maddy Siegrist,1641652,-14,,2,0,False,0,1,13.9,17.3,5.9,2.7,0.7000000000000001,2,0,1.0,0.3645569620253164,0.12658227848101264,2.0,0.0
2026-27,1022600157,2026-07-07,Jul,DAL,NYL,away,W,88,77,81.0,11,165,0,0,0,0,0,0,0,0,0.0,Maddy Siegrist,1641652,0,,0,0,False,0,0,13.9,17.3,5.9,2.7,0.7000000000000001,0,0,0.0,,,,
2026-27,1022600166,2026-07-10,Jul,DAL,TOR,away,W,108,95,78.5,13,203,0,0,1,0,1,0,0,0,3.3,Maddy Siegrist,1641652,1,,0,0,False,0,0,13.9,17.3,5.9,2.7,0.7000000000000001,0,0,0.0,0.30303030303030304,0.30303030303030304,0.0,1.0
2026-27,1022600003,2026-05-08,May,GSV,SEA,away,W,91,80,75.0,11,171,1,0,1,0,3,1,3,1,15.9,Laeticia Amihere,1641656,1,,3,4,False,0,1,11.9,16.3,3.4,3.6,1.3,8,0,8.3,0.3345911949685535,0.18867924528301885,1.0,0.3333333333333333
2026-27,1022600011,2026-05-10,May,GSV,PHX,home,W,95,79,76.5,16,174,5,3,0,0,7,5,4,3,24.4,Laeticia Amihere,1641656,33,,13,6,False,0,2,11.9,16.3,3.4,3.6,1.3,24,3,34.7,0.44098360655737706,0.2868852459016394,0.5714285714285714,0.0
2026-27,1022600017,2026-05-13,May,GSV,CHI,home,L,63,69,75.5,-6,132,1,2,0,0,2,1,2,1,10.7,Laeticia Amihere,1641656,-4,,3,1,False,1,1,11.9,16.3,3.4,3.6,1.3,5,3,13.7,0.36261682242990656,0.1869158878504673,1.0,0.0
2026-27,1022600035,2026-05-21,May,GSV,NYL,away,W,87,70,76.0,17,157,0,0,0,0,3,2,2,1,13.2,Laeticia Amihere,1641656,9,,5,8,False,1,1,11.9,16.3,3.4,3.6,1.3,13,1,16.6,0.3696969696969697,0.2272727272727273,0.6666666666666666,0.0
2026-27,1022600039,2026-05-22,May,GSV,IND,away,L,82,90,83.0,-8,172,1,0,0,0,3,1,2,0,10.6,Laeticia Amihere,1641656,0,,2,4,False,0,1,11.9,16.3,3.4,3.6,1.3,7,0,7.300000000000001,0.46037735849056605,0.2830188679245283,0.6666666666666666,0.0
2026-27,1022600048,2026-05-25,May,GSV,CON,home,W,97,70,80.0,27,167,3,2,0,0,5,3,5,3,18.9,Laeticia Amihere,1641656,4,,9,4,True,0,0,11.9,16.3,3.4,3.6,1.3,16,2,24.3,0.380952380952381,0.2645502645502646,1.0,0.0
2026-27,1022600055,2026-05-28,May,GSV,IND,home,W,90,88,82.5,2,178,1,1,0,0,5,1,2,1,14.4,Laeticia Amihere,1641656,4,,3,5,False,0,1,11.9,16.3,3.4,3.6,1.3,9,1,12.5,0.47777777777777775,0.3472222222222222,0.4,0.0
2026-27,1022600063,2026-05-31,May,GSV,LVA,home,L,81,91,80.0,-10,172,2,0,0,0,5,0,2,2,6.6,Laeticia Amihere,1641656,3,,2,4,False,0,0,11.9,16.3,3.4,3.6,1.3,8,0,9.8,0.890909090909091,0.7575757575757576,0.4,0.0
2026-27,1022600068,2026-06-02,Jun,GSV,PDX,home,W,95,77,73.5,18,172,0,0,0,0,0,0,0,0,1.3,Laeticia Amihere,1641656,1,,0,0,False,0,0,11.9,16.3,3.4,3.6,1.3,0,0,0.0,0.0,0.0,,
2026-27,1022600073,2026-06-04,Jun,GSV,MIN,away,L,84,87,75.5,-3,171,0,0,0,0,0,0,0,0,0.0,Laeticia Amihere,1641656,0,,0,0,False,0,0,11.9,16.3,3.4,3.6,1.3,0,0,0.0,,,,
2026-27,1022600078,2026-06-06,Jun,GSV,LVA,away,L,79,84,76.5,-5,163,0,0,0,0,0,0,0,0,0.0,Laeticia Amihere,1641656,0,,0,0,False,0,0,11.9,16.3,3.4,3.6,1.3,0,0,0.0,,,,
2026-27,1022600088,2026-06-09,Jun,GSV,PHX,home,W,87,81,74.5,6,168,0,0,0,0,0,0,0,0,0.0,Laeticia Amihere,1641656,0,,0,0,False,0,0,11.9,16.3,3.4,3.6,1.3,0,0,0.0,,,,
2026-27,1022600096,2026-06-12,Jun,GSV,SEA,away,W,76,72,75.0,4,148,0,0,0,0,0,0,0,0,0.0,Laeticia Amihere,1641656,0,,0,0,False,0,0,11.9,16.3,3.4,3.6,1.3,0,0,0.0,,,,
2026-27,1022600105,2026-06-15,Jun,GSV,LAS,home,W,78,58,73.5,20,136,0,0,0,0,0,0,0,0,2.2,Laeticia Amihere,1641656,2,,0,0,False,0,0,11.9,16.3,3.4,3.6,1.3,0,0,0.0,0.0,0.0,,
2026-27,1022600109,2026-06-17,Jun,GSV,DAL,home,W,91,80,77.5,11,171,1,0,0,0,0,0,0,0,3.3,Laeticia Amihere,1641656,-7,,0,0,False,0,0,11.9,16.3,3.4,3.6,1.3,1,0,1.5,0.0,0.0,,
2026-27,1022600116,2026-06-19,Jun,GSV,MIN,home,L,75,81,78.5,-6,156,0,2,0,0,1,0,4,1,10.5,Laeticia Amihere,1641656,-8,,1,4,False,1,0,11.9,16.3,3.4,3.6,1.3,5,3,14.8,0.26285714285714284,0.09523809523809523,4.0,0.0
2026-27,1022600120,2026-06-21,Jun,GSV,LVA,away,L,73,92,72.5,-19,165,0,1,2,2,5,3,2,2,12.4,Laeticia Amihere,1641656,6,,10,3,False,1,0,11.9,16.3,3.4,3.6,1.3,13,2,19.6,0.47419354838709676,0.4032258064516129,0.4,0.4
2026-27,1022600131,2026-06-24,Jun,GSV,ATL,home,W,77,66,73.5,11,143,1,2,1,1,5,2,2,1,12.9,Laeticia Amihere,1641656,12,,6,5,False,1,3,11.9,16.3,3.4,3.6,1.3,12,3,19.5,0.6883720930232557,0.38759689922480617,0.4,0.2
2026-27,1022600137,2026-06-26,Jun,GSV,ATL,home,W,78,75,81.0,3,153,1,0,0,0,1,0,0,0,9.6,Laeticia Amihere,1641656,-5,,0,3,False,0,1,11.9,16.3,3.4,3.6,1.3,4,0,4.1,0.20833333333333334,0.10416666666666667,0.0,0.0
2026-27,1022600144,2026-06-28,Jun,GSV,NYL,home,W,76,67,69.0,9,143,3,0,0,0,2,0,0,0,15.0,Laeticia Amihere,1641656,-2,,0,5,False,0,2,11.9,16.3,3.4,3.6,1.3,8,0,8.5,0.26666666666666666,0.13333333333333333,0.0,0.0
2026-27,1022600150,2026-07-04,Jul,GSV,ATL,away,W,88,83,79.0,5,171,2,0,0,0,2,1,1,0,14.1,Laeticia Amihere,1641656,-1,,2,5,False,0,1,11.9,16.3,3.4,3.6,1.3,9,0,10.0,0.24397163120567375,0.14184397163120568,0.5,0.0
2026-27,1022600154,2026-07-06,Jul,GSV,WAS,away,W,62,49,68.0,13,111,0,0,0,0,0,0,0,0,12.5,Laeticia Amihere,1641656,-2,,0,4,False,2,2,11.9,16.3,3.4,3.6,1.3,4,2,8.8,0.16,0.0,,
2026-27,1022600159,2026-07-08,Jul,GSV,TOR,away,W,83,75,76.0,8,158,0,0,0,0,1,1,2,1,15.2,Laeticia Amihere,1641656,10,,3,3,False,0,1,11.9,16.3,3.4,3.6,1.3,6,0,5.6,0.18947368421052632,0.06578947368421052,2.0,0.0
2026-27,1022600165,2026-07-10,Jul,GSV,CON,away,W,79,64,73.5,15,143,3,3,1,0,7,3,0,0,17.4,Laeticia Amihere,1641656,14,,6,5,False,1,1,11.9,16.3,3.4,3.6,1.3,14,4,27.5,0.4597701149425288,0.40229885057471265,0.0,0.14285714285714285
2026-27,1022600010,2026-05-09,May,MIN,ATL,home,L,90,91,86.5,-1,181,0,0,0,0,0,0,0,0,0.0,Dorka Juhasz,1641657,0,,0,0,False,0,0,22.0,15.5,7.5,5.0,2.0,0,0,0.0,,,,
2026-27,1022600013,2026-05-12,May,MIN,PHX,away,W,88,84,81.0,4,172,0,0,0,0,0,0,0,0,0.0,Dorka Juhasz,1641657,0,,0,0,False,0,0,22.0,15.5,7.5,5.0,2.0,0,0,0.0,,,,
2026-27,1022600025,2026-05-17,May,MIN,CHI,home,L,79,86,84.5,-7,165,0,0,0,0,0,0,0,0,0.0,Dorka Juhasz,1641657,0,,0,0,False,0,0,22.0,15.5,7.5,5.0,2.0,0,0,0.0,,,,
2026-27,1022600036,2026-05-21,May,MIN,TOR,home,W,100,72,77.5,28,172,0,0,0,0,0,0,0,0,0.0,Dorka Juhasz,1641657,0,,0,0,False,0,0,22.0,15.5,7.5,5.0,2.0,0,0,0.0,,,,
2026-27,1022600041,2026-05-23,May,MIN,CHI,away,W,85,75,86.5,10,160,0,0,0,0,0,0,0,0,0.0,Dorka Juhasz,1641657,0,,0,0,False,0,0,22.0,15.5,7.5,5.0,2.0,0,0,0.0,,,,
2026-27,1022600051,2026-05-27,May,MIN,ATL,home,W,96,81,77.0,15,177,0,0,0,0,0,0,0,0,0.0,Dorka Juhasz,1641657,0,,0,0,False,0,0,22.0,15.5,7.5,5.0,2.0,0,0,0.0,,,,
2026-27,1022600058,2026-05-29,May,MIN,CHI,away,W,79,58,86.0,21,137,0,0,0,0,0,0,0,0,0.0,Dorka Juhasz,1641657,0,,0,0,False,0,0,22.0,15.5,7.5,5.0,2.0,0,0,0.0,,,,
2026-27,1022600065,2026-06-01,Jun,MIN,PHX,away,W,111,77,79.0,34,188,0,0,0,0,0,0,0,0,0.0,Dorka Juhasz,1641657,0,,0,0,False,0,0,22.0,15.5,7.5,5.0,2.0,0,0,0.0,,,,
2026-27,1022600073,2026-06-04,Jun,MIN,GSV,home,W,87,84,75.5,3,171,0,0,0,0,0,0,0,0,0.0,Dorka Juhasz,1641657,0,,0,0,False,0,0,22.0,15.5,7.5,5.0,2.0,0,0,0.0,,,,
2026-27,1022600077,2026-06-06,Jun,MIN,SEA,home,W,88,68,80.0,20,156,0,0,0,0,0,0,0,0,0.0,Dorka Juhasz,1641657,0,,0,0,False,0,0,22.0,15.5,7.5,5.0,2.0,0,0,0.0,,,,
2026-27,1022600087,2026-06-09,Jun,MIN,DAL,home,W,100,76,84.0,24,176,0,0,0,0,0,0,0,0,0.0,Dorka Juhasz,1641657,0,,0,0,False,0,0,22.0,15.5,7.5,5.0,2.0,0,0,0.0,,,,
2026-27,1022600104,2026-06-15,Jun,MIN,PDX,home,W,107,74,81.5,33,181,0,0,0,0,0,0,0,0,0.0,Dorka Juhasz,1641657,0,,0,0,False,0,0,22.0,15.5,7.5,5.0,2.0,0,0,0.0,,,,
2026-27,1022600121,2026-06-21,Jun,MIN,WAS,home,L,79,84,82.0,-5,163,0,0,0,0,0,0,0,0,0.0,Dorka Juhasz,1641657,0,,0,0,False,0,0,22.0,15.5,7.5,5.0,2.0,0,0,0.0,,,,
2026-27,1022600129,2026-06-24,Jun,MIN,WAS,away,W,78,76,86.0,2,154,0,0,0,0,0,0,0,0,0.0,Dorka Juhasz,1641657,0,,0,0,False,0,0,22.0,15.5,7.5,5.0,2.0,0,0,0.0,,,,
2026-27,1022600155,2026-07-06,Jul,MIN,CON,home,L,89,90,80.5,-1,179,3,1,6,1,7,1,0,0,24.6,Dorka Juhasz,1641657,-5,,3,4,True,0,1,22.0,15.5,7.5,5.0,2.0,10,1,14.3,0.3252032520325203,0.2845528455284553,0.0,0.8571428571428571
2026-27,1022600160,2026-07-08,Jul,MIN,CON,away,W,86,80,78.5,6,166,1,1,6,4,7,4,0,0,19.4,Dorka Juhasz,1641657,9,,12,6,True,0,1,22.0,15.5,7.5,5.0,2.0,19,1,22.7,0.4123711340206186,0.3608247422680413,0.0,0.8571428571428571
2026-27,1022600003,2026-05-08,May,SEA,GSV,home,L,80,91,75.0,-11,171,2,0,3,2,12,5,5,3,22.5,Zia Cooke,1641660,3,,15,7,True,1,1,15.3,27.5,7.5,2.0,1.0,24,1,28.4,0.6755555555555556,0.5333333333333333,0.4166666666666667,0.25
2026-27,1022600007,2026-05-10,May,SEA,CON,away,W,89,82,86.5,7,171,0,0,3,1,6,1,2,1,12.2,Zia Cooke,1641660,-3,,4,1,False,1,1,15.3,27.5,7.5,2.0,1.0,5,1,7.199999999999999,0.6459016393442624,0.49180327868852464,0.3333333333333333,0.5
2026-27,1022600015,2026-05-13,May,SEA,TOR,away,L,73,86,81.0,-13,159,2,0,5,1,8,3,0,0,16.3,Zia Cooke,1641660,0,,7,3,False,0,1,15.3,27.5,7.5,2.0,1.0,12,0,12.6,0.5521472392638036,0.49079754601226994,0.0,0.625
2026-27,1022600027,2026-05-17,May,SEA,IND,away,L,78,89,84.0,-11,167,4,0,4,2,11,3,6,5,22.4,Zia Cooke,1641660,-3,,13,1,True,0,0,15.3,27.5,7.5,2.0,1.0,18,0,20.2,0.6089285714285715,0.4910714285714286,0.5454545454545454,0.36363636363636365
2026-27,1022600034,2026-05-20,May,SEA,CON,home,L,78,80,78.0,-2,158,1,0,3,0,10,4,2,2,19.3,Zia Cooke,1641660,1,,10,4,False,1,5,15.3,27.5,7.5,2.0,1.0,15,1,14.3,0.8227979274611399,0.5181347150259067,0.2,0.3
2026-27,1022600040,2026-05-22,May,SEA,CON,home,W,77,59,75.5,18,136,1,0,6,2,14,7,10,9,24.3,Zia Cooke,1641660,18,,25,5,True,1,2,15.3,27.5,7.5,2.0,1.0,31,1,33.5,0.8395061728395061,0.5761316872427983,0.7142857142857143,0.42857142857142855
2026-27,1022600046,2026-05-24,May,SEA,WAS,home,W,97,85,81.0,12,182,2,0,4,2,8,3,2,2,17.1,Zia Cooke,1641660,13,,10,1,False,0,3,15.3,27.5,7.5,2.0,1.0,13,0,11.2,0.6947368421052631,0.4678362573099415,0.25,0.5
2026-27,1022600053,2026-05-27,May,SEA,WAS,home,L,64,78,72.5,-14,142,2,0,3,0,10,2,0,0,17.9,Zia Cooke,1641660,-12,,4,0,False,0,1,15.3,27.5,7.5,2.0,1.0,6,0,6.0,0.6145251396648045,0.558659217877095,0.0,0.3
2026-27,1022600060,2026-05-30,May,SEA,TOR,away,L,72,93,82.0,-21,165,0,0,1,0,6,1,0,0,10.9,Zia Cooke,1641660,-7,,2,0,False,0,1,15.3,27.5,7.5,2.0,1.0,2,0,1.0,0.6422018348623852,0.5504587155963303,0.0,0.16666666666666666
2026-27,1022600064,2026-06-01,Jun,SEA,DAL,away,L,56,79,79.0,-23,135,0,0,2,0,7,2,0,0,15.9,Zia Cooke,1641660,-1,,4,2,False,0,2,15.3,27.5,7.5,2.0,1.0,6,0,4.4,0.5660377358490566,0.44025157232704404,0.0,0.2857142857142857
2026-27,1022600071,2026-06-03,Jun,SEA,PHX,home,L,68,72,79.5,-4,140,0,0,3,1,9,4,0,0,14.4,Zia Cooke,1641660,-9,,9,1,False,1,2,15.3,27.5,7.5,2.0,1.0,10,1,11.2,0.7638888888888888,0.625,0.0,0.3333333333333333
2026-27,1022600077,2026-06-06,Jun,SEA,MIN,away,L,68,88,80.0,-20,156,0,0,2,1,4,1,2,1,9.4,Zia Cooke,1641660,-16,,4,2,False,0,1,15.3,27.5,7.5,2.0,1.0,6,0,5.4,0.625531914893617,0.425531914893617,0.5,0.5
2026-27,1022600085,2026-06-08,Jun,SEA,LVA,away,L,91,101,18.5,-10,192,1,0,3,2,6,2,2,1,13.5,Zia Cooke,1641660,-10,,7,0,False,0,0,15.3,27.5,7.5,2.0,1.0,8,0,8.5,0.5096296296296297,0.4444444444444444,0.3333333333333333,0.5
2026-27,1022600090,2026-06-10,Jun,SEA,LAS,home,L,83,88,80.5,-5,171,0,0,2,1,4,2,1,1,10.0,Zia Cooke,1641660,-5,,6,1,False,1,1,15.3,27.5,7.5,2.0,1.0,7,1,9.2,0.544,0.4,0.25,0.5
2026-27,1022600096,2026-06-12,Jun,SEA,GSV,home,L,72,76,75.0,-4,148,0,0,0,0,4,0,0,0,3.6,Zia Cooke,1641660,-11,,0,1,False,0,0,15.3,27.5,7.5,2.0,1.0,1,0,1.2,1.1111111111111112,1.1111111111111112,0.0,0.0
2026-27,1022600112,2026-06-17,Jun,SEA,PDX,away,L,89,94,74.5,-5,183,2,0,2,0,5,2,4,3,23.4,Zia Cooke,1641660,-10,,7,3,True,0,1,15.3,27.5,7.5,2.0,1.0,12,0,12.6,0.3316239316239316,0.2136752136752137,0.8,0.4
2026-27,1022600118,2026-06-20,Jun,SEA,PHX,away,L,73,93,78.5,-20,166,2,0,3,0,6,2,6,6,15.7,Zia Cooke,1641660,0,,10,2,False,0,1,15.3,27.5,7.5,2.0,1.0,14,0,14.4,0.6140127388535033,0.3821656050955414,1.0,0.5
2026-27,1022600126,2026-06-22,Jun,SEA,DAL,home,L,110,112,91.5,-2,222,2,0,5,2,12,6,4,4,29.6,Zia Cooke,1641660,-8,,18,2,True,0,1,15.3,27.5,7.5,2.0,1.0,22,0,22.4,0.4986486486486486,0.4054054054054054,0.3333333333333333,0.4166666666666667
2026-27,1022600134,2026-06-25,Jun,SEA,NYL,home,W,99,88,83.5,11,187,0,0,3,1,6,1,0,0,12.7,Zia Cooke,1641660,-4,,3,4,False,1,1,15.3,27.5,7.5,2.0,1.0,7,1,9.8,0.5511811023622047,0.4724409448818898,0.0,0.5
2026-27,1022600140,2026-06-27,Jun,SEA,ATL,home,W,105,90,83.0,15,195,2,0,1,1,2,2,3,1,11.3,Zia Cooke,1641660,-4,,6,1,False,0,1,15.3,27.5,7.5,2.0,1.0,9,0,9.2,0.3823008849557522,0.17699115044247787,1.5,0.5
2026-27,1022600147,2026-07-02,Jul,SEA,PHX,away,L,67,90,76.0,-23,157,0,0,2,0,2,0,0,0,6.5,Zia Cooke,1641660,-7,,0,1,False,0,0,15.3,27.5,7.5,2.0,1.0,1,0,1.2,0.3076923076923077,0.3076923076923077,0.0,1.0
2026-27,1022600151,2026-07-04,Jul,SEA,PDX,home,L,72,77,84.0,-5,149,1,0,3,0,4,0,4,4,15.8,Zia Cooke,1641660,-5,,4,1,False,0,0,15.3,27.5,7.5,2.0,1.0,6,0,6.7,0.3645569620253164,0.2531645569620253,1.0,0.75
2026-27,1022600156,2026-07-06,Jul,SEA,LAS,away,W,82,64,85.0,18,146,0,0,3,1,8,3,0,0,12.7,Zia Cooke,1641660,3,,7,2,False,0,1,15.3,27.5,7.5,2.0,1.0,9,0,8.4,0.7086614173228347,0.6299212598425197,0.0,0.375
2026-27,1022600162,2026-07-09,Jul,SEA,ATL,away,L,78,89,89.5,-11,167,1,0,2,0,5,2,2,1,8.9,Zia Cooke,1641660,-6,,5,2,False,1,2,15.3,27.5,7.5,2.0,1.0,8,1,9.9,0.8853932584269663,0.5617977528089887,0.4,0.4
2026-27,1022600004,2026-05-09,May,DAL,IND,away,W,107,104,89.0,3,211,0,0,0,0,0,0,0,0,0.0,Dulcy Fankam Mendjiadeu,1641675,0,,0,0,False,0,0,,,,,,0,0,0.0,,,,
2026-27,1022600045,2026-05-24,May,DAL,NYL,away,W,91,76,77.0,15,167,0,0,0,0,0,0,0,0,0.0,Dulcy Fankam Mendjiadeu,1641675,0,,0,0,False,0,0,,,,,,0,0,0.0,,,,
2026-27,1022600054,2026-05-28,May,DAL,LVA,home,W,95,87,78.5,8,182,0,0,0,0,0,0,0,0,0.0,Dulcy Fankam Mendjiadeu,1641675,0,,0,0,False,0,0,,,,,,0,0,0.0,,,,
2026-27,1022600010,2026-05-09,May,ATL,MIN,away,W,91,90,86.5,1,181,0,0,0,0,0,0,0,0,0.0,Holly Winterburn,1641683,0,,0,0,False,0,0,7.7,20.8,2.3,0.7000000000000001,1.7000000000000002,0,0,0.0,,,,
2026-27,1022600030,2026-05-18,May,PDX,CON,home,W,83,82,74.5,1,165,4,0,2,0,4,1,0,0,15.1,Holly Winterburn,1641683,-8,,2,1,False,1,1,7.7,20.8,2.3,0.7000000000000001,1.7000000000000002,7,1,11.2,0.33112582781456956,0.26490066225165565,0.0,0.5
2026-27,1022600032,2026-05-20,May,PDX,IND,away,L,73,90,82.0,-17,163,1,0,1,0,2,1,2,2,7.6,Holly Winterburn,1641683,4,,4,2,False,0,1,7.7,20.8,2.3,0.7000000000000001,1.7000000000000002,7,0,6.9,0.5105263157894737,0.2631578947368421,1.0,0.5
2026-27,1022600042,2026-05-23,May,PDX,TOR,away,W,99,80,80.0,19,179,0,0,0,0,0,0,0,0,1.2,Holly Winterburn,1641683,-3,,0,0,False,0,0,7.7,20.8,2.3,0.7000000000000001,1.7000000000000002,0,0,0.0,0.0,0.0,,
2026-27,1022600047,2026-05-25,May,PDX,NYL,away,W,81,74,78.0,7,155,0,0,0,0,0,0,0,0,0.0,Holly Winterburn,1641683,0,,0,0,False,0,0,7.7,20.8,2.3,0.7000000000000001,1.7000000000000002,0,0,0.0,,,,
2026-27,1022600052,2026-05-27,May,PDX,CON,home,W,71,61,75.5,10,132,0,0,0,0,0,0,0,0,0.0,Holly Winterburn,1641683,0,,0,0,False,0,0,7.7,20.8,2.3,0.7000000000000001,1.7000000000000002,0,0,0.0,,,,
2026-27,1022600059,2026-05-29,May,PDX,ATL,home,L,66,86,77.5,-20,152,7,0,2,0,7,3,0,0,27.7,Holly Winterburn,1641683,-24,G,6,3,True,2,4,7.7,20.8,2.3,0.7000000000000001,1.7000000000000002,16,2,22.1,0.39711191335740076,0.2527075812274368,0.0,0.2857142857142857
2026-27,1022600062,2026-05-30,May,PDX,IND,home,W,100,84,80.0,16,184,1,0,0,0,0,0,0,0,2.5,Holly Winterburn,1641683,-3,,0,0,False,0,1,7.7,20.8,2.3,0.7000000000000001,1.7000000000000002,1,0,0.5,0.4,0.0,,
2026-27,1022600068,2026-06-02,Jun,PDX,GSV,away,L,77,95,73.5,-18,172,1,0,1,0,1,0,0,0,3.8,Holly Winterburn,1641683,-3,,0,1,False,0,0,7.7,20.8,2.3,0.7000000000000001,1.7000000000000002,2,0,2.7,0.2631578947368421,0.2631578947368421,0.0,1.0
2026-27,1022600076,2026-06-05,Jun,PDX,PHX,home,L,72,78,74.5,-6,150,0,0,0,0,0,0,0,0,0.0,Holly Winterburn,1641683,0,,0,0,False,0,0,7.7,20.8,2.3,0.7000000000000001,1.7000000000000002,0,0,0.0,,,,
2026-27,1022600082,2026-06-07,Jun,PDX,LAS,away,L,72,89,81.0,-17,161,0,0,0,0,0,0,0,0,0.0,Holly Winterburn,1641683,0,,0,0,False,0,0,7.7,20.8,2.3,0.7000000000000001,1.7000000000000002,0,0,0.0,,,,
2026-27,1022600094,2026-06-11,Jun,PDX,LVA,home,L,89,105,79.5,-16,194,0,0,0,0,0,0,0,0,0.0,Holly Winterburn,1641683,0,,0,0,False,0,0,7.7,20.8,2.3,0.7000000000000001,1.7000000000000002,0,0,0.0,,,,
2026-27,1022600099,2026-06-13,Jun,PDX,DAL,home,W,84,83,78.5,1,167,0,0,0,0,0,0,0,0,0.0,Holly Winterburn,1641683,0,,0,0,False,0,0,7.7,20.8,2.3,0.7000000000000001,1.7000000000000002,0,0,0.0,,,,
2026-27,1022600104,2026-06-15,Jun,PDX,MIN,away,L,74,107,81.5,-33,181,2,0,3,0,4,1,0,0,7.7,Holly Winterburn,1641683,-9,,2,0,False,0,1,7.7,20.8,2.3,0.7000000000000001,1.7000000000000002,4,0,4.0,0.6493506493506493,0.5194805194805194,0.0,0.75
2026-27,1022600112,2026-06-17,Jun,PDX,SEA,home,W,94,89,74.5,5,183,0,0,0,0,0,0,0,0,0.0,Holly Winterburn,1641683,0,,0,0,False,0,0,7.7,20.8,2.3,0.7000000000000001,1.7000000000000002,0,0,0.0,,,,
2026-27,1022600130,2026-06-24,Jun,PDX,CHI,away,L,78,101,79.5,-23,179,1,0,0,0,2,1,0,0,3.9,Holly Winterburn,1641683,1,,2,0,False,0,1,7.7,20.8,2.3,0.7000000000000001,1.7000000000000002,3,0,2.5,0.7692307692307693,0.5128205128205129,0.0,0.0
2026-27,1022600136,2026-06-26,Jun,PDX,CHI,away,L,94,124,83.0,-30,218,0,0,1,0,3,1,0,0,3.4,Holly Winterburn,1641683,-3,,2,0,False,0,1,7.7,20.8,2.3,0.7000000000000001,1.7000000000000002,2,0,1.0,1.1764705882352942,0.8823529411764706,0.0,0.3333333333333333
2026-27,1022600142,2026-06-28,Jun,PDX,WAS,away,L,123,124,117.5,-1,247,0,0,0,0,0,0,0,0,0.0,Holly Winterburn,1641683,0,,0,0,False,0,0,7.7,20.8,2.3,0.7000000000000001,1.7000000000000002,0,0,0.0,,,,
2026-27,1022600151,2026-07-04,Jul,PDX,SEA,away,W,77,72,84.0,5,149,2,0,1,0,3,1,2,2,8.5,Holly Winterburn,1641683,-3,,4,1,False,1,0,7.7,20.8,2.3,0.7000000000000001,1.7000000000000002,7,1,11.2,0.45647058823529413,0.35294117647058826,0.6666666666666666,0.3333333333333333
2026-27,1022600164,2026-07-09,Jul,PDX,LVA,home,L,80,88,77.0,-8,168,0,0,1,1,1,1,0,0,2.6,Holly Winterburn,1641683,8,,3,0,False,0,0,7.7,20.8,2.3,0.7000000000000001,1.7000000000000002,3,0,3.0,0.3846153846153846,0.3846153846153846,0.0,1.0
2026-27,1022600017,2026-05-13,May,GSV,CHI,home,L,63,69,75.5,-6,132,0,0,0,0,0,0,0,0,0.0,Ashten Prechtel,1641695,0,,0,0,False,0,0,5.0,31.1,5.0,1.0,0.0,0,0,0.0,,,,
2026-27,1022600035,2026-05-21,May,GSV,NYL,away,W,87,70,76.0,17,157,0,0,0,0,0,0,0,0,0.0,Ashten Prechtel,1641695,0,,0,0,False,0,0,5.0,31.1,5.0,1.0,0.0,0,0,0.0,,,,
2026-27,1022600048,2026-05-25,May,GSV,CON,home,W,97,70,80.0,27,167,0,0,2,1,3,2,0,0,4.8,Ashten Prechtel,1641695,-2,,5,1,False,0,1,5.0,31.1,5.0,1.0,0.0,6,0,5.2,0.8333333333333334,0.625,0.0,0.6666666666666666
2026-27,1022600055,2026-05-28,May,GSV,IND,home,W,90,88,82.5,2,178,0,0,0,0,0,0,0,0,0.0,Ashten Prechtel,1641695,0,,0,0,False,0,0,5.0,31.1,5.0,1.0,0.0,0,0,0.0,,,,
2026-27,1022600165,2026-07-10,Jul,GSV,CON,away,W,79,64,73.5,15,143,0,0,0,0,0,0,0,0,0.0,Ashten Prechtel,1641695,0,,0,0,False,0,0,5.0,31.1,5.0,1.0,0.0,0,0,0.0,,,,
2026-27,1022600001,2026-05-08,May,NYL,CON,home,W,106,75,88.5,31,181,11,0,3,2,4,3,4,4,22.0,Julie Vanloo,1642210,31,,12,7,True,1,3,16.2,16.3,5.8,2.0,5.4,30,1,36.9,0.3981818181818182,0.18181818181818182,1.0,0.75
2026-27,1022600008,2026-05-10,May,NYL,WAS,away,W,98,93,86.5,5,191,2,0,3,1,3,1,0,0,13.3,Julie Vanloo,1642210,0,,3,1,False,0,2,16.2,16.3,5.8,2.0,5.4,6,0,5.2,0.37593984962406013,0.22556390977443608,0.0,1.0
2026-27,1022600014,2026-05-12,May,NYL,PDX,away,L,96,98,79.0,-2,194,2,0,1,1,2,1,0,0,12.3,Julie Vanloo,1642210,3,,3,0,False,0,1,16.2,16.3,5.8,2.0,5.4,5,0,5.0,0.24390243902439024,0.16260162601626016,0.0,0.5
2026-27,1022600020,2026-05-14,May,NYL,PDX,away,W,100,82,86.0,18,182,4,0,5,3,5,3,0,0,17.5,Julie Vanloo,1642210,2,,9,0,False,1,2,16.2,16.3,5.8,2.0,5.4,13,1,16.0,0.4,0.2857142857142857,0.0,1.0
2026-27,1022600035,2026-05-21,May,NYL,GSV,home,L,70,87,76.0,-17,157,8,0,2,0,3,1,0,0,15.9,Julie Vanloo,1642210,-4,,2,2,False,0,4,16.2,16.3,5.8,2.0,5.4,12,0,12.399999999999999,0.44025157232704404,0.18867924528301885,0.0,0.6666666666666666
2026-27,1022600004,2026-05-09,May,IND,DAL,home,L,104,107,89.0,-3,211,7,0,9,2,18,7,4,4,30.8,Caitlin Clark,1642286,2,G,20,5,True,0,5,30.0,31.3,20.5,4.0,7.9,32,0,31.5,0.8038961038961039,0.5844155844155844,0.2222222222222222,0.5
2026-27,1022600018,2026-05-13,May,IND,LAS,away,W,87,78,82.0,9,165,9,1,7,1,17,9,5,5,31.1,Caitlin Clark,1642286,5,G,24,4,True,2,6,30.0,31.3,20.5,4.0,7.9,37,3,45.3,0.810289389067524,0.5466237942122186,0.29411764705882354,0.4117647058823529
2026-27,1022600022,2026-05-15,May,IND,WAS,home,L,102,104,94.5,-2,206,10,1,17,7,28,10,5,5,37.5,Caitlin Clark,1642286,14,G,32,4,True,2,4,30.0,31.3,20.5,4.0,7.9,46,3,56.8,0.912,0.7466666666666667,0.17857142857142858,0.6071428571428571
2026-27,1022600027,2026-05-17,May,IND,SEA,home,W,89,78,84.0,11,167,10,2,4,2,10,5,9,9,23.7,Caitlin Clark,1642286,6,G,21,7,True,0,5,30.0,31.3,20.5,4.0,7.9,38,2,45.4,0.8,0.4219409282700422,0.9,0.4
2026-27,1022600032,2026-05-20,May,IND,PDX,home,W,90,73,82.0,17,163,0,0,0,0,0,0,0,0,0.0,Caitlin Clark,1642286,0,,0,0,False,0,0,30.0,31.3,20.5,4.0,7.9,0,0,0.0,,,,
2026-27,1022600039,2026-05-22,May,IND,GSV,home,W,90,82,83.0,8,172,9,1,9,4,15,7,5,4,32.1,Caitlin Clark,1642286,7,G,22,2,True,1,6,30.0,31.3,20.5,4.0,7.9,33,2,37.9,0.7227414330218068,0.4672897196261682,0.3333333333333333,0.6
2026-27,1022600055,2026-05-28,May,IND,GSV,away,L,88,90,82.5,-2,178,6,1,6,2,12,3,8,8,28.6,Caitlin Clark,1642286,-2,G,16,4,True,3,5,30.0,31.3,20.5,4.0,7.9,26,4,36.8,0.7174825174825175,0.4195804195804196,0.6666666666666666,0.5
2026-27,1022600062,2026-05-30,May,IND,PDX,away,L,84,100,80.0,-16,184,6,0,2,0,7,1,5,4,21.7,Caitlin Clark,1642286,-8,G,6,2,True,1,1,30.0,31.3,20.5,4.0,7.9,14,1,19.4,0.4700460829493087,0.3225806451612903,0.7142857142857143,0.2857142857142857
2026-27,1022600072,2026-06-04,Jun,IND,ATL,home,W,83,71,77.5,12,154,8,1,8,2,17,6,4,3,30.9,Caitlin Clark,1642286,2,G,17,7,True,0,3,30.0,31.3,20.5,4.0,7.9,32,1,37.4,0.7042071197411004,0.5501618122977346,0.23529411764705882,0.47058823529411764
2026-27,1022600080,2026-06-06,Jun,IND,NYL,away,L,75,83,85.0,-8,158,9,1,6,2,14,4,0,0,33.9,Caitlin Clark,1642286,5,G,10,7,True,0,3,30.0,31.3,20.5,4.0,7.9,26,1,31.9,0.5014749262536874,0.41297935103244837,0.0,0.42857142857142855
2026-27,1022600084,2026-06-08,Jun,IND,WAS,away,W,78,76,81.0,2,154,5,0,10,4,16,7,3,1,30.8,Caitlin Clark,1642286,-1,G,19,3,True,1,5,30.0,31.3,20.5,4.0,7.9,27,1,28.1,0.7246753246753247,0.5194805194805194,0.1875,0.625
2026-27,1022600091,2026-06-11,Jun,IND,CHI,home,W,114,106,96.5,8,220,10,0,6,1,18,8,15,15,40.1,Caitlin Clark,1642286,14,G,32,7,True,0,5,30.0,31.3,20.5,4.0,7.9,49,0,50.4,0.7381546134663342,0.44887780548628425,0.8333333333333334,0.3333333333333333
2026-27,1022600097,2026-06-13,Jun,IND,CON,away,W,85,75,76.5,10,160,5,1,10,5,17,10,0,0,36.1,Caitlin Clark,1642286,15,G,25,3,True,0,6,30.0,31.3,20.5,4.0,7.9,33,1,33.1,0.6371191135734072,0.4709141274238227,0.0,0.5882352941176471
2026-27,1022600106,2026-06-16,Jun,IND,TOR,home,W,113,91,88.5,22,204,14,1,8,1,15,5,14,10,32.2,Caitlin Clark,1642286,14,G,21,5,True,1,6,30.0,31.3,20.5,4.0,7.9,40,2,48.0,0.8434782608695651,0.4658385093167701,0.9333333333333333,0.5333333333333333
2026-27,1022600113,2026-06-18,Jun,IND,ATL,home,L,101,108,87.5,-7,209,7,0,5,2,17,8,12,8,30.8,Caitlin Clark,1642286,-13,G,26,2,True,0,5,30.0,31.3,20.5,4.0,7.9,35,0,33.9,0.8857142857142857,0.551948051948052,0.7058823529411765,0.29411764705882354
2026-27,1022600117,2026-06-20,Jun,IND,ATL,away,L,96,113,84.5,-17,209,7,0,7,3,18,11,2,1,34.0,Caitlin Clark,1642286,-19,G,26,3,True,1,7,30.0,31.3,20.5,4.0,7.9,36,1,36.1,0.7611764705882352,0.5294117647058824,0.1111111111111111,0.3888888888888889
2026-27,1022600125,2026-06-22,Jun,IND,PHX,home,W,86,77,80.5,9,163,9,0,10,3,17,8,6,5,28.8,Caitlin Clark,1642286,13,G,24,3,True,0,3,30.0,31.3,20.5,4.0,7.9,36,0,38.1,0.7861111111111111,0.5902777777777778,0.35294117647058826,0.5882352941176471
2026-27,1022600128,2026-06-24,Jun,IND,PHX,home,L,109,111,84.0,-2,220,8,0,4,3,9,5,6,6,20.0,Caitlin Clark,1642286,-2,G,19,0,True,1,4,30.0,31.3,20.5,4.0,7.9,27,1,30.0,0.782,0.45,0.6666666666666666,0.4444444444444444
2026-27,1022600139,2026-06-27,Jun,IND,LAS,home,W,111,87,85.5,24,198,0,0,0,0,0,0,0,0,0.0,Caitlin Clark,1642286,0,,0,0,False,0,0,30.0,31.3,20.5,4.0,7.9,0,0,0.0,,,,
2026-27,1022600161,2026-07-08,Jul,IND,LAS,away,L,92,106,91.5,-14,198,3,0,6,1,12,4,0,0,15.7,Caitlin Clark,1642286,-15,G,9,4,False,1,4,30.0,31.3,20.5,4.0,7.9,16,1,17.3,1.019108280254777,0.7643312101910829,0.0,0.5
2026-27,1022600163,2026-07-09,Jul,IND,PHX,away,W,92,89,78.5,3,181,0,0,0,0,0,0,0,0,0.0,Caitlin Clark,1642286,0,,0,0,False,0,0,30.0,31.3,20.5,4.0,7.9,0,0,0.0,,,,
2026-27,1022600009,2026-05-10,May,LAS,LVA,home,L,78,105,83.0,-27,183,0,0,0,0,0,0,0,0,8.1,Cameron Brink,1642287,-19,,0,3,False,0,3,17.4,23.8,9.2,4.4,1.1,3,0,0.5999999999999996,0.3703703703703704,0.0,,
2026-27,1022600018,2026-05-13,May,LAS,IND,home,L,78,87,82.0,-9,165,1,3,2,0,6,4,4,3,18.9,Cameron Brink,1642287,2,,11,5,False,1,3,17.4,23.8,9.2,4.4,1.1,17,4,27.5,0.5693121693121693,0.3174603174603175,0.6666666666666666,0.3333333333333333
2026-27,1022600023,2026-05-15,May,LAS,TOR,home,W,99,95,80.0,4,194,1,1,1,0,6,3,6,4,16.4,Cameron Brink,1642287,-12,,10,3,False,1,1,17.4,23.8,9.2,4.4,1.1,14,2,20.1,0.5878048780487806,0.3658536585365854,1.0,0.16666666666666666
2026-27,1022600028,2026-05-17,May,LAS,TOR,home,L,96,106,80.0,-10,202,2,2,1,0,4,3,2,1,18.4,Cameron Brink,1642287,-9,,7,2,True,0,1,17.4,23.8,9.2,4.4,1.1,11,2,17.4,0.3195652173913044,0.2173913043478261,0.5,0.25
2026-27,1022600037,2026-05-21,May,LAS,PHX,away,W,97,88,81.0,9,185,1,3,2,1,6,3,6,5,19.2,Cameron Brink,1642287,-1,,12,5,False,1,6,17.4,23.8,9.2,4.4,1.1,18,4,25.5,0.7625000000000001,0.3125,1.0,0.3333333333333333
2026-27,1022600043,2026-05-23,May,LAS,LVA,away,W,101,95,84.0,6,196,0,1,5,2,11,7,1,0,24.2,Cameron Brink,1642287,8,F,16,8,False,1,6,17.4,23.8,9.2,4.4,1.1,24,2,25.6,0.7206611570247933,0.4545454545454546,0.09090909090909091,0.45454545454545453
2026-27,1022600057,2026-05-29,May,LAS,WAS,away,W,92,87,81.0,5,179,1,1,3,2,7,5,4,4,17.1,Cameron Brink,1642287,6,,16,2,False,1,2,17.4,23.8,9.2,4.4,1.1,19,2,23.9,0.6292397660818713,0.4093567251461988,0.5714285714285714,0.42857142857142855
2026-27,1022600061,2026-05-30,May,LAS,CON,away,L,81,84,83.0,-3,165,3,1,1,0,4,1,0,0,17.6,Cameron Brink,1642287,11,,2,4,False,1,5,17.4,23.8,9.2,4.4,1.1,9,2,12.3,0.5113636363636364,0.22727272727272727,0.0,0.25
2026-27,1022600069,2026-06-02,Jun,LAS,LVA,home,L,69,79,78.5,-10,148,3,2,4,1,10,3,2,2,24.9,Cameron Brink,1642287,-6,,9,8,True,0,1,17.4,23.8,9.2,4.4,1.1,20,2,28.1,0.47710843373493983,0.40160642570281124,0.2,0.4
2026-27,1022600075,2026-06-05,Jun,LAS,DAL,home,L,96,104,83.5,-8,200,0,1,4,1,7,3,4,3,15.2,Cameron Brink,1642287,-4,,10,5,False,0,3,17.4,23.8,9.2,4.4,1.1,15,1,16.0,0.7736842105263159,0.46052631578947373,0.5714285714285714,0.5714285714285714
2026-27,1022600082,2026-06-07,Jun,LAS,PDX,home,W,89,72,81.0,17,161,0,1,0,0,3,0,2,2,9.5,Cameron Brink,1642287,1,,2,0,False,1,2,17.4,23.8,9.2,4.4,1.1,2,2,6.0,0.6189473684210526,0.3157894736842105,0.6666666666666666,0.0
2026-27,1022600090,2026-06-10,Jun,LAS,SEA,away,W,88,83,80.5,5,171,1,2,4,2,7,5,3,3,18.3,Cameron Brink,1642287,10,,15,6,False,0,1,17.4,23.8,9.2,4.4,1.1,22,2,28.7,0.5092896174863388,0.3825136612021858,0.42857142857142855,0.5714285714285714
2026-27,1022600100,2026-06-13,Jun,LAS,PHX,away,W,111,102,88.5,9,213,2,2,4,2,4,2,3,3,21.6,Cameron Brink,1642287,11,,9,9,False,1,0,17.4,23.8,9.2,4.4,1.1,20,3,31.799999999999997,0.2462962962962963,0.18518518518518517,0.75,1.0
2026-27,1022600105,2026-06-15,Jun,LAS,GSV,away,L,58,78,73.5,-20,136,0,1,1,0,5,4,5,2,15.4,Cameron Brink,1642287,-4,,10,2,False,0,1,17.4,23.8,9.2,4.4,1.1,12,1,14.4,0.5324675324675324,0.3246753246753247,1.0,0.2
2026-27,1022600132,2026-06-25,Jun,LAS,TOR,away,L,97,125,86.5,-28,222,0,0,0,0,0,0,0,0,0.0,Cameron Brink,1642287,0,,0,0,False,0,0,17.4,23.8,9.2,4.4,1.1,0,0,0.0,,,,
2026-27,1022600139,2026-06-27,Jun,LAS,IND,away,L,87,111,85.5,-24,198,0,0,0,0,0,0,0,0,0.0,Cameron Brink,1642287,0,,0,0,False,0,0,17.4,23.8,9.2,4.4,1.1,0,0,0.0,,,,
2026-27,1022600006,2026-05-09,May,CHI,PDX,away,W,98,83,82.0,15,181,3,1,4,1,14,5,10,8,35.7,Rickea Jackson,1642288,10,F,19,7,True,0,3,29.5,28.9,18.0,4.8,2.0,29,1,31.9,0.599439775910364,0.39215686274509803,0.7142857142857143,0.2857142857142857
2026-27,1022600017,2026-05-13,May,CHI,GSV,away,W,69,63,75.5,6,132,5,2,5,1,18,6,6,5,38.6,Rickea Jackson,1642288,3,F,18,5,True,1,1,29.5,28.9,18.0,4.8,2.0,28,3,39.5,0.5606217616580311,0.46632124352331605,0.3333333333333333,0.2777777777777778
2026-27,1022600024,2026-05-15,May,CHI,PHX,away,L,83,91,83.0,-8,174,0,3,10,4,22,10,6,5,32.5,Rickea Jackson,1642288,-21,F,29,6,True,0,2,29.5,28.9,18.0,4.8,2.0,35,3,43.2,0.8196923076923077,0.676923076923077,0.2727272727272727,0.45454545454545453
2026-27,1022600025,2026-05-17,May,CHI,MIN,away,W,86,79,84.5,7,165,0,1,2,0,6,3,0,0,11.2,Rickea Jackson,1642288,-7,F,6,1,False,0,2,29.5,28.9,18.0,4.8,2.0,7,1,8.2,0.7142857142857143,0.5357142857142857,0.0,0.3333333333333333
2026-27,1022600033,2026-05-20,May,CHI,DAL,home,L,89,99,79.5,-10,188,0,0,0,0,0,0,0,0,0.0,Rickea Jackson,1642288,0,,0,0,False,0,0,29.5,28.9,18.0,4.8,2.0,0,0,0.0,,,,
2026-27,1022600041,2026-05-23,May,CHI,MIN,home,L,75,85,86.5,-10,160,0,0,0,0,0,0,0,0,0.0,Rickea Jackson,1642288,0,,0,0,False,0,0,29.5,28.9,18.0,4.8,2.0,0,0,0.0,,,,
2026-27,1022600050,2026-05-27,May,CHI,TOR,home,L,104,111,84.0,-7,215,0,0,0,0,0,0,0,0,0.0,Rickea Jackson,1642288,0,,0,0,False,0,0,29.5,28.9,18.0,4.8,2.0,0,0,0.0,,,,
2026-27,1022600058,2026-05-29,May,CHI,MIN,home,L,58,79,86.0,-21,137,0,0,0,0,0,0,0,0,0.0,Rickea Jackson,1642288,0,,0,0,False,0,0,29.5,28.9,18.0,4.8,2.0,0,0,0.0,,,,
2026-27,1022600067,2026-06-02,Jun,CHI,WAS,away,L,72,90,82.5,-18,162,0,0,0,0,0,0,0,0,0.0,Rickea Jackson,1642288,0,,0,0,False,0,0,29.5,28.9,18.0,4.8,2.0,0,0,0.0,,,,
2026-27,1022600074,2026-06-05,Jun,CHI,CON,home,W,85,80,77.0,5,165,0,0,0,0,0,0,0,0,0.0,Rickea Jackson,1642288,0,,0,0,False,0,0,29.5,28.9,18.0,4.8,2.0,0,0,0.0,,,,
2026-27,1022600081,2026-06-07,Jun,CHI,TOR,away,L,68,85,84.5,-17,153,0,0,0,0,0,0,0,0,0.0,Rickea Jackson,1642288,0,,0,0,False,0,0,29.5,28.9,18.0,4.8,2.0,0,0,0.0,,,,
2026-27,1022600086,2026-06-09,Jun,CHI,ATL,home,L,75,82,77.0,-7,157,0,0,0,0,0,0,0,0,0.0,Rickea Jackson,1642288,0,,0,0,False,0,0,29.5,28.9,18.0,4.8,2.0,0,0,0.0,,,,
2026-27,1022600091,2026-06-11,Jun,CHI,IND,away,L,106,114,96.5,-8,220,0,0,0,0,0,0,0,0,0.0,Rickea Jackson,1642288,0,,0,0,False,0,0,29.5,28.9,18.0,4.8,2.0,0,0,0.0,,,,
2026-27,1022600123,2026-06-22,Jun,CHI,CON,away,L,63,92,84.5,-29,155,0,0,0,0,0,0,0,0,0.0,Rickea Jackson,1642288,0,,0,0,False,0,0,29.5,28.9,18.0,4.8,2.0,0,0,0.0,,,,
2026-27,1022600130,2026-06-24,Jun,CHI,PDX,home,W,101,78,79.5,23,179,0,0,0,0,0,0,0,0,0.0,Rickea Jackson,1642288,0,,0,0,False,0,0,29.5,28.9,18.0,4.8,2.0,0,0,0.0,,,,
2026-27,1022600136,2026-06-26,Jun,CHI,PDX,home,W,124,94,83.0,30,218,0,0,0,0,0,0,0,0,0.0,Rickea Jackson,1642288,0,,0,0,False,0,0,29.5,28.9,18.0,4.8,2.0,0,0,0.0,,,,
2026-27,1022600006,2026-05-09,May,CHI,PDX,away,W,98,83,82.0,15,181,1,1,0,0,15,8,8,6,24.7,Kamilla Cardoso,1642289,3,C,22,14,True,0,2,26.9,21.7,14.4,8.4,2.5,37,1,41.3,0.8307692307692308,0.6072874493927126,0.5333333333333333,0.0
2026-27,1022600017,2026-05-13,May,CHI,GSV,away,W,69,63,75.5,6,132,1,2,0,0,10,3,5,2,26.8,Kamilla Cardoso,1642289,7,C,8,7,True,1,1,26.9,21.7,14.4,8.4,2.5,16,3,25.9,0.4925373134328358,0.3731343283582089,0.5,0.0
2026-27,1022600024,2026-05-15,May,CHI,PHX,away,L,83,91,83.0,-8,174,1,1,0,0,6,2,4,3,22.6,Kamilla Cardoso,1642289,-2,C,7,8,True,0,2,26.9,21.7,14.4,8.4,2.5,16,1,19.1,0.43185840707964596,0.2654867256637168,0.6666666666666666,0.0
2026-27,1022600025,2026-05-17,May,CHI,MIN,away,W,86,79,84.5,7,165,4,3,0,0,8,5,3,1,26.4,Kamilla Cardoso,1642289,12,C,11,12,True,0,1,26.9,21.7,14.4,8.4,2.5,27,3,39.4,0.39090909090909093,0.30303030303030304,0.375,0.0
2026-27,1022600033,2026-05-20,May,CHI,DAL,home,L,89,99,79.5,-10,188,5,1,0,0,14,10,6,4,32.6,Kamilla Cardoso,1642289,-12,C,24,11,True,0,0,26.9,21.7,14.4,8.4,2.5,40,1,47.7,0.5104294478527607,0.42944785276073616,0.42857142857142855,0.0
2026-27,1022600041,2026-05-23,May,CHI,MIN,home,L,75,85,86.5,-10,160,0,0,0,0,6,4,9,9,23.4,Kamilla Cardoso,1642289,-10,C,17,7,True,1,1,26.9,21.7,14.4,8.4,2.5,24,1,27.4,0.46837606837606843,0.25641025641025644,1.5,0.0
2026-27,1022600050,2026-05-27,May,CHI,TOR,home,L,104,111,84.0,-7,215,3,0,0,0,5,1,0,0,21.8,Kamilla Cardoso,1642289,-1,C,2,5,True,0,1,26.9,21.7,14.4,8.4,2.5,10,0,11.5,0.27522935779816515,0.2293577981651376,0.0,0.0
2026-27,1022600058,2026-05-29,May,CHI,MIN,home,L,58,79,86.0,-21,137,1,2,0,0,9,4,4,4,27.7,Kamilla Cardoso,1642289,-27,C,12,13,True,0,3,26.9,21.7,14.4,8.4,2.5,26,2,32.1,0.4967509025270758,0.3249097472924188,0.4444444444444444,0.0
2026-27,1022600067,2026-06-02,Jun,CHI,WAS,away,L,72,90,82.5,-18,162,5,6,0,0,13,6,0,0,32.6,Kamilla Cardoso,1642289,-12,C,12,13,True,1,1,26.9,21.7,14.4,8.4,2.5,30,7,55.1,0.42944785276073616,0.3987730061349693,0.0,0.0
2026-27,1022600074,2026-06-05,Jun,CHI,CON,home,W,85,80,77.0,5,165,3,2,0,0,10,5,1,0,32.6,Kamilla Cardoso,1642289,9,C,10,8,True,0,2,26.9,21.7,14.4,8.4,2.5,21,2,28.1,0.38159509202453984,0.3067484662576687,0.1,0.0
2026-27,1022600081,2026-06-07,Jun,CHI,TOR,away,L,68,85,84.5,-17,153,2,1,0,0,6,2,8,5,23.4,Kamilla Cardoso,1642289,-15,C,9,8,True,0,2,26.9,21.7,14.4,8.4,2.5,19,1,22.6,0.49230769230769234,0.25641025641025644,1.3333333333333333,0.0
2026-27,1022600086,2026-06-09,Jun,CHI,ATL,home,L,75,82,77.0,-7,157,5,4,0,0,7,6,1,1,34.5,Kamilla Cardoso,1642289,-11,C,13,2,True,1,1,26.9,21.7,14.4,8.4,2.5,20,5,36.9,0.24463768115942033,0.2028985507246377,0.14285714285714285,0.0
2026-27,1022600091,2026-06-11,Jun,CHI,IND,away,L,106,114,96.5,-8,220,1,1,0,0,6,4,2,2,20.8,Kamilla Cardoso,1642289,-13,C,10,4,False,0,4,26.9,21.7,14.4,8.4,2.5,15,1,15.3,0.523076923076923,0.28846153846153844,0.3333333333333333,0.0
2026-27,1022600108,2026-06-17,Jun,CHI,NYL,home,L,95,96,80.5,-1,191,4,0,0,0,7,4,2,2,23.9,Kamilla Cardoso,1642289,7,C,10,4,True,1,2,26.9,21.7,14.4,8.4,2.5,18,1,21.8,0.4133891213389121,0.29288702928870297,0.2857142857142857,0.0
2026-27,1022600119,2026-06-20,Jun,CHI,DAL,away,L,92,93,83.0,-1,185,3,2,0,0,13,10,10,6,28.8,Kamilla Cardoso,1642289,2,C,26,9,True,0,4,26.9,21.7,14.4,8.4,2.5,38,2,43.3,0.7430555555555555,0.4513888888888889,0.7692307692307693,0.0
2026-27,1022600123,2026-06-22,Jun,CHI,CON,away,L,63,92,84.5,-29,155,0,2,0,0,12,6,5,4,23.3,Kamilla Cardoso,1642289,-11,C,16,14,True,2,2,26.9,21.7,14.4,8.4,2.5,30,4,42.8,0.6952789699570815,0.5150214592274678,0.4166666666666667,0.0
2026-27,1022600130,2026-06-24,Jun,CHI,PDX,home,W,101,78,79.5,23,179,3,2,0,0,7,6,2,1,27.0,Kamilla Cardoso,1642289,16,C,13,8,True,0,1,26.9,21.7,14.4,8.4,2.5,24,2,32.1,0.32888888888888884,0.25925925925925924,0.2857142857142857,0.0
2026-27,1022600136,2026-06-26,Jun,CHI,PDX,home,W,124,94,83.0,30,218,1,1,0,0,13,13,6,4,23.7,Kamilla Cardoso,1642289,6,C,30,8,True,0,3,26.9,21.7,14.4,8.4,2.5,39,1,41.1,0.7864978902953587,0.5485232067510548,0.46153846153846156,0.0
2026-27,1022600143,2026-06-28,Jun,CHI,LVA,home,L,99,107,86.0,-8,206,2,0,0,0,15,10,4,4,29.9,Kamilla Cardoso,1642289,-7,C,24,8,True,2,1,26.9,21.7,14.4,8.4,2.5,34,2,41.6,0.593979933110368,0.5016722408026756,0.26666666666666666,0.0
2026-27,1022600149,2026-07-03,Jul,CHI,LVA,away,L,90,98,90.0,-8,188,4,2,0,0,11,4,8,8,27.0,Kamilla Cardoso,1642289,-8,C,16,10,True,1,5,26.9,21.7,14.4,8.4,2.5,30,3,38.0,0.7229629629629629,0.4074074074074074,0.7272727272727273,0.0
2026-27,1022600158,2026-07-07,Jul,CHI,PHX,away,W,77,66,80.0,11,143,4,4,0,0,7,4,3,1,27.6,Kamilla Cardoso,1642289,1,C,9,4,True,2,1,26.9,21.7,14.4,8.4,2.5,17,6,36.8,0.33768115942028987,0.25362318840579706,0.42857142857142855,0.0
2026-27,1022600167,2026-07-10,Jul,CHI,LAS,away,L,87,102,87.0,-15,189,2,1,0,0,9,6,3,3,27.6,Kamilla Cardoso,1642289,-12,C,15,8,True,0,0,26.9,21.7,14.4,8.4,2.5,25,1,30.6,0.3739130434782609,0.32608695652173914,0.3333333333333333,0.0
2026-27,1022600001,2026-05-08,May,CON,NYL,away,L,75,106,88.5,-31,181,0,0,0,0,0,0,0,0,0.0,Aaliyah Edwards,1642290,0,,0,0,False,0,0,19.3,22.7,9.1,3.6,0.8,0,0,0.0,,,,
2026-27,1022600007,2026-05-10,May,CON,SEA,home,L,82,89,86.5,-7,171,0,0,0,0,0,0,0,0,0.0,Aaliyah Edwards,1642290,0,,0,0,False,0,0,19.3,22.7,9.1,3.6,0.8,0,0,0.0,,,,
2026-27,1022600016,2026-05-13,May,CON,LVA,home,L,69,98,83.0,-29,167,0,0,0,0,0,0,0,0,0.0,Aaliyah Edwards,1642290,0,,0,0,False,0,0,19.3,22.7,9.1,3.6,0.8,0,0,0.0,,,,
2026-27,1022600021,2026-05-15,May,CON,LVA,home,L,94,101,84.5,-7,195,0,0,0,0,5,3,0,0,17.5,Aaliyah Edwards,1642290,-18,C,6,3,False,1,2,19.3,22.7,9.1,3.6,0.8,9,1,10.6,0.4,0.2857142857142857,0.0,0.0
2026-27,1022600030,2026-05-18,May,CON,PDX,away,L,82,83,74.5,-1,165,0,1,0,0,6,5,3,2,16.6,Aaliyah Edwards,1642290,-10,F,12,2,False,2,2,19.3,22.7,9.1,3.6,0.8,14,3,21.4,0.5614457831325301,0.36144578313253006,0.5,0.0
2026-27,1022600034,2026-05-20,May,CON,SEA,away,W,80,78,78.0,2,158,3,0,2,0,12,5,2,2,26.9,Aaliyah Edwards,1642290,-2,C,12,4,True,1,4,19.3,22.7,9.1,3.6,0.8,19,1,20.3,0.6275092936802975,0.446096654275093,0.16666666666666666,0.16666666666666666
2026-27,1022600040,2026-05-22,May,CON,SEA,away,L,59,77,75.5,-18,136,2,1,0,0,11,5,0,0,24.1,Aaliyah Edwards,1642290,-3,C,10,7,True,2,1,19.3,22.7,9.1,3.6,0.8,19,3,29.4,0.49792531120331945,0.45643153526970953,0.0,0.0
2026-27,1022600048,2026-05-25,May,CON,GSV,away,L,70,97,80.0,-27,167,0,1,1,0,8,3,2,2,20.9,Aaliyah Edwards,1642290,-17,C,8,5,True,1,3,19.3,22.7,9.1,3.6,0.8,13,2,17.0,0.568421052631579,0.3827751196172249,0.25,0.125
2026-27,1022600052,2026-05-27,May,CON,PDX,away,L,61,71,75.5,-10,132,0,0,0,0,0,0,2,0,5.0,Aaliyah Edwards,1642290,-7,C,0,2,False,0,0,19.3,22.7,9.1,3.6,0.8,2,0,2.4,0.176,0.0,,
2026-27,1022600061,2026-05-30,May,CON,LAS,home,W,84,81,83.0,3,165,0,0,0,0,0,0,0,0,0.0,Aaliyah Edwards,1642290,0,,0,0,False,0,0,19.3,22.7,9.1,3.6,0.8,0,0,0.0,,,,
2026-27,1022600066,2026-06-02,Jun,CON,ATL,away,L,75,91,77.5,-16,166,0,0,0,0,0,0,0,0,0.0,Aaliyah Edwards,1642290,0,,0,0,False,0,0,19.3,22.7,9.1,3.6,0.8,0,0,0.0,,,,
2026-27,1022600074,2026-06-05,Jun,CON,CHI,away,L,80,85,77.0,-5,165,0,0,0,0,0,0,0,0,0.0,Aaliyah Edwards,1642290,0,,0,0,False,0,0,19.3,22.7,9.1,3.6,0.8,0,0,0.0,,,,
2026-27,1022600083,2026-06-08,Jun,CON,NYL,home,L,80,89,82.0,-9,169,0,0,0,0,15,6,3,3,27.7,Aaliyah Edwards,1642290,-14,F,15,5,True,3,1,19.3,22.7,9.1,3.6,0.8,20,3,29.0,0.6252707581227437,0.5415162454873647,0.2,0.0
2026-27,1022600089,2026-06-10,Jun,CON,TOR,away,L,102,106,89.5,-4,208,0,0,1,1,9,8,12,7,30.4,Aaliyah Edwards,1642290,-3,F,24,4,True,0,3,19.3,22.7,9.1,3.6,0.8,28,0,25.8,0.568421052631579,0.2960526315789474,1.3333333333333333,0.1111111111111111
2026-27,1022600097,2026-06-13,Jun,CON,IND,home,L,75,85,76.5,-10,160,1,0,1,1,6,3,0,0,14.1,Aaliyah Edwards,1642290,-11,F,7,3,False,0,1,19.3,22.7,9.1,3.6,0.8,11,0,11.1,0.49645390070921985,0.425531914893617,0.0,0.16666666666666666
2026-27,1022600107,2026-06-17,Jun,CON,WAS,home,L,81,88,76.0,-7,169,1,1,0,0,5,2,7,5,17.7,Aaliyah Edwards,1642290,-5,F,9,3,False,0,0,19.3,22.7,9.1,3.6,0.8,13,1,17.1,0.45649717514124294,0.2824858757062147,1.4,0.0
2026-27,1022600114,2026-06-19,Jun,CON,TOR,home,L,97,101,84.0,-4,198,2,0,0,0,5,2,2,2,19.9,Aaliyah Edwards,1642290,-2,F,6,2,False,1,0,19.3,22.7,9.1,3.6,0.8,10,1,14.4,0.2954773869346734,0.2512562814070352,0.4,0.0
2026-27,1022600123,2026-06-22,Jun,CON,CHI,home,W,92,63,84.5,29,155,0,1,1,1,8,4,2,2,14.3,Aaliyah Edwards,1642290,14,,11,5,False,1,0,19.3,22.7,9.1,3.6,0.8,16,2,23.0,0.620979020979021,0.5594405594405594,0.25,0.125
2026-27,1022600135,2026-06-26,Jun,CON,WAS,home,W,68,57,77.0,11,125,0,0,1,0,5,3,0,0,17.5,Aaliyah Edwards,1642290,-4,,6,5,False,0,2,19.3,22.7,9.1,3.6,0.8,11,0,10.0,0.4,0.2857142857142857,0.0,0.2
2026-27,1022600146,2026-07-02,Jul,CON,DAL,home,L,83,86,80.0,-3,169,4,0,0,0,7,4,7,3,19.0,Aaliyah Edwards,1642290,-7,,11,3,False,0,2,19.3,22.7,9.1,3.6,0.8,18,0,18.6,0.6357894736842106,0.3684210526315789,1.0,0.0
2026-27,1022600155,2026-07-06,Jul,CON,MIN,away,W,90,89,80.5,1,179,1,1,0,0,4,2,1,1,12.2,Aaliyah Edwards,1642290,-12,,5,2,False,0,2,19.3,22.7,9.1,3.6,0.8,8,1,9.9,0.5278688524590165,0.3278688524590164,0.25,0.0
2026-27,1022600160,2026-07-08,Jul,CON,MIN,home,L,80,86,78.5,-6,166,0,0,0,0,4,0,2,2,16.9,Aaliyah Edwards,1642290,-10,F,2,4,False,0,1,19.3,22.7,9.1,3.6,0.8,6,0,5.8,0.3479289940828403,0.2366863905325444,0.5,0.0
2026-27,1022600165,2026-07-10,Jul,CON,GSV,home,L,64,79,73.5,-15,143,0,0,1,1,9,5,0,0,27.0,Aaliyah Edwards,1642290,-5,F,11,2,True,2,3,19.3,22.7,9.1,3.6,0.8,13,2,16.4,0.4444444444444444,0.3333333333333333,0.0,0.1111111111111111
2026-27,1022600010,2026-05-09,May,ATL,MIN,away,W,91,90,86.5,1,181,2,3,0,0,11,4,6,3,32.4,Angel Reese,1642291,-3,C,11,14,True,2,5,30.6,25.2,15.0,11.7,2.5,27,5,40.8,0.5753086419753087,0.3395061728395062,0.5454545454545454,0.0
2026-27,1022600012,2026-05-12,May,ATL,DAL,away,W,77,72,78.0,5,149,2,1,1,0,8,4,4,4,33.8,Angel Reese,1642291,1,C,12,16,True,1,3,30.6,25.2,15.0,11.7,2.5,30,2,37.2,0.3775147928994083,0.2366863905325444,0.5,0.125
2026-27,1022600026,2026-05-17,May,ATL,LVA,home,L,84,85,85.0,-1,169,3,1,1,0,8,1,8,7,29.3,Angel Reese,1642291,-13,C,9,8,True,0,8,30.6,25.2,15.0,11.7,2.5,20,1,18.1,0.6662116040955631,0.27303754266211605,1.0,0.125
2026-27,1022600038,2026-05-22,May,ATL,DAL,home,W,86,69,78.0,17,155,2,0,0,0,11,7,2,1,31.6,Angel Reese,1642291,12,C,15,9,True,0,5,30.6,25.2,15.0,11.7,2.5,26,0,23.799999999999997,0.5341772151898735,0.3481012658227848,0.18181818181818182,0.0
2026-27,1022600044,2026-05-24,May,ATL,PHX,home,W,82,80,76.5,2,162,4,1,1,0,16,6,10,5,32.3,Angel Reese,1642291,4,C,17,10,True,4,3,30.6,25.2,15.0,11.7,2.5,31,5,47.0,0.7244582043343654,0.49535603715170284,0.625,0.0625
2026-27,1022600051,2026-05-27,May,ATL,MIN,away,L,81,96,77.0,-15,177,5,0,2,0,8,3,4,4,27.3,Angel Reese,1642291,-16,C,10,8,True,1,2,30.6,25.2,15.0,11.7,2.5,23,1,28.1,0.43076923076923074,0.29304029304029305,0.5,0.25
2026-27,1022600059,2026-05-29,May,ATL,PDX,away,W,86,66,77.5,20,152,5,1,3,0,14,6,7,6,31.8,Angel Reese,1642291,18,C,18,12,True,0,4,30.6,25.2,15.0,11.7,2.5,35,1,38.9,0.6628930817610063,0.44025157232704404,0.5,0.21428571428571427
2026-27,1022600066,2026-06-02,Jun,ATL,CON,home,W,91,75,77.5,16,166,5,0,2,1,9,4,4,3,28.7,Angel Reese,1642291,23,C,12,13,True,1,2,30.6,25.2,15.0,11.7,2.5,30,1,36.1,0.4445993031358885,0.31358885017421606,0.4444444444444444,0.2222222222222222
2026-27,1022600072,2026-06-04,Jun,ATL,IND,away,L,71,83,77.5,-12,154,3,2,1,0,9,4,4,3,31.4,Angel Reese,1642291,-8,C,11,10,True,0,4,30.6,25.2,15.0,11.7,2.5,24,2,29.5,0.47006369426751593,0.28662420382165604,0.4444444444444444,0.1111111111111111
2026-27,1022600079,2026-06-06,Jun,ATL,WAS,home,W,109,77,77.5,32,186,0,1,0,0,9,4,10,10,25.0,Angel Reese,1642291,25,C,18,17,True,4,3,30.6,25.2,15.0,11.7,2.5,35,5,50.4,0.6559999999999999,0.36,1.1111111111111112,0.0
2026-27,1022600086,2026-06-09,Jun,ATL,CHI,away,W,82,75,77.0,7,157,4,0,2,1,12,5,6,6,34.9,Angel Reese,1642291,18,C,17,17,True,2,6,30.6,25.2,15.0,11.7,2.5,38,2,43.4,0.591404011461318,0.34383954154727797,0.5,0.16666666666666666
2026-27,1022600092,2026-06-11,Jun,ATL,NYL,home,L,90,104,80.5,-14,194,3,1,4,0,22,11,6,3,33.3,Angel Reese,1642291,-7,C,25,9,True,2,2,30.6,25.2,15.0,11.7,2.5,37,3,47.3,0.8,0.6606606606606608,0.2727272727272727,0.18181818181818182
2026-27,1022600102,2026-06-14,Jun,ATL,TOR,away,W,102,77,81.0,25,179,1,1,0,0,19,6,6,3,26.8,Angel Reese,1642291,18,C,15,17,True,1,2,30.6,25.2,15.0,11.7,2.5,33,2,40.9,0.8820895522388059,0.708955223880597,0.3157894736842105,0.0
2026-27,1022600113,2026-06-18,Jun,ATL,IND,away,W,108,101,87.5,7,209,1,0,0,0,14,8,8,5,29.1,Angel Reese,1642291,8,C,21,11,True,0,4,30.6,25.2,15.0,11.7,2.5,33,0,31.700000000000003,0.7395189003436425,0.4810996563573883,0.5714285714285714,0.0
2026-27,1022600117,2026-06-20,Jun,ATL,IND,home,W,113,96,84.5,17,209,1,1,1,0,14,7,8,4,30.8,Angel Reese,1642291,9,C,18,8,True,2,3,30.6,25.2,15.0,11.7,2.5,27,3,35.1,0.6662337662337662,0.45454545454545453,0.5714285714285714,0.07142857142857142
2026-27,1022600124,2026-06-22,Jun,ATL,TOR,home,W,94,87,84.5,7,181,2,1,2,0,13,4,4,3,29.3,Angel Reese,1642291,10,C,11,9,True,0,4,30.6,25.2,15.0,11.7,2.5,22,1,23.799999999999997,0.6402730375426621,0.44368600682593856,0.3076923076923077,0.15384615384615385
2026-27,1022600131,2026-06-24,Jun,ATL,GSV,away,L,66,77,73.5,-11,143,4,0,0,0,12,3,9,4,26.9,Angel Reese,1642291,-14,C,10,12,True,1,1,30.6,25.2,15.0,11.7,2.5,26,1,32.4,0.6304832713754648,0.446096654275093,0.75,0.0
2026-27,1022600137,2026-06-26,Jun,ATL,GSV,away,L,75,78,81.0,-3,153,0,0,0,0,11,4,8,7,29.0,Angel Reese,1642291,-3,C,15,12,True,6,2,30.6,25.2,15.0,11.7,2.5,27,6,45.4,0.569655172413793,0.3793103448275862,0.7272727272727273,0.0
2026-27,1022600140,2026-06-27,Jun,ATL,SEA,away,L,90,105,83.0,-15,195,0,0,0,0,10,4,11,9,31.8,Angel Reese,1642291,-10,F,17,9,True,2,4,30.6,25.2,15.0,11.7,2.5,26,2,29.799999999999997,0.5924528301886792,0.31446540880503143,1.1,0.0
2026-27,1022600145,2026-07-02,Jul,ATL,WAS,away,L,76,81,82.0,-5,157,3,1,0,0,15,6,3,1,33.6,Angel Reese,1642291,0,C,13,13,True,2,2,30.6,25.2,15.0,11.7,2.5,29,3,40.1,0.5452380952380952,0.4464285714285714,0.2,0.0
2026-27,1022600150,2026-07-04,Jul,ATL,GSV,home,L,83,88,79.0,-5,171,3,0,1,0,13,6,8,5,34.5,Angel Reese,1642291,-9,C,17,13,True,2,4,30.6,25.2,15.0,11.7,2.5,33,2,39.1,0.5947826086956521,0.37681159420289856,0.6153846153846154,0.07692307692307693
2026-27,1022600162,2026-07-09,Jul,ATL,SEA,home,W,89,78,89.5,11,167,2,0,0,0,15,7,4,4,29.6,Angel Reese,1642291,8,C,18,11,True,2,3,30.6,25.2,15.0,11.7,2.5,31,2,37.2,0.6675675675675676,0.5067567567567567,0.26666666666666666,0.0
2026-27,1022600006,2026-05-09,May,CHI,PDX,away,W,98,83,82.0,15,181,4,3,3,1,7,4,4,4,34.3,Jacy Sheldon,1642292,17,G,13,4,True,1,0,21.9,14.0,7.2,1.4,1.8,21,4,35.8,0.2553935860058309,0.20408163265306123,0.5714285714285714,0.42857142857142855
2026-27,1022600017,2026-05-13,May,CHI,GSV,away,W,69,63,75.5,6,132,4,1,5,2,8,4,2,2,31.4,Jacy Sheldon,1642292,7,G,12,7,True,3,1,21.9,14.0,7.2,1.4,1.8,23,4,37.4,0.31464968152866246,0.25477707006369427,0.25,0.625
2026-27,1022600024,2026-05-15,May,CHI,PHX,away,L,83,91,83.0,-8,174,3,0,2,1,6,3,1,1,25.6,Jacy Sheldon,1642292,-7,G,8,0,True,0,2,21.9,14.0,7.2,1.4,1.8,11,0,10.5,0.3296875,0.234375,0.16666666666666666,0.3333333333333333
2026-27,1022600025,2026-05-17,May,CHI,MIN,away,W,86,79,84.5,7,165,2,0,3,1,7,3,3,3,31.7,Jacy Sheldon,1642292,9,G,10,1,True,4,1,21.9,14.0,7.2,1.4,1.8,13,4,25.2,0.294006309148265,0.22082018927444796,0.42857142857142855,0.42857142857142855
2026-27,1022600033,2026-05-20,May,CHI,DAL,home,L,89,99,79.5,-10,188,1,0,2,0,4,1,0,0,21.0,Jacy Sheldon,1642292,3,G,2,0,True,0,0,21.9,14.0,7.2,1.4,1.8,3,0,3.5,0.19047619047619047,0.19047619047619047,0.0,0.5
2026-27,1022600041,2026-05-23,May,CHI,MIN,home,L,75,85,86.5,-10,160,1,0,4,1,6,2,0,0,18.9,Jacy Sheldon,1642292,-9,G,5,1,False,2,0,21.9,14.0,7.2,1.4,1.8,7,2,13.7,0.3174603174603175,0.3174603174603175,0.0,0.6666666666666666
2026-27,1022600050,2026-05-27,May,CHI,TOR,home,L,104,111,84.0,-7,215,0,0,3,0,6,2,0,0,18.7,Jacy Sheldon,1642292,-7,G,4,0,False,0,0,21.9,14.0,7.2,1.4,1.8,4,0,4.0,0.32085561497326204,0.32085561497326204,0.0,0.5
2026-27,1022600058,2026-05-29,May,CHI,MIN,home,L,58,79,86.0,-21,137,2,0,3,1,5,2,0,0,20.1,Jacy Sheldon,1642292,-10,G,5,1,True,0,2,21.9,14.0,7.2,1.4,1.8,8,0,7.199999999999999,0.34825870646766166,0.24875621890547261,0.0,0.6
2026-27,1022600067,2026-06-02,Jun,CHI,WAS,away,L,72,90,82.5,-18,162,1,0,2,1,7,4,0,0,30.6,Jacy Sheldon,1642292,-11,G,9,0,True,0,2,21.9,14.0,7.2,1.4,1.8,10,0,8.5,0.29411764705882354,0.22875816993464052,0.0,0.2857142857142857
2026-27,1022600074,2026-06-05,Jun,CHI,CON,home,W,85,80,77.0,5,165,2,1,0,0,2,2,1,1,26.9,Jacy Sheldon,1642292,14,G,5,1,True,2,0,21.9,14.0,7.2,1.4,1.8,8,3,18.2,0.09070631970260223,0.07434944237918216,0.5,0.0
2026-27,1022600081,2026-06-07,Jun,CHI,TOR,away,L,68,85,84.5,-17,153,2,0,2,2,7,4,0,0,21.3,Jacy Sheldon,1642292,-7,G,10,3,False,1,5,21.9,14.0,7.2,1.4,1.8,15,1,14.600000000000001,0.5633802816901409,0.32863849765258213,0.0,0.2857142857142857
2026-27,1022600086,2026-06-09,Jun,CHI,ATL,home,L,75,82,77.0,-7,157,3,1,4,2,4,2,0,0,24.6,Jacy Sheldon,1642292,-2,G,6,0,True,1,1,21.9,14.0,7.2,1.4,1.8,9,2,15.5,0.2032520325203252,0.16260162601626016,0.0,1.0
2026-27,1022600091,2026-06-11,Jun,CHI,IND,away,L,106,114,96.5,-8,220,4,0,3,1,6,3,3,3,26.4,Jacy Sheldon,1642292,-1,G,10,1,True,0,1,21.9,14.0,7.2,1.4,1.8,15,0,16.2,0.3151515151515152,0.2272727272727273,0.5,0.5
2026-27,1022600108,2026-06-17,Jun,CHI,NYL,home,L,95,96,80.5,-1,191,1,0,1,0,2,0,0,0,10.4,Jacy Sheldon,1642292,-9,,0,2,False,1,0,21.9,14.0,7.2,1.4,1.8,3,1,6.9,0.1923076923076923,0.1923076923076923,0.0,0.5
2026-27,1022600119,2026-06-20,Jun,CHI,DAL,away,L,92,93,83.0,-1,185,0,0,1,1,3,2,2,1,14.8,Jacy Sheldon,1642292,-4,,6,2,False,0,1,21.9,14.0,7.2,1.4,1.8,8,0,7.4,0.3297297297297297,0.2027027027027027,0.6666666666666666,0.3333333333333333
2026-27,1022600123,2026-06-22,Jun,CHI,CON,away,L,63,92,84.5,-29,155,0,0,2,0,6,1,4,4,19.5,Jacy Sheldon,1642292,-11,,6,0,False,1,2,21.9,14.0,7.2,1.4,1.8,6,1,7.0,0.5005128205128205,0.3076923076923077,0.6666666666666666,0.3333333333333333
2026-27,1022600130,2026-06-24,Jun,CHI,PDX,home,W,101,78,79.5,23,179,3,2,3,1,12,6,2,1,22.3,Jacy Sheldon,1642292,15,,14,1,True,1,0,21.9,14.0,7.2,1.4,1.8,18,3,28.7,0.5775784753363229,0.5381165919282511,0.16666666666666666,0.25
2026-27,1022600136,2026-06-26,Jun,CHI,PDX,home,W,124,94,83.0,30,218,0,2,3,1,6,4,2,2,15.1,Jacy Sheldon,1642292,10,,11,2,False,1,0,21.9,14.0,7.2,1.4,1.8,13,3,22.4,0.4556291390728477,0.3973509933774835,0.3333333333333333,0.5
2026-27,1022600143,2026-06-28,Jun,CHI,LVA,home,L,99,107,86.0,-8,206,2,0,3,1,6,2,0,0,10.6,Jacy Sheldon,1642292,9,,5,1,False,0,0,21.9,14.0,7.2,1.4,1.8,8,0,9.2,0.5660377358490566,0.5660377358490566,0.0,0.5
2026-27,1022600149,2026-07-03,Jul,CHI,LVA,away,L,90,98,90.0,-8,188,1,0,2,1,3,1,2,2,19.4,Jacy Sheldon,1642292,1,,5,2,False,0,0,21.9,14.0,7.2,1.4,1.8,8,0,8.9,0.2,0.15463917525773196,0.6666666666666666,0.6666666666666666
2026-27,1022600158,2026-07-07,Jul,CHI,PHX,away,W,77,66,80.0,11,143,2,0,2,1,3,1,2,0,17.4,Jacy Sheldon,1642292,7,,3,1,False,1,0,21.9,14.0,7.2,1.4,1.8,6,1,10.2,0.22298850574712645,0.1724137931034483,0.6666666666666666,0.6666666666666666
2026-27,1022600167,2026-07-10,Jul,CHI,LAS,away,L,87,102,87.0,-15,189,2,0,4,2,7,4,0,0,21.3,Jacy Sheldon,1642292,-1,,10,0,True,2,1,21.9,14.0,7.2,1.4,1.8,12,2,18.0,0.3755868544600939,0.32863849765258213,0.0,0.5714285714285714
2026-27,1022600156,2026-07-06,Jul,LAS,SEA,home,L,64,82,85.0,-18,146,0,0,0,0,0,0,0,0,0.0,Alissa Pili,1642293,0,,0,0,False,0,0,8.0,9.2,2.0,2.5,1.0,0,0,0.0,,,,
2026-27,1022600161,2026-07-08,Jul,LAS,IND,home,W,106,92,91.5,14,198,2,0,0,0,3,2,0,0,11.9,Alissa Pili,1642293,4,,4,5,False,0,0,8.0,9.2,2.0,2.5,1.0,11,0,13.0,0.25210084033613445,0.25210084033613445,0.0,0.0
2026-27,1022600167,2026-07-10,Jul,LAS,CHI,home,W,102,87,87.0,15,189,0,0,1,0,1,0,0,0,4.0,Alissa Pili,1642293,-5,,0,0,False,0,0,8.0,9.2,2.0,2.5,1.0,0,0,0.0,0.25,0.25,0.0,1.0
2026-27,1022600006,2026-05-09,May,PDX,CHI,home,L,83,98,82.0,-15,181,2,0,1,1,3,2,0,0,16.8,Nyadiew Puoch,1642296,-1,F,5,1,False,3,0,17.1,13.4,3.3,1.7000000000000002,0.9,8,3,18.2,0.17857142857142858,0.17857142857142858,0.0,0.3333333333333333
2026-27,1022600014,2026-05-12,May,PDX,NYL,home,W,98,96,79.0,2,194,0,0,2,0,5,0,0,0,22.5,Nyadiew Puoch,1642296,2,F,0,3,True,0,1,17.1,13.4,3.3,1.7000000000000002,0.9,3,0,2.5999999999999996,0.26666666666666666,0.2222222222222222,0.0,0.4
2026-27,1022600020,2026-05-14,May,PDX,NYL,home,L,82,100,86.0,-18,182,2,0,5,2,9,5,1,1,30.6,Nyadiew Puoch,1642296,-5,F,13,2,True,2,1,17.1,13.4,3.3,1.7000000000000002,0.9,17,2,23.4,0.34117647058823525,0.29411764705882354,0.1111111111111111,0.5555555555555556
2026-27,1022600030,2026-05-18,May,PDX,CON,home,W,83,82,74.5,1,165,0,0,2,0,8,4,2,2,21.2,Nyadiew Puoch,1642296,-7,F,10,4,True,1,1,17.1,13.4,3.3,1.7000000000000002,0.9,14,1,16.8,0.46603773584905667,0.37735849056603776,0.25,0.25
2026-27,1022600032,2026-05-20,May,PDX,IND,away,L,73,90,82.0,-17,163,0,1,0,0,1,0,0,0,20.2,Nyadiew Puoch,1642296,-21,F,0,1,True,0,1,17.1,13.4,3.3,1.7000000000000002,0.9,1,1,3.2,0.09900990099009901,0.04950495049504951,0.0,0.0
2026-27,1022600042,2026-05-23,May,PDX,TOR,away,W,99,80,80.0,19,179,1,0,3,1,8,2,0,0,23.9,Nyadiew Puoch,1642296,9,F,5,3,True,1,2,17.1,13.4,3.3,1.7000000000000002,0.9,9,1,11.1,0.4184100418410042,0.3347280334728034,0.0,0.375
2026-27,1022600047,2026-05-25,May,PDX,NYL,away,W,81,74,78.0,7,155,2,0,2,0,7,2,1,1,20.0,Nyadiew Puoch,1642296,3,F,5,3,True,1,0,17.1,13.4,3.3,1.7000000000000002,0.9,10,1,14.6,0.372,0.35,0.14285714285714285,0.2857142857142857
2026-27,1022600052,2026-05-27,May,PDX,CON,home,W,71,61,75.5,10,132,0,0,2,0,3,1,4,0,17.8,Nyadiew Puoch,1642296,-5,F,2,0,False,1,2,17.1,13.4,3.3,1.7000000000000002,0.9,2,1,3.0,0.37977528089887636,0.16853932584269662,1.3333333333333333,0.6666666666666666
2026-27,1022600059,2026-05-29,May,PDX,ATL,home,L,66,86,77.5,-20,152,1,0,3,0,4,1,0,0,17.0,Nyadiew Puoch,1642296,-8,F,2,1,False,0,2,17.1,13.4,3.3,1.7000000000000002,0.9,4,0,2.7,0.35294117647058826,0.23529411764705882,0.0,0.75
2026-27,1022600062,2026-05-30,May,PDX,IND,home,W,100,84,80.0,16,184,1,0,0,0,3,1,0,0,16.1,Nyadiew Puoch,1642296,-4,F,2,2,False,0,0,17.1,13.4,3.3,1.7000000000000002,0.9,5,0,5.9,0.18633540372670807,0.18633540372670807,0.0,0.0
2026-27,1022600068,2026-06-02,Jun,PDX,GSV,away,L,77,95,73.5,-18,172,0,0,2,0,2,0,0,0,13.0,Nyadiew Puoch,1642296,-3,F,0,2,False,0,1,17.1,13.4,3.3,1.7000000000000002,0.9,2,0,1.4,0.23076923076923078,0.15384615384615385,0.0,1.0
2026-27,1022600076,2026-06-05,Jun,PDX,PHX,home,L,72,78,74.5,-6,150,0,0,1,0,4,0,0,0,13.4,Nyadiew Puoch,1642296,2,,0,1,False,0,0,17.1,13.4,3.3,1.7000000000000002,0.9,1,0,1.2,0.29850746268656714,0.29850746268656714,0.0,0.25
2026-27,1022600082,2026-06-07,Jun,PDX,LAS,away,L,72,89,81.0,-17,161,0,0,0,0,3,2,0,0,13.9,Nyadiew Puoch,1642296,-7,,4,1,False,0,0,17.1,13.4,3.3,1.7000000000000002,0.9,5,0,5.2,0.2158273381294964,0.2158273381294964,0.0,0.0
2026-27,1022600094,2026-06-11,Jun,PDX,LVA,home,L,89,105,79.5,-16,194,1,0,0,0,0,0,0,0,7.3,Nyadiew Puoch,1642296,1,,0,0,False,1,1,17.1,13.4,3.3,1.7000000000000002,0.9,1,1,3.5,0.136986301369863,0.0,,
2026-27,1022600099,2026-06-13,Jun,PDX,DAL,home,W,84,83,78.5,1,167,0,0,0,0,0,0,0,0,0.0,Nyadiew Puoch,1642296,0,,0,0,False,0,0,17.1,13.4,3.3,1.7000000000000002,0.9,0,0,0.0,,,,
2026-27,1022600104,2026-06-15,Jun,PDX,MIN,away,L,74,107,81.5,-33,181,2,0,3,1,3,1,0,0,20.8,Nyadiew Puoch,1642296,-10,,3,3,True,0,0,17.1,13.4,3.3,1.7000000000000002,0.9,8,0,9.6,0.14423076923076922,0.14423076923076922,0.0,1.0
2026-27,1022600112,2026-06-17,Jun,PDX,SEA,home,W,94,89,74.5,5,183,1,0,3,0,3,0,2,2,10.9,Nyadiew Puoch,1642296,-2,,2,1,False,1,0,17.1,13.4,3.3,1.7000000000000002,0.9,4,1,7.7,0.35596330275229354,0.27522935779816515,0.6666666666666666,1.0
2026-27,1022600130,2026-06-24,Jun,PDX,CHI,away,L,78,101,79.5,-23,179,2,2,5,0,6,0,0,0,13.3,Nyadiew Puoch,1642296,-13,,0,0,False,1,0,17.1,13.4,3.3,1.7000000000000002,0.9,2,3,12.0,0.45112781954887216,0.45112781954887216,0.0,0.8333333333333334
2026-27,1022600136,2026-06-26,Jun,PDX,CHI,away,L,94,124,83.0,-30,218,1,0,2,0,4,1,1,0,14.0,Nyadiew Puoch,1642296,-5,,2,1,False,0,0,17.1,13.4,3.3,1.7000000000000002,0.9,4,0,4.7,0.31714285714285717,0.2857142857142857,0.25,0.5
2026-27,1022600142,2026-06-28,Jun,PDX,WAS,away,L,123,124,117.5,-1,247,1,0,4,2,6,3,2,1,19.1,Nyadiew Puoch,1642296,10,,9,2,False,0,0,17.1,13.4,3.3,1.7000000000000002,0.9,12,0,12.9,0.3602094240837696,0.31413612565445026,0.3333333333333333,0.6666666666666666
2026-27,1022600151,2026-07-04,Jul,PDX,SEA,away,W,77,72,84.0,5,149,0,0,2,0,4,1,0,0,14.9,Nyadiew Puoch,1642296,1,,2,2,False,2,1,17.1,13.4,3.3,1.7000000000000002,0.9,4,2,9.4,0.33557046979865773,0.2684563758389262,0.0,0.5
2026-27,1022600164,2026-07-09,Jul,PDX,LVA,home,L,80,88,77.0,-8,168,1,0,1,0,3,2,1,0,13.4,Nyadiew Puoch,1642296,-1,,4,2,False,0,1,17.1,13.4,3.3,1.7000000000000002,0.9,7,0,6.9,0.33134328358208953,0.22388059701492538,0.3333333333333333,0.3333333333333333
2026-27,1022600010,2026-05-09,May,ATL,MIN,away,W,91,90,86.5,1,181,0,0,0,0,0,0,0,0,3.2,Isobel Borlase,1642302,-12,,0,0,False,0,0,12.0,15.6,4.2,1.4,0.9,0,0,0.0,0.0,0.0,,
2026-27,1022600012,2026-05-12,May,ATL,DAL,away,W,77,72,78.0,5,149,0,0,1,1,2,1,0,0,3.7,Isobel Borlase,1642302,3,,3,0,False,0,0,12.0,15.6,4.2,1.4,0.9,3,0,3.0,0.5405405405405405,0.5405405405405405,0.0,0.5
2026-27,1022600026,2026-05-17,May,ATL,LVA,home,L,84,85,85.0,-1,169,0,0,0,0,0,0,0,0,4.2,Isobel Borlase,1642302,1,,0,1,False,0,0,12.0,15.6,4.2,1.4,0.9,1,0,1.2,0.0,0.0,,
2026-27,1022600038,2026-05-22,May,ATL,DAL,home,W,86,69,78.0,17,155,0,0,0,0,1,1,0,0,2.3,Isobel Borlase,1642302,4,,2,1,False,0,0,12.0,15.6,4.2,1.4,0.9,3,0,3.2,0.4347826086956522,0.4347826086956522,0.0,0.0
2026-27,1022600044,2026-05-24,May,ATL,PHX,home,W,82,80,76.5,2,162,2,1,4,1,7,2,0,0,15.6,Isobel Borlase,1642302,7,,5,4,False,0,0,12.0,15.6,4.2,1.4,0.9,11,1,15.8,0.44871794871794873,0.44871794871794873,0.0,0.5714285714285714
2026-27,1022600051,2026-05-27,May,ATL,MIN,away,L,81,96,77.0,-15,177,3,0,1,0,4,2,0,0,13.1,Isobel Borlase,1642302,-6,,4,1,False,0,0,12.0,15.6,4.2,1.4,0.9,8,0,9.7,0.3053435114503817,0.3053435114503817,0.0,0.25
2026-27,1022600059,2026-05-29,May,ATL,PDX,away,W,86,66,77.5,20,152,1,0,0,0,1,1,0,0,9.7,Isobel Borlase,1642302,-1,,2,0,False,0,1,12.0,15.6,4.2,1.4,0.9,3,0,2.5,0.2061855670103093,0.10309278350515465,0.0,0.0
2026-27,1022600066,2026-06-02,Jun,ATL,CON,home,W,91,75,77.5,16,166,0,0,1,0,1,0,0,0,5.1,Isobel Borlase,1642302,-3,,0,0,False,0,0,12.0,15.6,4.2,1.4,0.9,0,0,0.0,0.19607843137254904,0.19607843137254904,0.0,1.0
2026-27,1022600072,2026-06-04,Jun,ATL,IND,away,L,71,83,77.5,-12,154,0,0,0,0,3,2,0,0,7.0,Isobel Borlase,1642302,-3,,4,1,False,0,0,12.0,15.6,4.2,1.4,0.9,5,0,5.2,0.42857142857142855,0.42857142857142855,0.0,0.0
2026-27,1022600079,2026-06-06,Jun,ATL,WAS,home,W,109,77,77.5,32,186,2,0,2,1,5,3,2,2,23.0,Isobel Borlase,1642302,27,,9,2,True,2,1,12.0,15.6,4.2,1.4,0.9,13,2,19.4,0.2991304347826087,0.21739130434782608,0.4,0.4
2026-27,1022600086,2026-06-09,Jun,ATL,CHI,away,W,82,75,77.0,7,157,0,0,1,0,3,1,2,2,9.5,Isobel Borlase,1642302,-3,,4,1,False,0,1,12.0,15.6,4.2,1.4,0.9,5,0,4.2,0.5136842105263157,0.3157894736842105,0.6666666666666666,0.3333333333333333
2026-27,1022600092,2026-06-11,Jun,ATL,NYL,home,L,90,104,80.5,-14,194,0,0,2,1,4,2,0,0,18.6,Isobel Borlase,1642302,-14,,5,2,False,0,0,12.0,15.6,4.2,1.4,0.9,7,0,7.4,0.2150537634408602,0.2150537634408602,0.0,0.5
2026-27,1022600102,2026-06-14,Jun,ATL,TOR,away,W,102,77,81.0,25,179,1,0,3,2,6,5,5,5,18.2,Isobel Borlase,1642302,22,,17,3,False,0,1,12.0,15.6,4.2,1.4,0.9,21,0,21.1,0.5054945054945055,0.32967032967032966,0.8333333333333334,0.5
2026-27,1022600113,2026-06-18,Jun,ATL,IND,away,W,108,101,87.5,7,209,0,1,1,0,7,4,1,1,12.7,Isobel Borlase,1642302,-1,,9,2,False,0,0,12.0,15.6,4.2,1.4,0.9,11,1,14.4,0.5858267716535434,0.5511811023622047,0.14285714285714285,0.14285714285714285
2026-27,1022600117,2026-06-20,Jun,ATL,IND,home,W,113,96,84.5,17,209,2,0,0,0,3,1,1,1,17.4,Isobel Borlase,1642302,11,,3,3,False,0,1,12.0,15.6,4.2,1.4,0.9,8,0,8.6,0.25517241379310346,0.1724137931034483,0.3333333333333333,0.0
2026-27,1022600124,2026-06-22,Jun,ATL,TOR,home,W,94,87,84.5,7,181,2,0,4,2,10,3,0,0,20.4,Isobel Borlase,1642302,-19,,8,2,False,1,0,12.0,15.6,4.2,1.4,0.9,12,1,16.4,0.4901960784313726,0.4901960784313726,0.0,0.4
2026-27,1022600131,2026-06-24,Jun,ATL,GSV,away,L,66,77,73.5,-11,143,2,0,1,0,2,1,0,0,18.6,Isobel Borlase,1642302,-1,,2,1,False,0,3,12.0,15.6,4.2,1.4,0.9,5,0,3.2,0.26881720430107525,0.1075268817204301,0.0,0.5
2026-27,1022600137,2026-06-26,Jun,ATL,GSV,away,L,75,78,81.0,-3,153,2,0,2,0,5,1,0,0,18.4,Isobel Borlase,1642302,6,,2,0,False,1,1,12.0,15.6,4.2,1.4,0.9,4,1,7.0,0.32608695652173914,0.27173913043478265,0.0,0.4
2026-27,1022600140,2026-06-27,Jun,ATL,SEA,away,L,90,105,83.0,-15,195,1,0,3,1,6,3,0,0,13.6,Isobel Borlase,1642302,-5,,7,2,False,1,1,12.0,15.6,4.2,1.4,0.9,10,1,12.9,0.5147058823529412,0.4411764705882353,0.0,0.5
2026-27,1022600145,2026-07-02,Jul,ATL,WAS,away,L,76,81,82.0,-5,157,1,0,2,1,3,1,0,0,7.7,Isobel Borlase,1642302,-3,,3,0,False,1,3,12.0,15.6,4.2,1.4,0.9,4,1,4.5,0.7792207792207793,0.38961038961038963,0.0,0.6666666666666666
2026-27,1022600150,2026-07-04,Jul,ATL,GSV,home,L,83,88,79.0,-5,171,0,0,2,0,3,0,0,0,10.0,Isobel Borlase,1642302,-7,F,0,3,False,0,1,12.0,15.6,4.2,1.4,0.9,3,0,2.5999999999999996,0.4,0.3,0.0,0.6666666666666666
2026-27,1022600162,2026-07-09,Jul,ATL,SEA,home,W,89,78,89.5,11,167,0,0,0,0,2,2,0,0,9.9,Isobel Borlase,1642302,3,,4,2,False,0,0,12.0,15.6,4.2,1.4,0.9,6,0,6.4,0.20202020202020202,0.20202020202020202,0.0,0.0
2026-27,1022600061,2026-05-30,May,CON,LAS,home,W,84,81,83.0,3,165,3,0,6,1,14,5,4,1,20.5,Leila Lacan,1642303,4,G,12,2,True,1,1,29.0,21.7,12.4,1.7000000000000002,4.6,17,1,20.9,0.817560975609756,0.6829268292682927,0.2857142857142857,0.42857142857142855
2026-27,1022600066,2026-06-02,Jun,CON,ATL,away,L,75,91,77.5,-16,166,5,0,6,1,13,4,4,2,27.9,Leila Lacan,1642303,-15,G,11,2,True,1,4,29.0,21.7,12.4,1.7000000000000002,4.6,18,1,19.9,0.6724014336917562,0.4659498207885305,0.3076923076923077,0.46153846153846156
2026-27,1022600074,2026-06-05,Jun,CON,CHI,away,L,80,85,77.0,-5,165,2,0,3,0,8,1,2,1,33.5,Leila Lacan,1642303,-5,G,3,1,True,1,3,29.0,21.7,12.4,1.7000000000000002,4.6,6,1,7.199999999999999,0.3546268656716418,0.23880597014925373,0.25,0.375
2026-27,1022600083,2026-06-08,Jun,CON,NYL,home,L,80,89,82.0,-9,169,7,0,4,1,9,3,1,0,25.5,Leila Lacan,1642303,-16,G,7,0,True,2,1,29.0,21.7,12.4,1.7000000000000002,4.6,14,2,22.5,0.4094117647058823,0.35294117647058826,0.1111111111111111,0.4444444444444444
2026-27,1022600089,2026-06-10,Jun,CON,TOR,away,L,102,106,89.5,-4,208,7,1,8,4,16,9,4,2,31.7,Leila Lacan,1642303,-3,G,24,1,True,1,2,29.0,21.7,12.4,1.7000000000000002,4.6,32,2,39.7,0.6233438485804417,0.5047318611987381,0.25,0.5
2026-27,1022600097,2026-06-13,Jun,CON,IND,home,L,75,85,76.5,-10,160,7,0,2,1,9,5,0,0,30.4,Leila Lacan,1642303,-6,G,11,1,True,4,1,29.0,21.7,12.4,1.7000000000000002,4.6,19,4,33.7,0.32894736842105265,0.2960526315789474,0.0,0.2222222222222222
2026-27,1022600107,2026-06-17,Jun,CON,WAS,home,L,81,88,76.0,-7,169,4,0,4,0,14,5,1,1,28.4,Leila Lacan,1642303,-5,G,11,2,True,2,1,29.0,21.7,12.4,1.7000000000000002,4.6,17,2,24.4,0.543661971830986,0.49295774647887325,0.07142857142857142,0.2857142857142857
2026-27,1022600114,2026-06-19,Jun,CON,TOR,home,L,97,101,84.0,-4,198,3,0,8,2,16,5,5,4,31.4,Leila Lacan,1642303,-14,G,16,1,True,1,1,29.0,21.7,12.4,1.7000000000000002,4.6,20,1,23.7,0.6114649681528662,0.5095541401273885,0.3125,0.5
2026-27,1022600123,2026-06-22,Jun,CON,CHI,home,W,92,63,84.5,29,155,2,0,1,0,6,5,3,2,20.1,Leila Lacan,1642303,10,G,12,1,False,3,1,29.0,21.7,12.4,1.7000000000000002,4.6,15,3,24.2,0.41393034825870645,0.29850746268656714,0.5,0.16666666666666666
2026-27,1022600135,2026-06-26,Jun,CON,WAS,home,W,68,57,77.0,11,125,5,0,1,0,10,4,4,4,28.6,Leila Lacan,1642303,13,G,12,0,True,4,2,29.0,21.7,12.4,1.7000000000000002,4.6,17,4,29.5,0.48111888111888107,0.34965034965034963,0.4,0.1
2026-27,1022600146,2026-07-02,Jul,CON,DAL,home,L,83,86,80.0,-3,169,5,0,4,2,14,5,6,6,31.7,Leila Lacan,1642303,-6,G,18,2,True,3,2,29.0,21.7,12.4,1.7000000000000002,4.6,25,3,34.9,0.58801261829653,0.44164037854889593,0.42857142857142855,0.2857142857142857
2026-27,1022600155,2026-07-06,Jul,CON,MIN,away,W,90,89,80.5,1,179,3,0,3,2,13,5,2,1,34.4,Leila Lacan,1642303,5,G,13,2,True,4,0,29.0,21.7,12.4,1.7000000000000002,4.6,18,4,31.9,0.4034883720930233,0.37790697674418605,0.15384615384615385,0.23076923076923078
2026-27,1022600160,2026-07-08,Jul,CON,MIN,home,L,80,86,78.5,-6,166,6,0,6,2,9,5,3,3,28.6,Leila Lacan,1642303,5,G,15,6,True,1,1,29.0,21.7,12.4,1.7000000000000002,4.6,27,1,33.2,0.3958041958041958,0.3146853146853147,0.3333333333333333,0.6666666666666666
2026-27,1022600165,2026-07-10,Jul,CON,GSV,home,L,64,79,73.5,-15,143,6,0,2,1,5,3,1,1,32.0,Leila Lacan,1642303,-15,G,8,3,True,2,4,29.0,21.7,12.4,1.7000000000000002,4.6,17,2,22.6,0.29500000000000004,0.15625,0.2,0.4
2026-27,1022600006,2026-05-09,May,PDX,CHI,home,L,83,98,82.0,-15,181,3,0,5,1,11,3,12,11,28.5,Carla Leite,1642304,-2,G,18,3,True,0,1,25.3,28.7,15.3,2.4,5.6,24,0,25.1,0.6063157894736843,0.38596491228070173,1.0909090909090908,0.45454545454545453
2026-27,1022600014,2026-05-12,May,PDX,NYL,home,W,98,96,79.0,2,194,6,0,1,0,14,8,5,5,25.9,Carla Leite,1642304,14,G,21,4,True,1,2,25.3,28.7,15.3,2.4,5.6,31,1,35.8,0.7027027027027027,0.5405405405405406,0.35714285714285715,0.07142857142857142
2026-27,1022600032,2026-05-20,May,PDX,IND,away,L,73,90,82.0,-17,163,1,0,0,0,3,2,2,2,13.9,Carla Leite,1642304,-10,,6,1,False,1,4,25.3,28.7,15.3,2.4,5.6,8,1,7.699999999999999,0.5669064748201439,0.2158273381294964,0.6666666666666666,0.0
2026-27,1022600042,2026-05-23,May,PDX,TOR,away,W,99,80,80.0,19,179,9,0,0,0,11,4,7,7,22.0,Carla Leite,1642304,15,G,15,3,True,0,4,25.3,28.7,15.3,2.4,5.6,27,0,28.1,0.8218181818181818,0.5,0.6363636363636364,0.0
2026-27,1022600047,2026-05-25,May,PDX,NYL,away,W,81,74,78.0,7,155,2,0,2,1,14,8,2,1,22.0,Carla Leite,1642304,9,G,18,0,True,1,4,25.3,28.7,15.3,2.4,5.6,20,1,20.0,0.8581818181818183,0.6363636363636364,0.14285714285714285,0.14285714285714285
2026-27,1022600052,2026-05-27,May,PDX,CON,home,W,71,61,75.5,10,132,3,0,3,2,10,4,10,10,22.7,Carla Leite,1642304,-1,G,20,0,True,1,4,25.3,28.7,15.3,2.4,5.6,23,1,23.5,0.8105726872246696,0.4405286343612335,1.0,0.3
2026-27,1022600059,2026-05-29,May,PDX,ATL,home,L,66,86,77.5,-20,152,4,0,1,1,4,3,4,4,23.8,Carla Leite,1642304,-11,G,11,1,True,0,4,25.3,28.7,15.3,2.4,5.6,16,0,14.2,0.41008403361344536,0.1680672268907563,1.0,0.25
2026-27,1022600062,2026-05-30,May,PDX,IND,home,W,100,84,80.0,16,184,12,0,2,0,12,6,6,6,27.2,Carla Leite,1642304,20,G,18,1,True,0,4,25.3,28.7,15.3,2.4,5.6,31,0,33.2,0.6852941176470588,0.4411764705882353,0.5,0.16666666666666666
2026-27,1022600068,2026-06-02,Jun,PDX,GSV,away,L,77,95,73.5,-18,172,7,0,0,0,6,2,6,6,24.4,Carla Leite,1642304,-3,G,10,1,True,0,4,25.3,28.7,15.3,2.4,5.6,18,0,17.7,0.518032786885246,0.24590163934426232,1.0,0.0
2026-27,1022600076,2026-06-05,Jun,PDX,PHX,home,L,72,78,74.5,-6,150,4,0,2,1,6,2,3,2,24.2,Carla Leite,1642304,-19,G,7,2,True,1,3,25.3,28.7,15.3,2.4,5.6,13,1,15.399999999999999,0.42644628099173554,0.24793388429752067,0.5,0.3333333333333333
2026-27,1022600082,2026-06-07,Jun,PDX,LAS,away,L,72,89,81.0,-17,161,4,1,2,0,13,4,6,2,24.5,Carla Leite,1642304,-21,G,10,4,True,0,4,25.3,28.7,15.3,2.4,5.6,18,1,19.8,0.8016326530612246,0.5306122448979592,0.46153846153846156,0.15384615384615385
2026-27,1022600094,2026-06-11,Jun,PDX,LVA,home,L,89,105,79.5,-16,194,8,0,2,1,13,8,2,1,28.5,Carla Leite,1642304,-20,G,18,3,True,1,0,25.3,28.7,15.3,2.4,5.6,29,1,36.6,0.4870175438596491,0.45614035087719296,0.15384615384615385,0.15384615384615385
2026-27,1022600099,2026-06-13,Jun,PDX,DAL,home,W,84,83,78.5,1,167,8,0,3,2,11,4,0,0,27.3,Carla Leite,1642304,2,G,10,5,True,0,4,25.3,28.7,15.3,2.4,5.6,23,0,24.0,0.5494505494505494,0.40293040293040294,0.0,0.2727272727272727
2026-27,1022600104,2026-06-15,Jun,PDX,MIN,away,L,74,107,81.5,-33,181,3,0,3,1,8,3,4,3,18.8,Carla Leite,1642304,-20,G,10,2,False,1,4,25.3,28.7,15.3,2.4,5.6,15,1,15.899999999999999,0.7319148936170212,0.425531914893617,0.5,0.375
2026-27,1022600112,2026-06-17,Jun,PDX,SEA,home,W,94,89,74.5,5,183,10,0,2,1,11,5,10,9,29.1,Carla Leite,1642304,13,G,20,4,True,1,1,25.3,28.7,15.3,2.4,5.6,34,1,41.8,0.5635738831615119,0.37800687285223367,0.9090909090909091,0.18181818181818182
2026-27,1022600130,2026-06-24,Jun,PDX,CHI,away,L,78,101,79.5,-23,179,6,0,1,1,8,1,8,7,28.4,Carla Leite,1642304,-19,G,10,1,True,0,1,25.3,28.7,15.3,2.4,5.6,17,0,19.2,0.44084507042253523,0.28169014084507044,1.0,0.125
2026-27,1022600136,2026-06-26,Jun,PDX,CHI,away,L,94,124,83.0,-30,218,4,0,4,1,10,4,10,9,22.6,Carla Leite,1642304,-9,G,18,1,True,1,4,25.3,28.7,15.3,2.4,5.6,23,1,24.2,0.8141592920353982,0.44247787610619466,1.0,0.4
2026-27,1022600142,2026-06-28,Jun,PDX,WAS,away,L,123,124,117.5,-1,247,9,0,6,3,26,12,6,5,47.8,Carla Leite,1642304,-9,G,32,6,True,3,6,25.3,28.7,15.3,2.4,5.6,47,3,55.7,0.7246861924686193,0.5439330543933055,0.23076923076923078,0.23076923076923078
2026-27,1022600151,2026-07-04,Jul,PDX,SEA,away,W,77,72,84.0,5,149,4,0,0,0,8,4,12,12,22.3,Carla Leite,1642304,5,G,20,3,True,0,4,25.3,28.7,15.3,2.4,5.6,27,0,25.6,0.7748878923766817,0.35874439461883406,1.5,0.0
2026-27,1022600164,2026-07-09,Jul,PDX,LVA,home,L,80,88,77.0,-8,168,5,0,1,0,6,2,11,9,20.6,Carla Leite,1642304,3,G,13,3,True,0,5,25.3,28.7,15.3,2.4,5.6,21,0,19.1,0.7689320388349514,0.2912621359223301,1.8333333333333333,0.16666666666666666
2026-27,1022600003,2026-05-08,May,SEA,GSV,home,L,80,91,75.0,-11,171,0,0,0,0,1,1,0,0,11.2,Mackenzie Holmes,1642307,-4,,2,6,False,0,0,11.3,10.9,3.0,3.2,0.6000000000000001,8,0,9.2,0.08928571428571429,0.08928571428571429,0.0,0.0
2026-27,1022600007,2026-05-10,May,SEA,CON,away,W,89,82,86.5,7,171,2,1,3,1,6,2,0,0,22.6,Mackenzie Holmes,1642307,-4,,5,6,True,0,1,11.3,10.9,3.0,3.2,0.6000000000000001,13,1,17.2,0.30973451327433627,0.2654867256637168,0.0,0.5
2026-27,1022600015,2026-05-13,May,SEA,TOR,away,L,73,86,81.0,-13,159,0,0,0,0,0,0,0,0,5.0,Mackenzie Holmes,1642307,-9,,0,1,False,0,0,11.3,10.9,3.0,3.2,0.6000000000000001,1,0,1.2,0.0,0.0,,
2026-27,1022600027,2026-05-17,May,SEA,IND,away,L,78,89,84.0,-11,167,0,0,0,0,3,2,0,0,9.7,Mackenzie Holmes,1642307,-5,,4,1,False,2,1,11.3,10.9,3.0,3.2,0.6000000000000001,5,2,10.2,0.4123711340206186,0.30927835051546393,0.0,0.0
2026-27,1022600034,2026-05-20,May,SEA,CON,home,L,78,80,78.0,-2,158,1,2,1,1,8,6,5,5,26.0,Mackenzie Holmes,1642307,-11,,18,6,True,1,0,11.3,10.9,3.0,3.2,0.6000000000000001,25,3,35.7,0.3923076923076923,0.3076923076923077,0.625,0.125
2026-27,1022600040,2026-05-22,May,SEA,CON,home,W,77,59,75.5,18,136,1,1,0,0,2,0,4,2,18.4,Mackenzie Holmes,1642307,-4,,2,6,False,0,1,11.3,10.9,3.0,3.2,0.6000000000000001,9,1,12.7,0.25869565217391305,0.10869565217391305,2.0,0.0
2026-27,1022600046,2026-05-24,May,SEA,WAS,home,W,97,85,81.0,12,182,0,0,0,0,2,1,0,0,14.5,Mackenzie Holmes,1642307,-4,,2,4,False,3,0,11.3,10.9,3.0,3.2,0.6000000000000001,6,3,15.8,0.13793103448275862,0.13793103448275862,0.0,0.0
2026-27,1022600053,2026-05-27,May,SEA,WAS,home,L,64,78,72.5,-14,142,1,0,2,2,4,3,0,0,19.7,Mackenzie Holmes,1642307,6,,8,10,True,2,4,11.3,10.9,3.0,3.2,0.6000000000000001,19,2,23.5,0.40609137055837563,0.20304568527918782,0.0,0.5
2026-27,1022600060,2026-05-30,May,SEA,TOR,away,L,72,93,82.0,-21,165,1,0,0,0,3,2,2,2,15.5,Mackenzie Holmes,1642307,-5,,6,7,False,1,1,11.3,10.9,3.0,3.2,0.6000000000000001,14,1,17.9,0.31483870967741934,0.1935483870967742,0.6666666666666666,0.0
2026-27,1022600064,2026-06-01,Jun,SEA,DAL,away,L,56,79,79.0,-23,135,2,0,0,0,2,1,0,0,13.5,Mackenzie Holmes,1642307,6,,2,1,False,0,1,11.3,10.9,3.0,3.2,0.6000000000000001,5,0,5.2,0.2222222222222222,0.14814814814814814,0.0,0.0
2026-27,1022600071,2026-06-03,Jun,SEA,PHX,home,L,68,72,79.5,-4,140,1,1,1,0,5,2,0,0,18.8,Mackenzie Holmes,1642307,-8,,4,6,False,1,0,11.3,10.9,3.0,3.2,0.6000000000000001,11,2,18.7,0.26595744680851063,0.26595744680851063,0.0,0.2
2026-27,1022600077,2026-06-06,Jun,SEA,MIN,away,L,68,88,80.0,-20,156,2,0,1,0,1,0,2,1,14.4,Mackenzie Holmes,1642307,-6,,1,4,False,0,1,11.3,10.9,3.0,3.2,0.6000000000000001,7,0,7.800000000000001,0.19999999999999998,0.06944444444444445,2.0,1.0
2026-27,1022600085,2026-06-08,Jun,SEA,LVA,away,L,91,101,18.5,-10,192,0,0,1,1,1,1,0,0,11.7,Mackenzie Holmes,1642307,1,,3,2,False,0,0,11.3,10.9,3.0,3.2,0.6000000000000001,5,0,5.4,0.08547008547008547,0.08547008547008547,0.0,1.0
2026-27,1022600090,2026-06-10,Jun,SEA,LAS,home,L,83,88,80.5,-5,171,0,1,0,0,0,0,0,0,6.7,Mackenzie Holmes,1642307,-9,,0,1,False,0,0,11.3,10.9,3.0,3.2,0.6000000000000001,1,1,4.2,0.0,0.0,,
2026-27,1022600096,2026-06-12,Jun,SEA,GSV,home,L,72,76,75.0,-4,148,1,0,0,0,0,0,0,0,3.6,Mackenzie Holmes,1642307,-4,,0,0,False,0,0,11.3,10.9,3.0,3.2,0.6000000000000001,1,0,1.5,0.0,0.0,,
2026-27,1022600112,2026-06-17,Jun,SEA,PDX,away,L,89,94,74.5,-5,183,0,0,1,1,1,1,0,0,4.3,Mackenzie Holmes,1642307,-2,,3,0,False,0,0,11.3,10.9,3.0,3.2,0.6000000000000001,3,0,3.0,0.23255813953488372,0.23255813953488372,0.0,1.0
2026-27,1022600118,2026-06-20,Jun,SEA,PHX,away,L,73,93,78.5,-20,166,0,0,0,0,0,0,0,0,4.1,Mackenzie Holmes,1642307,4,,0,1,False,1,0,11.3,10.9,3.0,3.2,0.6000000000000001,1,1,4.2,0.0,0.0,,
2026-27,1022600126,2026-06-22,Jun,SEA,DAL,home,L,110,112,91.5,-2,222,0,0,0,0,0,0,0,0,0.0,Mackenzie Holmes,1642307,0,,0,0,False,0,0,11.3,10.9,3.0,3.2,0.6000000000000001,0,0,0.0,,,,
2026-27,1022600134,2026-06-25,Jun,SEA,NYL,home,W,99,88,83.5,11,187,0,0,0,0,0,0,0,0,0.0,Mackenzie Holmes,1642307,0,,0,0,False,0,0,11.3,10.9,3.0,3.2,0.6000000000000001,0,0,0.0,,,,
2026-27,1022600140,2026-06-27,Jun,SEA,ATL,home,W,105,90,83.0,15,195,0,0,0,0,0,0,2,1,1.3,Mackenzie Holmes,1642307,0,,1,0,False,0,0,11.3,10.9,3.0,3.2,0.6000000000000001,1,0,1.0,0.6769230769230768,0.0,,
2026-27,1022600147,2026-07-02,Jul,SEA,PHX,away,L,67,90,76.0,-23,157,0,0,0,0,0,0,0,0,2.2,Mackenzie Holmes,1642307,-3,,0,1,False,0,0,11.3,10.9,3.0,3.2,0.6000000000000001,1,0,1.2,0.0,0.0,,
2026-27,1022600151,2026-07-04,Jul,SEA,PDX,home,L,72,77,84.0,-5,149,0,0,0,0,0,0,0,0,0.0,Mackenzie Holmes,1642307,0,,0,0,False,0,0,11.3,10.9,3.0,3.2,0.6000000000000001,0,0,0.0,,,,
2026-27,1022600156,2026-07-06,Jul,SEA,LAS,away,W,82,64,85.0,18,146,0,0,0,0,0,0,0,0,2.5,Mackenzie Holmes,1642307,-1,,0,1,False,1,0,11.3,10.9,3.0,3.2,0.6000000000000001,1,1,4.2,0.0,0.0,,
2026-27,1022600162,2026-07-09,Jul,SEA,ATL,away,L,78,89,89.5,-11,167,0,0,0,0,0,0,0,0,0.0,Mackenzie Holmes,1642307,0,,0,0,False,0,0,11.3,10.9,3.0,3.2,0.6000000000000001,0,0,0.0,,,,
2026-27,1022600006,2026-05-09,May,CHI,PDX,away,W,98,83,82.0,15,181,0,0,2,0,3,0,0,0,4.0,Sydney Taylor,1642321,6,,0,0,False,0,0,18.5,28.0,12.5,1.3,1.4,0,0,0.0,0.75,0.75,0.0,0.6666666666666666
2026-27,1022600017,2026-05-13,May,CHI,GSV,away,W,69,63,75.5,6,132,0,0,0,0,0,0,0,0,0.0,Sydney Taylor,1642321,0,,0,0,False,0,0,18.5,28.0,12.5,1.3,1.4,0,0,0.0,,,,
2026-27,1022600024,2026-05-15,May,CHI,PHX,away,L,83,91,83.0,-8,174,0,1,1,0,3,1,3,3,6.8,Sydney Taylor,1642321,8,,5,0,False,0,0,18.5,28.0,12.5,1.3,1.4,5,1,8.0,0.6352941176470589,0.4411764705882353,1.0,0.3333333333333333
2026-27,1022600025,2026-05-17,May,CHI,MIN,away,W,86,79,84.5,7,165,2,0,3,1,3,1,2,2,9.6,Sydney Taylor,1642321,-4,,5,1,False,0,1,18.5,28.0,12.5,1.3,1.4,8,0,8.2,0.5083333333333333,0.3125,0.6666666666666666,1.0
2026-27,1022600033,2026-05-20,May,CHI,DAL,home,L,89,99,79.5,-10,188,0,0,0,0,0,0,0,0,0.0,Sydney Taylor,1642321,0,,0,0,False,0,0,18.5,28.0,12.5,1.3,1.4,0,0,0.0,,,,
2026-27,1022600041,2026-05-23,May,CHI,MIN,home,L,75,85,86.5,-10,160,1,0,9,2,12,3,5,3,19.6,Sydney Taylor,1642321,-3,,11,2,True,1,1,18.5,28.0,12.5,1.3,1.4,14,1,16.9,0.7755102040816325,0.6122448979591836,0.4166666666666667,0.75
2026-27,1022600050,2026-05-27,May,CHI,TOR,home,L,104,111,84.0,-7,215,2,0,12,3,22,9,6,6,23.3,Sydney Taylor,1642321,-4,,27,2,True,1,0,18.5,28.0,12.5,1.3,1.4,31,1,35.4,1.0575107296137338,0.944206008583691,0.2727272727272727,0.5454545454545454
2026-27,1022600058,2026-05-29,May,CHI,MIN,home,L,58,79,86.0,-21,137,4,0,6,1,9,3,0,0,20.1,Sydney Taylor,1642321,-1,,7,2,True,0,1,18.5,28.0,12.5,1.3,1.4,13,0,14.4,0.49751243781094523,0.4477611940298507,0.0,0.6666666666666666
2026-27,1022600067,2026-06-02,Jun,CHI,WAS,away,L,72,90,82.5,-18,162,1,0,6,1,13,6,4,2,20.4,Sydney Taylor,1642321,-11,,15,1,False,4,4,18.5,28.0,12.5,1.3,1.4,17,4,25.7,0.9196078431372549,0.6372549019607844,0.3076923076923077,0.46153846153846156
2026-27,1022600074,2026-06-05,Jun,CHI,CON,home,W,85,80,77.0,5,165,0,0,1,0,5,2,0,0,13.0,Sydney Taylor,1642321,-17,,4,1,False,0,4,18.5,28.0,12.5,1.3,1.4,5,0,1.2000000000000002,0.6923076923076923,0.38461538461538464,0.0,0.2
2026-27,1022600081,2026-06-07,Jun,CHI,TOR,away,L,68,85,84.5,-17,153,0,1,2,0,2,0,0,0,8.5,Sydney Taylor,1642321,-8,,0,0,False,0,1,18.5,28.0,12.5,1.3,1.4,0,1,2.0,0.35294117647058826,0.23529411764705882,0.0,1.0
2026-27,1022600086,2026-06-09,Jun,CHI,ATL,home,L,75,82,77.0,-7,157,0,0,0,0,0,0,0,0,3.2,Sydney Taylor,1642321,2,,0,0,False,0,1,18.5,28.0,12.5,1.3,1.4,0,0,-1.0,0.3125,0.0,,
2026-27,1022600091,2026-06-11,Jun,CHI,IND,away,L,106,114,96.5,-8,220,2,1,7,4,14,10,6,6,20.7,Sydney Taylor,1642321,7,,30,2,False,1,1,18.5,28.0,12.5,1.3,1.4,34,2,40.4,0.8521739130434783,0.6763285024154589,0.42857142857142855,0.5
2026-27,1022600108,2026-06-17,Jun,CHI,NYL,home,L,95,96,80.5,-1,191,2,1,7,4,16,10,0,0,28.3,Sydney Taylor,1642321,4,G,24,1,True,3,1,18.5,28.0,12.5,1.3,1.4,27,4,39.2,0.6007067137809187,0.5653710247349824,0.0,0.4375
2026-27,1022600119,2026-06-20,Jun,CHI,DAL,away,L,92,93,83.0,-1,185,0,0,8,2,13,6,4,4,24.8,Sydney Taylor,1642321,9,G,18,2,True,1,3,18.5,28.0,12.5,1.3,1.4,20,1,20.4,0.7161290322580645,0.5241935483870968,0.3076923076923077,0.6153846153846154
2026-27,1022600123,2026-06-22,Jun,CHI,CON,away,L,63,92,84.5,-29,155,2,0,8,1,12,2,6,5,22.1,Sydney Taylor,1642321,-18,F,10,1,True,0,2,18.5,28.0,12.5,1.3,1.4,13,0,12.2,0.7529411764705882,0.5429864253393665,0.5,0.6666666666666666
2026-27,1022600130,2026-06-24,Jun,CHI,PDX,home,W,101,78,79.5,23,179,4,0,4,2,8,5,3,2,21.1,Sydney Taylor,1642321,4,G,14,1,False,1,1,18.5,28.0,12.5,1.3,1.4,19,1,23.2,0.4890995260663507,0.3791469194312796,0.375,0.5
2026-27,1022600136,2026-06-26,Jun,CHI,PDX,home,W,124,94,83.0,30,218,3,0,7,6,11,8,7,7,23.3,Sydney Taylor,1642321,34,G,29,3,True,0,2,18.5,28.0,12.5,1.3,1.4,35,0,35.1,0.6901287553648068,0.4721030042918455,0.6363636363636364,0.6363636363636364
2026-27,1022600143,2026-06-28,Jun,CHI,LVA,home,L,99,107,86.0,-8,206,0,1,6,2,13,6,0,0,31.5,Sydney Taylor,1642321,-10,G,14,3,True,2,4,18.5,28.0,12.5,1.3,1.4,17,3,22.6,0.5396825396825397,0.4126984126984127,0.0,0.46153846153846156
2026-27,1022600149,2026-07-03,Jul,CHI,LVA,away,L,90,98,90.0,-8,188,1,0,5,1,10,2,1,1,26.3,Sydney Taylor,1642321,-7,G,6,1,True,0,0,18.5,28.0,12.5,1.3,1.4,8,0,8.7,0.39695817490494295,0.38022813688212925,0.1,0.5
2026-27,1022600158,2026-07-07,Jul,CHI,PHX,away,W,77,66,80.0,11,143,1,0,7,3,11,6,1,1,22.7,Sydney Taylor,1642321,-5,G,16,1,True,0,4,18.5,28.0,12.5,1.3,1.4,18,0,14.7,0.6801762114537445,0.4845814977973568,0.09090909090909091,0.6363636363636364
2026-27,1022600167,2026-07-10,Jul,CHI,LAS,away,L,87,102,87.0,-15,189,2,0,7,2,11,5,3,3,20.8,Sydney Taylor,1642321,-3,G,15,1,True,0,3,18.5,28.0,12.5,1.3,1.4,18,0,16.2,0.7365384615384615,0.5288461538461539,0.2727272727272727,0.6363636363636364
2026-27,1022600023,2026-05-15,May,LAS,TOR,home,W,99,95,80.0,4,194,0,0,1,0,2,0,0,0,6.3,Kate Martin,1642324,-1,,0,1,False,0,0,8.3,16.0,3.0,1.2,0.4,1,0,1.2,0.31746031746031744,0.31746031746031744,0.0,0.5
2026-27,1022600028,2026-05-17,May,LAS,TOR,home,L,96,106,80.0,-10,202,0,0,6,3,7,4,0,0,18.1,Kate Martin,1642324,9,,11,0,False,1,1,8.3,16.0,3.0,1.2,0.4,11,1,13.0,0.4419889502762431,0.38674033149171266,0.0,0.8571428571428571
2026-27,1022600037,2026-05-21,May,LAS,PHX,away,W,97,88,81.0,9,185,0,0,0,0,0,0,0,0,1.3,Kate Martin,1642324,0,,0,0,False,0,0,8.3,16.0,3.0,1.2,0.4,0,0,0.0,0.0,0.0,,
2026-27,1022600043,2026-05-23,May,LAS,LVA,away,W,101,95,84.0,6,196,1,0,0,0,0,0,0,0,5.8,Kate Martin,1642324,9,,0,0,False,0,0,8.3,16.0,3.0,1.2,0.4,1,0,1.5,0.0,0.0,,
2026-27,1022600061,2026-05-30,May,LAS,CON,away,L,81,84,83.0,-3,165,0,0,1,0,2,1,0,0,13.0,Kate Martin,1642324,3,,2,1,False,1,0,8.3,16.0,3.0,1.2,0.4,3,1,6.2,0.15384615384615385,0.15384615384615385,0.0,0.5
2026-27,1022600075,2026-06-05,Jun,LAS,DAL,home,L,96,104,83.5,-8,200,0,0,1,1,2,2,1,0,2.8,Kate Martin,1642324,-4,,5,0,False,0,1,8.3,16.0,3.0,1.2,0.4,5,0,4.0,1.2285714285714286,0.7142857142857143,0.5,0.5
2026-27,1022600082,2026-06-07,Jun,LAS,PDX,home,W,89,72,81.0,17,161,1,2,3,1,5,2,1,0,8.0,Kate Martin,1642324,-3,,5,0,False,0,0,8.3,16.0,3.0,1.2,0.4,6,2,12.5,0.68,0.625,0.2,0.6
2026-27,1022600100,2026-06-13,Jun,LAS,PHX,away,W,111,102,88.5,9,213,0,0,1,0,1,0,0,0,3.6,Kate Martin,1642324,-3,,0,0,False,0,0,8.3,16.0,3.0,1.2,0.4,0,0,0.0,0.2777777777777778,0.2777777777777778,0.0,1.0
2026-27,1022600105,2026-06-15,Jun,LAS,GSV,away,L,58,78,73.5,-20,136,2,0,1,1,1,1,0,0,11.2,Kate Martin,1642324,2,,3,3,False,0,0,8.3,16.0,3.0,1.2,0.4,8,0,9.6,0.08928571428571429,0.08928571428571429,0.0,1.0
2026-27,1022600110,2026-06-17,Jun,LAS,MIN,home,L,83,99,86.5,-16,182,0,0,2,0,3,0,0,0,6.8,Kate Martin,1642324,-9,,0,1,False,0,0,8.3,16.0,3.0,1.2,0.4,1,0,1.2,0.4411764705882353,0.4411764705882353,0.0,0.6666666666666666
2026-27,1022600156,2026-07-06,Jul,LAS,SEA,home,L,64,82,85.0,-18,146,0,0,6,1,7,1,6,5,16.6,Kate Martin,1642324,1,,8,6,False,1,0,8.3,16.0,3.0,1.2,0.4,14,1,18.2,0.580722891566265,0.4216867469879518,0.8571428571428571,0.8571428571428571
2026-27,1022600161,2026-07-08,Jul,LAS,IND,home,W,106,92,91.5,14,198,0,0,0,0,0,0,0,0,0.0,Kate Martin,1642324,0,,0,0,False,0,0,8.3,16.0,3.0,1.2,0.4,0,0,0.0,,,,
2026-27,1022600167,2026-07-10,Jul,LAS,CHI,home,W,102,87,87.0,15,189,1,0,1,0,2,1,0,0,5.1,Kate Martin,1642324,-8,,2,2,False,0,0,8.3,16.0,3.0,1.2,0.4,5,0,5.9,0.3921568627450981,0.3921568627450981,0.0,0.5
2026-27,1022600003,2026-05-08,May,GSV,SEA,away,W,91,80,75.0,11,171,1,1,11,5,16,7,3,1,27.4,Janelle Salaun,1642767,10,,20,2,True,0,1,22.7,23.8,13.0,4.1,1.0,23,1,25.9,0.6686131386861315,0.5839416058394161,0.1875,0.6875
2026-27,1022600011,2026-05-10,May,GSV,PHX,home,W,95,79,76.5,16,174,2,0,5,4,10,7,3,3,26.0,Janelle Salaun,1642767,27,,21,3,True,1,0,22.7,23.8,13.0,4.1,1.0,26,1,30.6,0.43538461538461537,0.38461538461538464,0.3,0.5
2026-27,1022600017,2026-05-13,May,GSV,CHI,home,L,63,69,75.5,-6,132,0,0,4,1,5,1,4,3,16.6,Janelle Salaun,1642767,-9,,6,1,False,0,0,22.7,23.8,13.0,4.1,1.0,7,0,7.2,0.40722891566265057,0.3012048192771084,0.8,0.8
2026-27,1022600035,2026-05-21,May,GSV,NYL,away,W,87,70,76.0,17,157,1,0,7,2,11,3,5,4,26.3,Janelle Salaun,1642767,5,,12,6,True,2,1,22.7,23.8,13.0,4.1,1.0,19,2,25.7,0.5399239543726235,0.4182509505703422,0.45454545454545453,0.6363636363636364
2026-27,1022600039,2026-05-22,May,GSV,IND,away,L,82,90,83.0,-8,172,0,0,4,0,8,1,2,2,21.0,Janelle Salaun,1642767,-6,,4,2,False,1,0,22.7,23.8,13.0,4.1,1.0,6,1,9.4,0.4228571428571429,0.38095238095238093,0.25,0.5
2026-27,1022600048,2026-05-25,May,GSV,CON,home,W,97,70,80.0,27,167,2,0,9,1,13,3,4,2,26.4,Janelle Salaun,1642767,10,,9,4,True,1,3,22.7,23.8,13.0,4.1,1.0,15,1,16.8,0.6727272727272727,0.49242424242424243,0.3076923076923077,0.6923076923076923
2026-27,1022600055,2026-05-28,May,GSV,IND,home,W,90,88,82.5,2,178,3,0,5,3,12,7,4,2,24.2,Janelle Salaun,1642767,1,,19,7,True,1,0,22.7,23.8,13.0,4.1,1.0,29,1,34.9,0.5685950413223141,0.49586776859504134,0.3333333333333333,0.4166666666666667
2026-27,1022600063,2026-05-31,May,GSV,LVA,home,L,81,91,80.0,-10,172,1,0,8,3,13,5,3,3,21.2,Janelle Salaun,1642767,-12,,16,4,True,2,0,22.7,23.8,13.0,4.1,1.0,21,2,28.3,0.6754716981132076,0.6132075471698113,0.23076923076923078,0.6153846153846154
2026-27,1022600068,2026-06-02,Jun,GSV,PDX,home,W,95,77,73.5,18,172,1,0,6,3,10,6,3,3,22.7,Janelle Salaun,1642767,5,,18,4,True,0,0,22.7,23.8,13.0,4.1,1.0,23,0,24.3,0.4986784140969163,0.4405286343612335,0.3,0.6
2026-27,1022600073,2026-06-04,Jun,GSV,MIN,away,L,84,87,75.5,-3,171,3,1,8,5,11,6,0,0,19.4,Janelle Salaun,1642767,11,,17,5,False,0,1,22.7,23.8,13.0,4.1,1.0,25,1,29.5,0.6185567010309279,0.5670103092783506,0.0,0.7272727272727273
2026-27,1022600078,2026-06-06,Jun,GSV,LVA,away,L,79,84,76.5,-5,163,2,0,8,3,12,4,0,0,27.8,Janelle Salaun,1642767,-2,,11,3,True,0,1,22.7,23.8,13.0,4.1,1.0,16,0,16.6,0.4676258992805755,0.4316546762589928,0.0,0.6666666666666666
2026-27,1022600088,2026-06-09,Jun,GSV,PHX,home,W,87,81,74.5,6,168,0,0,5,2,7,3,3,3,25.4,Janelle Salaun,1642767,1,,11,5,True,1,1,22.7,23.8,13.0,4.1,1.0,16,1,19.0,0.36692913385826775,0.2755905511811024,0.42857142857142855,0.7142857142857143
2026-27,1022600096,2026-06-12,Jun,GSV,SEA,away,W,76,72,75.0,4,148,1,0,12,5,14,7,3,3,33.1,Janelle Salaun,1642767,9,,22,7,True,0,2,22.7,23.8,13.0,4.1,1.0,30,0,29.9,0.5232628398791541,0.4229607250755287,0.21428571428571427,0.8571428571428571
2026-27,1022600105,2026-06-15,Jun,GSV,LAS,home,W,78,58,73.5,20,136,2,0,4,1,8,1,4,4,24.5,Janelle Salaun,1642767,18,,7,4,True,1,0,22.7,23.8,13.0,4.1,1.0,13,1,17.8,0.3983673469387755,0.32653061224489793,0.5,0.5
2026-27,1022600109,2026-06-17,Jun,GSV,DAL,home,W,91,80,77.5,11,171,1,0,4,2,7,3,5,4,20.1,Janelle Salaun,1642767,-2,,12,4,False,0,2,22.7,23.8,13.0,4.1,1.0,17,0,16.3,0.5572139303482586,0.34825870646766166,0.7142857142857143,0.5714285714285714
2026-27,1022600116,2026-06-19,Jun,GSV,MIN,home,L,75,81,78.5,-6,156,0,0,11,3,16,6,2,0,24.5,Janelle Salaun,1642767,1,,15,6,True,1,1,22.7,23.8,13.0,4.1,1.0,21,1,24.2,0.7297959183673469,0.6530612244897959,0.125,0.6875
2026-27,1022600120,2026-06-21,Jun,GSV,LVA,away,L,73,92,72.5,-19,165,1,0,4,1,4,1,2,2,18.1,Janelle Salaun,1642767,-16,,5,3,False,0,3,22.7,23.8,13.0,4.1,1.0,9,0,7.1,0.4353591160220994,0.22099447513812154,0.5,1.0
2026-27,1022600131,2026-06-24,Jun,GSV,ATL,home,W,77,66,73.5,11,143,1,0,4,2,5,2,0,0,10.4,Janelle Salaun,1642767,1,,6,2,False,0,1,22.7,23.8,13.0,4.1,1.0,9,0,8.9,0.5769230769230769,0.4807692307692307,0.0,0.8
2026-27,1022600137,2026-06-26,Jun,GSV,ATL,home,W,78,75,81.0,3,153,0,0,5,2,7,2,2,2,21.9,Janelle Salaun,1642767,0,,8,7,True,0,0,22.7,23.8,13.0,4.1,1.0,15,0,16.4,0.3598173515981735,0.31963470319634707,0.2857142857142857,0.7142857142857143
2026-27,1022600144,2026-06-28,Jun,GSV,NYL,home,W,76,67,69.0,9,143,1,0,4,0,8,4,2,2,14.3,Janelle Salaun,1642767,6,,10,4,False,0,0,22.7,23.8,13.0,4.1,1.0,15,0,16.3,0.620979020979021,0.5594405594405594,0.25,0.5
2026-27,1022600150,2026-07-04,Jul,GSV,ATL,away,W,88,83,79.0,5,171,0,0,6,3,9,5,1,1,20.1,Janelle Salaun,1642767,-12,,14,2,False,0,0,22.7,23.8,13.0,4.1,1.0,16,0,16.4,0.46965174129353227,0.4477611940298507,0.1111111111111111,0.6666666666666666
2026-27,1022600154,2026-07-06,Jul,GSV,WAS,away,W,62,49,68.0,13,111,0,1,9,2,13,3,0,0,25.1,Janelle Salaun,1642767,14,,8,1,True,1,0,22.7,23.8,13.0,4.1,1.0,9,2,15.2,0.5179282868525896,0.5179282868525896,0.0,0.6923076923076923
2026-27,1022600159,2026-07-08,Jul,GSV,TOR,away,W,83,75,76.0,8,158,1,0,6,5,10,7,9,7,23.3,Janelle Salaun,1642767,11,,26,6,True,1,3,22.7,23.8,13.0,4.1,1.0,33,1,34.7,0.7278969957081545,0.4291845493562232,0.9,0.6
2026-27,1022600165,2026-07-10,Jul,GSV,CON,away,W,79,64,73.5,15,143,1,1,7,4,11,5,2,2,27.0,Janelle Salaun,1642767,18,,16,7,True,3,1,22.7,23.8,13.0,4.1,1.0,24,4,36.9,0.4770370370370371,0.4074074074074074,0.18181818181818182,0.6363636363636364
2026-27,1022600005,2026-05-09,May,PHX,LVA,away,W,99,66,83.0,33,165,1,0,1,0,4,1,0,0,14.3,Kyara Linskens,1642768,5,,2,2,False,2,0,10.3,18.3,3.3,2.3,0.6000000000000001,5,2,11.9,0.2797202797202797,0.2797202797202797,0.0,0.25
2026-27,1022600011,2026-05-10,May,PHX,GSV,away,L,79,95,76.5,-16,174,0,1,1,0,2,1,0,0,4.5,Kyara Linskens,1642768,-6,,2,0,False,1,0,10.3,18.3,3.3,2.3,0.6000000000000001,2,2,8.0,0.4444444444444444,0.4444444444444444,0.0,0.5
2026-27,1022600013,2026-05-12,May,PHX,MIN,home,L,84,88,81.0,-4,172,1,0,3,2,3,2,2,2,12.3,Kyara Linskens,1642768,1,,8,4,False,0,0,10.3,18.3,3.3,2.3,0.6000000000000001,13,0,14.3,0.3154471544715447,0.24390243902439024,0.6666666666666666,1.0
2026-27,1022600024,2026-05-15,May,PHX,CHI,home,W,91,83,83.0,8,174,1,1,2,0,2,0,0,0,7.9,Kyara Linskens,1642768,-8,,0,3,False,0,1,10.3,18.3,3.3,2.3,0.6000000000000001,4,1,7.1,0.37974683544303794,0.2531645569620253,0.0,1.0
2026-27,1022600031,2026-05-19,May,PHX,TOR,home,L,90,98,82.5,-8,188,0,0,0,0,1,0,2,2,3.3,Kyara Linskens,1642768,-5,,2,2,False,0,0,10.3,18.3,3.3,2.3,0.6000000000000001,4,0,4.4,0.5696969696969697,0.30303030303030304,2.0,0.0
2026-27,1022600037,2026-05-21,May,PHX,LAS,home,L,88,97,81.0,-9,185,0,0,0,0,0,0,0,0,0.0,Kyara Linskens,1642768,0,,0,0,False,0,0,10.3,18.3,3.3,2.3,0.6000000000000001,0,0,0.0,,,,
2026-27,1022600044,2026-05-24,May,PHX,ATL,away,L,80,82,76.5,-2,162,0,2,2,1,4,3,3,3,12.3,Kyara Linskens,1642768,5,,10,2,False,1,1,10.3,18.3,3.3,2.3,0.6000000000000001,12,3,20.4,0.5138211382113821,0.3252032520325203,0.75,0.5
2026-27,1022600049,2026-05-27,May,PHX,NYL,away,L,74,84,77.5,-10,158,1,2,2,1,3,1,2,0,12.4,Kyara Linskens,1642768,-5,,3,6,False,0,2,10.3,18.3,3.3,2.3,0.6000000000000001,10,2,15.7,0.47419354838709676,0.24193548387096772,0.6666666666666666,0.6666666666666666
2026-27,1022600056,2026-05-29,May,PHX,NYL,away,L,68,75,76.0,-7,143,1,0,1,0,4,2,0,0,12.3,Kyara Linskens,1642768,4,,4,0,False,1,0,10.3,18.3,3.3,2.3,0.6000000000000001,5,1,8.5,0.3252032520325203,0.3252032520325203,0.0,0.25
2026-27,1022600065,2026-06-01,Jun,PHX,MIN,home,L,77,111,79.0,-34,188,0,0,3,1,7,3,0,0,19.5,Kyara Linskens,1642768,-14,,7,3,False,2,0,10.3,18.3,3.3,2.3,0.6000000000000001,10,2,16.6,0.358974358974359,0.358974358974359,0.0,0.42857142857142855
2026-27,1022600071,2026-06-03,Jun,PHX,SEA,away,W,72,68,79.5,4,140,0,0,0,0,0,0,0,0,0.0,Kyara Linskens,1642768,0,,0,0,False,0,0,10.3,18.3,3.3,2.3,0.6000000000000001,0,0,0.0,,,,
2026-27,1022600076,2026-06-05,Jun,PHX,PDX,away,W,78,72,74.5,6,150,0,0,0,0,3,0,0,0,5.9,Kyara Linskens,1642768,-4,,0,1,False,0,0,10.3,18.3,3.3,2.3,0.6000000000000001,1,0,1.2,0.5084745762711864,0.5084745762711864,0.0,0.0
2026-27,1022600088,2026-06-09,Jun,PHX,GSV,away,L,81,87,74.5,-6,168,0,0,0,0,0,0,0,0,0.0,Kyara Linskens,1642768,0,,0,0,False,0,0,10.3,18.3,3.3,2.3,0.6000000000000001,0,0,0.0,,,,
2026-27,1022600093,2026-06-11,Jun,PHX,DAL,away,L,70,85,82.5,-15,155,0,0,0,0,0,0,0,0,0.0,Kyara Linskens,1642768,0,,0,0,False,0,0,10.3,18.3,3.3,2.3,0.6000000000000001,0,0,0.0,,,,
2026-27,1022600100,2026-06-13,Jun,PHX,LAS,home,L,102,111,88.5,-9,213,0,0,0,0,0,0,0,0,0.0,Kyara Linskens,1642768,0,,0,0,False,0,0,10.3,18.3,3.3,2.3,0.6000000000000001,0,0,0.0,,,,
2026-27,1022600111,2026-06-17,Jun,PHX,LVA,home,L,76,86,77.0,-10,162,0,0,1,1,2,1,0,0,5.1,Kyara Linskens,1642768,-2,,3,2,False,0,1,10.3,18.3,3.3,2.3,0.6000000000000001,5,0,4.4,0.5882352941176471,0.3921568627450981,0.0,0.5
2026-27,1022600118,2026-06-20,Jun,PHX,SEA,home,W,93,73,78.5,20,166,0,2,2,0,5,1,2,1,13.0,Kyara Linskens,1642768,-9,,3,2,False,0,1,10.3,18.3,3.3,2.3,0.6000000000000001,5,2,10.4,0.5292307692307692,0.38461538461538464,0.4,0.4
2026-27,1022600125,2026-06-22,Jun,PHX,IND,away,L,77,86,80.5,-9,163,0,0,2,0,5,2,0,0,14.3,Kyara Linskens,1642768,-10,,4,4,False,0,2,10.3,18.3,3.3,2.3,0.6000000000000001,8,0,6.800000000000001,0.4895104895104895,0.34965034965034963,0.0,0.4
2026-27,1022600128,2026-06-24,Jun,PHX,IND,away,W,111,109,84.0,2,220,0,0,0,0,0,0,0,0,0.0,Kyara Linskens,1642768,0,,0,0,False,0,0,10.3,18.3,3.3,2.3,0.6000000000000001,0,0,0.0,,,,
2026-27,1022600138,2026-06-27,Jun,PHX,TOR,away,W,89,80,78.5,9,169,3,1,0,0,2,0,6,4,13.7,Kyara Linskens,1642768,4,C,4,4,False,1,1,10.3,18.3,3.3,2.3,0.6000000000000001,11,2,18.3,0.4116788321167884,0.14598540145985403,3.0,0.0
2026-27,1022600147,2026-07-02,Jul,PHX,SEA,home,W,90,67,76.0,23,157,1,1,0,0,1,0,0,0,6.7,Kyara Linskens,1642768,2,,0,0,False,1,0,10.3,18.3,3.3,2.3,0.6000000000000001,1,2,7.5,0.14925373134328357,0.14925373134328357,0.0,0.0
2026-27,1022600158,2026-07-07,Jul,PHX,CHI,home,L,66,77,80.0,-11,143,0,1,1,0,2,0,0,0,8.4,Kyara Linskens,1642768,-2,,0,1,False,0,1,10.3,18.3,3.3,2.3,0.6000000000000001,1,1,3.2,0.35714285714285715,0.23809523809523808,0.0,0.5
2026-27,1022600163,2026-07-09,Jul,PHX,IND,home,L,89,92,78.5,-3,181,0,0,0,0,0,0,0,0,0.0,Kyara Linskens,1642768,0,,0,0,False,0,0,10.3,18.3,3.3,2.3,0.6000000000000001,0,0,0.0,,,,
2026-27,1022600002,2026-05-08,May,WAS,TOR,away,W,68,65,81.5,3,133,1,0,2,0,3,1,0,0,17.2,Alex Wilson,1642775,-4,,2,2,False,0,0,14.5,13.6,3.0,1.8,0.8,5,0,5.9,0.1744186046511628,0.1744186046511628,0.0,0.6666666666666666
2026-27,1022600008,2026-05-10,May,WAS,NYL,home,L,93,98,86.5,-5,191,2,0,6,1,9,2,0,0,23.8,Alex Wilson,1642775,0,,5,4,True,0,2,14.5,13.6,3.0,1.8,0.8,11,0,10.8,0.4621848739495798,0.37815126050420167,0.0,0.6666666666666666
2026-27,1022600022,2026-05-15,May,WAS,IND,away,W,104,102,94.5,2,206,0,1,3,1,3,1,0,0,8.8,Alex Wilson,1642775,-7,,3,1,False,0,0,14.5,13.6,3.0,1.8,0.8,4,1,7.2,0.3409090909090909,0.3409090909090909,0.0,1.0
2026-27,1022600029,2026-05-18,May,WAS,DAL,away,L,69,92,73.5,-23,161,0,0,0,0,0,0,3,2,8.2,Alex Wilson,1642775,-9,,2,0,False,0,0,14.5,13.6,3.0,1.8,0.8,2,0,2.0,0.1609756097560976,0.0,,
2026-27,1022600046,2026-05-24,May,WAS,SEA,away,L,85,97,81.0,-12,182,0,0,0,0,0,0,0,0,0.0,Alex Wilson,1642775,0,,0,0,False,0,0,14.5,13.6,3.0,1.8,0.8,0,0,0.0,,,,
2026-27,1022600053,2026-05-27,May,WAS,SEA,away,W,78,64,72.5,14,142,0,0,0,0,0,0,0,0,0.0,Alex Wilson,1642775,0,,0,0,False,0,0,14.5,13.6,3.0,1.8,0.8,0,0,0.0,,,,
2026-27,1022600057,2026-05-29,May,WAS,LAS,home,L,87,92,81.0,-5,179,0,0,0,0,0,0,0,0,0.0,Alex Wilson,1642775,0,,0,0,False,0,0,14.5,13.6,3.0,1.8,0.8,0,0,0.0,,,,
2026-27,1022600044,2026-05-24,May,PHX,ATL,away,L,80,82,76.5,-2,162,0,0,0,0,0,0,0,0,0.0,Monique Akoa Makani,1642777,0,,0,0,False,0,0,23.8,18.4,9.9,2.1,2.7,0,0,0.0,,,,
2026-27,1022600049,2026-05-27,May,PHX,NYL,away,L,74,84,77.5,-10,158,4,0,4,2,5,2,4,3,19.1,Monique Akoa Makani,1642777,9,G,9,2,False,2,3,23.8,18.4,9.9,2.1,2.7,15,2,20.4,0.5109947643979057,0.2617801047120419,0.8,0.8
2026-27,1022600056,2026-05-29,May,PHX,NYL,away,L,68,75,76.0,-7,143,3,0,4,3,8,5,0,0,28.8,Monique Akoa Makani,1642777,-9,G,13,3,True,1,0,23.8,18.4,9.9,2.1,2.7,19,1,24.1,0.2777777777777778,0.2777777777777778,0.0,0.5
2026-27,1022600065,2026-06-01,Jun,PHX,MIN,home,L,77,111,79.0,-34,188,5,0,3,0,6,1,8,8,24.0,Monique Akoa Makani,1642777,-23,G,10,0,True,2,3,23.8,18.4,9.9,2.1,2.7,15,2,20.5,0.5216666666666666,0.25,1.3333333333333333,0.5
2026-27,1022600071,2026-06-03,Jun,PHX,SEA,away,W,72,68,79.5,4,140,2,0,4,1,8,3,7,5,28.0,Monique Akoa Makani,1642777,4,G,12,6,True,2,3,23.8,18.4,9.9,2.1,2.7,20,2,25.2,0.5028571428571429,0.2857142857142857,0.875,0.5
2026-27,1022600076,2026-06-05,Jun,PHX,PDX,away,W,78,72,74.5,6,150,2,1,1,1,8,4,2,2,30.5,Monique Akoa Makani,1642777,9,G,11,4,True,3,2,23.8,18.4,9.9,2.1,2.7,17,4,28.8,0.35672131147540986,0.26229508196721313,0.25,0.125
2026-27,1022600088,2026-06-09,Jun,PHX,GSV,away,L,81,87,74.5,-6,168,3,0,5,3,11,7,2,2,32.4,Monique Akoa Makani,1642777,-7,G,19,3,True,1,0,23.8,18.4,9.9,2.1,2.7,25,1,30.1,0.3666666666666667,0.3395061728395062,0.18181818181818182,0.45454545454545453
2026-27,1022600093,2026-06-11,Jun,PHX,DAL,away,L,70,85,82.5,-15,155,1,1,0,0,5,1,4,4,23.8,Monique Akoa Makani,1642777,-7,G,6,0,True,1,2,23.8,18.4,9.9,2.1,2.7,7,2,11.5,0.36806722689075627,0.21008403361344538,0.8,0.0
2026-27,1022600100,2026-06-13,Jun,PHX,LAS,home,L,102,111,88.5,-9,213,5,0,2,1,5,3,4,2,23.6,Monique Akoa Makani,1642777,2,G,9,2,True,1,1,23.8,18.4,9.9,2.1,2.7,16,1,20.9,0.3288135593220339,0.211864406779661,0.8,0.4
2026-27,1022600111,2026-06-17,Jun,PHX,LVA,home,L,76,86,77.0,-10,162,1,0,1,0,3,1,2,2,20.2,Monique Akoa Makani,1642777,-10,G,4,3,True,1,3,23.8,18.4,9.9,2.1,2.7,8,1,9.1,0.3405940594059406,0.1485148514851485,0.6666666666666666,0.3333333333333333
2026-27,1022600118,2026-06-20,Jun,PHX,SEA,home,W,93,73,78.5,20,166,0,0,0,0,0,0,0,0,0.0,Monique Akoa Makani,1642777,0,,0,0,False,0,0,23.8,18.4,9.9,2.1,2.7,0,0,0.0,,,,
2026-27,1022600125,2026-06-22,Jun,PHX,IND,away,L,77,86,80.5,-9,163,0,0,0,0,0,0,0,0,0.0,Monique Akoa Makani,1642777,0,,0,0,False,0,0,23.8,18.4,9.9,2.1,2.7,0,0,0.0,,,,
2026-27,1022600128,2026-06-24,Jun,PHX,IND,away,W,111,109,84.0,2,220,0,0,0,0,0,0,0,0,0.0,Monique Akoa Makani,1642777,0,,0,0,False,0,0,23.8,18.4,9.9,2.1,2.7,0,0,0.0,,,,
2026-27,1022600138,2026-06-27,Jun,PHX,TOR,away,W,89,80,78.5,9,169,0,0,0,0,0,0,0,0,0.0,Monique Akoa Makani,1642777,0,,0,0,False,0,0,23.8,18.4,9.9,2.1,2.7,0,0,0.0,,,,
2026-27,1022600147,2026-07-02,Jul,PHX,SEA,home,W,90,67,76.0,23,157,2,0,1,1,2,1,0,0,14.4,Monique Akoa Makani,1642777,8,,3,1,False,1,0,23.8,18.4,9.9,2.1,2.7,6,1,10.2,0.1388888888888889,0.1388888888888889,0.0,0.5
2026-27,1022600158,2026-07-07,Jul,PHX,CHI,home,L,66,77,80.0,-11,143,1,0,0,0,5,2,6,5,17.1,Monique Akoa Makani,1642777,-16,,9,1,False,1,3,23.8,18.4,9.9,2.1,2.7,11,1,11.7,0.6222222222222222,0.29239766081871343,1.2,0.0
2026-27,1022600163,2026-07-09,Jul,PHX,IND,home,L,89,92,78.5,-3,181,3,0,3,3,6,4,3,3,24.1,Monique Akoa Makani,1642777,-3,,14,0,True,0,4,23.8,18.4,9.9,2.1,2.7,17,0,14.5,0.4697095435684647,0.24896265560165973,0.5,0.5
2026-27,1022600002,2026-05-08,May,WAS,TOR,away,W,68,65,81.5,3,133,3,0,7,2,9,2,0,0,20.4,Georgia Amoore,1642781,16,G,6,3,True,2,5,23.2,16.6,6.2,1.1,3.6,12,2,15.100000000000001,0.6862745098039216,0.44117647058823534,0.0,0.7777777777777778
2026-27,1022600008,2026-05-10,May,WAS,NYL,home,L,93,98,86.5,-5,191,7,0,4,1,8,3,0,0,21.4,Georgia Amoore,1642781,-4,G,7,1,False,1,1,23.2,16.6,6.2,1.1,3.6,15,1,20.7,0.42056074766355145,0.3738317757009346,0.0,0.5
2026-27,1022600022,2026-05-15,May,WAS,IND,away,W,104,102,94.5,2,206,4,0,2,1,3,2,2,2,23.6,Georgia Amoore,1642781,13,G,7,0,False,0,2,23.2,16.6,6.2,1.1,3.6,11,0,11.0,0.24915254237288134,0.1271186440677966,0.6666666666666666,0.6666666666666666
2026-27,1022600029,2026-05-18,May,WAS,DAL,away,L,69,92,73.5,-23,161,3,0,4,1,6,1,0,0,24.4,Georgia Amoore,1642781,-18,G,3,1,True,0,2,23.2,16.6,6.2,1.1,3.6,7,0,6.699999999999999,0.3278688524590164,0.24590163934426232,0.0,0.6666666666666666
2026-27,1022600046,2026-05-24,May,WAS,SEA,away,L,85,97,81.0,-12,182,6,2,7,1,9,2,8,8,25.8,Georgia Amoore,1642781,-13,G,13,2,True,0,4,23.2,16.6,6.2,1.1,3.6,21,2,26.4,0.6403100775193798,0.3488372093023256,0.8888888888888888,0.7777777777777778
2026-27,1022600053,2026-05-27,May,WAS,SEA,away,W,78,64,72.5,14,142,2,0,1,1,3,2,2,2,26.8,Georgia Amoore,1642781,7,G,7,0,True,0,2,23.2,16.6,6.2,1.1,3.6,9,0,8.0,0.21940298507462686,0.11194029850746269,0.6666666666666666,0.3333333333333333
2026-27,1022600057,2026-05-29,May,WAS,LAS,home,L,87,92,81.0,-5,179,3,0,6,0,7,0,2,1,23.4,Georgia Amoore,1642781,-12,G,1,1,False,0,3,23.2,16.6,6.2,1.1,3.6,5,0,3.7,0.46495726495726497,0.29914529914529914,0.2857142857142857,0.8571428571428571
2026-27,1022600067,2026-06-02,Jun,WAS,CHI,home,W,90,72,82.5,18,162,2,0,2,1,3,1,0,0,20.5,Georgia Amoore,1642781,21,G,3,1,True,0,0,23.2,16.6,6.2,1.1,3.6,6,0,7.2,0.14634146341463414,0.14634146341463414,0.0,0.6666666666666666
2026-27,1022600079,2026-06-06,Jun,WAS,ATL,away,L,77,109,77.5,-32,186,1,0,1,0,1,0,0,0,22.5,Georgia Amoore,1642781,-9,G,0,2,True,1,1,23.2,16.6,6.2,1.1,3.6,3,1,5.9,0.08888888888888889,0.044444444444444446,0.0,1.0
2026-27,1022600084,2026-06-08,Jun,WAS,IND,home,L,76,78,81.0,-2,154,4,1,4,4,6,4,0,0,29.3,Georgia Amoore,1642781,2,G,12,1,True,1,2,23.2,16.6,6.2,1.1,3.6,17,2,23.2,0.27303754266211605,0.20477815699658702,0.0,0.6666666666666666
2026-27,1022600095,2026-06-12,Jun,WAS,TOR,home,W,86,85,84.5,1,171,7,0,4,0,4,0,2,1,25.9,Georgia Amoore,1642781,-15,G,1,0,True,0,1,23.2,16.6,6.2,1.1,3.6,8,0,10.5,0.22702702702702704,0.15444015444015444,0.5,1.0
2026-27,1022600101,2026-06-14,Jun,WAS,NYL,away,L,64,86,78.5,-22,150,2,0,4,0,5,0,0,0,15.6,Georgia Amoore,1642781,-5,G,0,2,False,1,0,23.2,16.6,6.2,1.1,3.6,4,1,8.4,0.32051282051282054,0.32051282051282054,0.0,0.8
2026-27,1022600107,2026-06-17,Jun,WAS,CON,away,W,88,81,76.0,7,169,2,0,4,2,5,3,2,2,19.4,Georgia Amoore,1642781,4,G,10,0,False,0,2,23.2,16.6,6.2,1.1,3.6,12,0,11.0,0.4061855670103093,0.2577319587628866,0.4,0.8
2026-27,1022600115,2026-06-19,Jun,WAS,NYL,away,W,86,83,79.0,3,169,8,0,6,1,9,3,3,3,27.7,Georgia Amoore,1642781,4,G,10,0,True,0,3,23.2,16.6,6.2,1.1,3.6,18,0,19.0,0.4808664259927798,0.3249097472924188,0.3333333333333333,0.6666666666666666
2026-27,1022600121,2026-06-21,Jun,WAS,MIN,away,W,84,79,82.0,5,163,7,0,3,0,7,3,3,2,32.1,Georgia Amoore,1642781,8,G,8,2,True,0,4,23.2,16.6,6.2,1.1,3.6,17,0,16.9,0.3838006230529595,0.21806853582554517,0.42857142857142855,0.42857142857142855
2026-27,1022600129,2026-06-24,Jun,WAS,MIN,home,L,76,78,86.0,-2,154,3,0,3,1,4,1,3,3,26.3,Georgia Amoore,1642781,-3,G,6,1,True,0,4,23.2,16.6,6.2,1.1,3.6,10,0,7.699999999999999,0.3543726235741445,0.1520912547528517,0.75,0.75
2026-27,1022600135,2026-06-26,Jun,WAS,CON,away,L,57,68,77.0,-11,125,5,0,9,4,10,5,0,0,32.9,Georgia Amoore,1642781,-16,G,14,2,True,0,4,23.2,16.6,6.2,1.1,3.6,21,0,19.9,0.425531914893617,0.303951367781155,0.0,0.9
2026-27,1022600142,2026-06-28,Jun,WAS,PDX,home,W,124,123,117.5,1,247,3,0,3,0,3,0,2,2,11.5,Georgia Amoore,1642781,-1,G,2,0,False,0,1,23.2,16.6,6.2,1.1,3.6,5,0,5.5,0.42434782608695654,0.2608695652173913,0.6666666666666666,1.0
2026-27,1022600145,2026-07-02,Jul,WAS,ATL,home,W,81,76,82.0,5,157,0,0,1,1,4,3,4,4,13.1,Georgia Amoore,1642781,-11,G,11,1,False,0,1,23.2,16.6,6.2,1.1,3.6,12,0,11.2,0.516030534351145,0.3053435114503817,1.0,0.25
2026-27,1022600154,2026-07-06,Jul,WAS,GSV,home,L,49,62,68.0,-13,111,0,0,6,1,7,1,0,0,21.8,Georgia Amoore,1642781,-12,G,3,2,True,0,1,23.2,16.6,6.2,1.1,3.6,5,0,4.4,0.36697247706422015,0.3211009174311926,0.0,0.8571428571428571
2026-27,1022600006,2026-05-09,May,PDX,CHI,home,L,83,98,82.0,-15,181,0,1,2,1,9,6,0,0,23.6,Sarah Ashlee Barker,1642782,-15,,13,4,True,1,1,25.5,19.4,10.7,4.5,2.4,17,2,22.8,0.423728813559322,0.3813559322033898,0.0,0.2222222222222222
2026-27,1022600014,2026-05-12,May,PDX,NYL,home,W,98,96,79.0,2,194,3,0,2,1,5,2,0,0,21.8,Sarah Ashlee Barker,1642782,-1,,5,2,False,0,2,25.5,19.4,10.7,4.5,2.4,10,0,9.9,0.3211009174311926,0.2293577981651376,0.0,0.4
2026-27,1022600020,2026-05-14,May,PDX,NYL,home,L,82,100,86.0,-18,182,2,0,3,2,4,2,0,0,21.4,Sarah Ashlee Barker,1642782,1,,6,3,True,1,3,25.5,19.4,10.7,4.5,2.4,11,1,12.6,0.3271028037383178,0.1869158878504673,0.0,0.75
2026-27,1022600030,2026-05-18,May,PDX,CON,home,W,83,82,74.5,1,165,3,0,3,2,13,7,4,2,21.0,Sarah Ashlee Barker,1642782,5,,18,4,False,2,2,25.5,19.4,10.7,4.5,2.4,25,2,31.299999999999997,0.798095238095238,0.6190476190476191,0.3076923076923077,0.23076923076923078
2026-27,1022600032,2026-05-20,May,PDX,IND,away,L,73,90,82.0,-17,163,1,0,1,0,8,2,4,4,19.0,Sarah Ashlee Barker,1642782,0,,8,6,False,1,0,25.5,19.4,10.7,4.5,2.4,15,1,19.7,0.5136842105263157,0.42105263157894735,0.5,0.125
2026-27,1022600042,2026-05-23,May,PDX,TOR,away,W,99,80,80.0,19,179,1,0,1,1,6,5,3,1,19.0,Sarah Ashlee Barker,1642782,13,,12,3,False,0,0,25.5,19.4,10.7,4.5,2.4,16,0,17.1,0.38526315789473686,0.3157894736842105,0.5,0.16666666666666666
2026-27,1022600047,2026-05-25,May,PDX,NYL,away,W,81,74,78.0,7,155,3,0,2,1,5,3,0,0,18.4,Sarah Ashlee Barker,1642782,6,,7,5,False,1,2,25.5,19.4,10.7,4.5,2.4,15,1,18.5,0.3804347826086957,0.27173913043478265,0.0,0.4
2026-27,1022600052,2026-05-27,May,PDX,CON,home,W,71,61,75.5,10,132,1,1,1,0,4,2,0,0,21.7,Sarah Ashlee Barker,1642782,19,,4,11,True,3,4,25.5,19.4,10.7,4.5,2.4,16,4,26.7,0.3686635944700461,0.18433179723502305,0.0,0.25
2026-27,1022600059,2026-05-29,May,PDX,ATL,home,L,66,86,77.5,-20,152,0,0,3,2,9,6,0,0,20.9,Sarah Ashlee Barker,1642782,4,,14,2,True,0,3,25.5,19.4,10.7,4.5,2.4,16,0,13.399999999999999,0.5741626794258373,0.430622009569378,0.0,0.3333333333333333
2026-27,1022600062,2026-05-30,May,PDX,IND,home,W,100,84,80.0,16,184,4,0,9,3,13,4,4,4,28.3,Sarah Ashlee Barker,1642782,6,,15,6,True,0,2,25.5,19.4,10.7,4.5,2.4,25,0,26.2,0.592226148409894,0.45936395759717313,0.3076923076923077,0.6923076923076923
2026-27,1022600068,2026-06-02,Jun,PDX,GSV,away,L,77,95,73.5,-18,172,3,0,4,2,5,3,0,0,23.0,Sarah Ashlee Barker,1642782,-16,,8,3,True,0,2,25.5,19.4,10.7,4.5,2.4,14,0,14.100000000000001,0.30434782608695654,0.21739130434782608,0.0,0.8
2026-27,1022600076,2026-06-05,Jun,PDX,PHX,home,L,72,78,74.5,-6,150,3,0,4,2,10,6,2,1,29.2,Sarah Ashlee Barker,1642782,-7,G,15,7,True,0,1,25.5,19.4,10.7,4.5,2.4,25,0,26.9,0.4068493150684932,0.3424657534246575,0.2,0.4
2026-27,1022600082,2026-06-07,Jun,PDX,LAS,away,L,72,89,81.0,-17,161,7,1,5,1,8,2,1,1,27.7,Sarah Ashlee Barker,1642782,-15,G,6,2,True,1,3,25.5,19.4,10.7,4.5,2.4,15,2,21.9,0.41299638989169674,0.2888086642599278,0.125,0.625
2026-27,1022600094,2026-06-11,Jun,PDX,LVA,home,L,89,105,79.5,-16,194,4,0,5,2,11,6,0,0,29.5,Sarah Ashlee Barker,1642782,-15,F,14,1,True,1,2,25.5,19.4,10.7,4.5,2.4,19,1,22.2,0.4406779661016949,0.3728813559322034,0.0,0.45454545454545453
2026-27,1022600099,2026-06-13,Jun,PDX,DAL,home,W,84,83,78.5,1,167,3,0,4,2,8,4,0,0,31.8,Sarah Ashlee Barker,1642782,5,G,10,5,True,1,2,25.5,19.4,10.7,4.5,2.4,18,1,21.5,0.31446540880503143,0.25157232704402516,0.0,0.5
2026-27,1022600104,2026-06-15,Jun,PDX,MIN,away,L,74,107,81.5,-33,181,2,1,4,2,5,3,0,0,25.1,Sarah Ashlee Barker,1642782,-16,G,8,2,True,2,7,25.5,19.4,10.7,4.5,2.4,12,3,15.399999999999999,0.4780876494023904,0.199203187250996,0.0,0.8
2026-27,1022600112,2026-06-17,Jun,PDX,SEA,home,W,94,89,74.5,5,183,0,1,7,2,11,3,4,4,23.6,Sarah Ashlee Barker,1642782,11,G,12,6,True,0,1,25.5,19.4,10.7,4.5,2.4,18,1,21.2,0.583050847457627,0.4661016949152542,0.36363636363636365,0.6363636363636364
2026-27,1022600130,2026-06-24,Jun,PDX,CHI,away,L,78,101,79.5,-23,179,2,0,5,2,12,5,3,1,26.4,Sarah Ashlee Barker,1642782,-10,G,13,5,True,1,1,25.5,19.4,10.7,4.5,2.4,20,1,24.0,0.5424242424242425,0.4545454545454546,0.25,0.4166666666666667
2026-27,1022600136,2026-06-26,Jun,PDX,CHI,away,L,94,124,83.0,-30,218,1,2,4,1,11,5,0,0,29.1,Sarah Ashlee Barker,1642782,-24,G,11,3,True,3,1,25.5,19.4,10.7,4.5,2.4,15,5,30.1,0.41237113402061853,0.37800687285223367,0.0,0.36363636363636365
2026-27,1022600142,2026-06-28,Jun,PDX,WAS,away,L,123,124,117.5,-1,247,3,0,4,1,16,10,4,4,45.7,Sarah Ashlee Barker,1642782,-20,G,25,6,True,0,5,25.5,19.4,10.7,4.5,2.4,34,0,31.700000000000003,0.49803063457330415,0.350109409190372,0.25,0.25
2026-27,1022600151,2026-07-04,Jul,PDX,SEA,away,W,77,72,84.0,5,149,3,2,2,0,7,2,0,0,27.9,Sarah Ashlee Barker,1642782,4,G,4,6,True,0,1,25.5,19.4,10.7,4.5,2.4,13,2,20.7,0.28673835125448033,0.2508960573476703,0.0,0.2857142857142857
2026-27,1022600164,2026-07-09,Jul,PDX,LVA,home,L,80,88,77.0,-8,168,3,0,4,1,6,3,2,1,25.2,Sarah Ashlee Barker,1642782,8,G,8,6,True,1,1,25.5,19.4,10.7,4.5,2.4,17,1,21.7,0.3126984126984127,0.2380952380952381,0.3333333333333333,0.6666666666666666
2026-27,1022600004,2026-05-09,May,DAL,IND,away,W,107,104,89.0,3,211,4,0,3,1,10,8,6,3,32.5,Paige Bueckers,1642784,8,G,20,3,True,1,1,33.4,24.8,20.6,4.1,6.0,27,1,31.6,0.4196923076923077,0.3076923076923077,0.6,0.3
2026-27,1022600012,2026-05-12,May,DAL,ATL,home,L,72,77,78.0,-5,149,3,1,4,2,12,5,3,3,31.8,Paige Bueckers,1642784,-7,F,15,2,True,0,0,33.4,24.8,20.6,4.1,6.0,20,1,24.9,0.4188679245283019,0.3773584905660377,0.25,0.3333333333333333
2026-27,1022600019,2026-05-14,May,DAL,MIN,home,L,86,90,78.0,-4,176,8,0,4,3,13,7,11,10,31.4,Paige Bueckers,1642784,-6,G,27,3,True,0,3,33.4,24.8,20.6,4.1,6.0,38,0,39.6,0.6636942675159236,0.4140127388535032,0.8461538461538461,0.3076923076923077
2026-27,1022600029,2026-05-18,May,DAL,WAS,home,W,92,69,73.5,23,161,7,0,5,4,12,7,0,0,33.0,Paige Bueckers,1642784,21,G,18,3,True,0,1,33.4,24.8,20.6,4.1,6.0,28,0,31.1,0.3939393939393939,0.36363636363636365,0.0,0.4166666666666667
2026-27,1022600033,2026-05-20,May,DAL,CHI,away,W,99,89,79.5,10,188,4,0,3,1,19,11,1,1,32.6,Paige Bueckers,1642784,5,G,24,3,True,0,3,33.4,24.8,20.6,4.1,6.0,31,0,30.6,0.6883435582822086,0.5828220858895705,0.05263157894736842,0.15789473684210525
2026-27,1022600038,2026-05-22,May,DAL,ATL,away,L,69,86,78.0,-17,155,7,0,6,1,13,3,2,0,31.1,Paige Bueckers,1642784,-25,G,7,1,True,2,3,33.4,24.8,20.6,4.1,6.0,15,2,21.7,0.5427652733118972,0.4180064308681672,0.15384615384615385,0.46153846153846156
2026-27,1022600045,2026-05-24,May,DAL,NYL,away,W,91,76,77.0,15,167,2,0,4,2,13,7,8,8,36.4,Paige Bueckers,1642784,8,G,24,6,True,0,1,33.4,24.8,20.6,4.1,6.0,32,0,33.2,0.48131868131868133,0.35714285714285715,0.6153846153846154,0.3076923076923077
2026-27,1022600054,2026-05-28,May,DAL,LVA,home,W,95,87,78.5,8,182,6,2,6,2,18,8,3,2,37.7,Paige Bueckers,1642784,15,G,20,3,True,0,3,33.4,24.8,20.6,4.1,6.0,29,2,35.6,0.5920424403183023,0.47745358090185674,0.16666666666666666,0.3333333333333333
2026-27,1022600064,2026-06-01,Jun,DAL,SEA,home,W,79,56,79.0,23,135,7,0,5,1,12,4,2,1,24.2,Paige Bueckers,1642784,18,G,10,9,True,1,2,33.4,24.8,20.6,4.1,6.0,26,1,32.3,0.6148760330578513,0.49586776859504134,0.16666666666666666,0.4166666666666667
2026-27,1022600075,2026-06-05,Jun,DAL,LAS,away,W,104,96,83.5,8,200,14,0,4,1,14,7,4,3,36.1,Paige Bueckers,1642784,5,G,18,3,True,1,1,33.4,24.8,20.6,4.1,6.0,35,1,44.6,0.4642659279778393,0.38781163434903043,0.2857142857142857,0.2857142857142857
2026-27,1022600087,2026-06-09,Jun,DAL,MIN,away,L,76,100,84.0,-24,176,2,1,7,3,16,9,2,2,29.6,Paige Bueckers,1642784,-16,G,23,1,True,0,5,33.4,24.8,20.6,4.1,6.0,26,1,25.2,0.7391891891891891,0.5405405405405405,0.125,0.4375
2026-27,1022600093,2026-06-11,Jun,DAL,PHX,home,W,85,70,82.5,15,155,5,0,5,3,20,14,0,0,32.1,Paige Bueckers,1642784,18,G,31,6,True,1,2,33.4,24.8,20.6,4.1,6.0,42,1,46.7,0.6853582554517134,0.6230529595015576,0.0,0.25
2026-27,1022600099,2026-06-13,Jun,DAL,PDX,away,L,83,84,78.5,-1,167,0,0,0,0,0,0,0,0,0.0,Paige Bueckers,1642784,0,,0,0,False,0,0,33.4,24.8,20.6,4.1,6.0,0,0,0.0,,,,
2026-27,1022600103,2026-06-15,Jun,DAL,LVA,home,W,96,66,80.0,30,162,7,0,5,2,11,4,0,0,24.1,Paige Bueckers,1642784,21,G,10,5,True,1,0,33.4,24.8,20.6,4.1,6.0,22,1,29.5,0.45643153526970953,0.45643153526970953,0.0,0.45454545454545453
2026-27,1022600109,2026-06-17,Jun,DAL,GSV,away,L,80,91,77.5,-11,171,8,1,5,1,13,5,4,4,35.9,Paige Bueckers,1642784,-8,G,15,3,True,1,2,33.4,24.8,20.6,4.1,6.0,26,2,34.6,0.46685236768802224,0.36211699164345407,0.3076923076923077,0.38461538461538464
2026-27,1022600119,2026-06-20,Jun,DAL,CHI,home,W,93,92,83.0,1,185,8,1,5,1,16,7,4,4,35.6,Paige Bueckers,1642784,-5,G,19,7,True,2,2,33.4,24.8,20.6,4.1,6.0,34,3,46.4,0.5550561797752809,0.449438202247191,0.25,0.3125
2026-27,1022600126,2026-06-22,Jun,DAL,SEA,away,W,112,110,91.5,2,222,5,0,6,3,23,12,0,0,38.0,Paige Bueckers,1642784,-6,G,27,5,True,1,2,33.4,24.8,20.6,4.1,6.0,37,1,41.5,0.6578947368421053,0.6052631578947368,0.0,0.2608695652173913
2026-27,1022600133,2026-06-25,Jun,DAL,LVA,away,L,84,99,84.0,-15,183,6,0,3,0,19,11,3,3,36.7,Paige Bueckers,1642784,-12,G,25,2,True,3,1,33.4,24.8,20.6,4.1,6.0,33,3,44.4,0.5809264305177111,0.5177111716621253,0.15789473684210525,0.15789473684210525
2026-27,1022600141,2026-06-28,Jun,DAL,MIN,home,L,77,85,81.5,-8,162,4,1,4,2,17,10,3,3,36.4,Paige Bueckers,1642784,-3,G,25,3,True,1,4,33.4,24.8,20.6,4.1,6.0,32,2,36.6,0.6131868131868132,0.46703296703296704,0.17647058823529413,0.23529411764705882
2026-27,1022600146,2026-07-02,Jul,DAL,CON,away,W,86,83,80.0,3,169,7,0,5,2,14,9,6,5,36.7,Paige Bueckers,1642784,11,G,25,7,True,0,4,33.4,24.8,20.6,4.1,6.0,39,0,39.9,0.5623978201634877,0.38147138964577654,0.42857142857142855,0.35714285714285715
2026-27,1022600152,2026-07-05,Jul,DAL,TOR,away,W,89,76,76.0,13,165,7,0,3,1,16,9,3,3,30.5,Paige Bueckers,1642784,25,G,22,3,True,0,2,33.4,24.8,20.6,4.1,6.0,32,0,34.1,0.6334426229508197,0.5245901639344263,0.1875,0.1875
2026-27,1022600157,2026-07-07,Jul,DAL,NYL,away,W,88,77,81.0,11,165,6,2,5,1,15,5,4,4,33.4,Paige Bueckers,1642784,15,G,15,7,True,0,1,33.4,24.8,20.6,4.1,6.0,28,2,37.4,0.5317365269461078,0.44910179640718567,0.26666666666666666,0.3333333333333333
2026-27,1022600166,2026-07-10,Jul,DAL,TOR,away,W,108,95,78.5,13,203,6,0,5,2,22,13,6,6,37.8,Paige Bueckers,1642784,15,G,34,6,True,2,1,33.4,24.8,20.6,4.1,6.0,46,2,55.2,0.6783068783068784,0.5820105820105821,0.2727272727272727,0.22727272727272727
2026-27,1022600002,2026-05-08,May,WAS,TOR,away,W,68,65,81.5,3,133,0,2,6,3,12,9,8,5,34.3,Sonia Citron,1642785,13,G,26,2,True,2,2,34.6,22.4,18.6,4.1,3.5,28,4,38.4,0.5107871720116618,0.34985422740524785,0.6666666666666666,0.5
2026-27,1022600008,2026-05-10,May,WAS,NYL,home,L,93,98,86.5,-5,191,2,0,6,0,12,4,10,9,35.9,Sonia Citron,1642785,-6,G,17,5,True,2,2,34.6,22.4,18.6,4.1,3.5,24,2,30.0,0.5125348189415042,0.3342618384401114,0.8333333333333334,0.5
2026-27,1022600022,2026-05-15,May,WAS,IND,away,W,104,102,94.5,2,206,4,1,4,1,14,10,10,9,38.0,Sonia Citron,1642785,7,G,30,6,True,1,2,34.6,22.4,18.6,4.1,3.5,40,2,47.2,0.5368421052631579,0.3684210526315789,0.7142857142857143,0.2857142857142857
2026-27,1022600029,2026-05-18,May,WAS,DAL,away,L,69,92,73.5,-23,161,1,0,2,1,6,3,0,0,26.2,Sonia Citron,1642785,-4,F,7,1,True,1,5,34.6,22.4,18.6,4.1,3.5,9,1,7.699999999999999,0.41984732824427484,0.22900763358778625,0.0,0.3333333333333333
2026-27,1022600046,2026-05-24,May,WAS,SEA,away,L,85,97,81.0,-12,182,2,0,2,0,6,3,11,10,31.6,Sonia Citron,1642785,-8,G,16,5,True,2,2,34.6,22.4,18.6,4.1,3.5,23,2,29.0,0.40632911392405063,0.18987341772151897,1.8333333333333333,0.3333333333333333
2026-27,1022600053,2026-05-27,May,WAS,SEA,away,W,78,64,72.5,14,142,3,0,2,1,12,3,0,0,30.5,Sonia Citron,1642785,14,G,7,4,True,1,1,34.6,22.4,18.6,4.1,3.5,14,1,18.3,0.4262295081967213,0.39344262295081966,0.0,0.16666666666666666
2026-27,1022600057,2026-05-29,May,WAS,LAS,home,L,87,92,81.0,-5,179,8,1,4,2,10,7,6,5,37.0,Sonia Citron,1642785,-1,G,21,1,True,1,4,34.6,22.4,18.6,4.1,3.5,30,2,36.2,0.44972972972972974,0.2702702702702703,0.6,0.4
2026-27,1022600079,2026-06-06,Jun,WAS,ATL,away,L,77,109,77.5,-32,186,6,0,4,2,10,5,7,6,28.6,Sonia Citron,1642785,-24,G,18,2,True,1,2,34.6,22.4,18.6,4.1,3.5,26,1,30.4,0.5272727272727272,0.34965034965034963,0.7,0.4
2026-27,1022600084,2026-06-08,Jun,WAS,IND,home,L,76,78,81.0,-2,154,5,2,4,2,9,3,4,4,37.8,Sonia Citron,1642785,-5,G,12,0,True,1,2,34.6,22.4,18.6,4.1,3.5,17,3,26.5,0.33756613756613757,0.2380952380952381,0.4444444444444444,0.4444444444444444
2026-27,1022600095,2026-06-12,Jun,WAS,TOR,home,W,86,85,84.5,1,171,3,0,6,1,16,6,5,4,34.3,Sonia Citron,1642785,1,G,17,5,True,2,2,34.6,22.4,18.6,4.1,3.5,25,2,31.5,0.5889212827988338,0.4664723032069971,0.3125,0.375
2026-27,1022600101,2026-06-14,Jun,WAS,NYL,away,L,64,86,78.5,-22,150,2,0,5,1,9,3,6,5,30.6,Sonia Citron,1642785,-17,G,12,3,True,0,1,34.6,22.4,18.6,4.1,3.5,17,0,17.6,0.4130718954248366,0.29411764705882354,0.6666666666666666,0.5555555555555556
2026-27,1022600107,2026-06-17,Jun,WAS,CON,away,W,88,81,76.0,7,169,4,1,4,0,13,7,12,12,38.2,Sonia Citron,1642785,9,G,26,11,True,0,3,34.6,22.4,18.6,4.1,3.5,41,1,45.2,0.5570680628272251,0.3403141361256544,0.9230769230769231,0.3076923076923077
2026-27,1022600115,2026-06-19,Jun,WAS,NYL,away,W,86,83,79.0,3,169,8,0,5,1,11,5,6,5,34.5,Sonia Citron,1642785,3,G,16,6,True,5,2,34.6,22.4,18.6,4.1,3.5,30,5,48.2,0.45333333333333337,0.3188405797101449,0.5454545454545454,0.45454545454545453
2026-27,1022600121,2026-06-21,Jun,WAS,MIN,away,W,84,79,82.0,5,163,2,1,7,2,13,6,8,7,33.4,Sonia Citron,1642785,4,G,21,3,True,1,1,34.6,22.4,18.6,4.1,3.5,26,2,32.6,0.5245508982035928,0.38922155688622756,0.6153846153846154,0.5384615384615384
2026-27,1022600129,2026-06-24,Jun,WAS,MIN,home,L,76,78,86.0,-2,154,3,1,5,4,14,9,6,6,34.4,Sonia Citron,1642785,-5,G,28,3,True,1,3,34.6,22.4,18.6,4.1,3.5,34,2,39.1,0.5709302325581396,0.4069767441860465,0.42857142857142855,0.35714285714285715
2026-27,1022600135,2026-06-26,Jun,WAS,CON,away,L,57,68,77.0,-11,125,3,1,4,0,10,2,7,7,30.5,Sonia Citron,1642785,-3,G,11,6,True,0,2,34.6,22.4,18.6,4.1,3.5,20,1,23.7,0.4944262295081967,0.32786885245901637,0.7,0.4
2026-27,1022600142,2026-06-28,Jun,WAS,PDX,home,W,124,123,117.5,1,247,4,1,7,1,20,9,14,13,52.5,Sonia Citron,1642785,16,G,32,6,True,1,8,34.6,22.4,18.6,4.1,3.5,42,2,43.2,0.6506666666666666,0.38095238095238093,0.7,0.35
2026-27,1022600145,2026-07-02,Jul,WAS,ATL,home,W,81,76,82.0,5,157,0,0,0,0,0,0,0,0,0.0,Sonia Citron,1642785,0,,0,0,False,0,0,34.6,22.4,18.6,4.1,3.5,0,0,0.0,,,,
2026-27,1022600154,2026-07-06,Jul,WAS,GSV,home,L,49,62,68.0,-13,111,0,0,0,0,0,0,0,0,0.0,Sonia Citron,1642785,0,,0,0,False,0,0,34.6,22.4,18.6,4.1,3.5,0,0,0.0,,,,
2026-27,1022600006,2026-05-09,May,CHI,PDX,away,W,98,83,82.0,15,181,1,0,1,0,3,0,0,0,6.2,Aicha Coulibaly,1642786,0,,0,2,False,0,0,13.4,17.7,4.8,2.8,0.6000000000000001,3,0,3.9,0.48387096774193544,0.48387096774193544,0.0,0.3333333333333333
2026-27,1022600017,2026-05-13,May,CHI,GSV,away,W,69,63,75.5,6,132,0,0,0,0,0,0,0,0,0.0,Aicha Coulibaly,1642786,0,,0,0,False,0,0,13.4,17.7,4.8,2.8,0.6000000000000001,0,0,0.0,,,,
2026-27,1022600024,2026-05-15,May,CHI,PHX,away,L,83,91,83.0,-8,174,0,0,1,0,6,4,0,0,15.8,Aicha Coulibaly,1642786,12,,8,1,False,1,0,13.4,17.7,4.8,2.8,0.6000000000000001,9,1,12.2,0.37974683544303794,0.37974683544303794,0.0,0.16666666666666666
2026-27,1022600025,2026-05-17,May,CHI,MIN,away,W,86,79,84.5,7,165,1,0,1,0,8,1,6,6,21.3,Aicha Coulibaly,1642786,5,,8,1,False,2,0,13.4,17.7,4.8,2.8,0.6000000000000001,10,2,16.7,0.4995305164319249,0.3755868544600939,0.75,0.125
2026-27,1022600033,2026-05-20,May,CHI,DAL,home,L,89,99,79.5,-10,188,1,0,0,0,0,0,0,0,15.9,Aicha Coulibaly,1642786,-2,,0,2,False,0,0,13.4,17.7,4.8,2.8,0.6000000000000001,3,0,3.9,0.0,0.0,,
2026-27,1022600050,2026-05-27,May,CHI,TOR,home,L,104,111,84.0,-7,215,1,0,2,0,4,2,5,5,18.1,Aicha Coulibaly,1642786,-5,,9,3,False,2,1,13.4,17.7,4.8,2.8,0.6000000000000001,13,2,19.1,0.39779005524861877,0.22099447513812154,1.25,0.5
2026-27,1022600058,2026-05-29,May,CHI,MIN,home,L,58,79,86.0,-21,137,0,0,1,0,7,2,0,0,11.2,Aicha Coulibaly,1642786,5,,4,3,False,2,3,13.4,17.7,4.8,2.8,0.6000000000000001,7,2,10.6,0.8928571428571429,0.625,0.0,0.14285714285714285
2026-27,1022600091,2026-06-11,Jun,CHI,IND,away,L,106,114,96.5,-8,220,1,1,0,0,3,0,8,6,14.9,Aicha Coulibaly,1642786,6,,6,6,False,1,0,13.4,17.7,4.8,2.8,0.6000000000000001,13,2,20.7,0.4375838926174496,0.20134228187919462,2.6666666666666665,0.0
2026-27,1022600108,2026-06-17,Jun,CHI,NYL,home,L,95,96,80.5,-1,191,1,0,1,0,2,0,0,0,10.7,Aicha Coulibaly,1642786,-5,,0,2,False,0,0,13.4,17.7,4.8,2.8,0.6000000000000001,3,0,3.9,0.1869158878504673,0.1869158878504673,0.0,0.5
2026-27,1022600123,2026-06-22,Jun,CHI,CON,away,L,63,92,84.5,-29,155,0,0,0,0,0,0,0,0,0.0,Aicha Coulibaly,1642786,0,,0,0,False,0,0,13.4,17.7,4.8,2.8,0.6000000000000001,0,0,0.0,,,,
2026-27,1022600130,2026-06-24,Jun,CHI,PDX,home,W,101,78,79.5,23,179,1,1,0,0,4,3,6,4,15.3,Aicha Coulibaly,1642786,20,,10,3,False,2,1,13.4,17.7,4.8,2.8,0.6000000000000001,14,3,23.1,0.4993464052287582,0.26143790849673204,1.5,0.0
2026-27,1022600143,2026-06-28,Jun,CHI,LVA,home,L,99,107,86.0,-8,206,0,0,1,0,3,1,0,0,9.4,Aicha Coulibaly,1642786,-11,,2,0,False,0,0,13.4,17.7,4.8,2.8,0.6000000000000001,2,0,2.0,0.3191489361702127,0.3191489361702127,0.0,0.3333333333333333
2026-27,1022600149,2026-07-03,Jul,CHI,LVA,away,L,90,98,90.0,-8,188,0,0,2,0,2,0,0,0,9.1,Aicha Coulibaly,1642786,-3,,0,5,False,0,2,13.4,17.7,4.8,2.8,0.6000000000000001,5,0,4.0,0.43956043956043955,0.21978021978021978,0.0,1.0
2026-27,1022600158,2026-07-07,Jul,CHI,PHX,away,W,77,66,80.0,11,143,1,0,0,0,3,2,4,4,13.5,Aicha Coulibaly,1642786,14,,8,7,False,1,1,13.4,17.7,4.8,2.8,0.6000000000000001,16,1,19.9,0.42666666666666664,0.2222222222222222,1.3333333333333333,0.0
2026-27,1022600167,2026-07-10,Jul,CHI,LAS,away,L,87,102,87.0,-15,189,0,0,1,0,3,2,4,3,13.2,Aicha Coulibaly,1642786,-2,,7,1,False,0,1,13.4,17.7,4.8,2.8,0.6000000000000001,8,0,7.199999999999999,0.4363636363636364,0.2272727272727273,1.3333333333333333,0.3333333333333333
2026-27,1022600080,2026-06-06,Jun,IND,NYL,away,L,75,83,85.0,-8,158,0,0,0,0,0,0,0,0,0.0,Bree Hall,1642788,0,,0,0,False,0,0,5.5,19.3,2.5,0.5,0.0,0,0,0.0,,,,
2026-27,1022600091,2026-06-11,Jun,IND,CHI,home,W,114,106,96.5,8,220,0,0,0,0,0,0,0,0,0.0,Bree Hall,1642788,0,,0,0,False,0,0,5.5,19.3,2.5,0.5,0.0,0,0,0.0,,,,
2026-27,1022600097,2026-06-13,Jun,IND,CON,away,W,85,75,76.5,10,160,0,0,0,0,0,0,0,0,0.0,Bree Hall,1642788,0,,0,0,False,0,0,5.5,19.3,2.5,0.5,0.0,0,0,0.0,,,,
2026-27,1022600139,2026-06-27,Jun,IND,LAS,home,W,111,87,85.5,24,198,0,0,1,1,5,2,0,0,9.7,Bree Hall,1642788,-4,,5,1,False,0,0,5.5,19.3,2.5,0.5,0.0,6,0,6.2,0.5154639175257733,0.5154639175257733,0.0,0.2
2026-27,1022600153,2026-07-05,Jul,IND,LVA,away,W,84,68,72.5,16,152,0,0,0,0,0,0,0,0,0.0,Bree Hall,1642788,0,,0,0,False,0,0,5.5,19.3,2.5,0.5,0.0,0,0,0.0,,,,
2026-27,1022600161,2026-07-08,Jul,IND,LAS,away,L,92,106,91.5,-14,198,0,0,0,0,0,0,0,0,1.0,Bree Hall,1642788,-3,,0,0,False,0,0,5.5,19.3,2.5,0.5,0.0,0,0,0.0,0.0,0.0,,
2026-27,1022600163,2026-07-09,Jul,IND,PHX,away,W,92,89,78.5,3,181,0,0,0,0,0,0,0,0,0.0,Bree Hall,1642788,0,,0,0,False,0,0,5.5,19.3,2.5,0.5,0.0,0,0,0.0,,,,
2026-27,1022600009,2026-05-10,May,LAS,LVA,home,L,78,105,83.0,-27,183,0,0,0,0,0,0,0,0,3.0,Sania Feagin,1642790,-4,,0,0,False,0,0,3.3,3.8,0.0,0.30000000000000004,0.7000000000000001,0,0,0.0,0.0,0.0,,
2026-27,1022600037,2026-05-21,May,LAS,PHX,away,W,97,88,81.0,9,185,0,0,0,0,0,0,0,0,0.0,Sania Feagin,1642790,0,,0,0,False,0,0,3.3,3.8,0.0,0.30000000000000004,0.7000000000000001,0,0,0.0,,,,
2026-27,1022600061,2026-05-30,May,LAS,CON,away,L,81,84,83.0,-3,165,0,0,0,0,0,0,0,0,0.0,Sania Feagin,1642790,0,,0,0,False,0,0,3.3,3.8,0.0,0.30000000000000004,0.7000000000000001,0,0,0.0,,,,
2026-27,1022600069,2026-06-02,Jun,LAS,LVA,home,L,69,79,78.5,-10,148,0,0,0,0,0,0,0,0,0.0,Sania Feagin,1642790,0,,0,0,False,0,0,3.3,3.8,0.0,0.30000000000000004,0.7000000000000001,0,0,0.0,,,,
2026-27,1022600075,2026-06-05,Jun,LAS,DAL,home,L,96,104,83.5,-8,200,0,0,0,0,0,0,0,0,0.0,Sania Feagin,1642790,0,,0,0,False,0,0,3.3,3.8,0.0,0.30000000000000004,0.7000000000000001,0,0,0.0,,,,
2026-27,1022600082,2026-06-07,Jun,LAS,PDX,home,W,89,72,81.0,17,161,0,0,0,0,0,0,0,0,0.0,Sania Feagin,1642790,0,,0,0,False,0,0,3.3,3.8,0.0,0.30000000000000004,0.7000000000000001,0,0,0.0,,,,
2026-27,1022600090,2026-06-10,Jun,LAS,SEA,away,W,88,83,80.5,5,171,0,0,0,0,0,0,0,0,0.0,Sania Feagin,1642790,0,,0,0,False,0,0,3.3,3.8,0.0,0.30000000000000004,0.7000000000000001,0,0,0.0,,,,
2026-27,1022600100,2026-06-13,Jun,LAS,PHX,away,W,111,102,88.5,9,213,0,0,0,0,0,0,0,0,0.0,Sania Feagin,1642790,0,,0,0,False,0,0,3.3,3.8,0.0,0.30000000000000004,0.7000000000000001,0,0,0.0,,,,
2026-27,1022600105,2026-06-15,Jun,LAS,GSV,away,L,58,78,73.5,-20,136,0,0,0,0,0,0,0,0,1.3,Sania Feagin,1642790,-2,,0,1,False,0,0,3.3,3.8,0.0,0.30000000000000004,0.7000000000000001,1,0,1.2,0.0,0.0,,
2026-27,1022600110,2026-06-17,Jun,LAS,MIN,home,L,83,99,86.5,-16,182,2,0,0,0,1,0,0,0,5.9,Sania Feagin,1642790,-2,,0,0,False,0,0,3.3,3.8,0.0,0.30000000000000004,0.7000000000000001,2,0,3.0,0.1694915254237288,0.1694915254237288,0.0,0.0
2026-27,1022600002,2026-05-08,May,WAS,TOR,away,W,68,65,81.5,3,133,2,1,2,0,9,5,4,2,27.6,Kiki Iriafen,1642792,13,F,12,16,True,0,2,28.2,24.1,15.3,9.2,1.6,30,1,35.2,0.4623188405797101,0.32608695652173914,0.4444444444444444,0.2222222222222222
2026-27,1022600008,2026-05-10,May,WAS,NYL,home,L,93,98,86.5,-5,191,3,0,1,0,13,7,7,6,27.8,Kiki Iriafen,1642792,-8,F,20,12,True,1,2,28.2,24.1,15.3,9.2,1.6,35,1,39.9,0.6503597122302157,0.4676258992805755,0.5384615384615384,0.07692307692307693
2026-27,1022600022,2026-05-15,May,WAS,IND,away,W,104,102,94.5,2,206,2,1,1,1,17,11,4,2,36.1,Kiki Iriafen,1642792,10,F,25,13,True,1,6,28.2,24.1,15.3,9.2,1.6,40,2,43.6,0.6858725761772854,0.4709141274238227,0.23529411764705882,0.058823529411764705
2026-27,1022600029,2026-05-18,May,WAS,DAL,away,L,69,92,73.5,-23,161,2,0,1,1,6,2,6,4,26.2,Kiki Iriafen,1642792,-12,F,9,10,True,1,2,28.2,24.1,15.3,9.2,1.6,21,1,25.0,0.40610687022900765,0.22900763358778625,1.0,0.16666666666666666
2026-27,1022600046,2026-05-24,May,WAS,SEA,away,L,85,97,81.0,-12,182,0,1,1,1,8,4,6,4,26.2,Kiki Iriafen,1642792,-10,F,13,4,True,2,0,28.2,24.1,15.3,9.2,1.6,17,3,26.8,0.40610687022900765,0.3053435114503817,0.75,0.125
2026-27,1022600053,2026-05-27,May,WAS,SEA,away,W,78,64,72.5,14,142,0,0,1,0,7,5,3,3,23.9,Kiki Iriafen,1642792,15,F,13,9,True,0,1,28.2,24.1,15.3,9.2,1.6,22,0,22.799999999999997,0.38995815899581593,0.29288702928870297,0.42857142857142855,0.14285714285714285
2026-27,1022600057,2026-05-29,May,WAS,LAS,home,L,87,92,81.0,-5,179,1,0,1,0,10,6,2,1,27.4,Kiki Iriafen,1642792,2,F,13,9,True,0,0,28.2,24.1,15.3,9.2,1.6,23,0,25.299999999999997,0.39708029197080297,0.36496350364963503,0.2,0.1
2026-27,1022600067,2026-06-02,Jun,WAS,CHI,home,W,90,72,82.5,18,162,2,0,3,1,11,4,10,6,26.7,Kiki Iriafen,1642792,14,F,15,11,True,0,1,28.2,24.1,15.3,9.2,1.6,28,0,30.2,0.6142322097378277,0.41198501872659177,0.9090909090909091,0.2727272727272727
2026-27,1022600079,2026-06-06,Jun,WAS,ATL,away,L,77,109,77.5,-32,186,3,1,3,1,15,8,10,7,27.4,Kiki Iriafen,1642792,-20,F,24,3,True,1,2,28.2,24.1,15.3,9.2,1.6,30,2,36.1,0.7810218978102189,0.5474452554744526,0.6666666666666666,0.2
2026-27,1022600084,2026-06-08,Jun,WAS,IND,home,L,76,78,81.0,-2,154,1,0,0,0,2,1,0,0,7.9,Kiki Iriafen,1642792,-9,F,2,2,False,0,0,28.2,24.1,15.3,9.2,1.6,5,0,5.9,0.2531645569620253,0.2531645569620253,0.0,0.0
2026-27,1022600095,2026-06-12,Jun,WAS,TOR,home,W,86,85,84.5,1,171,0,0,0,0,0,0,0,0,0.0,Kiki Iriafen,1642792,0,,0,0,False,0,0,28.2,24.1,15.3,9.2,1.6,0,0,0.0,,,,
2026-27,1022600101,2026-06-14,Jun,WAS,NYL,away,L,64,86,78.5,-22,150,0,0,0,0,0,0,0,0,0.0,Kiki Iriafen,1642792,0,,0,0,False,0,0,28.2,24.1,15.3,9.2,1.6,0,0,0.0,,,,
2026-27,1022600107,2026-06-17,Jun,WAS,CON,away,W,88,81,76.0,7,169,0,0,0,0,0,0,0,0,0.0,Kiki Iriafen,1642792,0,,0,0,False,0,0,28.2,24.1,15.3,9.2,1.6,0,0,0.0,,,,
2026-27,1022600115,2026-06-19,Jun,WAS,NYL,away,W,86,83,79.0,3,169,0,1,1,0,14,8,6,4,27.5,Kiki Iriafen,1642792,3,F,20,6,True,1,1,28.2,24.1,15.3,9.2,1.6,26,2,32.2,0.6414545454545455,0.509090909090909,0.42857142857142855,0.07142857142857142
2026-27,1022600121,2026-06-21,Jun,WAS,MIN,away,W,84,79,82.0,5,163,0,0,0,0,11,6,7,5,24.7,Kiki Iriafen,1642792,-1,F,17,7,True,1,2,28.2,24.1,15.3,9.2,1.6,24,1,26.4,0.6510121457489878,0.4453441295546559,0.6363636363636364,0.0
2026-27,1022600129,2026-06-24,Jun,WAS,MIN,home,L,76,78,86.0,-2,154,3,0,1,0,10,5,8,3,30.0,Kiki Iriafen,1642792,-11,F,13,11,True,1,1,28.2,24.1,15.3,9.2,1.6,27,1,32.7,0.484,0.3333333333333333,0.8,0.1
2026-27,1022600135,2026-06-26,Jun,WAS,CON,away,L,57,68,77.0,-11,125,0,0,0,0,11,5,4,1,31.6,Kiki Iriafen,1642792,-13,F,11,14,True,1,1,28.2,24.1,15.3,9.2,1.6,25,1,29.8,0.43544303797468353,0.3481012658227848,0.36363636363636365,0.0
2026-27,1022600142,2026-06-28,Jun,WAS,PDX,home,W,124,123,117.5,1,247,6,1,2,1,25,11,9,4,47.8,Kiki Iriafen,1642792,19,F,27,11,True,2,2,28.2,24.1,15.3,9.2,1.6,44,3,56.2,0.6476987447698745,0.5230125523012552,0.36,0.08
2026-27,1022600145,2026-07-02,Jul,WAS,ATL,home,W,81,76,82.0,5,157,2,0,2,1,8,5,4,3,30.4,Kiki Iriafen,1642792,1,F,14,10,True,1,5,28.2,24.1,15.3,9.2,1.6,26,1,27.0,0.4855263157894737,0.2631578947368421,0.5,0.25
2026-27,1022600154,2026-07-06,Jul,WAS,GSV,home,L,49,62,68.0,-13,111,1,0,1,0,12,6,0,0,30.4,Kiki Iriafen,1642792,1,F,12,9,True,0,2,28.2,24.1,15.3,9.2,1.6,22,0,22.299999999999997,0.46052631578947373,0.39473684210526316,0.0,0.08333333333333333
2026-27,1022600004,2026-05-09,May,DAL,IND,away,W,107,104,89.0,3,211,2,1,3,3,5,3,1,1,15.6,Aziaha James,1642793,6,,10,2,False,0,2,12.5,26.0,6.6,2.6,1.4,14,1,16.4,0.47692307692307695,0.32051282051282054,0.2,0.6
2026-27,1022600012,2026-05-12,May,DAL,ATL,home,L,72,77,78.0,-5,149,0,1,5,0,10,2,2,2,15.5,Aziaha James,1642793,3,,6,2,False,2,0,12.5,26.0,6.6,2.6,1.4,8,3,17.4,0.7019354838709678,0.6451612903225806,0.2,0.5
2026-27,1022600019,2026-05-14,May,DAL,MIN,home,L,86,90,78.0,-4,176,0,0,0,0,3,1,2,2,10.9,Aziaha James,1642793,-4,,4,2,False,2,1,12.5,26.0,6.6,2.6,1.4,6,2,11.4,0.4477064220183486,0.27522935779816515,0.6666666666666666,0.0
2026-27,1022600029,2026-05-18,May,DAL,WAS,home,W,92,69,73.5,23,161,0,0,2,1,6,2,3,3,7.0,Aziaha James,1642793,2,,8,2,False,1,0,12.5,26.0,6.6,2.6,1.4,10,1,13.4,1.0457142857142858,0.8571428571428571,0.5,0.3333333333333333
2026-27,1022600033,2026-05-20,May,DAL,CHI,away,W,99,89,79.5,10,188,0,0,0,0,5,2,0,0,8.0,Aziaha James,1642793,1,,4,4,False,1,1,12.5,26.0,6.6,2.6,1.4,8,1,10.8,0.75,0.625,0.0,0.0
2026-27,1022600038,2026-05-22,May,DAL,ATL,away,L,69,86,78.0,-17,155,5,1,4,1,6,2,2,1,17.5,Aziaha James,1642793,-2,,6,4,False,3,1,12.5,26.0,6.6,2.6,1.4,15,4,29.3,0.4502857142857143,0.34285714285714286,0.3333333333333333,0.6666666666666666
2026-27,1022600045,2026-05-24,May,DAL,NYL,away,W,91,76,77.0,15,167,0,0,0,0,2,1,0,0,3.8,Aziaha James,1642793,-3,,2,1,False,0,0,12.5,26.0,6.6,2.6,1.4,3,0,3.2,0.5263157894736842,0.5263157894736842,0.0,0.0
2026-27,1022600054,2026-05-28,May,DAL,LVA,home,W,95,87,78.5,8,182,1,0,1,0,3,1,0,0,6.5,Aziaha James,1642793,-8,,2,1,False,0,0,12.5,26.0,6.6,2.6,1.4,4,0,4.7,0.46153846153846156,0.46153846153846156,0.0,0.3333333333333333
2026-27,1022600064,2026-06-01,Jun,DAL,SEA,home,W,79,56,79.0,23,135,1,0,2,1,14,7,4,3,17.8,Aziaha James,1642793,9,,18,3,False,0,0,12.5,26.0,6.6,2.6,1.4,22,0,23.1,0.8853932584269663,0.7865168539325842,0.2857142857142857,0.14285714285714285
2026-27,1022600075,2026-06-05,Jun,DAL,LAS,away,W,104,96,83.5,8,200,3,0,2,0,4,1,3,1,10.1,Aziaha James,1642793,5,,3,1,False,1,0,12.5,26.0,6.6,2.6,1.4,7,1,11.7,0.5267326732673268,0.39603960396039606,0.75,0.5
2026-27,1022600087,2026-06-09,Jun,DAL,MIN,away,L,76,100,84.0,-24,176,0,0,2,1,13,4,0,0,16.3,Aziaha James,1642793,-12,,9,5,False,0,0,12.5,26.0,6.6,2.6,1.4,14,0,15.0,0.7975460122699386,0.7975460122699386,0.0,0.15384615384615385
2026-27,1022600093,2026-06-11,Jun,DAL,PHX,home,W,85,70,82.5,15,155,4,0,3,0,9,3,1,1,16.9,Aziaha James,1642793,-6,,7,1,True,3,1,12.5,26.0,6.6,2.6,1.4,12,3,22.2,0.6177514792899409,0.5325443786982249,0.1111111111111111,0.3333333333333333
2026-27,1022600099,2026-06-13,Jun,DAL,PDX,away,L,83,84,78.5,-1,167,4,0,7,1,18,6,6,4,33.9,Aziaha James,1642793,2,G,17,6,True,2,1,12.5,26.0,6.6,2.6,1.4,27,2,35.2,0.6383480825958703,0.5309734513274337,0.3333333333333333,0.3888888888888889
2026-27,1022600103,2026-06-15,Jun,DAL,LVA,home,W,96,66,80.0,30,162,1,0,0,0,5,4,3,2,12.0,Aziaha James,1642793,8,,10,4,False,2,0,12.5,26.0,6.6,2.6,1.4,15,2,22.3,0.5266666666666667,0.4166666666666667,0.6,0.0
2026-27,1022600109,2026-06-17,Jun,DAL,GSV,away,L,80,91,77.5,-11,171,0,0,2,0,3,1,0,0,6.3,Aziaha James,1642793,4,,2,2,False,2,1,12.5,26.0,6.6,2.6,1.4,4,2,9.4,0.6349206349206349,0.4761904761904762,0.0,0.6666666666666666
2026-27,1022600119,2026-06-20,Jun,DAL,CHI,home,W,93,92,83.0,1,185,1,0,0,0,3,2,0,0,6.0,Aziaha James,1642793,5,,4,3,False,0,1,12.5,26.0,6.6,2.6,1.4,8,0,8.1,0.6666666666666666,0.5,0.0,0.0
2026-27,1022600126,2026-06-22,Jun,DAL,SEA,away,W,112,110,91.5,2,222,6,0,1,1,11,7,5,3,24.4,Aziaha James,1642793,10,,18,6,True,2,0,12.5,26.0,6.6,2.6,1.4,30,2,40.2,0.5409836065573771,0.45081967213114754,0.45454545454545453,0.09090909090909091
2026-27,1022600133,2026-06-25,Jun,DAL,LVA,away,L,84,99,84.0,-15,183,3,1,2,0,5,3,2,2,12.8,Aziaha James,1642793,4,,8,1,False,1,3,12.5,26.0,6.6,2.6,1.4,12,2,16.7,0.6937499999999999,0.390625,0.4,0.4
2026-27,1022600141,2026-06-28,Jun,DAL,MIN,home,L,77,85,81.5,-8,162,0,0,1,0,4,0,2,2,11.5,Aziaha James,1642793,-1,,2,1,False,0,1,12.5,26.0,6.6,2.6,1.4,3,0,2.2,0.5113043478260869,0.34782608695652173,0.5,0.25
2026-27,1022600146,2026-07-02,Jul,DAL,CON,away,W,86,83,80.0,3,169,0,0,1,0,4,2,0,0,11.5,Aziaha James,1642793,-5,,4,3,False,0,0,12.5,26.0,6.6,2.6,1.4,7,0,7.6,0.34782608695652173,0.34782608695652173,0.0,0.25
2026-27,1022600152,2026-07-05,Jul,DAL,TOR,away,W,89,76,76.0,13,165,0,0,0,0,4,1,1,1,10.3,Aziaha James,1642793,-5,,3,4,False,0,1,12.5,26.0,6.6,2.6,1.4,7,0,6.8,0.5281553398058253,0.3883495145631068,0.25,0.0
2026-27,1022600157,2026-07-07,Jul,DAL,NYL,away,W,88,77,81.0,11,165,0,0,2,1,5,2,0,0,9.1,Aziaha James,1642793,6,,5,0,False,0,1,12.5,26.0,6.6,2.6,1.4,5,0,4.0,0.6593406593406593,0.5494505494505495,0.0,0.4
2026-27,1022600166,2026-07-10,Jul,DAL,TOR,away,W,108,95,78.5,13,203,1,0,0,0,1,0,0,0,3.6,Aziaha James,1642793,-3,,0,2,False,0,0,12.5,26.0,6.6,2.6,1.4,3,0,3.9,0.2777777777777778,0.2777777777777778,0.0,0.0
2026-27,1022600039,2026-05-22,May,GSV,IND,away,L,82,90,83.0,-8,172,0,0,0,0,0,0,0,0,0.0,Juste Jocyte,1642794,0,,0,0,False,0,0,6.4,25.2,2.7,0.6000000000000001,0.8,0,0,0.0,,,,
2026-27,1022600048,2026-05-25,May,GSV,CON,home,W,97,70,80.0,27,167,2,0,1,1,2,2,0,0,4.8,Juste Jocyte,1642794,-2,,5,0,False,0,1,6.4,25.2,2.7,0.6000000000000001,0.8,7,0,7.0,0.625,0.4166666666666667,0.0,0.5
2026-27,1022600055,2026-05-28,May,GSV,IND,home,W,90,88,82.5,2,178,2,1,2,1,4,1,0,0,15.9,Juste Jocyte,1642794,7,,3,0,False,0,2,6.4,25.2,2.7,0.6000000000000001,0.8,5,1,7.0,0.3773584905660377,0.25157232704402516,0.0,0.5
2026-27,1022600063,2026-05-31,May,GSV,LVA,home,L,81,91,80.0,-10,172,1,0,1,1,2,1,2,2,5.5,Juste Jocyte,1642794,10,,5,1,False,0,0,6.4,25.2,2.7,0.6000000000000001,0.8,7,0,7.7,0.5236363636363636,0.36363636363636365,1.0,0.5
2026-27,1022600068,2026-06-02,Jun,GSV,PDX,home,W,95,77,73.5,18,172,1,0,5,2,8,3,0,0,13.1,Juste Jocyte,1642794,1,,8,2,False,0,2,6.4,25.2,2.7,0.6000000000000001,0.8,11,0,9.9,0.7633587786259542,0.6106870229007634,0.0,0.625
2026-27,1022600073,2026-06-04,Jun,GSV,MIN,away,L,84,87,75.5,-3,171,0,0,2,0,4,0,0,0,6.7,Juste Jocyte,1642794,2,,0,0,False,0,0,6.4,25.2,2.7,0.6000000000000001,0.8,0,0,0.0,0.5970149253731343,0.5970149253731343,0.0,0.5
2026-27,1022600078,2026-06-06,Jun,GSV,LVA,away,L,79,84,76.5,-5,163,0,0,0,0,0,0,0,0,0.0,Juste Jocyte,1642794,0,,0,0,False,0,0,6.4,25.2,2.7,0.6000000000000001,0.8,0,0,0.0,,,,
2026-27,1022600088,2026-06-09,Jun,GSV,PHX,home,W,87,81,74.5,6,168,0,0,0,0,0,0,0,0,0.0,Juste Jocyte,1642794,0,,0,0,False,0,0,6.4,25.2,2.7,0.6000000000000001,0.8,0,0,0.0,,,,
2026-27,1022600096,2026-06-12,Jun,GSV,SEA,away,W,76,72,75.0,4,148,0,0,0,0,0,0,0,0,0.0,Juste Jocyte,1642794,0,,0,0,False,0,0,6.4,25.2,2.7,0.6000000000000001,0.8,0,0,0.0,,,,
2026-27,1022600105,2026-06-15,Jun,GSV,LAS,home,W,78,58,73.5,20,136,0,0,0,0,0,0,0,0,2.2,Juste Jocyte,1642794,2,,0,0,False,0,1,6.4,25.2,2.7,0.6000000000000001,0.8,0,0,-1.0,0.45454545454545453,0.0,,
2026-27,1022600109,2026-06-17,Jun,GSV,DAL,home,W,91,80,77.5,11,171,0,0,0,0,0,0,0,0,0.0,Juste Jocyte,1642794,0,,0,0,False,0,0,6.4,25.2,2.7,0.6000000000000001,0.8,0,0,0.0,,,,
2026-27,1022600116,2026-06-19,Jun,GSV,MIN,home,L,75,81,78.5,-6,156,0,0,0,0,0,0,0,0,0.0,Juste Jocyte,1642794,0,,0,0,False,0,0,6.4,25.2,2.7,0.6000000000000001,0.8,0,0,0.0,,,,
2026-27,1022600120,2026-06-21,Jun,GSV,LVA,away,L,73,92,72.5,-19,165,1,0,2,0,4,1,2,1,6.0,Juste Jocyte,1642794,3,,3,2,False,0,0,6.4,25.2,2.7,0.6000000000000001,0.8,6,0,6.9,0.8133333333333334,0.6666666666666666,0.5,0.5
2026-27,1022600131,2026-06-24,Jun,GSV,ATL,home,W,77,66,73.5,11,143,0,0,0,0,0,0,0,0,0.0,Juste Jocyte,1642794,0,,0,0,False,0,0,6.4,25.2,2.7,0.6000000000000001,0.8,0,0,0.0,,,,
2026-27,1022600137,2026-06-26,Jun,GSV,ATL,home,W,78,75,81.0,3,153,0,0,0,0,0,0,0,0,0.0,Juste Jocyte,1642794,0,,0,0,False,0,0,6.4,25.2,2.7,0.6000000000000001,0.8,0,0,0.0,,,,
2026-27,1022600144,2026-06-28,Jun,GSV,NYL,home,W,76,67,69.0,9,143,0,0,1,0,1,0,0,0,1.9,Juste Jocyte,1642794,-7,,0,0,False,0,0,6.4,25.2,2.7,0.6000000000000001,0.8,0,0,0.0,0.5263157894736842,0.5263157894736842,0.0,1.0
2026-27,1022600150,2026-07-04,Jul,GSV,ATL,away,W,88,83,79.0,5,171,0,0,0,0,0,0,0,0,0.0,Juste Jocyte,1642794,0,,0,0,False,0,0,6.4,25.2,2.7,0.6000000000000001,0.8,0,0,0.0,,,,
2026-27,1022600154,2026-07-06,Jul,GSV,WAS,away,W,62,49,68.0,13,111,0,0,0,0,0,0,0,0,0.0,Juste Jocyte,1642794,0,,0,0,False,0,0,6.4,25.2,2.7,0.6000000000000001,0.8,0,0,0.0,,,,
2026-27,1022600159,2026-07-08,Jul,GSV,TOR,away,W,83,75,76.0,8,158,0,0,0,0,0,0,0,0,0.0,Juste Jocyte,1642794,0,,0,0,False,0,0,6.4,25.2,2.7,0.6000000000000001,0.8,0,0,0.0,,,,
2026-27,1022600165,2026-07-10,Jul,GSV,CON,away,W,79,64,73.5,15,143,0,0,0,0,1,0,0,0,2.3,Juste Jocyte,1642794,-5,,0,0,False,0,1,6.4,25.2,2.7,0.6000000000000001,0.8,0,0,-1.0,0.8695652173913044,0.4347826086956522,0.0,0.0
2026-27,1022600010,2026-05-09,May,MIN,ATL,home,L,90,91,86.5,-1,181,0,1,0,0,4,2,0,0,6.2,Anastasiia Olairi Kosu,1642797,6,,4,1,False,1,0,11.5,16.9,4.2,2.3,0.8,5,2,11.2,0.6451612903225806,0.6451612903225806,0.0,0.0
2026-27,1022600013,2026-05-12,May,MIN,PHX,away,W,88,84,81.0,4,172,2,0,0,0,2,1,0,0,8.8,Anastasiia Olairi Kosu,1642797,0,,2,2,False,0,0,11.5,16.9,4.2,2.3,0.8,6,0,7.4,0.22727272727272727,0.22727272727272727,0.0,0.0
2026-27,1022600019,2026-05-14,May,MIN,DAL,away,W,90,86,78.0,4,176,1,0,0,0,2,1,0,0,4.5,Anastasiia Olairi Kosu,1642797,-3,,2,0,False,0,0,11.5,16.9,4.2,2.3,0.8,3,0,3.5,0.4444444444444444,0.4444444444444444,0.0,0.0
2026-27,1022600025,2026-05-17,May,MIN,CHI,home,L,79,86,84.5,-7,165,0,0,0,0,1,1,0,0,6.2,Anastasiia Olairi Kosu,1642797,0,,2,0,False,0,0,11.5,16.9,4.2,2.3,0.8,2,0,2.0,0.16129032258064516,0.16129032258064516,0.0,0.0
2026-27,1022600036,2026-05-21,May,MIN,TOR,home,W,100,72,77.5,28,172,0,1,0,0,4,2,2,1,14.3,Anastasiia Olairi Kosu,1642797,16,,5,4,False,2,2,11.5,16.9,4.2,2.3,0.8,9,3,16.8,0.48111888111888107,0.2797202797202797,0.5,0.0
2026-27,1022600041,2026-05-23,May,MIN,CHI,away,W,85,75,86.5,10,160,0,0,0,0,0,0,0,0,0.0,Anastasiia Olairi Kosu,1642797,0,,0,0,False,0,0,11.5,16.9,4.2,2.3,0.8,0,0,0.0,,,,
2026-27,1022600051,2026-05-27,May,MIN,ATL,home,W,96,81,77.0,15,177,1,0,0,0,1,1,0,0,6.8,Anastasiia Olairi Kosu,1642797,-3,,2,0,False,0,1,11.5,16.9,4.2,2.3,0.8,3,0,2.5,0.29411764705882354,0.14705882352941177,0.0,0.0
2026-27,1022600058,2026-05-29,May,MIN,CHI,away,W,79,58,86.0,21,137,0,0,0,0,2,1,0,0,5.1,Anastasiia Olairi Kosu,1642797,2,,2,2,False,1,0,11.5,16.9,4.2,2.3,0.8,4,1,7.4,0.3921568627450981,0.3921568627450981,0.0,0.0
2026-27,1022600065,2026-06-01,Jun,MIN,PHX,away,W,111,77,79.0,34,188,0,3,0,0,6,4,4,4,18.1,Anastasiia Olairi Kosu,1642797,18,,12,6,False,1,0,11.5,16.9,4.2,2.3,0.8,18,4,31.2,0.42872928176795577,0.3314917127071823,0.6666666666666666,0.0
2026-27,1022600073,2026-06-04,Jun,MIN,GSV,home,W,87,84,75.5,3,171,0,0,0,0,4,2,4,4,13.2,Anastasiia Olairi Kosu,1642797,-4,,8,4,False,0,0,11.5,16.9,4.2,2.3,0.8,12,0,12.8,0.4363636363636364,0.30303030303030304,1.0,0.0
2026-27,1022600077,2026-06-06,Jun,MIN,SEA,home,W,88,68,80.0,20,156,1,0,0,0,4,2,0,0,16.6,Anastasiia Olairi Kosu,1642797,3,,4,1,False,2,0,11.5,16.9,4.2,2.3,0.8,6,2,12.7,0.24096385542168672,0.24096385542168672,0.0,0.0
2026-27,1022600087,2026-06-09,Jun,MIN,DAL,home,W,100,76,84.0,24,176,2,1,0,0,10,3,0,0,20.1,Anastasiia Olairi Kosu,1642797,13,,6,5,False,1,2,11.5,16.9,4.2,2.3,0.8,13,2,19.0,0.5970149253731343,0.49751243781094523,0.0,0.0
2026-27,1022600098,2026-06-13,Jun,MIN,LVA,away,L,97,100,77.5,-3,197,0,0,0,0,2,0,0,0,9.9,Anastasiia Olairi Kosu,1642797,0,,0,2,False,0,0,11.5,16.9,4.2,2.3,0.8,2,0,2.4,0.20202020202020202,0.20202020202020202,0.0,0.0
2026-27,1022600104,2026-06-15,Jun,MIN,PDX,home,W,107,74,81.5,33,181,3,1,2,1,8,4,2,2,19.2,Anastasiia Olairi Kosu,1642797,11,,11,5,False,0,2,11.5,16.9,4.2,2.3,0.8,19,1,22.5,0.5666666666666668,0.4166666666666667,0.25,0.25
2026-27,1022600110,2026-06-17,Jun,MIN,LAS,away,W,99,83,86.5,16,182,1,0,0,0,2,2,0,0,10.1,Anastasiia Olairi Kosu,1642797,1,,4,2,False,0,3,11.5,16.9,4.2,2.3,0.8,7,0,4.9,0.49504950495049505,0.19801980198019803,0.0,0.0
2026-27,1022600116,2026-06-19,Jun,MIN,GSV,away,W,81,75,78.5,6,156,0,2,0,0,5,1,2,2,19.4,Anastasiia Olairi Kosu,1642797,2,,4,6,False,2,2,11.5,16.9,4.2,2.3,0.8,10,4,21.2,0.4061855670103093,0.2577319587628866,0.4,0.0
2026-27,1022600121,2026-06-21,Jun,MIN,WAS,home,L,79,84,82.0,-5,163,0,0,0,0,0,0,2,1,7.6,Anastasiia Olairi Kosu,1642797,1,,1,0,False,0,0,11.5,16.9,4.2,2.3,0.8,1,0,1.0,0.11578947368421053,0.0,,
2026-27,1022600129,2026-06-24,Jun,MIN,WAS,away,W,78,76,86.0,2,154,0,1,0,0,2,1,0,0,14.3,Anastasiia Olairi Kosu,1642797,-9,,2,2,False,1,1,11.5,16.9,4.2,2.3,0.8,4,2,9.4,0.2097902097902098,0.13986013986013984,0.0,0.0
2026-27,1022600141,2026-06-28,Jun,MIN,DAL,away,W,85,77,81.5,8,162,0,1,0,0,0,0,0,0,4.0,Anastasiia Olairi Kosu,1642797,8,,0,0,False,0,0,11.5,16.9,4.2,2.3,0.8,0,1,3.0,0.0,0.0,,
2026-27,1022600148,2026-07-03,Jul,MIN,NYL,away,L,86,99,78.0,-13,185,3,0,0,0,6,4,2,1,13.8,Anastasiia Olairi Kosu,1642797,6,,9,3,False,1,0,11.5,16.9,4.2,2.3,0.8,15,1,20.1,0.49855072463768113,0.43478260869565216,0.3333333333333333,0.0
2026-27,1022600155,2026-07-06,Jul,MIN,CON,home,L,89,90,80.5,-1,179,0,0,0,0,2,1,1,1,9.1,Anastasiia Olairi Kosu,1642797,0,,3,0,False,1,0,11.5,16.9,4.2,2.3,0.8,3,1,6.0,0.2681318681318681,0.21978021978021978,0.5,0.0
2026-27,1022600160,2026-07-08,Jul,MIN,CON,away,W,86,80,78.5,6,166,3,0,0,0,3,1,4,3,14.8,Anastasiia Olairi Kosu,1642797,11,,5,4,False,0,1,11.5,16.9,4.2,2.3,0.8,12,0,13.3,0.38918918918918916,0.2027027027027027,1.3333333333333333,0.0
2026-27,1022600003,2026-05-08,May,SEA,GSV,home,L,80,91,75.0,-11,171,0,2,2,0,15,8,9,5,28.6,Dominique Malonga,1642798,-4,F,21,8,True,0,3,25.7,30.7,15.8,7.5,1.4,29,2,33.6,0.7678321678321678,0.5244755244755245,0.6,0.13333333333333333
2026-27,1022600007,2026-05-10,May,SEA,CON,away,W,89,82,86.5,7,171,0,3,0,0,6,2,2,2,19.6,Dominique Malonga,1642798,15,F,6,7,False,2,2,25.7,30.7,15.8,7.5,1.4,13,5,27.4,0.45306122448979586,0.3061224489795918,0.3333333333333333,0.0
2026-27,1022600015,2026-05-13,May,SEA,TOR,away,L,73,86,81.0,-13,159,1,1,3,2,19,9,4,1,31.7,Dominique Malonga,1642798,-10,F,21,7,True,1,1,25.7,30.7,15.8,7.5,1.4,29,2,35.9,0.686435331230284,0.5993690851735016,0.21052631578947367,0.15789473684210525
2026-27,1022600027,2026-05-17,May,SEA,IND,away,L,78,89,84.0,-11,167,0,0,0,0,0,0,0,0,0.0,Dominique Malonga,1642798,0,,0,0,False,0,0,25.7,30.7,15.8,7.5,1.4,0,0,0.0,,,,
2026-27,1022600034,2026-05-20,May,SEA,CON,home,L,78,80,78.0,-2,158,0,0,0,0,0,0,0,0,0.0,Dominique Malonga,1642798,0,,0,0,False,0,0,25.7,30.7,15.8,7.5,1.4,0,0,0.0,,,,
2026-27,1022600040,2026-05-22,May,SEA,CON,home,W,77,59,75.5,18,136,0,0,0,0,0,0,0,0,0.0,Dominique Malonga,1642798,0,,0,0,False,0,0,25.7,30.7,15.8,7.5,1.4,0,0,0.0,,,,
2026-27,1022600046,2026-05-24,May,SEA,WAS,home,W,97,85,81.0,12,182,0,0,0,0,0,0,0,0,0.0,Dominique Malonga,1642798,0,,0,0,False,0,0,25.7,30.7,15.8,7.5,1.4,0,0,0.0,,,,
2026-27,1022600053,2026-05-27,May,SEA,WAS,home,L,64,78,72.5,-14,142,0,0,0,0,0,0,0,0,0.0,Dominique Malonga,1642798,0,,0,0,False,0,0,25.7,30.7,15.8,7.5,1.4,0,0,0.0,,,,
2026-27,1022600060,2026-05-30,May,SEA,TOR,away,L,72,93,82.0,-21,165,0,0,0,0,0,0,0,0,0.0,Dominique Malonga,1642798,0,,0,0,False,0,0,25.7,30.7,15.8,7.5,1.4,0,0,0.0,,,,
2026-27,1022600064,2026-06-01,Jun,SEA,DAL,away,L,56,79,79.0,-23,135,0,0,0,0,0,0,0,0,0.0,Dominique Malonga,1642798,0,,0,0,False,0,0,25.7,30.7,15.8,7.5,1.4,0,0,0.0,,,,
2026-27,1022600071,2026-06-03,Jun,SEA,PHX,home,L,68,72,79.5,-4,140,0,0,0,0,0,0,0,0,0.0,Dominique Malonga,1642798,0,,0,0,False,0,0,25.7,30.7,15.8,7.5,1.4,0,0,0.0,,,,
2026-27,1022600077,2026-06-06,Jun,SEA,MIN,away,L,68,88,80.0,-20,156,0,0,2,0,8,3,2,1,14.0,Dominique Malonga,1642798,-7,,7,2,False,2,2,25.7,30.7,15.8,7.5,1.4,9,2,13.4,0.7771428571428572,0.5714285714285714,0.25,0.25
2026-27,1022600085,2026-06-08,Jun,SEA,LVA,away,L,91,101,18.5,-10,192,0,0,2,1,12,7,4,4,16.5,Dominique Malonga,1642798,8,C,19,5,False,1,2,25.7,30.7,15.8,7.5,1.4,24,1,26.0,0.9551515151515151,0.7272727272727273,0.3333333333333333,0.16666666666666666
2026-27,1022600090,2026-06-10,Jun,SEA,LAS,home,L,83,88,80.5,-5,171,2,0,2,1,11,6,2,2,24.4,Dominique Malonga,1642798,5,C,15,7,True,0,4,25.7,30.7,15.8,7.5,1.4,24,0,22.4,0.6508196721311477,0.45081967213114754,0.18181818181818182,0.18181818181818182
2026-27,1022600096,2026-06-12,Jun,SEA,GSV,home,L,72,76,75.0,-4,148,2,1,0,0,10,3,3,3,24.6,Dominique Malonga,1642798,-7,C,9,8,False,0,2,25.7,30.7,15.8,7.5,1.4,19,1,22.6,0.5414634146341463,0.4065040650406504,0.3,0.0
2026-27,1022600112,2026-06-17,Jun,SEA,PDX,away,L,89,94,74.5,-5,183,3,3,0,0,19,12,6,4,34.6,Dominique Malonga,1642798,-2,C,28,11,True,2,1,25.7,30.7,15.8,7.5,1.4,42,5,59.7,0.6543352601156069,0.5491329479768786,0.3157894736842105,0.0
2026-27,1022600118,2026-06-20,Jun,SEA,PHX,away,L,73,93,78.5,-20,166,2,0,2,1,16,4,2,1,22.9,Dominique Malonga,1642798,-35,C,10,3,True,1,1,25.7,30.7,15.8,7.5,1.4,15,1,18.6,0.7807860262008733,0.6986899563318778,0.125,0.125
2026-27,1022600126,2026-06-22,Jun,SEA,DAL,home,L,110,112,91.5,-2,222,1,2,5,2,24,14,9,7,37.5,Dominique Malonga,1642798,5,C,37,12,True,0,4,25.7,30.7,15.8,7.5,1.4,50,2,54.9,0.8522666666666667,0.64,0.375,0.20833333333333334
2026-27,1022600134,2026-06-25,Jun,SEA,NYL,home,W,99,88,83.5,11,187,2,1,2,1,12,9,1,1,34.5,Dominique Malonga,1642798,7,C,20,10,True,0,2,25.7,30.7,15.8,7.5,1.4,32,1,36.0,0.41855072463768117,0.34782608695652173,0.08333333333333333,0.16666666666666666
2026-27,1022600140,2026-06-27,Jun,SEA,ATL,home,W,105,90,83.0,15,195,3,3,2,1,13,7,2,1,28.0,Dominique Malonga,1642798,11,C,16,11,True,2,6,25.7,30.7,15.8,7.5,1.4,30,5,42.7,0.7100000000000001,0.4642857142857143,0.15384615384615385,0.15384615384615385
2026-27,1022600147,2026-07-02,Jul,SEA,PHX,away,L,67,90,76.0,-23,157,1,1,0,0,11,2,2,1,20.8,Dominique Malonga,1642798,-21,C,5,6,True,0,2,25.7,30.7,15.8,7.5,1.4,12,1,14.7,0.6673076923076923,0.5288461538461539,0.18181818181818182,0.0
2026-27,1022600151,2026-07-04,Jul,SEA,PDX,home,L,72,77,84.0,-5,149,1,0,5,2,17,7,7,6,18.6,Dominique Malonga,1642798,2,C,22,5,True,0,2,25.7,30.7,15.8,7.5,1.4,28,0,27.5,1.1870967741935483,0.9139784946236559,0.4117647058823529,0.29411764705882354
2026-27,1022600156,2026-07-06,Jul,SEA,LAS,away,W,82,64,85.0,18,146,2,1,1,0,10,1,0,0,22.7,Dominique Malonga,1642798,12,C,2,9,True,1,5,25.7,30.7,15.8,7.5,1.4,13,2,16.799999999999997,0.6607929515418502,0.4405286343612335,0.0,0.1
2026-27,1022600162,2026-07-09,Jul,SEA,ATL,away,L,78,89,89.5,-11,167,2,1,1,0,12,6,4,3,29.3,Dominique Malonga,1642798,-3,C,15,9,True,1,4,25.7,30.7,15.8,7.5,1.4,26,2,30.799999999999997,0.6061433447098975,0.40955631399317405,0.3333333333333333,0.08333333333333333
2026-27,1022600001,2026-05-08,May,CON,NYL,away,L,75,106,88.5,-31,181,0,0,5,1,15,7,0,0,24.3,Aneesah Morrow,1642800,-15,F,15,6,True,1,5,22.7,24.6,10.5,9.4,1.5,21,1,20.2,0.823045267489712,0.6172839506172839,0.0,0.3333333333333333
2026-27,1022600007,2026-05-10,May,CON,SEA,home,L,82,89,86.5,-7,171,1,0,6,3,15,7,2,0,31.4,Aneesah Morrow,1642800,-1,,17,16,True,1,2,22.7,24.6,10.5,9.4,1.5,34,1,38.7,0.5694267515923568,0.47770700636942676,0.13333333333333333,0.4
2026-27,1022600016,2026-05-13,May,CON,LVA,home,L,69,98,83.0,-29,167,0,0,3,1,16,4,10,7,23.9,Aneesah Morrow,1642800,-23,,16,11,True,1,0,22.7,24.6,10.5,9.4,1.5,27,1,32.2,0.8535564853556485,0.6694560669456068,0.625,0.1875
2026-27,1022600021,2026-05-15,May,CON,LVA,home,L,94,101,84.5,-7,195,2,0,3,0,11,4,2,2,27.4,Aneesah Morrow,1642800,4,,10,10,True,2,2,22.7,24.6,10.5,9.4,1.5,22,2,29.0,0.5065693430656935,0.40145985401459855,0.18181818181818182,0.2727272727272727
2026-27,1022600030,2026-05-18,May,CON,PDX,away,L,82,83,74.5,-1,165,4,1,4,1,10,5,2,1,33.8,Aneesah Morrow,1642800,1,,12,12,True,1,4,22.7,24.6,10.5,9.4,1.5,28,2,34.4,0.4402366863905326,0.2958579881656805,0.2,0.4
2026-27,1022600034,2026-05-20,May,CON,SEA,away,W,80,78,78.0,2,158,0,0,0,0,1,1,0,0,6.5,Aneesah Morrow,1642800,-10,F,2,3,False,0,2,22.7,24.6,10.5,9.4,1.5,5,0,3.5999999999999996,0.46153846153846156,0.15384615384615385,0.0,0.0
2026-27,1022600040,2026-05-22,May,CON,SEA,away,L,59,77,75.5,-18,136,0,0,1,1,5,3,1,0,17.7,Aneesah Morrow,1642800,-25,,7,6,False,0,2,22.7,24.6,10.5,9.4,1.5,13,0,12.2,0.4203389830508475,0.2824858757062147,0.2,0.2
2026-27,1022600048,2026-05-25,May,CON,GSV,away,L,70,97,80.0,-27,167,2,0,3,1,8,4,4,2,22.6,Aneesah Morrow,1642800,-16,,11,10,True,0,1,22.7,24.6,10.5,9.4,1.5,23,0,25.0,0.47610619469026544,0.35398230088495575,0.5,0.375
2026-27,1022600052,2026-05-27,May,CON,PDX,away,L,61,71,75.5,-10,132,1,2,7,1,19,6,0,0,29.3,Aneesah Morrow,1642800,-6,F,13,13,True,1,2,22.7,24.6,10.5,9.4,1.5,27,3,37.1,0.7167235494880546,0.6484641638225256,0.0,0.3684210526315789
2026-27,1022600061,2026-05-30,May,CON,LAS,home,W,84,81,83.0,3,165,2,1,4,1,13,6,4,4,32.3,Aneesah Morrow,1642800,0,F,17,14,True,2,3,22.7,24.6,10.5,9.4,1.5,33,3,42.8,0.5498452012383901,0.40247678018575855,0.3076923076923077,0.3076923076923077
2026-27,1022600066,2026-06-02,Jun,CON,ATL,away,L,75,91,77.5,-16,166,2,2,5,2,12,7,7,4,29.7,Aneesah Morrow,1642800,-15,F,20,13,True,0,1,22.7,24.6,10.5,9.4,1.5,35,2,43.6,0.5414141414141413,0.40404040404040403,0.5833333333333334,0.4166666666666667
2026-27,1022600074,2026-06-05,Jun,CON,CHI,away,L,80,85,77.0,-5,165,3,1,5,2,14,3,0,0,31.8,Aneesah Morrow,1642800,-8,F,8,17,True,1,1,22.7,24.6,10.5,9.4,1.5,28,2,37.9,0.4716981132075472,0.44025157232704404,0.0,0.35714285714285715
2026-27,1022600083,2026-06-08,Jun,CON,NYL,home,L,80,89,82.0,-9,169,0,0,0,0,0,0,0,0,0.0,Aneesah Morrow,1642800,0,,0,0,False,0,0,22.7,24.6,10.5,9.4,1.5,0,0,0.0,,,,
2026-27,1022600089,2026-06-10,Jun,CON,TOR,away,L,102,106,89.5,-4,208,0,0,0,0,0,0,0,0,0.0,Aneesah Morrow,1642800,0,,0,0,False,0,0,22.7,24.6,10.5,9.4,1.5,0,0,0.0,,,,
2026-27,1022600097,2026-06-13,Jun,CON,IND,home,L,75,85,76.5,-10,160,2,0,4,0,14,4,0,0,20.9,Aneesah Morrow,1642800,7,,8,5,False,0,0,22.7,24.6,10.5,9.4,1.5,15,0,17.0,0.6698564593301436,0.6698564593301436,0.0,0.2857142857142857
2026-27,1022600107,2026-06-17,Jun,CON,WAS,home,L,81,88,76.0,-7,169,2,0,2,0,11,5,2,1,21.4,Aneesah Morrow,1642800,2,,11,10,True,2,2,22.7,24.6,10.5,9.4,1.5,23,2,30.0,0.6485981308411216,0.5140186915887851,0.18181818181818182,0.18181818181818182
2026-27,1022600114,2026-06-19,Jun,CON,TOR,home,L,97,101,84.0,-4,198,4,0,3,0,9,3,2,2,19.7,Aneesah Morrow,1642800,1,,8,10,False,2,2,22.7,24.6,10.5,9.4,1.5,22,2,30.0,0.6030456852791879,0.4568527918781726,0.2222222222222222,0.3333333333333333
2026-27,1022600123,2026-06-22,Jun,CON,CHI,home,W,92,63,84.5,29,155,0,0,0,0,3,0,1,1,9.0,Aneesah Morrow,1642800,2,,1,2,False,1,1,22.7,24.6,10.5,9.4,1.5,3,1,5.4,0.4933333333333333,0.3333333333333333,0.3333333333333333,0.0
2026-27,1022600135,2026-06-26,Jun,CON,WAS,home,W,68,57,77.0,11,125,0,0,0,0,0,0,0,0,0.0,Aneesah Morrow,1642800,0,,0,0,False,0,0,22.7,24.6,10.5,9.4,1.5,0,0,0.0,,,,
2026-27,1022600146,2026-07-02,Jul,CON,DAL,home,L,83,86,80.0,-3,169,0,0,0,0,2,1,1,1,4.3,Aneesah Morrow,1642800,3,,3,1,False,0,0,22.7,24.6,10.5,9.4,1.5,4,0,4.2,0.5674418604651162,0.46511627906976744,0.5,0.0
2026-27,1022600155,2026-07-06,Jul,CON,MIN,away,W,90,89,80.5,1,179,0,0,0,0,0,0,0,0,0.0,Aneesah Morrow,1642800,0,,0,0,False,0,0,22.7,24.6,10.5,9.4,1.5,0,0,0.0,,,,
2026-27,1022600160,2026-07-08,Jul,CON,MIN,home,L,80,86,78.5,-6,166,0,0,0,0,0,0,0,0,0.0,Aneesah Morrow,1642800,0,,0,0,False,0,0,22.7,24.6,10.5,9.4,1.5,0,0,0.0,,,,
2026-27,1022600165,2026-07-10,Jul,CON,GSV,home,L,64,79,73.5,-15,143,0,0,0,0,0,0,0,0,0.0,Aneesah Morrow,1642800,0,,0,0,False,0,0,22.7,24.6,10.5,9.4,1.5,0,0,0.0,,,,
2026-27,1022600010,2026-05-09,May,ATL,MIN,away,W,91,90,86.5,1,181,0,0,0,0,0,0,0,0,0.0,Aaliyah Nye,1642801,0,,0,0,False,0,0,1.4,12.1,0.30000000000000004,0.0,0.2,0,0,0.0,,,,
2026-27,1022600012,2026-05-12,May,ATL,DAL,away,W,77,72,78.0,5,149,0,0,0,0,0,0,0,0,0.0,Aaliyah Nye,1642801,0,,0,0,False,0,0,1.4,12.1,0.30000000000000004,0.0,0.2,0,0,0.0,,,,
2026-27,1022600026,2026-05-17,May,ATL,LVA,home,L,84,85,85.0,-1,169,0,0,0,0,0,0,0,0,1.4,Aaliyah Nye,1642801,1,,0,0,False,0,0,1.4,12.1,0.30000000000000004,0.0,0.2,0,0,0.0,0.0,0.0,,
2026-27,1022600038,2026-05-22,May,ATL,DAL,home,W,86,69,78.0,17,155,0,0,0,0,0,0,0,0,1.1,Aaliyah Nye,1642801,0,,0,0,False,0,0,1.4,12.1,0.30000000000000004,0.0,0.2,0,0,0.0,0.0,0.0,,
2026-27,1022600044,2026-05-24,May,ATL,PHX,home,W,82,80,76.5,2,162,0,0,0,0,0,0,0,0,0.0,Aaliyah Nye,1642801,0,,0,0,False,0,0,1.4,12.1,0.30000000000000004,0.0,0.2,0,0,0.0,,,,
2026-27,1022600051,2026-05-27,May,ATL,MIN,away,L,81,96,77.0,-15,177,0,0,0,0,0,0,0,0,2.1,Aaliyah Nye,1642801,0,,0,0,False,0,0,1.4,12.1,0.30000000000000004,0.0,0.2,0,0,0.0,0.0,0.0,,
2026-27,1022600059,2026-05-29,May,ATL,PDX,away,W,86,66,77.5,20,152,1,0,0,0,1,0,0,0,1.4,Aaliyah Nye,1642801,1,,0,0,False,0,0,1.4,12.1,0.30000000000000004,0.0,0.2,1,0,1.5,0.7142857142857143,0.7142857142857143,0.0,0.0
2026-27,1022600066,2026-06-02,Jun,ATL,CON,home,W,91,75,77.5,16,166,0,0,0,0,0,0,0,0,0.9,Aaliyah Nye,1642801,-1,,0,0,False,0,0,1.4,12.1,0.30000000000000004,0.0,0.2,0,0,0.0,0.0,0.0,,
2026-27,1022600072,2026-06-04,Jun,ATL,IND,away,L,71,83,77.5,-12,154,0,0,0,0,0,0,0,0,1.3,Aaliyah Nye,1642801,1,,0,0,False,0,0,1.4,12.1,0.30000000000000004,0.0,0.2,0,0,0.0,0.0,0.0,,
2026-27,1022600079,2026-06-06,Jun,ATL,WAS,home,W,109,77,77.5,32,186,0,0,2,1,3,1,0,0,4.5,Aaliyah Nye,1642801,7,,3,0,False,0,0,1.4,12.1,0.30000000000000004,0.0,0.2,3,0,3.0,0.6666666666666666,0.6666666666666666,0.0,0.6666666666666666
2026-27,1022600086,2026-06-09,Jun,ATL,CHI,away,W,82,75,77.0,7,157,0,0,0,0,0,0,0,0,1.1,Aaliyah Nye,1642801,-1,,0,0,False,0,0,1.4,12.1,0.30000000000000004,0.0,0.2,0,0,0.0,0.0,0.0,,
2026-27,1022600092,2026-06-11,Jun,ATL,NYL,home,L,90,104,80.5,-14,194,1,0,0,0,0,0,0,0,0.9,Aaliyah Nye,1642801,0,,0,0,False,1,0,1.4,12.1,0.30000000000000004,0.0,0.2,1,1,4.5,0.0,0.0,,
2026-27,1022600102,2026-06-14,Jun,ATL,TOR,away,W,102,77,81.0,25,179,0,0,0,0,0,0,0,0,1.3,Aaliyah Nye,1642801,1,,0,0,False,0,1,1.4,12.1,0.30000000000000004,0.0,0.2,0,0,-1.0,0.7692307692307692,0.0,,
2026-27,1022600113,2026-06-18,Jun,ATL,IND,away,W,108,101,87.5,7,209,0,0,0,0,0,0,0,0,0.0,Aaliyah Nye,1642801,0,,0,0,False,0,0,1.4,12.1,0.30000000000000004,0.0,0.2,0,0,0.0,,,,
2026-27,1022600117,2026-06-20,Jun,ATL,IND,home,W,113,96,84.5,17,209,0,0,0,0,0,0,0,0,0.0,Aaliyah Nye,1642801,0,,0,0,False,0,0,1.4,12.1,0.30000000000000004,0.0,0.2,0,0,0.0,,,,
2026-27,1022600124,2026-06-22,Jun,ATL,TOR,home,W,94,87,84.5,7,181,0,0,0,0,0,0,0,0,0.0,Aaliyah Nye,1642801,0,,0,0,False,0,0,1.4,12.1,0.30000000000000004,0.0,0.2,0,0,0.0,,,,
2026-27,1022600140,2026-06-27,Jun,ATL,SEA,away,L,90,105,83.0,-15,195,0,0,0,0,0,0,0,0,0.0,Aaliyah Nye,1642801,0,,0,0,False,0,0,1.4,12.1,0.30000000000000004,0.0,0.2,0,0,0.0,,,,
2026-27,1022600145,2026-07-02,Jul,ATL,WAS,away,L,76,81,82.0,-5,157,0,0,0,0,0,0,0,0,0.0,Aaliyah Nye,1642801,0,,0,0,False,0,0,1.4,12.1,0.30000000000000004,0.0,0.2,0,0,0.0,,,,
2026-27,1022600150,2026-07-04,Jul,ATL,GSV,home,L,83,88,79.0,-5,171,0,0,0,0,0,0,0,0,0.0,Aaliyah Nye,1642801,0,,0,0,False,0,0,1.4,12.1,0.30000000000000004,0.0,0.2,0,0,0.0,,,,
2026-27,1022600162,2026-07-09,Jul,ATL,SEA,home,W,89,78,89.5,11,167,0,0,0,0,0,0,0,0,0.0,Aaliyah Nye,1642801,0,,0,0,False,0,0,1.4,12.1,0.30000000000000004,0.0,0.2,0,0,0.0,,,,
2026-27,1022600002,2026-05-08,May,WAS,TOR,away,W,68,65,81.5,3,133,1,0,1,0,3,0,0,0,9.9,Lucy Olsen,1642802,-7,,0,0,False,0,2,8.9,18.0,2.9,0.7000000000000001,1.3,1,0,-0.5,0.5050505050505051,0.30303030303030304,0.0,0.3333333333333333
2026-27,1022600008,2026-05-10,May,WAS,NYL,home,L,93,98,86.5,-5,191,1,0,1,1,2,2,0,0,4.8,Lucy Olsen,1642802,4,,5,0,False,0,0,8.9,18.0,2.9,0.7000000000000001,1.3,6,0,6.5,0.4166666666666667,0.4166666666666667,0.0,0.5
2026-27,1022600022,2026-05-15,May,WAS,IND,away,W,104,102,94.5,2,206,0,0,0,0,0,0,0,0,0.0,Lucy Olsen,1642802,0,,0,0,False,0,0,8.9,18.0,2.9,0.7000000000000001,1.3,0,0,0.0,,,,
2026-27,1022600029,2026-05-18,May,WAS,DAL,away,L,69,92,73.5,-23,161,2,0,0,0,3,3,2,2,10.4,Lucy Olsen,1642802,1,,8,0,False,0,0,8.9,18.0,2.9,0.7000000000000001,1.3,10,0,11.0,0.37307692307692303,0.28846153846153844,0.6666666666666666,0.0
2026-27,1022600046,2026-05-24,May,WAS,SEA,away,L,85,97,81.0,-12,182,2,0,1,0,1,0,0,0,4.3,Lucy Olsen,1642802,-3,,0,2,False,0,0,8.9,18.0,2.9,0.7000000000000001,1.3,4,0,5.4,0.23255813953488372,0.23255813953488372,0.0,1.0
2026-27,1022600053,2026-05-27,May,WAS,SEA,away,W,78,64,72.5,14,142,0,0,0,0,0,0,0,0,0.0,Lucy Olsen,1642802,0,,0,0,False,0,0,8.9,18.0,2.9,0.7000000000000001,1.3,0,0,0.0,,,,
2026-27,1022600057,2026-05-29,May,WAS,LAS,home,L,87,92,81.0,-5,179,0,0,0,0,0,0,0,0,0.0,Lucy Olsen,1642802,0,,0,0,False,0,0,8.9,18.0,2.9,0.7000000000000001,1.3,0,0,0.0,,,,
2026-27,1022600067,2026-06-02,Jun,WAS,CHI,home,W,90,72,82.5,18,162,2,0,1,1,3,1,0,0,10.6,Lucy Olsen,1642802,5,,3,1,False,0,0,8.9,18.0,2.9,0.7000000000000001,1.3,6,0,7.2,0.2830188679245283,0.2830188679245283,0.0,0.3333333333333333
2026-27,1022600079,2026-06-06,Jun,WAS,ATL,away,L,77,109,77.5,-32,186,0,0,0,0,0,0,0,0,0.0,Lucy Olsen,1642802,0,,0,0,False,0,0,8.9,18.0,2.9,0.7000000000000001,1.3,0,0,0.0,,,,
2026-27,1022600084,2026-06-08,Jun,WAS,IND,home,L,76,78,81.0,-2,154,0,0,0,0,0,0,0,0,0.0,Lucy Olsen,1642802,0,,0,0,False,0,0,8.9,18.0,2.9,0.7000000000000001,1.3,0,0,0.0,,,,
2026-27,1022600095,2026-06-12,Jun,WAS,TOR,home,W,86,85,84.5,1,171,0,0,0,0,0,0,0,0,0.0,Lucy Olsen,1642802,0,,0,0,False,0,0,8.9,18.0,2.9,0.7000000000000001,1.3,0,0,0.0,,,,
2026-27,1022600101,2026-06-14,Jun,WAS,NYL,away,L,64,86,78.5,-22,150,0,0,1,0,2,1,0,0,3.5,Lucy Olsen,1642802,-4,,2,0,False,0,0,8.9,18.0,2.9,0.7000000000000001,1.3,2,0,2.0,0.5714285714285714,0.5714285714285714,0.0,0.5
2026-27,1022600107,2026-06-17,Jun,WAS,CON,away,W,88,81,76.0,7,169,2,0,1,0,6,2,2,2,20.1,Lucy Olsen,1642802,3,,6,2,False,1,2,8.9,18.0,2.9,0.7000000000000001,1.3,10,1,12.4,0.4417910447761193,0.29850746268656714,0.3333333333333333,0.16666666666666666
2026-27,1022600115,2026-06-19,Jun,WAS,NYL,away,W,86,83,79.0,3,169,1,0,1,0,2,0,0,0,11.4,Lucy Olsen,1642802,-1,,0,2,False,1,1,8.9,18.0,2.9,0.7000000000000001,1.3,3,1,5.9,0.2631578947368421,0.17543859649122806,0.0,0.5
2026-27,1022600121,2026-06-21,Jun,WAS,MIN,away,W,84,79,82.0,5,163,2,0,1,1,1,1,0,0,6.4,Lucy Olsen,1642802,-4,,3,0,False,0,2,8.9,18.0,2.9,0.7000000000000001,1.3,5,0,4.0,0.46875,0.15625,0.0,1.0
2026-27,1022600129,2026-06-24,Jun,WAS,MIN,home,L,76,78,86.0,-2,154,1,0,2,0,2,0,2,2,4.8,Lucy Olsen,1642802,7,,2,1,False,0,0,8.9,18.0,2.9,0.7000000000000001,1.3,4,0,4.7,0.6,0.4166666666666667,1.0,1.0
2026-27,1022600135,2026-06-26,Jun,WAS,CON,away,L,57,68,77.0,-11,125,0,0,0,0,1,0,0,0,4.4,Lucy Olsen,1642802,3,,0,0,False,1,0,8.9,18.0,2.9,0.7000000000000001,1.3,0,1,3.0,0.22727272727272727,0.22727272727272727,0.0,0.0
2026-27,1022600142,2026-06-28,Jun,WAS,PDX,home,W,124,123,117.5,1,247,1,0,1,0,4,1,2,2,13.8,Lucy Olsen,1642802,1,,4,2,False,0,0,8.9,18.0,2.9,0.7000000000000001,1.3,7,0,7.9,0.3536231884057971,0.2898550724637681,0.5,0.25
2026-27,1022600145,2026-07-02,Jul,WAS,ATL,home,W,81,76,82.0,5,157,0,0,1,1,1,1,0,0,5.4,Lucy Olsen,1642802,7,,3,0,False,0,2,8.9,18.0,2.9,0.7000000000000001,1.3,3,0,1.0,0.5555555555555555,0.18518518518518517,0.0,1.0
2026-27,1022600154,2026-07-06,Jul,WAS,GSV,home,L,49,62,68.0,-13,111,3,0,3,1,5,2,2,0,14.8,Lucy Olsen,1642802,2,,5,0,False,0,0,8.9,18.0,2.9,0.7000000000000001,1.3,8,0,9.5,0.3972972972972973,0.33783783783783783,0.4,0.6
2026-27,1022600010,2026-05-09,May,ATL,MIN,away,W,91,90,86.5,1,181,4,1,4,0,10,3,0,0,21.1,Te-Hina Paopao,1642804,-7,,6,5,False,0,3,13.2,15.5,4.0,1.0,1.5,15,1,18.0,0.6161137440758293,0.4739336492890995,0.0,0.4
2026-27,1022600012,2026-05-12,May,ATL,DAL,away,W,77,72,78.0,5,149,1,0,3,0,4,1,0,0,13.3,Te-Hina Paopao,1642804,-4,,2,3,False,0,2,13.2,15.5,4.0,1.0,1.5,6,0,5.1,0.45112781954887216,0.3007518796992481,0.0,0.75
2026-27,1022600026,2026-05-17,May,ATL,LVA,home,L,84,85,85.0,-1,169,2,1,9,4,14,5,6,5,36.3,Te-Hina Paopao,1642804,6,G,19,2,True,1,0,13.2,15.5,4.0,1.0,1.5,23,2,30.4,0.45840220385674935,0.3856749311294766,0.42857142857142855,0.6428571428571429
2026-27,1022600038,2026-05-22,May,ATL,DAL,home,W,86,69,78.0,17,155,2,0,3,3,4,3,0,0,12.6,Te-Hina Paopao,1642804,4,,9,2,False,0,2,13.2,15.5,4.0,1.0,1.5,13,0,12.4,0.4761904761904762,0.31746031746031744,0.0,0.75
2026-27,1022600044,2026-05-24,May,ATL,PHX,home,W,82,80,76.5,2,162,2,0,1,1,1,1,0,0,13.9,Te-Hina Paopao,1642804,-4,,3,1,False,0,0,13.2,15.5,4.0,1.0,1.5,6,0,7.2,0.07194244604316546,0.07194244604316546,0.0,1.0
2026-27,1022600051,2026-05-27,May,ATL,MIN,away,L,81,96,77.0,-15,177,1,0,1,1,1,1,0,0,10.7,Te-Hina Paopao,1642804,3,,3,0,False,0,0,13.2,15.5,4.0,1.0,1.5,4,0,4.5,0.09345794392523366,0.09345794392523366,0.0,1.0
2026-27,1022600059,2026-05-29,May,ATL,PDX,away,W,86,66,77.5,20,152,1,0,3,1,5,2,0,0,14.3,Te-Hina Paopao,1642804,-9,,5,0,False,0,1,13.2,15.5,4.0,1.0,1.5,6,0,5.5,0.4195804195804196,0.34965034965034963,0.0,0.6
2026-27,1022600066,2026-06-02,Jun,ATL,CON,home,W,91,75,77.5,16,166,0,0,0,0,1,0,0,0,8.1,Te-Hina Paopao,1642804,4,,0,1,False,0,1,13.2,15.5,4.0,1.0,1.5,1,0,0.19999999999999996,0.2469135802469136,0.1234567901234568,0.0,0.0
2026-27,1022600072,2026-06-04,Jun,ATL,IND,away,L,71,83,77.5,-12,154,1,0,2,0,3,0,0,0,15.7,Te-Hina Paopao,1642804,-10,,0,2,False,1,1,13.2,15.5,4.0,1.0,1.5,3,1,5.9,0.25477707006369427,0.1910828025477707,0.0,0.6666666666666666
2026-27,1022600079,2026-06-06,Jun,ATL,WAS,home,W,109,77,77.5,32,186,3,1,3,2,4,2,0,0,13.6,Te-Hina Paopao,1642804,13,,6,1,False,0,0,13.2,15.5,4.0,1.0,1.5,10,1,14.7,0.29411764705882354,0.29411764705882354,0.0,0.75
2026-27,1022600086,2026-06-09,Jun,ATL,CHI,away,W,82,75,77.0,7,157,1,0,2,0,2,0,0,0,7.3,Te-Hina Paopao,1642804,-1,,0,2,False,0,1,13.2,15.5,4.0,1.0,1.5,3,0,2.9,0.4109589041095891,0.273972602739726,0.0,1.0
2026-27,1022600092,2026-06-11,Jun,ATL,NYL,home,L,90,104,80.5,-14,194,2,0,2,1,4,1,0,0,11.0,Te-Hina Paopao,1642804,-17,,3,0,False,1,0,13.2,15.5,4.0,1.0,1.5,5,1,9.0,0.36363636363636365,0.36363636363636365,0.0,0.5
2026-27,1022600102,2026-06-14,Jun,ATL,TOR,away,W,102,77,81.0,25,179,0,0,5,2,7,2,0,0,12.0,Te-Hina Paopao,1642804,-5,,6,0,False,0,0,13.2,15.5,4.0,1.0,1.5,6,0,6.0,0.5833333333333334,0.5833333333333334,0.0,0.7142857142857143
2026-27,1022600113,2026-06-18,Jun,ATL,IND,away,W,108,101,87.5,7,209,3,0,2,1,5,3,0,0,14.1,Te-Hina Paopao,1642804,-2,,7,1,False,0,1,13.2,15.5,4.0,1.0,1.5,11,0,11.7,0.425531914893617,0.3546099290780142,0.0,0.4
2026-27,1022600117,2026-06-20,Jun,ATL,IND,home,W,113,96,84.5,17,209,2,0,4,3,5,3,0,0,15.7,Te-Hina Paopao,1642804,-5,,9,0,False,0,1,13.2,15.5,4.0,1.0,1.5,11,0,11.0,0.3821656050955414,0.3184713375796179,0.0,0.8
2026-27,1022600124,2026-06-22,Jun,ATL,TOR,home,W,94,87,84.5,7,181,1,0,1,0,2,1,0,0,13.9,Te-Hina Paopao,1642804,-19,,2,1,False,0,0,13.2,15.5,4.0,1.0,1.5,4,0,4.7,0.14388489208633093,0.14388489208633093,0.0,0.5
2026-27,1022600131,2026-06-24,Jun,ATL,GSV,away,L,66,77,73.5,-11,143,2,0,1,0,3,1,0,0,12.4,Te-Hina Paopao,1642804,-3,,2,0,False,0,1,13.2,15.5,4.0,1.0,1.5,4,0,4.0,0.3225806451612903,0.24193548387096772,0.0,0.3333333333333333
2026-27,1022600137,2026-06-26,Jun,ATL,GSV,away,L,75,78,81.0,-3,153,1,0,1,1,2,1,0,0,5.4,Te-Hina Paopao,1642804,2,,3,0,False,0,0,13.2,15.5,4.0,1.0,1.5,4,0,4.5,0.37037037037037035,0.37037037037037035,0.0,0.5
2026-27,1022600140,2026-06-27,Jun,ATL,SEA,away,L,90,105,83.0,-15,195,4,0,5,1,6,1,0,0,17.7,Te-Hina Paopao,1642804,2,,3,0,True,1,0,13.2,15.5,4.0,1.0,1.5,7,1,12.0,0.33898305084745767,0.33898305084745767,0.0,0.8333333333333334
2026-27,1022600145,2026-07-02,Jul,ATL,WAS,away,L,76,81,82.0,-5,157,1,0,2,0,3,0,0,0,6.3,Te-Hina Paopao,1642804,-5,,0,1,False,0,0,13.2,15.5,4.0,1.0,1.5,2,0,2.7,0.4761904761904762,0.4761904761904762,0.0,0.6666666666666666
2026-27,1022600150,2026-07-04,Jul,ATL,GSV,home,L,83,88,79.0,-5,171,0,0,2,0,2,0,0,0,4.7,Te-Hina Paopao,1642804,1,,0,0,False,0,2,13.2,15.5,4.0,1.0,1.5,0,0,-2.0,0.851063829787234,0.425531914893617,0.0,1.0
2026-27,1022600162,2026-07-09,Jul,ATL,SEA,home,W,89,78,89.5,11,167,0,0,1,0,1,0,0,0,10.2,Te-Hina Paopao,1642804,-1,,0,0,False,0,0,13.2,15.5,4.0,1.0,1.5,0,0,0.0,0.09803921568627452,0.09803921568627452,0.0,1.0
2026-27,1022600004,2026-05-09,May,DAL,IND,away,W,107,104,89.0,3,211,0,0,0,0,0,0,0,0,0.0,JJ Quinerly,1642808,0,,0,0,False,0,0,6.5,11.8,1.0,0.5,1.0,0,0,0.0,,,,
2026-27,1022600012,2026-05-12,May,DAL,ATL,home,L,72,77,78.0,-5,149,0,0,0,0,0,0,0,0,0.0,JJ Quinerly,1642808,0,,0,0,False,0,0,6.5,11.8,1.0,0.5,1.0,0,0,0.0,,,,
2026-27,1022600019,2026-05-14,May,DAL,MIN,home,L,86,90,78.0,-4,176,0,0,0,0,0,0,0,0,0.0,JJ Quinerly,1642808,0,,0,0,False,0,0,6.5,11.8,1.0,0.5,1.0,0,0,0.0,,,,
2026-27,1022600029,2026-05-18,May,DAL,WAS,home,W,92,69,73.5,23,161,0,0,0,0,0,0,0,0,0.0,JJ Quinerly,1642808,0,,0,0,False,0,0,6.5,11.8,1.0,0.5,1.0,0,0,0.0,,,,
2026-27,1022600033,2026-05-20,May,DAL,CHI,away,W,99,89,79.5,10,188,0,0,0,0,0,0,0,0,0.0,JJ Quinerly,1642808,0,,0,0,False,0,0,6.5,11.8,1.0,0.5,1.0,0,0,0.0,,,,
2026-27,1022600038,2026-05-22,May,DAL,ATL,away,L,69,86,78.0,-17,155,0,0,0,0,0,0,0,0,0.0,JJ Quinerly,1642808,0,,0,0,False,0,0,6.5,11.8,1.0,0.5,1.0,0,0,0.0,,,,
2026-27,1022600045,2026-05-24,May,DAL,NYL,away,W,91,76,77.0,15,167,0,0,0,0,0,0,0,0,0.0,JJ Quinerly,1642808,0,,0,0,False,0,0,6.5,11.8,1.0,0.5,1.0,0,0,0.0,,,,
2026-27,1022600054,2026-05-28,May,DAL,LVA,home,W,95,87,78.5,8,182,0,0,0,0,0,0,0,0,0.0,JJ Quinerly,1642808,0,,0,0,False,0,0,6.5,11.8,1.0,0.5,1.0,0,0,0.0,,,,
2026-27,1022600064,2026-06-01,Jun,DAL,SEA,home,W,79,56,79.0,23,135,0,0,0,0,0,0,0,0,0.0,JJ Quinerly,1642808,0,,0,0,False,0,0,6.5,11.8,1.0,0.5,1.0,0,0,0.0,,,,
2026-27,1022600075,2026-06-05,Jun,DAL,LAS,away,W,104,96,83.5,8,200,0,0,0,0,0,0,0,0,0.0,JJ Quinerly,1642808,0,,0,0,False,0,0,6.5,11.8,1.0,0.5,1.0,0,0,0.0,,,,
2026-27,1022600087,2026-06-09,Jun,DAL,MIN,away,L,76,100,84.0,-24,176,2,1,1,0,2,0,0,0,9.8,JJ Quinerly,1642808,-4,,0,1,False,0,0,6.5,11.8,1.0,0.5,1.0,3,1,7.2,0.2040816326530612,0.2040816326530612,0.0,0.5
2026-27,1022600093,2026-06-11,Jun,DAL,PHX,home,W,85,70,82.5,15,155,0,0,0,0,1,1,0,0,2.6,JJ Quinerly,1642808,0,,2,0,False,0,0,6.5,11.8,1.0,0.5,1.0,2,0,2.0,0.3846153846153846,0.3846153846153846,0.0,0.0
2026-27,1022600099,2026-06-13,Jun,DAL,PDX,away,L,83,84,78.5,-1,167,0,0,0,0,0,0,0,0,0.0,JJ Quinerly,1642808,0,,0,0,False,0,0,6.5,11.8,1.0,0.5,1.0,0,0,0.0,,,,
2026-27,1022600001,2026-05-08,May,CON,NYL,away,L,75,106,88.5,-31,181,6,1,1,0,6,2,2,1,25.7,Saniya Rivers,1642809,-27,G,5,2,True,0,4,22.7,18.7,6.8,2.4,3.1,13,1,15.399999999999999,0.4233463035019455,0.23346303501945526,0.3333333333333333,0.16666666666666666
2026-27,1022600007,2026-05-10,May,CON,SEA,home,L,82,89,86.5,-7,171,3,0,2,0,8,1,0,0,19.8,Saniya Rivers,1642809,-22,G,2,1,False,0,2,22.7,18.7,6.8,2.4,3.1,6,0,5.7,0.5050505050505051,0.40404040404040403,0.0,0.25
2026-27,1022600016,2026-05-13,May,CON,LVA,home,L,69,98,83.0,-29,167,4,1,1,0,11,2,4,4,29.9,Saniya Rivers,1642809,-19,G,8,1,True,0,2,22.7,18.7,6.8,2.4,3.1,13,1,16.2,0.4936454849498328,0.3678929765886288,0.36363636363636365,0.09090909090909091
2026-27,1022600021,2026-05-15,May,CON,LVA,home,L,94,101,84.5,-7,195,7,1,6,2,12,5,2,2,28.1,Saniya Rivers,1642809,-2,,14,3,True,2,1,22.7,18.7,6.8,2.4,3.1,24,3,36.1,0.4939501779359431,0.4270462633451957,0.16666666666666666,0.5
2026-27,1022600030,2026-05-18,May,CON,PDX,away,L,82,83,74.5,-1,165,6,0,3,0,8,4,2,1,28.5,Saniya Rivers,1642809,0,,9,3,True,4,1,22.7,18.7,6.8,2.4,3.1,18,4,32.6,0.3466666666666667,0.2807017543859649,0.25,0.375
2026-27,1022600034,2026-05-20,May,CON,SEA,away,W,80,78,78.0,2,158,3,0,0,0,1,1,0,0,13.1,Saniya Rivers,1642809,19,,2,4,False,1,1,22.7,18.7,6.8,2.4,3.1,9,1,13.3,0.15267175572519084,0.07633587786259542,0.0,0.0
2026-27,1022600040,2026-05-22,May,CON,SEA,away,L,59,77,75.5,-18,136,2,1,1,0,6,1,2,0,21.1,Saniya Rivers,1642809,-17,,2,2,True,1,2,22.7,18.7,6.8,2.4,3.1,6,2,11.4,0.4208530805687203,0.2843601895734597,0.3333333333333333,0.16666666666666666
2026-27,1022600048,2026-05-25,May,CON,GSV,away,L,70,97,80.0,-27,167,0,1,3,0,8,0,2,2,21.8,Saniya Rivers,1642809,-16,,2,3,True,1,2,22.7,18.7,6.8,2.4,3.1,5,2,9.6,0.4990825688073395,0.36697247706422015,0.25,0.375
2026-27,1022600052,2026-05-27,May,CON,PDX,away,L,61,71,75.5,-10,132,2,0,3,0,11,3,2,1,22.5,Saniya Rivers,1642809,-10,G,7,1,True,0,3,22.7,18.7,6.8,2.4,3.1,10,0,8.2,0.6613333333333333,0.4888888888888889,0.18181818181818182,0.2727272727272727
2026-27,1022600061,2026-05-30,May,CON,LAS,home,W,84,81,83.0,3,165,4,1,1,0,10,4,2,1,29.3,Saniya Rivers,1642809,6,G,9,0,True,2,3,22.7,18.7,6.8,2.4,3.1,13,3,21.0,0.4737201365187714,0.341296928327645,0.2,0.1
2026-27,1022600066,2026-06-02,Jun,CON,ATL,away,L,75,91,77.5,-16,166,2,0,1,1,6,4,2,2,28.6,Saniya Rivers,1642809,-5,G,11,1,True,0,0,22.7,18.7,6.8,2.4,3.1,14,0,15.2,0.24055944055944053,0.2097902097902098,0.3333333333333333,0.16666666666666666
2026-27,1022600074,2026-06-05,Jun,CON,CHI,away,L,80,85,77.0,-5,165,3,2,2,1,9,6,2,1,23.3,Saniya Rivers,1642809,-3,G,14,1,True,1,3,22.7,18.7,6.8,2.4,3.1,18,3,25.7,0.5527896995708155,0.38626609442060084,0.2222222222222222,0.2222222222222222
2026-27,1022600083,2026-06-08,Jun,CON,NYL,home,L,80,89,82.0,-9,169,3,2,2,0,15,6,4,0,29.1,Saniya Rivers,1642809,-12,G,12,5,True,0,2,22.7,18.7,6.8,2.4,3.1,20,2,26.5,0.6446735395189004,0.5154639175257731,0.26666666666666666,0.13333333333333333
2026-27,1022600089,2026-06-10,Jun,CON,TOR,away,L,102,106,89.5,-4,208,7,2,5,2,11,3,4,4,35.1,Saniya Rivers,1642809,4,G,12,7,True,1,1,22.7,18.7,6.8,2.4,3.1,26,3,38.9,0.392022792022792,0.31339031339031337,0.36363636363636365,0.45454545454545453
2026-27,1022600097,2026-06-13,Jun,CON,IND,home,L,75,85,76.5,-10,160,4,1,4,1,10,4,0,0,26.9,Saniya Rivers,1642809,-5,G,9,3,True,2,0,22.7,18.7,6.8,2.4,3.1,16,3,27.6,0.3717472118959108,0.3717472118959108,0.0,0.4
2026-27,1022600107,2026-06-17,Jun,CON,WAS,home,L,81,88,76.0,-7,169,1,0,2,0,7,3,0,0,20.9,Saniya Rivers,1642809,-8,G,6,2,True,0,0,22.7,18.7,6.8,2.4,3.1,9,0,9.9,0.3349282296650718,0.3349282296650718,0.0,0.2857142857142857
2026-27,1022600114,2026-06-19,Jun,CON,TOR,home,L,97,101,84.0,-4,198,4,0,3,1,4,1,0,0,20.5,Saniya Rivers,1642809,-11,G,3,3,True,2,2,22.7,18.7,6.8,2.4,3.1,10,2,16.6,0.2926829268292683,0.1951219512195122,0.0,0.75
2026-27,1022600123,2026-06-22,Jun,CON,CHI,home,W,92,63,84.5,29,155,0,1,0,0,2,0,4,4,13.5,Saniya Rivers,1642809,17,,4,3,False,0,1,22.7,18.7,6.8,2.4,3.1,7,1,9.6,0.35259259259259257,0.14814814814814814,2.0,0.0
2026-27,1022600135,2026-06-26,Jun,CON,WAS,home,W,68,57,77.0,11,125,0,0,0,0,0,0,0,0,0.0,Saniya Rivers,1642809,0,,0,0,False,0,0,22.7,18.7,6.8,2.4,3.1,0,0,0.0,,,,
2026-27,1022600146,2026-07-02,Jul,CON,DAL,home,L,83,86,80.0,-3,169,2,0,0,0,3,1,0,0,13.0,Saniya Rivers,1642809,-4,,2,2,False,0,2,22.7,18.7,6.8,2.4,3.1,6,0,5.4,0.38461538461538464,0.23076923076923078,0.0,0.0
2026-27,1022600155,2026-07-06,Jul,CON,MIN,away,W,90,89,80.5,1,179,1,0,1,0,4,1,2,2,16.0,Saniya Rivers,1642809,-8,,4,2,False,1,1,22.7,18.7,6.8,2.4,3.1,7,1,9.9,0.3675,0.25,0.5,0.25
2026-27,1022600160,2026-07-08,Jul,CON,MIN,home,L,80,86,78.5,-6,166,2,1,2,0,5,2,2,1,8.7,Saniya Rivers,1642809,5,,5,1,False,2,2,22.7,18.7,6.8,2.4,3.1,8,3,16.2,0.9057471264367817,0.574712643678161,0.4,0.4
2026-27,1022600165,2026-07-10,Jul,CON,GSV,home,L,64,79,73.5,-15,143,0,0,0,0,0,0,0,0,0.0,Saniya Rivers,1642809,0,,0,0,False,0,0,22.7,18.7,6.8,2.4,3.1,0,0,0.0,,,,
2026-27,1022600027,2026-05-17,May,SEA,IND,away,L,78,89,84.0,-11,167,0,0,0,0,0,0,0,0,0.0,Taylor Thierry,1642814,0,,0,0,False,0,0,4.3,10.4,0.7000000000000001,0.9,0.0,0,0,0.0,,,,
2026-27,1022600034,2026-05-20,May,SEA,CON,home,L,78,80,78.0,-2,158,0,0,3,2,4,2,0,0,9.2,Taylor Thierry,1642814,-4,,6,2,False,0,0,4.3,10.4,0.7000000000000001,0.9,0.0,8,0,8.4,0.4347826086956522,0.4347826086956522,0.0,0.75
2026-27,1022600040,2026-05-22,May,SEA,CON,home,W,77,59,75.5,18,136,0,0,0,0,0,0,0,0,4.4,Taylor Thierry,1642814,-1,,0,1,False,0,0,4.3,10.4,0.7000000000000001,0.9,0.0,1,0,1.2,0.0,0.0,,
2026-27,1022600077,2026-06-06,Jun,SEA,MIN,away,L,68,88,80.0,-20,156,0,0,0,0,0,0,0,0,1.8,Taylor Thierry,1642814,-2,,0,0,False,0,0,4.3,10.4,0.7000000000000001,0.9,0.0,0,0,0.0,0.0,0.0,,
2026-27,1022600085,2026-06-08,Jun,SEA,LVA,away,L,91,101,18.5,-10,192,0,0,0,0,0,0,0,0,0.0,Taylor Thierry,1642814,0,,0,0,False,0,0,4.3,10.4,0.7000000000000001,0.9,0.0,0,0,0.0,,,,
2026-27,1022600090,2026-06-10,Jun,SEA,LAS,home,L,83,88,80.5,-5,171,0,0,0,0,0,0,0,0,0.0,Taylor Thierry,1642814,0,,0,0,False,0,0,4.3,10.4,0.7000000000000001,0.9,0.0,0,0,0.0,,,,
2026-27,1022600096,2026-06-12,Jun,SEA,GSV,home,L,72,76,75.0,-4,148,0,0,0,0,0,0,0,0,0.0,Taylor Thierry,1642814,0,,0,0,False,0,0,4.3,10.4,0.7000000000000001,0.9,0.0,0,0,0.0,,,,
2026-27,1022600112,2026-06-17,Jun,SEA,PDX,away,L,89,94,74.5,-5,183,0,0,0,0,1,0,0,0,2.6,Taylor Thierry,1642814,-4,,0,1,False,0,0,4.3,10.4,0.7000000000000001,0.9,0.0,1,0,1.2,0.3846153846153846,0.3846153846153846,0.0,0.0
2026-27,1022600118,2026-06-20,Jun,SEA,PHX,away,L,73,93,78.5,-20,166,0,0,1,0,2,0,0,0,6.9,Taylor Thierry,1642814,1,,0,2,False,1,1,4.3,10.4,0.7000000000000001,0.9,0.0,2,1,4.4,0.43478260869565216,0.2898550724637681,0.0,0.5
2026-27,1022600126,2026-06-22,Jun,SEA,DAL,home,L,110,112,91.5,-2,222,0,0,0,0,0,0,0,0,0.0,Taylor Thierry,1642814,0,,0,0,False,0,0,4.3,10.4,0.7000000000000001,0.9,0.0,0,0,0.0,,,,
2026-27,1022600134,2026-06-25,Jun,SEA,NYL,home,W,99,88,83.5,11,187,0,0,0,0,0,0,0,0,2.7,Taylor Thierry,1642814,-1,,0,1,False,0,0,4.3,10.4,0.7000000000000001,0.9,0.0,1,0,1.2,0.0,0.0,,
2026-27,1022600140,2026-06-27,Jun,SEA,ATL,home,W,105,90,83.0,15,195,0,0,0,0,1,0,0,0,6.0,Taylor Thierry,1642814,-5,,0,0,False,0,0,4.3,10.4,0.7000000000000001,0.9,0.0,0,0,0.0,0.16666666666666666,0.16666666666666666,0.0,0.0
2026-27,1022600147,2026-07-02,Jul,SEA,PHX,away,L,67,90,76.0,-23,157,0,0,0,0,0,0,0,0,2.2,Taylor Thierry,1642814,-3,,0,0,False,0,0,4.3,10.4,0.7000000000000001,0.9,0.0,0,0,0.0,0.0,0.0,,
2026-27,1022600151,2026-07-04,Jul,SEA,PDX,home,L,72,77,84.0,-5,149,0,0,0,0,0,0,0,0,0.0,Taylor Thierry,1642814,0,,0,0,False,0,0,4.3,10.4,0.7000000000000001,0.9,0.0,0,0,0.0,,,,
2026-27,1022600156,2026-07-06,Jul,SEA,LAS,away,W,82,64,85.0,18,146,0,0,0,0,0,0,0,0,2.5,Taylor Thierry,1642814,-1,,0,1,False,0,0,4.3,10.4,0.7000000000000001,0.9,0.0,1,0,1.2,0.0,0.0,,
2026-27,1022600162,2026-07-09,Jul,SEA,ATL,away,L,78,89,89.5,-11,167,0,0,0,0,0,0,0,0,0.0,Taylor Thierry,1642814,0,,0,0,False,0,0,4.3,10.4,0.7000000000000001,0.9,0.0,0,0,0.0,,,,
2026-27,1022600004,2026-05-09,May,IND,DAL,home,L,104,107,89.0,-3,211,1,0,0,0,6,5,2,1,19.0,Makayla Timpson,1642815,-2,,11,2,False,0,0,13.4,10.5,3.3,3.5,0.4,14,0,14.9,0.3621052631578947,0.3157894736842105,0.3333333333333333,0.0
2026-27,1022600018,2026-05-13,May,IND,LAS,away,W,87,78,82.0,9,165,1,0,0,0,2,1,0,0,9.3,Makayla Timpson,1642815,-3,,2,1,False,0,0,13.4,10.5,3.3,3.5,0.4,4,0,4.7,0.2150537634408602,0.2150537634408602,0.0,0.0
2026-27,1022600022,2026-05-15,May,IND,WAS,home,L,102,104,94.5,-2,206,0,0,0,0,1,0,0,0,4.2,Makayla Timpson,1642815,-1,,0,1,False,0,0,13.4,10.5,3.3,3.5,0.4,1,0,1.2,0.23809523809523808,0.23809523809523808,0.0,0.0
2026-27,1022600027,2026-05-17,May,IND,SEA,home,W,89,78,84.0,11,167,1,0,0,0,7,3,0,0,17.5,Makayla Timpson,1642815,5,,6,6,False,1,1,13.4,10.5,3.3,3.5,0.4,13,1,16.7,0.45714285714285713,0.4,0.0,0.0
2026-27,1022600032,2026-05-20,May,IND,PDX,home,W,90,73,82.0,17,163,0,0,0,0,1,1,2,0,19.6,Makayla Timpson,1642815,11,,2,5,False,0,0,13.4,10.5,3.3,3.5,0.4,7,0,8.0,0.09591836734693876,0.0510204081632653,2.0,0.0
2026-27,1022600039,2026-05-22,May,IND,GSV,home,W,90,82,83.0,8,172,0,0,0,0,1,0,0,0,11.7,Makayla Timpson,1642815,-3,,0,5,False,1,0,13.4,10.5,3.3,3.5,0.4,5,1,9.0,0.08547008547008547,0.08547008547008547,0.0,0.0
2026-27,1022600055,2026-05-28,May,IND,GSV,away,L,88,90,82.5,-2,178,2,1,0,0,3,3,2,1,15.0,Makayla Timpson,1642815,2,,7,5,False,1,0,13.4,10.5,3.3,3.5,0.4,14,2,22.0,0.25866666666666666,0.2,0.6666666666666666,0.0
2026-27,1022600062,2026-05-30,May,IND,PDX,away,L,84,100,80.0,-16,184,1,2,0,0,5,3,5,5,24.6,Makayla Timpson,1642815,-4,,11,6,True,1,1,13.4,10.5,3.3,3.5,0.4,18,3,27.7,0.33333333333333326,0.2032520325203252,1.0,0.0
2026-27,1022600072,2026-06-04,Jun,IND,ATL,home,W,83,71,77.5,12,154,0,0,0,0,0,0,0,0,13.8,Makayla Timpson,1642815,12,,0,3,False,0,1,13.4,10.5,3.3,3.5,0.4,3,0,2.5999999999999996,0.07246376811594203,0.0,,
2026-27,1022600080,2026-06-06,Jun,IND,NYL,away,L,75,83,85.0,-8,158,0,0,0,0,0,0,0,0,3.0,Makayla Timpson,1642815,-1,,0,0,False,0,0,13.4,10.5,3.3,3.5,0.4,0,0,0.0,0.0,0.0,,
2026-27,1022600084,2026-06-08,Jun,IND,WAS,away,W,78,76,81.0,2,154,1,0,0,0,0,0,0,0,2.4,Makayla Timpson,1642815,3,,0,0,False,0,0,13.4,10.5,3.3,3.5,0.4,1,0,1.5,0.0,0.0,,
2026-27,1022600091,2026-06-11,Jun,IND,CHI,home,W,114,106,96.5,8,220,0,2,0,0,3,2,0,0,19.9,Makayla Timpson,1642815,-9,,4,6,False,0,2,13.4,10.5,3.3,3.5,0.4,10,2,15.2,0.2512562814070352,0.15075376884422112,0.0,0.0
2026-27,1022600097,2026-06-13,Jun,IND,CON,away,W,85,75,76.5,10,160,0,2,0,0,1,1,1,0,10.6,Makayla Timpson,1642815,-5,,2,5,False,0,1,13.4,10.5,3.3,3.5,0.4,7,2,13.0,0.23018867924528302,0.09433962264150944,1.0,0.0
2026-27,1022600106,2026-06-16,Jun,IND,TOR,home,W,113,91,88.5,22,204,0,2,0,0,3,1,0,0,22.6,Makayla Timpson,1642815,17,,2,6,True,1,2,13.4,10.5,3.3,3.5,0.4,8,3,16.2,0.22123893805309733,0.1327433628318584,0.0,0.0
2026-27,1022600113,2026-06-18,Jun,IND,ATL,home,L,101,108,87.5,-7,209,0,0,0,0,3,2,2,2,21.4,Makayla Timpson,1642815,8,,6,4,True,3,1,13.4,10.5,3.3,3.5,0.4,10,3,18.8,0.2280373831775701,0.14018691588785048,0.6666666666666666,0.0
2026-27,1022600117,2026-06-20,Jun,IND,ATL,away,L,96,113,84.5,-17,209,0,1,0,0,0,0,0,0,4.1,Makayla Timpson,1642815,-9,,0,1,False,0,0,13.4,10.5,3.3,3.5,0.4,1,1,4.2,0.0,0.0,,
2026-27,1022600125,2026-06-22,Jun,IND,PHX,home,W,86,77,80.5,9,163,0,0,0,0,0,0,2,1,4.7,Makayla Timpson,1642815,-3,,1,2,False,1,1,13.4,10.5,3.3,3.5,0.4,3,1,5.4,0.39999999999999997,0.0,,
2026-27,1022600128,2026-06-24,Jun,IND,PHX,home,L,109,111,84.0,-2,220,0,0,0,0,0,0,0,0,0.0,Makayla Timpson,1642815,0,,0,0,False,0,0,13.4,10.5,3.3,3.5,0.4,0,0,0.0,,,,
2026-27,1022600139,2026-06-27,Jun,IND,LAS,home,W,111,87,85.5,24,198,0,0,0,0,0,0,6,5,10.3,Makayla Timpson,1642815,-6,,5,2,False,1,0,13.4,10.5,3.3,3.5,0.4,7,1,10.4,0.2563106796116505,0.0,,
2026-27,1022600153,2026-07-05,Jul,IND,LVA,away,W,84,68,72.5,16,152,1,0,0,0,2,1,0,0,8.0,Makayla Timpson,1642815,5,,2,4,False,0,0,13.4,10.5,3.3,3.5,0.4,7,0,8.3,0.25,0.25,0.0,0.0
2026-27,1022600161,2026-07-08,Jul,IND,LAS,away,L,92,106,91.5,-14,198,0,3,0,0,6,4,3,1,23.3,Makayla Timpson,1642815,-2,,9,5,True,0,1,13.4,10.5,3.3,3.5,0.4,14,3,23.0,0.35708154506437767,0.2575107296137339,0.5,0.0
2026-27,1022600163,2026-07-09,Jul,IND,PHX,away,W,92,89,78.5,3,181,1,1,0,0,2,0,0,0,14.8,Makayla Timpson,1642815,9,,0,5,False,0,0,13.4,10.5,3.3,3.5,0.4,6,1,10.5,0.13513513513513511,0.13513513513513511,0.0,0.0
2026-27,1022600001,2026-05-08,May,CON,NYL,away,L,75,106,88.5,-31,181,4,0,2,1,7,4,0,0,13.8,Hailey Van Lith,1642817,-7,,9,1,False,1,2,15.7,19.3,7.0,1.0,2.0,14,1,17.2,0.6521739130434783,0.5072463768115941,0.0,0.2857142857142857
2026-27,1022600007,2026-05-10,May,CON,SEA,home,L,82,89,86.5,-7,171,4,0,2,1,8,4,0,0,20.2,Hailey Van Lith,1642817,4,,9,3,False,1,1,15.7,19.3,7.0,1.0,2.0,16,1,20.6,0.44554455445544555,0.39603960396039606,0.0,0.25
2026-27,1022600016,2026-05-13,May,CON,LVA,home,L,69,98,83.0,-29,167,1,1,2,1,5,3,2,2,22.3,Hailey Van Lith,1642817,-14,,9,0,True,2,2,15.7,19.3,7.0,1.0,2.0,10,3,17.5,0.35336322869955156,0.22421524663677128,0.4,0.4
2026-27,1022600021,2026-05-15,May,CON,LVA,home,L,94,101,84.5,-7,195,4,0,4,3,11,7,0,0,21.6,Hailey Van Lith,1642817,-4,G,17,1,True,0,1,15.7,19.3,7.0,1.0,2.0,22,0,23.2,0.5555555555555555,0.5092592592592592,0.0,0.36363636363636365
2026-27,1022600030,2026-05-18,May,CON,PDX,away,L,82,83,74.5,-1,165,3,1,3,1,9,5,2,1,24.8,Hailey Van Lith,1642817,7,G,12,1,True,0,2,15.7,19.3,7.0,1.0,2.0,16,1,18.7,0.47903225806451616,0.3629032258064516,0.2222222222222222,0.3333333333333333
2026-27,1022600034,2026-05-20,May,CON,SEA,away,W,80,78,78.0,2,158,1,0,1,0,4,0,0,0,11.8,Hailey Van Lith,1642817,-2,G,0,0,False,0,0,15.7,19.3,7.0,1.0,2.0,1,0,1.5,0.3389830508474576,0.3389830508474576,0.0,0.25
2026-27,1022600040,2026-05-22,May,CON,SEA,away,L,59,77,75.5,-18,136,1,0,1,1,5,2,0,0,10.2,Hailey Van Lith,1642817,-12,,5,0,False,0,1,15.7,19.3,7.0,1.0,2.0,6,0,5.5,0.5882352941176471,0.4901960784313726,0.0,0.2
2026-27,1022600048,2026-05-25,May,CON,GSV,away,L,70,97,80.0,-27,167,2,0,0,0,7,2,1,1,20.4,Hailey Van Lith,1642817,-9,,5,2,True,1,0,15.7,19.3,7.0,1.0,2.0,9,1,13.4,0.3647058823529412,0.3431372549019608,0.14285714285714285,0.0
2026-27,1022600052,2026-05-27,May,CON,PDX,away,L,61,71,75.5,-10,132,0,1,2,0,5,3,1,1,12.7,Hailey Van Lith,1642817,4,,7,2,False,0,2,15.7,19.3,7.0,1.0,2.0,9,1,10.4,0.5858267716535434,0.3937007874015748,0.2,0.4
2026-27,1022600074,2026-06-05,Jun,CON,CHI,away,L,80,85,77.0,-5,165,0,0,0,0,1,1,2,2,5.9,Hailey Van Lith,1642817,-11,,4,1,False,0,1,15.7,19.3,7.0,1.0,2.0,5,0,4.2,0.48813559322033895,0.1694915254237288,2.0,0.0
2026-27,1022600083,2026-06-08,Jun,CON,NYL,home,L,80,89,82.0,-9,169,0,0,0,0,0,0,0,0,0.0,Hailey Van Lith,1642817,0,,0,0,False,0,0,15.7,19.3,7.0,1.0,2.0,0,0,0.0,,,,
2026-27,1022600097,2026-06-13,Jun,CON,IND,home,L,75,85,76.5,-10,160,0,0,0,0,0,0,0,0,0.0,Hailey Van Lith,1642817,0,,0,0,False,0,0,15.7,19.3,7.0,1.0,2.0,0,0,0.0,,,,
2026-27,1022600107,2026-06-17,Jun,CON,WAS,home,L,81,88,76.0,-7,169,0,0,0,0,0,0,0,0,0.0,Hailey Van Lith,1642817,0,,0,0,False,0,0,15.7,19.3,7.0,1.0,2.0,0,0,0.0,,,,
2026-27,1022600114,2026-06-19,Jun,CON,TOR,home,L,97,101,84.0,-4,198,0,0,0,0,0,0,0,0,0.0,Hailey Van Lith,1642817,0,,0,0,False,0,0,15.7,19.3,7.0,1.0,2.0,0,0,0.0,,,,
2026-27,1022600123,2026-06-22,Jun,CON,CHI,home,W,92,63,84.5,29,155,0,0,0,0,0,0,0,0,0.0,Hailey Van Lith,1642817,0,,0,0,False,0,0,15.7,19.3,7.0,1.0,2.0,0,0,0.0,,,,
2026-27,1022600135,2026-06-26,Jun,CON,WAS,home,W,68,57,77.0,11,125,0,0,0,0,0,0,0,0,0.0,Hailey Van Lith,1642817,0,,0,0,False,0,0,15.7,19.3,7.0,1.0,2.0,0,0,0.0,,,,
2026-27,1022600146,2026-07-02,Jul,CON,DAL,home,L,83,86,80.0,-3,169,0,0,0,0,0,0,0,0,0.0,Hailey Van Lith,1642817,0,,0,0,False,0,0,15.7,19.3,7.0,1.0,2.0,0,0,0.0,,,,
2026-27,1022600160,2026-07-08,Jul,CON,MIN,home,L,80,86,78.5,-6,166,0,0,0,0,0,0,0,0,0.0,Hailey Van Lith,1642817,0,,0,0,False,0,0,15.7,19.3,7.0,1.0,2.0,0,0,0.0,,,,
2026-27,1022600165,2026-07-10,Jul,CON,GSV,home,L,64,79,73.5,-15,143,2,0,0,0,0,0,0,0,9.5,Hailey Van Lith,1642817,-5,,0,0,False,1,0,15.7,19.3,7.0,1.0,2.0,2,1,6.0,0.0,0.0,,
2026-27,1022600119,2026-06-20,Jun,CHI,DAL,away,L,92,93,83.0,-1,185,1,0,1,0,1,0,0,0,9.8,Maddy Westbeld,1642818,3,,0,1,False,0,1,10.5,11.3,1.5,1.0,0.5,2,0,1.7000000000000002,0.2040816326530612,0.1020408163265306,0.0,1.0
2026-27,1022600123,2026-06-22,Jun,CHI,CON,away,L,63,92,84.5,-29,155,0,0,3,1,4,1,0,0,10.8,Maddy Westbeld,1642818,-13,,3,1,False,0,0,10.5,11.3,1.5,1.0,0.5,4,0,4.2,0.37037037037037035,0.37037037037037035,0.0,0.75
2026-27,1022600019,2026-05-14,May,MIN,DAL,away,W,90,86,78.0,4,176,0,0,0,0,0,0,0,0,0.0,Liatu King,1642820,0,,0,0,False,0,0,10.0,15.4,3.4,3.3,0.0,0,0,0.0,,,,
2026-27,1022600036,2026-05-21,May,MIN,TOR,home,W,100,72,77.5,28,172,0,0,2,1,5,3,4,2,19.3,Liatu King,1642820,9,,9,7,False,1,1,10.0,15.4,3.4,3.3,0.0,16,1,19.4,0.4020725388601036,0.25906735751295334,0.8,0.4
2026-27,1022600041,2026-05-23,May,MIN,CHI,away,W,85,75,86.5,10,160,0,3,0,0,1,0,2,0,10.3,Liatu King,1642820,-6,,0,4,False,1,2,10.0,15.4,3.4,3.3,0.0,4,4,14.8,0.37669902912621356,0.0970873786407767,2.0,0.0
2026-27,1022600051,2026-05-27,May,MIN,ATL,home,W,96,81,77.0,15,177,0,0,1,1,1,1,0,0,8.9,Liatu King,1642820,-1,,3,1,False,0,0,10.0,15.4,3.4,3.3,0.0,4,0,4.2,0.11235955056179775,0.11235955056179775,0.0,1.0
2026-27,1022600058,2026-05-29,May,MIN,CHI,away,W,79,58,86.0,21,137,0,1,2,0,4,1,0,0,9.6,Liatu King,1642820,-1,,2,3,False,0,1,10.0,15.4,3.4,3.3,0.0,5,1,7.6,0.5208333333333334,0.4166666666666667,0.0,0.5
2026-27,1022600098,2026-06-13,Jun,MIN,LVA,away,L,97,100,77.5,-3,197,0,0,1,0,2,1,4,2,9.3,Liatu King,1642820,-4,,4,4,False,0,0,10.0,15.4,3.4,3.3,0.0,8,0,8.8,0.40430107526881714,0.2150537634408602,2.0,0.5
2026-27,1022600110,2026-06-17,Jun,MIN,LAS,away,W,99,83,86.5,16,182,0,0,0,0,0,0,0,0,0.0,Liatu King,1642820,0,,0,0,False,0,0,10.0,15.4,3.4,3.3,0.0,0,0,0.0,,,,
2026-27,1022600116,2026-06-19,Jun,MIN,GSV,away,W,81,75,78.5,6,156,0,0,0,0,0,0,0,0,0.0,Liatu King,1642820,0,,0,0,False,0,0,10.0,15.4,3.4,3.3,0.0,0,0,0.0,,,,
2026-27,1022600141,2026-06-28,Jun,MIN,DAL,away,W,85,77,81.5,8,162,0,0,0,0,0,0,0,0,6.3,Liatu King,1642820,-9,,0,2,False,0,1,10.0,15.4,3.4,3.3,0.0,2,0,1.4,0.15873015873015872,0.0,,
2026-27,1022600148,2026-07-03,Jul,MIN,NYL,away,L,86,99,78.0,-13,185,0,0,0,0,3,3,0,0,7.0,Liatu King,1642820,4,,6,2,False,1,0,10.0,15.4,3.4,3.3,0.0,8,1,11.4,0.42857142857142855,0.42857142857142855,0.0,0.0
2026-27,1022600155,2026-07-06,Jul,MIN,CON,home,L,89,90,80.5,-1,179,0,0,0,0,0,0,0,0,0.0,Liatu King,1642820,0,,0,0,False,0,0,10.0,15.4,3.4,3.3,0.0,0,0,0.0,,,,
2026-27,1022600003,2026-05-08,May,GSV,SEA,away,W,91,80,75.0,11,171,2,0,3,2,10,5,2,2,16.2,Kaitlyn Chen,1642822,6,,14,1,False,0,0,14.9,20.8,7.2,1.3,1.7000000000000002,17,0,18.2,0.6716049382716051,0.617283950617284,0.2,0.3
2026-27,1022600011,2026-05-10,May,GSV,PHX,home,W,95,79,76.5,16,174,2,0,0,0,4,1,0,0,9.1,Kaitlyn Chen,1642822,8,,2,3,False,0,1,14.9,20.8,7.2,1.3,1.7000000000000002,7,0,7.6,0.5494505494505495,0.43956043956043955,0.0,0.0
2026-27,1022600017,2026-05-13,May,GSV,CHI,home,L,63,69,75.5,-6,132,0,0,1,0,8,2,0,0,17.8,Kaitlyn Chen,1642822,-10,,4,6,False,0,2,14.9,20.8,7.2,1.3,1.7000000000000002,10,0,9.2,0.5617977528089887,0.449438202247191,0.0,0.125
2026-27,1022600035,2026-05-21,May,GSV,NYL,away,W,87,70,76.0,17,157,1,0,1,0,2,0,2,2,14.6,Kaitlyn Chen,1642822,-9,,2,0,False,0,1,14.9,20.8,7.2,1.3,1.7000000000000002,3,0,2.5,0.26575342465753427,0.136986301369863,1.0,0.5
2026-27,1022600039,2026-05-22,May,GSV,IND,away,L,82,90,83.0,-8,172,0,0,2,2,11,7,3,2,18.8,Kaitlyn Chen,1642822,-3,,18,1,False,1,1,14.9,20.8,7.2,1.3,1.7000000000000002,19,1,21.2,0.7085106382978723,0.5851063829787234,0.2727272727272727,0.18181818181818182
2026-27,1022600048,2026-05-25,May,GSV,CON,home,W,97,70,80.0,27,167,2,0,1,0,5,3,4,4,22.8,Kaitlyn Chen,1642822,10,,10,2,True,0,1,14.9,20.8,7.2,1.3,1.7000000000000002,14,0,14.4,0.34035087719298246,0.21929824561403508,0.8,0.2
2026-27,1022600055,2026-05-28,May,GSV,IND,home,W,90,88,82.5,2,178,3,0,0,0,1,1,0,0,11.3,Kaitlyn Chen,1642822,4,,2,1,False,0,0,14.9,20.8,7.2,1.3,1.7000000000000002,6,0,7.7,0.08849557522123894,0.08849557522123894,0.0,0.0
2026-27,1022600063,2026-05-31,May,GSV,LVA,home,L,81,91,80.0,-10,172,3,0,1,1,4,2,0,0,12.4,Kaitlyn Chen,1642822,5,,5,1,False,0,0,14.9,20.8,7.2,1.3,1.7000000000000002,9,0,10.7,0.3225806451612903,0.3225806451612903,0.0,0.25
2026-27,1022600068,2026-06-02,Jun,GSV,PDX,home,W,95,77,73.5,18,172,2,0,2,2,4,3,2,1,17.2,Kaitlyn Chen,1642822,-4,,9,0,False,0,0,14.9,20.8,7.2,1.3,1.7000000000000002,11,0,12.0,0.2837209302325581,0.23255813953488372,0.5,0.5
2026-27,1022600073,2026-06-04,Jun,GSV,MIN,away,L,84,87,75.5,-3,171,5,0,2,1,4,2,0,0,14.0,Kaitlyn Chen,1642822,-1,,5,1,False,0,1,14.9,20.8,7.2,1.3,1.7000000000000002,11,0,12.7,0.35714285714285715,0.2857142857142857,0.0,0.5
2026-27,1022600078,2026-06-06,Jun,GSV,LVA,away,L,79,84,76.5,-5,163,0,0,0,0,1,0,0,0,6.1,Kaitlyn Chen,1642822,-1,,0,1,False,0,0,14.9,20.8,7.2,1.3,1.7000000000000002,1,0,1.2,0.1639344262295082,0.1639344262295082,0.0,0.0
2026-27,1022600088,2026-06-09,Jun,GSV,PHX,home,W,87,81,74.5,6,168,0,0,0,0,0,0,0,0,2.8,Kaitlyn Chen,1642822,-1,,0,0,False,0,1,14.9,20.8,7.2,1.3,1.7000000000000002,0,0,-1.0,0.35714285714285715,0.0,,
2026-27,1022600096,2026-06-12,Jun,GSV,SEA,away,W,76,72,75.0,4,148,0,0,1,0,1,0,0,0,9.8,Kaitlyn Chen,1642822,2,,0,2,False,0,0,14.9,20.8,7.2,1.3,1.7000000000000002,2,0,2.4,0.1020408163265306,0.1020408163265306,0.0,1.0
2026-27,1022600105,2026-06-15,Jun,GSV,LAS,home,W,78,58,73.5,20,136,1,0,0,0,4,3,0,0,10.1,Kaitlyn Chen,1642822,5,,6,3,False,1,1,14.9,20.8,7.2,1.3,1.7000000000000002,10,1,13.1,0.49504950495049505,0.39603960396039606,0.0,0.0
2026-27,1022600109,2026-06-17,Jun,GSV,DAL,home,W,91,80,77.5,11,171,2,0,2,1,10,7,1,0,25.2,Kaitlyn Chen,1642822,26,,15,2,True,1,2,14.9,20.8,7.2,1.3,1.7000000000000002,19,1,21.4,0.4936507936507936,0.39682539682539686,0.1,0.2
2026-27,1022600116,2026-06-19,Jun,GSV,MIN,home,L,75,81,78.5,-6,156,2,0,1,1,4,3,0,0,15.5,Kaitlyn Chen,1642822,-6,,7,0,False,0,2,14.9,20.8,7.2,1.3,1.7000000000000002,9,0,8.0,0.3870967741935484,0.25806451612903225,0.0,0.25
2026-27,1022600120,2026-06-21,Jun,GSV,LVA,away,L,73,92,72.5,-19,165,2,0,5,1,8,4,3,2,23.7,Kaitlyn Chen,1642822,-4,,11,2,True,0,2,14.9,20.8,7.2,1.3,1.7000000000000002,15,0,14.399999999999999,0.4776371308016878,0.33755274261603374,0.375,0.625
2026-27,1022600131,2026-06-24,Jun,GSV,ATL,home,W,77,66,73.5,11,143,0,0,1,0,1,0,0,0,5.0,Kaitlyn Chen,1642822,-2,,0,0,False,0,0,14.9,20.8,7.2,1.3,1.7000000000000002,0,0,0.0,0.2,0.2,0.0,1.0
2026-27,1022600137,2026-06-26,Jun,GSV,ATL,home,W,78,75,81.0,3,153,1,0,2,1,9,5,2,2,17.8,Kaitlyn Chen,1642822,-2,,13,3,False,0,4,14.9,20.8,7.2,1.3,1.7000000000000002,17,0,14.100000000000001,0.7797752808988764,0.5056179775280899,0.2222222222222222,0.2222222222222222
2026-27,1022600144,2026-06-28,Jun,GSV,NYL,home,W,76,67,69.0,9,143,2,0,0,0,5,3,2,2,12.6,Kaitlyn Chen,1642822,-16,,8,0,False,0,0,14.9,20.8,7.2,1.3,1.7000000000000002,10,0,11.0,0.4666666666666667,0.39682539682539686,0.4,0.0
2026-27,1022600150,2026-07-04,Jul,GSV,ATL,away,W,88,83,79.0,5,171,2,0,0,0,2,2,2,0,9.5,Kaitlyn Chen,1642822,-8,,4,0,False,0,0,14.9,20.8,7.2,1.3,1.7000000000000002,6,0,7.0,0.30315789473684207,0.21052631578947367,1.0,0.0
2026-27,1022600154,2026-07-06,Jul,GSV,WAS,away,W,62,49,68.0,13,111,4,0,3,1,9,6,1,1,20.9,Kaitlyn Chen,1642822,14,,14,1,True,0,1,14.9,20.8,7.2,1.3,1.7000000000000002,19,0,20.2,0.4995215311004785,0.430622009569378,0.1111111111111111,0.3333333333333333
2026-27,1022600159,2026-07-08,Jul,GSV,TOR,away,W,83,75,76.0,8,158,3,0,2,0,12,8,0,0,22.1,Kaitlyn Chen,1642822,11,,16,1,True,1,1,14.9,20.8,7.2,1.3,1.7000000000000002,20,1,23.7,0.588235294117647,0.5429864253393665,0.0,0.16666666666666666
2026-27,1022600165,2026-07-10,Jul,GSV,CON,away,W,79,64,73.5,15,143,1,0,1,0,7,4,2,0,20.7,Kaitlyn Chen,1642822,6,,8,1,True,2,4,14.9,20.8,7.2,1.3,1.7000000000000002,10,2,12.7,0.5739130434782609,0.33816425120772947,0.2857142857142857,0.14285714285714285
2026-27,1022600001,2026-05-08,May,NYL,CON,home,W,106,75,88.5,31,181,0,0,0,0,1,1,0,0,5.2,Aubrey Griffin,1642826,6,,2,0,False,0,1,1.8,10.6,0.5,0.30000000000000004,0.0,2,0,1.0,0.3846153846153846,0.1923076923076923,0.0,0.0
2026-27,1022600008,2026-05-10,May,NYL,WAS,away,W,98,93,86.5,5,191,0,0,0,0,0,0,0,0,0.3,Aubrey Griffin,1642826,0,,0,0,False,0,0,1.8,10.6,0.5,0.30000000000000004,0.0,0,0,0.0,0.0,0.0,,
2026-27,1022600014,2026-05-12,May,NYL,PDX,away,L,96,98,79.0,-2,194,0,0,0,0,0,0,0,0,0.3,Aubrey Griffin,1642826,-3,,0,0,False,0,0,1.8,10.6,0.5,0.30000000000000004,0.0,0,0,0.0,0.0,0.0,,
2026-27,1022600020,2026-05-14,May,NYL,PDX,away,W,100,82,86.0,18,182,0,0,0,0,0,0,0,0,2.0,Aubrey Griffin,1642826,-2,,0,1,False,0,0,1.8,10.6,0.5,0.30000000000000004,0.0,1,0,1.2,0.0,0.0,,
2026-27,1022600002,2026-05-08,May,TOR,WAS,home,L,65,68,81.5,-3,133,0,0,2,1,6,2,2,2,15.2,Laura Juskaite,1643420,1,,7,6,False,1,2,22.6,17.8,9.1,3.8,1.7000000000000002,13,1,15.2,0.5842105263157894,0.39473684210526316,0.3333333333333333,0.3333333333333333
2026-27,1022600015,2026-05-13,May,TOR,SEA,home,W,86,73,81.0,13,159,0,0,1,0,1,0,0,0,7.4,Laura Juskaite,1643420,4,,0,1,False,0,0,22.6,17.8,9.1,3.8,1.7000000000000002,1,0,1.2,0.13513513513513511,0.13513513513513511,0.0,1.0
2026-27,1022600023,2026-05-15,May,TOR,LAS,away,L,95,99,80.0,-4,194,4,0,4,2,9,5,5,4,25.1,Laura Juskaite,1643420,19,,16,3,True,4,1,22.6,17.8,9.1,3.8,1.7000000000000002,23,4,36.6,0.48605577689243024,0.3585657370517928,0.5555555555555556,0.4444444444444444
2026-27,1022600028,2026-05-17,May,TOR,LAS,away,W,106,96,80.0,10,202,1,0,1,0,5,3,2,1,20.7,Laura Juskaite,1643420,1,F,7,5,True,2,2,22.6,17.8,9.1,3.8,1.7000000000000002,13,2,18.5,0.38067632850241545,0.24154589371980678,0.4,0.2
2026-27,1022600031,2026-05-19,May,TOR,PHX,away,W,98,90,82.5,8,188,0,0,3,2,5,3,2,2,23.4,Laura Juskaite,1643420,9,C,10,5,True,0,2,22.6,17.8,9.1,3.8,1.7000000000000002,15,0,14.0,0.3367521367521368,0.2136752136752137,0.4,0.6
2026-27,1022600036,2026-05-21,May,TOR,MIN,away,L,72,100,77.5,-28,172,2,0,6,1,7,2,2,2,26.5,Laura Juskaite,1643420,-22,C,7,3,True,0,3,22.6,17.8,9.1,3.8,1.7000000000000002,12,0,10.6,0.41056603773584904,0.2641509433962264,0.2857142857142857,0.8571428571428571
2026-27,1022600042,2026-05-23,May,TOR,PDX,home,L,80,99,80.0,-19,179,1,0,1,0,3,1,1,1,19.9,Laura Juskaite,1643420,-5,F,3,2,False,0,1,22.6,17.8,9.1,3.8,1.7000000000000002,6,0,5.9,0.22311557788944722,0.15075376884422112,0.3333333333333333,0.3333333333333333
2026-27,1022600050,2026-05-27,May,TOR,CHI,away,W,111,104,84.0,7,215,2,1,1,1,4,3,0,0,21.9,Laura Juskaite,1643420,8,F,7,2,True,0,1,22.6,17.8,9.1,3.8,1.7000000000000002,11,1,14.4,0.22831050228310504,0.18264840182648404,0.0,0.25
2026-27,1022600060,2026-05-30,May,TOR,SEA,home,W,93,72,82.0,21,165,1,0,5,4,8,5,0,0,25.1,Laura Juskaite,1643420,25,F,14,5,True,2,1,22.6,17.8,9.1,3.8,1.7000000000000002,20,2,26.5,0.3585657370517928,0.3187250996015936,0.0,0.625
2026-27,1022600070,2026-06-03,Jun,TOR,NYL,away,L,82,97,78.5,-15,179,2,0,3,1,9,3,2,1,19.9,Laura Juskaite,1643420,-21,F,8,5,False,2,0,22.6,17.8,9.1,3.8,1.7000000000000002,15,2,23.0,0.4964824120603016,0.45226130653266333,0.2222222222222222,0.3333333333333333
2026-27,1022600081,2026-06-07,Jun,TOR,CHI,home,W,85,68,84.5,17,153,1,0,3,0,10,2,7,6,22.4,Laura Juskaite,1643420,7,F,10,4,False,0,0,22.6,17.8,9.1,3.8,1.7000000000000002,15,0,16.3,0.5839285714285715,0.44642857142857145,0.7,0.3
2026-27,1022600089,2026-06-10,Jun,TOR,CON,home,W,106,102,89.5,4,208,2,1,1,1,7,5,8,8,36.7,Laura Juskaite,1643420,16,F,19,6,True,4,0,22.6,17.8,9.1,3.8,1.7000000000000002,27,5,44.2,0.2866485013623978,0.19073569482288827,1.1428571428571428,0.14285714285714285
2026-27,1022600095,2026-06-12,Jun,TOR,WAS,away,L,85,86,84.5,-1,171,0,0,3,0,6,2,4,4,22.8,Laura Juskaite,1643420,-9,F,8,0,True,2,1,22.6,17.8,9.1,3.8,1.7000000000000002,8,2,13.0,0.38421052631578945,0.2631578947368421,0.6666666666666666,0.5
2026-27,1022600102,2026-06-14,Jun,TOR,ATL,home,L,77,102,81.0,-25,179,3,0,2,0,7,2,1,1,25.9,Laura Juskaite,1643420,-17,F,5,2,True,1,3,22.6,17.8,9.1,3.8,1.7000000000000002,10,1,11.9,0.4030888030888032,0.2702702702702703,0.14285714285714285,0.2857142857142857
2026-27,1022600106,2026-06-16,Jun,TOR,IND,away,L,91,113,88.5,-22,204,4,0,3,2,11,8,2,1,24.6,Laura Juskaite,1643420,-8,F,19,2,True,3,2,22.6,17.8,9.1,3.8,1.7000000000000002,25,3,34.4,0.5642276422764227,0.44715447154471544,0.18181818181818182,0.2727272727272727
2026-27,1022600114,2026-06-19,Jun,TOR,CON,away,W,101,97,84.0,4,198,4,1,1,0,7,2,0,0,29.3,Laura Juskaite,1643420,7,F,4,7,True,3,4,22.6,17.8,9.1,3.8,1.7000000000000002,15,4,26.4,0.37542662116040953,0.23890784982935154,0.0,0.14285714285714285
2026-27,1022600124,2026-06-22,Jun,TOR,ATL,away,L,87,94,84.5,-7,181,2,0,2,0,3,1,8,6,22.0,Laura Juskaite,1643420,9,,8,2,True,1,2,22.6,17.8,9.1,3.8,1.7000000000000002,12,1,14.399999999999999,0.38727272727272727,0.13636363636363635,2.6666666666666665,0.6666666666666666
2026-27,1022600132,2026-06-25,Jun,TOR,LAS,home,W,125,97,86.5,28,222,2,0,5,2,13,4,0,0,20.1,Laura Juskaite,1643420,14,,10,12,True,0,0,22.6,17.8,9.1,3.8,1.7000000000000002,24,0,27.4,0.6467661691542288,0.6467661691542288,0.0,0.38461538461538464
2026-27,1022600138,2026-06-27,Jun,TOR,PHX,home,L,80,89,78.5,-9,169,1,0,0,0,1,0,0,0,10.5,Laura Juskaite,1643420,6,,0,4,False,0,2,22.6,17.8,9.1,3.8,1.7000000000000002,5,0,4.3,0.2857142857142857,0.09523809523809523,0.0,0.0
2026-27,1022600152,2026-07-05,Jul,TOR,DAL,home,L,76,89,76.0,-13,165,1,1,3,1,7,3,2,1,23.9,Laura Juskaite,1643420,-1,,8,5,True,1,1,22.6,17.8,9.1,3.8,1.7000000000000002,14,2,20.5,0.3715481171548117,0.29288702928870297,0.2857142857142857,0.42857142857142855
2026-27,1022600159,2026-07-08,Jul,TOR,GSV,home,L,75,83,76.0,-8,158,1,0,2,1,2,1,2,2,18.3,Laura Juskaite,1643420,7,,5,0,True,3,3,22.6,17.8,9.1,3.8,1.7000000000000002,6,3,12.5,0.32131147540983607,0.1092896174863388,1.0,1.0
2026-27,1022600166,2026-07-10,Jul,TOR,DAL,home,L,95,108,78.5,-13,203,3,1,6,3,16,10,2,2,36.4,Laura Juskaite,1643420,-9,F,25,3,True,1,0,22.6,17.8,9.1,3.8,1.7000000000000002,31,2,39.1,0.46373626373626375,0.43956043956043955,0.125,0.375
2026-27,1022600045,2026-05-24,May,DAL,NYL,away,W,91,76,77.0,15,167,0,0,0,0,0,0,0,0,0.0,Costanza Verona,1643424,0,,0,0,False,0,0,6.0,16.7,4.0,0.0,2.0,0,0,0.0,,,,
2026-27,1022600087,2026-06-09,Jun,DAL,MIN,away,L,76,100,84.0,-24,176,2,0,0,0,2,2,0,0,5.8,Costanza Verona,1643424,-4,,4,0,False,0,0,6.0,16.7,4.0,0.0,2.0,6,0,7.0,0.3448275862068966,0.3448275862068966,0.0,0.0
2026-27,1022600099,2026-06-13,Jun,DAL,PDX,away,L,83,84,78.5,-1,167,0,0,0,0,0,0,0,0,0.0,Costanza Verona,1643424,0,,0,0,False,0,0,6.0,16.7,4.0,0.0,2.0,0,0,0.0,,,,
2026-27,1022600119,2026-06-20,Jun,DAL,CHI,home,W,93,92,83.0,1,185,0,0,0,0,0,0,0,0,0.0,Costanza Verona,1643424,0,,0,0,False,0,0,6.0,16.7,4.0,0.0,2.0,0,0,0.0,,,,
2026-27,1022600126,2026-06-22,Jun,DAL,SEA,away,W,112,110,91.5,2,222,0,0,0,0,0,0,0,0,0.0,Costanza Verona,1643424,0,,0,0,False,0,0,6.0,16.7,4.0,0.0,2.0,0,0,0.0,,,,
2026-27,1022600146,2026-07-02,Jul,DAL,CON,away,W,86,83,80.0,3,169,0,0,0,0,0,0,0,0,0.0,Costanza Verona,1643424,0,,0,0,False,0,0,6.0,16.7,4.0,0.0,2.0,0,0,0.0,,,,
2026-27,1022600157,2026-07-07,Jul,DAL,NYL,away,W,88,77,81.0,11,165,0,0,0,0,0,0,0,0,0.0,Costanza Verona,1643424,0,,0,0,False,0,0,6.0,16.7,4.0,0.0,2.0,0,0,0.0,,,,
2026-27,1022600004,2026-05-09,May,DAL,IND,away,W,107,104,89.0,3,211,0,0,2,1,2,1,0,0,17.5,Azzi Fudd,1643425,-1,,3,1,False,1,0,30.9,18.3,13.2,1.8,1.8,4,1,7.2,0.11428571428571428,0.11428571428571428,0.0,1.0
2026-27,1022600019,2026-05-14,May,DAL,MIN,home,L,86,90,78.0,-4,176,0,1,2,0,7,4,0,0,19.9,Azzi Fudd,1643425,8,,8,1,False,1,2,30.9,18.3,13.2,1.8,1.8,9,2,13.2,0.45226130653266333,0.35175879396984927,0.0,0.2857142857142857
2026-27,1022600029,2026-05-18,May,DAL,WAS,home,W,92,69,73.5,23,161,3,0,1,0,9,6,0,0,24.4,Azzi Fudd,1643425,20,,12,2,True,1,1,30.9,18.3,13.2,1.8,1.8,17,1,20.9,0.4098360655737705,0.36885245901639346,0.0,0.1111111111111111
2026-27,1022600033,2026-05-20,May,DAL,CHI,away,W,99,89,79.5,10,188,1,0,2,2,6,4,2,2,28.1,Azzi Fudd,1643425,6,,12,0,True,0,1,30.9,18.3,13.2,1.8,1.8,13,0,12.5,0.2804270462633452,0.21352313167259784,0.3333333333333333,0.3333333333333333
2026-27,1022600038,2026-05-22,May,DAL,ATL,away,L,69,86,78.0,-17,155,0,3,4,1,9,3,0,0,21.0,Azzi Fudd,1643425,-1,,7,1,True,1,0,30.9,18.3,13.2,1.8,1.8,8,4,20.2,0.42857142857142855,0.42857142857142855,0.0,0.4444444444444444
2026-27,1022600045,2026-05-24,May,DAL,NYL,away,W,91,76,77.0,15,167,3,2,12,6,15,9,0,0,32.0,Azzi Fudd,1643425,22,,24,2,True,3,1,30.9,18.3,13.2,1.8,1.8,29,5,44.9,0.5,0.46875,0.0,0.8
2026-27,1022600054,2026-05-28,May,DAL,LVA,home,W,95,87,78.5,8,182,2,1,5,3,15,9,2,1,37.7,Azzi Fudd,1643425,15,G,22,3,True,1,0,30.9,18.3,13.2,1.8,1.8,27,2,34.6,0.4212201591511936,0.3978779840848806,0.13333333333333333,0.3333333333333333
2026-27,1022600064,2026-06-01,Jun,DAL,SEA,home,W,79,56,79.0,23,135,0,1,4,1,7,4,0,0,23.5,Azzi Fudd,1643425,15,G,9,1,True,1,0,30.9,18.3,13.2,1.8,1.8,10,2,16.2,0.2978723404255319,0.2978723404255319,0.0,0.5714285714285714
2026-27,1022600075,2026-06-05,Jun,DAL,LAS,away,W,104,96,83.5,8,200,2,0,4,1,10,5,0,0,34.8,Azzi Fudd,1643425,5,G,11,1,True,2,0,30.9,18.3,13.2,1.8,1.8,14,2,21.2,0.2873563218390805,0.2873563218390805,0.0,0.4
2026-27,1022600087,2026-06-09,Jun,DAL,MIN,away,L,76,100,84.0,-24,176,0,0,6,2,12,2,0,0,30.0,Azzi Fudd,1643425,-15,G,6,0,True,2,2,30.9,18.3,13.2,1.8,1.8,6,2,10.0,0.4666666666666667,0.4,0.0,0.5
2026-27,1022600093,2026-06-11,Jun,DAL,PHX,home,W,85,70,82.5,15,155,4,3,5,1,13,7,2,2,34.3,Azzi Fudd,1643425,21,G,17,3,True,1,2,30.9,18.3,13.2,1.8,1.8,24,4,36.6,0.4629737609329447,0.37900874635568516,0.15384615384615385,0.38461538461538464
2026-27,1022600099,2026-06-13,Jun,DAL,PDX,away,L,83,84,78.5,-1,167,3,2,8,3,17,7,1,1,31.7,Azzi Fudd,1643425,7,G,18,4,True,2,1,30.9,18.3,13.2,1.8,1.8,25,4,38.3,0.5817034700315458,0.5362776025236593,0.058823529411764705,0.47058823529411764
2026-27,1022600103,2026-06-15,Jun,DAL,LVA,home,W,96,66,80.0,30,162,1,0,2,1,9,8,2,2,28.0,Azzi Fudd,1643425,22,G,19,0,True,0,1,30.9,18.3,13.2,1.8,1.8,20,0,19.5,0.3885714285714286,0.32142857142857145,0.2222222222222222,0.2222222222222222
2026-27,1022600109,2026-06-17,Jun,DAL,GSV,away,L,80,91,77.5,-11,171,1,1,5,2,13,4,2,0,37.4,Azzi Fudd,1643425,-14,G,10,1,True,5,1,30.9,18.3,13.2,1.8,1.8,12,6,29.7,0.39786096256684494,0.34759358288770054,0.15384615384615385,0.38461538461538464
2026-27,1022600119,2026-06-20,Jun,DAL,CHI,home,W,93,92,83.0,1,185,2,4,6,2,13,5,1,1,33.7,Azzi Fudd,1643425,5,G,13,5,True,1,2,30.9,18.3,13.2,1.8,1.8,20,5,35.0,0.45816023738872397,0.38575667655786344,0.07692307692307693,0.46153846153846156
2026-27,1022600126,2026-06-22,Jun,DAL,SEA,away,W,112,110,91.5,2,222,2,0,5,2,17,11,2,2,42.3,Azzi Fudd,1643425,2,G,26,3,True,4,1,30.9,18.3,13.2,1.8,1.8,31,4,43.6,0.4463356973995272,0.40189125295508277,0.11764705882352941,0.29411764705882354
2026-27,1022600133,2026-06-25,Jun,DAL,LVA,away,L,84,99,84.0,-15,183,1,0,4,1,9,3,0,0,32.3,Azzi Fudd,1643425,-20,G,7,1,True,2,1,30.9,18.3,13.2,1.8,1.8,9,2,14.7,0.30959752321981426,0.2786377708978328,0.0,0.4444444444444444
2026-27,1022600141,2026-06-28,Jun,DAL,MIN,home,L,77,85,81.5,-8,162,3,1,9,4,23,8,1,1,37.6,Azzi Fudd,1643425,-2,G,21,1,True,4,2,30.9,18.3,13.2,1.8,1.8,25,5,39.7,0.676595744680851,0.6117021276595744,0.043478260869565216,0.391304347826087
2026-27,1022600146,2026-07-02,Jul,DAL,CON,away,W,86,83,80.0,3,169,5,0,2,0,7,2,0,0,31.9,Azzi Fudd,1643425,3,G,4,4,True,0,5,30.9,18.3,13.2,1.8,1.8,13,0,11.3,0.3761755485893417,0.219435736677116,0.0,0.2857142857142857
2026-27,1022600152,2026-07-05,Jul,DAL,TOR,away,W,89,76,76.0,13,165,2,1,11,5,16,6,1,0,30.0,Azzi Fudd,1643425,22,G,17,3,True,3,0,30.9,18.3,13.2,1.8,1.8,22,4,35.6,0.548,0.5333333333333333,0.0625,0.6875
2026-27,1022600157,2026-07-07,Jul,DAL,NYL,away,W,88,77,81.0,11,165,3,0,4,0,13,6,0,0,34.3,Azzi Fudd,1643425,0,G,12,0,True,2,0,30.9,18.3,13.2,1.8,1.8,15,2,22.5,0.37900874635568516,0.37900874635568516,0.0,0.3076923076923077
2026-27,1022600166,2026-07-10,Jul,DAL,TOR,away,W,108,95,78.5,13,203,2,0,7,3,13,5,0,0,36.4,Azzi Fudd,1643425,16,G,13,2,True,1,0,30.9,18.3,13.2,1.8,1.8,17,1,21.4,0.35714285714285715,0.35714285714285715,0.0,0.5384615384615384
2026-27,1022600010,2026-05-09,May,MIN,ATL,home,L,90,91,86.5,-1,181,8,2,2,1,14,6,8,8,33.8,Olivia Miles,1643426,0,G,21,3,True,2,3,30.6,25.8,18.5,4.8,5.7,32,4,45.6,0.6071005917159764,0.4142011834319527,0.5714285714285714,0.14285714285714285
2026-27,1022600013,2026-05-12,May,MIN,PHX,away,W,88,84,81.0,4,172,7,0,2,0,10,5,4,3,25.9,Olivia Miles,1643426,6,G,13,6,True,0,2,30.6,25.8,18.5,4.8,5.7,26,0,28.7,0.5312741312741313,0.3861003861003861,0.4,0.2
2026-27,1022600019,2026-05-14,May,MIN,DAL,away,W,90,86,78.0,4,176,6,1,1,0,12,7,1,1,31.6,Olivia Miles,1643426,8,G,15,2,True,0,3,30.6,25.8,18.5,4.8,5.7,23,1,26.4,0.4886075949367088,0.37974683544303794,0.08333333333333333,0.08333333333333333
2026-27,1022600025,2026-05-17,May,MIN,CHI,home,L,79,86,84.5,-7,165,2,1,4,1,10,4,4,4,34.6,Olivia Miles,1643426,1,G,13,6,True,4,4,30.6,25.8,18.5,4.8,5.7,21,5,34.2,0.4554913294797688,0.2890173410404624,0.4,0.4
2026-27,1022600036,2026-05-21,May,MIN,TOR,home,W,100,72,77.5,28,172,5,1,1,0,10,6,2,2,23.2,Olivia Miles,1643426,22,G,14,4,True,1,2,30.6,25.8,18.5,4.8,5.7,23,2,30.299999999999997,0.5551724137931034,0.4310344827586207,0.2,0.1
2026-27,1022600041,2026-05-23,May,MIN,CHI,away,W,85,75,86.5,10,160,5,0,2,0,14,4,7,6,33.3,Olivia Miles,1643426,8,G,14,9,True,2,5,30.6,25.8,18.5,4.8,5.7,28,2,33.3,0.6630630630630631,0.42042042042042044,0.5,0.14285714285714285
2026-27,1022600051,2026-05-27,May,MIN,ATL,home,W,96,81,77.0,15,177,8,0,2,0,10,6,5,4,33.6,Olivia Miles,1643426,21,G,16,5,True,1,3,30.6,25.8,18.5,4.8,5.7,29,1,34.0,0.45238095238095233,0.2976190476190476,0.5,0.2
2026-27,1022600058,2026-05-29,May,MIN,CHI,away,W,79,58,86.0,21,137,6,0,4,0,10,4,10,9,31.7,Olivia Miles,1643426,20,G,17,6,True,2,4,30.6,25.8,18.5,4.8,5.7,29,2,35.2,0.5804416403785488,0.31545741324921134,1.0,0.4
2026-27,1022600065,2026-06-01,Jun,MIN,PHX,away,W,111,77,79.0,34,188,10,0,0,0,9,7,5,5,28.0,Olivia Miles,1643426,23,G,19,4,True,3,4,30.6,25.8,18.5,4.8,5.7,33,3,43.8,0.5428571428571428,0.32142857142857145,0.5555555555555556,0.0
2026-27,1022600073,2026-06-04,Jun,MIN,GSV,home,W,87,84,75.5,3,171,7,3,11,8,16,9,2,2,28.3,Olivia Miles,1643426,14,G,28,4,True,0,1,30.6,25.8,18.5,4.8,5.7,39,3,51.3,0.6318021201413427,0.5653710247349824,0.125,0.6875
2026-27,1022600077,2026-06-06,Jun,MIN,SEA,home,W,88,68,80.0,20,156,6,0,3,1,14,9,1,0,33.0,Olivia Miles,1643426,19,G,19,6,True,1,1,30.6,25.8,18.5,4.8,5.7,31,1,37.2,0.46787878787878784,0.42424242424242425,0.07142857142857142,0.21428571428571427
2026-27,1022600087,2026-06-09,Jun,MIN,DAL,home,W,100,76,84.0,24,176,6,1,3,2,10,7,8,8,31.1,Olivia Miles,1643426,18,G,24,7,True,1,4,30.6,25.8,18.5,4.8,5.7,37,2,43.4,0.5633440514469453,0.3215434083601286,0.8,0.3
2026-27,1022600098,2026-06-13,Jun,MIN,LVA,away,L,97,100,77.5,-3,197,1,0,6,3,20,11,4,4,33.9,Olivia Miles,1643426,-3,G,29,4,True,1,6,30.6,25.8,18.5,4.8,5.7,34,1,32.3,0.8188790560471977,0.5899705014749262,0.2,0.3
2026-27,1022600104,2026-06-15,Jun,MIN,PDX,home,W,107,74,81.5,33,181,5,0,2,0,8,6,0,0,22.9,Olivia Miles,1643426,21,G,12,4,True,3,3,30.6,25.8,18.5,4.8,5.7,21,3,30.299999999999997,0.48034934497816595,0.3493449781659389,0.0,0.25
2026-27,1022600110,2026-06-17,Jun,MIN,LAS,away,W,99,83,86.5,16,182,4,0,3,2,15,12,6,5,26.0,Olivia Miles,1643426,12,G,31,4,True,0,5,30.6,25.8,18.5,4.8,5.7,39,0,36.8,0.8707692307692307,0.5769230769230769,0.4,0.2
2026-27,1022600116,2026-06-19,Jun,MIN,GSV,away,W,81,75,78.5,6,156,4,3,4,0,10,1,5,5,32.3,Olivia Miles,1643426,2,G,7,5,True,3,6,30.6,25.8,18.5,4.8,5.7,16,6,31.0,0.563467492260062,0.30959752321981426,0.5,0.4
2026-27,1022600121,2026-06-21,Jun,MIN,WAS,home,L,79,84,82.0,-5,163,6,2,4,1,18,9,3,3,32.5,Olivia Miles,1643426,-10,G,22,5,True,0,4,30.6,25.8,18.5,4.8,5.7,33,2,39.0,0.7175384615384616,0.5538461538461539,0.16666666666666666,0.2222222222222222
2026-27,1022600129,2026-06-24,Jun,MIN,WAS,away,W,78,76,86.0,2,154,5,1,6,1,18,6,12,8,35.0,Olivia Miles,1643426,6,G,21,4,True,1,1,30.6,25.8,18.5,4.8,5.7,30,2,38.3,0.6937142857142857,0.5142857142857142,0.6666666666666666,0.3333333333333333
2026-27,1022600141,2026-06-28,Jun,MIN,DAL,away,W,85,77,81.5,8,162,8,1,4,1,13,6,8,8,34.1,Olivia Miles,1643426,13,G,21,3,True,1,5,30.6,25.8,18.5,4.8,5.7,32,2,37.6,0.6310850439882697,0.3812316715542522,0.6153846153846154,0.3076923076923077
2026-27,1022600148,2026-07-03,Jul,MIN,NYL,away,L,86,99,78.0,-13,185,5,0,4,0,16,5,4,4,26.2,Olivia Miles,1643426,-4,G,14,5,True,1,1,30.6,25.8,18.5,4.8,5.7,24,1,29.5,0.7160305343511452,0.6106870229007634,0.25,0.25
2026-27,1022600155,2026-07-06,Jul,MIN,CON,home,L,89,90,80.5,-1,179,0,0,0,0,0,0,0,0,0.0,Olivia Miles,1643426,0,,0,0,False,0,0,30.6,25.8,18.5,4.8,5.7,0,0,0.0,,,,
2026-27,1022600160,2026-07-08,Jul,MIN,CON,away,W,86,80,78.5,6,166,0,0,0,0,0,0,0,0,0.0,Olivia Miles,1643426,0,,0,0,False,0,0,30.6,25.8,18.5,4.8,5.7,0,0,0.0,,,,
2026-27,1022600002,2026-05-08,May,WAS,TOR,away,W,68,65,81.5,3,133,1,0,0,0,4,0,0,0,12.1,Lauren Betts,1643427,-10,,0,5,False,0,0,16.1,18.4,6.3,3.6,0.8,6,0,7.5,0.3305785123966942,0.3305785123966942,0.0,0.0
2026-27,1022600008,2026-05-10,May,WAS,NYL,home,L,93,98,86.5,-5,191,1,1,0,0,7,3,2,1,18.4,Lauren Betts,1643427,-7,,7,2,False,0,0,16.1,18.4,6.3,3.6,0.8,10,1,13.9,0.4282608695652174,0.3804347826086957,0.2857142857142857,0.0
2026-27,1022600022,2026-05-15,May,WAS,IND,away,W,104,102,94.5,2,206,0,0,0,0,2,1,2,2,13.9,Lauren Betts,1643427,-5,,4,2,False,0,1,16.1,18.4,6.3,3.6,0.8,6,0,5.4,0.279136690647482,0.14388489208633093,1.0,0.0
2026-27,1022600029,2026-05-18,May,WAS,DAL,away,L,69,92,73.5,-23,161,0,0,0,0,7,5,1,1,14.6,Lauren Betts,1643427,-7,,11,3,False,0,0,16.1,18.4,6.3,3.6,0.8,14,0,14.6,0.5095890410958904,0.4794520547945206,0.14285714285714285,0.0
2026-27,1022600046,2026-05-24,May,WAS,SEA,away,L,85,97,81.0,-12,182,0,0,0,0,4,2,4,2,13.2,Lauren Betts,1643427,-7,,6,3,False,0,2,16.1,18.4,6.3,3.6,0.8,9,0,7.6,0.5878787878787879,0.30303030303030304,1.0,0.0
2026-27,1022600053,2026-05-27,May,WAS,SEA,away,W,78,64,72.5,14,142,0,0,0,0,2,1,4,4,11.3,Lauren Betts,1643427,4,,6,3,False,0,0,16.1,18.4,6.3,3.6,0.8,9,0,9.6,0.33274336283185835,0.17699115044247787,2.0,0.0
2026-27,1022600057,2026-05-29,May,WAS,LAS,home,L,87,92,81.0,-5,179,0,2,0,0,3,1,0,0,10.3,Lauren Betts,1643427,-2,,2,1,False,0,0,16.1,18.4,6.3,3.6,0.8,3,2,9.2,0.2912621359223301,0.2912621359223301,0.0,0.0
2026-27,1022600067,2026-06-02,Jun,WAS,CHI,home,W,90,72,82.5,18,162,0,0,0,0,8,4,0,0,15.0,Lauren Betts,1643427,4,,8,4,False,1,0,16.1,18.4,6.3,3.6,0.8,12,1,15.8,0.5333333333333333,0.5333333333333333,0.0,0.0
2026-27,1022600079,2026-06-06,Jun,WAS,ATL,away,L,77,109,77.5,-32,186,1,0,0,0,4,2,2,2,15.7,Lauren Betts,1643427,-6,,6,1,False,0,1,16.1,18.4,6.3,3.6,0.8,8,0,7.699999999999999,0.3745222929936306,0.25477707006369427,0.5,0.0
2026-27,1022600084,2026-06-08,Jun,WAS,IND,home,L,76,78,81.0,-2,154,1,0,0,0,5,4,0,0,12.2,Lauren Betts,1643427,1,,8,3,False,0,0,16.1,18.4,6.3,3.6,0.8,12,0,13.1,0.4098360655737705,0.4098360655737705,0.0,0.0
2026-27,1022600095,2026-06-12,Jun,WAS,TOR,home,W,86,85,84.5,1,171,1,0,0,0,9,8,2,2,20.8,Lauren Betts,1643427,3,,18,4,False,2,3,16.1,18.4,6.3,3.6,0.8,23,2,27.3,0.6192307692307693,0.43269230769230765,0.2222222222222222,0.0
2026-27,1022600101,2026-06-14,Jun,WAS,NYL,away,L,64,86,78.5,-22,150,1,1,0,0,3,2,1,0,24.4,Lauren Betts,1643427,-17,,4,6,True,1,0,16.1,18.4,6.3,3.6,0.8,11,2,18.7,0.14098360655737704,0.12295081967213116,0.3333333333333333,0.0
2026-27,1022600107,2026-06-17,Jun,WAS,CON,away,W,88,81,76.0,7,169,3,0,0,0,7,2,10,9,32.2,Lauren Betts,1643427,12,C,13,7,True,0,2,16.1,18.4,6.3,3.6,0.8,23,0,23.9,0.4161490683229813,0.21739130434782608,1.4285714285714286,0.0
2026-27,1022600115,2026-06-19,Jun,WAS,NYL,away,W,86,83,79.0,3,169,0,1,0,0,6,4,1,0,17.4,Lauren Betts,1643427,-3,,8,5,False,1,1,16.1,18.4,6.3,3.6,0.8,13,2,19.0,0.4275862068965518,0.3448275862068966,0.16666666666666666,0.0
2026-27,1022600121,2026-06-21,Jun,WAS,MIN,away,W,84,79,82.0,5,163,0,0,0,0,2,1,0,0,17.6,Lauren Betts,1643427,11,,2,2,False,2,1,16.1,18.4,6.3,3.6,0.8,4,2,9.4,0.17045454545454544,0.11363636363636363,0.0,0.0
2026-27,1022600129,2026-06-24,Jun,WAS,MIN,home,L,76,78,86.0,-2,154,1,1,0,0,3,2,0,0,16.4,Lauren Betts,1643427,-2,,4,4,False,0,3,16.1,18.4,6.3,3.6,0.8,9,1,10.3,0.3658536585365854,0.1829268292682927,0.0,0.0
2026-27,1022600135,2026-06-26,Jun,WAS,CON,away,L,57,68,77.0,-11,125,2,1,0,0,5,2,4,1,17.3,Lauren Betts,1643427,10,,5,6,False,1,1,16.1,18.4,6.3,3.6,0.8,13,2,20.2,0.44855491329479763,0.2890173410404624,0.8,0.0
2026-27,1022600142,2026-06-28,Jun,WAS,PDX,home,W,124,123,117.5,1,247,1,0,0,0,6,2,2,0,12.9,Lauren Betts,1643427,-4,,4,2,False,1,0,16.1,18.4,6.3,3.6,0.8,7,1,10.9,0.5333333333333333,0.46511627906976744,0.3333333333333333,0.0
2026-27,1022600145,2026-07-02,Jul,WAS,ATL,home,W,81,76,82.0,5,157,1,0,0,0,2,2,0,0,12.3,Lauren Betts,1643427,6,,4,4,False,0,3,16.1,18.4,6.3,3.6,0.8,9,0,7.300000000000001,0.4065040650406504,0.16260162601626016,0.0,0.0
2026-27,1022600154,2026-07-06,Jul,WAS,GSV,home,L,49,62,68.0,-13,111,3,1,0,0,7,3,1,1,16.3,Lauren Betts,1643427,-10,,7,5,False,0,2,16.1,18.4,6.3,3.6,0.8,15,1,18.5,0.5791411042944786,0.42944785276073616,0.14285714285714285,0.0
2026-27,1022600003,2026-05-08,May,SEA,GSV,home,L,80,91,75.0,-11,171,2,0,7,3,12,3,3,3,25.7,Flau'jae Johnson,1643428,-6,G,12,2,True,1,2,28.3,24.5,12.8,5.3,2.8,16,1,18.4,0.5961089494163424,0.4669260700389105,0.25,0.5833333333333334
2026-27,1022600007,2026-05-10,May,SEA,CON,away,W,89,82,86.5,7,171,1,1,3,1,10,3,10,9,29.7,Flau'jae Johnson,1643428,11,G,16,6,True,3,1,28.3,24.5,12.8,5.3,2.8,23,4,35.7,0.5185185185185185,0.3367003367003367,1.0,0.3
2026-27,1022600015,2026-05-13,May,SEA,TOR,away,L,73,86,81.0,-13,159,2,1,1,0,7,2,4,3,28.6,Flau'jae Johnson,1643428,-13,G,7,6,True,1,3,28.3,24.5,12.8,5.3,2.8,15,2,20.2,0.4111888111888112,0.24475524475524474,0.5714285714285714,0.14285714285714285
2026-27,1022600027,2026-05-17,May,SEA,IND,away,L,78,89,84.0,-11,167,0,4,4,0,14,3,9,8,28.3,Flau'jae Johnson,1643428,-2,F,14,6,True,1,2,28.3,24.5,12.8,5.3,2.8,20,5,34.2,0.7053003533568905,0.4946996466431095,0.6428571428571429,0.2857142857142857
2026-27,1022600034,2026-05-20,May,SEA,CON,home,L,78,80,78.0,-2,158,0,1,2,0,6,2,2,1,15.8,Flau'jae Johnson,1643428,0,F,5,3,False,1,0,28.3,24.5,12.8,5.3,2.8,8,2,14.6,0.43544303797468353,0.37974683544303794,0.3333333333333333,0.3333333333333333
2026-27,1022600040,2026-05-22,May,SEA,CON,home,W,77,59,75.5,18,136,5,3,6,3,12,7,0,0,31.0,Flau'jae Johnson,1643428,18,F,17,7,True,0,5,28.3,24.5,12.8,5.3,2.8,29,3,36.9,0.5483870967741935,0.3870967741935484,0.0,0.5
2026-27,1022600046,2026-05-24,May,SEA,WAS,home,W,97,85,81.0,12,182,1,1,7,2,14,4,7,7,24.5,Flau'jae Johnson,1643428,4,F,17,6,True,1,2,28.3,24.5,12.8,5.3,2.8,24,2,29.7,0.7787755102040815,0.5714285714285714,0.5,0.5
2026-27,1022600053,2026-05-27,May,SEA,WAS,home,L,64,78,72.5,-14,142,2,2,4,0,13,3,2,2,28.9,Flau'jae Johnson,1643428,-11,F,8,2,True,0,0,28.3,24.5,12.8,5.3,2.8,12,2,19.4,0.48027681660899657,0.44982698961937717,0.15384615384615385,0.3076923076923077
2026-27,1022600060,2026-05-30,May,SEA,TOR,away,L,72,93,82.0,-21,165,3,1,5,1,9,3,0,0,24.1,Flau'jae Johnson,1643428,-15,F,7,3,True,0,2,28.3,24.5,12.8,5.3,2.8,13,1,16.1,0.45643153526970953,0.37344398340248963,0.0,0.5555555555555556
2026-27,1022600064,2026-06-01,Jun,SEA,DAL,away,L,56,79,79.0,-23,135,1,1,5,1,12,4,10,7,25.2,Flau'jae Johnson,1643428,-22,F,16,10,True,1,5,28.3,24.5,12.8,5.3,2.8,27,2,30.5,0.8492063492063492,0.4761904761904762,0.8333333333333334,0.4166666666666667
2026-27,1022600071,2026-06-03,Jun,SEA,PHX,home,L,68,72,79.5,-4,140,5,0,6,2,11,3,2,1,28.9,Flau'jae Johnson,1643428,5,G,9,4,True,2,4,28.3,24.5,12.8,5.3,2.8,18,2,23.3,0.5494809688581316,0.3806228373702422,0.18181818181818182,0.5454545454545454
2026-27,1022600077,2026-06-06,Jun,SEA,MIN,away,L,68,88,80.0,-20,156,2,0,7,2,15,4,0,0,26.1,Flau'jae Johnson,1643428,-4,G,10,6,True,1,3,28.3,24.5,12.8,5.3,2.8,18,1,20.2,0.689655172413793,0.5747126436781609,0.0,0.4666666666666667
2026-27,1022600085,2026-06-08,Jun,SEA,LVA,away,L,91,101,18.5,-10,192,7,0,1,1,9,5,2,2,24.0,Flau'jae Johnson,1643428,-1,G,13,2,True,0,0,28.3,24.5,12.8,5.3,2.8,22,0,25.9,0.4116666666666667,0.375,0.2222222222222222,0.1111111111111111
2026-27,1022600090,2026-06-10,Jun,SEA,LAS,home,L,83,88,80.5,-5,171,6,0,4,1,11,4,6,5,30.2,Flau'jae Johnson,1643428,0,G,14,12,True,0,0,28.3,24.5,12.8,5.3,2.8,32,0,37.4,0.45165562913907287,0.3642384105960265,0.5454545454545454,0.36363636363636365
2026-27,1022600096,2026-06-12,Jun,SEA,GSV,home,L,72,76,75.0,-4,148,1,0,2,0,9,4,0,0,28.9,Flau'jae Johnson,1643428,8,G,8,5,True,0,3,28.3,24.5,12.8,5.3,2.8,14,0,12.5,0.4152249134948097,0.31141868512110726,0.0,0.2222222222222222
2026-27,1022600112,2026-06-17,Jun,SEA,PDX,away,L,89,94,74.5,-5,183,1,0,1,0,7,4,0,0,22.3,Flau'jae Johnson,1643428,8,F,8,2,False,1,2,28.3,24.5,12.8,5.3,2.8,11,1,12.9,0.40358744394618834,0.3139013452914798,0.0,0.14285714285714285
2026-27,1022600118,2026-06-20,Jun,SEA,PHX,away,L,73,93,78.5,-20,166,0,2,7,1,17,6,0,0,33.7,Flau'jae Johnson,1643428,-10,F,13,2,True,0,2,28.3,24.5,12.8,5.3,2.8,15,2,19.4,0.5637982195845697,0.5044510385756676,0.0,0.4117647058823529
2026-27,1022600126,2026-06-22,Jun,SEA,DAL,home,L,110,112,91.5,-2,222,9,1,3,2,9,3,3,3,39.6,Flau'jae Johnson,1643428,11,G,11,5,True,2,2,28.3,24.5,12.8,5.3,2.8,25,3,37.5,0.3111111111111111,0.22727272727272727,0.3333333333333333,0.3333333333333333
2026-27,1022600134,2026-06-25,Jun,SEA,NYL,home,W,99,88,83.5,11,187,2,1,10,4,23,11,4,2,32.7,Flau'jae Johnson,1643428,13,F,28,9,True,3,2,28.3,24.5,12.8,5.3,2.8,39,4,51.8,0.8183486238532109,0.7033639143730887,0.17391304347826086,0.43478260869565216
2026-27,1022600140,2026-06-27,Jun,SEA,ATL,home,W,105,90,83.0,15,195,4,0,3,2,12,9,5,4,32.9,Flau'jae Johnson,1643428,12,F,24,11,True,2,4,28.3,24.5,12.8,5.3,2.8,39,2,45.2,0.5531914893617021,0.364741641337386,0.4166666666666667,0.25
2026-27,1022600147,2026-07-02,Jul,SEA,PHX,away,L,67,90,76.0,-23,157,3,1,5,2,12,4,2,1,29.3,Flau'jae Johnson,1643428,-9,F,11,3,True,1,1,28.3,24.5,12.8,5.3,2.8,17,2,24.1,0.4737201365187714,0.40955631399317405,0.16666666666666666,0.4166666666666667
2026-27,1022600151,2026-07-04,Jul,SEA,PDX,home,L,72,77,84.0,-5,149,3,0,3,0,5,0,2,1,30.6,Flau'jae Johnson,1643428,0,F,1,8,True,1,3,28.3,24.5,12.8,5.3,2.8,12,1,15.100000000000001,0.2901960784313725,0.16339869281045752,0.4,0.6
2026-27,1022600156,2026-07-06,Jul,SEA,LAS,away,W,82,64,85.0,18,146,3,0,9,3,19,9,2,2,27.4,Flau'jae Johnson,1643428,15,F,23,5,True,1,4,28.3,24.5,12.8,5.3,2.8,31,1,32.5,0.8715328467153285,0.6934306569343066,0.10526315789473684,0.47368421052631576
2026-27,1022600162,2026-07-09,Jul,SEA,ATL,away,L,78,89,89.5,-11,167,5,1,3,0,12,5,5,4,29.3,Flau'jae Johnson,1643428,-3,F,14,2,True,2,3,28.3,24.5,12.8,5.3,2.8,21,3,29.9,0.5870307167235495,0.40955631399317405,0.4166666666666667,0.25
2026-27,1022600001,2026-05-08,May,CON,NYL,away,L,75,106,88.5,-31,181,1,0,4,1,8,3,0,0,12.8,Gianna Kneepkens,1643429,-7,,7,5,False,0,0,8.4,16.2,3.0,1.1,0.5,13,0,14.5,0.625,0.625,0.0,0.5
2026-27,1022600007,2026-05-10,May,CON,SEA,home,L,82,89,86.5,-7,171,1,0,0,0,2,1,0,0,8.0,Gianna Kneepkens,1643429,7,,2,1,False,0,0,8.4,16.2,3.0,1.1,0.5,4,0,4.7,0.25,0.25,0.0,0.0
2026-27,1022600016,2026-05-13,May,CON,LVA,home,L,69,98,83.0,-29,167,0,0,1,0,4,2,0,0,16.0,Gianna Kneepkens,1643429,-7,,4,3,False,1,0,8.4,16.2,3.0,1.1,0.5,7,1,10.6,0.25,0.25,0.0,0.25
2026-27,1022600021,2026-05-15,May,CON,LVA,home,L,94,101,84.5,-7,195,1,0,2,0,5,1,1,1,17.6,Gianna Kneepkens,1643429,-5,G,3,3,False,0,2,8.4,16.2,3.0,1.1,0.5,7,0,6.1,0.42272727272727273,0.28409090909090906,0.2,0.4
2026-27,1022600030,2026-05-18,May,CON,PDX,away,L,82,83,74.5,-1,165,0,0,1,1,2,1,0,0,4.3,Gianna Kneepkens,1643429,-6,,3,0,False,0,0,8.4,16.2,3.0,1.1,0.5,3,0,3.0,0.46511627906976744,0.46511627906976744,0.0,0.5
2026-27,1022600034,2026-05-20,May,CON,SEA,away,W,80,78,78.0,2,158,0,0,1,0,2,0,2,2,4.2,Gianna Kneepkens,1643429,-1,G,2,1,False,0,0,8.4,16.2,3.0,1.1,0.5,3,0,3.2,0.6857142857142856,0.47619047619047616,1.0,0.5
2026-27,1022600040,2026-05-22,May,CON,SEA,away,L,59,77,75.5,-18,136,0,0,3,0,5,2,0,0,10.9,Gianna Kneepkens,1643429,3,G,4,1,False,0,0,8.4,16.2,3.0,1.1,0.5,5,0,5.2,0.4587155963302752,0.4587155963302752,0.0,0.6
2026-27,1022600048,2026-05-25,May,CON,GSV,away,L,70,97,80.0,-27,167,1,0,0,0,2,2,2,2,11.5,Gianna Kneepkens,1643429,-12,G,6,1,False,1,0,8.4,16.2,3.0,1.1,0.5,8,1,11.7,0.2504347826086956,0.17391304347826086,1.0,0.0
2026-27,1022600052,2026-05-27,May,CON,PDX,away,L,61,71,75.5,-10,132,0,0,1,0,2,1,2,2,8.8,Gianna Kneepkens,1643429,-2,,4,1,False,0,0,8.4,16.2,3.0,1.1,0.5,5,0,5.2,0.3272727272727272,0.22727272727272727,1.0,0.5
2026-27,1022600061,2026-05-30,May,CON,LAS,home,W,84,81,83.0,3,165,0,0,1,1,1,1,0,0,6.4,Gianna Kneepkens,1643429,-2,,3,0,False,0,0,8.4,16.2,3.0,1.1,0.5,3,0,3.0,0.15625,0.15625,0.0,1.0
2026-27,1022600066,2026-06-02,Jun,CON,ATL,away,L,75,91,77.5,-16,166,1,0,0,0,0,0,0,0,4.6,Gianna Kneepkens,1643429,3,,0,1,False,0,0,8.4,16.2,3.0,1.1,0.5,2,0,2.7,0.0,0.0,,
2026-27,1022600074,2026-06-05,Jun,CON,CHI,away,L,80,85,77.0,-5,165,0,0,0,0,1,0,3,2,7.7,Gianna Kneepkens,1643429,-6,,2,0,False,0,0,8.4,16.2,3.0,1.1,0.5,2,0,2.0,0.30129870129870134,0.12987012987012986,3.0,0.0
2026-27,1022600083,2026-06-08,Jun,CON,NYL,home,L,80,89,82.0,-9,169,4,0,2,0,5,1,3,3,13.4,Gianna Kneepkens,1643429,7,,5,1,False,0,0,8.4,16.2,3.0,1.1,0.5,10,0,12.2,0.4716417910447761,0.3731343283582089,0.6,0.4
2026-27,1022600089,2026-06-10,Jun,CON,TOR,away,L,102,106,89.5,-4,208,0,0,0,0,0,0,0,0,0.2,Gianna Kneepkens,1643429,0,,0,0,False,0,1,8.4,16.2,3.0,1.1,0.5,0,0,-1.0,5.0,0.0,,
2026-27,1022600097,2026-06-13,Jun,CON,IND,home,L,75,85,76.5,-10,160,0,0,0,0,0,0,0,0,0.0,Gianna Kneepkens,1643429,0,,0,0,False,0,0,8.4,16.2,3.0,1.1,0.5,0,0,0.0,,,,
2026-27,1022600107,2026-06-17,Jun,CON,WAS,home,L,81,88,76.0,-7,169,0,0,1,0,1,0,0,0,4.7,Gianna Kneepkens,1643429,-6,,0,1,False,0,1,8.4,16.2,3.0,1.1,0.5,1,0,0.19999999999999996,0.425531914893617,0.2127659574468085,0.0,1.0
2026-27,1022600114,2026-06-19,Jun,CON,TOR,home,L,97,101,84.0,-4,198,0,0,0,0,0,0,0,0,0.0,Gianna Kneepkens,1643429,0,,0,0,False,0,0,8.4,16.2,3.0,1.1,0.5,0,0,0.0,,,,
2026-27,1022600123,2026-06-22,Jun,CON,CHI,home,W,92,63,84.5,29,155,0,0,1,0,3,2,0,0,5.1,Gianna Kneepkens,1643429,-2,,4,1,False,0,0,8.4,16.2,3.0,1.1,0.5,5,0,5.2,0.5882352941176471,0.5882352941176471,0.0,0.3333333333333333
2026-27,1022600135,2026-06-26,Jun,CON,WAS,home,W,68,57,77.0,11,125,0,0,0,0,0,0,0,0,0.0,Gianna Kneepkens,1643429,0,,0,0,False,0,0,8.4,16.2,3.0,1.1,0.5,0,0,0.0,,,,
2026-27,1022600146,2026-07-02,Jul,CON,DAL,home,L,83,86,80.0,-3,169,0,0,0,0,0,0,0,0,0.0,Gianna Kneepkens,1643429,0,,0,0,False,0,0,8.4,16.2,3.0,1.1,0.5,0,0,0.0,,,,
2026-27,1022600155,2026-07-06,Jul,CON,MIN,away,W,90,89,80.5,1,179,0,0,2,0,2,0,2,2,4.7,Gianna Kneepkens,1643429,3,,2,0,False,0,0,8.4,16.2,3.0,1.1,0.5,2,0,2.0,0.6127659574468085,0.425531914893617,1.0,1.0
2026-27,1022600160,2026-07-08,Jul,CON,MIN,home,L,80,86,78.5,-6,166,1,0,3,2,3,2,0,0,8.6,Gianna Kneepkens,1643429,-3,,6,0,False,0,0,8.4,16.2,3.0,1.1,0.5,7,0,7.5,0.3488372093023256,0.3488372093023256,0.0,1.0
2026-27,1022600165,2026-07-10,Jul,CON,GSV,home,L,64,79,73.5,-15,143,0,0,0,0,1,0,0,0,9.2,Gianna Kneepkens,1643429,-8,,0,1,False,1,0,8.4,16.2,3.0,1.1,0.5,1,1,4.2,0.10869565217391305,0.10869565217391305,0.0,0.0
2026-27,1022600008,2026-05-10,May,WAS,NYL,home,L,93,98,86.5,-5,191,0,0,0,0,0,0,0,0,0.0,Cotie McMahon,1643430,0,,0,0,False,0,0,21.2,17.4,6.7,2.7,2.0,0,0,0.0,,,,
2026-27,1022600022,2026-05-15,May,WAS,IND,away,W,104,102,94.5,2,206,2,0,4,2,12,5,2,1,30.2,Cotie McMahon,1643430,-13,F,13,5,True,0,1,21.2,17.4,6.7,2.7,2.0,20,0,21.0,0.45960264900662257,0.3973509933774835,0.16666666666666666,0.3333333333333333
2026-27,1022600029,2026-05-18,May,WAS,DAL,away,L,69,92,73.5,-23,161,1,0,2,1,3,2,2,2,20.9,Cotie McMahon,1643430,-23,G,7,1,False,0,4,21.2,17.4,6.7,2.7,2.0,9,0,5.699999999999999,0.37703349282296655,0.14354066985645933,0.6666666666666666,0.6666666666666666
2026-27,1022600046,2026-05-24,May,WAS,SEA,away,L,85,97,81.0,-12,182,1,0,1,0,3,0,2,2,15.6,Cotie McMahon,1643430,-8,,2,2,False,1,0,21.2,17.4,6.7,2.7,2.0,5,1,8.9,0.24871794871794872,0.19230769230769232,0.6666666666666666,0.3333333333333333
2026-27,1022600053,2026-05-27,May,WAS,SEA,away,W,78,64,72.5,14,142,2,1,1,0,1,0,0,0,7.6,Cotie McMahon,1643430,7,,0,0,False,0,1,21.2,17.4,6.7,2.7,2.0,2,1,5.0,0.2631578947368421,0.13157894736842105,0.0,1.0
2026-27,1022600057,2026-05-29,May,WAS,LAS,home,L,87,92,81.0,-5,179,0,0,1,1,2,2,2,0,4.6,Cotie McMahon,1643430,-2,,5,0,False,0,0,21.2,17.4,6.7,2.7,2.0,5,0,5.0,0.6260869565217392,0.4347826086956522,1.0,0.5
2026-27,1022600067,2026-06-02,Jun,WAS,CHI,home,W,90,72,82.5,18,162,4,1,0,0,7,3,4,2,25.4,Cotie McMahon,1643430,6,G,8,2,True,3,1,21.2,17.4,6.7,2.7,2.0,14,4,27.4,0.384251968503937,0.2755905511811024,0.5714285714285714,0.0
2026-27,1022600079,2026-06-06,Jun,WAS,ATL,away,L,77,109,77.5,-32,186,0,0,1,0,4,2,4,3,14.8,Cotie McMahon,1643430,-5,,7,2,False,0,2,21.2,17.4,6.7,2.7,2.0,9,0,7.4,0.5243243243243243,0.27027027027027023,1.0,0.25
2026-27,1022600084,2026-06-08,Jun,WAS,IND,home,L,76,78,81.0,-2,154,3,0,3,0,10,2,4,3,21.8,Cotie McMahon,1643430,7,,7,7,True,0,1,21.2,17.4,6.7,2.7,2.0,17,0,18.9,0.5853211009174312,0.4587155963302752,0.4,0.3
2026-27,1022600095,2026-06-12,Jun,WAS,TOR,home,W,86,85,84.5,1,171,3,0,1,0,6,4,2,1,22.9,Cotie McMahon,1643430,7,,9,2,True,2,1,21.2,17.4,6.7,2.7,2.0,14,2,20.9,0.3441048034934498,0.26200873362445415,0.3333333333333333,0.16666666666666666
2026-27,1022600101,2026-06-14,Jun,WAS,NYL,away,L,64,86,78.5,-22,150,0,0,5,2,10,3,0,0,20.8,Cotie McMahon,1643430,-21,,8,3,False,1,0,21.2,17.4,6.7,2.7,2.0,11,1,14.6,0.4807692307692307,0.4807692307692307,0.0,0.5
2026-27,1022600107,2026-06-17,Jun,WAS,CON,away,W,88,81,76.0,7,169,4,0,1,0,3,0,2,2,21.1,Cotie McMahon,1643430,4,,2,6,True,0,1,21.2,17.4,6.7,2.7,2.0,12,0,14.2,0.23127962085308054,0.14218009478672985,0.6666666666666666,0.3333333333333333
2026-27,1022600115,2026-06-19,Jun,WAS,NYL,away,W,86,83,79.0,3,169,1,0,3,1,5,3,3,0,13.2,Cotie McMahon,1643430,0,,7,1,False,1,0,21.2,17.4,6.7,2.7,2.0,9,1,12.7,0.4787878787878788,0.3787878787878788,0.6,0.6
2026-27,1022600121,2026-06-21,Jun,WAS,MIN,away,W,84,79,82.0,5,163,5,1,4,4,9,5,2,1,25.6,Cotie McMahon,1643430,10,,15,3,True,0,1,21.2,17.4,6.7,2.7,2.0,23,1,28.1,0.425,0.3515625,0.2222222222222222,0.4444444444444444
2026-27,1022600129,2026-06-24,Jun,WAS,MIN,home,L,76,78,86.0,-2,154,1,0,1,0,8,3,2,1,29.1,Cotie McMahon,1643430,-10,,7,3,True,0,1,21.2,17.4,6.7,2.7,2.0,11,0,11.1,0.3395189003436426,0.274914089347079,0.25,0.125
2026-27,1022600135,2026-06-26,Jun,WAS,CON,away,L,57,68,77.0,-11,125,2,0,1,0,4,1,4,2,24.1,Cotie McMahon,1643430,0,,4,2,True,0,2,21.2,17.4,6.7,2.7,2.0,8,0,7.4,0.32199170124481324,0.16597510373443983,1.0,0.25
2026-27,1022600142,2026-06-28,Jun,WAS,PDX,home,W,124,123,117.5,1,247,2,0,3,1,5,2,0,0,20.6,Cotie McMahon,1643430,-23,,5,1,False,0,0,21.2,17.4,6.7,2.7,2.0,8,0,9.2,0.24271844660194172,0.24271844660194172,0.0,0.6
2026-27,1022600145,2026-07-02,Jul,WAS,ATL,home,W,81,76,82.0,5,157,2,0,5,2,7,2,2,1,32.6,Cotie McMahon,1643430,-1,G,7,3,True,1,5,21.2,17.4,6.7,2.7,2.0,12,1,11.600000000000001,0.39509202453987724,0.21472392638036808,0.2857142857142857,0.7142857142857143
2026-27,1022600154,2026-07-06,Jul,WAS,GSV,home,L,49,62,68.0,-13,111,3,0,4,1,7,2,3,3,29.3,Cotie McMahon,1643430,-9,G,8,5,True,0,3,21.2,17.4,6.7,2.7,2.0,16,0,15.5,0.3863481228668942,0.23890784982935154,0.42857142857142855,0.5714285714285714
2026-27,1022600010,2026-05-09,May,ATL,MIN,away,W,91,90,86.5,1,181,0,0,1,0,6,3,2,2,9.8,Madina Okot,1643431,2,,8,4,False,1,1,9.5,25.7,5.6,3.6,0.2,12,1,14.8,0.8040816326530612,0.6122448979591836,0.3333333333333333,0.16666666666666666
2026-27,1022600012,2026-05-12,May,ATL,DAL,away,W,77,72,78.0,5,149,0,0,0,0,1,0,0,0,9.2,Madina Okot,1643431,0,,0,5,False,0,1,9.5,25.7,5.6,3.6,0.2,5,0,5.0,0.2173913043478261,0.10869565217391305,0.0,0.0
2026-27,1022600026,2026-05-17,May,ATL,LVA,home,L,84,85,85.0,-1,169,1,1,2,0,12,7,1,0,15.8,Madina Okot,1643431,18,,14,11,False,0,1,9.5,25.7,5.6,3.6,0.2,26,1,30.7,0.850632911392405,0.7594936708860759,0.08333333333333333,0.16666666666666666
2026-27,1022600038,2026-05-22,May,ATL,DAL,home,W,86,69,78.0,17,155,0,1,0,0,0,0,0,0,8.1,Madina Okot,1643431,0,,0,5,False,0,2,9.5,25.7,5.6,3.6,0.2,5,1,7.0,0.2469135802469136,0.0,,
2026-27,1022600044,2026-05-24,May,ATL,PHX,home,W,82,80,76.5,2,162,0,0,0,0,2,0,0,0,7.1,Madina Okot,1643431,-6,,0,2,False,0,4,9.5,25.7,5.6,3.6,0.2,2,0,-1.6,0.8450704225352114,0.28169014084507044,0.0,0.0
2026-27,1022600051,2026-05-27,May,ATL,MIN,away,L,81,96,77.0,-15,177,0,0,0,0,1,1,4,2,4.8,Madina Okot,1643431,-5,,4,1,False,0,1,9.5,25.7,5.6,3.6,0.2,5,0,4.2,0.7833333333333333,0.20833333333333334,4.0,0.0
2026-27,1022600059,2026-05-29,May,ATL,PDX,away,W,86,66,77.5,20,152,1,0,0,0,3,3,1,1,6.8,Madina Okot,1643431,5,,7,0,False,0,2,9.5,25.7,5.6,3.6,0.2,8,0,6.5,0.7999999999999999,0.4411764705882353,0.3333333333333333,0.0
2026-27,1022600066,2026-06-02,Jun,ATL,CON,home,W,91,75,77.5,16,166,0,0,0,0,0,0,0,0,8.9,Madina Okot,1643431,-6,,0,2,False,1,1,9.5,25.7,5.6,3.6,0.2,2,1,4.4,0.11235955056179775,0.0,,
2026-27,1022600072,2026-06-04,Jun,ATL,IND,away,L,71,83,77.5,-12,154,0,1,0,0,5,3,2,1,9.4,Madina Okot,1643431,3,,7,3,False,0,0,9.5,25.7,5.6,3.6,0.2,10,1,13.6,0.625531914893617,0.5319148936170213,0.4,0.0
2026-27,1022600079,2026-06-06,Jun,ATL,WAS,home,W,109,77,77.5,32,186,0,0,1,0,9,5,2,1,18.3,Madina Okot,1643431,9,,11,5,False,1,3,9.5,25.7,5.6,3.6,0.2,16,1,17.0,0.7038251366120218,0.4918032786885246,0.2222222222222222,0.1111111111111111
2026-27,1022600086,2026-06-09,Jun,ATL,CHI,away,W,82,75,77.0,7,157,0,0,0,0,1,0,0,0,4.6,Madina Okot,1643431,-9,,0,2,False,0,2,9.5,25.7,5.6,3.6,0.2,2,0,0.3999999999999999,0.6521739130434783,0.2173913043478261,0.0,0.0
2026-27,1022600092,2026-06-11,Jun,ATL,NYL,home,L,90,104,80.5,-14,194,1,0,0,0,1,1,2,1,6.7,Madina Okot,1643431,-7,,3,1,False,0,0,9.5,25.7,5.6,3.6,0.2,5,0,5.7,0.2805970149253731,0.14925373134328357,2.0,0.0
2026-27,1022600102,2026-06-14,Jun,ATL,TOR,away,W,102,77,81.0,25,179,0,0,0,0,1,0,0,0,5.6,Madina Okot,1643431,-9,,0,3,False,1,1,9.5,25.7,5.6,3.6,0.2,3,1,5.6,0.35714285714285715,0.17857142857142858,0.0,0.0
2026-27,1022600113,2026-06-18,Jun,ATL,IND,away,W,108,101,87.5,7,209,1,0,1,0,1,0,0,0,4.9,Madina Okot,1643431,3,,0,4,False,0,0,9.5,25.7,5.6,3.6,0.2,5,0,6.3,0.2040816326530612,0.2040816326530612,0.0,1.0
2026-27,1022600117,2026-06-20,Jun,ATL,IND,home,W,113,96,84.5,17,209,0,0,0,0,0,0,4,3,3.8,Madina Okot,1643431,-10,,3,2,False,1,0,9.5,25.7,5.6,3.6,0.2,5,1,8.4,0.4631578947368421,0.0,,
2026-27,1022600124,2026-06-22,Jun,ATL,TOR,home,W,94,87,84.5,7,181,0,0,0,0,9,7,5,4,17.8,Madina Okot,1643431,1,,18,7,False,0,0,9.5,25.7,5.6,3.6,0.2,25,0,26.4,0.6292134831460674,0.5056179775280899,0.5555555555555556,0.0
2026-27,1022600131,2026-06-24,Jun,ATL,GSV,away,L,66,77,73.5,-11,143,1,1,1,1,9,7,1,1,19.0,Madina Okot,1643431,-1,,16,5,True,1,2,9.5,25.7,5.6,3.6,0.2,22,2,27.5,0.6021052631578947,0.47368421052631576,0.1111111111111111,0.1111111111111111
2026-27,1022600137,2026-06-26,Jun,ATL,GSV,away,L,75,78,81.0,-3,153,0,2,1,0,5,3,2,1,10.8,Madina Okot,1643431,0,,7,2,False,0,2,9.5,25.7,5.6,3.6,0.2,9,2,13.4,0.7296296296296295,0.4629629629629629,0.4,0.2
2026-27,1022600140,2026-06-27,Jun,ATL,SEA,away,L,90,105,83.0,-15,195,0,0,0,0,4,2,2,2,11.5,Madina Okot,1643431,-16,C,6,5,False,0,2,9.5,25.7,5.6,3.6,0.2,11,0,10.0,0.5982608695652174,0.34782608695652173,0.5,0.0
2026-27,1022600145,2026-07-02,Jul,ATL,WAS,away,L,76,81,82.0,-5,157,0,0,0,0,4,2,0,0,7.5,Madina Okot,1643431,-5,,4,3,False,0,1,9.5,25.7,5.6,3.6,0.2,7,0,6.6,0.6666666666666666,0.5333333333333333,0.0,0.0
2026-27,1022600150,2026-07-04,Jul,ATL,GSV,home,L,83,88,79.0,-5,171,0,0,0,0,4,4,3,3,9.6,Madina Okot,1643431,5,,11,2,False,0,1,9.5,25.7,5.6,3.6,0.2,13,0,12.4,0.6583333333333334,0.4166666666666667,0.75,0.0
2026-27,1022600162,2026-07-09,Jul,ATL,SEA,home,W,89,78,89.5,11,167,0,0,0,0,5,2,2,1,9.1,Madina Okot,1643431,2,,5,6,False,1,2,9.5,25.7,5.6,3.6,0.2,11,1,13.2,0.865934065934066,0.5494505494505495,0.4,0.0
2026-27,1022600004,2026-05-09,May,IND,DAL,home,L,104,107,89.0,-3,211,2,0,0,0,1,1,2,2,11.6,Raven Johnson,1643433,-5,,4,2,False,1,1,14.7,16.7,4.3,2.5,1.8,8,1,11.4,0.2482758620689655,0.08620689655172414,2.0,0.0
2026-27,1022600018,2026-05-13,May,IND,LAS,away,W,87,78,82.0,9,165,2,0,0,0,1,0,0,0,5.5,Raven Johnson,1643433,4,,0,1,False,0,0,14.7,16.7,4.3,2.5,1.8,3,0,4.2,0.18181818181818182,0.18181818181818182,0.0,0.0
2026-27,1022600022,2026-05-15,May,IND,WAS,home,L,102,104,94.5,-2,206,0,0,0,0,0,0,0,0,4.3,Raven Johnson,1643433,-10,,0,2,False,0,0,14.7,16.7,4.3,2.5,1.8,2,0,2.4,0.0,0.0,,
2026-27,1022600027,2026-05-17,May,IND,SEA,home,W,89,78,84.0,11,167,1,1,1,0,1,0,0,0,17.0,Raven Johnson,1643433,0,,0,3,False,0,3,14.7,16.7,4.3,2.5,1.8,4,1,5.1,0.23529411764705882,0.058823529411764705,0.0,1.0
2026-27,1022600032,2026-05-20,May,IND,PDX,home,W,90,73,82.0,17,163,1,1,8,1,12,3,2,2,22.3,Raven Johnson,1643433,-8,,9,3,True,0,3,14.7,16.7,4.3,2.5,1.8,13,1,14.100000000000001,0.7121076233183856,0.5381165919282511,0.16666666666666666,0.6666666666666666
2026-27,1022600039,2026-05-22,May,IND,GSV,home,W,90,82,83.0,8,172,2,0,2,1,5,3,0,0,14.6,Raven Johnson,1643433,5,,7,2,False,0,2,14.7,16.7,4.3,2.5,1.8,11,0,10.4,0.4794520547945206,0.3424657534246575,0.0,0.4
2026-27,1022600055,2026-05-28,May,IND,GSV,away,L,88,90,82.5,-2,178,2,1,3,2,10,7,0,0,21.3,Raven Johnson,1643433,4,,16,4,False,0,1,14.7,16.7,4.3,2.5,1.8,22,1,25.8,0.5164319248826291,0.4694835680751174,0.0,0.3
2026-27,1022600062,2026-05-30,May,IND,PDX,away,L,84,100,80.0,-16,184,0,0,3,0,4,1,2,1,9.6,Raven Johnson,1643433,-11,,3,1,False,1,1,14.7,16.7,4.3,2.5,1.8,4,1,6.2,0.6125,0.4166666666666667,0.5,0.75
2026-27,1022600072,2026-06-04,Jun,IND,ATL,home,W,83,71,77.5,12,154,3,0,1,1,5,2,0,0,23.2,Raven Johnson,1643433,15,,5,2,True,2,1,14.7,16.7,4.3,2.5,1.8,10,2,16.9,0.25862068965517243,0.21551724137931036,0.0,0.2
2026-27,1022600080,2026-06-06,Jun,IND,NYL,away,L,75,83,85.0,-8,158,4,0,2,0,7,2,2,2,17.3,Raven Johnson,1643433,-6,,6,2,False,0,1,14.7,16.7,4.3,2.5,1.8,12,0,13.4,0.5132947976878612,0.40462427745664736,0.2857142857142857,0.2857142857142857
2026-27,1022600084,2026-06-08,Jun,IND,WAS,away,W,78,76,81.0,2,154,0,0,0,0,0,0,0,0,7.2,Raven Johnson,1643433,-1,,0,0,False,0,0,14.7,16.7,4.3,2.5,1.8,0,0,0.0,0.0,0.0,,
2026-27,1022600091,2026-06-11,Jun,IND,CHI,home,W,114,106,96.5,8,220,0,0,1,1,1,1,0,0,13.3,Raven Johnson,1643433,4,,3,0,False,2,0,14.7,16.7,4.3,2.5,1.8,3,2,9.0,0.07518796992481203,0.07518796992481203,0.0,1.0
2026-27,1022600097,2026-06-13,Jun,IND,CON,away,W,85,75,76.5,10,160,0,0,1,1,1,1,0,0,3.0,Raven Johnson,1643433,-4,,3,1,False,0,0,14.7,16.7,4.3,2.5,1.8,4,0,4.2,0.3333333333333333,0.3333333333333333,0.0,1.0
2026-27,1022600106,2026-06-16,Jun,IND,TOR,home,W,113,91,88.5,22,204,1,0,4,2,5,2,0,0,13.7,Raven Johnson,1643433,15,,6,0,False,0,1,14.7,16.7,4.3,2.5,1.8,7,0,6.5,0.43795620437956206,0.36496350364963503,0.0,0.8
2026-27,1022600113,2026-06-18,Jun,IND,ATL,home,L,101,108,87.5,-7,209,0,0,0,0,1,0,0,0,3.2,Raven Johnson,1643433,-5,,0,0,False,0,2,14.7,16.7,4.3,2.5,1.8,0,0,-2.0,0.9375,0.3125,0.0,0.0
2026-27,1022600117,2026-06-20,Jun,IND,ATL,away,L,96,113,84.5,-17,209,2,0,3,1,6,4,0,0,21.3,Raven Johnson,1643433,-5,,9,6,True,0,1,14.7,16.7,4.3,2.5,1.8,17,0,18.2,0.32863849765258213,0.28169014084507044,0.0,0.5
2026-27,1022600125,2026-06-22,Jun,IND,PHX,home,W,86,77,80.5,9,163,3,0,2,0,6,2,0,0,18.1,Raven Johnson,1643433,3,,4,5,False,1,0,14.7,16.7,4.3,2.5,1.8,12,1,17.5,0.3314917127071823,0.3314917127071823,0.0,0.3333333333333333
2026-27,1022600128,2026-06-24,Jun,IND,PHX,home,L,109,111,84.0,-2,220,7,0,1,0,2,1,0,0,18.7,Raven Johnson,1643433,7,,2,5,False,1,0,14.7,16.7,4.3,2.5,1.8,14,1,21.5,0.10695187165775401,0.10695187165775401,0.0,0.5
2026-27,1022600139,2026-06-27,Jun,IND,LAS,home,W,111,87,85.5,24,198,4,0,1,0,2,1,0,0,20.7,Raven Johnson,1643433,-1,,2,3,False,0,3,14.7,16.7,4.3,2.5,1.8,9,0,8.6,0.24154589371980678,0.0966183574879227,0.0,0.5
2026-27,1022600153,2026-07-05,Jul,IND,LVA,away,W,84,68,72.5,16,152,2,0,3,0,9,3,0,0,21.8,Raven Johnson,1643433,6,,6,6,True,0,0,14.7,16.7,4.3,2.5,1.8,14,0,16.2,0.4128440366972477,0.4128440366972477,0.0,0.3333333333333333
2026-27,1022600161,2026-07-08,Jul,IND,LAS,away,L,92,106,91.5,-14,198,2,0,3,0,9,1,2,1,12.5,Raven Johnson,1643433,-3,,3,2,False,1,2,14.7,16.7,4.3,2.5,1.8,7,1,9.4,0.9504,0.72,0.2222222222222222,0.3333333333333333
2026-27,1022600163,2026-07-09,Jul,IND,PHX,away,W,92,89,78.5,3,181,2,0,3,0,7,3,0,0,22.7,Raven Johnson,1643433,-4,,6,6,True,1,3,14.7,16.7,4.3,2.5,1.8,14,1,16.2,0.4405286343612335,0.30837004405286345,0.0,0.42857142857142855
2026-27,1022600016,2026-05-13,May,LVA,CON,away,W,98,69,83.0,29,167,0,0,0,0,0,0,0,0,0.0,Janiah Barker,1643434,0,,0,0,False,0,0,,,,,,0,0,0.0,,,,
2026-27,1022600021,2026-05-15,May,LVA,CON,away,W,101,94,84.5,7,195,0,0,0,0,0,0,0,0,0.0,Janiah Barker,1643434,0,,0,0,False,0,0,,,,,,0,0,0.0,,,,
2026-27,1022600043,2026-05-23,May,LVA,LAS,home,L,95,101,84.0,-6,196,0,0,0,0,0,0,0,0,0.0,Janiah Barker,1643434,0,,0,0,False,0,0,,,,,,0,0,0.0,,,,
2026-27,1022600054,2026-05-28,May,LVA,DAL,away,L,87,95,78.5,-8,182,0,0,0,0,0,0,0,0,0.0,Janiah Barker,1643434,0,,0,0,False,0,0,,,,,,0,0,0.0,,,,
2026-27,1022600063,2026-05-31,May,LVA,GSV,away,W,91,81,80.0,10,172,0,0,0,0,0,0,0,0,0.0,Janiah Barker,1643434,0,,0,0,False,0,0,,,,,,0,0,0.0,,,,
2026-27,1022600069,2026-06-02,Jun,LVA,LAS,away,W,79,69,78.5,10,148,0,0,0,0,0,0,0,0,0.0,Janiah Barker,1643434,0,,0,0,False,0,0,,,,,,0,0,0.0,,,,
2026-27,1022600078,2026-06-06,Jun,LVA,GSV,home,W,84,79,76.5,5,163,0,0,0,0,0,0,0,0,0.0,Janiah Barker,1643434,0,,0,0,False,0,0,,,,,,0,0,0.0,,,,
2026-27,1022600085,2026-06-08,Jun,LVA,SEA,home,W,101,91,18.5,10,192,0,0,0,0,0,0,0,0,0.0,Janiah Barker,1643434,0,,0,0,False,0,0,,,,,,0,0,0.0,,,,
2026-27,1022600094,2026-06-11,Jun,LVA,PDX,away,W,105,89,79.5,16,194,0,0,0,0,0,0,0,0,0.0,Janiah Barker,1643434,0,,0,0,False,0,0,,,,,,0,0,0.0,,,,
2026-27,1022600098,2026-06-13,Jun,LVA,MIN,home,W,100,97,77.5,3,197,0,0,0,0,0,0,0,0,0.0,Janiah Barker,1643434,0,,0,0,False,0,0,,,,,,0,0,0.0,,,,
2026-27,1022600103,2026-06-15,Jun,LVA,DAL,away,L,66,96,80.0,-30,162,0,0,0,0,0,0,0,0,0.0,Janiah Barker,1643434,0,,0,0,False,0,0,,,,,,0,0,0.0,,,,
2026-27,1022600111,2026-06-17,Jun,LVA,PHX,away,W,86,76,77.0,10,162,0,0,0,0,0,0,0,0,0.0,Janiah Barker,1643434,0,,0,0,False,0,0,,,,,,0,0,0.0,,,,
2026-27,1022600127,2026-06-23,Jun,LVA,NYL,home,L,76,87,77.5,-11,163,0,0,0,0,0,0,0,0,0.0,Janiah Barker,1643434,0,,0,0,False,0,0,,,,,,0,0,0.0,,,,
2026-27,1022600143,2026-06-28,Jun,LVA,CHI,away,W,107,99,86.0,8,206,0,0,0,0,0,0,0,0,0.0,Janiah Barker,1643434,0,,0,0,False,0,0,,,,,,0,0,0.0,,,,
2026-27,1022600164,2026-07-09,Jul,LVA,PDX,away,W,88,80,77.0,8,168,0,0,0,0,0,0,0,0,0.0,Janiah Barker,1643434,0,,0,0,False,0,0,,,,,,0,0,0.0,,,,
2026-27,1022600006,2026-05-09,May,PDX,CHI,home,L,83,98,82.0,-15,181,1,0,0,0,3,0,0,0,8.0,Serah Williams,1643436,-2,,0,2,False,0,0,10.7,16.0,3.1,2.5,0.4,3,0,3.9,0.375,0.375,0.0,0.0
2026-27,1022600014,2026-05-12,May,PDX,NYL,home,W,98,96,79.0,2,194,0,0,0,0,0,0,0,0,0.0,Serah Williams,1643436,0,,0,0,False,0,0,10.7,16.0,3.1,2.5,0.4,0,0,0.0,,,,
2026-27,1022600020,2026-05-14,May,PDX,NYL,home,L,82,100,86.0,-18,182,1,1,0,0,0,0,2,1,4.0,Serah Williams,1643436,3,,1,2,False,1,0,10.7,16.0,3.1,2.5,0.4,4,2,10.9,0.22,0.0,,
2026-27,1022600030,2026-05-18,May,PDX,CON,home,W,83,82,74.5,1,165,0,1,0,0,1,1,4,1,12.4,Serah Williams,1643436,-14,,3,5,False,0,0,10.7,16.0,3.1,2.5,0.4,8,1,12.0,0.2225806451612903,0.08064516129032258,4.0,0.0
2026-27,1022600032,2026-05-20,May,PDX,IND,away,L,73,90,82.0,-17,163,0,0,0,0,5,3,1,0,16.5,Serah Williams,1643436,10,,6,2,False,1,0,10.7,16.0,3.1,2.5,0.4,8,1,11.4,0.3296969696969697,0.30303030303030304,0.2,0.0
2026-27,1022600042,2026-05-23,May,PDX,TOR,away,W,99,80,80.0,19,179,0,1,0,0,6,3,2,2,13.7,Serah Williams,1643436,-2,,8,3,False,2,0,10.7,16.0,3.1,2.5,0.4,11,3,20.6,0.5021897810218978,0.43795620437956206,0.3333333333333333,0.0
2026-27,1022600047,2026-05-25,May,PDX,NYL,away,W,81,74,78.0,7,155,0,1,0,0,5,1,4,2,11.3,Serah Williams,1643436,-4,,4,3,False,0,0,10.7,16.0,3.1,2.5,0.4,7,1,10.6,0.5982300884955751,0.44247787610619466,0.8,0.0
2026-27,1022600052,2026-05-27,May,PDX,CON,home,W,71,61,75.5,10,132,0,0,0,0,0,0,2,1,10.7,Serah Williams,1643436,3,,1,1,False,0,1,10.7,16.0,3.1,2.5,0.4,2,0,1.2000000000000002,0.17570093457943925,0.0,,
2026-27,1022600059,2026-05-29,May,PDX,ATL,home,L,66,86,77.5,-20,152,2,0,1,0,3,0,0,0,19.9,Serah Williams,1643436,1,,0,6,True,1,2,10.7,16.0,3.1,2.5,0.4,8,1,11.2,0.2512562814070352,0.15075376884422112,0.0,0.3333333333333333
2026-27,1022600062,2026-05-30,May,PDX,IND,home,W,100,84,80.0,16,184,0,0,0,0,0,0,0,0,0.0,Serah Williams,1643436,0,,0,0,False,0,0,10.7,16.0,3.1,2.5,0.4,0,0,0.0,,,,
2026-27,1022600068,2026-06-02,Jun,PDX,GSV,away,L,77,95,73.5,-18,172,0,0,1,1,2,2,4,2,8.8,Serah Williams,1643436,1,,7,1,False,0,0,10.7,16.0,3.1,2.5,0.4,8,0,8.2,0.4272727272727272,0.22727272727272727,2.0,0.5
2026-27,1022600076,2026-06-05,Jun,PDX,PHX,home,L,72,78,74.5,-6,150,0,0,0,0,0,0,0,0,0.0,Serah Williams,1643436,0,,0,0,False,0,0,10.7,16.0,3.1,2.5,0.4,0,0,0.0,,,,
2026-27,1022600094,2026-06-11,Jun,PDX,LVA,home,L,89,105,79.5,-16,194,1,0,0,0,1,1,0,0,5.3,Serah Williams,1643436,10,,2,1,False,0,0,10.7,16.0,3.1,2.5,0.4,4,0,4.7,0.18867924528301888,0.18867924528301888,0.0,0.0
2026-27,1022600099,2026-06-13,Jun,PDX,DAL,home,W,84,83,78.5,1,167,0,0,0,0,1,0,2,2,5.7,Serah Williams,1643436,-8,,2,1,False,0,0,10.7,16.0,3.1,2.5,0.4,3,0,3.2,0.32982456140350874,0.17543859649122806,2.0,0.0
2026-27,1022600104,2026-06-15,Jun,PDX,MIN,away,L,74,107,81.5,-33,181,1,0,0,0,2,1,0,0,12.8,Serah Williams,1643436,-7,,2,2,False,0,2,10.7,16.0,3.1,2.5,0.4,5,0,3.9000000000000004,0.3125,0.15625,0.0,0.0
2026-27,1022600112,2026-06-17,Jun,PDX,SEA,home,W,94,89,74.5,5,183,0,0,0,0,1,0,2,1,12.3,Serah Williams,1643436,-7,,1,4,False,0,2,10.7,16.0,3.1,2.5,0.4,5,0,3.8,0.3154471544715447,0.08130081300813008,2.0,0.0
2026-27,1022600130,2026-06-24,Jun,PDX,CHI,away,L,78,101,79.5,-23,179,0,0,0,0,3,3,0,0,7.1,Serah Williams,1643436,-3,,6,3,False,0,1,10.7,16.0,3.1,2.5,0.4,9,0,8.6,0.5633802816901409,0.4225352112676057,0.0,0.0
2026-27,1022600136,2026-06-26,Jun,PDX,CHI,away,L,94,124,83.0,-30,218,1,0,0,0,6,3,2,0,11.2,Serah Williams,1643436,-9,,6,0,False,1,0,10.7,16.0,3.1,2.5,0.4,7,1,10.5,0.6142857142857143,0.5357142857142857,0.3333333333333333,0.0
2026-27,1022600142,2026-06-28,Jun,PDX,WAS,away,L,123,124,117.5,-1,247,0,0,0,0,3,1,2,2,13.8,Serah Williams,1643436,12,,4,7,False,0,0,10.7,16.0,3.1,2.5,0.4,11,0,12.4,0.2811594202898551,0.21739130434782608,0.6666666666666666,0.0
2026-27,1022600151,2026-07-04,Jul,PDX,SEA,away,W,77,72,84.0,5,149,0,0,0,0,1,0,0,0,12.6,Serah Williams,1643436,-4,,0,2,False,0,1,10.7,16.0,3.1,2.5,0.4,2,0,1.4,0.15873015873015872,0.07936507936507936,0.0,0.0
2026-27,1022600164,2026-07-09,Jul,PDX,LVA,home,L,80,88,77.0,-8,168,1,0,0,0,3,1,0,0,5.6,Serah Williams,1643436,-1,,2,0,False,0,1,10.7,16.0,3.1,2.5,0.4,3,0,2.5,0.7142857142857143,0.5357142857142857,0.0,0.0
2026-27,1022600001,2026-05-08,May,CON,NYL,away,L,75,106,88.5,-31,181,0,0,0,0,0,0,0,0,0.0,Ashlon Jackson,1643437,0,,0,0,False,0,0,10.2,10.5,1.7000000000000002,1.0,0.8,0,0,0.0,,,,
2026-27,1022600007,2026-05-10,May,CON,SEA,home,L,82,89,86.5,-7,171,0,0,0,0,0,0,0,0,0.0,Ashlon Jackson,1643437,0,,0,0,False,0,0,10.2,10.5,1.7000000000000002,1.0,0.8,0,0,0.0,,,,
2026-27,1022600016,2026-05-13,May,CON,LVA,home,L,69,98,83.0,-29,167,0,0,0,0,0,0,0,0,0.0,Ashlon Jackson,1643437,0,,0,0,False,0,0,10.2,10.5,1.7000000000000002,1.0,0.8,0,0,0.0,,,,
2026-27,1022600030,2026-05-18,May,CON,PDX,away,L,82,83,74.5,-1,165,0,0,0,0,0,0,0,0,0.0,Ashlon Jackson,1643437,0,,0,0,False,0,0,10.2,10.5,1.7000000000000002,1.0,0.8,0,0,0.0,,,,
2026-27,1022600034,2026-05-20,May,CON,SEA,away,W,80,78,78.0,2,158,1,0,1,0,3,2,0,0,15.3,Ashlon Jackson,1643437,-13,,4,1,False,2,0,10.2,10.5,1.7000000000000002,1.0,0.8,6,2,12.7,0.19607843137254902,0.19607843137254902,0.0,0.3333333333333333
2026-27,1022600040,2026-05-22,May,CON,SEA,away,L,59,77,75.5,-18,136,0,0,1,0,1,0,0,0,9.5,Ashlon Jackson,1643437,-15,,0,1,False,0,0,10.2,10.5,1.7000000000000002,1.0,0.8,1,0,1.2,0.10526315789473684,0.10526315789473684,0.0,1.0
2026-27,1022600048,2026-05-25,May,CON,GSV,away,L,70,97,80.0,-27,167,1,0,3,2,3,2,2,0,14.3,Ashlon Jackson,1643437,-2,,6,1,False,1,0,10.2,10.5,1.7000000000000002,1.0,0.8,8,1,11.7,0.27132867132867133,0.2097902097902098,0.6666666666666666,1.0
2026-27,1022600052,2026-05-27,May,CON,PDX,away,L,61,71,75.5,-10,132,3,0,2,0,2,0,0,0,17.5,Ashlon Jackson,1643437,-4,,0,2,False,3,3,10.2,10.5,1.7000000000000002,1.0,0.8,5,3,12.9,0.2857142857142857,0.11428571428571428,0.0,1.0
2026-27,1022600074,2026-06-05,Jun,CON,CHI,away,L,80,85,77.0,-5,165,0,0,1,0,1,0,0,0,0.7,Ashlon Jackson,1643437,-3,,0,1,False,0,0,10.2,10.5,1.7000000000000002,1.0,0.8,1,0,1.2,1.4285714285714286,1.4285714285714286,0.0,1.0
2026-27,1022600083,2026-06-08,Jun,CON,NYL,home,L,80,89,82.0,-9,169,0,0,0,0,0,0,0,0,0.0,Ashlon Jackson,1643437,0,,0,0,False,0,0,10.2,10.5,1.7000000000000002,1.0,0.8,0,0,0.0,,,,
2026-27,1022600097,2026-06-13,Jun,CON,IND,home,L,75,85,76.5,-10,160,0,0,0,0,0,0,0,0,0.0,Ashlon Jackson,1643437,0,,0,0,False,0,0,10.2,10.5,1.7000000000000002,1.0,0.8,0,0,0.0,,,,
2026-27,1022600107,2026-06-17,Jun,CON,WAS,home,L,81,88,76.0,-7,169,0,0,0,0,0,0,0,0,0.0,Ashlon Jackson,1643437,0,,0,0,False,0,0,10.2,10.5,1.7000000000000002,1.0,0.8,0,0,0.0,,,,
2026-27,1022600114,2026-06-19,Jun,CON,TOR,home,L,97,101,84.0,-4,198,0,0,0,0,0,0,0,0,0.0,Ashlon Jackson,1643437,0,,0,0,False,0,0,10.2,10.5,1.7000000000000002,1.0,0.8,0,0,0.0,,,,
2026-27,1022600123,2026-06-22,Jun,CON,CHI,home,W,92,63,84.5,29,155,0,0,0,0,0,0,0,0,0.0,Ashlon Jackson,1643437,0,,0,0,False,0,0,10.2,10.5,1.7000000000000002,1.0,0.8,0,0,0.0,,,,
2026-27,1022600135,2026-06-26,Jun,CON,WAS,home,W,68,57,77.0,11,125,0,0,0,0,0,0,0,0,5.3,Ashlon Jackson,1643437,-8,,0,0,False,1,0,10.2,10.5,1.7000000000000002,1.0,0.8,0,1,3.0,0.0,0.0,,
2026-27,1022600146,2026-07-02,Jul,CON,DAL,home,L,83,86,80.0,-3,169,0,0,0,0,0,0,0,0,0.0,Ashlon Jackson,1643437,0,,0,0,False,0,0,10.2,10.5,1.7000000000000002,1.0,0.8,0,0,0.0,,,,
2026-27,1022600160,2026-07-08,Jul,CON,MIN,home,L,80,86,78.5,-6,166,0,0,0,0,0,0,0,0,0.0,Ashlon Jackson,1643437,0,,0,0,False,0,0,10.2,10.5,1.7000000000000002,1.0,0.8,0,0,0.0,,,,
2026-27,1022600165,2026-07-10,Jul,CON,GSV,home,L,64,79,73.5,-15,143,0,0,0,0,0,0,0,0,0.0,Ashlon Jackson,1643437,0,,0,0,False,0,0,10.2,10.5,1.7000000000000002,1.0,0.8,0,0,0.0,,,,
2026-27,1022600037,2026-05-21,May,PHX,LAS,home,L,88,97,81.0,-9,185,0,0,4,2,4,2,0,0,8.9,Marta Suarez,1643438,-13,,6,1,False,1,0,10.0,18.6,4.0,1.5,0.1,7,1,10.2,0.449438202247191,0.449438202247191,0.0,1.0
2026-27,1022600044,2026-05-24,May,PHX,ATL,away,L,80,82,76.5,-2,162,0,0,0,0,0,0,0,0,10.3,Marta Suarez,1643438,-2,,0,3,False,0,0,10.0,18.6,4.0,1.5,0.1,3,0,3.5999999999999996,0.0,0.0,,
2026-27,1022600049,2026-05-27,May,PHX,NYL,away,L,74,84,77.5,-10,158,0,0,0,0,0,0,0,0,0.0,Marta Suarez,1643438,0,,0,0,False,0,0,10.0,18.6,4.0,1.5,0.1,0,0,0.0,,,,
2026-27,1022600076,2026-06-05,Jun,PHX,PDX,away,W,78,72,74.5,6,150,1,0,1,0,1,0,0,0,10.7,Marta Suarez,1643438,-2,,0,0,False,0,2,10.0,18.6,4.0,1.5,0.1,1,0,-0.5,0.28037383177570097,0.09345794392523366,0.0,1.0
2026-27,1022600100,2026-06-13,Jun,PHX,LAS,home,L,102,111,88.5,-9,213,0,0,0,0,0,0,0,0,0.0,Marta Suarez,1643438,0,,0,0,False,0,0,10.0,18.6,4.0,1.5,0.1,0,0,0.0,,,,
2026-27,1022600128,2026-06-24,Jun,PHX,IND,away,W,111,109,84.0,2,220,0,0,1,0,4,3,1,0,9.6,Marta Suarez,1643438,-7,,6,2,False,0,1,10.0,18.6,4.0,1.5,0.1,8,0,7.4,0.5666666666666668,0.4166666666666667,0.25,0.25
2026-27,1022600138,2026-06-27,Jun,PHX,TOR,away,W,89,80,78.5,9,169,0,0,0,0,5,2,0,0,15.2,Marta Suarez,1643438,11,,4,0,False,0,0,10.0,18.6,4.0,1.5,0.1,4,0,4.0,0.32894736842105265,0.32894736842105265,0.0,0.0
2026-27,1022600147,2026-07-02,Jul,PHX,SEA,home,W,90,67,76.0,23,157,0,0,0,0,4,2,2,2,8.2,Marta Suarez,1643438,3,,6,3,False,0,1,10.0,18.6,4.0,1.5,0.1,9,0,8.6,0.7170731707317074,0.48780487804878053,0.5,0.0
2026-27,1022600158,2026-07-07,Jul,PHX,CHI,home,L,66,77,80.0,-11,143,0,0,1,0,3,0,0,0,5.9,Marta Suarez,1643438,-8,,0,1,False,0,1,10.0,18.6,4.0,1.5,0.1,1,0,0.19999999999999996,0.6779661016949152,0.5084745762711864,0.0,0.3333333333333333
2026-27,1022600163,2026-07-09,Jul,PHX,IND,home,L,89,92,78.5,-3,181,0,0,2,2,6,4,0,0,10.7,Marta Suarez,1643438,5,,10,2,False,0,0,10.0,18.6,4.0,1.5,0.1,12,0,12.4,0.5607476635514019,0.5607476635514019,0.0,0.3333333333333333
2026-27,1022600008,2026-05-10,May,WAS,NYL,home,L,93,98,86.5,-5,191,0,0,0,0,0,0,0,0,0.0,Darianna Littlepage-Buggs,1643440,0,,0,0,False,0,0,,,,,,0,0,0.0,,,,
2026-27,1022600101,2026-06-14,Jun,WAS,NYL,away,L,64,86,78.5,-22,150,0,0,0,0,0,0,0,0,0.0,Darianna Littlepage-Buggs,1643440,0,,0,0,False,0,0,,,,,,0,0,0.0,,,,
2026-27,1022600107,2026-06-17,Jun,WAS,CON,away,W,88,81,76.0,7,169,0,0,0,0,0,0,0,0,0.0,Darianna Littlepage-Buggs,1643440,0,,0,0,False,0,0,,,,,,0,0,0.0,,,,
2026-27,1022600115,2026-06-19,Jun,WAS,NYL,away,W,86,83,79.0,3,169,0,0,0,0,0,0,0,0,0.0,Darianna Littlepage-Buggs,1643440,0,,0,0,False,0,0,,,,,,0,0,0.0,,,,
2026-27,1022600135,2026-06-26,Jun,WAS,CON,away,L,57,68,77.0,-11,125,0,0,0,0,0,0,0,0,0.0,Darianna Littlepage-Buggs,1643440,0,,0,0,False,0,0,,,,,,0,0,0.0,,,,
2026-27,1022600142,2026-06-28,Jun,WAS,PDX,home,W,124,123,117.5,1,247,0,0,0,0,0,0,0,0,0.0,Darianna Littlepage-Buggs,1643440,0,,0,0,False,0,0,,,,,,0,0,0.0,,,,
2026-27,1022600145,2026-07-02,Jul,WAS,ATL,home,W,81,76,82.0,5,157,0,0,0,0,0,0,0,0,0.0,Darianna Littlepage-Buggs,1643440,0,,0,0,False,0,0,,,,,,0,0,0.0,,,,
2026-27,1022600001,2026-05-08,May,CON,NYL,away,L,75,106,88.5,-31,181,0,0,0,0,1,0,4,1,11.2,Raegan Beers,1643441,-9,,1,2,False,0,0,10.8,16.0,3.8,2.9,0.8,3,0,3.4,0.2464285714285714,0.08928571428571429,4.0,0.0
2026-27,1022600007,2026-05-10,May,CON,SEA,home,L,82,89,86.5,-7,171,0,0,0,0,0,0,0,0,0.0,Raegan Beers,1643441,0,,0,0,False,0,0,10.8,16.0,3.8,2.9,0.8,0,0,0.0,,,,
2026-27,1022600016,2026-05-13,May,CON,LVA,home,L,69,98,83.0,-29,167,0,0,0,0,8,3,2,1,14.1,Raegan Beers,1643441,-5,,7,3,False,1,0,10.8,16.0,3.8,2.9,0.8,10,1,13.6,0.6297872340425532,0.5673758865248227,0.25,0.0
2026-27,1022600021,2026-05-15,May,CON,LVA,home,L,94,101,84.5,-7,195,2,0,0,0,4,2,2,2,17.4,Raegan Beers,1643441,14,,6,4,False,0,1,10.8,16.0,3.8,2.9,0.8,12,0,12.8,0.33793103448275863,0.2298850574712644,0.5,0.0
2026-27,1022600030,2026-05-18,May,CON,PDX,away,L,82,83,74.5,-1,165,0,0,0,0,2,2,0,0,4.8,Raegan Beers,1643441,-2,,4,2,False,0,1,10.8,16.0,3.8,2.9,0.8,6,0,5.4,0.625,0.4166666666666667,0.0,0.0
2026-27,1022600034,2026-05-20,May,CON,SEA,away,W,80,78,78.0,2,158,2,0,1,1,8,4,3,1,27.4,Raegan Beers,1643441,12,,10,8,True,2,2,10.8,16.0,3.8,2.9,0.8,20,2,26.6,0.4131386861313869,0.29197080291970806,0.375,0.125
2026-27,1022600040,2026-05-22,May,CON,SEA,away,L,59,77,75.5,-18,136,1,0,1,0,4,2,0,0,14.3,Raegan Beers,1643441,-5,,4,4,False,1,1,10.8,16.0,3.8,2.9,0.8,9,1,12.3,0.34965034965034963,0.2797202797202797,0.0,0.25
2026-27,1022600048,2026-05-25,May,CON,GSV,away,L,70,97,80.0,-27,167,0,0,0,0,1,1,1,1,6.8,Raegan Beers,1643441,1,,3,3,False,1,1,10.8,16.0,3.8,2.9,0.8,6,1,8.6,0.3588235294117647,0.14705882352941177,1.0,0.0
2026-27,1022600052,2026-05-27,May,CON,PDX,away,L,61,71,75.5,-10,132,2,0,0,0,2,2,0,0,13.8,Raegan Beers,1643441,-6,,4,4,False,0,0,10.8,16.0,3.8,2.9,0.8,10,0,11.8,0.14492753623188406,0.14492753623188406,0.0,0.0
2026-27,1022600061,2026-05-30,May,CON,LAS,home,W,84,81,83.0,3,165,2,0,0,0,0,0,0,0,10.6,Raegan Beers,1643441,4,,0,7,False,0,2,10.8,16.0,3.8,2.9,0.8,9,0,9.4,0.18867924528301888,0.0,,
2026-27,1022600066,2026-06-02,Jun,CON,ATL,away,L,75,91,77.5,-16,166,0,0,0,0,0,0,0,0,0.0,Raegan Beers,1643441,0,,0,0,False,0,0,10.8,16.0,3.8,2.9,0.8,0,0,0.0,,,,
2026-27,1022600074,2026-06-05,Jun,CON,CHI,away,L,80,85,77.0,-5,165,2,1,0,0,3,2,1,1,6.0,Raegan Beers,1643441,3,,5,4,False,0,2,10.8,16.0,3.8,2.9,0.8,11,1,13.8,0.9066666666666666,0.5,0.3333333333333333,0.0
2026-27,1022600083,2026-06-08,Jun,CON,NYL,home,L,80,89,82.0,-9,169,0,0,0,0,3,2,0,0,13.8,Raegan Beers,1643441,-6,,4,2,False,0,1,10.8,16.0,3.8,2.9,0.8,6,0,5.4,0.2898550724637681,0.21739130434782608,0.0,0.0
2026-27,1022600089,2026-06-10,Jun,CON,TOR,away,L,102,106,89.5,-4,208,1,1,0,0,1,1,2,1,8.9,Raegan Beers,1643441,3,,3,4,False,0,0,10.8,16.0,3.8,2.9,0.8,8,1,12.3,0.21123595505617976,0.11235955056179775,2.0,0.0
2026-27,1022600097,2026-06-13,Jun,CON,IND,home,L,75,85,76.5,-10,160,0,0,0,0,0,0,0,0,1.7,Raegan Beers,1643441,0,,0,0,False,0,1,10.8,16.0,3.8,2.9,0.8,0,0,-1.0,0.5882352941176471,0.0,,
2026-27,1022600107,2026-06-17,Jun,CON,WAS,home,L,81,88,76.0,-7,169,1,0,0,0,1,1,0,0,7.4,Raegan Beers,1643441,2,,2,1,False,0,0,10.8,16.0,3.8,2.9,0.8,4,0,4.7,0.13513513513513511,0.13513513513513511,0.0,0.0
2026-27,1022600114,2026-06-19,Jun,CON,TOR,home,L,97,101,84.0,-4,198,0,0,0,0,0,0,0,0,0.0,Raegan Beers,1643441,0,,0,0,False,0,0,10.8,16.0,3.8,2.9,0.8,0,0,0.0,,,,
2026-27,1022600123,2026-06-22,Jun,CON,CHI,home,W,92,63,84.5,29,155,0,0,0,0,2,2,0,0,5.1,Raegan Beers,1643441,-2,,4,1,False,0,2,10.8,16.0,3.8,2.9,0.8,5,0,3.2,0.7843137254901962,0.3921568627450981,0.0,0.0
2026-27,1022600135,2026-06-26,Jun,CON,WAS,home,W,68,57,77.0,11,125,0,0,0,0,2,1,2,1,8.8,Raegan Beers,1643441,7,,3,1,False,0,0,10.8,16.0,3.8,2.9,0.8,4,0,4.2,0.3272727272727272,0.22727272727272727,1.0,0.0
2026-27,1022600146,2026-07-02,Jul,CON,DAL,home,L,83,86,80.0,-3,169,0,0,0,0,0,0,0,0,0.0,Raegan Beers,1643441,0,,0,0,False,0,0,10.8,16.0,3.8,2.9,0.8,0,0,0.0,,,,
2026-27,1022600155,2026-07-06,Jul,CON,MIN,away,W,90,89,80.5,1,179,0,0,0,0,0,0,0,0,0.0,Raegan Beers,1643441,0,,0,0,False,0,0,10.8,16.0,3.8,2.9,0.8,0,0,0.0,,,,
2026-27,1022600160,2026-07-08,Jul,CON,MIN,home,L,80,86,78.5,-6,166,1,0,0,0,3,1,4,3,12.9,Raegan Beers,1643441,-8,,5,1,False,0,1,10.8,16.0,3.8,2.9,0.8,7,0,6.7,0.44651162790697674,0.23255813953488372,1.3333333333333333,0.0
2026-27,1022600165,2026-07-10,Jul,CON,GSV,home,L,64,79,73.5,-15,143,1,0,0,0,1,0,4,3,9.8,Raegan Beers,1643441,1,,3,2,False,0,1,10.8,16.0,3.8,2.9,0.8,6,0,5.9,0.38367346938775504,0.1020408163265306,4.0,0.0
2026-27,1022600015,2026-05-13,May,SEA,TOR,away,L,73,86,81.0,-13,159,0,0,0,0,0,0,0,0,0.0,Awa Fam,1643443,0,,0,0,False,0,0,29.1,17.7,11.3,5.1,1.9,0,0,0.0,,,,
2026-27,1022600040,2026-05-22,May,SEA,CON,home,W,77,59,75.5,18,136,0,0,0,0,0,0,0,0,0.0,Awa Fam,1643443,0,,0,0,False,0,0,29.1,17.7,11.3,5.1,1.9,0,0,0.0,,,,
2026-27,1022600046,2026-05-24,May,SEA,WAS,home,W,97,85,81.0,12,182,0,0,1,0,7,4,2,2,20.5,Awa Fam,1643443,6,,10,2,True,1,2,29.1,17.7,11.3,5.1,1.9,12,1,13.4,0.48195121951219505,0.34146341463414637,0.2857142857142857,0.14285714285714285
2026-27,1022600053,2026-05-27,May,SEA,WAS,home,L,64,78,72.5,-14,142,0,0,1,0,5,2,4,2,17.3,Awa Fam,1643443,-2,,6,5,False,0,1,29.1,17.7,11.3,5.1,1.9,11,0,11.0,0.44855491329479763,0.2890173410404624,0.8,0.2
2026-27,1022600060,2026-05-30,May,SEA,TOR,away,L,72,93,82.0,-21,165,0,1,2,0,10,3,1,1,23.7,Awa Fam,1643443,-20,,7,5,True,0,2,29.1,17.7,11.3,5.1,1.9,12,1,14.0,0.5248945147679325,0.4219409282700422,0.1,0.2
2026-27,1022600064,2026-06-01,Jun,SEA,DAL,away,L,56,79,79.0,-23,135,1,0,1,0,10,4,0,0,31.4,Awa Fam,1643443,-17,,8,7,True,4,2,29.1,17.7,11.3,5.1,1.9,16,4,27.9,0.3821656050955414,0.3184713375796179,0.0,0.1
2026-27,1022600071,2026-06-03,Jun,SEA,PHX,home,L,68,72,79.5,-4,140,2,2,4,0,17,9,0,0,32.6,Awa Fam,1643443,-1,F,18,6,True,1,2,29.1,17.7,11.3,5.1,1.9,26,3,35.2,0.5828220858895705,0.5214723926380368,0.0,0.23529411764705882
2026-27,1022600077,2026-06-06,Jun,SEA,MIN,away,L,68,88,80.0,-20,156,4,0,4,1,6,2,0,0,30.2,Awa Fam,1643443,-15,F,5,4,True,0,4,29.1,17.7,11.3,5.1,1.9,13,0,11.8,0.33112582781456956,0.19867549668874174,0.0,0.6666666666666666
2026-27,1022600085,2026-06-08,Jun,SEA,LVA,away,L,91,101,18.5,-10,192,1,0,3,1,11,7,1,1,29.4,Awa Fam,1643443,-13,F,16,3,True,0,3,29.1,17.7,11.3,5.1,1.9,20,0,18.1,0.49115646258503404,0.3741496598639456,0.09090909090909091,0.2727272727272727
2026-27,1022600090,2026-06-10,Jun,SEA,LAS,home,L,83,88,80.5,-5,171,4,2,4,2,6,4,2,2,30.0,Awa Fam,1643443,-1,F,12,6,True,0,3,29.1,17.7,11.3,5.1,1.9,22,2,28.2,0.3293333333333333,0.2,0.3333333333333333,0.6666666666666666
2026-27,1022600096,2026-06-12,Jun,SEA,GSV,home,L,72,76,75.0,-4,148,1,1,5,2,9,3,2,0,34.7,Awa Fam,1643443,6,F,8,6,True,0,1,29.1,17.7,11.3,5.1,1.9,15,1,18.7,0.31354466858789626,0.25936599423631124,0.2222222222222222,0.5555555555555556
2026-27,1022600112,2026-06-17,Jun,SEA,PDX,away,L,89,94,74.5,-5,183,1,0,5,3,10,6,3,3,29.5,Awa Fam,1643443,-14,F,18,5,True,0,1,29.1,17.7,11.3,5.1,1.9,24,0,24.5,0.4176271186440678,0.3389830508474576,0.3,0.5
2026-27,1022600118,2026-06-20,Jun,SEA,PHX,away,L,73,93,78.5,-20,166,3,0,2,1,7,2,0,0,30.3,Awa Fam,1643443,-11,F,5,10,True,2,2,29.1,17.7,11.3,5.1,1.9,18,2,25.5,0.297029702970297,0.23102310231023102,0.0,0.2857142857142857
2026-27,1022600126,2026-06-22,Jun,SEA,DAL,home,L,110,112,91.5,-2,222,4,3,5,4,8,6,2,2,38.8,Awa Fam,1643443,-1,F,18,6,True,0,2,29.1,17.7,11.3,5.1,1.9,28,3,38.2,0.2804123711340207,0.2061855670103093,0.25,0.625
2026-27,1022600134,2026-06-25,Jun,SEA,NYL,home,W,99,88,83.5,11,187,2,1,3,2,9,6,1,1,33.0,Awa Fam,1643443,16,F,15,6,True,0,3,29.1,17.7,11.3,5.1,1.9,23,1,25.2,0.37696969696969695,0.2727272727272727,0.1111111111111111,0.3333333333333333
2026-27,1022600140,2026-06-27,Jun,SEA,ATL,home,W,105,90,83.0,15,195,1,1,6,5,9,8,0,0,27.9,Awa Fam,1643443,15,F,21,1,True,0,4,29.1,17.7,11.3,5.1,1.9,23,1,22.7,0.4659498207885305,0.3225806451612903,0.0,0.6666666666666666
2026-27,1022600147,2026-07-02,Jul,SEA,PHX,away,L,67,90,76.0,-23,157,3,2,3,1,8,6,0,0,26.9,Awa Fam,1643443,-9,F,13,6,True,1,1,29.1,17.7,11.3,5.1,1.9,22,3,32.7,0.3345724907063197,0.29739776951672864,0.0,0.375
2026-27,1022600151,2026-07-04,Jul,SEA,PDX,home,L,72,77,84.0,-5,149,1,1,8,2,15,4,2,2,34.1,Awa Fam,1643443,-1,F,12,3,True,4,2,29.1,17.7,11.3,5.1,1.9,16,5,30.1,0.5243401759530792,0.4398826979472141,0.13333333333333333,0.5333333333333333
2026-27,1022600156,2026-07-06,Jul,SEA,LAS,away,W,82,64,85.0,18,146,2,1,7,1,9,3,0,0,25.3,Awa Fam,1643443,16,F,7,5,True,4,1,29.1,17.7,11.3,5.1,1.9,14,5,30.0,0.3952569169960474,0.3557312252964427,0.0,0.7777777777777778
2026-27,1022600162,2026-07-09,Jul,SEA,ATL,away,L,78,89,89.5,-11,167,4,0,5,0,8,2,0,0,29.8,Awa Fam,1643443,-12,F,4,5,True,0,0,29.1,17.7,11.3,5.1,1.9,13,0,16.0,0.2684563758389262,0.2684563758389262,0.0,0.625
2026-27,1022600009,2026-05-10,May,LAS,LVA,home,L,78,105,83.0,-27,183,0,0,0,0,1,1,0,0,4.7,Ta'Niya Latson,1643444,-2,,2,1,False,0,1,5.1,22.0,1.8,1.0,0.30000000000000004,3,0,2.2,0.425531914893617,0.2127659574468085,0.0,0.0
2026-27,1022600018,2026-05-13,May,LAS,IND,home,L,78,87,82.0,-9,165,0,0,1,0,1,0,0,0,1.7,Ta'Niya Latson,1643444,2,,0,0,False,0,1,5.1,22.0,1.8,1.0,0.30000000000000004,0,0,-1.0,1.1764705882352942,0.5882352941176471,0.0,1.0
2026-27,1022600023,2026-05-15,May,LAS,TOR,home,W,99,95,80.0,4,194,0,0,0,0,0,0,0,0,2.3,Ta'Niya Latson,1643444,-7,,0,0,False,0,0,5.1,22.0,1.8,1.0,0.30000000000000004,0,0,0.0,0.0,0.0,,
2026-27,1022600028,2026-05-17,May,LAS,TOR,home,L,96,106,80.0,-10,202,0,0,0,0,0,0,0,0,0.0,Ta'Niya Latson,1643444,0,,0,0,False,0,0,5.1,22.0,1.8,1.0,0.30000000000000004,0,0,0.0,,,,
2026-27,1022600037,2026-05-21,May,LAS,PHX,away,W,97,88,81.0,9,185,0,0,0,0,0,0,0,0,0.0,Ta'Niya Latson,1643444,0,,0,0,False,0,0,5.1,22.0,1.8,1.0,0.30000000000000004,0,0,0.0,,,,
2026-27,1022600043,2026-05-23,May,LAS,LVA,away,W,101,95,84.0,6,196,0,0,0,0,0,0,0,0,0.0,Ta'Niya Latson,1643444,0,,0,0,False,0,0,5.1,22.0,1.8,1.0,0.30000000000000004,0,0,0.0,,,,
2026-27,1022600057,2026-05-29,May,LAS,WAS,away,W,92,87,81.0,5,179,0,0,0,0,1,0,4,3,4.5,Ta'Niya Latson,1643444,-3,,3,0,False,0,1,5.1,22.0,1.8,1.0,0.30000000000000004,3,0,2.0,0.8355555555555555,0.2222222222222222,4.0,0.0
2026-27,1022600061,2026-05-30,May,LAS,CON,away,L,81,84,83.0,-3,165,0,0,1,1,1,1,0,0,5.0,Ta'Niya Latson,1643444,-3,,3,0,False,0,0,5.1,22.0,1.8,1.0,0.30000000000000004,3,0,3.0,0.2,0.2,0.0,1.0
2026-27,1022600069,2026-06-02,Jun,LAS,LVA,home,L,69,79,78.5,-10,148,1,0,1,0,1,0,2,2,6.3,Ta'Niya Latson,1643444,3,,2,2,False,0,1,5.1,22.0,1.8,1.0,0.30000000000000004,5,0,4.9,0.45714285714285713,0.15873015873015872,2.0,1.0
2026-27,1022600075,2026-06-05,Jun,LAS,DAL,home,L,96,104,83.5,-8,200,0,0,0,0,0,0,0,0,0.0,Ta'Niya Latson,1643444,0,,0,0,False,0,0,5.1,22.0,1.8,1.0,0.30000000000000004,0,0,0.0,,,,
2026-27,1022600082,2026-06-07,Jun,LAS,PDX,home,W,89,72,81.0,17,161,0,0,0,0,0,0,0,0,0.0,Ta'Niya Latson,1643444,0,,0,0,False,0,0,5.1,22.0,1.8,1.0,0.30000000000000004,0,0,0.0,,,,
2026-27,1022600090,2026-06-10,Jun,LAS,SEA,away,W,88,83,80.5,5,171,0,0,0,0,0,0,0,0,0.0,Ta'Niya Latson,1643444,0,,0,0,False,0,0,5.1,22.0,1.8,1.0,0.30000000000000004,0,0,0.0,,,,
2026-27,1022600100,2026-06-13,Jun,LAS,PHX,away,W,111,102,88.5,9,213,0,0,0,0,0,0,0,0,0.0,Ta'Niya Latson,1643444,0,,0,0,False,0,0,5.1,22.0,1.8,1.0,0.30000000000000004,0,0,0.0,,,,
2026-27,1022600105,2026-06-15,Jun,LAS,GSV,away,L,58,78,73.5,-20,136,0,0,0,0,1,0,0,0,3.8,Ta'Niya Latson,1643444,-1,,0,1,False,0,1,5.1,22.0,1.8,1.0,0.30000000000000004,1,0,0.19999999999999996,0.5263157894736842,0.2631578947368421,0.0,0.0
2026-27,1022600110,2026-06-17,Jun,LAS,MIN,home,L,83,99,86.5,-16,182,2,0,1,0,2,0,9,6,12.2,Ta'Niya Latson,1643444,-4,,6,3,False,0,2,5.1,22.0,1.8,1.0,0.30000000000000004,11,0,10.6,0.6524590163934426,0.1639344262295082,4.5,0.5
2026-27,1022600122,2026-06-21,Jun,LAS,NYL,home,W,98,97,83.5,1,195,0,0,0,0,0,0,0,0,0.0,Ta'Niya Latson,1643444,0,,0,0,False,0,0,5.1,22.0,1.8,1.0,0.30000000000000004,0,0,0.0,,,,
2026-27,1022600132,2026-06-25,Jun,LAS,TOR,away,L,97,125,86.5,-28,222,0,0,0,0,0,0,0,0,2.7,Ta'Niya Latson,1643444,0,,0,1,False,0,0,5.1,22.0,1.8,1.0,0.30000000000000004,1,0,1.2,0.0,0.0,,
2026-27,1022600139,2026-06-27,Jun,LAS,IND,away,L,87,111,85.5,-24,198,0,0,0,0,3,1,0,0,6.8,Ta'Niya Latson,1643444,0,,2,2,False,0,0,5.1,22.0,1.8,1.0,0.30000000000000004,4,0,4.4,0.4411764705882353,0.4411764705882353,0.0,0.0
2026-27,1022600002,2026-05-08,May,TOR,WAS,home,L,65,68,81.5,-3,133,1,0,2,0,3,0,0,0,17.6,Kiki Rice,1643445,1,,0,3,True,0,0,26.7,17.6,12.7,4.7,2.6,4,0,5.1,0.17045454545454544,0.17045454545454544,0.0,0.6666666666666666
2026-27,1022600015,2026-05-13,May,TOR,SEA,home,W,86,73,81.0,13,159,1,0,3,1,9,5,1,1,20.5,Kiki Rice,1643445,-3,,12,2,False,0,0,26.7,17.6,12.7,4.7,2.6,15,0,15.9,0.46048780487804875,0.43902439024390244,0.1111111111111111,0.3333333333333333
2026-27,1022600023,2026-05-15,May,TOR,LAS,away,L,95,99,80.0,-4,194,2,0,4,3,7,4,0,0,21.0,Kiki Rice,1643445,15,,11,0,True,0,1,26.7,17.6,12.7,4.7,2.6,13,0,13.0,0.38095238095238093,0.3333333333333333,0.0,0.5714285714285714
2026-27,1022600028,2026-05-17,May,TOR,LAS,away,W,106,96,80.0,10,202,2,0,3,1,8,5,10,8,35.0,Kiki Rice,1643445,5,G,19,5,True,0,0,26.7,17.6,12.7,4.7,2.6,26,0,28.0,0.3542857142857143,0.22857142857142856,1.25,0.375
2026-27,1022600031,2026-05-19,May,TOR,PHX,away,W,98,90,82.5,8,188,3,0,2,2,7,5,5,3,34.1,Kiki Rice,1643445,13,G,15,7,True,2,2,26.7,17.6,12.7,4.7,2.6,25,2,31.9,0.3284457478005865,0.20527859237536655,0.7142857142857143,0.2857142857142857
2026-27,1022600036,2026-05-21,May,TOR,MIN,away,L,72,100,77.5,-28,172,4,0,3,2,7,3,4,3,22.8,Kiki Rice,1643445,-12,G,11,6,True,0,0,26.7,17.6,12.7,4.7,2.6,21,0,24.2,0.38421052631578945,0.30701754385964913,0.5714285714285714,0.42857142857142855
2026-27,1022600042,2026-05-23,May,TOR,PDX,home,L,80,99,80.0,-19,179,3,1,1,0,11,8,4,3,30.2,Kiki Rice,1643445,-17,G,19,5,True,2,1,26.7,17.6,12.7,4.7,2.6,27,3,37.5,0.4556291390728477,0.3642384105960265,0.36363636363636365,0.09090909090909091
2026-27,1022600050,2026-05-27,May,TOR,CHI,away,W,111,104,84.0,7,215,7,0,2,0,7,3,9,8,34.1,Kiki Rice,1643445,11,G,14,8,True,2,3,26.7,17.6,12.7,4.7,2.6,29,2,37.1,0.4093841642228739,0.20527859237536655,1.2857142857142858,0.2857142857142857
2026-27,1022600060,2026-05-30,May,TOR,SEA,home,W,93,72,82.0,21,165,1,0,2,0,8,4,9,9,28.0,Kiki Rice,1643445,24,G,17,6,True,4,3,26.7,17.6,12.7,4.7,2.6,24,4,34.7,0.5342857142857144,0.2857142857142857,1.125,0.25
2026-27,1022600070,2026-06-03,Jun,TOR,NYL,away,L,82,97,78.5,-15,179,2,0,1,0,8,3,3,3,23.4,Kiki Rice,1643445,-4,G,9,5,True,0,3,26.7,17.6,12.7,4.7,2.6,16,0,15.0,0.5264957264957265,0.3418803418803419,0.375,0.125
2026-27,1022600081,2026-06-07,Jun,TOR,CHI,home,W,85,68,84.5,17,153,0,0,0,0,0,0,0,0,0.0,Kiki Rice,1643445,0,,0,0,False,0,0,26.7,17.6,12.7,4.7,2.6,0,0,0.0,,,,
2026-27,1022600089,2026-06-10,Jun,TOR,CON,home,W,106,102,89.5,4,208,0,0,0,0,0,0,0,0,0.0,Kiki Rice,1643445,0,,0,0,False,0,0,26.7,17.6,12.7,4.7,2.6,0,0,0.0,,,,
2026-27,1022600095,2026-06-12,Jun,TOR,WAS,away,L,85,86,84.5,-1,171,0,0,0,0,0,0,0,0,0.0,Kiki Rice,1643445,0,,0,0,False,0,0,26.7,17.6,12.7,4.7,2.6,0,0,0.0,,,,
2026-27,1022600102,2026-06-14,Jun,TOR,ATL,home,L,77,102,81.0,-25,179,0,0,0,0,0,0,0,0,0.0,Kiki Rice,1643445,0,,0,0,False,0,0,26.7,17.6,12.7,4.7,2.6,0,0,0.0,,,,
2026-27,1022600106,2026-06-16,Jun,TOR,IND,away,L,91,113,88.5,-22,204,0,0,0,0,0,0,0,0,0.0,Kiki Rice,1643445,0,,0,0,False,0,0,26.7,17.6,12.7,4.7,2.6,0,0,0.0,,,,
2026-27,1022600114,2026-06-19,Jun,TOR,CON,away,W,101,97,84.0,4,198,0,0,0,0,0,0,0,0,0.0,Kiki Rice,1643445,0,,0,0,False,0,0,26.7,17.6,12.7,4.7,2.6,0,0,0.0,,,,
2026-27,1022600124,2026-06-22,Jun,TOR,ATL,away,L,87,94,84.5,-7,181,0,0,0,0,0,0,0,0,0.0,Kiki Rice,1643445,0,,0,0,False,0,0,26.7,17.6,12.7,4.7,2.6,0,0,0.0,,,,
2026-27,1022600132,2026-06-25,Jun,TOR,LAS,home,W,125,97,86.5,28,222,0,0,0,0,0,0,0,0,0.0,Kiki Rice,1643445,0,,0,0,False,0,0,26.7,17.6,12.7,4.7,2.6,0,0,0.0,,,,
2026-27,1022600138,2026-06-27,Jun,TOR,PHX,home,L,80,89,78.5,-9,169,0,0,0,0,0,0,0,0,0.0,Kiki Rice,1643445,0,,0,0,False,0,0,26.7,17.6,12.7,4.7,2.6,0,0,0.0,,,,
2026-27,1022600152,2026-07-05,Jul,TOR,DAL,home,L,76,89,76.0,-13,165,0,0,0,0,0,0,0,0,0.0,Kiki Rice,1643445,0,,0,0,False,0,0,26.7,17.6,12.7,4.7,2.6,0,0,0.0,,,,
2026-27,1022600159,2026-07-08,Jul,TOR,GSV,home,L,75,83,76.0,-8,158,0,0,0,0,0,0,0,0,0.0,Kiki Rice,1643445,0,,0,0,False,0,0,26.7,17.6,12.7,4.7,2.6,0,0,0.0,,,,
2026-27,1022600166,2026-07-10,Jul,TOR,DAL,home,L,95,108,78.5,-13,203,0,0,0,0,0,0,0,0,0.0,Kiki Rice,1643445,0,,0,0,False,0,0,26.7,17.6,12.7,4.7,2.6,0,0,0.0,,,,
2026-27,1022600006,2026-05-09,May,CHI,PDX,away,W,98,83,82.0,15,181,2,0,1,1,7,3,4,3,32.0,Gabriela Jaquez,1643447,14,F,10,7,True,2,0,23.0,17.8,8.8,4.0,1.1,19,2,27.4,0.27375,0.21875,0.5714285714285714,0.14285714285714285
2026-27,1022600017,2026-05-13,May,CHI,GSV,away,W,69,63,75.5,6,132,2,0,2,1,7,3,0,0,26.0,Gabriela Jaquez,1643447,10,F,7,5,True,0,1,23.0,17.8,8.8,4.0,1.1,14,0,15.0,0.3076923076923077,0.2692307692307692,0.0,0.2857142857142857
2026-27,1022600024,2026-05-15,May,CHI,PHX,away,L,83,91,83.0,-8,174,0,0,1,0,5,4,7,5,28.7,Gabriela Jaquez,1643447,-5,F,13,3,True,1,2,23.0,17.8,8.8,4.0,1.1,16,1,17.6,0.351219512195122,0.17421602787456447,1.4,0.2
2026-27,1022600025,2026-05-17,May,CHI,MIN,away,W,86,79,84.5,7,165,1,0,2,1,11,6,7,7,31.7,Gabriela Jaquez,1643447,5,F,20,8,True,1,2,23.0,17.8,8.8,4.0,1.1,29,1,32.1,0.5072555205047318,0.3470031545741325,0.6363636363636364,0.18181818181818182
2026-27,1022600033,2026-05-20,May,CHI,DAL,home,L,89,99,79.5,-10,188,2,0,2,0,11,4,4,4,28.4,Gabriela Jaquez,1643447,-8,F,12,5,True,1,1,23.0,17.8,8.8,4.0,1.1,19,1,23.0,0.48450704225352115,0.38732394366197187,0.36363636363636365,0.18181818181818182
2026-27,1022600041,2026-05-23,May,CHI,MIN,home,L,75,85,86.5,-10,160,0,0,4,1,8,1,4,4,23.2,Gabriela Jaquez,1643447,-5,F,7,4,True,2,1,23.0,17.8,8.8,4.0,1.1,11,2,16.8,0.46379310344827585,0.3448275862068966,0.5,0.5
2026-27,1022600050,2026-05-27,May,CHI,TOR,home,L,104,111,84.0,-7,215,0,0,0,0,0,0,0,0,0.0,Gabriela Jaquez,1643447,0,,0,0,False,0,0,23.0,17.8,8.8,4.0,1.1,0,0,0.0,,,,
2026-27,1022600058,2026-05-29,May,CHI,MIN,home,L,58,79,86.0,-21,137,0,0,0,0,0,0,0,0,0.0,Gabriela Jaquez,1643447,0,,0,0,False,0,0,23.0,17.8,8.8,4.0,1.1,0,0,0.0,,,,
2026-27,1022600067,2026-06-02,Jun,CHI,WAS,away,L,72,90,82.5,-18,162,0,0,0,0,0,0,0,0,0.0,Gabriela Jaquez,1643447,0,,0,0,False,0,0,23.0,17.8,8.8,4.0,1.1,0,0,0.0,,,,
2026-27,1022600074,2026-06-05,Jun,CHI,CON,home,W,85,80,77.0,5,165,0,0,0,0,0,0,0,0,0.0,Gabriela Jaquez,1643447,0,,0,0,False,0,0,23.0,17.8,8.8,4.0,1.1,0,0,0.0,,,,
2026-27,1022600081,2026-06-07,Jun,CHI,TOR,away,L,68,85,84.5,-17,153,1,0,4,2,8,4,2,1,19.0,Gabriela Jaquez,1643447,-7,,11,3,False,2,2,23.0,17.8,8.8,4.0,1.1,15,2,20.1,0.5726315789473685,0.42105263157894735,0.25,0.5
2026-27,1022600086,2026-06-09,Jun,CHI,ATL,home,L,75,82,77.0,-7,157,0,0,0,0,3,1,2,1,18.7,Gabriela Jaquez,1643447,-3,F,3,4,False,0,5,23.0,17.8,8.8,4.0,1.1,7,0,2.8,0.4748663101604278,0.16042780748663102,0.6666666666666666,0.0
2026-27,1022600091,2026-06-11,Jun,CHI,IND,away,L,106,114,96.5,-8,220,1,0,2,0,6,2,2,2,21.6,Gabriela Jaquez,1643447,-14,F,6,2,False,1,0,23.0,17.8,8.8,4.0,1.1,9,1,12.9,0.3185185185185185,0.27777777777777773,0.3333333333333333,0.3333333333333333
2026-27,1022600108,2026-06-17,Jun,CHI,NYL,home,L,95,96,80.5,-1,191,3,0,5,4,11,7,4,4,28.9,Gabriela Jaquez,1643447,4,F,22,3,True,1,2,23.0,17.8,8.8,4.0,1.1,28,1,31.1,0.510726643598616,0.3806228373702422,0.36363636363636365,0.45454545454545453
2026-27,1022600119,2026-06-20,Jun,CHI,DAL,away,L,92,93,83.0,-1,185,1,0,1,0,7,3,1,0,25.3,Gabriela Jaquez,1643447,1,F,6,7,True,2,1,23.0,17.8,8.8,4.0,1.1,14,2,20.9,0.33359683794466405,0.2766798418972332,0.14285714285714285,0.14285714285714285
2026-27,1022600123,2026-06-22,Jun,CHI,CON,away,L,63,92,84.5,-29,155,0,0,3,0,8,2,1,1,21.3,Gabriela Jaquez,1643447,-19,G,5,4,True,0,3,23.0,17.8,8.8,4.0,1.1,9,0,6.800000000000001,0.5370892018779342,0.3755868544600939,0.125,0.375
2026-27,1022600130,2026-06-24,Jun,CHI,PDX,home,W,101,78,79.5,23,179,1,0,1,0,7,3,5,4,23.2,Gabriela Jaquez,1643447,13,F,10,5,True,0,0,23.0,17.8,8.8,4.0,1.1,16,0,17.5,0.396551724137931,0.3017241379310345,0.7142857142857143,0.14285714285714285
2026-27,1022600136,2026-06-26,Jun,CHI,PDX,home,W,124,94,83.0,30,218,3,0,2,0,4,1,2,2,24.1,Gabriela Jaquez,1643447,16,F,4,1,True,0,2,23.0,17.8,8.8,4.0,1.1,8,0,7.699999999999999,0.2854771784232365,0.16597510373443983,0.5,0.5
2026-27,1022600143,2026-06-28,Jun,CHI,LVA,home,L,99,107,86.0,-8,206,2,0,0,0,3,1,0,0,12.3,Gabriela Jaquez,1643447,-8,F,2,3,False,1,0,23.0,17.8,8.8,4.0,1.1,7,1,11.6,0.24390243902439024,0.24390243902439024,0.0,0.0
2026-27,1022600149,2026-07-03,Jul,CHI,LVA,away,L,90,98,90.0,-8,188,0,0,1,0,2,0,2,2,12.3,Gabriela Jaquez,1643447,-15,F,2,2,False,1,1,23.0,17.8,8.8,4.0,1.1,4,1,6.4,0.3154471544715447,0.16260162601626016,1.0,0.5
2026-27,1022600158,2026-07-07,Jul,CHI,PHX,away,W,77,66,80.0,11,143,1,0,2,1,5,1,0,0,18.5,Gabriela Jaquez,1643447,13,,3,1,True,2,2,23.0,17.8,8.8,4.0,1.1,5,2,9.7,0.3783783783783784,0.2702702702702703,0.0,0.4
2026-27,1022600167,2026-07-10,Jul,CHI,LAS,away,L,87,102,87.0,-15,189,0,0,2,0,12,6,3,3,20.4,Gabriela Jaquez,1643447,-8,,15,5,False,0,0,23.0,17.8,8.8,4.0,1.1,20,0,21.0,0.6529411764705882,0.5882352941176471,0.25,0.16666666666666666
2026-27,1022600021,2026-05-15,May,CON,LVA,home,L,94,101,84.5,-7,195,1,0,0,0,6,3,2,1,13.6,Nell Angloma,1643448,4,,7,1,False,0,1,10.9,19.9,4.1,1.5,0.6000000000000001,9,0,8.7,0.5794117647058824,0.4411764705882353,0.3333333333333333,0.0
2026-27,1022600030,2026-05-18,May,CON,PDX,away,L,82,83,74.5,-1,165,0,0,0,0,0,0,2,1,3.1,Nell Angloma,1643448,-2,,1,0,False,0,0,10.9,19.9,4.1,1.5,0.6000000000000001,1,0,1.0,0.2838709677419355,0.0,,
2026-27,1022600034,2026-05-20,May,CON,SEA,away,W,80,78,78.0,2,158,0,1,0,0,12,7,4,1,28.8,Nell Angloma,1643448,8,,15,7,True,3,1,10.9,19.9,4.1,1.5,0.6000000000000001,22,4,34.4,0.5125,0.41666666666666663,0.3333333333333333,0.0
2026-27,1022600040,2026-05-22,May,CON,SEA,away,L,59,77,75.5,-18,136,1,0,0,0,1,0,2,2,14.4,Nell Angloma,1643448,-3,,2,3,False,0,0,10.9,19.9,4.1,1.5,0.6000000000000001,6,0,7.1,0.13055555555555554,0.06944444444444445,2.0,0.0
2026-27,1022600048,2026-05-25,May,CON,GSV,away,L,70,97,80.0,-27,167,0,0,2,1,4,2,2,1,14.5,Nell Angloma,1643448,-8,,6,1,False,0,2,10.9,19.9,4.1,1.5,0.6000000000000001,7,0,5.2,0.47448275862068967,0.27586206896551724,0.5,0.5
2026-27,1022600052,2026-05-27,May,CON,PDX,away,L,61,71,75.5,-10,132,0,0,0,0,0,0,0,0,3.5,Nell Angloma,1643448,1,,0,0,False,0,0,10.9,19.9,4.1,1.5,0.6000000000000001,0,0,0.0,0.0,0.0,,
2026-27,1022600061,2026-05-30,May,CON,LAS,home,W,84,81,83.0,3,165,0,1,1,0,2,0,2,2,11.3,Nell Angloma,1643448,-1,,2,0,False,0,1,10.9,19.9,4.1,1.5,0.6000000000000001,2,1,4.0,0.34336283185840705,0.17699115044247787,1.0,0.5
2026-27,1022600066,2026-06-02,Jun,CON,ATL,away,L,75,91,77.5,-16,166,0,0,0,0,3,2,2,2,9.6,Nell Angloma,1643448,-6,,6,0,False,3,1,10.9,19.9,4.1,1.5,0.6000000000000001,6,3,14.0,0.5083333333333333,0.3125,0.6666666666666666,0.0
2026-27,1022600074,2026-06-05,Jun,CON,CHI,away,L,80,85,77.0,-5,165,0,0,0,0,4,2,2,2,16.5,Nell Angloma,1643448,9,,6,1,False,2,1,10.9,19.9,4.1,1.5,0.6000000000000001,7,2,12.2,0.3563636363636364,0.24242424242424243,0.5,0.0
2026-27,1022600083,2026-06-08,Jun,CON,NYL,home,L,80,89,82.0,-9,169,2,0,0,0,3,2,7,3,12.1,Nell Angloma,1643448,4,,7,2,False,0,2,10.9,19.9,4.1,1.5,0.6000000000000001,11,0,10.4,0.6677685950413224,0.24793388429752067,2.3333333333333335,0.0
2026-27,1022600089,2026-06-10,Jun,CON,TOR,away,L,102,106,89.5,-4,208,1,1,0,0,5,2,1,0,11.2,Nell Angloma,1643448,-2,,4,2,False,0,0,10.9,19.9,4.1,1.5,0.6000000000000001,7,1,10.9,0.48571428571428577,0.44642857142857145,0.2,0.0
2026-27,1022600097,2026-06-13,Jun,CON,IND,home,L,75,85,76.5,-10,160,0,1,0,0,1,0,2,1,8.6,Nell Angloma,1643448,-5,,1,0,False,0,1,10.9,19.9,4.1,1.5,0.6000000000000001,1,1,3.0,0.33488372093023255,0.11627906976744186,2.0,0.0
2026-27,1022600107,2026-06-17,Jun,CON,WAS,home,L,81,88,76.0,-7,169,1,0,2,0,5,1,4,2,13.8,Nell Angloma,1643448,-1,,4,2,False,0,0,10.9,19.9,4.1,1.5,0.6000000000000001,7,0,7.9,0.4898550724637681,0.36231884057971014,0.8,0.4
2026-27,1022600114,2026-06-19,Jun,CON,TOR,home,L,97,101,84.0,-4,198,0,0,0,0,0,0,0,0,3.0,Nell Angloma,1643448,-3,,0,0,False,0,1,10.9,19.9,4.1,1.5,0.6000000000000001,0,0,-1.0,0.3333333333333333,0.0,,
2026-27,1022600123,2026-06-22,Jun,CON,CHI,home,W,92,63,84.5,29,155,1,0,0,0,0,0,2,1,7.8,Nell Angloma,1643448,-2,,1,1,False,0,1,10.9,19.9,4.1,1.5,0.6000000000000001,3,0,2.7,0.24102564102564103,0.0,,
2026-27,1022600135,2026-06-26,Jun,CON,WAS,home,W,68,57,77.0,11,125,0,0,0,0,1,0,0,0,4.4,Nell Angloma,1643448,-3,,0,0,False,0,1,10.9,19.9,4.1,1.5,0.6000000000000001,0,0,-1.0,0.45454545454545453,0.22727272727272727,0.0,0.0
2026-27,1022600146,2026-07-02,Jul,CON,DAL,home,L,83,86,80.0,-3,169,0,0,0,0,0,0,0,0,0.0,Nell Angloma,1643448,0,,0,0,False,0,0,10.9,19.9,4.1,1.5,0.6000000000000001,0,0,0.0,,,,
2026-27,1022600155,2026-07-06,Jul,CON,MIN,away,W,90,89,80.5,1,179,0,0,0,0,0,0,0,0,0.4,Nell Angloma,1643448,1,,0,0,False,0,0,10.9,19.9,4.1,1.5,0.6000000000000001,0,0,0.0,0.0,0.0,,
2026-27,1022600160,2026-07-08,Jul,CON,MIN,home,L,80,86,78.5,-6,166,0,0,0,0,6,4,4,2,15.3,Nell Angloma,1643448,3,,10,7,False,0,2,10.9,19.9,4.1,1.5,0.6000000000000001,17,0,16.4,0.6379084967320261,0.39215686274509803,0.6666666666666666,0.0
2026-27,1022600165,2026-07-10,Jul,CON,GSV,home,L,64,79,73.5,-15,143,4,2,4,0,8,3,0,0,16.0,Nell Angloma,1643448,-1,,6,1,False,1,2,10.9,19.9,4.1,1.5,0.6000000000000001,11,3,20.2,0.625,0.5,0.0,0.5
2026-27,1022600001,2026-05-08,May,CON,NYL,away,L,75,106,88.5,-31,181,1,0,2,0,9,2,1,0,20.7,Charlisse Leger-Walker,1643449,-17,,4,2,False,0,1,21.6,17.4,7.3,2.0,2.9,7,0,6.9,0.5043478260869565,0.43478260869565216,0.1111111111111111,0.2222222222222222
2026-27,1022600007,2026-05-10,May,CON,SEA,home,L,82,89,86.5,-7,171,2,0,2,0,6,2,2,2,20.4,Charlisse Leger-Walker,1643449,-11,G,6,2,True,1,1,21.6,17.4,7.3,2.0,2.9,10,1,13.4,0.3862745098039216,0.29411764705882354,0.3333333333333333,0.3333333333333333
2026-27,1022600016,2026-05-13,May,CON,LVA,home,L,69,98,83.0,-29,167,2,0,0,0,2,1,0,0,16.4,Charlisse Leger-Walker,1643449,-16,G,2,2,False,0,2,21.6,17.4,7.3,2.0,2.9,6,0,5.4,0.24390243902439027,0.12195121951219513,0.0,0.0
2026-27,1022600021,2026-05-15,May,CON,LVA,home,L,94,101,84.5,-7,195,4,0,1,1,5,3,4,3,18.4,Charlisse Leger-Walker,1643449,-3,,10,1,True,1,0,21.6,17.4,7.3,2.0,2.9,15,1,20.2,0.36739130434782613,0.27173913043478265,0.8,0.2
2026-27,1022600030,2026-05-18,May,CON,PDX,away,L,82,83,74.5,-1,165,2,0,4,3,7,3,2,1,23.2,Charlisse Leger-Walker,1643449,-4,,10,1,True,0,4,21.6,17.4,7.3,2.0,2.9,13,0,10.2,0.5120689655172413,0.3017241379310345,0.2857142857142857,0.5714285714285714
2026-27,1022600034,2026-05-20,May,CON,SEA,away,W,80,78,78.0,2,158,3,0,6,1,15,6,3,3,28.1,Charlisse Leger-Walker,1643449,4,,16,2,True,1,1,21.6,17.4,7.3,2.0,2.9,21,1,24.9,0.6163701067615658,0.5338078291814946,0.2,0.4
2026-27,1022600040,2026-05-22,May,CON,SEA,away,L,59,77,75.5,-18,136,5,0,3,1,9,2,0,0,29.8,Charlisse Leger-Walker,1643449,-6,G,5,3,True,2,0,21.6,17.4,7.3,2.0,2.9,13,2,22.1,0.30201342281879195,0.30201342281879195,0.0,0.3333333333333333
2026-27,1022600048,2026-05-25,May,CON,GSV,away,L,70,97,80.0,-27,167,2,0,3,2,5,3,2,1,18.6,Charlisse Leger-Walker,1643449,-16,G,9,2,False,1,2,21.6,17.4,7.3,2.0,2.9,13,1,15.399999999999999,0.42365591397849456,0.26881720430107525,0.4,0.6
2026-27,1022600052,2026-05-27,May,CON,PDX,away,L,61,71,75.5,-10,132,3,0,3,0,7,3,9,5,27.3,Charlisse Leger-Walker,1643449,-14,G,11,2,True,0,2,21.6,17.4,7.3,2.0,2.9,16,0,15.899999999999999,0.47472527472527476,0.2564102564102564,1.2857142857142858,0.42857142857142855
2026-27,1022600061,2026-05-30,May,CON,LAS,home,W,84,81,83.0,3,165,3,1,1,0,2,0,2,2,13.2,Charlisse Leger-Walker,1643449,-3,,2,1,False,2,3,21.6,17.4,7.3,2.0,2.9,6,3,13.7,0.4454545454545455,0.15151515151515152,1.0,0.5
2026-27,1022600066,2026-06-02,Jun,CON,ATL,away,L,75,91,77.5,-16,166,3,0,1,0,1,0,0,0,16.2,Charlisse Leger-Walker,1643449,-11,,0,0,False,0,1,21.6,17.4,7.3,2.0,2.9,3,0,3.5,0.1234567901234568,0.0617283950617284,0.0,1.0
2026-27,1022600074,2026-06-05,Jun,CON,CHI,away,L,80,85,77.0,-5,165,1,0,2,0,4,2,0,0,8.0,Charlisse Leger-Walker,1643449,8,,4,0,False,1,0,21.6,17.4,7.3,2.0,2.9,5,1,8.5,0.5,0.5,0.0,0.5
2026-27,1022600083,2026-06-08,Jun,CON,NYL,home,L,80,89,82.0,-9,169,2,0,0,0,3,2,0,0,14.5,Charlisse Leger-Walker,1643449,7,,4,2,False,2,2,21.6,17.4,7.3,2.0,2.9,8,2,13.4,0.3448275862068966,0.20689655172413793,0.0,0.0
2026-27,1022600089,2026-06-10,Jun,CON,TOR,away,L,102,106,89.5,-4,208,1,0,1,0,6,2,0,0,18.3,Charlisse Leger-Walker,1643449,-9,,4,1,False,0,2,21.6,17.4,7.3,2.0,2.9,6,0,4.7,0.4371584699453552,0.32786885245901637,0.0,0.16666666666666666
2026-27,1022600097,2026-06-13,Jun,CON,IND,home,L,75,85,76.5,-10,160,4,0,2,1,3,1,0,0,13.7,Charlisse Leger-Walker,1643449,-4,,3,0,False,1,1,21.6,17.4,7.3,2.0,2.9,7,1,11.0,0.29197080291970806,0.21897810218978103,0.0,0.6666666666666666
2026-27,1022600107,2026-06-17,Jun,CON,WAS,home,L,81,88,76.0,-7,169,4,0,1,1,5,3,3,3,19.1,Charlisse Leger-Walker,1643449,-4,,10,2,False,0,0,21.6,17.4,7.3,2.0,2.9,16,0,18.4,0.3308900523560209,0.2617801047120419,0.6,0.2
2026-27,1022600114,2026-06-19,Jun,CON,TOR,home,L,97,101,84.0,-4,198,3,0,0,0,3,2,4,3,18.3,Charlisse Leger-Walker,1643449,7,,7,2,False,0,0,21.6,17.4,7.3,2.0,2.9,12,0,13.9,0.2601092896174863,0.16393442622950818,1.3333333333333333,0.0
2026-27,1022600123,2026-06-22,Jun,CON,CHI,home,W,92,63,84.5,29,155,5,0,4,1,11,4,4,4,28.9,Charlisse Leger-Walker,1643449,19,G,13,7,True,1,3,21.6,17.4,7.3,2.0,2.9,25,1,28.9,0.5453287197231834,0.3806228373702422,0.36363636363636365,0.36363636363636365
2026-27,1022600135,2026-06-26,Jun,CON,WAS,home,W,68,57,77.0,11,125,5,0,4,2,9,4,0,0,31.1,Charlisse Leger-Walker,1643449,15,G,10,3,True,3,0,21.6,17.4,7.3,2.0,2.9,18,3,30.1,0.28938906752411575,0.28938906752411575,0.0,0.4444444444444444
2026-27,1022600146,2026-07-02,Jul,CON,DAL,home,L,83,86,80.0,-3,169,1,1,2,1,8,5,5,3,29.6,Charlisse Leger-Walker,1643449,1,G,14,2,True,1,0,21.6,17.4,7.3,2.0,2.9,17,2,23.9,0.34459459459459457,0.27027027027027023,0.625,0.25
2026-27,1022600155,2026-07-06,Jul,CON,MIN,away,W,90,89,80.5,1,179,5,0,4,2,8,2,0,0,27.8,Charlisse Leger-Walker,1643449,5,G,6,4,True,1,2,21.6,17.4,7.3,2.0,2.9,15,1,19.3,0.3597122302158273,0.28776978417266186,0.0,0.5
2026-27,1022600160,2026-07-08,Jul,CON,MIN,home,L,80,86,78.5,-6,166,3,1,5,1,11,3,0,0,31.3,Charlisse Leger-Walker,1643449,-15,G,7,4,True,3,4,21.6,17.4,7.3,2.0,2.9,14,4,24.3,0.4792332268370607,0.3514376996805112,0.0,0.45454545454545453
2026-27,1022600165,2026-07-10,Jul,CON,GSV,home,L,64,79,73.5,-15,143,2,0,5,1,10,4,1,1,24.9,Charlisse Leger-Walker,1643449,-6,G,10,1,True,1,2,21.6,17.4,7.3,2.0,2.9,13,1,15.2,0.4995983935742972,0.40160642570281124,0.1,0.5
2026-27,1022600002,2026-05-08,May,WAS,TOR,away,W,68,65,81.5,3,133,2,0,0,0,2,0,0,0,19.6,Rori Harmon,1643450,-13,,0,2,True,3,3,8.0,16.1,1.0,1.0,1.4,4,3,11.4,0.25510204081632654,0.1020408163265306,0.0,0.0
2026-27,1022600008,2026-05-10,May,WAS,NYL,home,L,93,98,86.5,-5,191,4,0,3,1,3,1,0,0,21.7,Rori Harmon,1643450,-1,,3,3,False,1,5,8.0,16.1,1.0,1.0,1.4,10,1,10.6,0.3686635944700461,0.1382488479262673,0.0,1.0
2026-27,1022600022,2026-05-15,May,WAS,IND,away,W,104,102,94.5,2,206,1,0,0,0,0,0,2,1,9.2,Rori Harmon,1643450,-2,,1,1,False,1,1,8.0,16.1,1.0,1.0,1.4,3,1,5.7,0.20434782608695654,0.0,,
2026-27,1022600029,2026-05-18,May,WAS,DAL,away,L,69,92,73.5,-23,161,2,0,1,0,2,0,2,2,5.3,Rori Harmon,1643450,-2,,2,1,False,0,1,8.0,16.1,1.0,1.0,1.4,5,0,5.2,0.7320754716981133,0.37735849056603776,1.0,0.5
2026-27,1022600046,2026-05-24,May,WAS,SEA,away,L,85,97,81.0,-12,182,0,0,1,0,2,1,0,0,2.9,Rori Harmon,1643450,-2,,2,1,False,0,1,8.0,16.1,1.0,1.0,1.4,3,0,2.2,1.0344827586206897,0.6896551724137931,0.0,0.5
2026-27,1022600053,2026-05-27,May,WAS,SEA,away,W,78,64,72.5,14,142,0,0,0,0,0,0,0,0,0.0,Rori Harmon,1643450,0,,0,0,False,0,0,8.0,16.1,1.0,1.0,1.4,0,0,0.0,,,,
2026-27,1022600057,2026-05-29,May,WAS,LAS,home,L,87,92,81.0,-5,179,0,0,0,0,0,0,0,0,0.0,Rori Harmon,1643450,0,,0,0,False,0,0,8.0,16.1,1.0,1.0,1.4,0,0,0.0,,,,
2026-27,1022600067,2026-06-02,Jun,WAS,CHI,home,W,90,72,82.5,18,162,1,0,0,0,0,0,0,0,1.5,Rori Harmon,1643450,2,,0,0,False,0,1,8.0,16.1,1.0,1.0,1.4,1,0,0.5,0.6666666666666666,0.0,,
2026-27,1022600079,2026-06-06,Jun,WAS,ATL,away,L,77,109,77.5,-32,186,0,0,0,0,0,0,0,0,1.9,Rori Harmon,1643450,0,,0,0,False,0,0,8.0,16.1,1.0,1.0,1.4,0,0,0.0,0.0,0.0,,
2026-27,1022600084,2026-06-08,Jun,WAS,IND,home,L,76,78,81.0,-2,154,0,0,0,0,0,0,0,0,0.0,Rori Harmon,1643450,0,,0,0,False,0,0,8.0,16.1,1.0,1.0,1.4,0,0,0.0,,,,
2026-27,1022600095,2026-06-12,Jun,WAS,TOR,home,W,86,85,84.5,1,171,0,0,0,0,0,0,0,0,0.0,Rori Harmon,1643450,0,,0,0,False,0,0,8.0,16.1,1.0,1.0,1.4,0,0,0.0,,,,
2026-27,1022600101,2026-06-14,Jun,WAS,NYL,away,L,64,86,78.5,-22,150,1,0,0,0,0,0,0,0,2.2,Rori Harmon,1643450,-5,,0,0,False,0,0,8.0,16.1,1.0,1.0,1.4,1,0,1.5,0.0,0.0,,
2026-27,1022600107,2026-06-17,Jun,WAS,CON,away,W,88,81,76.0,7,169,0,0,0,0,0,0,0,0,0.0,Rori Harmon,1643450,0,,0,0,False,0,0,8.0,16.1,1.0,1.0,1.4,0,0,0.0,,,,
2026-27,1022600115,2026-06-19,Jun,WAS,NYL,away,W,86,83,79.0,3,169,0,0,0,0,0,0,0,0,0.0,Rori Harmon,1643450,0,,0,0,False,0,0,8.0,16.1,1.0,1.0,1.4,0,0,0.0,,,,
2026-27,1022600121,2026-06-21,Jun,WAS,MIN,away,W,84,79,82.0,5,163,0,0,0,0,0,0,0,0,0.0,Rori Harmon,1643450,0,,0,0,False,0,0,8.0,16.1,1.0,1.0,1.4,0,0,0.0,,,,
2026-27,1022600129,2026-06-24,Jun,WAS,MIN,home,L,76,78,86.0,-2,154,0,0,0,0,0,0,0,0,0.0,Rori Harmon,1643450,0,,0,0,False,0,0,8.0,16.1,1.0,1.0,1.4,0,0,0.0,,,,
2026-27,1022600135,2026-06-26,Jun,WAS,CON,away,L,57,68,77.0,-11,125,0,0,0,0,0,0,0,0,0.0,Rori Harmon,1643450,0,,0,0,False,0,0,8.0,16.1,1.0,1.0,1.4,0,0,0.0,,,,
2026-27,1022600142,2026-06-28,Jun,WAS,PDX,home,W,124,123,117.5,1,247,0,0,0,0,0,0,0,0,0.0,Rori Harmon,1643450,0,,0,0,False,0,0,8.0,16.1,1.0,1.0,1.4,0,0,0.0,,,,
2026-27,1022600145,2026-07-02,Jul,WAS,ATL,home,W,81,76,82.0,5,157,0,0,0,0,0,0,0,0,0.0,Rori Harmon,1643450,0,,0,0,False,0,0,8.0,16.1,1.0,1.0,1.4,0,0,0.0,,,,
2026-27,1022600154,2026-07-06,Jul,WAS,GSV,home,L,49,62,68.0,-13,111,0,0,0,0,0,0,0,0,0.0,Rori Harmon,1643450,0,,0,0,False,0,0,8.0,16.1,1.0,1.0,1.4,0,0,0.0,,,,
2026-27,1022600003,2026-05-08,May,SEA,GSV,home,L,80,91,75.0,-11,171,0,0,1,1,2,1,2,2,7.3,Grace Vanslooten,1643453,-3,,5,0,False,0,0,6.2,11.4,2.1,0.8,0.4,5,0,5.0,0.39452054794520547,0.273972602739726,1.0,0.5
2026-27,1022600007,2026-05-10,May,SEA,CON,away,W,89,82,86.5,7,171,0,0,1,1,2,2,0,0,10.0,Grace Vanslooten,1643453,2,,5,2,False,1,0,6.2,11.4,2.1,0.8,0.4,7,1,10.4,0.2,0.2,0.0,0.5
2026-27,1022600015,2026-05-13,May,SEA,TOR,away,L,73,86,81.0,-13,159,0,1,0,0,0,0,2,2,11.9,Grace Vanslooten,1643453,0,,2,2,False,1,1,6.2,11.4,2.1,0.8,0.4,4,2,9.4,0.15798319327731092,0.0,,
2026-27,1022600027,2026-05-17,May,SEA,IND,away,L,78,89,84.0,-11,167,3,2,1,0,4,2,4,1,18.4,Grace Vanslooten,1643453,-16,,5,2,False,2,0,6.2,11.4,2.1,0.8,0.4,10,4,23.9,0.3130434782608696,0.2173913043478261,1.0,0.25
2026-27,1022600039,2026-05-22,May,IND,GSV,home,W,90,82,83.0,8,172,0,0,0,0,0,0,0,0,1.7,Grace VanSlooten,1643453,-2,,0,0,False,0,0,6.2,11.4,2.1,0.8,0.4,0,0,0.0,0.0,0.0,,
2026-27,1022600055,2026-05-28,May,IND,GSV,away,L,88,90,82.5,-2,178,0,0,0,0,0,0,0,0,0.0,Grace VanSlooten,1643453,0,,0,0,False,0,0,6.2,11.4,2.1,0.8,0.4,0,0,0.0,,,,
2026-27,1022600062,2026-05-30,May,IND,PDX,away,L,84,100,80.0,-16,184,0,0,0,0,1,1,0,0,5.5,Grace VanSlooten,1643453,-6,,2,0,False,0,0,6.2,11.4,2.1,0.8,0.4,2,0,2.0,0.18181818181818182,0.18181818181818182,0.0,0.0
2026-27,1022600072,2026-06-04,Jun,IND,ATL,home,W,83,71,77.5,12,154,0,0,0,0,0,0,0,0,0.0,Grace VanSlooten,1643453,0,,0,0,False,0,0,6.2,11.4,2.1,0.8,0.4,0,0,0.0,,,,
2026-27,1022600080,2026-06-06,Jun,IND,NYL,away,L,75,83,85.0,-8,158,0,0,0,0,0,0,0,0,0.0,Grace VanSlooten,1643453,0,,0,0,False,0,0,6.2,11.4,2.1,0.8,0.4,0,0,0.0,,,,
2026-27,1022600084,2026-06-08,Jun,IND,WAS,away,W,78,76,81.0,2,154,0,0,0,0,0,0,0,0,0.0,Grace VanSlooten,1643453,0,,0,0,False,0,0,6.2,11.4,2.1,0.8,0.4,0,0,0.0,,,,
2026-27,1022600091,2026-06-11,Jun,IND,CHI,home,W,114,106,96.5,8,220,0,0,0,0,0,0,0,0,0.0,Grace VanSlooten,1643453,0,,0,0,False,0,0,6.2,11.4,2.1,0.8,0.4,0,0,0.0,,,,
2026-27,1022600097,2026-06-13,Jun,IND,CON,away,W,85,75,76.5,10,160,0,0,0,0,0,0,0,0,0.0,Grace VanSlooten,1643453,0,,0,0,False,0,0,6.2,11.4,2.1,0.8,0.4,0,0,0.0,,,,
2026-27,1022600106,2026-06-16,Jun,IND,TOR,home,W,113,91,88.5,22,204,0,0,0,0,0,0,0,0,1.0,Grace VanSlooten,1643453,0,,0,0,False,0,0,6.2,11.4,2.1,0.8,0.4,0,0,0.0,0.0,0.0,,
2026-27,1022600113,2026-06-18,Jun,IND,ATL,home,L,101,108,87.5,-7,209,0,0,0,0,0,0,0,0,0.0,Grace VanSlooten,1643453,0,,0,0,False,0,0,6.2,11.4,2.1,0.8,0.4,0,0,0.0,,,,
2026-27,1022600117,2026-06-20,Jun,IND,ATL,away,L,96,113,84.5,-17,209,0,0,0,0,0,0,0,0,0.0,Grace VanSlooten,1643453,0,,0,0,False,0,0,6.2,11.4,2.1,0.8,0.4,0,0,0.0,,,,
2026-27,1022600125,2026-06-22,Jun,IND,PHX,home,W,86,77,80.5,9,163,0,0,0,0,0,0,0,0,1.1,Grace VanSlooten,1643453,-5,,0,0,False,0,1,6.2,11.4,2.1,0.8,0.4,0,0,-1.0,0.9090909090909091,0.0,,
2026-27,1022600128,2026-06-24,Jun,IND,PHX,home,L,109,111,84.0,-2,220,0,0,0,0,0,0,0,0,0.0,Grace VanSlooten,1643453,0,,0,0,False,0,0,6.2,11.4,2.1,0.8,0.4,0,0,0.0,,,,
2026-27,1022600139,2026-06-27,Jun,IND,LAS,home,W,111,87,85.5,24,198,1,1,0,0,2,2,0,0,5.2,Grace VanSlooten,1643453,-6,,4,1,False,0,0,6.2,11.4,2.1,0.8,0.4,6,1,9.7,0.3846153846153846,0.3846153846153846,0.0,0.0
2026-27,1022600153,2026-07-05,Jul,IND,LVA,away,W,84,68,72.5,16,152,0,0,0,0,0,0,0,0,2.1,Grace VanSlooten,1643453,-2,,0,0,False,0,0,6.2,11.4,2.1,0.8,0.4,0,0,0.0,0.0,0.0,,
2026-27,1022600161,2026-07-08,Jul,IND,LAS,away,L,92,106,91.5,-14,198,0,0,0,0,0,0,0,0,4.4,Grace VanSlooten,1643453,-10,,0,2,False,0,1,6.2,11.4,2.1,0.8,0.4,2,0,1.4,0.22727272727272727,0.0,,
2026-27,1022600163,2026-07-09,Jul,IND,PHX,away,W,92,89,78.5,3,181,0,0,0,0,0,0,0,0,0.0,Grace VanSlooten,1643453,0,,0,0,False,0,0,6.2,11.4,2.1,0.8,0.4,0,0,0.0,,,,
2026-27,1022600002,2026-05-08,May,WAS,TOR,away,W,68,65,81.5,3,133,0,0,2,0,4,1,0,0,12.4,Angela Dugalic,1643455,-10,,2,2,False,0,1,13.4,17.8,4.3,3.3,0.8,4,0,3.4000000000000004,0.4032258064516129,0.3225806451612903,0.0,0.5
2026-27,1022600008,2026-05-10,May,WAS,NYL,home,L,93,98,86.5,-5,191,0,0,3,1,4,2,2,0,10.4,Angela Dugalic,1643455,3,,5,2,False,1,0,13.4,17.8,4.3,3.3,0.8,7,1,10.4,0.46923076923076923,0.3846153846153846,0.5,0.75
2026-27,1022600022,2026-05-15,May,WAS,IND,away,W,104,102,94.5,2,206,0,1,0,0,0,0,0,0,6.4,Angela Dugalic,1643455,-7,,0,3,False,0,0,13.4,17.8,4.3,3.3,0.8,3,1,6.6,0.0,0.0,,
2026-27,1022600029,2026-05-18,May,WAS,DAL,away,L,69,92,73.5,-23,161,1,1,0,0,2,1,0,0,12.9,Angela Dugalic,1643455,-12,,2,3,False,0,0,13.4,17.8,4.3,3.3,0.8,6,1,10.1,0.15503875968992248,0.15503875968992248,0.0,0.0
2026-27,1022600046,2026-05-24,May,WAS,SEA,away,L,85,97,81.0,-12,182,1,0,1,1,6,5,3,2,11.9,Angela Dugalic,1643455,3,,13,3,False,1,0,13.4,17.8,4.3,3.3,0.8,17,1,21.1,0.6151260504201681,0.5042016806722689,0.5,0.16666666666666666
2026-27,1022600053,2026-05-27,May,WAS,SEA,away,W,78,64,72.5,14,142,2,0,3,0,6,1,0,0,16.1,Angela Dugalic,1643455,-1,,2,3,False,1,1,13.4,17.8,4.3,3.3,0.8,7,1,10.6,0.43478260869565216,0.37267080745341613,0.0,0.5
2026-27,1022600057,2026-05-29,May,WAS,LAS,home,L,87,92,81.0,-5,179,1,1,0,0,3,3,0,0,17.1,Angela Dugalic,1643455,-12,,6,5,False,3,1,13.4,17.8,4.3,3.3,0.8,12,4,24.5,0.23391812865497075,0.17543859649122806,0.0,0.0
2026-27,1022600067,2026-06-02,Jun,WAS,CHI,home,W,90,72,82.5,18,162,1,0,2,0,8,3,2,2,13.2,Angela Dugalic,1643455,1,,8,7,False,0,1,13.4,17.8,4.3,3.3,0.8,16,0,16.9,0.7484848484848485,0.6060606060606061,0.25,0.25
2026-27,1022600079,2026-06-06,Jun,WAS,ATL,away,L,77,109,77.5,-32,186,1,0,1,1,3,2,0,0,14.4,Angela Dugalic,1643455,-9,,5,9,False,0,1,13.4,17.8,4.3,3.3,0.8,15,0,16.299999999999997,0.2777777777777778,0.20833333333333331,0.0,0.3333333333333333
2026-27,1022600084,2026-06-08,Jun,WAS,IND,home,L,76,78,81.0,-2,154,1,1,1,0,5,3,2,1,17.6,Angela Dugalic,1643455,-3,,7,5,False,2,2,13.4,17.8,4.3,3.3,0.8,13,3,21.5,0.4477272727272727,0.28409090909090906,0.4,0.2
2026-27,1022600095,2026-06-12,Jun,WAS,TOR,home,W,86,85,84.5,1,171,0,0,2,0,6,3,4,4,17.5,Angela Dugalic,1643455,-2,F,10,6,False,0,1,13.4,17.8,4.3,3.3,0.8,16,0,16.2,0.5005714285714286,0.34285714285714286,0.6666666666666666,0.3333333333333333
2026-27,1022600101,2026-06-14,Jun,WAS,NYL,away,L,64,86,78.5,-22,150,0,0,4,0,11,2,0,0,25.6,Angela Dugalic,1643455,-14,F,4,6,True,2,5,13.4,17.8,4.3,3.3,0.8,10,2,12.2,0.625,0.4296875,0.0,0.36363636363636365
2026-27,1022600107,2026-06-17,Jun,WAS,CON,away,W,88,81,76.0,7,169,3,0,3,0,7,3,0,0,26.9,Angela Dugalic,1643455,-2,F,6,2,True,0,0,13.4,17.8,4.3,3.3,0.8,11,0,12.9,0.26022304832713755,0.26022304832713755,0.0,0.42857142857142855
2026-27,1022600115,2026-06-19,Jun,WAS,NYL,away,W,86,83,79.0,3,169,1,0,0,0,1,0,0,0,7.3,Angela Dugalic,1643455,1,,0,1,False,0,0,13.4,17.8,4.3,3.3,0.8,2,0,2.7,0.136986301369863,0.136986301369863,0.0,0.0
2026-27,1022600121,2026-06-21,Jun,WAS,MIN,away,W,84,79,82.0,5,163,1,0,2,0,5,3,0,0,15.3,Angela Dugalic,1643455,6,,6,5,False,0,2,13.4,17.8,4.3,3.3,0.8,12,0,11.5,0.45751633986928103,0.32679738562091504,0.0,0.4
2026-27,1022600129,2026-06-24,Jun,WAS,MIN,home,L,76,78,86.0,-2,154,1,0,0,0,0,0,4,3,8.1,Angela Dugalic,1643455,12,,3,0,False,0,0,13.4,17.8,4.3,3.3,0.8,4,0,4.5,0.21728395061728395,0.0,,
2026-27,1022600135,2026-06-26,Jun,WAS,CON,away,L,57,68,77.0,-11,125,2,1,0,0,2,1,0,0,8.4,Angela Dugalic,1643455,2,,2,1,False,0,0,13.4,17.8,4.3,3.3,0.8,5,1,9.2,0.23809523809523808,0.23809523809523808,0.0,0.0
2026-27,1022600142,2026-06-28,Jun,WAS,PDX,home,W,124,123,117.5,1,247,0,1,1,0,3,1,2,1,10.8,Angela Dugalic,1643455,-19,,3,2,False,0,2,13.4,17.8,4.3,3.3,0.8,5,1,6.4,0.5444444444444444,0.27777777777777773,0.6666666666666666,0.3333333333333333
2026-27,1022600145,2026-07-02,Jul,WAS,ATL,home,W,81,76,82.0,5,157,1,0,0,0,2,1,2,0,7.7,Angela Dugalic,1643455,3,,2,0,False,0,0,13.4,17.8,4.3,3.3,0.8,3,0,3.5,0.374025974025974,0.2597402597402597,1.0,0.0
2026-27,1022600154,2026-07-06,Jul,WAS,GSV,home,L,49,62,68.0,-13,111,0,0,1,0,1,0,0,0,9.6,Angela Dugalic,1643455,-14,,0,1,False,0,0,13.4,17.8,4.3,3.3,0.8,1,0,1.2,0.10416666666666667,0.10416666666666667,0.0,1.0
2026-27,1022600002,2026-05-08,May,TOR,WAS,home,L,65,68,81.5,-3,133,1,1,1,0,1,0,2,0,9.3,Teonni Key,1643457,-3,,0,3,False,0,1,9.5,11.4,1.9,1.8,0.4,4,1,7.1,0.30967741935483867,0.1075268817204301,2.0,1.0
2026-27,1022600015,2026-05-13,May,TOR,SEA,home,W,86,73,81.0,13,159,0,1,0,0,1,1,0,0,8.1,Teonni Key,1643457,1,C,2,1,False,0,0,9.5,11.4,1.9,1.8,0.4,3,1,6.2,0.1234567901234568,0.1234567901234568,0.0,0.0
2026-27,1022600023,2026-05-15,May,TOR,LAS,away,L,95,99,80.0,-4,194,1,1,1,1,1,1,2,2,8.9,Teonni Key,1643457,-1,,5,2,False,0,0,9.5,11.4,1.9,1.8,0.4,8,1,11.9,0.21123595505617976,0.11235955056179775,2.0,1.0
2026-27,1022600028,2026-05-17,May,TOR,LAS,away,W,106,96,80.0,10,202,0,1,1,0,6,2,2,2,19.9,Teonni Key,1643457,0,,6,7,False,1,0,9.5,11.4,1.9,1.8,0.4,13,2,20.4,0.34572864321608043,0.30150753768844224,0.3333333333333333,0.16666666666666666
2026-27,1022600031,2026-05-19,May,TOR,PHX,away,W,98,90,82.5,8,188,0,0,3,1,3,1,0,0,10.6,Teonni Key,1643457,5,,3,2,False,1,2,9.5,11.4,1.9,1.8,0.4,5,1,6.4,0.4716981132075472,0.2830188679245283,0.0,1.0
2026-27,1022600036,2026-05-21,May,TOR,MIN,away,L,72,100,77.5,-28,172,0,1,1,0,5,2,0,0,15.8,Teonni Key,1643457,-12,,4,3,False,1,1,9.5,11.4,1.9,1.8,0.4,7,2,12.6,0.37974683544303794,0.3164556962025316,0.0,0.2
2026-27,1022600042,2026-05-23,May,TOR,PDX,home,L,80,99,80.0,-19,179,0,1,0,0,2,2,0,0,11.2,Teonni Key,1643457,-6,,4,2,False,0,1,9.5,11.4,1.9,1.8,0.4,6,1,8.4,0.26785714285714285,0.17857142857142858,0.0,0.0
2026-27,1022600050,2026-05-27,May,TOR,CHI,away,W,111,104,84.0,7,215,0,0,1,1,2,1,0,0,10.0,Teonni Key,1643457,4,,3,1,False,0,2,9.5,11.4,1.9,1.8,0.4,4,0,2.2,0.4,0.2,0.0,0.5
2026-27,1022600060,2026-05-30,May,TOR,SEA,home,W,93,72,82.0,21,165,0,0,1,0,1,0,2,0,9.3,Teonni Key,1643457,-1,,0,1,False,0,0,9.5,11.4,1.9,1.8,0.4,1,0,1.2,0.20215053763440857,0.1075268817204301,2.0,1.0
2026-27,1022600070,2026-06-03,Jun,TOR,NYL,away,L,82,97,78.5,-15,179,1,0,0,0,1,0,0,0,9.0,Teonni Key,1643457,3,,0,1,False,0,0,9.5,11.4,1.9,1.8,0.4,2,0,2.7,0.1111111111111111,0.1111111111111111,0.0,0.0
2026-27,1022600081,2026-06-07,Jun,TOR,CHI,home,W,85,68,84.5,17,153,0,2,0,0,0,0,2,1,12.1,Teonni Key,1643457,-4,,1,4,False,1,1,9.5,11.4,1.9,1.8,0.4,5,3,13.8,0.15537190082644628,0.0,,
2026-27,1022600089,2026-06-10,Jun,TOR,CON,home,W,106,102,89.5,4,208,1,0,1,0,4,0,0,0,8.8,Teonni Key,1643457,-9,,0,3,False,0,0,9.5,11.4,1.9,1.8,0.4,4,0,5.1,0.45454545454545453,0.45454545454545453,0.0,0.25
2026-27,1022600095,2026-06-12,Jun,TOR,WAS,away,L,85,86,84.5,-1,171,2,2,0,0,2,1,0,0,14.7,Teonni Key,1643457,-9,,2,1,False,3,0,9.5,11.4,1.9,1.8,0.4,5,5,21.2,0.1360544217687075,0.1360544217687075,0.0,0.0
2026-27,1022600102,2026-06-14,Jun,TOR,ATL,home,L,77,102,81.0,-25,179,2,1,0,0,0,0,0,0,5.7,Teonni Key,1643457,2,,0,2,False,0,1,9.5,11.4,1.9,1.8,0.4,4,1,7.4,0.17543859649122806,0.0,,
2026-27,1022600106,2026-06-16,Jun,TOR,IND,away,L,91,113,88.5,-22,204,0,0,1,0,3,1,0,0,11.0,Teonni Key,1643457,-11,,2,2,False,0,1,9.5,11.4,1.9,1.8,0.4,4,0,3.4000000000000004,0.36363636363636365,0.2727272727272727,0.0,0.3333333333333333
2026-27,1022600114,2026-06-19,Jun,TOR,CON,away,W,101,97,84.0,4,198,0,0,0,0,0,0,0,0,3.5,Teonni Key,1643457,-10,,0,0,False,0,0,9.5,11.4,1.9,1.8,0.4,0,0,0.0,0.0,0.0,,
2026-27,1022600124,2026-06-22,Jun,TOR,ATL,away,L,87,94,84.5,-7,181,1,0,0,0,0,0,0,0,2.4,Teonni Key,1643457,6,,0,1,False,0,0,9.5,11.4,1.9,1.8,0.4,2,0,2.7,0.0,0.0,,
2026-27,1022600132,2026-06-25,Jun,TOR,LAS,home,W,125,97,86.5,28,222,0,0,0,0,0,0,0,0,1.6,Teonni Key,1643457,-5,,0,0,False,0,0,9.5,11.4,1.9,1.8,0.4,0,0,0.0,0.0,0.0,,
2026-27,1022600138,2026-06-27,Jun,TOR,PHX,home,L,80,89,78.5,-9,169,0,0,0,0,0,0,0,0,0.0,Teonni Key,1643457,0,,0,0,False,0,0,9.5,11.4,1.9,1.8,0.4,0,0,0.0,,,,
2026-27,1022600152,2026-07-05,Jul,TOR,DAL,home,L,76,89,76.0,-13,165,0,0,0,0,1,1,0,0,10.5,Teonni Key,1643457,1,,2,0,False,0,1,9.5,11.4,1.9,1.8,0.4,2,0,1.0,0.19047619047619047,0.09523809523809523,0.0,0.0
2026-27,1022600159,2026-07-08,Jul,TOR,GSV,home,L,75,83,76.0,-8,158,0,0,1,0,3,2,1,1,11.2,Teonni Key,1643457,-1,,5,1,False,0,1,9.5,11.4,1.9,1.8,0.4,6,0,5.2,0.3964285714285714,0.26785714285714285,0.3333333333333333,0.3333333333333333
2026-27,1022600166,2026-07-10,Jul,TOR,DAL,home,L,95,108,78.5,-13,203,0,0,0,0,0,0,0,0,7.1,Teonni Key,1643457,5,,0,0,False,1,0,9.5,11.4,1.9,1.8,0.4,0,1,3.0,0.0,0.0,,
2026-27,1022600050,2026-05-27,May,CHI,TOR,home,L,104,111,84.0,-7,215,0,0,0,0,0,0,0,0,0.0,Saylor Poffenbarger,1643458,0,,0,0,False,0,0,5.2,6.9,0.0,1.2,0.2,0,0,0.0,,,,
2026-27,1022600058,2026-05-29,May,CHI,MIN,home,L,58,79,86.0,-21,137,0,0,0,0,0,0,0,0,1.1,Saylor Poffenbarger,1643458,0,,0,0,False,0,0,5.2,6.9,0.0,1.2,0.2,0,0,0.0,0.0,0.0,,
2026-27,1022600067,2026-06-02,Jun,CHI,WAS,away,L,72,90,82.5,-18,162,0,0,0,0,0,0,0,0,5.6,Saylor Poffenbarger,1643458,-2,,0,3,False,1,0,5.2,6.9,0.0,1.2,0.2,3,1,6.6,0.0,0.0,,
2026-27,1022600074,2026-06-05,Jun,CHI,CON,home,W,85,80,77.0,5,165,0,0,0,0,0,0,0,0,6.0,Saylor Poffenbarger,1643458,-2,,0,0,False,1,0,5.2,6.9,0.0,1.2,0.2,0,1,3.0,0.0,0.0,,
2026-27,1022600081,2026-06-07,Jun,CHI,TOR,away,L,68,85,84.5,-17,153,1,0,3,0,3,0,0,0,7.7,Saylor Poffenbarger,1643458,-2,,0,3,False,0,0,5.2,6.9,0.0,1.2,0.2,4,0,5.1,0.38961038961038963,0.38961038961038963,0.0,1.0
2026-27,1022600086,2026-06-09,Jun,CHI,ATL,home,L,75,82,77.0,-7,157,0,0,0,0,0,0,0,0,0.0,Saylor Poffenbarger,1643458,0,,0,0,False,0,0,5.2,6.9,0.0,1.2,0.2,0,0,0.0,,,,
2026-27,1022600091,2026-06-11,Jun,CHI,IND,away,L,106,114,96.5,-8,220,0,0,0,0,0,0,0,0,0.0,Saylor Poffenbarger,1643458,0,,0,0,False,0,0,5.2,6.9,0.0,1.2,0.2,0,0,0.0,,,,
2026-27,1022600108,2026-06-17,Jun,CHI,NYL,home,L,95,96,80.5,-1,191,0,0,0,0,0,0,0,0,0.0,Saylor Poffenbarger,1643458,0,,0,0,False,0,0,5.2,6.9,0.0,1.2,0.2,0,0,0.0,,,,
2026-27,1022600119,2026-06-20,Jun,CHI,DAL,away,L,92,93,83.0,-1,185,0,0,0,0,0,0,0,0,0.0,Saylor Poffenbarger,1643458,0,,0,0,False,0,0,5.2,6.9,0.0,1.2,0.2,0,0,0.0,,,,
2026-27,1022600123,2026-06-22,Jun,CHI,CON,away,L,63,92,84.5,-29,155,0,0,1,0,1,0,0,0,5.1,Saylor Poffenbarger,1643458,2,,0,0,False,0,0,5.2,6.9,0.0,1.2,0.2,0,0,0.0,0.19607843137254904,0.19607843137254904,0.0,1.0
2026-27,1022600082,2026-06-07,Jun,LAS,PDX,home,W,89,72,81.0,17,161,0,0,0,0,0,0,0,0,0.0,Laura Ziegler,1643461,0,,0,0,False,0,0,9.7,12.4,2.7,1.3,1.0,0,0,0.0,,,,
2026-27,1022600110,2026-06-17,Jun,LAS,MIN,home,L,83,99,86.5,-16,182,0,0,0,0,0,0,0,0,0.0,Laura Ziegler,1643461,0,,0,0,False,0,0,9.7,12.4,2.7,1.3,1.0,0,0,0.0,,,,
2026-27,1022600122,2026-06-21,Jun,LAS,NYL,home,W,98,97,83.5,1,195,1,0,0,0,2,2,1,0,10.1,Laura Ziegler,1643461,1,,4,1,False,0,0,9.7,12.4,2.7,1.3,1.0,6,0,6.7,0.24158415841584158,0.19801980198019803,0.5,0.0
2026-27,1022600132,2026-06-25,Jun,LAS,TOR,away,L,97,125,86.5,-28,222,2,1,3,0,4,0,0,0,10.7,Laura Ziegler,1643461,-10,,0,2,False,0,0,9.7,12.4,2.7,1.3,1.0,4,1,8.4,0.3738317757009346,0.3738317757009346,0.0,0.75
2026-27,1022600139,2026-06-27,Jun,LAS,IND,away,L,87,111,85.5,-24,198,0,0,0,0,2,1,2,2,8.4,Laura Ziegler,1643461,4,,4,1,False,1,0,9.7,12.4,2.7,1.3,1.0,5,1,8.2,0.3428571428571428,0.23809523809523808,1.0,0.0
2026-27,1022600009,2026-05-10,May,LAS,LVA,home,L,78,105,83.0,-27,183,1,0,1,0,2,0,0,0,8.0,Chance Gray,1643462,-5,,0,1,False,0,0,10.7,12.9,2.8,1.4,0.8,2,0,2.7,0.25,0.25,0.0,0.5
2026-27,1022600018,2026-05-13,May,LAS,IND,home,L,78,87,82.0,-9,165,0,0,0,0,2,1,0,0,15.9,Chance Gray,1643462,-1,,2,1,False,0,0,10.7,12.9,2.8,1.4,0.8,3,0,3.2,0.12578616352201258,0.12578616352201258,0.0,0.0
2026-27,1022600023,2026-05-15,May,LAS,TOR,home,W,99,95,80.0,4,194,0,0,2,0,2,0,0,0,10.8,Chance Gray,1643462,-14,,0,1,False,0,1,10.7,12.9,2.8,1.4,0.8,1,0,0.19999999999999996,0.27777777777777773,0.18518518518518517,0.0,1.0
2026-27,1022600028,2026-05-17,May,LAS,TOR,home,L,96,106,80.0,-10,202,0,0,2,0,4,2,0,0,9.9,Chance Gray,1643462,-15,,4,1,False,0,1,10.7,12.9,2.8,1.4,0.8,5,0,4.2,0.5050505050505051,0.40404040404040403,0.0,0.5
2026-27,1022600037,2026-05-21,May,LAS,PHX,away,W,97,88,81.0,9,185,1,0,1,0,1,0,0,0,2.3,Chance Gray,1643462,-3,,0,0,False,0,0,10.7,12.9,2.8,1.4,0.8,1,0,1.5,0.4347826086956522,0.4347826086956522,0.0,1.0
2026-27,1022600043,2026-05-23,May,LAS,LVA,away,W,101,95,84.0,6,196,0,0,0,0,0,0,0,0,0.0,Chance Gray,1643462,0,,0,0,False,0,0,10.7,12.9,2.8,1.4,0.8,0,0,0.0,,,,
2026-27,1022600057,2026-05-29,May,LAS,WAS,away,W,92,87,81.0,5,179,0,0,3,2,3,2,0,0,12.9,Chance Gray,1643462,12,,6,3,False,0,1,10.7,12.9,2.8,1.4,0.8,9,0,8.6,0.31007751937984496,0.23255813953488372,0.0,1.0
2026-27,1022600061,2026-05-30,May,LAS,CON,away,L,81,84,83.0,-3,165,1,0,4,2,4,2,0,0,12.8,Chance Gray,1643462,-5,,6,2,False,0,0,10.7,12.9,2.8,1.4,0.8,9,0,9.9,0.3125,0.3125,0.0,1.0
2026-27,1022600069,2026-06-02,Jun,LAS,LVA,home,L,69,79,78.5,-10,148,1,0,2,0,4,1,1,1,20.9,Chance Gray,1643462,-5,,3,2,False,1,0,10.7,12.9,2.8,1.4,0.8,6,1,9.9,0.21244019138755985,0.19138755980861244,0.25,0.5
2026-27,1022600075,2026-06-05,Jun,LAS,DAL,home,L,96,104,83.5,-8,200,0,0,1,0,1,0,0,0,5.4,Chance Gray,1643462,-2,,0,0,False,0,0,10.7,12.9,2.8,1.4,0.8,0,0,0.0,0.18518518518518517,0.18518518518518517,0.0,1.0
2026-27,1022600082,2026-06-07,Jun,LAS,PDX,home,W,89,72,81.0,17,161,0,0,2,0,2,0,2,2,15.2,Chance Gray,1643462,-9,,2,1,False,0,2,10.7,12.9,2.8,1.4,0.8,3,0,1.2000000000000002,0.32105263157894737,0.13157894736842105,1.0,1.0
2026-27,1022600090,2026-06-10,Jun,LAS,SEA,away,W,88,83,80.5,5,171,2,0,1,0,3,0,3,3,7.2,Chance Gray,1643462,7,,3,3,False,1,1,10.7,12.9,2.8,1.4,0.8,8,1,11.6,0.7388888888888889,0.41666666666666663,1.0,0.3333333333333333
2026-27,1022600100,2026-06-13,Jun,LAS,PHX,away,W,111,102,88.5,9,213,0,0,0,0,0,0,0,0,7.8,Chance Gray,1643462,6,,0,0,False,0,0,10.7,12.9,2.8,1.4,0.8,0,0,0.0,0.0,0.0,,
2026-27,1022600105,2026-06-15,Jun,LAS,GSV,away,L,58,78,73.5,-20,136,0,0,0,0,1,0,0,0,8.3,Chance Gray,1643462,-11,,0,2,False,0,3,10.7,12.9,2.8,1.4,0.8,2,0,-0.6000000000000001,0.48192771084337344,0.12048192771084336,0.0,0.0
2026-27,1022600110,2026-06-17,Jun,LAS,MIN,home,L,83,99,86.5,-16,182,2,0,3,2,3,2,2,2,13.3,Chance Gray,1643462,-9,,8,2,False,0,2,10.7,12.9,2.8,1.4,0.8,12,0,11.4,0.4421052631578947,0.22556390977443608,0.6666666666666666,1.0
2026-27,1022600122,2026-06-21,Jun,LAS,NYL,home,W,98,97,83.5,1,195,0,0,0,0,0,0,0,0,0.0,Chance Gray,1643462,0,,0,0,False,0,0,10.7,12.9,2.8,1.4,0.8,0,0,0.0,,,,
2026-27,1022600132,2026-06-25,Jun,LAS,TOR,away,L,97,125,86.5,-28,222,2,0,4,2,4,2,2,1,13.9,Chance Gray,1643462,-1,,7,4,False,0,0,10.7,12.9,2.8,1.4,0.8,13,0,14.8,0.35107913669064744,0.28776978417266186,0.5,1.0
2026-27,1022600139,2026-06-27,Jun,LAS,IND,away,L,87,111,85.5,-24,198,4,0,1,0,4,2,2,2,11.3,Chance Gray,1643462,-5,,6,0,False,0,0,10.7,12.9,2.8,1.4,0.8,10,0,12.0,0.43185840707964596,0.35398230088495575,0.5,0.25
2026-27,1022600156,2026-07-06,Jul,LAS,SEA,home,L,64,82,85.0,-18,146,0,0,2,1,2,1,0,0,13.9,Chance Gray,1643462,4,,3,3,False,0,0,10.7,12.9,2.8,1.4,0.8,6,0,6.6,0.14388489208633093,0.14388489208633093,0.0,1.0
2026-27,1022600161,2026-07-08,Jul,LAS,IND,home,W,106,92,91.5,14,198,0,0,0,0,0,0,0,0,0.0,Chance Gray,1643462,0,,0,0,False,0,0,10.7,12.9,2.8,1.4,0.8,0,0,0.0,,,,
2026-27,1022600167,2026-07-10,Jul,LAS,CHI,home,W,102,87,87.0,15,189,0,0,1,0,1,0,0,0,3.0,Chance Gray,1643462,1,,0,0,False,0,0,10.7,12.9,2.8,1.4,0.8,0,0,0.0,0.3333333333333333,0.3333333333333333,0.0,1.0
2026-27,1022600002,2026-05-08,May,WAS,TOR,away,W,68,65,81.5,3,133,2,0,3,0,5,1,0,0,18.6,Cassandre Prosper,1643467,4,F,2,1,False,1,1,13.8,14.8,2.9,1.3,0.6000000000000001,5,1,8.2,0.3225806451612903,0.26881720430107525,0.0,0.6
2026-27,1022600008,2026-05-10,May,WAS,NYL,home,L,93,98,86.5,-5,191,0,0,1,0,9,4,0,0,27.5,Cassandre Prosper,1643467,-8,F,8,3,True,1,0,13.8,14.8,2.9,1.3,0.6000000000000001,11,1,14.6,0.32727272727272727,0.32727272727272727,0.0,0.1111111111111111
2026-27,1022600022,2026-05-15,May,WAS,IND,away,W,104,102,94.5,2,206,0,1,2,0,6,1,0,0,25.3,Cassandre Prosper,1643467,8,,2,4,True,0,4,13.8,14.8,2.9,1.3,0.6000000000000001,6,1,5.800000000000001,0.3952569169960474,0.23715415019762845,0.0,0.3333333333333333
2026-27,1022600029,2026-05-18,May,WAS,DAL,away,L,69,92,73.5,-23,161,3,0,2,1,4,2,2,1,24.6,Cassandre Prosper,1643467,-14,,6,0,True,0,0,13.8,14.8,2.9,1.3,0.6000000000000001,9,0,10.5,0.1983739837398374,0.16260162601626016,0.5,0.5
2026-27,1022600046,2026-05-24,May,WAS,SEA,away,L,85,97,81.0,-12,182,2,0,3,0,8,1,0,0,22.4,Cassandre Prosper,1643467,-8,,2,0,True,0,1,13.8,14.8,2.9,1.3,0.6000000000000001,4,0,4.0,0.4017857142857143,0.35714285714285715,0.0,0.375
2026-27,1022600053,2026-05-27,May,WAS,SEA,away,W,78,64,72.5,14,142,0,0,1,0,3,1,0,0,10.3,Cassandre Prosper,1643467,5,,2,1,False,0,1,13.8,14.8,2.9,1.3,0.6000000000000001,3,0,2.2,0.3883495145631068,0.2912621359223301,0.0,0.3333333333333333
2026-27,1022600057,2026-05-29,May,WAS,LAS,home,L,87,92,81.0,-5,179,0,0,1,1,2,2,0,0,6.4,Cassandre Prosper,1643467,3,,5,0,False,0,1,13.8,14.8,2.9,1.3,0.6000000000000001,5,0,4.0,0.46875,0.3125,0.0,0.5
2026-27,1022600067,2026-06-02,Jun,WAS,CHI,home,W,90,72,82.5,18,162,0,0,2,1,7,3,1,0,20.4,Cassandre Prosper,1643467,-3,,7,5,False,2,2,13.8,14.8,2.9,1.3,0.6000000000000001,12,2,17.0,0.46274509803921576,0.3431372549019608,0.14285714285714285,0.2857142857142857
2026-27,1022600079,2026-06-06,Jun,WAS,ATL,away,L,77,109,77.5,-32,186,1,0,0,0,2,2,0,0,10.6,Cassandre Prosper,1643467,-12,,4,0,False,0,0,13.8,14.8,2.9,1.3,0.6000000000000001,5,0,5.5,0.18867924528301888,0.18867924528301888,0.0,0.0
2026-27,1022600084,2026-06-08,Jun,WAS,IND,home,L,76,78,81.0,-2,154,0,0,1,0,2,0,4,1,6.0,Cassandre Prosper,1643467,-3,,1,1,False,0,0,13.8,14.8,2.9,1.3,0.6000000000000001,2,0,2.2,0.6266666666666666,0.3333333333333333,2.0,0.5
2026-27,1022600095,2026-06-12,Jun,WAS,TOR,home,W,86,85,84.5,1,171,0,0,0,0,0,0,0,0,3.3,Cassandre Prosper,1643467,-4,,0,0,False,0,1,13.8,14.8,2.9,1.3,0.6000000000000001,0,0,-1.0,0.30303030303030304,0.0,,
2026-27,1022600101,2026-06-14,Jun,WAS,NYL,away,L,64,86,78.5,-22,150,0,0,0,0,1,1,0,0,4.1,Cassandre Prosper,1643467,-6,,2,0,False,0,1,13.8,14.8,2.9,1.3,0.6000000000000001,2,0,1.0,0.48780487804878053,0.24390243902439027,0.0,0.0
2026-27,1022600107,2026-06-17,Jun,WAS,CON,away,W,88,81,76.0,7,169,0,0,1,1,2,1,0,0,10.2,Cassandre Prosper,1643467,-6,,3,2,False,0,1,13.8,14.8,2.9,1.3,0.6000000000000001,5,0,4.4,0.29411764705882354,0.19607843137254904,0.0,0.5
2026-27,1022600115,2026-06-19,Jun,WAS,NYL,away,W,86,83,79.0,3,169,0,0,0,0,1,0,0,0,4.9,Cassandre Prosper,1643467,0,,0,1,False,0,0,13.8,14.8,2.9,1.3,0.6000000000000001,1,0,1.2,0.2040816326530612,0.2040816326530612,0.0,0.0
2026-27,1022600121,2026-06-21,Jun,WAS,MIN,away,W,84,79,82.0,5,163,0,0,0,0,0,0,0,0,0.0,Cassandre Prosper,1643467,0,,0,0,False,0,0,13.8,14.8,2.9,1.3,0.6000000000000001,0,0,0.0,,,,
2026-27,1022600129,2026-06-24,Jun,WAS,MIN,home,L,76,78,86.0,-2,154,0,0,0,0,0,0,0,0,0.0,Cassandre Prosper,1643467,0,,0,0,False,0,0,13.8,14.8,2.9,1.3,0.6000000000000001,0,0,0.0,,,,
2026-27,1022600135,2026-06-26,Jun,WAS,CON,away,L,57,68,77.0,-11,125,0,0,0,0,0,0,0,0,0.0,Cassandre Prosper,1643467,0,,0,0,False,0,0,13.8,14.8,2.9,1.3,0.6000000000000001,0,0,0.0,,,,
2026-27,1022600142,2026-06-28,Jun,WAS,PDX,home,W,124,123,117.5,1,247,0,0,0,0,0,0,0,0,0.0,Cassandre Prosper,1643467,0,,0,0,False,0,0,13.8,14.8,2.9,1.3,0.6000000000000001,0,0,0.0,,,,
2026-27,1022600145,2026-07-02,Jul,WAS,ATL,home,W,81,76,82.0,5,157,1,0,2,0,4,1,0,0,18.2,Cassandre Prosper,1643467,13,,2,2,False,0,1,13.8,14.8,2.9,1.3,0.6000000000000001,5,0,4.9,0.27472527472527475,0.21978021978021978,0.0,0.5
2026-27,1022600154,2026-07-06,Jul,WAS,GSV,home,L,49,62,68.0,-13,111,0,0,1,0,1,0,0,0,9.1,Cassandre Prosper,1643467,-3,,0,1,False,0,1,13.8,14.8,2.9,1.3,0.6000000000000001,1,0,0.19999999999999996,0.21978021978021978,0.10989010989010989,0.0,1.0
2026-27,1022600010,2026-05-09,May,ATL,MIN,away,W,91,90,86.5,1,181,0,0,0,0,0,0,0,0,0.0,Indya Nivar,1643469,0,,0,0,False,0,0,3.1,18.6,0.9,0.9,0.4,0,0,0.0,,,,
2026-27,1022600012,2026-05-12,May,ATL,DAL,away,W,77,72,78.0,5,149,0,1,0,0,0,0,0,0,1.3,Indya Nivar,1643469,0,,0,1,False,0,0,3.1,18.6,0.9,0.9,0.4,1,1,4.2,0.0,0.0,,
2026-27,1022600026,2026-05-17,May,ATL,LVA,home,L,84,85,85.0,-1,169,3,1,0,0,2,0,4,0,9.8,Indya Nivar,1643469,3,,0,6,False,1,0,3.1,18.6,0.9,0.9,0.4,9,2,17.7,0.38367346938775504,0.2040816326530612,2.0,0.0
2026-27,1022600038,2026-05-22,May,ATL,DAL,home,W,86,69,78.0,17,155,1,0,1,0,3,1,0,0,5.1,Indya Nivar,1643469,0,,2,1,False,0,0,3.1,18.6,0.9,0.9,0.4,4,0,4.7,0.5882352941176471,0.5882352941176471,0.0,0.3333333333333333
2026-27,1022600044,2026-05-24,May,ATL,PHX,home,W,82,80,76.5,2,162,0,0,1,1,1,1,0,0,1.5,Indya Nivar,1643469,0,,3,1,False,0,0,3.1,18.6,0.9,0.9,0.4,4,0,4.2,0.6666666666666666,0.6666666666666666,0.0,1.0
2026-27,1022600051,2026-05-27,May,ATL,MIN,away,L,81,96,77.0,-15,177,1,0,0,0,2,0,2,0,5.4,Indya Nivar,1643469,4,,0,3,False,1,1,3.1,18.6,0.9,0.9,0.4,4,1,7.1,0.7185185185185184,0.37037037037037035,1.0,0.0
2026-27,1022600059,2026-05-29,May,ATL,PDX,away,W,86,66,77.5,20,152,0,0,0,0,2,2,0,0,3.5,Indya Nivar,1643469,-1,,4,1,False,1,0,3.1,18.6,0.9,0.9,0.4,5,1,8.2,0.5714285714285714,0.5714285714285714,0.0,0.0
2026-27,1022600066,2026-06-02,Jun,ATL,CON,home,W,91,75,77.5,16,166,0,0,0,0,0,0,0,0,0.9,Indya Nivar,1643469,-1,,0,0,False,0,0,3.1,18.6,0.9,0.9,0.4,0,0,0.0,0.0,0.0,,
2026-27,1022600072,2026-06-04,Jun,ATL,IND,away,L,71,83,77.5,-12,154,0,0,0,0,0,0,2,1,1.3,Indya Nivar,1643469,1,,1,0,False,0,0,3.1,18.6,0.9,0.9,0.4,1,0,1.0,0.6769230769230768,0.0,,
2026-27,1022600079,2026-06-06,Jun,ATL,WAS,home,W,109,77,77.5,32,186,0,0,0,0,3,1,3,0,7.8,Indya Nivar,1643469,-2,,2,2,False,1,0,3.1,18.6,0.9,0.9,0.4,4,1,7.4,0.5538461538461539,0.38461538461538464,1.0,0.0
2026-27,1022600086,2026-06-09,Jun,ATL,CHI,away,W,82,75,77.0,7,157,0,0,0,0,0,0,0,0,0.2,Indya Nivar,1643469,0,,0,0,False,0,0,3.1,18.6,0.9,0.9,0.4,0,0,0.0,0.0,0.0,,
2026-27,1022600092,2026-06-11,Jun,ATL,NYL,home,L,90,104,80.5,-14,194,0,0,0,0,0,0,0,0,0.9,Indya Nivar,1643469,0,,0,0,False,0,0,3.1,18.6,0.9,0.9,0.4,0,0,0.0,0.0,0.0,,
2026-27,1022600102,2026-06-14,Jun,ATL,TOR,away,W,102,77,81.0,25,179,1,0,0,0,0,0,0,0,1.3,Indya Nivar,1643469,1,,0,0,False,0,0,3.1,18.6,0.9,0.9,0.4,1,0,1.5,0.0,0.0,,
2026-27,1022600113,2026-06-18,Jun,ATL,IND,away,W,108,101,87.5,7,209,0,0,0,0,0,0,0,0,0.0,Indya Nivar,1643469,0,,0,0,False,0,0,3.1,18.6,0.9,0.9,0.4,0,0,0.0,,,,
2026-27,1022600117,2026-06-20,Jun,ATL,IND,home,W,113,96,84.5,17,209,0,0,1,1,1,1,0,0,1.8,Indya Nivar,1643469,-5,,3,0,False,0,0,3.1,18.6,0.9,0.9,0.4,3,0,3.0,0.5555555555555556,0.5555555555555556,0.0,1.0
2026-27,1022600124,2026-06-22,Jun,ATL,TOR,home,W,94,87,84.5,7,181,0,0,0,0,0,0,0,0,1.1,Indya Nivar,1643469,-5,,0,0,False,0,1,3.1,18.6,0.9,0.9,0.4,0,0,-1.0,0.9090909090909091,0.0,,
2026-27,1022600131,2026-06-24,Jun,ATL,GSV,away,L,66,77,73.5,-11,143,1,0,0,0,3,1,2,0,11.3,Indya Nivar,1643469,14,,2,1,False,1,0,3.1,18.6,0.9,0.9,0.4,4,1,7.7,0.34336283185840705,0.2654867256637168,0.6666666666666666,0.0
2026-27,1022600137,2026-06-26,Jun,ATL,GSV,away,L,75,78,81.0,-3,153,0,0,0,0,0,0,0,0,0.1,Indya Nivar,1643469,2,,0,0,False,0,0,3.1,18.6,0.9,0.9,0.4,0,0,0.0,0.0,0.0,,
2026-27,1022600140,2026-06-27,Jun,ATL,SEA,away,L,90,105,83.0,-15,195,0,0,0,0,0,0,0,0,1.3,Indya Nivar,1643469,0,,0,0,False,0,1,3.1,18.6,0.9,0.9,0.4,0,0,-1.0,0.7692307692307692,0.0,,
2026-27,1022600145,2026-07-02,Jul,ATL,WAS,away,L,76,81,82.0,-5,157,0,0,0,0,1,0,0,0,1.1,Indya Nivar,1643469,-2,,0,0,False,0,0,3.1,18.6,0.9,0.9,0.4,0,0,0.0,0.9090909090909091,0.9090909090909091,0.0,0.0
2026-27,1022600150,2026-07-04,Jul,ATL,GSV,home,L,83,88,79.0,-5,171,0,0,0,0,0,0,0,0,4.4,Indya Nivar,1643469,-1,,0,1,False,0,1,3.1,18.6,0.9,0.9,0.4,1,0,0.19999999999999996,0.22727272727272727,0.0,,
2026-27,1022600125,2026-06-22,Jun,PHX,IND,away,L,77,86,80.5,-9,163,0,0,1,1,1,1,0,0,1.7,Shay Ciezki,1643470,6,,3,0,False,0,0,5.0,7.8,1.5,0.5,0.5,3,0,3.0,0.5882352941176471,0.5882352941176471,0.0,1.0
2026-27,1022600138,2026-06-27,Jun,PHX,TOR,away,W,89,80,78.5,9,169,1,0,0,0,1,0,0,0,7.8,Shay Ciezki,1643470,12,,0,1,False,0,0,5.0,7.8,1.5,0.5,0.5,2,0,2.7,0.12820512820512822,0.12820512820512822,0.0,0.0
2026-27,1022600163,2026-07-09,Jul,PHX,IND,home,L,89,92,78.5,-3,181,0,0,0,0,0,0,0,0,0.0,Shay Ciezki,1643470,0,,0,0,False,0,0,5.0,7.8,1.5,0.5,0.5,0,0,0.0,,,,
2026-27,1022600003,2026-05-08,May,SEA,GSV,home,L,80,91,75.0,-11,171,0,0,0,0,0,0,0,0,0.0,Taina Mair,1643473,0,,0,0,False,0,0,4.3,26.5,0.7000000000000001,0.7000000000000001,0.7000000000000001,0,0,0.0,,,,
2026-27,1022600007,2026-05-10,May,SEA,CON,away,W,89,82,86.5,7,171,0,0,0,0,0,0,0,0,0.0,Taina Mair,1643473,0,,0,0,False,0,0,4.3,26.5,0.7000000000000001,0.7000000000000001,0.7000000000000001,0,0,0.0,,,,
2026-27,1022600015,2026-05-13,May,SEA,TOR,away,L,73,86,81.0,-13,159,0,0,0,0,0,0,0,0,0.0,Taina Mair,1643473,0,,0,0,False,0,0,4.3,26.5,0.7000000000000001,0.7000000000000001,0.7000000000000001,0,0,0.0,,,,
2026-27,1022600027,2026-05-17,May,SEA,IND,away,L,78,89,84.0,-11,167,0,0,0,0,0,0,0,0,0.0,Taina Mair,1643473,0,,0,0,False,0,0,4.3,26.5,0.7000000000000001,0.7000000000000001,0.7000000000000001,0,0,0.0,,,,
2026-27,1022600034,2026-05-20,May,SEA,CON,home,L,78,80,78.0,-2,158,1,0,0,0,1,0,0,0,3.2,Taina Mair,1643473,-1,,0,0,False,0,0,4.3,26.5,0.7000000000000001,0.7000000000000001,0.7000000000000001,1,0,1.5,0.3125,0.3125,0.0,0.0
2026-27,1022600077,2026-06-06,Jun,SEA,MIN,away,L,68,88,80.0,-20,156,0,0,1,0,2,0,0,0,1.8,Taina Mair,1643473,-2,,0,0,False,0,0,4.3,26.5,0.7000000000000001,0.7000000000000001,0.7000000000000001,0,0,0.0,1.1111111111111112,1.1111111111111112,0.0,0.5
2026-27,1022600112,2026-06-17,Jun,SEA,PDX,away,L,89,94,74.5,-5,183,0,0,0,0,0,0,0,0,0.0,Taina Mair,1643473,0,,0,0,False,0,0,4.3,26.5,0.7000000000000001,0.7000000000000001,0.7000000000000001,0,0,0.0,,,,
2026-27,1022600126,2026-06-22,Jun,SEA,DAL,home,L,110,112,91.5,-2,222,1,0,1,0,3,0,2,2,8.3,Taina Mair,1643473,-4,,2,2,False,0,1,4.3,26.5,0.7000000000000001,0.7000000000000001,0.7000000000000001,5,0,4.9,0.5879518072289156,0.36144578313253006,0.6666666666666666,0.3333333333333333
2026-27,1022600003,2026-05-08,May,GSV,SEA,away,W,91,80,75.0,11,171,0,0,0,0,0,0,0,0,1.0,Ndjakalenga Mwenentanda,1643479,-2,,0,0,False,0,0,2.6,6.0,0.0,0.4,0.4,0,0,0.0,0.0,0.0,,
2026-27,1022600011,2026-05-10,May,GSV,PHX,home,W,95,79,76.5,16,174,0,0,0,0,0,0,0,0,0.0,Ndjakalenga Mwenentanda,1643479,0,,0,0,False,0,0,2.6,6.0,0.0,0.4,0.4,0,0,0.0,,,,
2026-27,1022600017,2026-05-13,May,GSV,CHI,home,L,63,69,75.5,-6,132,0,0,0,0,0,0,0,0,0.0,Ndjakalenga Mwenentanda,1643479,0,,0,0,False,0,0,2.6,6.0,0.0,0.4,0.4,0,0,0.0,,,,
2026-27,1022600035,2026-05-21,May,GSV,NYL,away,W,87,70,76.0,17,157,0,0,0,0,0,0,0,0,1.5,Ndjakalenga Mwenentanda,1643479,-3,,0,0,False,0,0,2.6,6.0,0.0,0.4,0.4,0,0,0.0,0.0,0.0,,
2026-27,1022600039,2026-05-22,May,GSV,IND,away,L,82,90,83.0,-8,172,0,0,0,0,0,0,0,0,0.0,Ndjakalenga Mwenentanda,1643479,0,,0,0,False,0,0,2.6,6.0,0.0,0.4,0.4,0,0,0.0,,,,
2026-27,1022600048,2026-05-25,May,GSV,CON,home,W,97,70,80.0,27,167,1,0,1,0,1,0,0,0,5.5,Ndjakalenga Mwenentanda,1643479,0,,0,1,False,0,0,2.6,6.0,0.0,0.4,0.4,2,0,2.7,0.18181818181818182,0.18181818181818182,0.0,1.0
2026-27,1022600055,2026-05-28,May,GSV,IND,home,W,90,88,82.5,2,178,0,0,0,0,0,0,0,0,0.0,Ndjakalenga Mwenentanda,1643479,0,,0,0,False,0,0,2.6,6.0,0.0,0.4,0.4,0,0,0.0,,,,
2026-27,1022600063,2026-05-31,May,GSV,LVA,home,L,81,91,80.0,-10,172,0,0,0,0,0,0,0,0,3.6,Ndjakalenga Mwenentanda,1643479,7,,0,1,False,0,1,2.6,6.0,0.0,0.4,0.4,1,0,0.19999999999999996,0.2777777777777778,0.0,,
2026-27,1022600068,2026-06-02,Jun,GSV,PDX,home,W,95,77,73.5,18,172,1,0,0,0,0,0,0,0,1.3,Ndjakalenga Mwenentanda,1643479,1,,0,0,False,0,0,2.6,6.0,0.0,0.4,0.4,1,0,1.5,0.0,0.0,,
2026-27,1022600073,2026-06-04,Jun,GSV,MIN,away,L,84,87,75.5,-3,171,0,0,0,0,0,0,0,0,0.0,Ndjakalenga Mwenentanda,1643479,0,,0,0,False,0,0,2.6,6.0,0.0,0.4,0.4,0,0,0.0,,,,
2026-27,1022600078,2026-06-06,Jun,GSV,LVA,away,L,79,84,76.5,-5,163,0,0,0,0,0,0,0,0,0.0,Ndjakalenga Mwenentanda,1643479,0,,0,0,False,0,0,2.6,6.0,0.0,0.4,0.4,0,0,0.0,,,,
2026-27,1022600005,2026-05-09,May,PHX,LVA,away,W,99,66,83.0,33,165,1,0,1,0,2,1,0,0,12.3,Quionche Carter,1643487,-1,,2,1,False,0,0,6.2,14.8,1.2,0.7000000000000001,0.5,4,0,4.7,0.16260162601626016,0.16260162601626016,0.0,0.5
2026-27,1022600011,2026-05-10,May,PHX,GSV,away,L,79,95,76.5,-16,174,0,0,1,0,1,0,0,0,5.6,Quionche Carter,1643487,-13,,0,1,False,0,0,6.2,14.8,1.2,0.7000000000000001,0.5,1,0,1.2,0.17857142857142858,0.17857142857142858,0.0,1.0
2026-27,1022600013,2026-05-12,May,PHX,MIN,home,L,84,88,81.0,-4,172,0,0,0,0,0,0,0,0,0.0,Quionche Carter,1643487,0,,0,0,False,0,0,6.2,14.8,1.2,0.7000000000000001,0.5,0,0,0.0,,,,
2026-27,1022600024,2026-05-15,May,PHX,CHI,home,W,91,83,83.0,8,174,0,0,0,0,0,0,0,0,0.0,Quionche Carter,1643487,0,,0,0,False,0,0,6.2,14.8,1.2,0.7000000000000001,0.5,0,0,0.0,,,,
2026-27,1022600031,2026-05-19,May,PHX,TOR,home,L,90,98,82.5,-8,188,0,0,0,0,0,0,0,0,0.0,Quionche Carter,1643487,0,,0,0,False,0,0,6.2,14.8,1.2,0.7000000000000001,0.5,0,0,0.0,,,,
2026-27,1022600037,2026-05-21,May,PHX,LAS,home,L,88,97,81.0,-9,185,0,0,0,0,0,0,0,0,0.4,Quionche Carter,1643487,-3,,0,0,False,0,0,6.2,14.8,1.2,0.7000000000000001,0.5,0,0,0.0,0.0,0.0,,
2026-27,1022600044,2026-05-24,May,PHX,ATL,away,L,80,82,76.5,-2,162,0,0,0,0,0,0,0,0,0.0,Quionche Carter,1643487,0,,0,0,False,0,0,6.2,14.8,1.2,0.7000000000000001,0.5,0,0,0.0,,,,
2026-27,1022600049,2026-05-27,May,PHX,NYL,away,L,74,84,77.5,-10,158,0,0,0,0,0,0,0,0,0.0,Quionche Carter,1643487,0,,0,0,False,0,0,6.2,14.8,1.2,0.7000000000000001,0.5,0,0,0.0,,,,
2026-27,1022600056,2026-05-29,May,PHX,NYL,away,L,68,75,76.0,-7,143,0,0,0,0,0,0,0,0,0.0,Quionche Carter,1643487,0,,0,0,False,0,0,6.2,14.8,1.2,0.7000000000000001,0.5,0,0,0.0,,,,
2026-27,1022600065,2026-06-01,Jun,PHX,MIN,home,L,77,111,79.0,-34,188,2,0,0,0,3,1,5,4,10.0,Quionche Carter,1643487,-2,,6,0,False,1,0,6.2,14.8,1.2,0.7000000000000001,0.5,8,1,12.0,0.52,0.3,1.6666666666666667,0.0
2026-27,1022600071,2026-06-03,Jun,PHX,SEA,away,W,72,68,79.5,4,140,0,0,0,0,0,0,0,0,0.0,Quionche Carter,1643487,0,,0,0,False,0,0,6.2,14.8,1.2,0.7000000000000001,0.5,0,0,0.0,,,,
2026-27,1022600076,2026-06-05,Jun,PHX,PDX,away,W,78,72,74.5,6,150,0,0,0,0,1,1,1,0,8.8,Quionche Carter,1643487,-6,,2,3,False,1,2,6.2,14.8,1.2,0.7000000000000001,0.5,5,1,6.6,0.3909090909090909,0.11363636363636363,1.0,0.0
2026-27,1022600088,2026-06-09,Jun,PHX,GSV,away,L,81,87,74.5,-6,168,0,0,1,0,1,0,2,2,3.3,Quionche Carter,1643487,-3,,2,0,False,1,0,6.2,14.8,1.2,0.7000000000000001,0.5,2,1,5.0,0.5696969696969697,0.30303030303030304,2.0,1.0
2026-27,1022600093,2026-06-11,Jun,PHX,DAL,away,L,70,85,82.5,-15,155,1,0,0,0,1,0,0,0,2.8,Quionche Carter,1643487,-1,,0,1,False,0,0,6.2,14.8,1.2,0.7000000000000001,0.5,2,0,2.7,0.35714285714285715,0.35714285714285715,0.0,0.0
2026-27,1022600100,2026-06-13,Jun,PHX,LAS,home,L,102,111,88.5,-9,213,0,0,2,0,2,0,0,0,7.7,Quionche Carter,1643487,-12,,0,0,False,0,0,6.2,14.8,1.2,0.7000000000000001,0.5,0,0,0.0,0.2597402597402597,0.2597402597402597,0.0,1.0
2026-27,1022600111,2026-06-17,Jun,PHX,LVA,home,L,76,86,77.0,-10,162,0,0,0,0,0,0,0,0,0.0,Quionche Carter,1643487,0,,0,0,False,0,0,6.2,14.8,1.2,0.7000000000000001,0.5,0,0,0.0,,,,
2026-27,1022600118,2026-06-20,Jun,PHX,SEA,home,W,93,73,78.5,20,166,0,0,1,0,1,0,0,0,3.6,Quionche Carter,1643487,-4,,0,1,False,1,0,6.2,14.8,1.2,0.7000000000000001,0.5,1,1,4.2,0.2777777777777778,0.2777777777777778,0.0,1.0
2026-27,1022600125,2026-06-22,Jun,PHX,IND,away,L,77,86,80.5,-9,163,0,0,0,0,0,0,0,0,2.0,Quionche Carter,1643487,6,,0,0,False,0,0,6.2,14.8,1.2,0.7000000000000001,0.5,0,0,0.0,0.0,0.0,,
2026-27,1022600128,2026-06-24,Jun,PHX,IND,away,W,111,109,84.0,2,220,0,0,0,0,1,0,0,0,1.7,Quionche Carter,1643487,-3,,0,0,False,0,0,6.2,14.8,1.2,0.7000000000000001,0.5,0,0,0.0,0.5882352941176471,0.5882352941176471,0.0,0.0
2026-27,1022600138,2026-06-27,Jun,PHX,TOR,away,W,89,80,78.5,9,169,2,0,1,0,2,0,6,2,11.0,Quionche Carter,1643487,11,,2,1,False,1,0,6.2,14.8,1.2,0.7000000000000001,0.5,5,1,9.2,0.42181818181818187,0.18181818181818182,3.0,0.5
2026-27,1022600147,2026-07-02,Jul,PHX,SEA,home,W,90,67,76.0,23,157,1,0,2,0,3,0,2,1,11.4,Quionche Carter,1643487,7,,1,1,False,0,0,6.2,14.8,1.2,0.7000000000000001,0.5,3,0,3.7,0.34035087719298246,0.2631578947368421,0.6666666666666666,0.6666666666666666
2026-27,1022600163,2026-07-09,Jul,PHX,IND,home,L,89,92,78.5,-3,181,0,0,0,0,0,0,0,0,0.0,Quionche Carter,1643487,0,,0,0,False,0,0,6.2,14.8,1.2,0.7000000000000001,0.5,0,0,0.0,,,,
2026-27,1022600010,2026-05-09,May,MIN,ATL,home,L,90,91,86.5,-1,181,0,1,0,0,5,5,4,2,19.1,Emma Cechova,1643488,1,,12,3,False,0,2,17.3,19.6,8.3,3.7,0.0,15,1,16.6,0.4586387434554973,0.2617801047120419,0.8,0.0
2026-27,1022600013,2026-05-12,May,MIN,PHX,away,W,88,84,81.0,4,172,0,1,1,0,8,4,4,3,21.6,Emma Cechova,1643488,-3,,11,6,True,1,2,17.3,19.6,8.3,3.7,0.0,17,2,22.2,0.5444444444444444,0.37037037037037035,0.5,0.125
2026-27,1022600019,2026-05-14,May,MIN,DAL,away,W,90,86,78.0,4,176,0,0,0,0,3,1,0,0,11.1,Emma Cechova,1643488,-8,,2,2,False,0,0,17.3,19.6,8.3,3.7,0.0,4,0,4.4,0.2702702702702703,0.2702702702702703,0.0,0.0
2026-27,1022600025,2026-05-17,May,MIN,CHI,home,L,79,86,84.5,-7,165,0,0,0,0,0,0,0,0,0.0,Emma Cechova,1643488,0,,0,0,False,0,0,17.3,19.6,8.3,3.7,0.0,0,0,0.0,,,,
2026-27,1022600036,2026-05-21,May,MIN,TOR,home,W,100,72,77.5,28,172,0,0,0,0,0,0,0,0,0.0,Emma Cechova,1643488,0,,0,0,False,0,0,17.3,19.6,8.3,3.7,0.0,0,0,0.0,,,,
2026-27,1022600041,2026-05-23,May,MIN,CHI,away,W,85,75,86.5,10,160,0,0,0,0,0,0,0,0,0.0,Emma Cechova,1643488,0,,0,0,False,0,0,17.3,19.6,8.3,3.7,0.0,0,0,0.0,,,,
2026-27,1022600051,2026-05-27,May,MIN,ATL,home,W,96,81,77.0,15,177,0,0,0,0,0,0,0,0,0.0,Emma Cechova,1643488,0,,0,0,False,0,0,17.3,19.6,8.3,3.7,0.0,0,0,0.0,,,,
2026-27,1022600058,2026-05-29,May,MIN,CHI,away,W,79,58,86.0,21,137,0,0,0,0,0,0,0,0,0.0,Emma Cechova,1643488,0,,0,0,False,0,0,17.3,19.6,8.3,3.7,0.0,0,0,0.0,,,,
2026-27,1022600065,2026-06-01,Jun,MIN,PHX,away,W,111,77,79.0,34,188,0,0,0,0,0,0,0,0,0.0,Emma Cechova,1643488,0,,0,0,False,0,0,17.3,19.6,8.3,3.7,0.0,0,0,0.0,,,,
2026-27,1022600073,2026-06-04,Jun,MIN,GSV,home,W,87,84,75.5,3,171,0,0,0,0,0,0,0,0,0.0,Emma Cechova,1643488,0,,0,0,False,0,0,17.3,19.6,8.3,3.7,0.0,0,0,0.0,,,,
2026-27,1022600077,2026-06-06,Jun,MIN,SEA,home,W,88,68,80.0,20,156,0,0,0,0,0,0,0,0,0.0,Emma Cechova,1643488,0,,0,0,False,0,0,17.3,19.6,8.3,3.7,0.0,0,0,0.0,,,,
2026-27,1022600087,2026-06-09,Jun,MIN,DAL,home,W,100,76,84.0,24,176,0,0,0,0,0,0,0,0,0.0,Emma Cechova,1643488,0,,0,0,False,0,0,17.3,19.6,8.3,3.7,0.0,0,0,0.0,,,,
2026-27,1022600104,2026-06-15,Jun,MIN,PDX,home,W,107,74,81.5,33,181,0,0,0,0,0,0,0,0,0.0,Emma Cechova,1643488,0,,0,0,False,0,0,17.3,19.6,8.3,3.7,0.0,0,0,0.0,,,,
2026-27,1022600121,2026-06-21,Jun,MIN,WAS,home,L,79,84,82.0,-5,163,0,0,0,0,0,0,0,0,0.0,Emma Cechova,1643488,0,,0,0,False,0,0,17.3,19.6,8.3,3.7,0.0,0,0,0.0,,,,
2026-27,1022600129,2026-06-24,Jun,MIN,WAS,away,W,78,76,86.0,2,154,0,0,0,0,0,0,0,0,0.0,Emma Cechova,1643488,0,,0,0,False,0,0,17.3,19.6,8.3,3.7,0.0,0,0,0.0,,,,
2026-27,1022600155,2026-07-06,Jul,MIN,CON,home,L,89,90,80.5,-1,179,0,0,0,0,0,0,0,0,0.0,Emma Cechova,1643488,0,,0,0,False,0,0,17.3,19.6,8.3,3.7,0.0,0,0,0.0,,,,
2026-27,1022600160,2026-07-08,Jul,MIN,CON,away,W,86,80,78.5,6,166,0,0,0,0,0,0,0,0,0.0,Emma Cechova,1643488,0,,0,0,False,0,0,17.3,19.6,8.3,3.7,0.0,0,0,0.0,,,,
2026-27,1022600010,2026-05-09,May,MIN,ATL,home,L,90,91,86.5,-1,181,1,0,1,0,2,1,0,0,13.5,Antonia Delaere,1643489,6,,2,0,False,1,1,13.9,9.5,3.2,0.7000000000000001,1.4,3,1,5.5,0.2222222222222222,0.14814814814814814,0.0,0.5
2026-27,1022600013,2026-05-12,May,MIN,PHX,away,W,88,84,81.0,4,172,1,0,1,1,4,3,1,1,18.5,Antonia Delaere,1643489,-1,,8,0,False,0,0,13.9,9.5,3.2,0.7000000000000001,1.4,9,0,9.5,0.24000000000000002,0.21621621621621623,0.25,0.25
2026-27,1022600019,2026-05-14,May,MIN,DAL,away,W,90,86,78.0,4,176,1,0,0,0,0,0,0,0,12.6,Antonia Delaere,1643489,-9,,0,1,False,0,1,13.9,9.5,3.2,0.7000000000000001,1.4,2,0,1.7000000000000002,0.07936507936507936,0.0,,
2026-27,1022600025,2026-05-17,May,MIN,CHI,home,L,79,86,84.5,-7,165,1,0,0,0,0,0,0,0,5.8,Antonia Delaere,1643489,-9,,0,0,False,0,0,13.9,9.5,3.2,0.7000000000000001,1.4,1,0,1.5,0.0,0.0,,
2026-27,1022600036,2026-05-21,May,MIN,TOR,home,W,100,72,77.5,28,172,4,0,3,1,3,1,0,0,18.0,Antonia Delaere,1643489,10,,3,1,False,0,1,13.9,9.5,3.2,0.7000000000000001,1.4,8,0,9.2,0.2222222222222222,0.16666666666666666,0.0,1.0
2026-27,1022600041,2026-05-23,May,MIN,CHI,away,W,85,75,86.5,10,160,0,0,1,1,3,1,0,0,11.1,Antonia Delaere,1643489,6,,3,1,False,0,0,13.9,9.5,3.2,0.7000000000000001,1.4,4,0,4.2,0.2702702702702703,0.2702702702702703,0.0,0.3333333333333333
2026-27,1022600051,2026-05-27,May,MIN,ATL,home,W,96,81,77.0,15,177,0,0,1,0,1,0,0,0,6.1,Antonia Delaere,1643489,-2,,0,0,False,1,0,13.9,9.5,3.2,0.7000000000000001,1.4,0,1,3.0,0.1639344262295082,0.1639344262295082,0.0,1.0
2026-27,1022600058,2026-05-29,May,MIN,CHI,away,W,79,58,86.0,21,137,1,0,0,0,1,0,0,0,11.0,Antonia Delaere,1643489,5,,0,0,False,0,0,13.9,9.5,3.2,0.7000000000000001,1.4,1,0,1.5,0.09090909090909091,0.09090909090909091,0.0,0.0
2026-27,1022600065,2026-06-01,Jun,MIN,PHX,away,W,111,77,79.0,34,188,6,0,4,3,6,4,2,2,24.1,Antonia Delaere,1643489,23,,13,2,True,0,0,13.9,9.5,3.2,0.7000000000000001,1.4,21,0,24.4,0.2854771784232365,0.24896265560165973,0.3333333333333333,0.6666666666666666
2026-27,1022600073,2026-06-04,Jun,MIN,GSV,home,W,87,84,75.5,3,171,0,0,1,0,1,0,0,0,13.4,Antonia Delaere,1643489,-7,,0,0,False,0,1,13.9,9.5,3.2,0.7000000000000001,1.4,0,0,-1.0,0.14925373134328357,0.07462686567164178,0.0,1.0
2026-27,1022600077,2026-06-06,Jun,MIN,SEA,home,W,88,68,80.0,20,156,2,0,1,0,1,0,0,0,13.8,Antonia Delaere,1643489,2,,0,3,False,1,1,13.9,9.5,3.2,0.7000000000000001,1.4,5,1,8.6,0.14492753623188406,0.07246376811594203,0.0,1.0
2026-27,1022600087,2026-06-09,Jun,MIN,DAL,home,W,100,76,84.0,24,176,2,0,0,0,2,1,0,0,13.6,Antonia Delaere,1643489,12,,2,1,False,1,0,13.9,9.5,3.2,0.7000000000000001,1.4,5,1,9.2,0.14705882352941177,0.14705882352941177,0.0,0.0
2026-27,1022600098,2026-06-13,Jun,MIN,LVA,away,L,97,100,77.5,-3,197,2,0,1,1,1,1,0,0,13.4,Antonia Delaere,1643489,0,,3,2,False,1,1,13.9,9.5,3.2,0.7000000000000001,1.4,7,1,10.4,0.14925373134328357,0.07462686567164178,0.0,1.0
2026-27,1022600104,2026-06-15,Jun,MIN,PDX,home,W,107,74,81.5,33,181,7,0,5,2,6,2,0,0,28.6,Antonia Delaere,1643489,26,,6,1,True,3,0,13.9,9.5,3.2,0.7000000000000001,1.4,14,3,26.7,0.2097902097902098,0.2097902097902098,0.0,0.8333333333333334
2026-27,1022600110,2026-06-17,Jun,MIN,LAS,away,W,99,83,86.5,16,182,1,0,4,2,4,2,0,0,15.2,Antonia Delaere,1643489,5,,6,0,False,0,0,13.9,9.5,3.2,0.7000000000000001,1.4,7,0,7.5,0.2631578947368421,0.2631578947368421,0.0,1.0
2026-27,1022600116,2026-06-19,Jun,MIN,GSV,away,W,81,75,78.5,6,156,0,0,0,0,0,0,0,0,7.3,Antonia Delaere,1643489,6,,0,0,False,1,0,13.9,9.5,3.2,0.7000000000000001,1.4,0,1,3.0,0.0,0.0,,
2026-27,1022600121,2026-06-21,Jun,MIN,WAS,home,L,79,84,82.0,-5,163,0,0,1,0,1,0,0,0,7.5,Antonia Delaere,1643489,1,,0,0,False,0,0,13.9,9.5,3.2,0.7000000000000001,1.4,0,0,0.0,0.13333333333333333,0.13333333333333333,0.0,1.0
2026-27,1022600129,2026-06-24,Jun,MIN,WAS,away,W,78,76,86.0,2,154,0,0,0,0,0,0,0,0,8.0,Antonia Delaere,1643489,-9,,0,0,False,0,2,13.9,9.5,3.2,0.7000000000000001,1.4,0,0,-2.0,0.25,0.0,,
2026-27,1022600141,2026-06-28,Jun,MIN,DAL,away,W,85,77,81.5,8,162,0,0,0,0,0,0,0,0,1.6,Antonia Delaere,1643489,2,,0,0,False,0,1,13.9,9.5,3.2,0.7000000000000001,1.4,0,0,-1.0,0.625,0.0,,
2026-27,1022600148,2026-07-03,Jul,MIN,NYL,away,L,86,99,78.0,-13,185,2,0,7,2,7,2,0,0,13.4,Antonia Delaere,1643489,-1,,6,2,False,0,0,13.9,9.5,3.2,0.7000000000000001,1.4,10,0,11.4,0.5223880597014925,0.5223880597014925,0.0,1.0
2026-27,1022600155,2026-07-06,Jul,MIN,CON,home,L,89,90,80.5,-1,179,0,0,3,2,4,3,0,0,24.6,Antonia Delaere,1643489,-1,,8,2,True,1,0,13.9,9.5,3.2,0.7000000000000001,1.4,10,1,13.4,0.16260162601626016,0.16260162601626016,0.0,0.75
2026-27,1022600160,2026-07-08,Jul,MIN,CON,away,W,86,80,78.5,6,166,0,0,4,2,7,4,0,0,23.0,Antonia Delaere,1643489,7,,10,0,True,2,3,13.9,9.5,3.2,0.7000000000000001,1.4,10,2,13.0,0.43478260869565216,0.30434782608695654,0.0,0.5714285714285714
2026-27,1022600010,2026-05-09,May,MIN,ATL,home,L,90,91,86.5,-1,181,0,0,0,0,0,0,0,0,0.0,Eliska Hamzova,1643490,0,,0,0,False,0,0,7.4,16.3,2.4,1.6,1.7000000000000002,0,0,0.0,,,,
2026-27,1022600013,2026-05-12,May,MIN,PHX,away,W,88,84,81.0,4,172,0,0,1,0,1,0,2,2,5.0,Eliska Hamzova,1643490,-4,,2,1,False,0,2,7.4,16.3,2.4,1.6,1.7000000000000002,3,0,1.2000000000000002,0.776,0.2,2.0,1.0
2026-27,1022600019,2026-05-14,May,MIN,DAL,away,W,90,86,78.0,4,176,0,0,0,0,0,0,0,0,0.0,Eliska Hamzova,1643490,0,,0,0,False,0,0,7.4,16.3,2.4,1.6,1.7000000000000002,0,0,0.0,,,,
2026-27,1022600025,2026-05-17,May,MIN,CHI,home,L,79,86,84.5,-7,165,0,0,0,0,0,0,0,0,2.0,Eliska Hamzova,1643490,3,,0,0,False,0,0,7.4,16.3,2.4,1.6,1.7000000000000002,0,0,0.0,0.0,0.0,,
2026-27,1022600036,2026-05-21,May,MIN,TOR,home,W,100,72,77.5,28,172,2,0,0,0,1,0,6,4,5.3,Eliska Hamzova,1643490,4,,4,6,False,0,2,7.4,16.3,2.4,1.6,1.7000000000000002,12,0,12.2,1.0641509433962266,0.18867924528301888,6.0,0.0
2026-27,1022600041,2026-05-23,May,MIN,CHI,away,W,85,75,86.5,10,160,0,0,0,0,0,0,0,0,0.0,Eliska Hamzova,1643490,0,,0,0,False,0,0,7.4,16.3,2.4,1.6,1.7000000000000002,0,0,0.0,,,,
2026-27,1022600104,2026-06-15,Jun,MIN,PDX,home,W,107,74,81.5,33,181,1,0,1,0,3,2,0,0,9.9,Eliska Hamzova,1643490,4,,4,0,False,0,0,7.4,16.3,2.4,1.6,1.7000000000000002,5,0,5.5,0.30303030303030304,0.30303030303030304,0.0,0.3333333333333333
2026-27,1022600110,2026-06-17,Jun,MIN,LAS,away,W,99,83,86.5,16,182,3,0,1,0,1,0,0,0,10.5,Eliska Hamzova,1643490,-1,,0,0,False,0,1,7.4,16.3,2.4,1.6,1.7000000000000002,3,0,3.5,0.19047619047619047,0.09523809523809523,0.0,1.0
2026-27,1022600148,2026-07-03,Jul,MIN,NYL,away,L,86,99,78.0,-13,185,0,0,0,0,0,0,0,0,0.0,Eliska Hamzova,1643490,0,,0,0,False,0,0,7.4,16.3,2.4,1.6,1.7000000000000002,0,0,0.0,,,,
2026-27,1022600155,2026-07-06,Jul,MIN,CON,home,L,89,90,80.5,-1,179,3,0,0,0,0,0,2,2,8.4,Eliska Hamzova,1643490,6,,2,2,False,0,0,7.4,16.3,2.4,1.6,1.7000000000000002,7,0,8.9,0.10476190476190476,0.0,,
2026-27,1022600160,2026-07-08,Jul,MIN,CON,away,W,86,80,78.5,6,166,3,1,0,0,2,1,4,3,11.2,Eliska Hamzova,1643490,9,,5,2,False,0,0,7.4,16.3,2.4,1.6,1.7000000000000002,10,1,14.9,0.33571428571428574,0.17857142857142858,2.0,0.0
2026-27,1022600005,2026-05-09,May,PHX,LVA,away,W,99,66,83.0,33,165,0,0,1,1,6,3,1,1,18.5,Noemie Brochant,1643493,9,,8,3,False,0,0,22.4,12.1,5.7,2.5,1.9,11,0,11.6,0.3481081081081081,0.32432432432432434,0.16666666666666666,0.16666666666666666
2026-27,1022600011,2026-05-10,May,PHX,GSV,away,L,79,95,76.5,-16,174,0,0,5,3,5,3,0,0,15.7,Noemie Brochant,1643493,-10,,9,1,False,0,1,22.4,12.1,5.7,2.5,1.9,10,0,9.2,0.3821656050955414,0.3184713375796179,0.0,1.0
2026-27,1022600013,2026-05-12,May,PHX,MIN,home,L,84,88,81.0,-4,172,1,0,0,0,0,0,0,0,12.1,Noemie Brochant,1643493,0,,0,0,False,1,0,22.4,12.1,5.7,2.5,1.9,1,1,4.5,0.0,0.0,,
2026-27,1022600024,2026-05-15,May,PHX,CHI,home,W,91,83,83.0,8,174,0,0,0,0,1,1,0,0,10.9,Noemie Brochant,1643493,6,,2,2,False,0,0,22.4,12.1,5.7,2.5,1.9,4,0,4.4,0.09174311926605504,0.09174311926605504,0.0,0.0
2026-27,1022600031,2026-05-19,May,PHX,TOR,home,L,90,98,82.5,-8,188,0,1,2,1,4,2,0,0,25.4,Noemie Brochant,1643493,-7,,5,4,True,0,0,22.4,12.1,5.7,2.5,1.9,9,1,12.8,0.15748031496062992,0.15748031496062992,0.0,0.5
2026-27,1022600037,2026-05-21,May,PHX,LAS,home,L,88,97,81.0,-9,185,1,1,2,0,4,0,0,0,14.7,Noemie Brochant,1643493,-4,,0,3,False,0,2,22.4,12.1,5.7,2.5,1.9,4,1,6.1,0.40816326530612246,0.272108843537415,0.0,0.5
2026-27,1022600044,2026-05-24,May,PHX,ATL,away,L,80,82,76.5,-2,162,2,1,2,0,7,3,0,0,30.7,Noemie Brochant,1643493,0,F,6,5,True,2,1,22.4,12.1,5.7,2.5,1.9,13,3,23.0,0.26058631921824105,0.22801302931596093,0.0,0.2857142857142857
2026-27,1022600049,2026-05-27,May,PHX,NYL,away,L,74,84,77.5,-10,158,1,1,4,1,4,1,0,0,19.4,Noemie Brochant,1643493,-1,G,3,2,True,1,0,22.4,12.1,5.7,2.5,1.9,6,2,12.9,0.2061855670103093,0.2061855670103093,0.0,1.0
2026-27,1022600056,2026-05-29,May,PHX,NYL,away,L,68,75,76.0,-7,143,0,0,4,0,4,0,2,2,21.2,Noemie Brochant,1643493,-5,G,2,1,False,1,0,22.4,12.1,5.7,2.5,1.9,3,1,6.2,0.23018867924528302,0.18867924528301888,0.5,1.0
2026-27,1022600065,2026-06-01,Jun,PHX,MIN,home,L,77,111,79.0,-34,188,0,0,6,3,8,4,0,0,24.4,Noemie Brochant,1643493,-22,G,11,2,True,0,1,22.4,12.1,5.7,2.5,1.9,13,0,12.4,0.36885245901639346,0.3278688524590164,0.0,0.75
2026-27,1022600071,2026-06-03,Jun,PHX,SEA,away,W,72,68,79.5,4,140,1,2,2,0,7,2,0,0,23.6,Noemie Brochant,1643493,-6,G,4,4,False,2,2,22.4,12.1,5.7,2.5,1.9,9,4,20.3,0.3813559322033898,0.2966101694915254,0.0,0.2857142857142857
2026-27,1022600076,2026-06-05,Jun,PHX,PDX,away,W,78,72,74.5,6,150,2,0,2,2,6,4,2,1,28.2,Noemie Brochant,1643493,9,F,11,2,True,1,1,22.4,12.1,5.7,2.5,1.9,15,1,18.4,0.2794326241134752,0.2127659574468085,0.3333333333333333,0.3333333333333333
2026-27,1022600088,2026-06-09,Jun,PHX,GSV,away,L,81,87,74.5,-6,168,6,0,4,2,6,4,0,0,28.6,Noemie Brochant,1643493,-3,F,10,2,True,2,2,22.4,12.1,5.7,2.5,1.9,18,2,25.4,0.2797202797202797,0.2097902097902098,0.0,0.6666666666666666
2026-27,1022600093,2026-06-11,Jun,PHX,DAL,away,L,70,85,82.5,-15,155,1,0,1,0,8,2,0,0,22.2,Noemie Brochant,1643493,-22,F,4,2,False,2,0,22.4,12.1,5.7,2.5,1.9,7,2,13.9,0.3603603603603604,0.3603603603603604,0.0,0.125
2026-27,1022600100,2026-06-13,Jun,PHX,LAS,home,L,102,111,88.5,-9,213,1,0,3,2,5,3,0,0,22.9,Noemie Brochant,1643493,3,F,8,3,False,0,3,22.4,12.1,5.7,2.5,1.9,12,0,10.1,0.3493449781659389,0.2183406113537118,0.0,0.6
2026-27,1022600111,2026-06-17,Jun,PHX,LVA,home,L,76,86,77.0,-10,162,1,0,1,0,3,2,0,0,18.8,Noemie Brochant,1643493,-11,F,4,3,False,1,1,22.4,12.1,5.7,2.5,1.9,8,1,11.1,0.2127659574468085,0.15957446808510636,0.0,0.3333333333333333
2026-27,1022600118,2026-06-20,Jun,PHX,SEA,home,W,93,73,78.5,20,166,10,0,5,4,7,6,0,0,31.7,Noemie Brochant,1643493,8,F,16,2,True,1,1,22.4,12.1,5.7,2.5,1.9,28,1,35.4,0.25236593059936907,0.22082018927444796,0.0,0.7142857142857143
2026-27,1022600125,2026-06-22,Jun,PHX,IND,away,L,77,86,80.5,-9,163,3,0,5,1,9,3,0,0,26.1,Noemie Brochant,1643493,5,F,7,2,True,1,0,22.4,12.1,5.7,2.5,1.9,12,1,16.9,0.3448275862068965,0.3448275862068965,0.0,0.5555555555555556
2026-27,1022600128,2026-06-24,Jun,PHX,IND,away,W,111,109,84.0,2,220,9,0,4,2,9,5,2,0,33.1,Noemie Brochant,1643493,1,F,12,5,True,3,1,22.4,12.1,5.7,2.5,1.9,26,3,39.5,0.3287009063444109,0.2719033232628399,0.2222222222222222,0.4444444444444444
2026-27,1022600138,2026-06-27,Jun,PHX,TOR,away,W,89,80,78.5,9,169,2,0,3,1,4,1,0,0,27.8,Noemie Brochant,1643493,-2,F,3,2,True,3,0,22.4,12.1,5.7,2.5,1.9,7,3,17.4,0.14388489208633093,0.14388489208633093,0.0,0.75
2026-27,1022600147,2026-07-02,Jul,PHX,SEA,home,W,90,67,76.0,23,157,0,0,0,0,0,0,0,0,0.0,Noemie Brochant,1643493,0,,0,0,False,0,0,22.4,12.1,5.7,2.5,1.9,0,0,0.0,,,,
2026-27,1022600158,2026-07-07,Jul,PHX,CHI,home,L,66,77,80.0,-11,143,0,0,2,0,2,0,0,0,17.4,Noemie Brochant,1643493,-6,,0,3,False,2,0,22.4,12.1,5.7,2.5,1.9,3,2,9.6,0.1149425287356322,0.1149425287356322,0.0,1.0
2026-27,1022600163,2026-07-09,Jul,PHX,IND,home,L,89,92,78.5,-3,181,1,0,2,0,2,0,0,0,19.1,Noemie Brochant,1643493,12,,0,1,False,0,0,22.4,12.1,5.7,2.5,1.9,2,0,2.7,0.10471204188481674,0.10471204188481674,0.0,1.0
2026-27,1022600006,2026-05-09,May,PDX,CHI,home,L,83,98,82.0,-15,181,0,0,2,0,4,2,0,0,12.8,Frieda Buhner,1643494,-6,,4,3,False,0,0,14.6,18.6,5.5,1.9,0.6000000000000001,7,0,7.6,0.3125,0.3125,0.0,0.5
2026-27,1022600014,2026-05-12,May,PDX,NYL,home,W,98,96,79.0,2,194,0,0,0,0,0,0,2,2,7.7,Frieda Buhner,1643494,-14,,2,2,False,0,0,14.6,18.6,5.5,1.9,0.6000000000000001,4,0,4.4,0.11428571428571428,0.0,,
2026-27,1022600020,2026-05-14,May,PDX,NYL,home,L,82,100,86.0,-18,182,0,0,3,0,3,0,0,0,14.0,Frieda Buhner,1643494,0,,0,0,False,0,2,14.6,18.6,5.5,1.9,0.6000000000000001,0,0,-2.0,0.35714285714285715,0.21428571428571427,0.0,1.0
2026-27,1022600030,2026-05-18,May,PDX,CON,home,W,83,82,74.5,1,165,0,0,0,0,0,0,0,0,0.0,Frieda Buhner,1643494,0,,0,0,False,0,0,14.6,18.6,5.5,1.9,0.6000000000000001,0,0,0.0,,,,
2026-27,1022600042,2026-05-23,May,PDX,TOR,away,W,99,80,80.0,19,179,1,0,2,1,2,1,2,2,12.7,Frieda Buhner,1643494,-3,,5,2,False,0,0,14.6,18.6,5.5,1.9,0.6000000000000001,8,0,8.9,0.22677165354330708,0.15748031496062992,1.0,1.0
2026-27,1022600047,2026-05-25,May,PDX,NYL,away,W,81,74,78.0,7,155,0,0,0,0,0,0,0,0,0.0,Frieda Buhner,1643494,0,,0,0,False,0,0,14.6,18.6,5.5,1.9,0.6000000000000001,0,0,0.0,,,,
2026-27,1022600052,2026-05-27,May,PDX,CON,home,W,71,61,75.5,10,132,0,0,1,1,5,4,0,0,13.2,Frieda Buhner,1643494,13,,9,1,False,0,0,14.6,18.6,5.5,1.9,0.6000000000000001,10,0,10.2,0.3787878787878788,0.3787878787878788,0.0,0.2
2026-27,1022600059,2026-05-29,May,PDX,ATL,home,L,66,86,77.5,-20,152,0,0,1,1,2,2,2,2,13.6,Frieda Buhner,1643494,-10,,7,0,False,0,3,14.6,18.6,5.5,1.9,0.6000000000000001,7,0,4.0,0.4323529411764706,0.14705882352941177,1.0,0.5
2026-27,1022600062,2026-05-30,May,PDX,IND,home,W,100,84,80.0,16,184,0,0,1,0,5,3,4,4,14.4,Frieda Buhner,1643494,14,,10,1,False,1,0,14.6,18.6,5.5,1.9,0.6000000000000001,11,1,14.2,0.46944444444444444,0.3472222222222222,0.8,0.2
2026-27,1022600068,2026-06-02,Jun,PDX,GSV,away,L,77,95,73.5,-18,172,1,0,1,0,1,0,0,0,9.7,Frieda Buhner,1643494,-9,,0,0,False,0,1,14.6,18.6,5.5,1.9,0.6000000000000001,1,0,0.5,0.2061855670103093,0.10309278350515465,0.0,1.0
2026-27,1022600076,2026-06-05,Jun,PDX,PHX,home,L,72,78,74.5,-6,150,0,0,1,0,5,1,3,3,14.6,Frieda Buhner,1643494,12,,5,4,False,0,2,14.6,18.6,5.5,1.9,0.6000000000000001,9,0,7.800000000000001,0.5698630136986301,0.3424657534246575,0.6,0.2
2026-27,1022600082,2026-06-07,Jun,PDX,LAS,away,L,72,89,81.0,-17,161,1,0,5,1,10,3,0,0,15.1,Frieda Buhner,1643494,-5,,7,2,False,1,0,14.6,18.6,5.5,1.9,0.6000000000000001,10,1,13.9,0.6622516556291391,0.6622516556291391,0.0,0.5
2026-27,1022600094,2026-06-11,Jun,PDX,LVA,home,L,89,105,79.5,-16,194,0,0,0,0,2,1,0,0,10.1,Frieda Buhner,1643494,9,,2,0,False,0,1,14.6,18.6,5.5,1.9,0.6000000000000001,2,0,1.0,0.297029702970297,0.19801980198019803,0.0,0.0
2026-27,1022600099,2026-06-13,Jun,PDX,DAL,home,W,84,83,78.5,1,167,0,0,2,1,3,2,0,0,13.0,Frieda Buhner,1643494,-1,,5,0,False,1,0,14.6,18.6,5.5,1.9,0.6000000000000001,5,1,8.0,0.23076923076923078,0.23076923076923078,0.0,0.6666666666666666
2026-27,1022600104,2026-06-15,Jun,PDX,MIN,away,L,74,107,81.5,-33,181,1,0,4,0,9,3,5,4,20.4,Frieda Buhner,1643494,-19,,10,2,True,0,0,14.6,18.6,5.5,1.9,0.6000000000000001,13,0,13.9,0.5490196078431373,0.44117647058823534,0.5555555555555556,0.4444444444444444
2026-27,1022600112,2026-06-17,Jun,PDX,SEA,home,W,94,89,74.5,5,183,1,0,2,0,4,1,1,1,12.9,Frieda Buhner,1643494,-6,,3,2,False,0,0,14.6,18.6,5.5,1.9,0.6000000000000001,6,0,6.9,0.34418604651162793,0.31007751937984496,0.25,0.5
2026-27,1022600130,2026-06-24,Jun,PDX,CHI,away,L,78,101,79.5,-23,179,2,0,2,0,3,0,2,2,16.0,Frieda Buhner,1643494,-10,,2,3,False,1,1,14.6,18.6,5.5,1.9,0.6000000000000001,7,1,10.6,0.305,0.1875,0.6666666666666666,0.6666666666666666
2026-27,1022600136,2026-06-26,Jun,PDX,CHI,away,L,94,124,83.0,-30,218,2,0,2,1,7,4,1,1,20.8,Frieda Buhner,1643494,-21,,10,5,True,0,0,14.6,18.6,5.5,1.9,0.6000000000000001,17,0,19.0,0.3576923076923077,0.3365384615384615,0.14285714285714285,0.2857142857142857
2026-27,1022600142,2026-06-28,Jun,PDX,WAS,away,L,123,124,117.5,-1,247,1,1,6,1,10,3,2,2,22.2,Frieda Buhner,1643494,6,,9,1,False,1,0,14.6,18.6,5.5,1.9,0.6000000000000001,11,2,17.7,0.49009009009009014,0.45045045045045046,0.2,0.6
2026-27,1022600151,2026-07-04,Jul,PDX,SEA,away,W,77,72,84.0,5,149,2,0,2,0,9,4,2,1,18.2,Frieda Buhner,1643494,8,,9,7,False,0,2,14.6,18.6,5.5,1.9,0.6000000000000001,18,0,18.4,0.6527472527472529,0.4945054945054945,0.2222222222222222,0.2222222222222222
2026-27,1022600164,2026-07-09,Jul,PDX,LVA,home,L,80,88,77.0,-8,168,0,0,2,0,5,2,2,2,15.6,Frieda Buhner,1643494,-11,,6,1,False,2,3,14.6,18.6,5.5,1.9,0.6000000000000001,7,2,10.2,0.5692307692307692,0.32051282051282054,0.4,0.4
2026-27,1022600080,2026-06-06,Jun,IND,NYL,away,L,75,83,85.0,-8,158,0,0,0,0,0,0,0,0,0.0,Justine Pissott,1643495,0,,0,0,False,0,0,,,,,,0,0,0.0,,,,
2026-27,1022600097,2026-06-13,Jun,IND,CON,away,W,85,75,76.5,10,160,0,0,0,0,0,0,0,0,0.0,Justine Pissott,1643495,0,,0,0,False,0,0,,,,,,0,0,0.0,,,,
2026-27,1022600164,2026-07-09,Jul,LVA,PDX,away,W,88,80,77.0,8,168,0,0,0,0,0,0,0,0,0.0,Justine Pissott,1643495,0,,0,0,False,0,0,,,,,,0,0,0.0,,,,
2026-27,1022600005,2026-05-09,May,PHX,LVA,away,W,99,66,83.0,33,165,4,0,5,4,8,5,5,5,21.1,Jovana Nogic,1643505,26,G,19,0,True,2,1,20.1,22.1,10.4,1.1,1.6,23,2,30.0,0.5308056872037914,0.3791469194312796,0.625,0.625
2026-27,1022600011,2026-05-10,May,PHX,GSV,away,L,79,95,76.5,-16,174,1,0,5,4,6,5,2,2,27.4,Jovana Nogic,1643505,3,G,16,1,True,0,4,20.1,22.1,10.4,1.1,1.6,18,0,14.7,0.3970802919708029,0.21897810218978103,0.3333333333333333,0.8333333333333334
2026-27,1022600013,2026-05-12,May,PHX,MIN,home,L,84,88,81.0,-4,172,2,0,2,0,6,0,2,2,17.3,Jovana Nogic,1643505,5,,2,1,False,3,1,20.1,22.1,10.4,1.1,1.6,5,3,14.2,0.4554913294797688,0.3468208092485549,0.3333333333333333,0.3333333333333333
2026-27,1022600024,2026-05-15,May,PHX,CHI,home,W,91,83,83.0,8,174,0,0,8,5,11,6,11,10,31.0,Jovana Nogic,1643505,23,G,27,4,True,0,1,20.1,22.1,10.4,1.1,1.6,31,0,30.8,0.5432258064516129,0.3548387096774194,1.0,0.7272727272727273
2026-27,1022600031,2026-05-19,May,PHX,TOR,home,L,90,98,82.5,-8,188,3,0,9,2,15,4,3,3,29.4,Jovana Nogic,1643505,-19,G,13,0,True,0,2,20.1,22.1,10.4,1.1,1.6,16,0,15.5,0.6231292517006803,0.5102040816326531,0.2,0.6
2026-27,1022600037,2026-05-21,May,PHX,LAS,home,L,88,97,81.0,-9,185,3,0,6,3,11,5,3,2,29.7,Jovana Nogic,1643505,-5,G,15,1,True,1,1,20.1,22.1,10.4,1.1,1.6,19,1,22.7,0.4484848484848485,0.3703703703703704,0.2727272727272727,0.5454545454545454
2026-27,1022600044,2026-05-24,May,PHX,ATL,away,L,80,82,76.5,-2,162,1,0,4,2,9,3,3,3,20.6,Jovana Nogic,1643505,-2,G,11,0,True,0,4,20.1,22.1,10.4,1.1,1.6,12,0,8.5,0.6951456310679611,0.4368932038834951,0.3333333333333333,0.4444444444444444
2026-27,1022600049,2026-05-27,May,PHX,NYL,away,L,74,84,77.5,-10,158,1,0,5,3,5,3,1,0,14.0,Jovana Nogic,1643505,-4,,9,2,False,0,2,20.1,22.1,10.4,1.1,1.6,12,0,10.9,0.5314285714285715,0.35714285714285715,0.2,1.0
2026-27,1022600056,2026-05-29,May,PHX,NYL,away,L,68,75,76.0,-7,143,0,0,5,2,7,2,2,2,12.2,Jovana Nogic,1643505,0,,8,0,False,0,1,20.1,22.1,10.4,1.1,1.6,8,0,7.0,0.7278688524590163,0.5737704918032788,0.2857142857142857,0.7142857142857143
2026-27,1022600065,2026-06-01,Jun,PHX,MIN,home,L,77,111,79.0,-34,188,0,0,4,2,6,3,0,0,16.0,Jovana Nogic,1643505,-11,,8,1,False,0,2,20.1,22.1,10.4,1.1,1.6,9,0,7.199999999999999,0.5,0.375,0.0,0.6666666666666666
2026-27,1022600071,2026-06-03,Jun,PHX,SEA,away,W,72,68,79.5,4,140,2,0,1,0,2,1,2,2,11.8,Jovana Nogic,1643505,-4,,4,2,False,0,0,20.1,22.1,10.4,1.1,1.6,8,0,9.4,0.24406779661016947,0.1694915254237288,1.0,0.5
2026-27,1022600076,2026-06-05,Jun,PHX,PDX,away,W,78,72,74.5,6,150,6,0,7,0,11,3,4,3,30.3,Jovana Nogic,1643505,10,G,9,2,True,2,0,20.1,22.1,10.4,1.1,1.6,17,2,26.4,0.4211221122112211,0.36303630363036304,0.36363636363636365,0.6363636363636364
2026-27,1022600088,2026-06-09,Jun,PHX,GSV,away,L,81,87,74.5,-6,168,1,0,2,0,3,1,0,0,9.2,Jovana Nogic,1643505,-4,,2,0,False,0,1,20.1,22.1,10.4,1.1,1.6,3,0,2.5,0.4347826086956522,0.32608695652173914,0.0,0.6666666666666666
2026-27,1022600093,2026-06-11,Jun,PHX,DAL,away,L,70,85,82.5,-15,155,1,0,5,1,8,3,0,0,16.4,Jovana Nogic,1643505,-3,,7,2,False,1,1,20.1,22.1,10.4,1.1,1.6,10,1,12.9,0.5487804878048781,0.48780487804878053,0.0,0.625
2026-27,1022600100,2026-06-13,Jun,PHX,LAS,home,L,102,111,88.5,-9,213,1,0,2,0,4,2,0,0,14.7,Jovana Nogic,1643505,-3,,4,1,False,0,0,20.1,22.1,10.4,1.1,1.6,6,0,6.7,0.272108843537415,0.272108843537415,0.0,0.5
2026-27,1022600111,2026-06-17,Jun,PHX,LVA,home,L,76,86,77.0,-10,162,0,0,6,4,7,4,0,0,21.4,Jovana Nogic,1643505,-4,,12,0,True,1,2,20.1,22.1,10.4,1.1,1.6,12,1,13.0,0.42056074766355145,0.3271028037383178,0.0,0.8571428571428571
2026-27,1022600042,2026-05-23,May,PDX,TOR,away,W,99,80,80.0,19,179,9,0,1,1,4,1,0,0,16.8,Teja Oblak,1643506,7,,3,1,False,0,2,13.8,25.1,6.1,1.8,2.9,13,0,15.7,0.35714285714285715,0.23809523809523808,0.0,0.25
2026-27,1022600047,2026-05-25,May,PDX,NYL,away,W,81,74,78.0,7,155,4,0,2,2,8,4,0,0,18.0,Teja Oblak,1643506,-2,,10,3,False,1,4,13.8,25.1,6.1,1.8,2.9,17,1,18.6,0.6666666666666666,0.4444444444444444,0.0,0.25
2026-27,1022600052,2026-05-27,May,PDX,CON,home,W,71,61,75.5,10,132,2,0,0,0,3,2,3,1,17.3,Teja Oblak,1643506,11,,5,0,False,1,3,13.8,25.1,6.1,1.8,2.9,7,1,8.0,0.423121387283237,0.17341040462427745,1.0,0.0
2026-27,1022600059,2026-05-29,May,PDX,ATL,home,L,66,86,77.5,-20,152,0,0,0,0,0,0,0,0,0.0,Teja Oblak,1643506,0,,0,0,False,0,0,13.8,25.1,6.1,1.8,2.9,0,0,0.0,,,,
2026-27,1022600062,2026-05-30,May,PDX,IND,home,W,100,84,80.0,16,184,0,0,1,1,3,1,0,0,10.3,Teja Oblak,1643506,-1,,3,1,False,0,2,13.8,25.1,6.1,1.8,2.9,4,0,2.2,0.48543689320388345,0.2912621359223301,0.0,0.3333333333333333
2026-27,1022600068,2026-06-02,Jun,PDX,GSV,away,L,77,95,73.5,-18,172,2,0,2,1,6,5,0,0,11.8,Teja Oblak,1643506,-12,,11,1,False,1,3,13.8,25.1,6.1,1.8,2.9,14,1,15.2,0.7627118644067796,0.5084745762711864,0.0,0.3333333333333333
2026-27,1022600076,2026-06-05,Jun,PDX,PHX,home,L,72,78,74.5,-6,150,4,0,1,1,4,4,2,2,15.8,Teja Oblak,1643506,13,,11,1,False,0,4,13.8,25.1,6.1,1.8,2.9,16,0,14.2,0.5620253164556961,0.2531645569620253,0.5,0.25
2026-27,1022600082,2026-06-07,Jun,PDX,LAS,away,L,72,89,81.0,-17,161,5,0,4,0,7,1,0,0,16.5,Teja Oblak,1643506,4,,2,2,False,1,2,13.8,25.1,6.1,1.8,2.9,9,1,12.9,0.5454545454545454,0.42424242424242425,0.0,0.5714285714285714
2026-27,1022600094,2026-06-11,Jun,PDX,LVA,home,L,89,105,79.5,-16,194,6,0,0,0,5,3,3,3,11.5,Teja Oblak,1643506,4,,9,3,False,1,0,13.8,25.1,6.1,1.8,2.9,18,1,24.6,0.5495652173913044,0.43478260869565216,0.6,0.0
2026-27,1022600099,2026-06-13,Jun,PDX,DAL,home,W,84,83,78.5,1,167,2,0,1,1,2,1,0,0,12.7,Teja Oblak,1643506,-1,,3,1,False,1,2,13.8,25.1,6.1,1.8,2.9,6,1,8.2,0.31496062992125984,0.15748031496062992,0.0,0.5
2026-27,1022600104,2026-06-15,Jun,PDX,MIN,away,L,74,107,81.5,-33,181,5,0,2,1,7,4,0,0,16.6,Teja Oblak,1643506,-8,,9,6,False,0,3,13.8,25.1,6.1,1.8,2.9,20,0,20.7,0.6024096385542168,0.4216867469879518,0.0,0.2857142857142857
2026-27,1022600112,2026-06-17,Jun,PDX,SEA,home,W,94,89,74.5,5,183,2,0,2,1,3,2,0,0,11.0,Teja Oblak,1643506,-8,,5,0,False,0,2,13.8,25.1,6.1,1.8,2.9,7,0,6.0,0.45454545454545453,0.2727272727272727,0.0,0.6666666666666666
2026-27,1022600130,2026-06-24,Jun,PDX,CHI,away,L,78,101,79.5,-23,179,0,0,1,1,4,1,0,0,7.7,Teja Oblak,1643506,-5,,3,1,False,0,2,13.8,25.1,6.1,1.8,2.9,4,0,2.2,0.7792207792207793,0.5194805194805194,0.0,0.25
2026-27,1022600136,2026-06-26,Jun,PDX,CHI,away,L,94,124,83.0,-30,218,0,0,4,1,7,2,0,0,10.1,Teja Oblak,1643506,-20,,5,2,False,1,2,13.8,25.1,6.1,1.8,2.9,7,1,8.4,0.8910891089108911,0.6930693069306931,0.0,0.5714285714285714
2026-27,1022600142,2026-06-28,Jun,PDX,WAS,away,L,123,124,117.5,-1,247,3,0,1,0,2,1,0,0,9.4,Teja Oblak,1643506,5,,2,3,False,0,3,13.8,25.1,6.1,1.8,2.9,8,0,7.1,0.5319148936170213,0.2127659574468085,0.0,0.5
2026-27,1022600151,2026-07-04,Jul,PDX,SEA,away,W,77,72,84.0,5,149,1,0,3,1,7,2,0,0,15.7,Teja Oblak,1643506,4,,5,2,False,2,3,13.8,25.1,6.1,1.8,2.9,8,2,11.9,0.6369426751592357,0.445859872611465,0.0,0.42857142857142855
2026-27,1022600164,2026-07-09,Jul,PDX,LVA,home,L,80,88,77.0,-8,168,2,0,6,3,8,4,0,0,16.9,Teja Oblak,1643506,-19,,11,1,False,2,2,13.8,25.1,6.1,1.8,2.9,14,2,19.2,0.591715976331361,0.4733727810650888,0.0,0.75
2026-27,1022600020,2026-05-14,May,NYL,PDX,away,W,100,82,86.0,18,182,1,0,5,2,7,4,2,2,16.6,Alex Fowler,1643525,-6,,12,0,False,0,3,16.0,20.0,6.0,0.0,0.5,13,0,10.5,0.6554216867469879,0.4216867469879518,0.2857142857142857,0.7142857142857143
2026-27,1022600035,2026-05-21,May,NYL,GSV,home,L,70,87,76.0,-17,157,0,0,2,0,3,0,0,0,14.7,Alex Fowler,1643525,-6,,0,0,False,1,0,16.0,20.0,6.0,0.0,0.5,0,1,3.0,0.20408163265306123,0.20408163265306123,0.0,0.6666666666666666
2026-27,1022600006,2026-05-09,May,PDX,CHI,home,L,83,98,82.0,-15,181,4,0,0,0,6,2,0,0,11.5,Jordan Harrison,1643527,-13,,4,0,False,0,2,10.3,15.7,2.3,0.7000000000000001,3.7,8,0,8.0,0.6956521739130435,0.5217391304347826,0.0,0.0
2026-27,1022600047,2026-05-25,May,PDX,NYL,away,W,81,74,78.0,7,155,0,0,0,0,0,0,0,0,0.0,Jordan Harrison,1643527,0,,0,0,False,0,0,10.3,15.7,2.3,0.7000000000000001,3.7,0,0,0.0,,,,
2026-27,1022600082,2026-06-07,Jun,PDX,LAS,away,L,72,89,81.0,-17,161,0,0,0,0,0,0,0,0,0.0,Jordan Harrison,1643527,0,,0,0,False,0,0,10.3,15.7,2.3,0.7000000000000001,3.7,0,0,0.0,,,,
2026-27,1022600136,2026-06-26,Jun,PDX,CHI,away,L,94,124,83.0,-30,218,3,0,0,0,4,1,2,1,13.3,Jordan Harrison,1643527,-7,,3,2,False,0,0,10.3,15.7,2.3,0.7000000000000001,3.7,8,0,9.9,0.3669172932330827,0.3007518796992481,0.5,0.0
2026-27,1022600142,2026-06-28,Jun,PDX,WAS,away,L,123,124,117.5,-1,247,4,1,0,0,0,0,0,0,7.3,Jordan Harrison,1643527,12,,0,0,False,0,0,10.3,15.7,2.3,0.7000000000000001,3.7,4,1,9.0,0.0,0.0,,
2026-27,1022600008,2026-05-10,May,WAS,NYL,home,L,93,98,86.5,-5,191,0,0,0,0,0,0,0,0,0.0,Alicia Florez Getino,1643644,0,,0,0,False,0,0,19.3,19.3,5.0,2.5,3.5,0,0,0.0,,,,
2026-27,1022600053,2026-05-27,May,WAS,SEA,away,W,78,64,72.5,14,142,3,0,3,1,9,4,0,0,22.7,Alicia Florez Getino,1643644,7,,9,5,True,2,1,19.3,19.3,5.0,2.5,3.5,17,2,24.5,0.4405286343612335,0.39647577092511016,0.0,0.3333333333333333
2026-27,1022600057,2026-05-29,May,WAS,LAS,home,L,87,92,81.0,-5,179,7,0,5,0,9,1,4,3,24.8,Alicia Florez Getino,1643644,-5,,5,1,True,0,0,19.3,19.3,5.0,2.5,3.5,13,0,16.7,0.43387096774193545,0.3629032258064516,0.4444444444444444,0.5555555555555556
2026-27,1022600067,2026-06-02,Jun,WAS,CHI,home,W,90,72,82.5,18,162,3,0,4,0,7,3,4,2,19.5,Alicia Florez Getino,1643644,-2,,8,0,False,1,0,19.3,19.3,5.0,2.5,3.5,11,1,15.5,0.4492307692307692,0.358974358974359,0.5714285714285714,0.5714285714285714
2026-27,1022600079,2026-06-06,Jun,WAS,ATL,away,L,77,109,77.5,-32,186,0,0,2,0,7,1,2,0,20.3,Alicia Florez,1643644,-29,,2,2,False,1,4,19.3,19.3,5.0,2.5,3.5,4,1,3.4000000000000004,0.5852216748768472,0.3448275862068965,0.2857142857142857,0.2857142857142857
2026-27,1022600084,2026-06-08,Jun,WAS,IND,home,L,76,78,81.0,-2,154,1,1,0,0,1,0,0,0,9.2,Alicia Florez,1643644,-4,,0,1,False,0,1,19.3,19.3,5.0,2.5,3.5,2,1,4.7,0.2173913043478261,0.10869565217391305,0.0,0.0
2026-27,1022600095,2026-06-12,Jun,WAS,TOR,home,W,86,85,84.5,1,171,4,0,1,0,3,0,2,2,14.3,Alicia Florez,1643644,15,,2,3,False,1,3,19.3,19.3,5.0,2.5,3.5,9,1,11.6,0.48111888111888107,0.2097902097902098,0.6666666666666666,0.3333333333333333
2026-27,1022600101,2026-06-14,Jun,WAS,NYL,away,L,64,86,78.5,-22,150,6,0,4,2,8,2,4,1,22.3,Alicia Florez,1643644,-12,,7,2,True,1,4,19.3,19.3,5.0,2.5,3.5,15,1,17.4,0.6170403587443946,0.35874439461883406,0.5,0.5
2026-27,1022600107,2026-06-17,Jun,WAS,CON,away,W,88,81,76.0,7,169,0,0,0,0,0,0,0,0,0.0,Alicia Florez,1643644,0,,0,0,False,0,0,19.3,19.3,5.0,2.5,3.5,0,0,0.0,,,,
2026-27,1022600115,2026-06-19,Jun,WAS,NYL,away,W,86,83,79.0,3,169,0,0,0,0,0,0,0,0,0.0,Alicia Florez,1643644,0,,0,0,False,0,0,19.3,19.3,5.0,2.5,3.5,0,0,0.0,,,,
2026-27,1022600121,2026-06-21,Jun,WAS,MIN,away,W,84,79,82.0,5,163,0,0,0,0,0,0,0,0,0.0,Alicia Florez,1643644,0,,0,0,False,0,0,19.3,19.3,5.0,2.5,3.5,0,0,0.0,,,,
2026-27,1022600129,2026-06-24,Jun,WAS,MIN,home,L,76,78,86.0,-2,154,0,0,0,0,0,0,0,0,2.1,Alicia Florez,1643644,-3,,0,0,False,0,1,19.3,19.3,5.0,2.5,3.5,0,0,-1.0,0.47619047619047616,0.0,,
2026-27,1022600135,2026-06-26,Jun,WAS,CON,away,L,57,68,77.0,-11,125,0,0,0,0,0,0,0,0,0.0,Alicia Florez,1643644,0,,0,0,False,0,0,19.3,19.3,5.0,2.5,3.5,0,0,0.0,,,,
2026-27,1022600142,2026-06-28,Jun,WAS,PDX,home,W,124,123,117.5,1,247,4,1,0,0,7,4,2,0,33.8,Alicia Florez,1643644,1,,8,3,True,5,2,19.3,19.3,5.0,2.5,3.5,15,6,33.6,0.2923076923076923,0.20710059171597636,0.2857142857142857,0.0
2026-27,1022600145,2026-07-02,Jul,WAS,ATL,home,W,81,76,82.0,5,157,7,0,3,2,8,5,2,1,26.9,Alicia Florez,1643644,16,,13,6,True,0,4,19.3,19.3,5.0,2.5,3.5,26,0,26.7,0.47881040892193316,0.29739776951672864,0.25,0.375
2026-27,1022600154,2026-07-06,Jul,WAS,GSV,home,L,49,62,68.0,-13,111,3,0,2,0,3,0,2,1,17.1,Alicia Florez,1643644,-1,,1,4,False,1,2,19.3,19.3,5.0,2.5,3.5,8,1,11.3,0.343859649122807,0.17543859649122806,0.6666666666666666,0.6666666666666666
2026-27,1022600060,2026-05-30,May,TOR,SEA,home,W,93,72,82.0,21,165,0,0,0,0,0,0,2,2,3.5,Tima Pouye,1643647,-2,,2,0,False,0,0,10.2,17.6,3.1,0.9,1.4,2,0,2.0,0.25142857142857145,0.0,,
2026-27,1022600070,2026-06-03,Jun,TOR,NYL,away,L,82,97,78.5,-15,179,0,0,0,0,1,1,0,0,2.5,Tima Pouye,1643647,3,,2,0,False,0,0,10.2,17.6,3.1,0.9,1.4,2,0,2.0,0.4,0.4,0.0,0.0
2026-27,1022600081,2026-06-07,Jun,TOR,CHI,home,W,85,68,84.5,17,153,1,0,0,0,0,0,0,0,3.3,Tima Pouye,1643647,0,,0,0,False,0,1,10.2,17.6,3.1,0.9,1.4,1,0,0.5,0.30303030303030304,0.0,,
2026-27,1022600089,2026-06-10,Jun,TOR,CON,home,W,106,102,89.5,4,208,2,0,0,0,0,0,2,2,7.5,Tima Pouye,1643647,-1,,2,2,False,0,0,10.2,17.6,3.1,0.9,1.4,6,0,7.4,0.11733333333333333,0.0,,
2026-27,1022600095,2026-06-12,Jun,TOR,WAS,away,L,85,86,84.5,-1,171,3,0,2,0,5,1,2,2,16.5,Tima Pouye,1643647,0,,4,0,False,0,0,10.2,17.6,3.1,0.9,1.4,7,0,8.5,0.3563636363636364,0.30303030303030304,0.4,0.4
2026-27,1022600102,2026-06-14,Jun,TOR,ATL,home,L,77,102,81.0,-25,179,0,0,0,0,1,0,0,0,4.5,Tima Pouye,1643647,-12,,0,1,False,1,1,10.2,17.6,3.1,0.9,1.4,1,1,3.2,0.4444444444444444,0.2222222222222222,0.0,0.0
2026-27,1022600106,2026-06-16,Jun,TOR,IND,away,L,91,113,88.5,-22,204,2,0,3,1,7,1,4,2,13.1,Tima Pouye,1643647,-17,,5,2,False,1,1,10.2,17.6,3.1,0.9,1.4,9,1,12.4,0.7450381679389313,0.5343511450381679,0.5714285714285714,0.42857142857142855
2026-27,1022600114,2026-06-19,Jun,TOR,CON,away,W,101,97,84.0,4,198,0,0,2,1,2,1,0,0,5.7,Tima Pouye,1643647,-5,,3,1,False,0,0,10.2,17.6,3.1,0.9,1.4,4,0,4.2,0.3508771929824561,0.3508771929824561,0.0,1.0
2026-27,1022600124,2026-06-22,Jun,TOR,ATL,away,L,87,94,84.5,-7,181,1,0,0,0,0,0,0,0,8.2,Tima Pouye,1643647,7,,0,1,False,0,1,10.2,17.6,3.1,0.9,1.4,2,0,1.7000000000000002,0.12195121951219513,0.0,,
2026-27,1022600132,2026-06-25,Jun,TOR,LAS,home,W,125,97,86.5,28,222,3,0,1,0,5,1,5,4,13.6,Tima Pouye,1643647,4,,6,2,False,0,2,10.2,17.6,3.1,0.9,1.4,11,0,10.9,0.676470588235294,0.36764705882352944,1.0,0.2
2026-27,1022600138,2026-06-27,Jun,TOR,PHX,home,L,80,89,78.5,-9,169,4,0,7,3,10,5,0,0,20.2,Tima Pouye,1643647,6,,13,2,False,1,1,10.2,17.6,3.1,0.9,1.4,19,1,23.4,0.5445544554455446,0.49504950495049505,0.0,0.7
2026-27,1022600152,2026-07-05,Jul,TOR,DAL,home,L,76,89,76.0,-13,165,1,0,3,1,6,1,0,0,20.6,Tima Pouye,1643647,-12,G,3,0,False,0,1,10.2,17.6,3.1,0.9,1.4,4,0,3.5,0.3398058252427184,0.2912621359223301,0.0,0.5
2026-27,1022600159,2026-07-08,Jul,TOR,GSV,home,L,75,83,76.0,-8,158,1,0,3,0,4,1,0,0,13.2,Tima Pouye,1643647,-4,,2,0,False,0,0,10.2,17.6,3.1,0.9,1.4,3,0,3.5,0.30303030303030304,0.30303030303030304,0.0,0.75
2026-27,1022600166,2026-07-10,Jul,TOR,DAL,home,L,95,108,78.5,-13,203,1,0,0,0,1,1,0,0,9.2,Tima Pouye,1643647,3,,2,1,False,0,0,10.2,17.6,3.1,0.9,1.4,4,0,4.7,0.10869565217391305,0.10869565217391305,0.0,0.0
2026-27,1022600088,2026-06-09,Jun,GSV,PHX,home,W,87,81,74.5,6,168,0,0,0,0,0,0,0,0,0.0,Nadia Fingall,1643686,0,,0,0,False,0,0,2.5,8.8,1.3,0.30000000000000004,0.0,0,0,0.0,,,,
2026-27,1022600096,2026-06-12,Jun,GSV,SEA,away,W,76,72,75.0,4,148,0,0,0,0,0,0,0,0,0.0,Nadia Fingall,1643686,0,,0,0,False,0,0,2.5,8.8,1.3,0.30000000000000004,0.0,0,0,0.0,,,,
2026-27,1022600105,2026-06-15,Jun,GSV,LAS,home,W,78,58,73.5,20,136,0,0,0,0,0,0,0,0,0.0,Nadia Fingall,1643686,0,,0,0,False,0,0,2.5,8.8,1.3,0.30000000000000004,0.0,0,0,0.0,,,,
2026-27,1022600109,2026-06-17,Jun,GSV,DAL,home,W,91,80,77.5,11,171,0,0,0,0,0,0,0,0,0.0,Nadia Fingall,1643686,0,,0,0,False,0,0,2.5,8.8,1.3,0.30000000000000004,0.0,0,0,0.0,,,,
2026-27,1022600116,2026-06-19,Jun,GSV,MIN,home,L,75,81,78.5,-6,156,0,0,0,0,0,0,0,0,0.0,Nadia Fingall,1643686,0,,0,0,False,0,0,2.5,8.8,1.3,0.30000000000000004,0.0,0,0,0.0,,,,
2026-27,1022600120,2026-06-21,Jun,GSV,LVA,away,L,73,92,72.5,-19,165,0,0,0,0,1,1,0,0,4.3,Nadia Fingall,1643686,4,,2,1,False,0,0,2.5,8.8,1.3,0.30000000000000004,0.0,3,0,3.2,0.23255813953488372,0.23255813953488372,0.0,0.0
2026-27,1022600131,2026-06-24,Jun,GSV,ATL,home,W,77,66,73.5,11,143,0,0,0,0,0,0,0,0,0.0,Nadia Fingall,1643686,0,,0,0,False,0,0,2.5,8.8,1.3,0.30000000000000004,0.0,0,0,0.0,,,,
2026-27,1022600137,2026-06-26,Jun,GSV,ATL,home,W,78,75,81.0,3,153,0,0,0,0,0,0,0,0,0.0,Nadia Fingall,1643686,0,,0,0,False,0,0,2.5,8.8,1.3,0.30000000000000004,0.0,0,0,0.0,,,,
2026-27,1022600144,2026-06-28,Jun,GSV,NYL,home,W,76,67,69.0,9,143,0,0,0,0,0,0,0,0,1.9,Nadia Fingall,1643686,-7,,0,0,False,0,0,2.5,8.8,1.3,0.30000000000000004,0.0,0,0,0.0,0.0,0.0,,
2026-27,1022600150,2026-07-04,Jul,GSV,ATL,away,W,88,83,79.0,5,171,0,0,0,0,0,0,0,0,0.0,Nadia Fingall,1643686,0,,0,0,False,0,0,2.5,8.8,1.3,0.30000000000000004,0.0,0,0,0.0,,,,
2026-27,1022600154,2026-07-06,Jul,GSV,WAS,away,W,62,49,68.0,13,111,0,0,0,0,0,0,0,0,0.0,Nadia Fingall,1643686,0,,0,0,False,0,0,2.5,8.8,1.3,0.30000000000000004,0.0,0,0,0.0,,,,
2026-27,1022600159,2026-07-08,Jul,GSV,TOR,away,W,83,75,76.0,8,158,0,0,0,0,0,0,0,0,1.5,Nadia Fingall,1643686,-3,,0,0,False,0,0,2.5,8.8,1.3,0.30000000000000004,0.0,0,0,0.0,0.0,0.0,,
2026-27,1022600165,2026-07-10,Jul,GSV,CON,away,W,79,64,73.5,15,143,0,0,1,1,1,1,0,0,2.3,Nadia Fingall,1643686,-5,,3,0,False,0,0,2.5,8.8,1.3,0.30000000000000004,0.0,3,0,3.0,0.4347826086956522,0.4347826086956522,0.0,1.0
2026-27,1022600152,2026-07-05,Jul,TOR,DAL,home,L,76,89,76.0,-13,165,0,0,1,0,1,0,2,2,8.0,Ornella Bankole,1643706,1,,2,2,False,1,0,8.0,9.3,2.0,2.0,0.0,4,1,7.4,0.235,0.125,2.0,1.0
