above3FgPct,above3Share,advantageShotRate,apg,astPct,astPer100,astPer36,astPer40,astToTov,astTotal,blkPer100,blkPer40,blkTotal,bpg,bpm,bpmConfidence,closeGameMinutesShare,clutchPlusMinusPer36,clutchPtsPer36,corner3FgPct,corner3Share,creationCareIndex,creationLoad,cvi,cvi2Y,cvi2YConfidence,cvi2YDelta,cvi2YMinutes,cvi2YSeasons,cvi3Y,cvi3YConfidence,cvi3YDelta,cvi3YMinutes,cvi3YSeasons,cviAvailability,cviConfidence,cviContext,cviCreation,cviCreationConfidence,cviCreationPercentile,cviDecision,cviDefense,cviDefenseConfidence,cviDefensePercentile,cviDefensePossession,cviDefensiveWorkload,cviFormDelta,cviGlass,cviGlassConfidence,cviGlassPercentile,cviLuckNeutral,cviMatchupResilience,cviOffense,cviPercentile,cviPlaymaking,cviPlaymakingConfidence,cviPlaymakingPercentile,cviPortability,cviRoleDifficulty,cviRoleScalability,cviScoring,cviScoringConfidence,cviScoringPercentile,cviSpacing,cviSpacingConfidence,cviSpacingPercentile,cviStable,cviStableConfidence,cviStableMinutes,cviStableSeasons,dbpm,defensiveActivityIndex,drapm,drebPct,drtg,efg,efgRel,efgZ,expectedMinutes,expectedPoints,fg3Pct,fg3PctRel,fg3PctZ,fg3aTotal,fg3mTotal,fgPct,fgaTotal,fgmTotal,foulDisciplineIndex,fpg,freeThrowRate,ftPct,ftPctRel,ftPctZ,ftaTotal,ftmTotal,glassValueIndex,gp,id,midFgPct,midShare,minutesRoleGap,minutesTotal,mpg,name,netRtg,obpm,oppPointsOffTurnoversPer36,oppPointsPaintPer36,oppPointsSecondChancePer36,orapm,orebPct,ortg,paintShare,pfPer100,pfPer36,pfPer40,pfTotal,pos,possessionFinishIndex,possessionsTotal,ppg,projectedMinutes,projectedMinutesHigh,projectedMinutesLow,projectedMinutesRange,projectedPlayProbability,projectedPoints,projectedPointsHigh,projectedPointsLow,projectedPointsRange,projectedStarterProbability,projectionConfidence,projectionHome,projectionSource,ptsPer100,ptsPer36,ptsPer40,ptsTotal,rapm,rapmConfidence,rapmConfidenceTier,rapmFlags,rapmFoldRankRange,rapmFoldRankStd,rapmHi,rapmLo,rapmNet,rapmNetGap,rapmPriorPullPct,rapmPublishReason,rapmPublishable,rapmQualified,rapmRank,rapmRankShift,rapmSe,rapmWeird,rebPct,rebPer100,rebPer36,rebPer40,rebTotal,rimFgPct,rimPressureIndex,rimShare,roleTrustScore,rpg,season,secondChancePtsPerGame,selfCreationRate,shotMixValueAdd,shotQualityIndex,spg,stlPer100,stlPer40,stlTotal,stocksPer36,team,threePAR,topg,tovPct,tovPer100,tovPer40,tovTotal,ts,tsRel,tsZ,usg
39.3,12.4,36.4,3.2,17.5,5.1,3.6,4.0,1.33,132,3.0,2.4,79,1.9,0.36,99.0,3.3,-14.0,43.0,60.0,0.7000000000000001,15.7,25.3,9.57,9.52,97.1,1.35,2502,2,9.57,97.1,1.4,3703,3,1.33,97.1,2.89,2.59,100.0,95.0,0.08,1.81,100.0,100.0,5.22,0.51,-0.31,2.11,100.0,95.8,0.78,0.97,4.13,99.2,-0.05,100.0,53.4,0.5700000000000001,1.34,0.8300000000000001,1.12,80.0,91.6,-0.9,100.0,19.7,9.57,97.1,3703,3,0.13,19.8,0.49,23.8,101.3,55.4,3.9,0.78,28.453507680729597,23.872747772767777,40.4,6.4,1.08,94,38,52.7,717,378,18.3,1.8,45.0,86.4,7.8,0.8200000000000001,323,279,18.4,41,1628932,43.4,27.6,-2.7,1313,32.0,A'ja Wilson,14.2,0.23,11.2,33.1,8.9,3.06,6.1,115.5,36.0,2.9,2.06,2.3,75,F,29.3,2610,26.2,29.30767446787003,34.6640952545077,23.95125368123236,10.7,0.9708551837479681,24.58940135706695,33.39375314606508,15.87169467480432,17.5,1.0,73.4,,baseline,41.1,29.5,32.7,1073,3.94,52.6,medium,,10,3.7,5.84,2.04,4.1,-0.16,0.53,,True,True,3,3,1.4809999999999999,False,15.3,14.7,10.6,11.7,384,72.5,68.3,23.3,83.5,9.4,2026-27,3.5,23.0,-8.6,-16.2,1.4,2.2,1.8,58,3.76,LVA,13.1,2.4,8.9,3.7,3.0,97,62.4,6.4,1.26,32.3
45.9,37.6,72.1,2.8,14.4,4.1,3.1,3.4,1.75,121,0.2,0.1,5,0.1,0.2,99.1,6.1,-2.1,26.7,31.6,2.5,15.8,25.3,3.92,4.04,97.1,0.42,2733,2,3.92,97.1,0.30000000000000004,3946,3,1.23,97.1,2.7199999999999998,2.16,100.0,91.2,0.11,-1.42,100.0,11.8,-3.22,0.47000000000000003,0.16,-1.24,100.0,5.0,0.8,0.64,7.34,90.3,0.02,100.0,71.0,0.53,0.76,0.9400000000000001,1.76,80.0,98.7,1.97,100.0,99.2,3.92,97.1,3946,3,-0.04,4.4,-0.16,3.4,106.3,60.0,8.5,1.53,32.181612744004354,26.025887488775464,45.0,11.0,1.73,300,135,50.9,748,381,4.8,2.4,29.7,85.1,6.5,0.6900000000000001,222,189,3.8,44,1628909,41.2,15.9,0.1,1430,32.5,Kelsey Mitchell,7.8,0.24,12.6,38.5,8.5,1.6800000000000002,1.9,114.1,12.0,3.6,2.67,3.0,106,G,3.3,2975,24.7,32.611417391559655,36.8792963064075,28.343538476711814,8.5,0.9868204241970001,26.373478751165234,35.17904817160819,17.656989700347424,17.5,1.0,75.0,,baseline,36.5,27.4,30.4,1086,1.38,36.9,low,,76,28.07,3.42,-0.66,1.35,0.028,0.5660000000000001,,True,True,27,1,1.592,False,2.8,2.5,1.9,2.1,75,61.9,61.7,32.0,85.7,1.7000000000000002,2026-27,2.1,39.6,1.0,2.3,1.0,1.5,1.3,46,1.28,IND,40.1,1.6,7.0,2.4,2.0,72,64.2,8.2,1.56,27.5
35.8,49.4,71.7,8.3,40.6,12.8,9.6,10.7,1.8,333,0.7000000000000001,0.6000000000000001,19,0.5,0.17,96.9,6.0,13.6,24.7,66.7,0.5,37.0,42.3,13.16,13.02,93.8,1.6400000000000001,1570,2,13.16,95.5,1.78,2896,3,1.19,95.5,3.73,6.6,100.0,100.0,1.3,-1.32,100.0,14.3,-2.71,-0.03,-0.02,-0.72,100.0,23.1,0.51,0.78,15.98,100.0,3.18,100.0,98.3,0.5,1.78,1.33,0.85,80.0,86.1,1.44,100.0,95.8,13.16,95.5,2896,3,-0.02,7.7,-0.29,11.3,107.4,53.6,2.1,0.48,32.4571962109556,23.0599838306495,36.1,2.1,0.47000000000000003,316,114,44.5,633,282,4.9,3.1,39.5,85.2,6.6,0.7000000000000001,250,213,6.5,40,1642286,43.0,14.7,1.4,1245,31.1,Caitlin Clark,4.6,0.19,14.0,38.2,9.5,1.44,0.7000000000000001,112.0,13.6,4.8,3.61,4.0,125,G,11.2,2601,22.3,32.4571962109556,36.72507512580344,28.18931729610776,8.5,1.0,23.0599838306495,31.866964878608943,14.34490640734818,17.5,1.0,75.6,,baseline,34.3,25.8,28.6,891,0.96,47.5,low,,4,1.5,3.08,-1.17,0.98,-0.023,0.586,,True,True,40,-8,1.658,False,6.2,6.1,4.6,5.1,158,63.8,61.3,21.8,86.1,4.0,2026-27,1.0,68.8,-2.0,-0.8,1.1,1.6,1.3,42,1.76,IND,49.9,4.6,13.5,7.0,5.9,183,60.0,4.0,0.87,31.9
26.8,29.5,65.0,1.9,10.3,2.8,2.1,2.3,0.79,75,0.2,0.1,4,0.1,-0.12,98.7,6.9,-3.6,28.7,44.7,5.9,6.1,23.1,-0.84,-0.91,95.8,-0.14,2005,2,-0.84,96.4,-0.07,3123,3,1.32,96.4,1.18,1.87,100.0,88.7,-0.51,-0.96,100.0,26.1,-1.83,0.71,-0.03,-0.6900000000000001,100.0,25.6,0.5700000000000001,0.42,0.9500000000000001,64.7,-1.19,100.0,8.8,-0.11,0.51,0.44,0.03,80.0,57.6,-0.21,100.0,41.2,-0.84,96.4,3123,3,-0.07,4.7,-0.27,9.5,108.0,50.2,-1.3,-0.07,31.126232304906836,23.742082366491108,29.8,-4.2,-0.42,228,68,44.9,643,289,3.5,2.7,42.0,78.9,0.30000000000000004,0.05,270,213,6.3,40,1627674,29.5,12.1,-1.9,1319,33.0,Kahleah Copper,-4.6,-0.05,14.8,33.7,9.4,0.52,1.5,103.4,22.9,4.0,2.92,3.2,107,G,8.6,2663,21.5,31.126232304906836,35.39411121975468,26.858353390058994,8.5,1.0,23.742082366491108,32.545140337255745,15.023081865994985,17.5,1.0,75.6,,baseline,32.3,23.5,26.1,859,-0.21,43.5,low,,24,9.03,1.8,-2.23,0.09,-0.308,0.56,,True,True,116,70,1.5750000000000002,False,5.5,5.5,4.0,4.5,147,71.6,71.5,29.5,87.6,3.7,2026-27,1.6,31.5,-0.30000000000000004,-0.8,0.8,1.2,1.0,33,1.01,PHX,35.5,2.4,9.2,3.6,2.9,95,56.4,0.4,0.27,29.4
37.6,41.6,65.4,5.4,17.6,8.6,6.4,7.0,1.9300000000000002,91,0.0,0.0,0,0.0,0.07,72.6,6.8,20.2,42.4,40.0,2.1,20.0,30.8,5.94,6.17,81.3,0.67,1962,2,5.94,81.3,0.44,3193,3,0.41000000000000003,81.3,2.96,3.36,100.0,97.1,0.63,-1.6600000000000001,100.0,5.0,-3.7,0.23,0.18,-1.27,89.9,4.6,0.68,0.68,9.91,95.8,1.7000000000000002,100.0,91.6,0.46,1.71,1.13,1.65,80.0,98.3,0.84,100.0,88.7,5.94,81.3,3193,3,-0.05,3.3,-0.14,3.8,111.1,60.1,8.6,1.54,5.787828178286725,4.510357723791308,37.7,3.7,0.7000000000000001,106,40,51.9,243,126,3.0,3.3,37.4,81.3,2.7,0.29,91,74,2.1,17,1628276,68.4,7.8,-11.4,521,30.6,Kelsey Plum,-4.0,0.12,13.4,38.0,11.0,1.29,0.30000000000000004,107.1,26.7,5.3,3.87,4.3,56,G,2.3,1054,21.5,19.19353114301506,24.976753151281567,13.410309134748555,11.6,0.30155098273269204,14.957197893762075,23.741945968158163,6.219887496897396,17.5,0.36511492959923003,30.2,,baseline,34.7,25.3,28.1,366,1.01,37.9,low,,12,4.77,3.17,-1.15,1.06,-0.045,0.594,,True,True,38,10,1.686,False,2.0,3.3,2.5,2.7,35,81.1,59.2,21.8,55.5,2.1,2026-27,1.6,59.5,-2.4,-2.8,1.0,1.6,1.3,17,1.17,PHX,43.6,2.8,6.6,4.6,3.7,48,64.7,8.7,1.6400000000000001,28.3
40.6,29.4,40.8,5.9,28.7,9.0,6.5,7.2,2.68,247,0.7000000000000001,0.5,18,0.4,0.16,99.7,4.8,7.6,34.0,66.7,0.5,32.8,31.1,8.09,8.01,97.0,0.85,2511,2,8.09,94.1,0.93,2511,2,1.33,94.1,3.67,3.4,100.0,97.5,1.33,-0.75,100.0,33.6,-1.47,0.47000000000000003,0.09,-0.54,100.0,31.9,0.45,0.78,9.73,98.3,2.47,100.0,95.4,0.52,1.47,1.1,1.15,80.0,92.0,0.26,100.0,78.6,8.09,94.1,2511,2,-0.06,7.1,0.01,10.8,105.5,57.3,5.8,1.09,31.68648712272738,23.301641812718305,41.0,7.0,1.17,195,80,51.2,654,335,5.5,2.5,22.5,87.1,8.5,0.89,147,128,7.3,42,1642784,47.3,31.7,-1.0,1375,32.7,Paige Bueckers,4.7,0.22,11.8,37.3,9.4,2.07,1.9,110.2,27.5,3.8,2.75,3.1,105,G,11.1,2755,20.9,31.68648712272738,35.95436603757523,27.418608207879537,8.5,1.0,23.301641812718305,32.11760990376911,14.595551432508344,17.5,0.5633762813359261,66.8,,baseline,31.9,23.0,25.5,878,1.78,39.9,low,,36,13.5,3.84,-0.28,1.83,-0.045,0.5700000000000001,,True,True,19,-1,1.607,False,6.3,6.3,4.5,5.1,174,77.8,33.5,11.0,76.0,4.1,2026-27,2.1,47.2,-11.6,-18.1,1.0,1.5,1.2,40,1.52,DAL,29.8,2.2,8.3,3.3,2.6,91,61.1,5.1,1.05,25.9
37.8,50.4,72.5,3.7,16.8,6.1,4.5,5.0,1.19,118,0.6000000000000001,0.5,12,0.4,0.02,96.9,4.3,3.5,37.2,45.8,4.9,13.7,29.0,5.38,5.22,96.9,0.25,1978,2,5.38,97.0,0.41000000000000003,3130,3,1.32,97.0,2.29,2.96,100.0,96.2,-0.04,-0.7000000000000001,100.0,34.5,-1.9,0.59,0.44,-1.03,100.0,12.6,0.8,0.73,7.78,94.5,0.17,100.0,76.1,0.17,0.96,0.81,0.9,80.0,88.2,2.18,100.0,100.0,5.38,97.0,3130,3,-0.1,6.1,-0.06,7.0,113.6,54.8,3.3,0.68,11.390935244659692,8.975066380839351,38.5,4.5,0.81,273,105,44.1,494,218,4.9,2.6,28.9,88.1,9.5,1.0,143,126,5.0,32,1629497,45.2,12.6,-3.1,943,29.5,Marina Mabrey,-8.5,0.12,15.1,40.6,12.9,0.14,1.5,105.1,15.0,4.3,3.21,3.6,84,F,6.9,1949,20.8,26.42329463735815,31.77971542399582,21.06687385072048,10.7,0.43109443394522,20.81925832050947,29.651966217493833,12.129907746233066,17.5,0.783176750554701,44.8,,baseline,34.2,25.4,28.3,667,0.06,48.1,low,,33,12.91,1.77,-1.65,0.05,0.015,0.47800000000000004,,True,True,90,-14,1.333,False,4.2,5.4,4.0,4.5,105,68.2,46.1,17.2,64.1,3.3,2026-27,1.8,47.2,-2.6,-1.2,0.9,1.5,1.2,29,1.57,TOR,55.3,3.1,9.8,5.1,4.2,99,59.9,3.9,0.85,30.4
23.3,16.3,50.9,3.3,17.1,4.9,3.6,4.0,1.65,137,1.9,1.6,54,1.3,0.17,99.6,6.2,11.3,25.2,36.8,3.0,16.8,24.2,4.53,4.38,96.6,0.56,2245,2,4.53,96.8,0.71,3407,3,1.34,96.8,2.29,2.03,100.0,89.9,0.03,0.7000000000000001,100.0,95.4,2.95,0.59,-0.35000000000000003,1.47,100.0,89.1,0.30000000000000004,0.64,1.27,91.6,0.09,100.0,73.1,0.41000000000000003,0.53,0.68,0.11,80.0,60.1,-1.8399999999999999,100.0,9.2,4.53,96.8,3407,3,0.07,15.2,0.79,20.0,105.8,49.8,-1.7000000000000002,-0.13,27.623558684731133,17.98763822968524,25.4,-8.6,-1.04,122,31,47.4,633,300,12.4,2.1,45.8,84.1,5.5,0.58,290,244,15.0,42,1627668,46.2,8.2,-4.8,1385,33.0,Breanna Stewart,3.3,0.1,14.0,34.7,9.4,2.55,4.6,109.1,40.9,3.2,2.34,2.6,90,F,23.4,2792,20.8,28.200563717392892,33.55698450403056,22.844142930755222,10.7,0.979539237639214,18.363366712126005,27.16641015068691,9.644351679426148,17.5,0.7383355812804041,68.5,,baseline,31.3,22.7,25.3,875,3.96,50.7,medium,,1,0.5,6.06,1.87,3.79,0.178,0.578,,True,True,2,1,1.631,False,12.7,12.5,9.1,10.1,348,65.5,77.4,31.6,81.8,8.3,2026-27,2.3,30.3,-2.2,-6.2,1.4,2.0,1.6,57,2.89,NYL,19.3,2.0,8.6,3.0,2.5,85,57.5,1.5,0.45,27.0
38.9,27.7,72.8,6.0,27.0,9.5,7.0,7.7,1.94,239,1.0,0.8,25,0.6000000000000001,0.18,99.9,6.1,20.6,29.7,37.5,1.4,25.9,37.2,9.63,9.63,91.2,1.46,1241,1,9.63,91.2,1.46,1241,1,1.33,91.2,3.9,4.38,100.0,99.2,1.02,-0.26,100.0,53.4,-0.59,0.55,0.0,-0.41000000000000003,100.0,35.7,0.71,0.87,10.31,99.6,2.2,100.0,94.5,0.7000000000000001,1.48,1.15,1.07,80.0,90.3,-0.09,100.0,48.7,9.63,91.2,1241,1,0.01,9.8,-0.14,11.8,101.6,54.9,3.4,0.7000000000000001,29.638029847429454,19.571415569758013,38.8,4.8,0.86,165,64,49.2,567,279,6.5,3.0,34.0,87.0,8.4,0.88,193,168,7.7,40,1643426,31.6,10.1,-1.1,1241,31.0,Olivia Miles,11.1,0.17,12.7,32.8,10.9,1.02,1.6,112.7,17.1,4.7,3.45,3.8,119,G,12.8,2529,19.8,29.865324241390496,35.22174502802817,24.508903454752826,10.7,0.992389354552995,19.721508982302225,28.40098134861654,12.152998073441807,16.2,0.6351913167758161,68.5,,baseline,31.2,23.0,25.5,790,0.74,52.5,medium,volatile_rank,96,39.54,2.15,-0.66,0.89,-0.151,0.381,,True,True,52,-10,1.094,False,6.9,7.4,5.5,6.0,186,62.5,77.7,43.7,79.1,4.7,2026-27,2.8,77.8,4.7,6.2,1.3,2.1,1.7000000000000002,52,2.23,MIN,29.1,3.1,11.1,4.9,4.0,123,60.6,4.6,0.96,27.2
34.1,35.8,74.1,2.6,13.5,3.9,2.9,3.2,1.73,116,0.5,0.4,16,0.4,0.2,99.4,3.9,12.8,25.1,30.4,3.8,14.7,19.6,0.39,0.53,97.2,0.17,2811,2,0.39,97.1,0.03,4046,3,1.34,97.1,1.8599999999999999,0.44,100.0,72.7,-0.05,-0.71,100.0,34.0,-1.46,0.46,-0.05,-0.58,100.0,29.4,0.52,0.46,1.8,75.4,-0.05,100.0,52.9,0.35000000000000003,0.5,0.54,0.71,80.0,81.9,0.33,100.0,80.7,0.39,97.1,4046,3,0.07,8.0,0.25,8.8,99.8,52.9,1.4,0.37,30.372197149161025,18.810798857667614,33.8,-0.2,0.15,240,81,46.2,606,280,6.2,2.8,39.9,81.0,2.4,0.26,242,196,6.2,44,1628277,36.4,5.4,-2.1,1436,32.6,Allisha Gray,8.8,0.13,13.0,35.6,8.9,0.5700000000000001,2.0,108.6,20.5,4.1,3.06,3.4,122,G,9.6,2953,19.0,30.489876153803248,34.75775506865109,26.221997238955403,8.5,0.996140390861261,18.883682491183624,27.788662237130836,11.540678961956104,16.2,1.0,76.8,,baseline,28.3,21.0,23.3,837,1.13,33.8,low,volatile_rank,129,53.2,3.19,-0.9400000000000001,1.55,-0.424,0.5720000000000001,,True,True,32,-1,1.611,False,5.2,5.1,3.9,4.2,152,67.5,74.4,34.5,83.0,3.5,2026-27,2.3,23.6,2.9,4.7,1.4,2.0,1.7000000000000002,60,1.9100000000000001,ATL,39.6,1.5,7.2,2.2,1.8,66,58.7,2.7,0.65,22.6
37.2,42.1,58.4,6.8,33.4,10.6,7.6,8.4,2.83,293,0.4,0.30000000000000004,11,0.30000000000000004,0.2,97.7,3.4,-8.3,16.6,75.0,1.3,36.2,32.8,9.31,9.44,97.1,1.01,2666,2,9.31,97.1,0.88,3779,3,1.32,97.1,3.9699999999999998,3.47,100.0,98.3,1.6400000000000001,-0.9500000000000001,100.0,26.5,-1.76,0.38,0.28,-0.51,100.0,33.2,0.74,0.8,11.43,98.7,2.9699999999999998,100.0,97.5,0.72,1.45,1.09,1.25,80.0,93.7,1.09,100.0,92.9,9.31,97.1,3779,3,0.03,6.5,0.78,11.2,100.7,57.1,5.6,1.05,29.29695664070495,22.067213572444548,38.3,4.3,0.79,261,100,48.8,601,293,5.5,2.1,23.0,92.8,14.2,1.48,138,128,8.3,43,1629498,42.9,15.1,-2.3,1388,32.3,Jackie Young,14.0,0.17,11.0,33.5,9.0,2.27,2.5,114.7,26.5,3.2,2.31,2.6,89,G,11.4,2770,18.9,30.046631275684906,34.31451019053275,25.77875236083706,8.5,0.9750496277568851,22.631887592440265,31.54112302396966,15.293139748794928,16.2,1.0,75.8,,baseline,29.4,21.1,23.5,814,4.01,55.3,medium,,1,0.5,5.97,2.06,4.88,-0.866,0.545,,True,True,1,1,1.528,False,7.0,6.8,4.9,5.4,189,73.3,38.0,15.0,84.0,4.4,2026-27,1.0,50.0,-6.1,-8.2,0.9,1.4,1.1,38,1.27,LVA,43.4,2.4,10.6,3.8,3.0,105,61.5,5.5,1.11,24.6
25.5,22.5,59.4,3.4,7.9,5.6,4.2,4.6,1.62,57,0.8,0.6000000000000001,8,0.5,0.08,72.2,4.7,18.4,30.7,28.6,2.9,11.6,28.2,1.1,0.81,81.9,-0.29,1634,2,1.1,81.9,0.0,1980,3,0.85,81.9,1.82,2.67,100.0,95.4,0.36,-0.31,100.0,50.8,-1.1400000000000001,0.39,0.14,-0.77,98.1,20.6,0.55,0.32,2.4,79.2,0.43,100.0,81.1,0.09,0.59,0.58,-0.77,80.0,23.9,-0.9400000000000001,100.0,18.5,1.1,81.9,1980,3,0.01,7.2,0.28,3.4,110.0,45.1,-6.4,-0.9,11.888285297111047,8.05802344800129,25.8,-8.2,-0.98,62,16,41.8,244,102,6.8,2.4,43.9,89.7,11.1,1.16,107,96,2.8,17,1628279,36.2,19.3,-10.6,500,29.4,Brittney Sykes,-2.3,0.07,11.1,40.6,11.7,-0.30000000000000004,1.1,107.7,21.3,4.0,2.95,3.3,41,G,4.5,1022,18.6,18.814897263271863,24.59811927153837,13.031675255005357,11.6,0.6318549142608341,12.752964748921586,20.39234096406015,7.253532406473037,13.1,0.818566414116019,59.0,,baseline,30.9,22.8,25.3,316,0.13,44.0,low,,29,11.46,1.94,-1.6800000000000002,0.18,-0.053,0.505,,True,True,86,-14,1.4100000000000001,False,2.2,5.8,4.3,4.7,59,60.2,77.9,34.0,69.8,3.5,2026-27,1.6,62.8,-0.9,-2.8,1.2,2.0,1.6,20,2.02,TOR,25.4,2.1,3.5,3.5,2.9,36,54.3,-1.7000000000000002,-0.07,28.7
30.0,33.3,51.7,2.0,2.5,3.3,2.4,2.7,1.0,8,2.9,2.4,7,1.8,-0.09,17.7,7.6,8.0,40.2,0.0,1.7000000000000002,4.1,21.4,-1.2,-1.32,41.2,-1.9300000000000002,1215,2,-1.2,41.2,-1.81,2307,3,-0.45,41.2,0.0,0.76,33.6,80.3,-0.05,0.24,31.9,87.0,0.34,0.01,1.8599999999999999,0.0,31.1,54.6,0.1,0.16,0.48,56.7,-0.17,31.8,46.2,-0.03,0.2,0.03,-0.26,26.9,42.4,-0.05,32.1,50.8,-1.2,41.2,2307,3,0.01,9.2,-0.11,2.8,100.6,45.0,-6.5,-0.92,,,28.6,-5.4,-0.59,21,6,40.0,60,24,11.4,1.8,36.7,81.8,3.2,0.35000000000000003,22,18,2.0,4,1642288,54.5,18.3,,118,29.5,Rickea Jackson,-3.3,-0.1,11.3,32.3,10.1,-0.26,0.6000000000000001,97.3,30.0,2.9,2.14,2.4,7,F,5.5,239,18.0,,,,,,,,,,,,,,30.1,22.0,24.4,72,-0.43,38.9,low,low_sample,16,6.02,1.55,-2.41,-0.27,-0.167,0.551,,True,True,148,32,1.546,False,1.7000000000000002,7.9,5.9,6.4,19,50.0,53.4,16.7,63.0,4.8,2026-27,2.0,37.5,-7.0,-10.8,0.30000000000000004,0.4,0.30000000000000004,1,2.44,CHI,35.0,2.0,3.0,3.3,2.7,8,51.7,-4.3,-0.5,28.9
35.7,58.4,75.6,3.7,17.4,5.3,3.9,4.3,2.85,159,1.3,1.1,39,0.9,0.32,95.3,3.6,12.8,18.1,33.3,2.9,23.5,23.5,5.01,5.11,97.0,0.6000000000000001,2527,2,5.01,96.9,0.5,3439,3,1.32,96.9,2.4,1.2,100.0,84.0,0.63,0.64,100.0,93.7,0.54,0.55,0.09,-0.54,100.0,32.4,0.4,0.67,4.61,92.9,0.85,100.0,84.5,0.46,0.67,0.61,0.2,80.0,65.5,1.54,100.0,97.1,5.01,96.9,3439,3,0.17,14.3,0.7000000000000001,10.1,100.6,51.4,-0.1,0.13,31.750407291129687,19.25700217683803,35.5,1.5,0.39,377,134,40.5,615,249,11.0,2.9,24.7,86.2,7.6,0.8,152,131,6.5,43,1631009,22.2,10.2,-2.4,1472,34.2,Rhyne Howard,6.3,0.15,13.9,34.9,8.0,-0.21,1.9,106.9,14.1,4.2,3.08,3.4,126,F,13.8,3007,17.7,31.750407291129687,36.01828620597753,27.48252837628184,8.5,1.0,19.25700217683803,28.163456760423955,11.915473485249223,16.2,1.0,77.0,,baseline,25.4,18.6,20.7,763,0.9400000000000001,39.3,low,prior_heavy,16,6.44,3.2,-1.32,0.96,-0.019,0.616,,True,True,41,-17,1.7650000000000001,False,5.6,5.5,4.0,4.5,164,64.8,39.0,14.3,83.3,3.8,2026-27,1.7000000000000002,39.8,-2.8,-0.6000000000000001,2.3,3.3,2.7,100,3.4,ATL,61.3,1.3,6.6,1.9,1.6,58,55.9,-0.1,0.19,21.0
40.3,49.3,75.3,2.2,10.1,3.3,2.5,2.7,1.69,96,0.30000000000000004,0.30000000000000004,10,0.2,0.24,97.5,6.1,26.7,23.8,48.5,6.0,11.3,15.9,0.85,0.84,97.1,-0.04,2573,2,0.85,97.1,-0.03,3737,3,1.1,97.1,1.99,-0.8200000000000001,100.0,43.7,0.19,-0.32,100.0,49.2,-1.3599999999999999,0.67,-0.06,-1.06,100.0,12.2,0.74,0.56,2.16,77.5,-0.19,100.0,45.0,0.43,0.30000000000000004,0.46,1.51,80.0,97.1,1.6099999999999999,100.0,97.5,0.85,97.1,3737,3,0.06,8.9,0.31,7.3,101.9,57.0,5.5,1.04,31.59875601167224,17.417252868742352,41.2,7.2,1.2,306,126,45.7,554,253,9.8,1.9,28.0,92.3,13.7,1.43,155,143,5.6,44,203825,36.4,9.9,-0.4,1406,32.0,Kayla McBride,10.2,0.17,12.9,33.7,11.1,3.0,1.8,112.1,14.8,2.9,2.15,2.4,84,F,9.3,2870,17.6,31.59875601167224,35.866634926520085,27.330877096824395,8.5,1.0,17.417252868742352,26.202315227641698,8.680256756380935,17.5,0.6550383576619401,68.7,,baseline,27.0,19.8,22.0,775,3.34,47.5,low,prior_heavy,0,0.0,5.59,1.09,3.68,-0.336,0.613,,True,True,4,-3,1.754,False,4.7,4.6,3.4,3.8,132,65.8,48.0,20.0,80.2,3.0,2026-27,2.2,14.6,-1.0,1.1,1.6,2.5,2.0,72,2.1,MIN,55.2,1.3,7.0,1.9,1.6,55,62.3,6.3,1.24,21.0
39.1,23.3,53.8,3.1,17.5,4.9,3.6,4.0,1.72,133,0.5,0.4,14,0.30000000000000004,-0.04,99.6,5.1,-19.2,25.0,35.3,3.0,16.5,21.4,4.46,4.48,97.1,0.51,2626,2,4.46,97.1,0.49,3717,3,1.32,97.1,2.31,1.06,100.0,83.2,0.18,-0.24,100.0,53.8,2.0,0.54,0.05,1.82,100.0,93.3,0.46,0.59,2.55,90.8,0.14,100.0,74.8,0.42,0.67,0.64,0.98,80.0,89.1,-0.38,100.0,31.5,4.46,97.1,3717,3,-0.1,12.0,-0.24,24.8,108.8,56.6,5.1,0.97,28.4730260847256,14.343907953276785,38.7,4.7,0.84,150,58,51.6,572,295,9.2,1.6,19.2,85.5,6.9,0.73,110,94,18.3,43,203014,43.3,18.2,-2.4,1331,31.0,Nneka Ogwumike,-4.8,0.06,15.4,39.2,9.5,1.71,5.9,104.0,28.0,2.6,1.8900000000000001,2.1,70,F,26.4,2724,17.3,28.59159442618981,33.94801521282748,23.23517363955214,10.7,0.99585303499704,14.403639341541403,23.311282773379354,7.063299498204621,16.2,1.0,75.9,,baseline,27.2,20.1,22.3,742,1.04,29.4,low,volatile_rank,160,70.3,3.22,-1.1400000000000001,0.79,0.251,0.598,,True,True,35,47,1.699,False,15.3,14.3,10.5,11.7,389,74.1,46.8,27.6,83.0,9.0,2026-27,2.7,24.1,-3.5,-6.8,1.2,1.8,1.5,50,1.73,LAS,26.2,1.8,9.8,2.9,2.4,79,59.8,3.8,0.8300000000000001,23.2
27.1,14.4,53.5,1.7000000000000002,9.7,3.0,2.3,2.5,0.63,58,2.5,2.1,48,1.4,0.08,93.7,6.1,-19.8,25.5,33.3,1.9,2.6,22.1,2.06,1.99,95.1,0.1,1475,2,2.06,93.2,0.17,1475,2,1.34,93.2,0.97,1.42,100.0,86.1,-0.96,0.63,100.0,93.3,4.21,0.32,0.08,2.76,100.0,97.9,0.43,0.43,-2.04,83.6,-1.55,100.0,2.5,0.05,0.37,0.23,-0.31,80.0,37.8,-1.65,100.0,10.5,2.06,93.2,1475,2,0.0,15.1,0.07,17.5,106.8,51.0,-0.5,0.06,23.903623378978793,16.57997783488565,27.8,-6.2,-0.7000000000000001,79,22,48.8,486,237,8.5,2.8,29.0,73.8,-4.8,-0.48,141,104,15.5,35,1642798,20.4,11.1,-1.2,926,26.5,Dominique Malonga,-6.2,0.08,15.4,34.4,9.8,0.44,6.6,100.6,35.4,5.2,3.85,4.3,99,C,20.2,1904,17.1,25.270146450069657,30.626567236707327,19.913725663431986,10.7,0.945923420990419,17.52782251392587,26.331739022068472,8.809680550807709,17.5,1.0,72.3,,baseline,31.5,23.2,25.9,600,0.52,42.7,low,,13,5.02,2.59,-1.55,0.38,0.137,0.5730000000000001,,True,True,60,38,1.615,False,12.2,16.1,12.0,13.3,307,71.8,66.2,37.2,80.1,8.8,2026-27,3.8,27.4,-0.5,-3.9,1.0,1.9,1.6,36,3.27,SEA,16.3,2.7,12.0,4.9,4.1,94,54.7,-1.3,-0.01,29.4
30.2,9.8,53.9,2.6,16.3,4.4,3.2,3.5,0.93,111,2.1,1.7000000000000002,53,1.2,0.02,98.7,8.7,10.5,16.1,100.0,0.2,9.4,24.5,2.27,2.18,96.1,0.17,2021,2,2.27,94.2,0.26,2125,3,1.3,94.2,1.3900000000000001,1.67,100.0,87.8,-0.28,0.37,100.0,89.1,3.77,0.44,0.09,2.65,100.0,97.1,0.05,0.46,-1.3900000000000001,84.5,-0.8,100.0,21.0,0.19,0.54,0.26,-0.55,80.0,30.7,-2.0,100.0,7.1,2.27,94.2,2125,3,0.04,14.8,0.4,24.5,99.2,49.9,-1.6,-0.12,28.34991680660178,19.824686118490956,31.5,-2.5,-0.18,54,17,48.3,540,261,10.9,1.9,48.5,72.5,-6.1,-0.62,262,190,19.3,43,1631022,46.5,8.0,-0.7000000000000001,1264,29.4,Shakira Austin,5.3,-0.02,16.2,32.4,8.7,-0.62,6.5,104.5,38.1,3.2,2.31,2.6,81,C,27.2,2538,17.0,28.72286604957623,34.079286836213896,23.36644526293856,10.7,0.987015597874852,20.08548412119887,28.89031081606881,11.368252344808045,17.5,0.6842134187390461,67.8,,baseline,28.7,20.8,23.1,729,-0.19,46.8,low,,36,14.57,1.67,-2.04,-0.09,-0.091,0.517,,True,True,115,35,1.444,False,16.0,16.1,11.6,12.9,408,63.3,92.4,43.9,81.0,9.5,2026-27,2.7,33.3,1.5,-1.8,0.8,1.4,1.1,35,2.51,WAS,10.0,2.8,13.3,4.7,3.8,120,55.6,-0.4,0.14,27.0
32.4,32.6,65.2,4.4,21.2,6.7,4.8,5.4,1.83,177,0.9,0.8,25,0.6000000000000001,0.1,99.4,8.7,12.5,26.5,50.0,3.6,19.6,24.3,3.54,3.39,97.2,0.07,2668,2,3.54,94.2,0.22,2668,2,1.32,94.2,2.46,1.46,100.0,86.6,0.21,-0.28,100.0,51.3,-0.88,0.5,0.17,-0.62,100.0,29.0,0.51,0.66,4.62,89.9,1.02,100.0,87.0,0.48,1.13,0.72,1.23,80.0,92.9,-0.33,100.0,34.0,3.54,94.2,2668,2,0.08,8.5,0.79,8.0,100.2,54.5,3.0,0.63,30.272603223525394,15.56742648142767,34.2,0.2,0.21,161,55,48.3,445,215,8.7,2.0,47.6,87.7,9.1,0.96,212,186,6.8,40,1642785,47.5,9.0,-2.7,1320,33.0,Sonia Citron,5.3,0.02,15.7,31.6,8.4,1.12,2.6,105.5,25.8,3.1,2.24,2.5,82,G,9.7,2643,16.8,30.272603223525394,34.540482138373235,26.004724308677552,8.5,1.0,15.56742648142767,24.47259308808791,8.224609812913176,16.2,0.9580793192618521,76.1,,baseline,25.4,18.3,20.3,671,2.49,48.7,low,,25,9.23,4.37,0.61,2.8200000000000003,-0.326,0.525,,True,True,10,5,1.465,False,5.5,5.7,4.1,4.6,151,69.0,76.6,29.0,89.5,3.8,2026-27,1.2,36.3,-0.4,-0.8,1.2,1.8,1.4,47,1.96,WAS,36.2,2.4,11.2,3.6,2.9,96,62.3,6.3,1.24,21.3
40.8,24.3,57.4,2.6,5.6,4.3,3.2,3.5,1.18,41,1.6,1.3,15,0.9,0.16,68.9,4.2,9.2,22.1,80.0,2.5,6.3,16.0,2.89,2.98,81.6,0.93,1441,2,2.89,81.6,0.84,2549,3,1.15,81.6,0.91,-0.17,100.0,61.8,0.11,0.59,96.9,92.0,2.19,0.49,-0.75,0.98,100.0,83.6,0.07,0.42,-0.03,87.8,-0.46,100.0,31.9,-0.29,0.25,0.24,0.73,80.0,82.8,-0.13,100.0,46.2,2.89,81.6,2549,3,0.02,11.5,0.79,8.3,103.6,55.9,4.4,0.86,17.353550695651073,10.707466272813987,44.4,10.4,1.65,54,24,50.0,202,101,12.5,1.8,24.3,85.7,7.1,0.75,49,42,5.9,16,1629483,44.8,14.4,0.30000000000000004,470,29.4,Napheesa Collier,7.8,0.14,11.6,35.8,10.3,2.1,1.6,111.4,28.2,3.0,2.14,2.4,28,F,11.5,949,16.8,29.66436167512522,35.02078246176289,24.30794088848755,10.7,0.5849965991414781,18.30346755609845,26.889796428091245,9.367737956830481,17.5,0.9030887522552411,54.1,,baseline,28.2,20.6,22.8,268,3.19,37.1,low,"prior_heavy,collinear_lineup",1,0.5,5.65,0.72,3.65,-0.457,0.656,,True,True,5,0,1.925,False,5.1,11.6,8.4,9.4,110,59.7,55.0,30.7,69.0,6.9,2026-27,1.3,15.8,-1.8,-4.2,1.3,2.1,1.7000000000000002,20,2.68,MIN,26.7,2.2,5.0,3.7,3.0,35,59.9,3.9,0.85,24.2
16.3,7.8,81.4,2.8,15.0,4.3,3.2,3.6,0.9,120,1.2,1.0,32,0.7000000000000001,0.1,98.2,3.7,14.7,16.1,28.6,2.5,7.1,23.6,2.86,3.14,96.7,0.47000000000000003,2220,2,2.86,96.8,0.19,3261,3,1.16,96.8,1.16,1.54,100.0,87.0,-0.68,0.74,100.0,95.8,5.77,0.5,0.13,3.91,100.0,100.0,0.38,0.48,-2.75,86.6,-0.87,100.0,16.8,0.36,0.16,0.14,-1.04,80.0,14.7,-2.45,100.0,0.8,2.86,96.8,3261,3,0.07,15.5,0.85,25.2,98.5,46.1,-5.4,-0.74,30.50756902315319,17.698555239460806,19.3,-14.7,-1.9,57,11,45.1,554,250,6.8,3.7,48.6,72.1,-6.5,-0.66,269,194,26.5,43,1642291,18.2,2.0,-0.6000000000000001,1336,31.1,Angel Reese,8.4,0.03,13.4,33.8,8.1,0.17,14.2,106.9,16.6,5.8,4.31,4.8,160,C,26.8,2769,16.4,30.50756902315319,34.77544793800104,26.239690108305346,8.5,1.0,17.698555239460806,26.602197343743956,10.354214068569224,16.2,0.772000821049447,72.4,,baseline,25.5,19.0,21.1,705,1.47,36.0,low,"prior_heavy,collinear_lineup",23,8.7,3.75,-0.81,1.5899999999999999,-0.113,0.619,,True,True,24,-11,1.778,False,19.4,18.8,14.0,15.6,521,54.3,119.7,71.1,77.6,12.1,2026-27,4.2,35.6,14.5,18.1,1.8,2.8,2.3,77,2.94,ATL,10.3,3.1,14.4,4.8,4.0,133,52.4,-3.6,-0.38,25.0
40.0,20.9,55.5,6.3,39.1,11.8,8.7,9.6,1.9100000000000001,245,0.1,0.1,2,0.1,0.02,98.7,8.0,3.1,29.0,42.9,1.7000000000000002,35.1,40.9,7.75,7.39,95.2,0.39,1589,2,7.75,93.2,0.75,1589,2,1.29,93.2,3.11,5.25,100.0,99.6,0.98,-1.47,100.0,9.2,-3.42,0.47000000000000003,0.39,-1.35,100.0,1.7000000000000002,0.73,0.73,11.64,97.5,2.98,100.0,97.9,0.29,1.42,1.18,0.68,80.0,81.5,-0.49,100.0,29.8,7.75,93.2,1589,2,-0.09,3.0,0.07,5.5,109.3,50.5,-1.0,-0.02,24.391525554508082,14.097778328715695,40.2,6.2,1.05,92,37,45.9,407,187,2.7,2.6,61.4,86.0,7.4,0.78,250,215,5.0,39,1642304,31.3,11.8,-1.4,1018,26.1,Carla Leite,-2.0,0.11,15.4,36.1,13.4,-0.73,2.2,107.3,32.7,4.8,3.5700000000000003,4.0,101,G,3.8,2083,16.1,24.726050575323207,30.082471361960877,19.369629788685536,10.7,0.9864707459124511,14.291126611844668,23.20053147885983,6.952548203685099,16.2,1.0,75.5,,baseline,30.1,22.2,24.6,626,-0.5,40.8,low,large_shrinkage_move,59,24.3,1.3900000000000001,-2.4,-0.54,0.035,0.529,,True,True,159,-63,1.477,False,3.9,4.0,3.0,3.3,84,61.9,94.3,32.9,82.8,2.2,2026-27,1.4,72.7,-1.4,-4.3,0.6000000000000001,1.2,1.0,25,0.9500000000000001,PDX,22.6,3.3,14.6,6.2,5.1,129,60.5,4.5,0.9500000000000001,28.2
40.0,20.3,60.3,3.0,16.5,5.3,4.0,4.4,1.3,119,2.1,1.8,48,1.2,0.24,99.2,6.7,0.0,17.8,45.5,2.4,12.5,23.3,6.4,6.43,97.0,0.64,2233,2,6.4,97.0,0.61,3359,3,1.1,97.0,1.88,0.79,100.0,81.5,-0.1,1.6099999999999999,100.0,99.2,4.66,0.47000000000000003,0.13,1.88,100.0,94.1,0.54,0.79,1.94,97.1,-0.16,100.0,46.6,0.62,0.39,0.54,1.08,80.0,91.2,-0.36,100.0,32.4,6.4,97.0,3359,3,0.11,17.2,0.37,21.2,103.8,57.4,5.9,1.1,29.482205333847084,17.11068725289337,40.6,6.6,1.11,106,43,52.8,468,247,8.7,3.1,28.4,81.2,2.6,0.28,133,108,17.5,40,1641648,43.3,6.4,2.9,1084,27.1,Aliyah Boston,9.3,0.13,12.3,35.2,8.3,2.42,6.4,113.1,33.3,5.6,4.15,4.6,125,C,24.2,2238,16.1,30.03343140564228,34.301310320490124,25.765552490794434,8.5,0.981646250661466,17.430604193072206,26.23551955669143,8.71346108543067,17.5,0.392722846505183,62.6,,baseline,28.8,21.4,23.8,645,2.7800000000000002,44.6,low,,4,1.73,4.97,0.59,3.05,-0.27,0.6000000000000001,,True,True,7,1,1.709,False,14.3,14.2,10.6,11.7,318,68.2,66.0,37.6,70.3,8.0,2026-27,2.2,31.6,1.2,-0.5,1.5,2.7,2.2,60,3.59,IND,22.6,2.3,11.5,4.1,3.4,91,61.3,5.3,1.08,24.9
32.4,7.8,65.5,1.5,9.7,2.7,1.9,2.2,0.8300000000000001,62,0.8,0.6000000000000001,18,0.4,0.02,99.0,9.1,16.1,22.2,37.5,1.7000000000000002,5.3,20.6,0.38,0.27,97.0,-0.18,2232,2,0.38,94.1,-0.07,2232,2,1.27,94.1,1.33,0.41000000000000003,100.0,71.4,-0.4,-0.2,100.0,56.7,3.76,0.54,0.11,3.31,100.0,99.2,0.27,0.39,-3.27,74.8,-1.2,100.0,8.0,0.28,0.32,0.22,-0.19,80.0,47.5,-2.04,100.0,5.9,0.38,94.1,2232,2,0.0,8.4,0.1,21.0,101.4,52.8,1.3,0.35000000000000003,28.524271623372226,16.593855367995147,33.3,-0.7000000000000001,0.08,45,15,51.3,476,244,3.3,3.3,39.7,65.1,-13.5,-1.38,189,123,21.2,41,1642792,26.5,10.3,0.6000000000000001,1153,28.1,Kiki Iriafen,3.0,0.02,15.9,31.2,8.6,0.25,10.6,104.4,24.2,5.8,4.22,4.7,135,F,19.6,2311,15.3,28.738068957878443,34.09448974451611,23.381648171240773,10.7,0.992560483628194,16.718230920636852,25.625035532619727,9.377052257444994,16.2,0.9687397209320111,75.1,,baseline,27.1,19.6,21.7,626,0.41000000000000003,41.9,low,volatile_rank,133,53.26,2.19,-1.38,0.6000000000000001,-0.19,0.499,,True,True,66,14,1.392,False,15.9,17.0,12.3,13.7,394,66.7,95.8,56.1,85.6,9.6,2026-27,4.3,32.4,6.9,6.5,0.7000000000000001,1.2,0.9,27,1.4100000000000001,WAS,9.5,1.8,9.7,3.1,2.5,72,56.0,0.0,0.21,23.9
33.0,38.6,60.7,3.3,16.5,5.5,3.9,4.4,2.2,145,0.1,0.1,3,0.1,0.05,98.4,4.9,3.8,29.1,28.0,4.6,18.3,24.4,0.92,0.67,96.8,0.03,2224,2,0.92,97.0,0.28,3613,3,1.27,97.0,1.54,1.34,100.0,85.3,0.44,-1.11,100.0,21.4,-2.19,0.61,-0.18,-0.78,100.0,20.2,0.5,0.29,2.94,78.6,0.66,100.0,83.2,0.07,0.18,0.34,-0.26,80.0,42.0,0.52,100.0,84.5,0.92,97.0,3613,3,-0.03,5.3,0.07,7.3,104.3,47.6,-3.9,-0.49,29.630051798857863,17.27376286269164,32.5,-1.5,-0.03,234,76,40.6,542,220,4.6,2.3,32.3,89.1,10.5,1.1,175,156,6.4,44,1629481,42.7,17.7,-0.5,1324,30.1,Arike Ogunbowale,2.9,0.08,12.9,36.9,9.5,-0.44,2.6,107.2,21.6,3.9,2.77,3.1,102,F,7.1,2643,15.3,29.630051798857863,34.986472585495534,24.273631012220193,10.7,1.0,17.27376286269164,26.192694625201764,9.944711350027031,16.2,0.5448866982828701,67.0,,baseline,25.4,18.3,20.3,672,-0.30000000000000004,38.0,low,,27,10.78,1.87,-2.46,-0.07,-0.231,0.595,,True,True,127,16,1.691,False,5.1,5.1,3.6,4.0,134,56.8,49.8,17.5,73.8,3.0,2026-27,1.8,41.4,-5.0,-6.6,1.0,1.7000000000000002,1.3,44,1.28,DAL,43.2,1.5,8.7,2.6,2.1,68,54.3,-1.7000000000000002,-0.07,23.0
29.6,32.5,65.8,2.9,15.1,5.1,3.6,4.1,1.12,123,1.2,1.0,29,0.7000000000000001,0.0,98.9,4.2,-27.8,10.7,29.2,4.4,9.7,25.2,1.85,1.85,91.2,0.33,1206,1,1.85,91.2,0.33,1206,1,1.26,91.2,1.37,2.35,100.0,93.3,-0.2,0.29,100.0,88.2,0.64,0.39,0.0,0.04,100.0,68.5,0.55,0.36,1.23,82.4,-0.35000000000000003,100.0,35.3,0.08,0.30000000000000004,0.2,-1.09,80.0,13.4,-0.25,100.0,38.7,1.85,91.2,1206,1,0.04,11.1,-0.29,11.3,104.8,45.6,-5.9,-0.8200000000000001,20.762562599893723,11.276223452554012,29.6,-4.4,-0.44,203,60,40.2,550,221,7.5,2.8,28.2,80.0,1.4,0.16,155,124,9.7,42,1643428,32.2,15.8,-2.3,1206,28.7,Flau'jae Johnson,-3.5,-0.04,14.8,34.1,9.9,-0.05,3.9,101.3,18.4,4.8,3.46,3.8,116,F,13.0,2433,14.9,26.396252657696422,31.752673444334093,21.03983187105875,10.7,0.7865723543845501,14.335901064533388,23.21848855715713,6.970505281982398,16.2,0.879936762859404,64.1,,baseline,25.7,18.7,20.8,626,-0.59,50.1,medium,volatile_rank,149,58.75,0.8200000000000001,-2.01,-0.75,0.158,0.387,,True,True,168,-2,1.108,False,7.7,8.3,6.0,6.7,202,57.2,57.1,28.9,74.2,4.8,2026-27,2.1,40.3,-0.8,-1.1,1.4,2.4,1.9,58,2.6,SEA,36.9,2.6,12.3,4.5,3.6,110,50.6,-5.4,-0.68,26.3
21.4,3.1,69.4,3.3,18.1,5.7,4.2,4.6,1.32,144,1.7000000000000002,1.4,44,1.0,0.29,99.8,5.6,21.8,18.1,0.0,0.4,12.2,21.7,2.96,2.99,96.8,0.04,2244,2,2.96,96.5,0.01,3002,3,1.03,96.5,1.85,0.62,100.0,76.9,-0.21,0.4,100.0,89.5,3.03,0.02,0.29,2.14,100.0,96.2,0.09,0.52,0.26,88.2,-0.06,100.0,52.5,0.6900000000000001,0.33,0.52,1.5,80.0,96.6,-2.44,99.3,1.3,2.96,96.5,3002,3,0.14,14.2,0.23,14.7,99.7,60.1,8.6,1.54,27.627557228820965,13.644063504427084,18.8,-15.2,,16,3,59.8,445,266,7.6,3.4,36.2,72.0,-6.6,-0.67,161,116,20.1,44,203827,37.5,5.4,-0.7000000000000001,1250,28.4,Natasha Howard,13.6,0.15,12.7,31.7,10.9,2.16,12.9,113.3,25.2,5.9,4.29,4.8,149,C,17.0,2547,14.8,27.70344961120904,33.05987039784671,22.34702882457137,10.7,0.997260543959212,13.681543491391873,22.553805467190898,6.305822192016164,16.2,0.334234068300424,62.7,,baseline,25.6,18.8,20.8,651,2.46,49.3,low,,10,4.12,4.44,0.48,2.25,0.20600000000000002,0.551,,True,True,11,-1,1.545,False,13.7,13.2,9.6,10.8,336,68.3,102.0,65.8,69.9,7.6,2026-27,3.6,27.8,10.5,11.1,1.6,2.7,2.2,70,3.2800000000000002,MIN,3.6,2.5,14.0,4.3,3.5,110,63.1,7.1,1.37,21.7
32.0,42.4,61.6,5.0,26.4,8.2,6.0,6.6,2.17,199,0.2,0.2,5,0.1,0.04,99.4,5.1,-18.4,16.0,38.5,2.7,26.4,30.7,3.09,3.19,96.1,0.31,1952,2,3.09,95.6,0.21,2513,3,1.33,95.6,2.46,2.42,100.0,93.7,0.86,-1.09,100.0,22.3,-2.92,0.29,0.22,-1.31,100.0,3.4,0.27,0.49,6.26,89.1,1.8599999999999999,100.0,92.9,0.2,1.02,0.72,0.09,80.0,58.4,0.32,100.0,80.3,3.09,95.6,2513,3,-0.03,6.0,0.15,6.5,106.4,50.9,-0.6000000000000001,0.04,18.468980583622322,8.259451256895385,32.4,-1.6,-0.05,216,70,43.6,479,209,6.8,1.7000000000000002,23.8,86.0,7.4,0.78,114,98,4.0,40,1629567,40.0,10.4,1.0,1198,29.9,Natisha Hiedeman,-4.2,0.08,14.2,34.9,9.9,0.27,0.7000000000000001,102.2,28.0,2.9,2.07,2.3,69,G,7.3,2417,14.7,30.868643766001583,35.136522680849424,26.60076485115374,8.5,0.598308779732133,13.80466330544773,22.620167637175875,5.09810916591511,17.5,0.819870655563206,53.9,,baseline,24.2,17.7,19.6,586,0.84,48.2,low,,18,6.61,2.76,-1.08,1.2,-0.353,0.535,,True,True,45,-15,1.4969999999999999,False,3.6,4.1,3.0,3.3,99,72.2,40.3,16.5,70.3,2.5,2026-27,1.2,56.9,-4.7,-6.0,1.1,1.7000000000000002,1.4,42,1.4100000000000001,SEA,45.1,2.3,10.9,3.7,3.0,90,55.4,-0.6000000000000001,0.11,22.4
,0.0,79.4,2.5,15.2,4.5,3.4,3.7,1.3900000000000001,106,2.7,2.2,63,1.5,0.09,98.6,6.8,-20.7,14.3,,0.0,12.2,20.0,2.03,2.03,90.2,0.26,1144,1,2.03,90.2,0.26,1144,1,1.31,90.2,1.9500000000000002,0.51,100.0,74.8,-0.08,-0.17,100.0,58.0,3.08,-0.09,0.0,2.93,100.0,98.7,0.65,0.38,-1.02,82.8,-0.22,100.0,42.0,0.39,0.45,0.49,0.62,80.0,78.6,-2.23,89.1,2.9,2.03,90.2,1144,1,0.01,13.6,-0.35000000000000003,21.2,107.0,55.1,3.6,0.73,25.35545414205208,14.870935651019883,0.0,,,0,0,55.1,441,243,5.8,3.6,44.4,74.0,-4.6,-0.46,196,145,20.8,43,1642289,30.0,2.3,-0.6000000000000001,1144,26.6,Kamilla Cardoso,-4.2,0.07,14.7,36.3,9.8,0.4,10.2,102.8,18.4,6.6,4.85,5.4,154,C,21.9,2346,14.7,25.95639125231608,31.31281203895375,20.59997046567841,10.7,0.976848202647955,15.223384360752304,24.125826807968068,7.877843532793333,16.2,0.663307994874617,68.3,,baseline,26.9,19.9,22.1,631,-0.28,37.0,low,prior_heavy,12,4.44,2.14,-2.7,-0.31,0.025,0.647,,True,True,124,88,1.887,False,15.7,15.8,11.6,13.0,371,61.1,123.8,79.4,74.5,8.6,2026-27,3.2,21.4,16.2,19.3,0.6000000000000001,1.1,0.9,26,2.8,CHI,0.0,1.8,10.7,3.2,2.7,76,59.8,3.8,0.8300000000000001,23.1
37.1,57.2,71.7,2.1,11.0,3.4,2.4,2.8,1.75,85,0.7000000000000001,0.6000000000000001,17,0.4,0.04,98.1,7.8,7.1,17.2,33.3,5.6,12.5,18.5,1.25,1.06,97.0,-0.37,2384,2,1.25,97.0,-0.18,3484,3,0.66,97.0,1.34,0.0,100.0,66.4,0.22,0.17,100.0,82.8,-0.31,0.53,0.31,-0.6900000000000001,100.0,26.1,0.68,0.43,1.88,79.8,-0.2,100.0,43.3,0.28,0.24,0.37,0.31,80.0,69.7,1.72,100.0,98.3,1.25,97.0,3484,3,0.0,10.8,0.25,11.9,108.7,52.1,0.6000000000000001,0.24,29.041980630868824,15.113476109772233,36.8,2.8,0.5700000000000001,302,111,40.5,481,195,9.3,2.1,19.3,88.2,9.6,1.01,93,82,8.3,40,1629524,41.7,10.0,-1.9,1234,30.9,Bridget Carleton,-1.4,0.04,15.0,34.9,12.8,1.4,2.4,107.3,18.3,3.4,2.51,2.8,86,G,14.1,2520,14.6,29.041980630868824,34.39840141750649,23.685559844231154,10.7,1.0,15.113476109772233,24.021679966109254,7.773696690934521,16.2,1.0,76.1,,baseline,23.1,17.0,18.9,583,1.81,34.6,low,prior_heavy,23,8.44,4.14,-0.53,1.51,0.295,0.631,,True,True,18,-6,1.8250000000000002,False,7.1,7.1,5.2,5.8,178,60.5,28.2,8.9,86.8,4.5,2026-27,1.3,27.2,-4.8,-3.6,1.6,2.5,2.0,63,2.33,PDX,62.8,1.2,6.9,1.9,1.5,47,55.9,-0.1,0.19,20.5
37.3,34.0,71.0,2.5,13.8,4.2,3.1,3.4,1.04,107,1.0,0.8,26,0.6000000000000001,-0.06,99.8,4.8,-28.3,13.8,47.4,4.0,6.6,22.3,-1.4100000000000001,-1.42,94.4,-0.42,1679,2,-1.4100000000000001,94.7,-0.41000000000000003,2196,3,1.33,94.7,1.18,1.28,100.0,84.9,-0.27,-1.16,100.0,18.5,-2.9,0.28,0.23,-1.21,100.0,6.7,0.38,0.19,1.71,54.6,-0.7000000000000001,100.0,23.1,0.07,0.08,0.27,0.4,80.0,73.5,0.28,100.0,79.4,-1.4100000000000001,94.7,2196,3,-0.05,7.5,-0.16,6.4,110.1,52.7,1.2,0.34,27.23253406805029,16.496843174671465,38.3,4.3,0.79,180,69,45.5,473,215,9.0,1.6,33.0,81.4,2.8,0.30000000000000004,156,127,5.6,43,1630996,36.8,4.0,-1.4,1242,28.9,Rae Burrell,-5.4,-0.01,16.0,39.1,10.1,0.71,2.3,104.7,24.9,2.6,1.97,2.2,68,F,8.0,2569,14.6,27.51889658667784,32.87531737331551,22.16247580004017,10.7,0.9895939679948431,16.670315006161616,25.585408473515997,9.337425198341265,16.2,1.0,75.6,,baseline,24.4,18.2,20.2,626,0.39,39.9,low,,48,19.47,2.37,-1.6,0.14,0.252,0.552,,True,True,68,-24,1.549,False,4.4,3.9,2.9,3.3,101,64.1,66.0,33.0,81.6,2.3,2026-27,0.8,36.3,2.1,3.1,0.8,1.4,1.1,35,1.77,LAS,38.1,2.4,14.2,4.0,3.3,103,57.8,1.8,0.5,22.8
30.3,45.6,75.5,4.7,21.2,7.7,5.7,6.3,1.6800000000000002,146,0.5,0.4,10,0.30000000000000004,0.01,94.4,5.8,21.3,27.9,24.0,6.5,18.2,28.5,2.81,2.7199999999999998,97.0,0.65,2031,2,2.81,97.0,0.74,3169,3,1.21,97.0,1.83,2.3,100.0,92.4,0.63,-1.46,100.0,10.1,-2.58,0.27,-0.41000000000000003,-0.55,100.0,31.5,0.41000000000000003,0.26,5.0,86.1,1.32,100.0,89.1,0.16,0.21,0.4,-0.6000000000000001,80.0,29.0,0.81,100.0,87.8,2.81,97.0,3169,3,-0.07,6.2,-0.49,9.2,109.3,46.5,-5.0,-0.67,24.187325250995805,14.703530731224747,29.5,-4.5,-0.46,200,59,38.8,384,149,6.1,1.7000000000000002,27.6,89.6,11.0,1.15,106,95,6.6,31,1629477,29.6,7.0,-1.3,927,29.9,Sabrina Ionescu,-2.0,0.08,14.9,35.5,9.6,0.97,2.0,107.3,17.4,2.9,2.1,2.3,54,G,9.7,1892,14.6,28.637416661502662,33.99383744814033,23.280995874864992,10.7,0.8446056966971771,17.408751549655385,26.31697246933026,10.068989194155527,16.2,0.945936435287913,68.0,,baseline,23.9,17.6,19.5,452,0.15,46.9,low,,58,22.55,1.81,-1.52,0.24,-0.089,0.464,,True,True,84,15,1.298,False,5.6,6.2,4.6,5.1,118,66.7,51.0,23.4,79.7,3.8,2026-27,1.5,51.0,0.2,2.3,0.7000000000000001,1.2,1.0,23,1.28,NYL,52.1,2.8,12.2,4.6,3.8,87,52.5,-3.5,-0.37,24.2
10.0,2.3,52.2,5.3,24.1,8.4,6.0,6.7,2.79,223,0.1,0.1,3,0.1,0.0,98.4,5.8,5.1,14.9,0.0,0.2,27.7,23.6,5.15,5.15,91.2,0.64,1334,1,5.15,91.2,0.64,1334,1,1.25,91.2,2.65,1.42,100.0,85.7,1.43,-0.88,100.0,28.6,2.0,0.4,0.0,2.67,100.0,97.5,0.11,0.5,3.2,93.5,2.13,100.0,94.1,0.51,0.48,0.7000000000000001,0.79,80.0,84.5,-2.5300000000000002,99.1,0.4,5.15,91.2,1334,1,-0.11,8.6,0.15,25.7,104.8,57.7,6.2,1.15,26.631635230696318,13.164403066063409,9.1,-24.9,,11,1,57.5,431,248,3.8,2.1,38.1,67.7,-10.9,-1.11,164,111,21.3,42,1629491,41.4,16.2,-4.7,1334,31.8,Jessica Shepard,4.5,0.11,12.0,37.3,9.3,2.19,8.4,109.3,31.6,3.3,2.35,2.6,87,C,25.1,2656,14.5,27.135967422561464,32.492388209199135,21.779546635923793,10.7,0.9814146227399341,13.413701773986961,21.068088181180563,7.929279623593449,13.1,0.5189574735219971,69.1,,baseline,22.9,16.4,18.2,608,2.5300000000000002,63.2,medium,,5,2.06,4.11,0.9500000000000001,2.44,0.091,0.439,,True,True,9,7,1.235,False,17.1,17.6,12.6,14.0,467,74.3,87.8,49.7,78.0,11.1,2026-27,2.4,32.3,2.2,-1.5,0.7000000000000001,1.1,0.9,30,0.89,DAL,2.6,1.9,9.5,3.0,2.4,81,60.4,4.4,0.93,19.4
39.8,42.1,79.1,2.6,15.6,4.5,3.3,3.6,1.24,110,2.0,1.6,48,1.1,0.08,98.9,5.9,10.1,14.6,33.3,4.2,10.2,20.1,5.22,5.12,96.2,0.73,1976,2,5.22,96.6,0.8300000000000001,3064,3,1.28,96.6,2.13,0.16,100.0,68.1,-0.08,-0.11,100.0,60.1,2.66,0.29,-0.28,2.34,100.0,96.6,0.8300000000000001,0.59,2.32,94.1,-0.39,100.0,33.6,0.68,0.38,0.61,1.55,80.0,97.5,0.6000000000000001,100.0,85.3,5.22,96.6,3064,3,0.0,12.4,0.53,23.8,104.2,58.6,7.1,1.3,21.354204671847896,11.410776183204295,39.2,5.2,0.91,199,78,49.5,430,213,5.8,2.9,34.7,81.2,2.6,0.28,149,121,19.1,43,1627673,41.4,6.7,-5.6,1213,28.2,Jonquel Jones,2.4,0.08,15.1,33.7,9.2,1.15,6.8,106.6,14.2,5.1,3.71,4.1,125,C,24.4,2446,14.5,22.63889765249847,27.995318439136142,17.2824768658608,10.7,0.9432528473616381,12.097261317706323,21.004204582536016,4.756221307361284,16.2,0.711089362766618,67.8,,baseline,25.6,18.5,20.6,625,1.8599999999999999,29.9,low,prior_heavy,44,17.12,4.21,-0.5,2.17,-0.313,0.635,,True,True,17,21,1.8399999999999999,False,15.7,15.9,11.6,12.9,390,66.0,67.5,32.8,74.3,9.1,2026-27,2.7,25.4,3.3,6.3,0.6000000000000001,1.0,0.8,25,2.17,NYL,46.3,2.1,13.0,3.8,3.0,92,63.1,7.1,1.37,21.3
23.7,9.0,74.0,2.4,15.2,4.0,3.0,3.3,1.26,100,0.7000000000000001,0.6000000000000001,18,0.4,-0.02,97.5,4.8,-29.4,8.1,0.0,0.2,10.9,19.9,-0.49,-0.38,97.1,0.32,2464,2,-0.49,97.1,0.21,3746,3,1.22,97.1,1.04,-0.02,100.0,65.5,-0.07,-0.31,100.0,50.0,1.31,0.22,-0.31,1.44,100.0,88.7,0.14,0.33,-2.12,68.5,-0.5,100.0,30.3,0.08,0.23,0.41000000000000003,0.66,80.0,79.8,-2.27,100.0,2.1,-0.49,97.1,3746,3,0.0,11.9,-0.11,18.3,109.0,56.3,4.8,0.92,24.460088258256885,13.089809098999899,23.1,-10.9,-1.3599999999999999,39,9,55.2,420,232,6.6,2.8,46.4,68.7,-9.9,-1.01,195,134,15.8,42,204324,0.0,1.0,-3.6,1206,28.7,Dearica Hamby,-6.6,-0.02,15.6,38.7,10.4,0.13,6.7,102.4,25.0,4.7,3.55,3.9,119,C,19.5,2512,14.5,25.112078844817717,30.468499631455387,19.755658058180046,10.7,0.9740367736741401,13.438721671281618,22.33970270952669,6.09171943435196,16.2,0.732119412945963,69.6,,baseline,24.2,18.2,20.1,607,-0.17,37.0,low,,61,25.25,1.85,-2.19,-0.03,-0.137,0.561,,True,True,112,84,1.577,False,12.5,11.6,8.8,9.7,292,68.4,111.2,64.8,75.4,7.0,2026-27,2.5,24.6,11.3,13.1,1.5,2.4,2.0,61,2.36,LAS,9.3,1.9,11.7,3.1,2.6,79,60.0,4.0,0.87,21.4
32.6,36.2,56.8,2.2,16.2,4.6,3.2,3.6,1.47,87,0.30000000000000004,0.2,6,0.2,0.04,97.6,6.2,2.4,29.6,53.3,3.0,15.8,26.4,2.87,2.94,97.1,0.36,2281,2,2.87,95.2,0.29,2533,3,1.23,95.2,1.46,2.06,100.0,90.3,0.2,0.67,100.0,94.5,0.81,0.75,0.14,-0.42,100.0,35.3,0.29,0.5700000000000001,2.23,87.2,-0.08,100.0,50.8,0.03,0.45,0.35000000000000003,-0.9400000000000001,80.0,19.7,0.61,100.0,85.7,2.87,95.2,2533,3,0.09,11.9,0.29,10.9,96.8,47.1,-4.4,-0.5700000000000001,21.48353050547076,10.947757305174402,34.2,0.2,0.21,196,67,40.4,500,202,13.5,1.3,24.2,73.6,-5.0,-0.5,121,89,7.3,39,1628931,29.4,17.0,-1.9,978,25.1,Gabby Williams,5.5,-0.04,10.4,29.0,9.3,-0.98,2.1,102.3,26.2,2.8,1.9100000000000001,2.1,52,G,14.2,1874,14.4,23.188023653316446,28.544444439954116,17.831602866678775,10.7,0.9264925215995321,11.816347191096341,20.717399612908757,4.469416337734025,16.2,0.583703419308652,64.5,,baseline,29.9,20.7,22.9,560,-0.48,39.0,low,volatile_rank,130,50.87,1.3900000000000001,-2.35,-0.5700000000000001,0.088,0.522,,True,True,156,-7,1.458,False,6.2,6.8,4.7,5.2,128,58.0,41.8,17.6,69.7,3.3,2026-27,1.3,38.6,-5.7,-8.2,1.6,3.4,2.6,64,2.58,GSV,39.2,1.5,7.9,3.1,2.4,58,50.6,-5.4,-0.68,28.9
33.3,0.7000000000000001,38.8,8.5,41.7,12.7,9.2,10.3,2.43,358,0.7000000000000001,0.6000000000000001,20,0.5,0.03,99.5,7.1,-6.2,20.1,,0.0,40.5,33.3,8.08,8.24,95.9,1.38,2207,2,8.08,96.2,1.22,3245,3,1.3,96.2,3.36,2.92,100.0,95.8,1.75,-0.18,100.0,57.6,1.46,0.54,-0.2,1.28,100.0,87.4,0.21,0.72,6.51,97.9,3.96,100.0,100.0,0.41000000000000003,1.43,0.9400000000000001,-0.19,80.0,47.9,-2.43,94.8,1.7000000000000002,8.08,96.2,3245,3,0.01,10.8,0.6000000000000001,18.4,106.6,52.3,0.8,0.27,30.60904327202181,14.667244646012653,33.3,-0.7000000000000001,,3,1,52.1,443,231,7.2,2.5,44.7,68.7,-9.9,-1.01,198,136,14.2,42,203826,40.4,10.6,-2.6,1393,33.2,Alyssa Thomas,-2.6,0.02,14.4,32.9,9.1,0.78,5.0,104.0,50.6,3.8,2.74,3.0,106,F,19.6,2819,14.3,30.60904327202181,34.876922186869656,26.341164357173966,8.5,1.0,14.667244646012653,23.579658376534567,7.331675101359837,16.2,1.0,77.0,,baseline,21.2,15.5,17.2,599,2.1,50.6,medium,,3,1.22,4.18,0.02,2.09,0.01,0.5740000000000001,,True,True,14,-3,1.62,False,11.7,11.6,8.5,9.4,328,71.0,82.8,38.1,88.6,7.8,2026-27,1.9,44.6,-2.9,-9.9,1.3,2.0,1.6,56,1.96,PHX,0.7000000000000001,3.5,13.7,5.2,4.2,147,56.5,0.5,0.29,21.8
39.7,28.4,56.8,4.9,14.9,8.2,6.1,6.7,2.88,93,1.0,0.8,11,0.6000000000000001,0.07,72.7,8.0,-11.4,17.0,20.0,2.3,23.1,24.9,4.62,4.59,83.4,0.56,1806,2,4.62,83.4,0.59,2979,3,1.34,83.4,2.56,2.31,100.0,92.9,1.4,0.22,100.0,85.3,-0.49,0.58,-0.18,-0.93,99.0,15.5,0.39,0.54,4.98,92.4,2.46,100.0,95.0,0.07,0.91,0.59,-0.88,80.0,21.4,-0.32,100.0,34.9,4.62,83.4,2979,3,0.03,7.0,0.65,4.1,108.1,45.0,-6.5,-0.92,0.27844876477464203,0.134337709768264,38.2,4.2,0.77,68,26,39.2,222,87,7.1,2.2,40.1,77.5,-1.1,-0.1,89,69,3.1,19,203400,38.7,14.0,-1.2,553,29.1,Skylar Diggins,-6.4,0.04,14.0,39.1,11.5,0.41000000000000003,1.2,101.7,29.3,3.6,2.67,3.0,41,G,5.2,1140,14.2,27.88143064424236,33.23785143088003,22.52500985760469,10.7,0.009986889422123,13.451406548136816,22.2542694009199,4.732210929659136,17.5,0.39282326735614903,18.0,,baseline,23.6,17.6,19.5,269,1.27,35.7,low,prior_heavy,6,2.49,3.68,-1.1400000000000001,1.55,-0.275,0.646,,True,True,29,-9,1.8820000000000001,False,2.5,5.3,4.0,4.3,60,41.4,66.2,26.1,48.6,3.2,2026-27,1.2,47.1,-3.2,-5.7,0.9,1.6,1.3,18,1.8900000000000001,CHI,30.6,1.7000000000000002,4.2,2.9,2.4,33,51.5,-4.5,-0.53,22.9
36.9,22.0,31.7,4.3,23.1,7.1,5.2,5.8,2.39,187,0.4,0.30000000000000004,11,0.30000000000000004,0.02,98.0,5.8,20.6,12.5,36.4,2.0,25.5,27.5,3.2,3.22,97.1,0.76,2460,2,3.2,97.0,0.74,3431,3,1.1,97.0,2.14,1.67,100.0,88.2,0.87,-0.39,100.0,47.9,-0.53,0.58,-0.37,-0.21,100.0,41.2,0.45,0.44,3.38,89.5,1.76,100.0,92.0,0.32,0.26,0.48,-0.66,80.0,27.3,-0.39,100.0,31.1,3.2,97.0,3431,3,-0.03,8.3,-0.06,12.6,101.1,49.5,-2.0,-0.18,30.228244017031237,12.883169221771059,36.8,2.8,0.5700000000000001,133,49,45.0,555,250,6.5,2.1,9.4,82.7,4.1,0.44,52,43,9.1,43,1627675,45.6,53.7,0.6000000000000001,1285,29.9,Courtney Williams,11.2,0.05,12.6,33.7,10.7,-0.6900000000000001,2.6,112.3,14.6,3.5,2.58,2.9,92,G,13.4,2625,13.8,30.53202200894058,34.79990092378842,26.264143094092738,8.5,0.9900505118258991,13.012638312777895,21.843782020851034,5.595798745676301,16.2,0.8604992913382591,73.7,,baseline,22.6,16.6,18.4,592,-0.79,33.6,low,prior_heavy,16,6.69,1.82,-3.4,-0.78,-0.008,0.681,,True,True,182,5,2.037,False,7.8,7.9,5.8,6.5,208,58.1,17.1,7.7,80.3,4.8,2026-27,1.8,46.8,-15.6,-24.4,1.1,1.9,1.5,49,1.6800000000000002,MIN,24.0,1.8,8.9,2.9,2.4,77,51.2,-4.8,-0.58,22.3
32.8,45.7,77.1,2.0,14.3,4.5,3.5,3.8,1.25,73,0.6000000000000001,0.5,9,0.2,0.08,85.0,7.4,-4.5,26.8,25.8,7.4,10.3,24.3,1.1,1.1,85.9,0.07,762,1,1.1,85.9,0.07,762,1,1.19,85.9,1.55,2.13,100.0,90.8,-0.33,-1.07,100.0,23.1,-2.7,0.38,0.0,-1.18,96.6,9.2,0.29,0.27,3.81,79.2,-0.21,100.0,42.4,0.32,0.25,0.33,-0.2,80.0,46.6,1.3,100.0,94.1,1.1,85.9,762,1,0.0,5.1,0.38,5.1,103.8,50.4,-1.1,-0.04,13.727320350094214,8.66774299482865,31.8,-2.2,-0.13,223,71,41.9,420,176,3.6,2.5,24.5,78.6,0.0,0.01,103,81,3.9,37,1642321,23.8,10.0,-3.8,762,20.6,Sydney Taylor,0.8,0.08,13.9,36.8,10.7,0.44,1.3,104.6,12.9,5.8,4.44,4.9,94,G,3.9,1625,13.6,16.796429318793788,22.579651327060294,11.013207310527282,11.6,0.817276106102771,10.60564836057827,19.50408713129783,3.256103856123096,16.2,0.824126401619748,64.0,,baseline,31.0,23.8,26.5,504,1.15,51.8,medium,volatile_rank,169,59.79,2.29,0.02,0.9400000000000001,0.212,0.28700000000000003,,True,True,31,2,0.885,False,3.2,3.9,3.0,3.3,63,72.3,48.5,24.0,70.3,1.7000000000000002,2026-27,1.5,30.7,0.5,3.0,0.7000000000000001,1.5,1.3,25,1.6099999999999999,CHI,53.1,1.6,11.2,3.6,3.0,58,54.2,-1.8,-0.09,29.2
33.8,25.1,65.7,3.5,14.7,6.3,4.6,5.1,1.94,97,0.4,0.30000000000000004,6,0.2,-0.03,85.9,2.1,9.1,16.0,50.0,2.2,16.6,26.0,2.87,2.87,86.1,0.48,760,1,2.87,86.1,0.48,760,1,1.32,86.1,2.15,3.04,100.0,96.6,0.37,-1.5,100.0,8.4,-2.63,0.18,0.0,-0.51,100.0,32.8,0.72,0.32,5.53,87.2,0.9400000000000001,100.0,85.7,0.15,0.66,0.71,0.51,80.0,76.5,-0.63,100.0,25.6,2.87,86.1,760,1,-0.09,4.5,-0.58,6.2,113.3,52.0,0.5,0.22,22.43897528553766,11.364989726744419,35.1,1.1,0.33,74,26,47.2,271,128,3.4,2.9,39.5,86.9,8.3,0.87,107,93,5.7,28,1643445,45.9,13.7,-4.2,760,27.1,Kiki Rice,-9.9,0.07,14.2,38.9,11.0,-0.71,2.7,103.4,20.7,5.3,3.88,4.3,82,G,5.0,1540,13.4,22.936687674377765,28.293108461015436,17.580266887740095,10.7,0.978300598765353,11.617073260598433,20.536354736358966,4.288371461184235,16.2,0.965744194091615,74.4,,baseline,24.4,17.8,19.7,375,-1.35,45.4,low,volatile_rank,94,40.9,0.17,-2.87,-1.69,0.339,0.42,,True,True,207,11,1.187,False,4.3,6.7,4.9,5.4,103,69.2,77.9,38.4,76.2,3.7,2026-27,1.8,57.0,1.8,1.5,0.8,1.4,1.2,22,1.33,TOR,27.3,1.8,7.3,3.2,2.6,50,58.9,2.9,0.68,20.9
0.0,1.6,42.4,2.5,7.9,4.9,3.6,4.0,1.3900000000000001,45,3.5,2.8,32,1.8,0.08,69.1,8.7,-24.5,11.8,100.0,0.5,9.2,17.1,1.55,1.27,79.6,-0.31,1158,2,1.55,79.6,-0.03,1894,3,1.24,79.6,1.65,0.47000000000000003,100.0,73.5,-0.03,1.3,100.0,97.9,3.79,0.51,0.14,1.49,100.0,89.5,0.0,0.52,-2.07,81.5,-0.22,99.5,41.6,0.36,0.58,0.28,-0.27,80.0,39.5,-2.08,78.2,5.5,1.55,79.6,1894,3,0.06,12.1,0.13,7.1,100.7,53.0,1.5,0.39,5.07481733011732,2.688789452912328,25.0,-9.0,,4,1,52.7,184,97,8.3,2.7,34.8,67.2,-11.4,-1.16,64,43,6.8,18,203398,45.7,19.0,-3.8,455,25.3,Brittney Griner,-6.1,0.02,15.8,32.3,8.0,1.35,3.3,94.6,38.6,5.3,3.8,4.2,48,C,9.6,912,13.2,21.541579725549465,26.898000512187135,16.185158938911794,10.7,0.23558241293224702,11.413370885566128,20.200582779764297,2.678524308503537,17.5,0.379000540615863,27.9,,baseline,26.1,18.8,20.9,238,1.54,48.0,low,,9,3.9,3.41,-0.33,1.76,-0.219,0.523,,True,True,22,28,1.459,False,5.1,11.5,8.3,9.2,105,66.2,75.0,40.2,52.4,5.8,2026-27,2.1,18.6,-2.3,-8.4,0.4,0.9,0.7000000000000001,8,3.16,CON,2.2,1.8,5.3,3.5,2.8,32,56.1,0.1,0.22,23.7
39.4,41.5,57.3,1.8,7.7,2.9,2.0,2.3,1.6400000000000001,55,1.3,1.1,25,0.8,0.16,95.4,6.4,11.7,12.9,42.9,4.1,8.8,14.6,-1.94,-1.94,91.1,-0.33,951,1,-1.94,91.1,-0.33,951,1,1.26,91.1,1.28,-1.58,100.0,23.1,-0.01,0.64,100.0,94.1,-0.49,0.34,0.0,-1.35,98.9,2.1,0.48,0.32,-1.47,44.7,-0.5,100.0,29.8,0.39,0.16,0.21,0.41000000000000003,80.0,74.4,0.87,100.0,89.5,-1.94,91.1,951,1,0.11,11.0,-0.02,3.6,104.3,54.7,3.2,0.66,,,39.7,5.7,0.98,156,62,45.6,342,156,11.3,2.3,6.7,82.6,4.0,0.43,23,19,3.6,30,1643425,53.3,26.3,,951,31.7,Azzi Fudd,5.5,0.05,12.0,37.9,9.4,-0.08,1.7000000000000002,109.8,16.4,3.6,2.5700000000000003,2.9,68,G,6.8,1912,13.1,,,,,,,,,,,,,,20.6,14.9,16.5,393,-0.1,56.8,medium,,84,35.67,1.02,-1.21,0.03,-0.126,0.279,,True,True,100,-6,0.868,False,2.7,2.7,1.9,2.2,52,67.5,18.4,11.7,82.1,1.7000000000000002,2026-27,1.5,19.2,-7.8,-10.2,1.7000000000000002,2.7,2.2,52,2.91,DAL,45.6,1.1,6.8,1.7000000000000002,1.4,33,55.8,-0.2,0.17,17.9
35.4,34.2,75.3,0.9,6.4,1.8,1.3,1.5,1.13,37,1.3,1.1,27,0.7000000000000001,0.06,98.6,7.7,2.8,14.1,30.0,5.3,6.3,13.9,-2.92,-2.96,92.8,-0.62,1178,2,-2.92,93.4,-0.58,1525,3,1.32,93.4,1.25,-1.35,100.0,28.6,-0.25,-1.62,100.0,5.9,-2.08,-0.18,0.21,0.26,100.0,73.9,0.24,0.24,-0.66,33.6,-1.1400000000000001,100.0,9.7,0.26,0.28,0.54,1.96,80.0,99.2,0.2,100.0,74.4,-2.92,93.4,1525,3,-0.07,7.1,-0.05,11.4,109.5,61.8,10.3,1.82,20.707579637787088,11.996137273313352,34.7,0.7000000000000001,0.28,150,52,55.0,380,209,4.3,2.6,21.3,81.5,2.9,0.31,81,66,10.9,41,1629484,44.4,2.4,-2.5,996,24.3,Megan DiLeo,-3.7,0.12,15.5,35.3,12.7,1.4,5.2,105.8,22.4,5.2,3.83,4.3,106,C,10.8,2046,13.1,21.754859634591604,27.111280421229274,16.398438847953933,10.7,0.9518599515512721,12.602838530776424,21.506844272916915,5.258860997742185,16.2,0.7273648141994591,68.5,,baseline,26.2,19.4,21.5,536,1.02,30.7,low,prior_heavy,29,11.46,3.37,-1.34,1.06,-0.044,0.634,,True,True,36,16,1.8359999999999999,False,8.3,8.7,6.4,7.1,177,77.2,57.1,35.8,73.4,4.3,2026-27,2.1,13.4,3.8,5.9,0.4,0.9,0.7000000000000001,18,1.63,PDX,39.5,0.8,5.8,1.6,1.3,32,64.5,8.5,1.6099999999999999,19.9
27.1,20.2,63.9,1.5,9.6,3.0,2.3,2.5,0.8300000000000001,47,1.4,1.2,22,0.7000000000000001,-0.07,86.6,2.9,-16.5,6.6,33.3,2.6,5.7,18.8,-1.44,-1.25,88.5,-0.18,1068,2,-1.44,89.0,-0.37,1562,3,1.23,89.0,0.66,0.91,100.0,82.4,-0.1,-0.41000000000000003,100.0,47.1,1.44,0.13,0.25,1.71,100.0,92.9,-0.08,0.09,-2.64,54.2,-1.05,100.0,11.8,-0.27,0.0,0.14,-1.1,80.0,13.0,-1.16,100.0,15.1,-1.44,89.0,1562,3,-0.05,11.0,0.13,16.1,111.7,45.7,-5.8,-0.8,14.638841404201289,8.336054893873746,27.8,-6.2,-0.7000000000000001,79,22,42.5,346,147,6.1,2.5,36.4,73.0,-5.6,-0.56,126,92,14.1,32,204330,25.7,10.1,-8.1,758,23.7,Isabelle Harrison,-10.4,-0.02,15.6,39.0,12.3,-0.5700000000000001,6.1,101.3,26.0,5.1,3.85,4.3,81,C,16.9,1577,12.8,15.624807013188418,21.408029021454922,9.841585004921914,11.6,0.9368974216350381,8.897510764119701,17.80755806567052,1.559574790495788,16.2,0.67897683384323,66.5,,baseline,25.9,19.4,21.5,408,-0.34,25.8,low,"prior_heavy,volatile_rank",142,53.33,1.88,-2.56,-0.39,0.052000000000000005,0.606,,True,True,136,15,1.729,True,11.0,14.1,10.5,11.7,222,57.7,77.4,41.0,65.3,6.9,2026-27,2.1,18.4,2.5,1.7000000000000002,0.8,1.7000000000000002,1.4,27,2.33,TOR,22.8,1.8,9.0,3.6,3.0,57,50.8,-5.2,-0.65,26.1
39.0,52.8,74.0,1.2,9.8,2.8,2.0,2.2,1.5,48,0.2,0.2,4,0.1,0.02,91.8,4.7,6.1,15.8,40.6,8.2,10.9,16.8,0.27,0.04,96.1,-0.43,1789,2,0.27,93.3,-0.2,1789,2,1.17,93.3,1.92,-0.12,100.0,63.9,-0.04,-1.11,100.0,21.8,-1.01,0.31,0.25,0.37,100.0,77.3,0.54,0.47000000000000003,1.53,73.1,-0.74,100.0,22.3,0.6000000000000001,0.30000000000000004,0.44,0.68,80.0,81.1,1.76,100.0,98.7,0.27,93.3,1789,2,-0.05,6.0,-0.09,14.8,102.0,54.5,3.0,0.63,16.047337612809244,10.353571778100246,39.2,5.2,0.91,237,93,42.5,388,165,3.2,2.1,27.8,79.6,1.0,0.12,108,86,11.7,40,1642767,36.9,16.8,-4.6,881,22.0,Janelle Salaun,8.4,0.07,12.2,28.9,9.6,0.41000000000000003,4.4,110.4,9.3,5.0,3.47,3.9,85,,13.5,1716,12.7,17.439631857443146,23.222853865709652,11.65640984917664,11.6,0.920164929167373,11.251865236234169,20.15739879099334,3.909415515818611,16.2,0.074179193334287,53.6,,baseline,29.7,20.8,23.1,509,0.28,38.4,low,volatile_rank,151,58.6,2.13,-1.57,0.15,0.132,0.517,,True,True,75,-10,1.443,False,9.5,9.2,6.5,7.2,158,68.0,40.7,12.9,54.6,4.0,2026-27,2.1,13.3,-3.6,-1.8,0.6000000000000001,1.3,1.0,23,1.1,GSV,61.1,0.8,6.1,1.9,1.5,32,58.4,2.4,0.6000000000000001,23.8
37.8,18.0,74.6,1.7000000000000002,7.6,3.5,2.6,2.9,1.06,41,1.8,1.5,21,0.9,0.03,75.9,4.1,-6.1,28.7,42.9,6.8,6.2,17.9,0.76,0.67,81.7,-0.12,804,2,0.76,81.7,-0.03,804,2,1.23,81.7,1.77,0.74,100.0,79.4,-0.1,-0.44,100.0,46.6,0.54,-0.13,0.09,1.07,100.0,84.9,0.39,0.35000000000000003,0.31,76.9,-0.8200000000000001,100.0,19.7,0.51,0.26,0.46,0.87,80.0,87.4,-0.79,96.4,21.4,0.76,81.7,804,2,0.03,10.9,-0.04,8.4,110.2,57.6,6.1,1.1400000000000001,5.739833144085371,3.450564790270008,39.2,5.2,0.91,51,20,52.7,205,108,6.9,2.7,40.0,72.0,-6.6,-0.67,82,59,8.7,24,1631055,46.2,6.3,-6.1,574,23.9,Nyara Sabally,-5.0,0.0,16.3,36.3,12.2,1.03,4.3,105.2,19.0,5.5,4.08,4.5,65,C,10.0,1175,12.3,17.761431888257793,23.5446538965243,11.978209879991287,11.6,0.323162748375034,10.677483118399469,19.581291667858906,3.333308392684174,16.2,0.403855845102339,33.4,,baseline,25.1,18.5,20.6,295,0.76,44.9,low,,41,15.04,2.46,-0.93,0.62,0.14,0.47400000000000003,,True,True,51,-5,1.324,False,6.5,10.7,8.0,8.8,126,64.7,89.8,49.8,48.0,5.3,2026-27,2.2,27.8,7.4,9.3,1.0,2.0,1.7000000000000002,24,2.8200000000000003,TOR,24.9,1.6,7.0,3.2,2.6,38,61.2,5.2,1.06,21.6
52.6,19.0,61.0,1.3,11.8,3.6,2.8,3.1,1.0,17,0.9,0.7000000000000001,4,0.30000000000000004,0.17,54.0,2.7,-41.9,18.0,50.0,2.0,9.5,29.6,-0.31,-0.37,57.7,-0.16,219,1,-0.31,57.7,-0.1,1012,2,0.37,57.7,1.03,0.75,75.7,79.8,-0.38,-0.8200000000000001,70.5,29.8,-2.19,-0.46,-0.06,-0.71,64.5,23.9,0.21,0.18,1.78,70.4,-0.64,69.9,25.2,0.46,0.29,0.52,1.49,59.4,96.2,-0.37,65.3,31.9,-0.31,57.7,1012,2,0.07,7.7,0.04,4.1,106.1,65.5,14.0,2.42,,,52.4,18.4,2.7800000000000002,21,11,60.0,100,60,4.7,2.5,37.0,75.7,-2.9,-0.29,37,28,6.0,13,1630150,47.1,17.0,,219,16.8,Chennedy Carter,7.9,0.1,10.7,35.5,12.8,1.57,3.9,114.0,22.0,6.9,5.26,5.8,32,,3.8,467,12.2,,,,,,,,,,,,,,34.0,26.1,29.0,159,1.52,55.5,medium,low_minutes_high_rank,7,2.59,3.05,0.0,1.8399999999999999,-0.316,0.421,,True,True,23,-2,1.19,True,4.0,4.9,3.9,4.2,23,77.5,77.0,40.0,56.5,1.8,2026-27,1.2,66.7,1.2,-0.30000000000000004,0.8,2.4,2.0,11,2.47,LVA,21.0,1.3,7.9,3.6,3.1,17,68.4,12.4,2.25,27.0
35.3,41.2,63.2,5.7,33.7,10.5,7.2,8.0,3.8,252,0.8,0.6000000000000001,20,0.5,0.2,98.9,5.5,4.1,15.0,40.0,1.2,42.1,30.2,6.32,6.55,97.1,0.9,2483,2,6.32,95.4,0.67,2812,3,1.27,95.4,3.64,1.9300000000000002,100.0,89.1,1.78,-0.26,100.0,52.9,-0.73,0.39,0.05,-0.47000000000000003,100.0,34.5,0.9,0.71,7.16,96.6,3.24,100.0,98.7,0.71,1.02,0.86,0.15,80.0,62.6,0.08,100.0,70.2,6.32,95.4,2812,3,0.15,10.5,0.58,9.2,93.8,49.8,-1.7000000000000002,-0.13,24.87574433651966,12.138363351703967,35.5,1.5,0.39,172,61,42.2,405,171,7.8,2.6,39.3,83.6,5.0,0.53,159,133,8.5,44,1631007,25.8,7.7,-3.2,1257,28.6,Veronica Burton,12.1,0.05,9.3,28.0,8.8,1.82,4.0,105.9,29.1,4.8,3.29,3.7,115,G,11.0,2391,12.2,25.36077012042678,30.71719090706445,20.004349333789108,10.7,0.9808749583863601,12.375036438561771,21.281932507142805,5.033949231968074,16.2,0.647178778410159,68.2,,baseline,22.4,15.4,17.1,536,2.63,43.6,low,prior_heavy,3,1.3,4.97,0.30000000000000004,2.77,-0.134,0.63,,True,True,8,-4,1.8210000000000002,False,6.5,6.7,4.5,5.1,160,63.1,60.0,20.7,75.2,3.6,2026-27,1.3,48.0,-3.1,-4.0,1.6,2.9,2.2,69,2.55,GSV,42.5,1.5,8.5,2.7,2.0,64,56.4,0.4,0.27,19.5
35.1,44.5,53.1,6.7,29.3,10.3,7.4,8.1,2.39,286,0.5,0.4,14,0.30000000000000004,0.05,99.1,3.8,-12.9,20.4,58.3,2.8,28.1,29.2,5.49,5.5,97.1,0.68,2715,2,5.49,96.4,0.67,3362,3,1.3,96.4,2.36,2.01,100.0,89.5,1.51,-0.49,100.0,44.5,-1.56,0.53,-0.03,-0.97,100.0,14.7,0.64,0.47000000000000003,7.07,95.0,2.5700000000000003,100.0,96.2,0.35000000000000003,0.38,0.59,0.44,80.0,75.2,0.36,100.0,81.5,5.49,96.4,3362,3,0.03,8.9,0.11,9.6,102.3,52.7,1.2,0.34,28.271756525090836,9.32969911782767,36.5,2.5,0.53,203,74,44.1,429,189,8.9,2.0,16.6,93.0,14.4,1.5,71,66,5.8,43,203833,45.5,23.5,-4.1,1405,32.7,Chelsea Gray,10.7,0.02,11.1,33.4,9.9,0.9400000000000001,0.7000000000000001,113.0,23.3,3.0,2.18,2.4,85,G,11.3,2789,12.0,28.570248766889723,33.92666955352739,23.213827980252052,10.7,0.989552340120159,9.428201763127332,18.334588940348667,2.086605665173937,16.2,1.0,75.6,,baseline,18.6,13.2,14.7,518,0.98,31.6,low,prior_heavy,30,10.98,3.48,-1.53,1.1400000000000001,-0.165,0.663,,True,True,39,-5,1.956,False,5.5,5.1,3.6,4.0,142,72.0,22.4,5.8,82.5,3.3,2026-27,1.4,52.9,-10.1,-13.6,1.4,2.2,1.8,62,1.9500000000000002,LVA,47.3,2.8,13.5,4.3,3.4,119,56.3,0.30000000000000004,0.26,18.5
12.5,2.8,47.0,0.9,6.9,1.9,1.3,1.5,1.0,34,1.4,1.1,25,0.7000000000000001,0.05,94.9,4.0,-3.9,6.8,,0.0,4.7,16.2,-2.8200000000000003,-2.96,95.7,-0.8,1809,2,-2.8200000000000003,95.7,-0.66,2714,3,1.1,95.7,0.8300000000000001,-1.32,100.0,30.3,-0.32,-0.76,100.0,33.2,1.23,-0.05,0.32,2.03,100.0,95.0,0.1,0.32,-3.77,34.9,-1.16,100.0,9.2,0.31,0.2,0.33,1.45,80.0,95.4,-2.24,88.3,2.5,-2.8200000000000003,95.7,2714,3,0.03,9.2,0.05,17.4,103.5,63.9,12.4,2.16,21.498510382539177,9.834475405659733,12.5,-21.5,,8,1,63.8,287,183,4.0,3.2,46.7,57.5,-21.1,-2.17,134,77,18.1,38,1631019,42.3,9.1,-2.0,923,24.3,NaLyssa Smith,6.9,0.02,11.6,33.3,9.8,-0.32,9.3,110.4,43.9,6.6,4.72,5.2,121,C,16.5,1825,11.7,22.330423561434234,27.686844348071904,16.974002774796563,10.7,0.962745302317873,10.215033386278357,19.11863873237346,2.870655457198729,16.2,0.756558054848637,69.5,,baseline,24.3,17.3,19.2,444,-0.18,46.0,low,",collinear_lineup",19,6.96,1.74,-2.1,-0.08,-0.1,0.536,,True,True,114,6,1.499,False,13.5,13.4,9.5,10.6,244,74.8,91.0,44.3,71.4,6.4,2026-27,2.5,27.9,0.30000000000000004,-4.7,0.6000000000000001,1.3,1.0,24,1.9100000000000001,LVA,2.8,0.9,7.7,1.8,1.4,33,64.2,8.2,1.56,18.2
28.0,33.1,69.0,7.3,33.1,11.3,8.5,9.4,3.04,313,0.4,0.30000000000000004,11,0.30000000000000004,0.19,99.2,3.5,25.4,20.7,41.7,3.2,35.9,31.9,5.53,5.61,95.8,0.72,2022,2,5.53,95.4,0.64,2552,3,1.31,95.4,2.95,2.5300000000000002,100.0,94.5,1.85,-0.61,100.0,39.1,-1.48,0.27,0.04,-0.64,100.0,27.7,0.84,0.5,7.1,95.4,3.48,100.0,99.6,0.45,0.64,0.6900000000000001,-0.18,80.0,48.3,-0.71,100.0,23.9,5.53,95.4,2552,3,0.13,10.6,0.43,9.6,99.9,48.4,-3.1,-0.36,27.252986786562598,10.49772727961441,29.2,-4.8,-0.5,137,40,43.1,378,163,8.3,2.6,45.0,78.2,-0.4,-0.03,170,133,6.6,43,1628886,11.1,2.4,-2.8,1339,31.1,Jordin Canada,9.4,0.06,13.2,35.2,8.0,0.6900000000000001,2.0,109.3,28.6,4.1,3.01,3.3,112,G,11.6,2758,11.6,28.32891487548404,33.68533566212171,22.972494088846368,10.7,0.9620201446595981,10.912169914413727,19.820877614873645,3.572894339698917,16.2,1.0,74.4,,baseline,18.1,13.4,14.9,499,1.46,47.2,low,",collinear_lineup",4,1.48,3.65,-0.73,1.06,0.397,0.6000000000000001,,True,True,25,-16,1.7069999999999999,False,5.6,5.5,4.1,4.5,151,63.7,77.8,32.8,82.1,3.5,2026-27,0.9,62.0,1.8,2.3,1.9,3.0,2.4,82,2.5,ATL,36.2,2.4,11.7,3.8,3.1,105,55.1,-0.9,0.06,17.5
30.5,30.8,51.9,4.4,27.7,7.9,5.7,6.3,1.9100000000000001,133,0.6000000000000001,0.5,10,0.30000000000000004,0.01,90.8,5.8,-31.0,12.6,57.1,2.3,24.9,29.8,0.85,0.93,93.1,0.19,1428,2,0.85,91.1,0.11,1428,2,1.22,91.1,2.21,2.27,100.0,92.0,0.89,-0.76,100.0,32.8,-2.4,0.35000000000000003,-0.08,-1.29,99.3,4.2,0.26,0.35000000000000003,3.17,77.5,1.43,100.0,90.3,0.16,0.8200000000000001,0.55,-1.0,80.0,17.2,-0.59,100.0,27.3,0.85,91.1,1428,2,0.08,9.0,0.62,5.0,104.0,47.6,-3.9,-0.49,25.313808159684303,9.24290978009388,32.4,-1.6,-0.05,102,33,42.2,308,130,7.0,2.8,21.8,73.1,-5.5,-0.55,67,49,4.1,30,1642303,37.1,28.9,-1.2,841,28.0,Leila Lacan,-9.0,-0.07,15.2,36.0,10.1,-0.08,1.7000000000000002,95.0,19.2,4.9,3.55,3.9,83,G,6.4,1684,11.4,26.806955162005764,32.163375948643434,21.450534375368093,10.7,0.944300014929045,9.788107205302106,18.699343765687374,2.451360490512639,16.2,1.0,73.6,,baseline,20.3,14.7,16.3,342,1.07,58.7,medium,,12,4.5,2.58,-0.44,1.1,-0.027,0.417,,True,True,33,2,1.179,False,3.3,3.3,2.4,2.7,56,69.0,40.6,18.8,82.7,1.9,2026-27,1.3,52.3,-7.1,-10.9,1.6,2.9,2.3,48,2.48,CON,33.1,2.3,13.1,4.2,3.3,70,50.7,-5.3,-0.66,21.5
32.5,31.9,80.7,1.8,11.0,3.4,2.6,2.8,0.86,77,0.5,0.4,11,0.30000000000000004,-0.06,98.0,3.5,-3.7,2.8,28.6,5.7,1.2,18.2,-2.44,-2.44,91.2,-0.34,1118,1,-2.44,91.2,-0.34,1118,1,1.33,91.2,0.81,0.44,100.0,72.3,-0.47000000000000003,-1.22,100.0,16.4,-1.8399999999999999,-0.06,0.0,-0.07,100.0,48.3,0.49,-0.09,-0.63,39.9,-1.09,100.0,10.9,0.1,-0.11,0.07,0.4,80.0,73.9,-0.36,100.0,32.8,-2.44,91.2,1118,1,-0.03,9.7,-0.52,13.3,114.8,52.9,1.4,0.37,18.873992591507456,9.14248499697094,31.9,-2.1,-0.12,138,44,46.9,367,172,4.9,3.3,35.7,81.7,3.1,0.34,131,107,10.6,44,1643420,25.0,3.3,-5.3,1118,25.4,Laura Juskaite,-9.4,-0.03,13.8,37.3,12.9,0.33,4.0,105.4,16.1,6.4,4.67,5.2,145,F,13.2,2279,11.3,20.061478303448084,25.417899090085754,14.705057516810413,10.7,0.9408076666146511,9.717698230360655,18.634275323323884,2.386292048149152,16.2,1.0,73.4,,baseline,21.7,16.0,17.7,495,-0.6000000000000001,52.8,medium,,74,28.56,0.81,-2.01,-0.88,0.276,0.383,,True,True,169,0,1.099,False,8.6,8.2,6.0,6.7,186,62.0,78.8,43.1,76.8,4.2,2026-27,1.5,26.7,6.8,10.2,1.4,2.6,2.1,60,2.29,TOR,37.6,2.1,16.6,4.0,3.3,91,58.3,2.3,0.59,20.1
36.1,38.9,67.6,4.8,24.3,8.2,6.1,6.8,2.29,193,0.6000000000000001,0.5,13,0.30000000000000004,-0.02,99.3,8.0,-18.3,17.1,28.6,2.3,23.1,27.1,3.08,3.1,97.0,0.61,2242,2,3.08,97.0,0.59,3423,3,0.35000000000000003,97.0,1.62,1.16,100.0,83.6,0.75,-0.81,100.0,30.3,-2.12,0.25,-0.16,-0.9500000000000001,100.0,15.1,0.27,0.46,5.07,88.7,1.9100000000000001,100.0,93.3,0.34,0.64,0.66,0.98,80.0,89.5,-0.28,100.0,37.0,3.08,97.0,3423,3,-0.01,7.1,-0.12,9.4,105.8,56.4,4.9,0.9400000000000001,28.66071829645366,14.300575347400093,35.7,1.7000000000000002,0.42,126,45,49.0,306,150,4.7,2.9,38.2,85.5,6.9,0.73,117,100,5.7,40,204333,50.0,17.0,0.4,1130,28.3,Natasha Cloud,-4.6,-0.01,14.9,35.6,10.7,-0.22,1.0,101.2,15.4,5.0,3.73,4.1,117,F,9.2,2340,11.1,28.66071829645366,34.01713908309133,23.30429750981599,10.7,1.0,14.300575347400093,23.206578085113556,6.9585948099388215,16.2,0.9300559439547601,74.7,,baseline,19.0,14.1,15.8,445,-0.47000000000000003,40.3,low,,28,11.05,1.56,-2.5,-0.42,-0.052000000000000005,0.5640000000000001,,True,True,155,5,1.587,False,5.2,5.8,4.3,4.8,135,74.1,64.7,26.5,83.8,3.4,2026-27,0.6000000000000001,54.7,-1.4,-1.2,1.1,1.8,1.5,42,1.75,CHI,41.2,2.1,12.9,3.7,3.0,86,62.2,6.2,1.23,17.1
38.9,7.2,53.0,1.0,6.7,2.4,1.7000000000000002,1.9,0.59,30,0.8,0.6000000000000001,10,0.30000000000000004,-0.17,77.5,5.3,-7.7,28.7,,0.0,1.2,18.9,-1.6400000000000001,-1.65,81.3,-0.32,853,2,-1.6400000000000001,82.5,-0.31,1490,3,1.23,82.5,0.37,0.44,100.0,73.1,-0.85,0.22,100.0,84.9,2.04,0.39,0.2,1.35,100.0,87.8,0.30000000000000004,0.19,-3.5,49.6,-1.65,100.0,1.7000000000000002,-0.09,0.02,-0.03,-0.08,80.0,53.4,-1.88,85.2,8.8,-1.6400000000000001,82.5,1490,3,-0.09,8.0,0.32,11.0,107.6,53.2,1.7000000000000002,0.42,4.108863591478836,2.291045354395753,38.9,4.9,,18,7,51.8,249,129,4.7,2.3,36.9,72.8,-5.8,-0.59,92,67,10.8,30,1642290,42.4,23.7,-3.3,620,20.7,Aaliyah Edwards,-14.3,-0.09,16.7,35.1,9.3,-1.65,5.5,93.3,23.3,5.5,4.06,4.5,70,F,10.8,1262,11.1,17.403382253886857,23.186604262153363,11.620160245620351,11.6,0.23609569286804302,9.703884584104806,18.61922204203986,2.371238766865126,16.2,0.069109453398653,22.8,,baseline,26.3,19.3,21.4,332,-0.98,39.4,low,,85,32.91,0.86,-2.8200000000000003,-0.71,-0.273,0.514,,True,True,194,6,1.434,False,8.1,11.1,8.2,9.0,140,68.4,82.7,45.8,37.0,4.7,2026-27,1.5,27.9,0.7000000000000001,-2.8,0.8,1.8,1.5,23,1.92,CON,7.2,1.7000000000000002,9.8,4.1,3.4,52,57.3,1.3,0.42,24.4
29.1,29.3,71.1,1.4,5.7,3.1,2.3,2.6,0.87,39,1.0,0.9,13,0.5,-0.13,77.9,3.9,-66.4,6.2,0.0,1.9,2.5,20.6,0.18,-0.03,84.4,-0.28,1314,2,0.18,82.1,-0.07,1314,2,1.1400000000000001,82.1,0.8200000000000001,0.66,100.0,77.7,-0.68,0.2,100.0,84.5,3.7199999999999998,0.49,0.23,2.8,100.0,98.3,-0.06,0.29,-3.31,72.7,-1.1400000000000001,100.0,10.1,0.17,0.12,0.09,-1.42,80.0,8.0,-0.9500000000000001,100.0,17.6,0.18,82.1,1314,2,-0.08,10.7,-0.19,15.7,111.7,46.5,-5.0,-0.67,12.757259670092713,7.302981157485456,27.4,-6.6,-0.75,84,23,42.2,270,114,6.3,2.2,25.9,64.3,-14.3,-1.46,70,45,13.3,27,1642800,40.6,11.9,-8.3,601,22.3,Aneesah Morrow,-14.5,-0.06,17.1,37.1,11.3,-0.48,5.6,97.2,17.0,4.7,3.5300000000000002,3.9,59,F,16.6,1244,11.0,13.987687050877062,19.770909059143566,8.204465042610558,11.6,0.9120349650153771,8.00734778557785,16.930317981287498,0.682334706112765,16.2,0.41618906304249603,60.1,,baseline,23.8,17.8,19.7,296,-1.03,54.3,medium,,45,16.68,0.2,-2.27,-1.3,0.266,0.323,,True,True,197,-20,0.963,False,10.5,18.0,13.4,14.9,224,58.3,65.9,40.0,62.1,8.3,2026-27,2.9,39.5,3.3,4.3,0.9,1.9,1.6,24,2.22,TOR,31.1,1.6,8.4,3.4,2.8,42,49.2,-6.8,-0.91,23.8
35.7,32.6,74.9,2.4,16.5,4.7,3.5,3.9,1.2,62,0.7000000000000001,0.6000000000000001,9,0.30000000000000004,-0.15,77.8,9.5,14.1,20.0,55.0,9.3,10.2,21.1,2.75,2.33,84.6,-0.33,1079,2,2.75,83.0,0.09,1079,2,1.04,83.0,1.11,0.24,100.0,68.9,-0.17,0.53,100.0,90.8,1.13,0.46,0.44,0.15,100.0,72.3,0.2,0.62,2.09,85.7,-0.13,100.0,47.9,0.38,0.37,0.44,1.31,80.0,94.5,0.23,100.0,76.1,2.75,83.0,1079,2,-0.03,8.5,-0.13,14.0,106.0,58.6,7.1,1.3,,,40.0,6.0,1.03,90,36,50.2,215,108,5.0,2.5,16.3,74.3,-4.3,-0.43,35,26,10.8,26,1642782,40.0,2.3,,643,24.7,Sarah Ashlee Barker,-4.3,-0.12,16.3,35.0,12.8,-2.85,3.5,101.7,22.8,4.9,3.58,4.0,64,G,14.0,1308,10.7,,,,,,,,,,,,,,21.3,15.6,17.3,278,-2.92,43.7,low,prior_heavy,1,0.43,-0.71,-5.12,-3.16,0.248,0.604,,True,True,231,4,1.7229999999999999,False,9.1,8.9,6.6,7.3,117,62.0,49.3,33.0,77.9,4.5,2026-27,1.4,32.4,3.3,5.3,0.9,1.8,1.4,23,1.79,PDX,41.9,2.0,13.9,4.0,3.2,52,60.3,4.3,0.91,19.6
23.5,26.7,78.2,2.1,9.9,4.1,3.1,3.4,1.31,67,1.5,1.2,24,0.8,-0.03,87.4,6.3,-29.2,8.8,31.0,9.6,7.4,17.5,-2.47,-2.3,92.8,0.16,1951,2,-2.47,91.5,-0.01,2392,3,0.59,91.5,0.41000000000000003,-0.47000000000000003,100.0,54.6,0.07,-0.66,100.0,36.6,0.42,-0.09,-0.36,1.22,100.0,86.1,0.29,0.04,-3.2800000000000002,39.1,-0.51,100.0,29.0,-0.03,0.0,0.0,-0.92,80.0,20.6,-0.77,100.0,22.3,-2.47,91.5,2392,3,-0.03,10.5,0.22,15.0,108.3,47.2,-4.3,-0.56,21.578627194322674,9.469744767491981,25.5,-8.5,-1.02,110,28,42.6,303,129,5.4,3.0,22.4,77.9,-0.7000000000000001,-0.06,68,53,11.3,32,1628922,44.4,8.9,-1.7000000000000002,784,24.5,Azura Stevens,-6.3,0.01,15.8,38.9,9.3,0.22,3.7,102.0,12.9,5.8,4.36,4.8,95,F,15.3,1628,10.6,22.813661634314414,28.170082420952085,17.457240847676744,10.7,0.9458642606439771,10.011737583831161,18.918337990601405,2.670354715426673,16.2,0.9372660787630781,72.4,,baseline,20.8,15.6,17.3,339,0.56,36.4,low,,84,34.3,2.5,-1.37,0.81,-0.243,0.539,,True,True,59,16,1.509,False,9.5,12.6,9.4,10.5,205,59.1,64.3,41.9,76.6,6.4,2026-27,1.4,22.5,5.9,8.7,0.8,1.7000000000000002,1.4,27,2.34,CHI,36.3,1.6,9.7,3.2,2.7,52,50.9,-5.1,-0.63,21.2
26.8,39.7,77.9,1.6,9.7,2.9,2.1,2.3,2.0,66,1.3,1.0,29,0.7000000000000001,-0.02,98.0,7.4,0.9,20.7,31.7,11.5,12.1,15.6,-1.7000000000000002,-1.8,95.9,-0.28,1833,2,-1.7000000000000002,96.5,-0.18,3012,3,1.28,96.5,1.3599999999999999,-1.48,100.0,26.1,0.09,0.32,100.0,88.7,1.67,0.33,-0.08,0.93,100.0,83.2,0.01,0.30000000000000004,-3.47,48.7,-0.4,100.0,33.2,0.36,0.1,0.22,-0.45,80.0,33.6,-0.28,100.0,36.6,-1.7000000000000002,96.5,3012,3,0.06,13.0,0.45,19.0,104.1,47.3,-4.2,-0.54,,,27.9,-6.1,-0.68,183,51,40.2,358,144,10.9,1.6,32.1,84.3,5.7,0.6000000000000001,115,97,13.0,42,201886,27.8,10.1,,1125,26.8,DeWanna Bonner,-2.3,-0.08,13.9,33.5,9.3,0.23,3.3,101.8,12.0,3.0,2.21,2.5,69,F,21.6,2281,10.4,,,,,,,,,,,,,,19.1,14.0,15.5,436,0.77,34.6,low,volatile_rank,121,48.78,2.7800000000000002,-1.24,0.64,0.129,0.557,,True,True,49,14,1.565,False,11.3,11.0,8.1,9.0,252,68.8,58.9,26.8,76.5,6.0,2026-27,1.0,21.5,1.8,4.5,1.1,2.0,1.6,46,2.4,PHX,51.1,0.8,7.0,1.5,1.2,34,53.4,-2.6,-0.22,17.6
42.3,59.7,79.8,1.6,13.9,4.0,2.9,3.2,1.1400000000000001,26,0.0,0.0,0,0.0,-0.03,60.9,3.7,9.1,18.2,40.0,4.2,7.9,24.0,1.29,1.29,74.5,0.23,321,1,1.29,74.5,0.23,321,1,0.92,74.5,1.55,0.97,94.6,82.8,-0.11,-0.81,91.1,30.7,-2.48,0.13,0.0,-1.21,77.5,6.3,1.07,0.36,3.81,80.7,-0.46,90.4,31.5,0.59,0.29,0.43,1.08,75.4,90.8,1.62,96.2,97.9,1.29,74.5,321,1,-0.03,2.9,0.07,3.4,102.7,55.5,4.0,0.79,0.177736027540658,0.071134427164754,42.1,8.1,1.32,76,32,42.0,119,50,2.8,2.3,31.9,89.5,10.9,1.1400000000000001,38,34,3.7,16,1643505,50.0,10.1,-5.7,321,20.1,Jovana Nogic,2.5,-0.01,14.2,29.2,10.7,-0.19,2.0,105.2,10.1,5.6,4.04,4.5,36,G,1.6,646,10.4,14.383474584165366,20.166696592431872,8.60025257589886,11.6,0.012356960517476001,5.756628182484562,14.550188305816743,0.0,14.6,0.0,13.2,,baseline,25.7,18.6,20.7,166,-0.1,62.9,medium,,65,26.54,0.32,-0.53,-0.13,0.031,0.054,,True,True,101,-4,0.332,False,2.7,2.6,2.0,2.1,17,36.8,47.9,16.0,29.9,1.1,2026-27,0.7000000000000001,46.0,-1.5,1.7000000000000002,0.6000000000000001,1.5,1.2,10,1.12,PHX,63.9,1.4,13.2,3.6,2.9,23,61.2,5.2,1.06,22.1
36.7,50.0,85.7,1.9,8.7,5.4,4.1,4.6,1.12,25,0.4,0.4,2,0.2,0.04,56.9,5.2,16.1,9.7,66.7,3.1,6.5,21.5,2.08,2.04,57.9,0.17,1185,2,2.08,57.9,0.21,1627,3,0.4,57.9,0.78,0.74,75.3,79.0,-0.42,-0.33,67.7,48.7,-0.31,0.01,-0.08,0.13,65.4,69.7,0.25,0.26,2.52,84.0,-0.34,67.9,35.7,0.52,0.12,0.23,0.67,59.1,80.7,1.03,73.1,92.0,2.08,57.9,1627,3,-0.14,0.5,-0.08,7.5,106.3,56.1,4.6,0.89,0.23030730521810203,0.128094954743111,38.5,4.5,0.81,52,20,45.9,98,45,0.9,2.6,29.6,86.2,7.6,0.8,29,25,5.1,13,1630149,16.7,6.1,2.5,217,16.7,Satou Sabally,4.7,0.18,10.8,32.8,8.3,1.1400000000000001,1.1,111.0,8.2,7.3,5.64,6.3,34,F,2.9,463,10.4,19.158639432608748,24.941861440875254,13.375417424342242,11.6,0.012021067885755,10.655871504968239,19.459014399623058,1.9369559283622961,17.5,0.389062392461256,17.7,,baseline,29.2,22.4,24.9,135,0.9,39.2,low,,28,11.35,2.79,-0.99,0.97,-0.07200000000000001,0.527,,True,True,43,2,1.472,False,4.6,7.8,6.0,6.6,36,68.8,62.3,32.7,33.9,2.8,2026-27,1.8,33.3,4.3,9.0,0.1,0.2,0.2,1,0.5,NYL,53.1,1.7000000000000002,8.4,4.8,4.1,22,60.9,4.9,1.01,26.3
35.3,45.6,69.9,1.8,9.8,3.2,2.3,2.6,1.13,66,1.4,1.1,28,0.8,0.0,98.6,5.4,-30.6,11.1,33.3,2.7,4.8,14.1,-2.33,-2.33,91.2,-0.4,1023,1,-2.33,91.2,-0.4,1023,1,1.23,91.2,0.78,-1.57,100.0,23.9,-0.41000000000000003,-0.28,100.0,51.7,0.67,0.46,0.0,0.75,100.0,81.1,0.5,0.26,-3.02,41.6,-0.91,100.0,15.5,0.13,0.02,-0.01,0.13,80.0,61.3,0.2,100.0,73.9,-2.33,91.2,1023,1,-0.01,9.3,0.01,13.2,104.6,52.9,1.4,0.37,23.367075678506563,8.64742880666113,35.2,1.2,0.35000000000000003,159,56,44.4,329,146,5.7,2.7,12.2,80.0,1.4,0.16,40,32,13.1,37,1643443,45.0,12.2,-3.5,1023,27.6,Awa Fam,-4.7,0.01,16.6,34.1,10.2,0.02,6.5,99.9,17.9,4.9,3.55,3.9,101,F,13.7,2059,10.3,24.062447764861876,29.418868551499546,18.706026978224205,10.7,0.9711013570543411,8.904764413975828,17.811904783360465,1.5639215081857332,16.2,0.42432430497633106,63.3,,baseline,18.5,13.4,14.9,380,0.09,55.2,medium,volatile_rank,117,47.71,1.21,-1.03,-0.09,0.183,0.281,,True,True,89,-1,0.871,False,9.8,10.7,7.7,8.6,220,70.4,33.8,21.6,70.6,5.9,2026-27,1.6,15.1,-2.0,-1.3,0.8,1.5,1.2,30,2.04,SEA,48.3,1.6,11.9,3.0,2.4,61,54.8,-1.2,0.01,17.1
0.0,0.9,53.0,1.6,11.6,3.8,2.7,3.1,1.0,54,1.8,1.5,26,0.8,-0.07,80.0,3.5,-29.6,16.3,,0.0,8.2,18.2,-1.31,-1.31,82.3,-0.16,701,1,-1.31,82.3,-0.16,701,1,0.44,82.3,1.1400000000000001,-0.21,100.0,60.9,0.25,-0.52,100.0,42.0,1.03,-0.12,0.0,1.5899999999999999,100.0,91.6,0.05,0.26,-2.36,55.9,-0.63,100.0,26.9,0.25,0.55,0.41000000000000003,0.74,80.0,84.0,-2.18,80.4,3.4,-1.31,82.3,701,1,0.02,11.3,0.36,15.4,106.2,57.6,6.1,1.1400000000000001,20.356847397116443,10.936499381117834,0.0,-34.0,,2,0,57.6,217,125,5.2,3.0,56.7,68.3,-10.3,-1.05,123,84,12.9,33,1631135,37.0,12.4,1.4,701,21.2,Olivia Nelson-Ododa,-8.4,-0.09,15.7,37.9,10.0,-0.16,5.4,97.8,34.6,7.0,5.08,5.6,99,C,15.6,1421,10.1,22.555800246179803,27.912221032817474,17.199379459542133,10.7,0.902510537198262,12.117863371511321,21.029029143632158,4.7810458684574275,16.2,0.730323132694192,66.3,,baseline,23.5,17.2,19.1,334,0.46,31.7,low,volatile_rank,129,57.29,2.45,-1.52,0.74,-0.276,0.552,,True,True,64,9,1.549,False,10.2,13.7,10.0,11.1,194,70.8,108.8,52.1,64.4,5.9,2026-27,1.5,25.6,3.3,-0.2,0.8,1.8,1.4,25,2.62,CON,0.9,1.6,9.3,3.7,3.0,53,61.6,5.6,1.13,20.1
34.4,34.8,71.0,2.1,13.7,4.1,3.1,3.4,1.11,92,2.8,2.3,63,1.4,0.05,99.7,7.5,8.9,10.2,50.0,7.2,5.9,19.3,1.32,1.2,94.5,0.1,1537,2,1.32,94.3,0.22,1920,3,1.3,94.3,0.9400000000000001,-0.22,100.0,60.5,-0.48,0.8,100.0,96.2,1.97,-0.05,-0.06,0.75,100.0,81.5,0.64,0.33,-0.7000000000000001,81.1,-0.6900000000000001,100.0,23.5,0.28,0.1,0.18,0.32,80.0,71.0,0.09,100.0,70.6,1.32,94.3,1920,3,0.08,18.3,0.17,18.2,108.7,54.3,2.8,0.6000000000000001,22.678689853164045,9.994106568548865,37.1,3.1,0.62,151,56,46.5,359,167,9.1,3.1,21.7,71.8,-6.8,-0.6900000000000001,78,56,14.1,44,1631083,42.9,3.9,-1.3,1085,24.7,Emily Engstler,-3.8,-0.03,15.6,32.5,12.4,0.25,5.1,104.9,25.1,6.0,4.51,5.0,136,F,21.9,2251,10.1,23.40592092816952,28.762341714807192,18.04950014153185,10.7,0.9689296107067401,10.31458473155664,19.223624258100422,2.975640982925694,16.2,1.0,74.7,,baseline,19.8,14.7,16.4,446,0.36,52.4,medium,,19,7.22,2.07,-1.3599999999999999,0.67,-0.314,0.48,,True,True,72,-18,1.34,False,11.5,11.2,8.3,9.3,252,64.4,50.7,29.0,81.6,5.7,2026-27,1.4,29.3,1.3,2.3,1.4,2.7,2.2,61,4.11,PDX,42.1,1.9,15.3,3.7,3.1,83,56.7,0.7000000000000001,0.32,19.3
32.6,36.5,71.2,1.4,10.6,3.0,2.2,2.5,1.0,60,0.6000000000000001,0.5,11,0.30000000000000004,-0.15,97.6,4.4,-24.4,11.8,32.0,6.6,5.9,19.9,-5.54,-5.51,94.0,-0.71,1341,2,-5.54,93.4,-0.74,1509,3,1.23,93.4,0.53,0.22,100.0,68.5,-0.5,-1.44,100.0,10.9,-2.8200000000000003,0.06,0.03,-0.7000000000000001,100.0,24.8,0.36,-0.04,-2.74,12.2,-0.98,100.0,13.4,-0.14,-0.01,0.0,-1.44,80.0,7.1,0.05,100.0,68.5,-5.54,93.4,1509,3,-0.05,5.6,-0.16,10.5,107.7,43.5,-8.0,-1.16,14.267267154449325,6.220970557183467,32.5,-1.5,-0.03,163,53,36.5,378,138,3.0,3.2,31.2,77.1,-1.5,-0.14,118,91,6.3,43,1641649,31.4,9.3,-6.5,975,22.7,Diamond Miller,-11.7,-0.09,16.5,37.1,8.7,-1.21,1.4,96.0,19.6,7.0,5.1,5.7,138,F,8.4,1972,9.8,16.15427289635613,21.937494904622636,10.371050888089623,11.6,0.8831884446911591,7.043763530396806,15.952391947548007,0.0,16.0,0.9940069081826991,70.7,,baseline,21.3,15.5,17.2,420,-1.48,50.7,medium,,16,5.8,0.38,-3.35,-1.63,0.14300000000000002,0.521,,True,True,209,7,1.456,False,5.6,5.8,4.3,4.7,115,50.0,59.2,28.0,73.6,2.7,2026-27,0.7000000000000001,31.2,0.6000000000000001,1.7000000000000002,0.7000000000000001,1.5,1.2,30,1.51,CON,43.1,1.4,10.9,3.1,2.5,62,48.8,-7.2,-0.98,22.2
50.0,42.1,73.7,1.3,13.4,3.5,2.4,2.7,1.3,4,0.9,0.7000000000000001,1,0.30000000000000004,0.12,14.5,16.1,22.7,11.4,50.0,10.5,12.0,20.0,-0.2,-0.2,31.4,0.01,59,1,-0.2,31.4,0.01,59,1,-0.51,31.4,0.12,-0.07,19.7,64.3,0.09,-0.09,15.5,61.3,-0.53,-0.75,0.0,-0.05,14.9,50.0,0.13,-0.05,0.26,71.8,0.0,16.8,61.8,0.12,0.2,0.21,0.29,15.5,68.5,-0.01,15.3,54.2,-0.2,31.4,59,1,0.13,8.2,0.01,3.9,99.1,60.5,9.0,,,,50.0,16.0,,10,5,47.4,19,9,5.7,2.3,36.8,85.7,7.1,,7,6,4.4,3,1642294,0.0,5.3,,59,19.7,Charisma Osborne,10.6,-0.01,13.4,26.8,9.8,-0.32,2.3,109.7,21.1,6.1,4.27,4.7,7,,4.5,115,9.7,,,,,,,,,,,,,,25.2,17.7,19.7,29,-0.31,37.4,low,low_sample,22,8.29,0.27,-0.9,-0.28,-0.033,0.096,,True,True,128,-12,0.455,False,3.3,4.3,3.1,3.4,5,25.0,57.9,21.1,50.5,1.7000000000000002,2026-27,0.0,33.3,-0.30000000000000004,1.4,1.0,2.6,2.0,3,2.44,PDX,52.6,1.0,8.2,2.6,2.0,3,65.7,9.7,,19.3
43.9,28.8,65.2,5.4,24.1,11.3,8.6,9.7,2.5700000000000003,147,0.5,0.5,7,0.30000000000000004,0.12,75.7,6.9,-6.0,13.8,22.2,4.5,27.5,27.3,6.16,6.25,82.1,0.54,732,2,6.16,82.7,0.45,1371,3,1.3,82.7,2.94,2.5300000000000002,100.0,94.1,2.03,-0.48,100.0,45.0,-1.3900000000000001,0.07,0.23,-0.65,100.0,26.9,0.16,0.47000000000000003,7.84,96.2,3.43,100.0,99.2,0.42,0.61,0.81,0.15,80.0,61.8,-0.33,100.0,34.5,6.16,82.7,1371,3,0.01,9.4,0.07,7.8,107.7,52.3,0.8,0.27,21.85034616403713,7.753557281413037,40.9,6.9,1.15,66,27,45.5,198,90,8.6,1.6,32.8,78.5,-0.1,0.0,65,51,5.0,27,202664,35.3,17.2,0.1,607,22.5,Courtney Vandersloot,-5.3,0.11,15.8,36.7,8.7,0.13,1.1,102.4,17.7,3.4,2.61,2.9,44,G,9.7,1299,9.6,22.574063083348136,27.930483869985807,17.217642296710466,10.7,0.9679403341507951,8.010366969794141,16.91685900082547,0.668875725650736,16.2,0.9509159835276491,73.7,,baseline,19.9,15.4,17.0,258,0.21,34.1,low,,29,10.69,2.35,-1.9300000000000002,0.43,-0.221,0.589,,True,True,82,-8,1.669,False,4.5,6.0,4.6,5.1,78,58.7,64.6,31.8,76.0,2.9,2026-27,0.30000000000000004,50.0,-0.2,-0.6000000000000001,1.1,2.4,2.0,31,2.25,CHI,33.3,2.1,8.6,4.3,3.7,56,56.9,0.9,0.36,19.8
29.6,32.3,72.7,1.5,10.5,3.7,2.8,3.1,0.63,46,4.4,3.7,55,1.8,0.04,76.9,2.4,27.6,15.1,38.9,8.2,-2.5,18.4,2.31,2.34,82.1,0.28,797,2,2.31,82.1,0.25,1064,3,0.5700000000000001,82.1,0.02,0.25,100.0,69.3,-1.53,1.57,100.0,98.7,3.8200000000000003,-0.05,0.01,1.4100000000000001,100.0,88.2,0.22,0.27,-1.48,84.9,-1.79,100.0,1.3,0.36,-0.04,0.01,0.59,80.0,78.2,-0.29,100.0,36.1,2.31,82.1,1064,3,0.12,17.8,0.53,14.9,105.3,52.7,1.2,0.34,13.762814831742162,5.677676337947327,31.5,-2.5,-0.18,89,28,46.4,220,102,6.8,3.6,37.7,77.1,-1.5,-0.14,83,64,14.3,31,1642287,38.9,8.2,-3.1,596,19.2,Cameron Brink,-2.8,-0.08,16.6,33.6,13.0,-0.89,6.5,102.5,19.1,8.9,6.7,7.4,111,F,17.3,1252,9.5,16.109513338221063,21.89273534648757,10.326291329954557,11.6,0.8543284047624711,6.645777322042671,15.559816995529491,0.0,15.6,0.035621998190449006,50.7,,baseline,23.6,17.8,19.9,296,-0.17,34.2,low,volatile_rank,126,55.4,1.73,-2.08,-0.12,-0.057,0.533,,True,True,111,-11,1.4889999999999999,False,11.1,12.4,9.4,10.4,155,63.4,70.0,32.3,46.4,5.0,2026-27,1.7000000000000002,19.6,2.2,3.6,0.6000000000000001,1.6,1.3,20,4.53,LAS,40.5,2.4,19.4,6.0,5.0,75,57.7,1.7000000000000002,0.49,24.1
34.0,18.9,68.2,3.3,23.9,7.1,5.1,5.7,1.94,147,0.30000000000000004,0.2,6,0.1,0.04,97.8,5.4,9.8,20.2,25.0,1.4,20.5,25.8,1.81,1.81,91.2,0.28,1025,1,1.81,91.2,0.28,1025,1,1.23,91.2,2.26,1.26,100.0,84.5,0.8,-1.06,100.0,24.4,-2.11,0.26,0.0,-0.63,100.0,28.2,0.4,0.44,3.93,81.9,1.23,100.0,88.7,0.58,0.35000000000000003,0.6900000000000001,1.3900000000000001,80.0,95.0,-1.2,100.0,14.3,1.81,91.2,1025,1,0.03,5.2,0.21,8.6,104.2,58.0,6.5,1.2,15.397401893741675,5.630157989091441,33.3,-0.7000000000000001,0.08,57,19,54.6,280,153,3.1,3.1,34.3,87.5,8.9,0.9400000000000001,96,84,7.5,44,1631136,36.4,3.9,-6.3,1025,23.3,Pauline Astier,5.0,0.01,13.9,34.3,9.7,-0.11,3.1,109.2,27.9,6.5,4.78,5.3,136,G,6.8,2083,9.3,16.9515915330776,22.734813541344106,11.168369524811094,11.6,0.908316004647514,6.19845732133313,15.102227649792614,0.0,15.1,1.0,72.9,,baseline,19.6,14.4,16.0,409,0.24,55.5,medium,volatile_rank,126,47.25,1.3599999999999999,-0.89,0.1,0.135,0.28400000000000003,,True,True,78,0,0.878,False,6.0,5.7,4.2,4.6,119,74.6,82.2,47.9,76.6,2.7,2026-27,0.7000000000000001,48.4,5.5,5.8,0.8,1.7000000000000002,1.4,36,1.48,NYL,20.4,1.7000000000000002,13.9,3.6,2.9,74,63.5,7.5,1.44,17.2
32.6,32.6,75.3,3.7,23.8,7.5,5.4,6.1,2.06,157,0.4,0.30000000000000004,9,0.2,-0.02,96.9,3.7,-28.7,9.6,16.7,4.1,22.0,26.5,-1.71,-1.83,96.8,-0.48,1977,2,-1.71,95.8,-0.36,2452,3,1.06,95.8,1.72,0.62,100.0,76.5,0.97,-1.26,100.0,15.1,-3.06,0.23,0.29,-1.2,100.0,7.6,0.48,0.33,1.62,48.1,1.37,100.0,89.9,0.17,0.45,0.52,-0.26,80.0,41.6,-0.67,100.0,24.8,-1.71,95.8,2452,3,0.01,5.7,0.2,6.7,103.6,49.0,-2.5,-0.27,26.137810833239396,10.380520184307368,30.8,-3.2,-0.27,107,33,43.3,291,126,3.9,2.9,43.0,77.6,-1.0,-0.09,125,97,4.8,42,1631141,27.3,3.8,2.1,1029,24.5,Jade Melbourne,-8.5,-0.02,15.1,32.3,10.4,-2.58,1.5,95.1,21.0,5.7,4.2,4.7,120,G,5.8,2096,9.1,26.57702819721767,31.93344898385534,21.220607410579998,10.7,0.9834737969678541,10.554953488655745,19.46163198428924,3.213648709114513,16.2,1.0,75.3,,baseline,18.2,13.4,14.8,382,-2.22,44.7,low,,61,23.3,-0.44,-3.99,-2.11,-0.108,0.496,,True,True,227,0,1.3820000000000001,False,4.1,4.3,3.1,3.5,90,62.5,81.5,38.5,76.5,2.1,2026-27,0.6000000000000001,51.6,4.4,6.5,0.9,1.8,1.5,38,1.6400000000000001,SEA,36.8,1.8,12.5,3.5,2.9,74,55.2,-0.8,0.08,17.5
30.5,44.2,93.4,1.6,8.1,2.7,2.0,2.2,1.23,68,0.6000000000000001,0.5,16,0.4,0.02,98.3,4.1,7.9,11.4,31.0,9.1,3.8,10.9,-5.71,-5.51,96.9,-0.49,2265,2,-5.71,94.1,-0.6900000000000001,2265,2,1.2,94.1,0.8,-2.67,100.0,7.6,-0.11,-1.32,100.0,14.7,-1.57,0.28,-0.22,0.15,100.0,71.8,0.52,0.15,-4.41,11.3,-0.81,100.0,20.2,0.26,-0.02,0.01,0.43,80.0,74.8,-0.14,100.0,44.5,-5.71,94.1,2265,2,-0.01,6.3,0.02,11.9,101.9,54.2,2.7,0.58,25.724411890530288,7.662342673652537,30.6,-3.4,-0.30000000000000004,170,52,46.1,319,147,4.7,2.1,17.2,81.8,3.2,0.35000000000000003,55,45,10.5,43,1631044,25.0,1.3,-2.9,1236,28.7,Naz Hillmon,7.9,0.03,13.4,36.1,8.2,1.25,4.8,109.8,5.3,3.6,2.62,2.9,90,F,11.7,2527,9.1,25.78386857881428,31.14028936545195,20.427447792176608,10.7,0.997694035396502,7.680052603108307,16.5889773142614,0.34099403908667003,16.2,1.0,76.0,,baseline,15.5,11.4,12.7,391,1.37,46.1,low,",collinear_lineup",15,6.2,3.37,-0.63,1.1400000000000001,0.224,0.556,,True,True,28,-6,1.56,False,8.1,7.8,5.8,6.3,196,65.6,57.3,40.1,81.4,4.6,2026-27,1.0,9.5,8.6,15.2,0.6000000000000001,1.0,0.8,26,1.22,ATL,53.3,1.3,11.5,2.2,1.8,56,57.0,1.0,0.37,13.7
27.9,31.4,65.7,2.5,27.4,7.7,5.3,6.0,2.08,107,0.7000000000000001,0.6000000000000001,10,0.2,0.15,82.9,4.6,-4.4,20.7,33.3,2.2,27.0,30.4,2.45,2.51,88.5,0.17,1333,2,2.45,88.6,0.11,1980,3,1.2,88.6,2.55,2.24,100.0,91.6,0.85,-0.92,100.0,27.3,-1.96,0.32,0.08,-0.7000000000000001,100.0,24.4,0.56,0.43,4.52,85.3,1.43,100.0,90.8,0.63,0.39,0.64,0.09,80.0,58.0,-0.6000000000000001,100.0,26.9,2.45,88.6,1980,3,0.08,8.0,0.38,8.3,99.0,50.7,-0.8,0.01,17.373030207988677,10.130048725887594,28.3,-5.7,-0.63,92,26,46.0,274,126,4.9,2.0,47.1,78.3,-0.30000000000000004,-0.02,129,101,6.7,42,203026,36.8,6.9,1.0,714,17.0,Tiffany Hayes,8.8,0.08,11.6,27.0,10.8,1.65,2.6,107.8,27.4,6.2,4.34,4.8,86,G,8.2,1387,9.0,18.01566122992025,23.798883238186757,12.232439221653745,11.6,0.9643293124948251,10.504760764432277,18.152306758146956,5.013498200559845,13.1,0.070616321854366,59.0,,baseline,27.3,19.1,21.2,379,2.31,39.2,low,prior_heavy,5,1.92,4.61,0.0,2.42,-0.115,0.625,,True,True,12,2,1.799,False,5.4,6.1,4.2,4.8,85,63.6,79.2,32.1,50.9,2.0,2026-27,1.3,50.0,0.6000000000000001,0.30000000000000004,0.8,2.3,1.8,32,2.12,GSV,33.6,1.2,10.9,3.7,2.9,51,57.3,1.3,0.42,24.1
32.9,49.0,71.7,5.0,26.6,9.3,6.9,7.7,2.7800000000000002,217,0.2,0.1,4,0.1,0.0,96.6,5.6,-16.0,19.5,27.3,3.1,28.7,26.7,0.30000000000000004,0.45,97.0,0.02,2198,2,0.30000000000000004,95.9,-0.13,2690,3,1.22,95.9,2.48,0.78,100.0,81.1,1.24,-1.46,100.0,9.7,-3.49,0.33,0.17,-1.37,100.0,1.3,0.64,0.29,3.96,73.5,2.5,100.0,95.8,0.42,0.30000000000000004,0.54,-0.47000000000000003,80.0,32.8,0.25,100.0,76.9,0.30000000000000004,95.9,2690,3,-0.02,4.7,0.13,6.0,107.4,48.7,-2.8,-0.31,18.640647369680885,6.2528560748104525,32.6,-1.4,-0.02,184,60,40.2,353,142,3.6,2.7,13.3,87.2,8.6,0.9,47,41,3.9,43,204365,45.0,11.3,-5.3,1123,26.1,Erica Wheeler,-0.8,0.02,14.6,36.6,9.9,0.32,0.8,106.6,17.0,5.0,3.7199999999999998,4.1,116,G,5.0,2326,9.0,20.78542586533367,26.141846651971342,15.429005078696001,10.7,0.8968133484707721,6.972304867532018,15.881391219572457,0.0,15.9,0.6279478824640351,64.4,,baseline,16.6,12.4,13.7,385,0.47000000000000003,31.1,low,prior_heavy,33,12.7,2.86,-1.92,0.54,-0.068,0.642,,True,True,63,-40,1.866,False,3.5,3.5,2.6,2.9,82,55.1,32.8,19.5,69.3,1.9,2026-27,0.30000000000000004,47.2,-2.1,-0.9,0.9,1.6,1.4,38,1.35,LAS,52.1,1.8,11.3,3.4,2.8,78,51.5,-4.5,-0.53,17.6
40.0,34.7,79.9,1.7000000000000002,9.9,3.3,2.5,2.7,1.06,67,0.30000000000000004,0.2,6,0.1,-0.05,96.7,7.1,24.1,14.9,38.5,19.0,2.0,15.3,-4.27,-4.33,95.6,-0.8300000000000001,1641,2,-4.27,95.3,-0.77,2175,3,1.27,95.3,0.51,-1.56,100.0,24.4,-0.48,-1.17,100.0,17.6,-2.07,0.47000000000000003,0.32,-0.55,100.0,31.1,0.65,0.12,-1.92,23.5,-0.96,100.0,14.3,0.07,-0.12,-0.17,0.66,80.0,79.4,0.67,100.0,86.6,-4.27,95.3,2175,3,-0.04,2.0,0.0,4.2,100.6,54.4,2.9,0.61,22.442184491225134,7.681557487090192,39.5,5.5,0.96,147,58,43.8,274,120,2.2,2.5,27.4,84.0,5.4,0.5700000000000001,75,63,7.4,40,1630446,0.0,4.7,-1.3,993,24.8,Michaela Onyenwere,5.9,-0.02,16.4,33.2,8.2,-0.02,5.3,106.5,15.3,5.1,3.7,4.1,102,F,2.1,2011,9.0,23.49075182311017,28.84717260974784,18.1343310364725,10.7,0.955362546938431,8.040463289781059,16.945863336368188,0.697880061193457,16.2,0.9787189879228431,73.7,,baseline,18.0,13.1,14.5,361,-0.04,25.0,low,prior_heavy,61,24.57,2.51,-2.59,-0.1,0.059000000000000004,0.67,,True,True,96,-55,1.988,False,4.8,5.1,3.6,4.1,102,59.7,53.7,26.3,77.7,2.5,2026-27,1.3,22.5,3.0,6.2,0.4,0.8,0.6000000000000001,16,0.8,WAS,53.6,1.6,15.2,3.2,2.6,65,58.8,2.8,0.67,16.4
20.0,2.2,37.1,1.1,8.6,2.5,1.7000000000000002,2.0,1.22,41,2.9,2.3,48,1.3,0.14,87.7,6.5,1.4,14.9,25.0,1.8,6.8,14.5,-0.56,-0.58,88.1,-0.23,884,2,-0.56,87.7,-0.21,884,2,1.23,87.7,1.74,-1.6800000000000002,100.0,21.0,-0.06,0.67,100.0,95.0,3.34,0.08,0.03,2.05,100.0,95.4,0.27,0.39,-3.87,66.8,-0.92,100.0,15.1,0.62,0.2,0.39,1.47,80.0,95.8,-2.17,87.9,3.8,-0.56,87.7,884,2,0.12,16.2,0.51,17.2,104.0,60.7,9.2,1.6400000000000001,17.507308200013227,5.957784435550784,22.2,-11.8,,9,2,60.3,224,135,9.2,2.4,26.3,81.4,2.8,0.30000000000000004,59,48,17.3,36,1630442,45.1,22.8,-3.8,818,22.7,Natasha Mack,-2.0,0.01,15.9,29.0,9.7,0.68,8.7,102.0,40.2,5.4,3.87,4.3,88,C,20.4,1633,8.9,18.936831734976984,24.72005374324349,13.153609726710478,11.6,0.9245109448628951,6.444255169347209,15.352946881844009,0.0,15.4,0.12319957834806101,55.8,,baseline,19.6,14.1,15.6,320,1.55,51.1,medium,,4,1.6600000000000001,3.49,-0.38,1.47,0.083,0.54,,True,True,21,4,1.5110000000000001,False,12.9,14.8,10.6,11.8,241,78.4,59.3,33.0,59.8,6.7,2026-27,2.1,22.2,-5.4,-12.9,0.9,2.0,1.6,33,3.56,PHX,4.0,0.9,8.4,2.1,1.7000000000000002,34,64.0,8.0,1.52,15.7
34.6,37.4,82.0,2.1,8.1,3.6,2.6,2.9,1.17,44,0.2,0.1,2,0.1,0.0,75.4,3.9,32.6,9.3,51.5,23.7,2.1,11.9,-4.59,-4.61,85.1,-0.42,1572,2,-4.59,84.8,-0.4,2350,3,1.15,84.8,0.28,-2.69,100.0,7.1,-0.32,-0.91,100.0,28.2,-1.83,0.5700000000000001,-0.32,-0.7000000000000001,97.0,25.2,-0.15,0.1,-3.13,20.6,-0.8,100.0,21.4,0.09,-0.21,-0.21,0.8,80.0,85.3,0.67,100.0,86.1,-4.59,84.8,2350,3,0.06,5.5,0.64,4.3,99.3,55.8,4.3,0.84,0.293236489189082,0.125817225297365,41.2,7.2,1.2,85,35,43.2,139,60,5.2,2.4,24.5,85.3,6.7,0.71,34,29,5.9,21,1630142,33.3,2.2,-5.8,602,28.7,Leonie Fiebich,8.0,-0.06,11.0,36.6,9.6,1.32,3.8,107.3,15.8,4.1,2.99,3.3,50,F,4.4,1211,8.8,22.899627531774346,28.256048318412017,17.543206745136676,10.7,0.012805295142124001,9.825406123087246,18.629937008470222,1.107878537209464,17.5,0.461622408488764,19.5,,baseline,15.2,11.0,12.2,184,3.14,43.4,low,,2,0.8300000000000001,5.33,0.96,3.88,-0.734,0.598,,True,True,6,1,1.702,False,4.0,5.3,3.8,4.3,64,62.1,45.4,20.9,45.5,3.0,2026-27,1.2,13.3,2.4,6.2,1.1,2.0,1.6,24,1.55,NYL,61.2,1.8,13.4,3.1,2.5,37,59.8,3.8,0.8300000000000001,14.3
32.8,45.9,79.6,1.4,8.0,2.9,2.1,2.4,0.93,53,1.7000000000000002,1.4,30,0.8,0.05,92.6,5.9,-21.6,18.8,25.0,2.9,2.4,15.4,-3.04,-2.89,95.3,-0.29,1588,2,-3.04,94.4,-0.44,1984,3,1.21,94.4,0.76,-1.19,100.0,34.5,-0.04,0.89,100.0,96.6,1.26,0.58,0.05,-0.23,100.0,39.9,0.06,0.22,-4.29,32.4,-1.02,100.0,12.2,0.1,-0.06,-0.13,-0.96,80.0,18.5,-0.06,100.0,50.4,-3.04,94.4,1984,3,0.1,13.1,0.16,8.3,103.9,48.0,-3.5,-0.43,22.398809514134175,9.641192870786234,32.4,-1.6,-0.05,136,44,40.1,279,112,13.8,1.5,28.7,71.3,-7.3,-0.74,80,57,7.8,37,1629568,26.3,6.8,0.1,883,23.9,Kennedy Burke,-6.5,-0.05,14.8,35.1,8.5,-0.73,3.5,97.4,13.6,3.0,2.24,2.5,55,F,12.3,1808,8.8,24.002694080829556,29.359114867467227,18.646273294191886,10.7,0.93317897727254,10.331558152933477,19.24052724910874,2.992543973934009,16.2,0.9609339375757291,72.3,,baseline,18.0,13.3,14.7,325,-0.18,42.5,low,,25,9.26,1.79,-2.14,-0.11,-0.068,0.548,,True,True,113,44,1.534,False,6.0,6.6,4.8,5.4,119,57.0,59.5,30.8,76.3,3.2,2026-27,1.1,22.3,2.7,5.9,1.2,2.5,2.1,46,3.1,CON,48.7,1.5,11.7,3.0,2.5,55,51.7,-4.3,-0.5,18.0
28.6,22.3,53.2,0.6000000000000001,1.6,1.8,1.3,1.6,0.75,7,0.5,0.4,2,0.2,-0.16,52.5,7.2,-56.2,11.2,25.0,4.3,2.4,21.3,-2.84,-3.25,49.0,-1.09,802,2,-2.84,49.7,-0.68,1868,3,0.02,49.7,-0.54,0.55,65.1,75.6,-0.5,-0.56,55.8,40.8,-0.38,0.08,0.56,0.33,56.5,75.6,-0.22,-0.17,-2.21,34.0,-0.75,58.6,21.8,-0.38,-0.18,-0.13,-1.44,50.9,6.7,-0.18,56.6,42.9,-2.84,49.7,1868,3,-0.03,6.1,0.12,6.1,108.0,36.7,-14.8,-2.27,10.327238457147594,4.98008144198399,28.0,-6.0,-0.67,25,7,33.0,94,31,4.1,2.0,40.4,73.7,-4.9,-0.49,38,28,4.1,11,1630096,33.3,12.8,-3.6,178,16.2,DiJonai Carrington,-1.1,-0.13,13.1,40.0,11.5,-0.6900000000000001,0.6000000000000001,106.9,34.0,5.7,4.45,4.9,22,,5.3,384,8.8,12.639926654540297,18.423148662806803,6.856704646273791,11.6,0.8170330999063211,6.095323974701873,13.746027039915361,0.60721848232825,13.1,0.0,50.9,,baseline,25.3,19.6,21.8,97,-0.43,28.4,low,"low_sample,prior_heavy",24,9.34,1.83,-2.69,-0.54,0.115,0.615,,True,True,146,-23,1.764,True,3.8,8.9,6.9,7.6,34,48.0,67.0,26.6,47.1,3.1,2026-27,1.6,38.7,-3.4,-6.8,0.6000000000000001,1.8,1.6,7,1.82,CHI,26.6,0.8,2.8,2.3,2.0,9,43.8,-12.2,-1.8,28.9
33.1,48.1,56.9,1.7000000000000002,18.7,4.8,3.2,3.6,1.21,64,0.5,0.30000000000000004,6,0.2,-0.02,82.5,2.0,-7.8,18.1,16.7,2.0,13.6,24.3,-1.5,-1.42,86.7,-0.1,1067,2,-1.5,86.9,-0.18,1511,3,1.21,86.9,1.0,0.54,100.0,75.2,-0.05,-0.76,100.0,32.4,-1.73,0.43,-0.06,-0.74,100.0,22.7,0.12,0.30000000000000004,0.16,52.3,-0.14,100.0,47.5,0.09,0.08,0.07,-0.9500000000000001,80.0,18.9,0.78,100.0,87.0,-1.5,86.9,1511,3,0.04,8.2,0.34,10.4,94.1,47.5,-4.0,-0.51,18.050276852724725,6.455468688253818,32.4,-1.6,-0.05,148,48,39.3,295,116,5.3,1.9,15.6,82.6,4.0,0.43,46,38,6.1,37,1628508,46.3,22.7,0.5,704,19.0,Cecilia Zandalasini,6.4,-0.06,9.5,27.6,9.1,0.26,1.2,100.5,20.3,5.4,3.68,4.1,72,F,10.6,1330,8.6,19.490916792893316,25.274138801159822,13.70769478462681,11.6,0.9260865994413421,6.970696576484372,15.8800397633549,0.0,15.9,0.5710552822360131,64.3,,baseline,23.9,16.3,18.1,318,0.81,40.8,low,",collinear_lineup",91,38.94,2.54,-0.93,1.02,-0.21,0.486,,True,True,47,14,1.357,False,5.5,5.9,4.0,4.5,79,50.0,22.4,6.8,58.9,2.1,2026-27,0.9,34.5,-9.2,-11.7,0.9,2.4,1.8,32,1.94,GSV,50.2,1.4,12.4,3.8,2.8,50,50.4,-5.6,-0.71,24.1
27.7,44.4,63.4,2.8,15.2,5.1,3.7,4.2,2.0,119,0.7000000000000001,0.6000000000000001,16,0.4,0.06,99.8,5.2,-23.9,4.3,31.8,6.6,14.3,16.6,-3.85,-3.81,96.7,-0.1,2019,2,-3.85,96.9,-0.14,3128,3,1.29,96.9,1.23,-1.13,100.0,36.6,0.16,-0.6900000000000001,100.0,35.7,-1.8900000000000001,0.19,-0.58,-0.87,100.0,17.2,0.47000000000000003,0.02,-2.58,28.2,0.37,100.0,79.8,0.13,-0.09,0.0,-0.93,80.0,20.2,-0.26,100.0,38.2,-3.85,96.9,3128,3,0.07,10.3,0.42,8.5,105.8,45.3,-6.2,-0.87,23.19090086388482,6.979691844930293,28.2,-5.8,-0.64,170,48,38.1,333,127,6.4,3.1,17.7,93.2,14.6,1.52,59,55,6.8,42,1628878,43.1,19.5,-3.0,1130,26.9,Ariel Atkins,-3.1,-0.01,15.0,37.8,9.9,-0.13,2.5,102.7,17.1,5.6,4.17,4.6,131,G,9.7,2333,8.5,23.905419998175773,29.261840784813444,18.548999211538103,10.7,0.970110580180332,7.194738401505576,16.103186542638774,0.0,16.1,0.990957246356685,74.7,,baseline,15.3,11.4,12.6,357,0.67,50.5,medium,,29,11.84,2.35,-1.01,0.87,-0.20800000000000002,0.46900000000000003,,True,True,56,4,1.311,False,5.5,5.1,3.9,4.2,120,73.2,30.0,12.3,80.6,2.9,2026-27,0.9,19.7,-5.9,-6.8,1.6,2.9,2.4,68,2.68,LAS,51.1,1.4,11.1,2.5,2.1,59,49.7,-6.3,-0.8300000000000001,16.4
37.5,36.4,54.5,1.6,12.3,5.2,3.7,4.2,2.0,13,0.8,0.6000000000000001,2,0.30000000000000004,0.07,18.1,3.4,-42.7,0.0,50.0,4.5,16.5,23.1,1.26,1.26,37.7,0.2,125,1,1.26,37.7,0.2,125,1,-0.27,37.7,0.64,0.39,46.5,71.0,0.14,0.09,37.7,80.7,0.06,0.43,0.0,-0.23,36.9,40.3,0.22,0.39,1.46,80.3,0.19,40.3,76.9,0.23,0.25,0.46,0.5,36.3,76.1,0.02,38.7,66.8,1.26,37.7,125,1,0.0,3.8,-0.13,5.2,108.8,55.7,4.2,,,,38.9,4.9,,18,7,47.7,44,21,2.6,2.4,47.7,90.5,11.9,1.25,21,19,3.3,8,1643470,0.0,4.5,,125,15.6,Shay Ciezki,-3.8,0.07,16.1,32.8,9.2,-0.37,0.8,105.0,40.9,7.5,5.47,6.1,19,,2.6,252,8.5,,,,,,,,,,,,,,27.0,19.6,21.8,68,-0.51,54.7,medium,low_sample,66,26.71,-0.02,-1.01,-0.59,0.077,0.07100000000000001,,True,True,160,-14,0.385,False,2.9,4.8,3.5,3.8,12,50.0,61.3,13.6,42.8,1.5,2026-27,0.9,47.6,-6.1,-9.2,0.4,1.2,1.0,3,1.44,PHX,40.9,0.8,4.7,2.4,1.9,6,63.9,7.9,,20.7
31.8,45.7,73.7,2.5,12.1,4.7,3.4,3.8,1.56,89,0.30000000000000004,0.30000000000000004,6,0.2,-0.12,93.4,2.5,1.5,13.9,45.8,8.3,9.9,15.1,-5.36,-5.36,91.2,-0.89,925,1,-5.36,91.2,-0.89,925,1,1.05,91.2,0.16,-1.29,100.0,31.9,-0.05,-1.43,100.0,11.3,-2.3,0.21,0.0,-0.32,100.0,37.0,-0.4,-0.16,-3.11,15.1,-0.07,100.0,51.7,-0.17,-0.22,-0.12,-1.28,80.0,9.2,0.44,100.0,82.8,-5.36,91.2,925,1,-0.12,5.1,-0.42,11.8,114.5,45.2,-6.3,-0.88,8.927797811038571,3.632185978171503,34.0,0.0,0.18,156,53,36.0,289,104,3.6,1.9,14.5,88.1,9.5,1.0,42,37,8.8,35,1629576,30.6,12.5,-1.0,925,26.4,Maria Conde,-9.4,0.0,15.1,40.6,12.6,0.26,2.9,105.1,13.8,3.5,2.61,2.9,67,F,11.1,1909,8.5,25.375336150479416,30.731756937117087,20.018915363841746,10.7,0.35182973569671905,10.323703796607136,19.153343641772118,1.631285170511352,17.5,0.609038230183607,37.7,,baseline,15.6,11.6,12.9,298,-0.32,57.2,medium,volatile_rank,112,50.42,0.52,-1.16,-0.45,0.129,0.181,,True,True,129,-11,0.656,False,7.3,8.3,6.1,6.8,158,35.1,34.2,19.7,54.4,4.5,2026-27,0.7000000000000001,15.4,-1.4,0.30000000000000004,0.5,0.9,0.8,18,0.93,TOR,54.0,1.6,10.6,2.9,2.4,56,48.5,-7.5,-1.03,17.2
0.0,6.3,87.5,0.0,0.0,0.0,0.0,0.0,0.0,0,1.8,1.5,2,0.7000000000000001,-0.27,14.1,9.8,-14.2,0.0,,0.0,-1.3,16.8,-0.53,-0.53,31.1,-0.02,52,1,-0.53,31.1,-0.02,52,1,-0.55,31.1,-0.65,-0.5,18.4,54.2,-0.47000000000000003,-0.01,16.1,65.1,-0.12,-0.34,0.0,0.04,15.8,68.1,-0.19,-0.1,-0.56,67.2,-0.08,16.2,50.4,0.04,-0.07,-0.07,0.24,14.4,68.1,-0.06,13.4,50.0,-0.53,31.1,52,1,0.07,3.8,-0.05,1.8,106.2,62.5,11.0,,,,0.0,-34.0,,1,0,62.5,16,10,2.5,4.0,50.0,62.5,-16.1,,8,5,1.7000000000000002,3,1643488,50.0,12.5,,52,17.3,Emma Cechova,-6.9,-0.34,15.2,34.6,6.9,-0.29,0.8,99.3,0.0,10.6,8.31,9.2,12,,-2.4,113,8.3,,,,,,,,,,,,,,22.1,17.3,19.2,25,-0.34,35.4,low,low_sample,11,3.94,-0.25,-0.44,-0.31,-0.03,0.003,,True,True,135,-14,0.074,False,1.3,9.7,7.7,8.5,11,69.2,131.3,81.3,44.8,3.7,2026-27,1.7000000000000002,40.0,17.4,22.5,0.30000000000000004,0.9,0.8,1,2.08,MIN,6.3,1.3,1.6,3.5,3.1,4,64.0,8.0,,19.6
36.8,71.0,87.6,2.4,17.9,5.8,4.3,4.7,1.5,98,0.30000000000000004,0.2,5,0.1,-0.01,90.4,4.2,13.5,16.7,46.2,9.2,12.1,22.2,0.4,0.33,93.5,-0.06,1572,2,0.4,91.1,0.01,1572,2,1.16,91.1,1.26,-0.39,100.0,57.1,0.43,-1.08,100.0,22.7,-2.48,0.46,0.08,-1.01,100.0,13.0,-0.15,0.21,2.9699999999999998,76.3,0.32,100.0,79.4,0.24,-0.02,0.14,0.71,80.0,82.4,2.17,100.0,99.6,0.4,91.1,1572,2,0.0,6.6,0.23,8.0,102.0,55.8,4.3,0.84,12.698762394603497,5.14602294535778,37.9,3.9,0.73,227,86,40.6,283,115,5.6,1.6,9.2,84.6,6.0,0.64,26,22,6.0,41,1629546,21.4,4.9,-7.0,828,20.2,Marine Johannes,5.0,-0.01,14.0,34.3,10.3,-0.52,1.6,107.0,7.4,3.8,2.7800000000000002,3.1,64,G,8.4,1684,8.2,13.215836191770537,18.99905820003704,7.4326141835040325,11.6,0.960874681733039,5.355560972921445,13.011149121269789,0.0,13.0,0.13930184718643002,60.3,,baseline,20.1,14.6,16.3,338,-0.33,48.5,low,,80,30.77,1.17,-1.83,-0.18,-0.152,0.41200000000000003,,True,True,131,34,1.168,False,5.2,4.9,3.6,4.0,82,85.7,16.6,7.4,55.6,2.0,2026-27,0.9,35.6,-1.7000000000000002,3.5,0.8,1.8,1.5,31,1.57,NYL,80.2,1.6,14.8,3.9,3.1,65,57.4,1.4,0.44,19.5
16.7,11.5,82.7,2.0,4.7,5.5,4.3,4.7,2.0,18,1.8,1.6,6,0.7000000000000001,0.25,48.4,3.0,46.9,7.8,,0.0,10.9,14.4,0.39,1.02,46.8,0.47000000000000003,1187,2,0.39,46.6,-0.16,2047,3,-0.18,46.6,0.21,-0.39,54.5,57.6,0.5,-0.06,47.7,63.0,1.4,0.09,0.15,1.26,55.4,86.6,0.05,0.17,-0.77,75.4,0.24,49.0,77.7,0.06,0.12,0.18,0.13,42.6,60.5,-0.68,41.9,24.4,0.39,46.6,2047,3,0.01,7.0,-0.14,6.6,109.6,52.9,1.4,0.37,3.215864594495983,1.32286888121974,16.7,-17.3,,6,1,51.9,52,27,4.1,2.4,40.4,90.5,11.9,1.25,21,19,6.6,9,1628280,0.0,1.9,0.7000000000000001,152,16.9,Brionna Jones,1.5,0.24,18.0,43.6,8.1,1.21,3.8,111.1,15.4,6.7,5.21,5.8,22,,5.6,326,8.2,17.55389474975456,23.337116758021065,11.770672741488053,11.6,0.18319949164221502,7.220920043835475,14.86772899333688,1.72892043574977,13.1,0.014010904639381,22.7,,baseline,22.7,17.5,19.5,74,0.8200000000000001,46.8,low,"low_sample,collinear_lineup",17,6.73,2.51,-0.87,1.09,-0.27,0.47200000000000003,,True,True,46,35,1.319,False,4.7,15.3,11.9,13.2,50,64.9,111.6,71.2,29.0,5.6,2026-27,2.0,22.2,14.5,18.4,0.30000000000000004,0.9,0.8,3,2.13,ATL,11.5,1.0,2.2,2.8,2.4,9,60.4,4.4,0.93,18.4
31.0,52.0,78.6,1.4,7.6,2.6,1.9,2.1,1.56,57,0.2,0.2,5,0.1,-0.02,99.1,4.4,-8.2,2.2,40.7,19.4,7.0,13.1,-5.39,-5.58,97.0,-0.56,2250,2,-5.39,97.1,-0.37,3430,3,1.26,97.1,0.26,-2.06,100.0,16.0,0.09,-0.85,100.0,29.4,-2.41,0.41000000000000003,-0.37,-1.21,100.0,7.1,0.14,0.01,-3.41,14.7,-0.72,100.0,22.7,-0.09,-0.17,-0.08,-0.55,80.0,31.1,1.12,100.0,93.3,-5.39,97.1,3430,3,0.03,6.4,0.03,6.7,104.2,48.5,-3.0,-0.35000000000000003,21.779474038780585,6.274246190671055,33.6,-0.4,0.12,217,73,36.5,304,111,5.4,2.2,17.8,79.6,1.0,0.12,54,43,5.4,42,204319,31.3,10.5,-4.2,1091,26.0,Jewell Loyd,9.0,-0.05,11.7,33.5,10.6,0.15,1.8,113.2,10.9,4.2,3.0,3.3,91,G,6.9,2182,8.0,21.779474038780585,27.135894825418255,16.423053252142914,10.7,1.0,6.274246190671055,13.924419872061442,0.7856113144743341,13.1,0.033017147879051,60.2,,baseline,15.5,11.1,12.4,338,0.23,32.0,low,volatile_rank,143,58.12,2.27,-1.82,0.29,-0.062,0.5660000000000001,,True,True,80,4,1.593,False,4.5,4.4,3.2,3.5,96,50.0,25.0,7.2,58.5,2.3,2026-27,0.5,18.0,-2.9,0.0,1.0,2.0,1.6,44,1.62,LVA,71.4,0.9,8.6,1.7000000000000002,1.4,37,51.6,-4.4,-0.52,15.2
43.1,57.5,91.6,1.2,7.9,2.6,1.9,2.2,1.71,52,0.2,0.2,5,0.1,-0.05,97.3,6.9,0.5,8.2,36.7,13.3,7.9,11.0,-2.46,-2.51,95.8,-0.31,1642,2,-2.46,96.4,-0.26,2666,3,1.16,96.4,0.9400000000000001,-2.96,100.0,2.1,0.19,-0.78,100.0,31.5,-1.9500000000000002,0.48,-0.05,-0.93,100.0,16.0,0.07,0.25,-0.58,39.5,-0.56,100.0,28.2,0.27,0.05,0.24,2.17,80.0,99.6,1.53,100.0,96.6,-2.46,96.4,2666,3,-0.02,4.5,0.01,8.5,106.2,60.8,9.3,1.6600000000000001,21.448882500574815,5.722605824888759,41.9,7.9,1.29,160,67,46.0,226,104,3.5,1.8,32.7,85.1,6.5,0.6900000000000001,74,63,5.5,43,1629482,22.2,4.0,-0.9,957,22.3,Sophie Cunningham,4.0,-0.02,14.0,38.1,9.7,-0.08,1.1,110.2,4.4,3.9,2.9699999999999998,3.3,79,F,7.6,2008,7.9,21.448882500574815,26.805303287212485,16.092461713937144,10.7,1.0,5.722605824888759,14.628508666754705,0.0,14.6,0.028037078120193,58.4,,baseline,16.8,12.8,14.1,338,0.02,35.7,low,"prior_heavy,large_shrinkage_move",8,3.2800000000000002,2.62,-2.59,-0.52,0.534,0.68,,True,True,91,120,2.034,False,4.9,4.8,3.7,4.1,97,70.2,53.5,20.8,58.3,2.3,2026-27,1.0,11.5,3.1,9.3,0.5,1.1,1.0,23,1.05,IND,70.8,0.7000000000000001,8.5,1.5,1.3,31,65.4,9.4,1.75,13.2
35.5,50.3,76.8,0.7000000000000001,4.3,1.5,1.0,1.1,1.0,30,0.5,0.4,11,0.30000000000000004,0.03,97.1,4.6,5.9,14.0,31.6,12.6,2.5,11.1,-5.97,-5.72,95.2,-0.41000000000000003,1638,2,-5.97,95.6,-0.66,2387,3,1.18,95.6,0.27,-2.8,100.0,4.6,-0.34,-0.65,100.0,37.0,-0.35000000000000003,0.5,-0.18,0.30000000000000004,100.0,75.2,0.12,0.01,-5.86,10.1,-1.3,100.0,5.0,0.04,-0.22,-0.29,-0.79,80.0,22.7,0.78,100.0,87.4,-5.97,95.6,2387,3,0.05,7.1,0.55,13.8,93.8,47.0,-4.5,-0.59,19.159950963584354,5.308024390674411,34.7,0.7000000000000001,0.28,190,66,36.1,302,109,4.5,2.0,20.5,90.3,11.7,1.22,62,56,11.6,44,203866,36.0,8.3,-4.2,1068,24.3,Kayla Thornton,10.0,-0.02,9.1,29.3,8.6,-0.8200000000000001,4.9,103.8,14.9,4.4,3.0,3.3,89,F,13.5,2037,7.7,20.11314410505037,25.46956489168804,14.7567233184127,10.7,0.9526084466711161,5.572094609514817,13.223590625564558,0.084782067977447,13.1,0.585269561012676,69.1,,baseline,16.7,11.4,12.7,340,0.68,35.2,low,volatile_rank,190,79.59,2.63,-1.27,0.7000000000000001,-0.014,0.543,,True,True,55,-15,1.521,False,9.2,9.7,6.7,7.4,198,61.9,34.4,13.9,67.3,4.5,2026-27,0.9,13.8,-1.8,0.7000000000000001,0.7000000000000001,1.4,1.1,29,1.35,GSV,62.9,0.7000000000000001,7.2,1.4,1.1,29,51.6,-4.4,-0.52,15.3
36.8,37.6,61.9,2.2,14.5,5.1,3.6,4.1,1.05,67,0.6000000000000001,0.5,8,0.30000000000000004,-0.1,78.8,5.6,9.8,14.7,50.0,5.5,6.3,18.6,-3.8,-3.74,87.0,-0.32,1485,2,-3.8,84.4,-0.38,1485,2,1.22,84.4,0.7000000000000001,-0.73,100.0,46.6,0.08,-0.88,100.0,29.0,-2.45,0.39,-0.06,-1.2,98.7,8.0,0.34,0.08,-1.45,29.0,-0.35000000000000003,100.0,34.9,-0.12,-0.09,-0.03,0.01,80.0,56.3,0.02,100.0,66.4,-3.8,84.4,1485,2,0.04,6.8,0.21,5.6,102.1,49.7,-1.8,-0.15,12.84426048698663,3.624774475484551,38.5,4.5,0.81,78,30,41.4,181,75,4.4,2.8,32.0,84.5,5.9,0.62,58,49,3.6,30,1642777,44.7,21.0,-5.3,653,21.8,Monique Akoa Makani,-5.5,-0.14,16.6,34.1,10.6,0.02,0.7000000000000001,96.6,17.1,6.4,4.63,5.1,84,G,5.0,1320,7.6,16.549066760668953,22.33228876893546,10.765844752402447,11.6,0.7761320123206411,4.67030662045036,12.325347354722334,0.0,12.3,0.330314454212081,56.6,,baseline,17.3,12.6,14.0,229,0.67,34.8,low,prior_heavy,14,5.41,3.0,-1.65,0.91,-0.233,0.629,,True,True,57,-21,1.815,False,3.3,4.2,3.0,3.4,55,70.6,50.8,18.8,56.6,1.8,2026-27,0.6000000000000001,25.3,-4.6,-5.9,1.0,2.2,1.8,29,2.04,PHX,43.1,2.1,15.5,4.7,3.8,62,55.4,-0.6000000000000001,0.11,18.7
30.3,34.7,56.5,1.1,11.4,3.5,2.6,2.8,1.0,44,0.1,0.1,1,0.0,-0.17,75.9,4.0,-7.2,23.0,20.0,3.5,7.5,23.9,-4.22,-4.25,82.2,-0.61,836,2,-4.22,82.2,-0.58,1050,3,0.51,82.2,0.52,1.54,100.0,87.4,-0.32,-1.13,100.0,20.2,-2.69,0.51,0.26,-1.15,100.0,10.1,0.0,0.11,-1.31,24.8,-0.8300000000000001,100.0,18.9,0.07,-0.06,0.07,-1.88,80.0,4.2,-0.02,100.0,52.1,-4.22,82.2,1050,3,-0.06,3.8,-0.29,7.0,105.4,40.4,-11.1,-1.67,11.42784088971578,5.281706144819482,29.4,-4.6,-0.47000000000000003,109,32,34.7,285,99,3.0,1.4,34.4,80.6,2.0,0.22,98,79,6.6,41,1641660,21.6,13.0,-2.6,618,15.1,Zia Cooke,-7.0,-0.1,15.6,32.6,12.6,-2.49,3.0,98.4,30.5,4.5,3.26,3.6,56,G,5.7,1240,7.5,12.509138200367119,18.292360208633625,6.725916192100613,11.6,0.9135594080638101,5.78145887196705,13.435405307519126,0.731742195273532,12.7,0.059223298726793,56.9,,baseline,24.9,17.9,20.0,309,-2.93,65.1,medium,,1,0.43,-1.5,-4.37,-3.09,0.16,0.392,,True,True,232,-2,1.119,False,5.1,5.5,4.1,4.4,68,53.8,52.6,18.2,49.5,1.7000000000000002,2026-27,0.5,40.4,-5.2,-7.8,0.4,1.3,1.0,16,0.99,SEA,38.2,1.1,9.9,3.5,2.8,44,47.1,-8.9,-1.26,26.2
57.1,70.0,90.0,3.0,28.8,9.7,7.2,8.0,1.5,6,0.0,0.0,0,0.0,-0.11,12.9,,,,,0.0,24.0,35.5,0.88,0.88,30.4,0.4,30,1,0.88,30.4,0.4,30,1,-0.58,30.4,0.2,0.73,11.4,78.6,-0.08,0.0,9.2,71.8,-0.11,-0.24,0.0,0.0,8.2,59.5,0.2,0.13,1.29,78.2,0.0,9.5,66.4,0.39,0.19,0.34,0.2,8.9,65.1,0.0,10.1,59.9,0.88,30.4,30,1,-0.28,-1.4,0.2,0.0,131.7,70.0,18.5,,,,57.1,23.1,,7,4,50.0,10,5,0.0,1.0,10.0,100.0,21.4,,1,1,0.0,2,1630154,,0.0,,30,15.0,Kamiah Smalls,-36.6,0.17,10.8,40.8,6.0,-5.83,0.0,95.1,10.0,3.2,2.4,2.7,2,G,-2.4,62,7.5,,,,,,,,,,,,,,24.2,18.0,20.0,15,-5.63,29.0,low,"low_sample,collinear_lineup",0,0.0,-5.55,-5.7,-5.63,0.0,0.002,,True,True,237,0,0.059000000000000004,False,0.0,0.0,0.0,0.0,0,50.0,30.0,20.0,28.8,0.0,2026-27,0.0,80.0,1.8,7.6,0.0,0.0,0.0,0,0.0,PDX,70.0,2.0,13.5,6.5,5.3,4,71.8,15.8,,20.9
33.3,47.4,73.7,2.0,12.4,6.1,4.7,5.2,1.54,6,0.0,0.0,0,0.0,0.08,13.8,,,,,0.0,8.5,24.0,2.04,1.79,34.2,1.6099999999999999,484,2,2.04,34.4,1.8599999999999999,991,3,-0.55,34.4,-0.78,0.5700000000000001,17.3,76.1,-0.56,-0.03,13.4,64.7,-0.38,-0.7000000000000001,-1.83,-0.01,12.8,53.8,-0.14,-0.17,0.66,83.2,-0.01,14.4,59.2,-0.19,-0.04,-0.02,-0.1,13.5,52.5,-0.01,12.8,53.8,2.04,34.4,991,3,0.04,7.9,0.13,1.6,105.6,34.2,-17.3,,,,33.3,-0.7000000000000001,,9,3,26.3,19,5,7.5,1.3,52.6,90.0,11.4,,10,9,1.9,3,1630462,0.0,15.8,,46,15.3,Aari McDonald,-16.7,0.04,17.2,32.9,7.8,-0.74,1.1,88.9,10.5,4.1,3.13,3.5,4,,3.2,98,7.3,,,,,,,,,,,,,,22.4,17.2,19.1,22,-0.5,33.8,low,low_sample,41,16.8,0.9400000000000001,-1.94,-0.35000000000000003,-0.146,0.394,,True,True,158,1,1.125,False,1.3,2.0,1.6,1.7000000000000002,2,40.0,78.9,26.3,31.7,0.7000000000000001,2026-27,1.0,40.0,-0.5,1.2,1.0,3.1,2.6,3,2.35,MIN,47.4,1.3,12.6,4.1,3.5,4,47.0,-9.0,,25.9
33.6,39.9,62.4,3.7,24.3,7.6,5.6,6.2,2.06,161,0.5,0.4,11,0.30000000000000004,-0.07,99.9,4.7,-27.3,8.8,30.0,3.4,20.8,24.5,-1.46,-1.46,91.2,-0.15,1039,1,-1.46,91.2,-0.15,1039,1,1.24,91.2,1.22,0.8300000000000001,100.0,81.9,0.61,-1.16,100.0,18.1,-2.5300000000000002,0.2,0.0,-0.85,100.0,18.1,0.03,0.07,1.05,53.6,1.3599999999999999,100.0,89.5,-0.02,0.2,0.21,-1.22,80.0,10.5,-0.30000000000000004,100.0,35.7,-1.46,91.2,1039,1,-0.04,6.8,-0.48,10.1,109.7,45.1,-6.4,-0.9,21.37986271441578,5.019747504423025,33.3,-0.7000000000000001,0.08,129,43,37.9,298,113,4.7,2.2,20.5,78.7,0.1,0.02,61,48,6.0,44,1643449,31.4,11.7,-1.0,1039,23.6,Charlisse Leger-Walker,-13.4,-0.03,16.3,36.9,8.7,-0.15,1.2,96.3,25.8,4.6,3.4,3.8,98,G,9.9,2117,7.2,22.6089009459178,27.96532173255547,17.25248015928013,10.7,0.9456391872191411,5.308311639648406,12.959547245058193,0.0,13.0,0.9871905925494201,77.0,,baseline,15.0,11.0,12.2,317,-0.97,53.0,medium,volatile_rank,105,39.32,0.33,-2.27,-1.26,0.28800000000000003,0.34600000000000003,,True,True,193,0,1.014,False,5.4,5.3,3.8,4.3,112,54.4,39.6,19.1,76.4,2.5,2026-27,0.8,41.6,-3.9,-5.0,0.8,1.7000000000000002,1.3,35,1.5899999999999999,CON,43.3,1.8,14.7,3.8,3.1,81,48.8,-7.2,-0.98,17.1
37.7,25.3,56.0,1.9,24.0,6.4,4.5,5.1,1.58,85,0.1,0.1,1,0.0,-0.05,81.0,1.9,-19.9,19.9,63.6,4.6,19.1,26.6,-1.5,-1.6,84.2,-0.27,879,2,-1.5,83.3,-0.17,879,2,1.21,83.3,1.58,0.49,100.0,74.4,0.43,-1.9,100.0,2.5,-3.8200000000000003,0.24,0.11,-1.08,97.1,11.8,0.31,0.17,2.42,52.3,0.68,100.0,83.6,0.29,0.12,0.34,0.8200000000000001,80.0,85.7,-0.2,100.0,42.0,-1.5,83.3,879,2,-0.04,2.7,0.09,5.6,98.3,58.9,7.4,1.35,9.748450800246125,3.630682281604828,41.7,7.7,1.27,72,30,52.7,241,127,2.6,1.2,17.8,72.1,-6.5,-0.66,43,31,4.7,44,1642822,50.0,10.0,-4.8,673,15.3,Kaitlyn Chen,9.2,-0.01,12.2,27.8,10.1,-1.92,2.0,107.5,34.0,4.1,2.89,3.2,54,,4.2,1324,7.2,10.524726964658452,16.307948972924958,4.741504956391947,11.6,0.926242631564787,3.919796128873035,9.908059526977567,0.8923012502853771,9.0,0.024354190378410003,60.9,,baseline,23.8,16.9,18.7,315,-1.6800000000000002,63.0,medium,,5,1.79,-0.22,-3.14,-1.51,-0.167,0.399,,True,True,218,-27,1.137,False,3.7,3.8,2.6,3.0,50,73.0,43.9,26.1,46.6,1.1,2026-27,1.2,43.3,-2.8,-5.5,0.30000000000000004,1.0,0.8,13,0.75,GSV,29.9,1.2,14.0,3.9,3.0,51,60.6,4.6,0.96,21.3
26.7,25.6,66.2,0.9,6.5,2.2,1.7000000000000002,1.8,0.8200000000000001,35,0.1,0.1,2,0.1,-0.13,84.9,4.5,-30.3,6.3,27.3,4.7,-0.30000000000000004,16.6,-6.53,-6.53,86.1,-0.9,760,1,-6.53,86.1,-0.9,760,1,1.13,86.1,0.0,-1.33,100.0,29.8,-0.37,-0.9400000000000001,100.0,26.9,-1.24,0.38,0.0,-0.07,100.0,47.9,0.39,-0.18,-5.35,6.7,-1.25,100.0,6.3,-0.19,-0.34,-0.28,-0.65,80.0,27.7,-1.02,100.0,16.0,-6.53,86.1,760,1,-0.04,6.4,-0.23,10.4,106.1,48.1,-3.4,-0.41000000000000003,3.493805042615863,0.9122238281922751,26.8,-7.2,-0.84,71,19,44.0,234,103,5.0,1.5,27.8,81.5,2.9,0.31,65,53,8.4,39,1643447,33.3,3.8,-12.4,760,19.5,Gabriela Jaquez,-5.8,-0.08,13.8,36.8,9.4,-0.28,3.5,100.3,29.9,3.7,2.75,3.1,58,F,10.4,1575,7.1,7.082059670315665,12.34525701981012,1.818862320821209,10.5,0.493331771442153,1.849108208712317,7.835198543790854,0.15052829803224801,7.7,0.02544102911758,43.3,,baseline,17.7,13.1,14.6,278,-0.66,50.3,medium,volatile_rank,111,46.89,0.65,-1.96,-1.0,0.343,0.34800000000000003,,True,True,171,0,1.018,False,6.7,7.4,5.5,6.1,116,63.1,63.7,35.9,41.6,3.0,2026-27,1.1,32.0,2.1,1.9,0.7000000000000001,1.7000000000000002,1.4,27,1.37,CHI,30.3,1.1,12.6,2.8,2.3,44,52.9,-3.1,-0.30000000000000004,17.6
33.7,62.8,85.5,3.4,22.3,7.4,5.3,5.9,1.7000000000000002,150,0.2,0.2,5,0.1,-0.11,98.3,4.2,27.2,23.0,45.8,8.9,15.0,22.6,-2.54,-2.54,91.2,-0.4,1017,1,-2.54,91.2,-0.4,1017,1,1.25,91.2,0.8,-0.4,100.0,56.7,0.66,-1.96,100.0,1.7000000000000002,-4.31,0.19,0.0,-1.4100000000000001,100.0,0.4,0.03,-0.04,1.74,37.8,1.0,100.0,86.6,-0.02,-0.06,-0.05,-0.24,80.0,43.3,1.32,100.0,95.0,-2.54,91.2,1017,1,-0.06,1.7000000000000002,-0.06,4.9,103.2,49.8,-1.7000000000000002,-0.13,22.71226615366225,6.292259840246701,35.2,1.2,0.35000000000000003,193,68,37.2,269,100,1.8,2.4,17.5,85.1,6.5,0.6900000000000001,47,40,3.6,44,1642781,15.4,4.8,0.7000000000000001,1017,23.1,Georgia Amoore,0.9,-0.05,15.8,33.0,8.9,0.42,1.2,104.1,9.7,5.2,3.75,4.2,106,G,2.5,2027,7.0,23.819678986104815,29.176099772742486,18.463258199467145,10.7,0.9535084904759391,6.599060106015366,14.24939669978544,1.110588142198327,13.1,0.9652783316773,76.7,,baseline,15.2,10.9,12.1,308,0.30000000000000004,50.4,medium,,104,37.67,1.75,-1.16,0.66,-0.368,0.399,,True,True,74,-5,1.1360000000000001,False,3.0,3.0,2.2,2.4,60,56.8,31.3,13.8,74.9,1.4,2026-27,0.4,37.0,-0.4,4.2,0.30000000000000004,0.7000000000000001,0.6000000000000001,14,0.67,WAS,71.7,2.0,17.6,4.3,3.5,88,53.2,-2.8,-0.25,16.5
32.0,26.9,65.6,1.8,4.4,4.1,3.2,3.5,1.6400000000000001,25,2.8,2.4,17,1.2,0.23,54.7,3.8,19.9,13.3,0.0,1.1,8.2,12.0,-1.5899999999999999,-1.76,66.6,-0.06,1398,2,-1.5899999999999999,66.6,0.11,2466,3,0.8300000000000001,66.6,0.33,-1.29,87.9,31.5,0.1,0.92,76.5,97.1,1.76,0.24,-0.37,0.30000000000000004,80.4,74.8,0.07,0.06,-3.84,51.1,-0.13,80.1,48.3,-0.31,-0.11,-0.19,-1.0,69.8,16.4,-0.56,73.3,28.2,-1.5899999999999999,66.6,2466,3,0.14,12.9,0.32,5.6,102.8,44.1,-7.4,-1.06,19.905950151428463,7.005058479476277,30.8,-3.2,-0.27,26,8,39.8,93,37,8.0,2.5,17.2,87.5,8.9,,16,14,3.7,14,1629496,28.6,7.5,1.2,285,20.4,Ezi Magbegor,-6.5,0.09,13.1,34.6,9.6,0.25,0.9,96.3,26.9,5.8,4.42,4.9,35,C,8.3,608,6.9,21.647408907940996,27.003829694578666,16.290988121303325,10.7,0.91955347802047,7.617891342824471,15.267481668571317,2.128673110984205,13.1,0.7216732644126901,70.3,,baseline,15.8,12.2,13.5,96,0.86,44.6,low,,9,3.77,2.7800000000000002,-1.06,0.97,-0.108,0.536,,True,True,44,9,1.498,False,3.2,9.2,7.1,7.9,56,54.3,54.8,37.6,65.6,4.0,2026-27,1.1,13.5,1.9,1.6,0.8,1.8,1.5,11,3.54,SEA,28.0,1.1,3.4,2.5,2.1,15,48.0,-8.0,-1.11,17.2
13.6,22.0,50.3,3.1,19.1,6.6,4.9,5.4,2.38,116,1.4,1.2,25,0.7000000000000001,-0.03,89.4,3.6,-22.2,11.7,40.0,3.3,21.6,25.9,-4.06,-3.99,95.4,-0.32,1891,2,-4.06,92.6,-0.39,1891,2,1.1400000000000001,92.6,0.89,0.76,100.0,80.7,0.89,0.23,100.0,86.6,-0.46,0.39,-0.07,-0.84,100.0,18.9,-0.24,0.11,-3.71,26.1,1.21,100.0,88.2,-0.26,0.08,0.08,-3.43,80.0,0.4,-1.92,100.0,8.0,-4.06,92.6,1891,2,0.03,11.4,-0.22,8.1,111.2,36.5,-15.0,-2.3,21.856456895981506,7.554870034939869,17.1,-16.9,-2.21,76,13,34.3,300,103,9.9,1.8,25.0,60.0,-18.6,-1.9100000000000001,75,45,5.3,38,1642809,30.8,34.7,0.2,857,22.6,Saniya Rivers,-16.6,-0.06,15.9,37.6,10.2,-1.24,1.5,94.6,15.0,3.8,2.81,3.1,67,G,10.8,1746,6.9,22.76109674066626,28.11751752730393,17.40467595402859,10.7,0.9602549975955911,7.867566483753495,16.77767154688092,0.52968827170619,16.2,0.356720171153424,61.4,,baseline,15.1,11.0,12.3,264,-1.71,49.1,low,,19,7.89,0.11,-3.54,-1.78,0.067,0.511,,True,True,219,6,1.424,False,4.6,5.5,4.0,4.5,96,54.7,50.0,25.0,61.6,2.5,2026-27,0.7000000000000001,52.4,-6.1,-10.3,1.1,2.3,1.9,41,2.77,CON,25.3,1.3,8.8,2.9,2.4,51,39.6,-16.4,-2.49,19.3
29.4,29.6,72.6,1.9,15.4,4.7,3.5,3.8,1.73,78,0.4,0.30000000000000004,6,0.1,-0.11,88.7,5.8,17.3,12.8,33.3,6.5,12.6,22.0,-5.27,-5.27,88.5,-0.74,823,1,-5.27,88.5,-0.74,823,1,1.2,88.5,0.8300000000000001,-0.66,100.0,48.3,0.21,-1.12,100.0,21.0,-1.8599999999999999,0.51,0.0,-0.44,100.0,34.9,0.0,0.04,-3.47,15.5,0.11,100.0,73.9,0.02,-0.08,-0.01,-1.46,80.0,6.3,-0.79,100.0,21.8,-5.27,88.5,823,1,0.01,5.5,0.37,10.8,97.8,46.3,-5.2,-0.7000000000000001,17.382821759387323,5.591417339822802,30.1,-3.9,-0.37,83,25,40.9,230,94,3.4,1.9,47.4,60.6,-18.0,-1.85,109,66,8.0,42,1643430,25.0,5.2,-1.4,823,19.6,Cotie McMahon,1.9,-0.13,15.7,28.8,9.1,-0.5,2.4,99.7,22.2,4.9,3.54,3.9,81,G,9.7,1652,6.6,18.236670082212495,24.019892090479,12.453448073945989,11.6,0.95317959260238,5.866069084166037,13.5165761656075,0.37776760802038906,13.1,0.030566842944204003,57.7,,baseline,16.9,12.1,13.6,279,0.0,47.7,low,,92,36.53,1.5,-1.5,-0.09,0.092,0.41300000000000003,,True,True,93,-1,1.17,False,6.8,7.3,5.3,5.8,120,57.1,83.9,36.5,54.5,2.9,2026-27,0.30000000000000004,43.6,3.5,4.9,0.5,1.3,1.1,22,1.22,WAS,36.1,1.1,12.1,2.7,2.2,45,50.2,-5.8,-0.75,17.5
25.0,2.2,62.4,1.0,6.6,2.5,1.9,2.0,1.25,41,1.2,1.0,20,0.5,-0.02,87.9,3.0,3.0,7.4,28.6,7.5,-0.4,14.6,-5.23,-5.08,90.4,-0.47000000000000003,1199,2,-5.23,91.3,-0.62,1931,3,1.17,91.3,0.17,-2.24,100.0,13.9,-0.21,-0.52,100.0,42.4,1.06,-0.01,0.1,1.57,100.0,90.8,-0.11,-0.07,-6.25,17.2,-1.13,100.0,10.5,0.07,-0.25,-0.16,0.32,80.0,70.6,-2.01,95.3,6.7,-5.23,91.3,1931,3,0.0,11.4,-0.19,15.6,107.6,53.0,1.5,0.39,13.781261255064097,3.81362020294333,27.8,-6.2,,18,5,51.6,186,96,6.1,2.1,57.5,75.7,-2.9,-0.29,107,81,16.8,43,1628881,43.5,12.4,-3.7,806,18.7,Monique Billings,2.0,-0.02,13.0,39.2,9.6,-0.35000000000000003,9.1,109.6,25.3,5.5,4.11,4.6,92,F,16.5,1671,6.5,14.971350883745659,20.754572892012163,9.188128875479155,11.6,0.9205088680425191,4.142947814346502,11.802140822388363,0.0,11.8,0.164673496489458,60.4,,baseline,16.6,12.5,13.8,278,-0.81,20.9,low,"prior_heavy,volatile_rank",142,56.15,1.6800000000000002,-3.29,-1.26,0.453,0.66,,True,True,184,23,1.941,True,12.2,12.3,9.2,10.2,205,58.2,110.2,52.7,49.5,4.8,2026-27,1.6,29.2,5.7,4.6,0.8,2.2,1.8,36,2.5,IND,9.7,0.8,15.0,2.1,1.7000000000000002,35,59.6,3.6,0.8,14.3
54.5,57.9,84.2,0.5,4.1,1.6,1.2,1.3,1.67,2,0.0,0.0,0,0.0,-0.15,14.5,6.6,54.8,9.1,66.7,15.8,8.1,8.0,-1.38,-1.38,31.4,-0.08,60,1,-1.38,31.4,-0.08,60,1,-0.54,31.4,-0.29,-0.9400000000000001,22.8,41.2,-0.01,-0.13,18.4,59.2,-0.6000000000000001,-0.81,0.0,-0.04,18.0,50.8,-0.29,-0.15,-1.18,55.5,-0.04,19.9,54.2,0.01,0.02,0.11,0.11,17.8,59.2,0.06,21.1,69.7,-1.38,31.4,60,1,-0.05,0.9,0.05,2.5,104.6,63.2,11.7,,,,57.1,23.1,,14,8,42.1,19,8,1.7000000000000002,1.5,10.5,100.0,21.4,,2,2,5.0,4,1643454,,0.0,,60,15.0,Kara Dunn,-0.9,-0.1,18.0,25.2,8.4,-0.42,3.8,103.7,15.8,4.7,3.6,4.0,6,,0.1,129,6.5,,,,,,,,,,,,,,20.2,15.6,17.3,26,-0.37,37.6,low,low_sample,24,9.85,0.08,-0.8300000000000001,-0.39,0.017,0.061,,True,True,139,-10,0.355,False,3.1,4.7,3.6,4.0,6,0.0,21.0,10.5,36.1,1.5,2026-27,0.0,0.0,-0.6000000000000001,3.7,0.30000000000000004,0.8,0.7000000000000001,1,0.6000000000000001,PHX,73.7,0.30000000000000004,3.3,0.8,0.7000000000000001,1,65.4,9.4,,14.5
42.7,34.4,62.4,0.9,8.4,2.9,2.2,2.4,3.0,36,1.2,1.0,15,0.4,0.09,78.4,1.6,14.6,25.5,37.5,3.7,16.2,14.4,-1.62,-1.53,84.1,-0.33,1226,2,-1.62,84.1,-0.42,1830,3,1.25,84.1,1.48,-1.42,100.0,27.7,0.21,-0.55,100.0,41.2,-0.1,0.29,0.25,0.48,100.0,79.0,-0.05,0.31,-1.29,50.0,-0.31,100.0,37.8,0.5,0.15,0.34,0.66,80.0,80.3,0.27,100.0,79.0,-1.62,84.1,1830,3,0.01,7.7,-0.22,11.2,106.3,55.7,4.2,0.8300000000000001,8.592990792371497,3.97000759444555,42.2,8.2,1.34,83,35,47.7,218,104,4.4,1.7000000000000002,13.8,83.3,4.7,0.5,30,25,9.7,41,1641652,34.6,11.9,-5.6,607,14.8,Maddy Siegrist,5.2,0.09,12.0,35.2,9.2,1.09,4.0,111.5,25.7,5.6,4.15,4.6,70,F,10.7,1249,6.5,9.191424543520501,14.454621893014956,3.928227194026045,10.5,0.934892165157263,4.24648718045223,11.909885892393957,0.0,11.9,0.054621903002857006,59.1,,baseline,21.5,15.8,17.7,268,0.44,30.3,low,,70,24.87,2.5700000000000003,-1.6800000000000002,0.34,0.108,0.585,,True,True,65,21,1.657,False,7.7,8.8,6.6,7.2,110,69.8,38.1,24.3,43.3,2.7,2026-27,1.5,18.3,-2.4,-3.5,0.4,1.3,1.1,16,1.8399999999999999,DAL,38.1,0.30000000000000004,5.3,1.0,0.9,13,58.0,2.0,0.54,17.4
,0.0,50.9,1.2,12.6,3.3,2.5,2.6,1.33,51,2.4,1.9,37,0.8,0.03,87.5,2.3,23.9,6.0,,0.0,8.4,16.8,-2.52,-2.52,85.2,-0.4,776,1,-2.52,85.2,-0.4,776,1,1.21,85.2,1.0,-1.52,100.0,25.6,-0.23,0.5,100.0,90.3,2.7800000000000002,0.44,0.0,1.63,100.0,92.0,0.32,0.38,-5.35,38.2,-0.68,100.0,23.9,0.27,0.13,0.23,-0.12,80.0,51.3,-2.14,81.3,4.2,-2.52,85.2,776,1,0.1,14.3,0.53,17.9,97.2,52.4,0.9,0.29,17.457414694868824,4.46197338993543,0.0,,,0,0,52.4,212,111,10.2,1.4,41.5,69.3,-9.3,-0.9500000000000001,88,61,16.6,44,1643427,31.1,21.2,0.5,776,17.6,Lauren Betts,3.6,-0.08,15.5,28.6,9.2,-0.67,7.0,100.8,27.8,3.9,2.83,3.1,61,C,20.8,1555,6.4,18.084596525818814,23.86781853408532,12.301374517552308,11.6,0.9653195563387561,4.622275971346432,12.274119129385642,0.0,12.3,0.051472748943522,59.6,,baseline,18.2,13.1,14.6,283,0.26,51.7,medium,,73,27.86,1.5899999999999999,-1.06,0.48,-0.217,0.354,,True,True,76,-5,1.032,False,13.1,13.1,9.4,10.5,203,72.2,92.4,50.9,49.6,4.6,2026-27,1.5,24.3,2.0,-2.0,0.6000000000000001,1.6,1.3,25,2.88,WAS,0.0,0.9,11.9,2.6,2.1,40,56.4,0.4,0.27,16.8
26.9,38.8,77.9,1.8,13.7,4.1,3.1,3.4,1.8,77,0.6000000000000001,0.5,11,0.30000000000000004,0.02,94.7,2.8,0.0,2.9,40.7,11.3,11.7,15.7,-5.25,-5.16,95.6,-0.55,1562,2,-5.25,96.1,-0.64,2403,3,1.18,96.1,0.85,-1.33,100.0,29.4,0.31,-1.07,100.0,23.5,-2.98,0.16,0.0,-1.34,100.0,2.5,-0.08,-0.01,-2.32,16.6,0.07,100.0,72.7,0.06,-0.08,0.06,-0.28,80.0,39.1,-0.16,100.0,44.1,-5.25,96.1,2403,3,0.06,6.1,-0.28,4.8,102.9,50.0,-1.5,-0.1,10.299479849711233,3.373030509943643,30.0,-4.0,-0.39,120,36,42.5,240,102,4.5,2.4,20.4,85.7,7.1,0.75,49,42,4.3,44,1642292,33.3,13.8,-9.4,908,20.6,Jacy Sheldon,-2.4,-0.04,14.7,35.3,10.9,-0.87,1.9,100.5,8.3,5.5,4.16,4.6,105,G,4.4,1898,6.4,11.20835740933372,16.991579417600224,5.425135401067215,11.6,0.918910726484719,3.670683574287055,9.654813757934928,0.639055481242737,9.0,0.09609693734492801,62.0,,baseline,14.9,11.2,12.4,282,-1.34,41.6,low,,16,5.79,0.74,-3.42,-1.23,-0.108,0.5760000000000001,,True,True,205,18,1.624,False,3.4,3.2,2.4,2.7,61,70.1,48.3,27.9,51.7,1.4,2026-27,0.4,21.6,1.8,4.5,0.8,1.9,1.6,36,1.8599999999999999,CHI,50.0,1.0,11.5,2.3,1.9,44,53.9,-2.1,-0.14,14.7
27.7,46.4,70.7,1.3,13.9,3.8,2.9,3.1,1.0,44,0.7000000000000001,0.6000000000000001,8,0.2,-0.16,74.7,5.0,3.8,10.1,25.0,2.9,6.7,20.3,-3.8,-3.8,82.1,-0.44,566,1,-3.8,82.1,-0.44,566,1,1.12,82.1,0.30000000000000004,-0.8300000000000001,100.0,43.3,-0.19,-0.92,100.0,27.7,-0.81,0.35000000000000003,0.0,0.29,100.0,74.4,-0.13,0.05,-3.03,29.0,-0.85,100.0,17.6,0.0,-0.17,-0.17,-0.16,80.0,49.2,-0.55,100.0,28.6,-3.8,82.1,566,1,-0.07,6.6,-0.46,11.1,108.6,43.2,-8.3,-1.21,8.022899171062257,2.90350814576811,27.5,-6.5,-0.74,69,19,36.4,140,51,3.8,1.9,86.4,81.8,3.2,0.35000000000000003,121,99,10.2,35,204468,30.0,7.1,-7.3,566,16.2,Valeriane Ayayi,-8.3,-0.08,16.6,33.1,9.5,-0.67,4.5,100.3,22.1,5.6,4.2,4.7,66,F,10.1,1169,6.3,8.891361047268292,14.154558396762749,3.628163697773836,10.5,0.902325204027919,3.217806765018913,9.211563073774478,0.195804797082288,9.0,0.033225200623501004,60.4,,baseline,18.8,14.0,15.5,220,-1.26,54.1,medium,,99,38.48,-0.24,-2.2800000000000002,-1.37,0.107,0.246,,True,True,202,4,0.796,False,7.9,8.3,6.2,6.9,97,50.0,107.8,21.4,49.8,2.8,2026-27,1.0,35.3,-1.5,-0.6000000000000001,0.5,1.5,1.2,17,1.5899999999999999,PHX,49.3,1.3,14.0,3.9,3.3,46,56.9,0.9,0.36,18.6
32.1,30.5,64.8,1.4,10.7,3.6,2.5,2.7,1.4,61,0.6000000000000001,0.5,11,0.30000000000000004,0.06,92.6,4.3,-5.7,11.4,10.0,7.8,7.3,17.6,-4.26,-4.23,94.6,-0.58,1426,2,-4.26,92.7,-0.61,1426,2,1.19,92.7,0.7000000000000001,-1.63,100.0,21.8,-0.17,-0.23,100.0,54.2,1.07,0.36,-0.03,1.07,100.0,84.5,0.16,0.11,-5.4,23.9,-0.53,100.0,28.6,0.27,-0.14,-0.16,-1.15,80.0,11.8,-0.92,100.0,19.3,-4.26,92.7,1426,2,0.07,8.8,0.48,15.4,95.8,45.9,-5.6,-0.77,11.581949883195403,3.102135232511727,27.6,-6.4,-0.73,98,27,40.6,256,104,4.4,2.4,21.9,76.8,-1.8,-0.17,56,43,15.1,44,1630097,11.8,6.6,-8.0,889,20.2,Kaila Charles,12.8,-0.01,10.6,27.2,8.7,0.4,7.4,108.6,28.5,6.1,4.21,4.7,104,G,14.9,1694,6.3,12.162527168407554,17.94574917667406,6.379305160141048,11.6,0.9522650780406711,3.25763834466608,9.242655429600525,0.226897152908335,9.0,0.054023279784024006,62.6,,baseline,16.4,11.2,12.5,278,1.3900000000000001,41.9,low,,16,6.34,3.45,-0.66,1.6,-0.203,0.5700000000000001,,True,True,26,-9,1.607,False,11.4,12.2,8.4,9.3,206,58.8,48.5,26.6,53.2,4.7,2026-27,1.0,31.7,-0.6000000000000001,-1.1,0.8,2.1,1.6,35,1.8599999999999999,GSV,38.3,1.0,11.2,2.5,1.9,43,49.5,-6.5,-0.86,16.6
37.3,39.5,73.3,0.7000000000000001,11.6,2.5,1.8,2.1,1.4,31,2.2,1.9,28,0.6000000000000001,0.2,76.1,3.2,20.7,11.3,55.6,4.3,11.7,16.2,-0.07,-0.07,82.1,-0.08,603,1,-0.07,82.1,-0.08,603,1,1.15,82.1,1.75,-0.8,100.0,45.0,0.14,-0.56,100.0,40.3,-0.13,0.1,0.0,0.54,100.0,79.4,0.43,0.31,0.06,72.3,-0.59,100.0,27.3,0.65,0.17,0.46,1.29,80.0,94.1,0.29,100.0,79.8,-0.07,82.1,603,1,0.05,11.1,0.48,11.2,101.2,58.6,7.1,1.3,10.167992317296068,4.546290660877547,39.1,5.1,0.9,92,36,50.0,210,105,10.0,0.9,17.1,86.1,7.5,0.79,36,31,12.3,44,1629566,31.3,7.6,-2.9,603,13.7,Han Xu,7.3,0.14,11.6,34.5,10.8,-0.16,6.2,108.5,19.0,3.2,2.45,2.7,41,C,13.7,1262,6.3,10.82083871907851,16.604060727345015,5.037616710812006,11.6,0.9396676709882571,4.83818992739866,12.501805359509724,0.0,12.5,0.043277689778889,58.0,,baseline,21.9,16.6,18.4,277,0.51,62.4,medium,,26,9.49,1.51,-0.5,0.7000000000000001,-0.189,0.23900000000000002,,True,True,61,7,0.781,False,9.2,8.6,6.6,7.2,109,72.6,46.6,29.5,47.3,2.5,2026-27,1.3,20.0,1.3,2.9,0.30000000000000004,1.0,0.9,13,2.45,NYL,43.8,0.5,6.9,1.6,1.3,20,61.3,5.3,1.08,18.0
34.5,36.3,68.8,1.9,10.2,3.9,2.9,3.2,1.9,80,0.4,0.4,9,0.2,0.01,98.4,6.2,1.1,8.0,43.8,13.3,9.4,12.6,-6.61,-6.61,91.2,-1.06,1013,1,-6.61,91.2,-1.06,1013,1,1.33,91.2,0.7000000000000001,-2.38,100.0,10.5,0.15,-1.53,100.0,7.1,-3.44,0.03,0.0,-1.12,100.0,10.9,0.1,-0.14,-3.23,6.3,-0.19,100.0,44.5,0.06,-0.13,0.0,0.18,80.0,63.9,0.15,100.0,72.7,-6.61,91.2,1013,1,0.05,8.1,0.11,7.4,106.3,54.2,2.7,0.58,22.080313731774975,6.795257646738197,37.0,3.0,0.6000000000000001,119,44,45.0,240,108,8.3,1.5,7.9,68.4,-10.2,,19,13,5.6,43,1643493,40.9,18.3,-0.9,1013,23.6,Noemie Brochant,-0.9,-0.04,13.5,33.3,9.3,0.27,1.8,105.4,12.9,3.2,2.31,2.6,65,F,8.9,2062,6.3,22.71101126279983,28.0674320494375,17.35459047616216,10.7,0.9722294386750651,6.989355985762614,15.896443356944495,0.0,15.9,0.9914300376326671,75.1,,baseline,13.2,9.6,10.8,273,0.38,52.7,medium,,35,13.9,1.9,-1.1400000000000001,0.29,0.08700000000000001,0.419,,True,True,69,-7,1.185,False,4.7,4.3,3.2,3.5,89,69.6,27.1,19.2,79.0,2.1,2026-27,0.4,15.7,-2.4,-1.9,1.0,2.2,1.8,45,1.92,PHX,49.6,1.0,10.5,2.1,1.7000000000000002,44,55.0,-1.0,0.04,13.1
40.0,39.7,78.8,1.0,7.5,2.8,1.9,2.3,1.0,43,4.7,3.8,72,1.8,0.23,86.0,2.9,-1.6,3.2,28.6,3.7,-0.1,11.0,-0.26,-0.26,86.2,-0.09,762,1,-0.26,86.2,-0.09,762,1,1.3,86.2,1.16,-2.62,100.0,8.4,-0.04,1.76,100.0,99.6,3.41,0.35000000000000003,0.0,0.66,100.0,80.7,-0.16,0.26,-3.68,71.0,-1.0,100.0,13.0,0.49,-0.07,-0.06,1.25,80.0,93.3,-0.28,100.0,37.4,-0.26,86.2,762,1,0.2,20.0,0.63,15.6,101.3,59.3,7.8,1.4100000000000001,23.034211089323108,7.249109518915817,39.0,5.0,0.88,82,32,50.8,189,96,13.6,1.7000000000000002,25.9,71.4,-7.2,-0.73,49,35,12.0,41,1630386,50.0,3.2,4.4,762,18.6,Awak Kuier,9.2,0.04,11.6,34.7,9.2,-0.58,3.9,110.5,18.0,4.6,3.35,3.7,71,F,21.3,1537,6.3,23.034211089323108,28.39063187596078,17.677790302685437,10.7,1.0,7.249109518915817,16.15836961188935,0.0,16.2,0.425243731362869,64.7,,baseline,16.9,12.2,13.6,259,0.37,58.3,medium,,48,18.19,1.48,-0.75,0.48,-0.114,0.28,,True,True,71,-15,0.87,False,10.1,10.4,7.5,8.4,160,64.2,61.3,35.4,60.3,3.9,2026-27,0.7000000000000001,8.3,4.2,7.2,0.6000000000000001,1.6,1.3,24,4.54,DAL,43.4,1.0,14.5,2.7,2.2,41,61.5,5.5,1.11,14.9
34.9,44.3,74.7,0.7000000000000001,7.8,2.4,1.6,1.9,0.78,29,0.2,0.1,2,0.1,-0.2,76.4,3.0,-2.0,3.9,33.3,6.2,0.5,13.2,-7.26,-7.26,82.1,-1.13,606,1,-7.26,82.1,-1.13,606,1,1.13,82.1,0.13,-2.02,100.0,16.4,-0.6000000000000001,-1.9100000000000001,100.0,2.1,-3.38,-0.06,0.0,-0.56,100.0,30.7,0.02,-0.14,-3.95,4.2,-1.3,100.0,5.5,-0.06,-0.21,-0.05,0.30000000000000004,80.0,69.3,0.19,100.0,73.5,-7.26,82.1,606,1,-0.13,3.6,-0.53,9.3,111.5,52.1,0.6000000000000001,0.24,9.801224777016374,3.590874457759147,34.7,0.7000000000000001,0.28,98,34,43.3,194,84,2.3,1.6,24.7,87.5,8.9,0.9400000000000001,48,42,8.8,39,1643494,25.0,2.1,-4.7,606,15.5,Frieda Buhner,-10.4,-0.06,17.5,37.8,11.8,-0.46,4.1,101.1,23.2,5.3,3.8,4.2,64,,7.3,1217,6.3,10.75192351439386,16.535145522660365,4.968701506127355,11.6,0.911578729507816,3.939181928584431,9.92343361829009,0.9076753415978991,9.0,0.015497909655346,60.0,,baseline,20.0,14.6,16.1,244,-1.28,65.4,medium,,25,10.96,-0.63,-1.9300000000000002,-1.51,0.232,0.116,,True,True,203,-6,0.504,False,6.7,6.7,4.9,5.3,81,61.7,48.9,24.2,47.8,2.1,2026-27,0.9,10.7,0.6000000000000001,2.5,0.30000000000000004,1.1,0.9,13,0.89,PDX,50.5,0.9,13.0,2.9,2.3,35,56.7,0.7000000000000001,0.32,18.4
39.4,50.2,84.3,1.8,11.4,3.8,2.9,3.1,2.5700000000000003,77,2.2,1.8,44,1.0,0.15,96.5,5.9,33.7,6.2,35.0,9.2,14.6,12.9,-1.8399999999999999,-1.69,94.3,-0.29,1399,2,-1.8399999999999999,94.5,-0.44,1886,3,1.15,94.5,1.45,-2.87,100.0,3.4,0.30000000000000004,0.58,100.0,91.6,1.17,0.38,0.2,0.15,100.0,71.4,0.61,0.34,-2.8200000000000003,46.6,-0.01,100.0,59.7,0.53,0.03,0.07,0.31,80.0,70.2,0.85,100.0,89.1,-1.8399999999999999,94.5,1886,3,0.15,14.1,0.14,14.9,105.7,54.9,3.4,0.7000000000000001,14.74056210308608,3.728394557447853,38.2,4.2,0.77,144,55,43.2,236,102,9.0,2.1,10.2,58.3,-20.3,-2.09,24,14,11.6,44,1628269,27.3,5.1,-7.1,982,22.3,Nia Brodie,-2.5,0.01,12.9,31.4,10.9,-0.24,3.9,103.2,10.6,4.7,3.45,3.8,94,F,17.7,2009,6.2,15.200383276741004,20.98360528500751,9.417161268474498,11.6,0.9697493697834231,3.844699129096133,11.496253329518836,0.0,11.5,0.07461156254205001,61.1,,baseline,13.6,10.0,11.1,273,-0.07,46.7,low,",collinear_lineup",23,9.26,1.82,-1.9500000000000002,-0.16,0.095,0.526,,True,True,97,-39,1.47,False,9.7,9.3,6.9,7.6,187,63.0,35.1,24.9,58.4,4.3,2026-27,0.8,9.8,2.5,6.8,0.9,2.0,1.7000000000000002,41,3.12,MIN,61.0,0.7000000000000001,8.9,1.5,1.3,31,55.4,-0.6000000000000001,0.11,15.5
23.1,23.7,48.4,1.3,15.5,5.1,4.0,4.3,1.63,50,0.9,0.8,9,0.2,0.18,68.6,5.0,0.0,7.8,33.3,4.1,14.7,25.6,-0.39,-0.6000000000000001,82.1,-0.47000000000000003,1092,2,-0.39,82.1,-0.26,1092,2,1.13,82.1,1.57,0.73,100.0,78.2,0.16,0.58,100.0,91.2,1.87,0.15,0.24,0.85,100.0,82.4,0.42,0.21,-2.02,69.3,0.15,100.0,75.2,0.58,0.04,0.18,-1.83,80.0,4.6,-0.89,100.0,20.2,-0.39,82.1,1092,2,0.15,15.3,0.2,17.2,99.1,42.2,-9.3,-1.37,3.07662963135568,1.550130948088922,24.6,-9.4,-1.15,61,15,38.8,219,85,7.4,1.5,31.5,73.9,-4.7,-0.47000000000000003,69,51,14.0,39,1642793,46.2,17.8,1.0,460,11.8,Aziaha James,6.9,0.03,11.1,32.7,7.7,-0.36,5.3,106.0,33.8,6.0,4.62,5.1,59,F,19.5,977,6.1,12.83325509636332,18.616477104629826,7.050033088096815,11.6,0.23973883541265603,6.465915067205197,15.283357988941505,0.0,15.3,0.0,22.6,,baseline,24.2,18.6,20.5,236,-0.14,22.7,low,"prior_heavy,volatile_rank",144,56.74,2.09,-2.37,-0.05,-0.089,0.609,,True,True,105,-58,1.7389999999999999,True,11.3,9.4,7.3,8.0,92,57.8,52.0,20.5,25.3,2.4,2026-27,0.5,42.4,-6.3,-10.9,0.9,3.6,3.0,35,3.44,DAL,27.9,0.8,9.2,3.1,2.6,30,47.3,-8.7,-1.22,25.9
43.0,61.0,87.9,5.5,23.3,9.5,7.0,7.7,3.24,180,0.6000000000000001,0.5,12,0.4,-0.11,94.1,3.8,-2.0,1.0,28.6,5.0,26.3,22.1,4.48,4.2,96.6,0.09,1804,2,4.48,93.9,0.37,1804,2,1.25,93.9,2.46,-0.52,100.0,53.4,1.47,-0.21,100.0,56.3,-1.3900000000000001,0.51,0.30000000000000004,-1.16,100.0,9.7,0.48,0.64,6.22,91.2,2.66,100.0,96.6,0.51,0.5,0.78,2.42,80.0,100.0,0.44,100.0,83.2,4.48,93.9,1804,2,0.03,9.3,-0.31,8.5,111.8,67.0,15.5,2.67,17.470235029471127,4.127772559738406,41.9,7.9,1.29,93,39,53.2,141,75,9.1,1.8,9.9,71.4,-7.2,,14,10,4.8,33,1627700,50.0,7.1,-8.8,936,28.4,Julie Allemand,-8.4,-0.14,14.5,37.8,12.3,0.23,0.7000000000000001,103.4,5.0,3.2,2.35,2.6,61,G,10.5,1904,6.0,19.57485757052257,25.358079578789077,13.791635562256065,11.6,0.8924833790759851,4.625041380615973,12.279036102110911,0.0,12.3,0.9426490086183791,74.1,,baseline,10.5,7.6,8.5,199,-0.56,40.6,low,,30,10.63,1.46,-2.58,-0.65,0.093,0.56,,True,True,162,17,1.574,False,4.5,5.5,4.1,4.4,104,77.4,31.9,22.0,76.4,3.2,2026-27,0.9,48.0,1.8,7.0,1.3,2.3,1.9,44,2.15,TOR,66.0,1.7000000000000002,12.5,3.0,2.4,57,67.6,11.6,2.11,9.7
40.0,50.0,90.0,0.5,6.3,1.5,1.1,1.3,0.33,1,0.0,0.0,0,0.0,-0.30000000000000004,13.0,,,,0.0,20.0,-2.4,11.2,-0.86,-0.86,30.5,-0.03,32,1,-0.86,30.5,-0.03,32,1,-0.61,30.5,-1.1,-0.54,11.8,52.9,-0.39,0.0,9.7,71.8,-0.24,-0.53,0.0,0.0,8.5,59.5,-0.22,-0.28,-0.91,64.1,0.0,10.0,60.9,-0.26,-0.19,-0.25,-0.11,9.2,51.7,0.0,10.5,59.9,-0.86,30.5,32,1,-0.07,-2.2,-0.05,0.0,117.6,50.0,-1.5,,,,28.6,-5.4,,7,2,40.0,10,4,1.0,5.0,20.0,100.0,21.4,,2,2,0.0,2,1643525,,0.0,,32,16.0,Alex Fowler,-18.3,-0.22,7.9,33.8,1.1,-0.28,0.0,99.3,10.0,15.2,11.25,12.5,10,,-9.0,66,6.0,,,,,,,,,,,,,,18.2,13.5,15.0,12,-0.32,29.3,low,low_sample,30,10.79,-0.26,-0.38,-0.31,-0.01,0.001,,True,True,130,-13,0.045,False,0.0,0.0,0.0,0.0,0,100.0,40.0,20.0,35.1,0.0,2026-27,2.0,0.0,3.4,9.2,0.5,1.5,1.3,1,1.13,NYL,70.0,1.5,12.5,4.5,3.8,3,55.1,-0.9,,20.0
27.9,37.2,81.1,1.0,6.6,2.9,2.0,2.3,0.8300000000000001,33,1.3,1.0,15,0.5,0.01,74.7,4.0,-4.7,20.3,12.5,4.9,-2.6,11.5,-5.26,-5.26,84.2,0.47000000000000003,1624,2,-5.26,84.1,0.47000000000000003,2581,3,1.13,84.1,-0.08,-2.34,100.0,11.3,-0.28,-0.79,100.0,31.1,-0.26,0.0,-1.1,0.75,100.0,81.9,-0.1,-0.18,-6.16,16.0,-1.25,100.0,6.7,0.02,-0.33,-0.35000000000000003,-0.31,80.0,38.2,-0.8300000000000001,100.0,21.0,-5.26,84.1,2581,3,0.04,9.9,0.36,12.7,105.0,51.2,-0.30000000000000004,0.09,19.731234441926755,7.114026492609242,26.1,-7.9,-0.9400000000000001,69,18,45.7,164,75,5.0,2.4,22.6,67.6,-11.0,-1.12,37,25,11.4,32,1629501,54.5,6.7,2.2,573,17.9,Alanna Smith,-2.4,-0.03,13.8,33.7,9.7,0.6000000000000001,4.9,102.6,12.2,6.6,4.77,5.3,76,C,12.7,1146,6.0,20.142104176896343,25.498524963534013,14.785683390258672,10.7,0.979601449214979,7.262164116141506,16.169612497003705,0.0,16.2,0.16190552258656202,58.5,,baseline,16.8,12.1,13.5,193,1.06,23.6,low,prior_heavy,46,18.18,3.58,-1.47,1.43,-0.373,0.666,,True,True,34,3,1.971,False,8.9,11.0,7.8,8.8,126,68.8,61.6,39.0,51.7,3.9,2026-27,0.7000000000000001,8.0,5.4,8.9,0.7000000000000001,2.0,1.6,23,2.39,DAL,42.1,1.2,15.6,3.3,2.7,38,53.5,-2.5,-0.2,16.8
,0.0,66.7,0.30000000000000004,4.2,2.8,1.9,2.4,0.43,1,5.6,4.7,2,0.7000000000000001,1.28,12.2,,,,,0.0,-17.0,19.5,-1.1400000000000001,-1.16,31.6,-1.58,224,2,-1.1400000000000001,31.2,-1.56,319,3,-0.62,31.2,-0.44,0.13,11.9,67.6,-0.28,0.0,9.0,71.8,-0.25,-0.55,1.56,0.0,9.3,59.5,0.13,-0.08,0.81,58.6,0.0,9.6,66.4,0.14,-0.07,-0.14,0.49,8.9,75.6,0.0,8.0,59.9,-1.1400000000000001,31.2,319,3,0.55,23.0,-0.07,5.5,75.0,77.8,26.3,,,,0.0,,,0,0,77.8,9,7,10.0,1.0,55.6,80.0,1.4,,5,4,19.4,3,1629480,,0.0,,17,5.7,Kalani Brown,52.5,0.74,16.9,33.9,6.4,0.48,18.8,127.5,33.3,8.3,6.35,7.1,3,,11.8,36,6.0,,,,,,,,,,,,,,50.0,37.9,42.4,18,0.37,25.3,low,"low_sample,collinear_lineup",41,15.98,1.88,-1.13,0.53,-0.158,0.41500000000000004,,True,True,70,86,1.174,False,10.0,13.9,10.7,11.8,5,66.7,122.3,66.7,18.3,1.7000000000000002,2026-27,1.0,14.3,10.6,10.5,0.30000000000000004,2.8,2.4,1,6.35,LVA,0.0,0.7000000000000001,28.6,5.6,4.7,2,80.4,24.4,,33.8
38.1,17.8,78.0,1.0,6.1,2.6,2.0,2.2,0.77,24,0.9,0.7000000000000001,8,0.30000000000000004,-0.13,69.0,2.5,6.6,9.9,27.3,9.3,0.4,11.8,-7.53,-7.45,80.3,-0.46,1280,2,-7.53,80.3,-0.54,1649,3,1.23,80.3,-0.98,-1.85,100.0,17.6,-0.51,-1.78,99.7,3.8,-2.35,-0.44,-0.28,0.33,100.0,76.1,-0.27,-0.55,-5.59,2.9,-1.32,98.3,4.2,-0.64,-0.53,-0.48,-0.22,80.0,45.0,-0.98,87.0,16.8,-7.53,80.3,1649,3,-0.07,5.9,-0.07,7.6,114.5,54.7,3.2,0.66,11.841465934943171,4.473802740160729,34.4,0.4,0.23,32,11,50.0,118,59,3.6,2.3,27.1,56.3,-22.3,-2.29,32,18,7.4,25,1627701,35.7,11.9,-4.7,444,17.8,Temi Fagbenle,-16.7,-0.07,16.0,37.5,11.5,-1.65,3.8,97.8,10.2,6.3,4.7,5.2,58,C,6.3,919,5.9,13.089364638530451,18.872586646796957,7.306142630263946,11.6,0.9046631568415541,4.945269083113866,13.860060185495756,0.0,13.9,0.36161314132648903,61.3,,baseline,16.0,11.9,13.2,147,-1.87,48.5,low,,13,5.12,-0.05,-3.69,-2.02,0.146,0.51,,True,True,223,11,1.422,False,5.5,9.2,6.9,7.7,85,65.0,77.9,50.8,54.4,3.4,2026-27,0.8,11.9,8.1,10.9,0.5,1.4,1.2,13,1.7000000000000002,TOR,27.1,1.3,11.0,3.5,2.9,32,55.6,-0.4,0.14,16.3
50.0,82.4,94.1,5.4,42.3,15.3,12.0,13.3,2.25,27,0.0,0.0,0,0.0,0.02,15.7,1.9,23.5,0.0,,0.0,33.9,26.6,-0.61,-1.57,36.2,-2.67,489,2,-0.61,37.4,-1.71,1366,3,-0.51,37.4,1.16,-0.06,29.6,64.7,0.89,-0.01,26.2,66.0,-0.09,0.07,1.83,-0.09,25.3,45.8,0.59,0.27,1.62,66.4,0.39,26.2,80.3,0.72,0.26,0.45,0.86,23.1,87.0,0.1,26.1,71.0,-0.61,37.4,1366,3,0.04,2.2,-0.13,6.4,93.8,73.5,22.0,,,,50.0,16.0,,14,7,52.9,17,9,1.8,2.2,23.5,100.0,21.4,,4,4,5.1,5,1642210,0.0,5.9,,81,16.2,Julie Vanloo,21.0,-0.02,16.4,36.4,8.9,-1.34,1.3,114.8,0.0,6.2,4.89,5.4,11,,3.3,177,5.8,,,,,,,,,,,,,,16.4,12.9,14.3,29,-1.5899999999999999,35.4,low,"low_sample,prior_heavy",5,1.92,0.65,-3.83,-1.63,0.045,0.611,,True,True,217,-36,1.7469999999999999,False,4.4,5.6,4.4,4.9,10,100.0,35.3,11.8,38.4,2.0,2026-27,0.4,22.2,-0.2,6.6,0.4,1.1,1.0,2,0.89,NYL,82.4,2.4,21.7,6.8,5.9,12,77.3,21.3,,16.3
33.3,52.2,85.5,0.6000000000000001,3.6,1.7000000000000002,1.2,1.4,1.0,18,1.2,1.0,13,0.4,0.08,70.8,4.7,4.4,14.6,62.5,17.4,0.0,10.1,-6.08,-6.31,81.5,-0.9400000000000001,1289,2,-6.08,81.5,-0.71,1670,3,1.15,81.5,0.54,-2.84,100.0,3.8,-0.27,-1.25,100.0,16.0,-2.11,-0.08,0.15,-0.26,95.1,39.5,0.55,-0.08,-3.89,8.8,-1.27,100.0,5.9,0.25,-0.28,-0.26,0.53,80.0,77.3,1.07,100.0,92.4,-6.08,81.5,1670,3,0.0,6.9,-0.19,7.1,108.5,56.2,4.7,0.91,14.79771526486645,5.385652619372589,40.6,6.6,1.11,96,39,42.0,138,58,4.5,2.1,10.9,86.7,8.1,,15,13,5.8,29,204296,12.5,5.8,-2.9,529,18.2,Rebecca Allen,-1.4,0.08,15.1,31.2,7.8,-0.47000000000000003,2.3,107.1,8.7,5.8,4.22,4.7,62,F,6.7,1078,5.8,15.322105550253756,21.105327558520262,9.53888354198725,11.6,0.965775572837075,5.576505319503603,14.483061847160988,0.0,14.5,0.7454554705824731,71.1,,baseline,15.6,11.5,12.7,168,-0.81,27.5,low,volatile_rank,124,48.75,1.27,-2.9,-0.86,0.045,0.5760000000000001,,True,True,185,-11,1.627,False,4.6,6.9,5.1,5.6,74,63.6,26.8,15.9,64.5,2.6,2026-27,0.9,13.8,0.9,5.5,0.5,1.4,1.1,15,1.9100000000000001,NYL,69.6,0.6000000000000001,9.5,1.6,1.3,17,58.1,2.1,0.55,13.5
44.4,19.1,74.5,2.7,25.7,7.5,5.9,6.5,1.5899999999999999,32,0.5,0.4,2,0.2,-0.13,54.1,0.9,-117.2,0.0,0.0,4.3,17.9,28.8,-2.51,-2.51,51.4,-0.30000000000000004,198,1,-2.51,51.4,-0.30000000000000004,198,1,0.25,51.4,0.55,0.49,71.8,73.9,0.2,-2.0,58.8,1.3,-4.45,-1.6099999999999999,0.0,-0.76,55.9,21.4,-0.07,-0.23,1.62,38.7,0.65,63.6,82.8,0.01,0.19,0.47000000000000003,0.65,56.1,79.0,-0.73,54.1,23.1,-2.51,51.4,198,1,0.02,8.4,0.08,5.1,105.1,61.7,10.2,,8.371642638634029,3.045879147326981,36.4,2.4,,11,4,57.4,47,27,6.2,1.8,34.0,62.5,-16.1,,16,10,4.6,12,1643439,,0.0,-7.6,198,16.5,Tonie Morgan,-11.8,-0.15,19.5,41.5,11.3,-0.66,1.8,93.3,25.5,4.9,3.8200000000000003,4.2,21,G,6.0,426,5.7,8.932924948998785,14.19612229849324,3.669727599504329,10.5,0.9371670182421411,3.250092126630941,10.91759034277894,0.0,10.9,0.126962310799413,61.7,,baseline,16.0,12.4,13.7,68,-0.56,65.4,medium,low_sample,14,5.79,0.15,-1.27,-0.51,-0.05,0.136,,True,True,164,-12,0.553,False,3.7,3.5,2.8,3.0,15,79.2,85.1,51.1,49.1,1.3,2026-27,0.6000000000000001,63.0,8.0,9.9,0.9,2.6,2.2,11,2.36,LAS,23.4,1.7000000000000002,17.7,4.7,4.0,20,62.9,6.9,,16.1
,0.0,75.0,0.5,4.4,1.3,0.9,1.1,0.63,22,2.0,1.7000000000000002,34,0.8,0.04,88.4,5.1,-0.9,8.7,,0.0,-5.0,11.1,-4.25,-4.25,86.9,-0.75,823,1,-4.25,86.9,-0.75,823,1,1.06,86.9,0.11,-2.92,100.0,2.9,-0.32,-0.05,100.0,63.4,1.87,0.43,0.0,1.52,100.0,89.9,0.16,0.02,-6.2,24.4,-1.53,100.0,2.9,0.17,-0.27,-0.15,1.6,80.0,97.9,-2.12,81.0,5.0,-4.25,86.9,823,1,0.07,12.4,0.12,16.9,107.0,64.1,12.6,2.2,25.445564589560433,7.855046596842193,0.0,,,0,0,64.1,156,100,6.9,2.0,39.7,69.4,-9.2,-0.9400000000000001,62,43,17.0,43,1642815,33.3,1.9,6.9,823,19.1,Makayla Timpson,10.6,-0.03,12.8,40.4,9.2,1.53,8.6,117.6,23.1,5.0,3.81,4.2,87,F,18.3,1726,5.7,26.01881725900028,31.37523804563795,20.66239647236261,10.7,0.9779677660312731,8.032009714102385,16.939996757160344,0.6920134819856121,16.2,0.8880520669134081,72.9,,baseline,14.1,10.7,11.8,243,1.6,51.9,medium,,57,22.22,3.03,0.18,1.88,-0.277,0.388,,True,True,20,7,1.111,False,12.7,12.1,9.2,10.2,209,70.9,114.7,75.0,71.4,4.9,2026-27,1.4,22.0,14.3,16.3,0.6000000000000001,1.5,1.3,26,2.62,IND,0.0,0.8,14.9,2.0,1.7000000000000002,34,66.3,10.3,1.9,11.5
36.4,36.4,63.6,3.2,29.7,11.8,8.6,9.4,1.28,92,0.1,0.1,1,0.0,-0.2,63.0,3.2,14.4,28.9,40.0,3.3,19.4,35.4,5.15,5.15,80.2,0.88,390,1,5.15,80.2,0.88,390,1,1.2,80.2,1.6600000000000001,3.45,100.0,97.9,0.62,-0.08,99.2,61.8,-0.81,0.63,0.0,-0.86,90.2,17.6,-0.14,0.51,6.04,93.5,1.57,97.4,91.2,0.45,0.24,0.36,-0.68,80.0,26.9,0.01,98.4,66.0,5.15,80.2,390,1,-0.04,6.5,-0.07,6.1,105.7,49.0,-2.5,-0.27,2.538064454570547,0.9863461166389251,36.7,2.7,0.56,60,22,41.7,151,63,4.6,1.5,11.9,72.2,-6.4,,18,13,6.1,29,1643506,35.3,11.3,-7.1,390,13.4,Teja Oblak,-8.4,-0.15,16.7,30.1,11.0,-0.75,2.7,97.3,25.2,5.7,4.06,4.5,44,G,5.7,777,5.6,6.272417595329095,11.53561494482355,1.009220245834639,10.5,0.40463894758228103,2.437595596104493,8.42592673597033,0.0,8.4,0.036236212659856,38.7,,baseline,20.7,15.0,16.5,161,-0.8200000000000001,56.2,medium,,98,38.91,-0.11,-1.53,-0.84,0.015,0.137,,True,True,186,-13,0.555,False,4.7,5.9,4.3,4.7,46,38.9,35.7,23.8,32.9,1.6,2026-27,0.5,65.1,-2.3,-3.1,0.7000000000000001,2.4,1.9,19,1.85,PDX,39.7,2.5,19.3,9.3,7.4,72,50.7,-5.3,-0.66,26.6
29.0,27.4,47.8,2.1,15.5,6.4,4.8,5.4,1.75,47,0.5,0.5,4,0.2,0.03,61.9,0.9,0.0,46.0,50.0,5.3,15.8,23.9,-3.54,-3.73,76.8,-0.5700000000000001,655,2,-3.54,76.8,-0.38,655,2,1.02,76.8,0.92,0.28,99.4,69.7,0.73,-1.58,93.3,6.3,-3.37,0.02,0.2,-0.99,83.3,13.9,-0.34,-0.1,-0.07,31.5,0.85,94.4,84.9,-0.22,0.08,0.13,-0.8200000000000001,79.5,21.8,-0.5,89.8,29.4,-3.54,76.8,655,2,0.01,7.7,-0.04,4.7,106.5,47.8,-3.7,-0.46,1.070360885015084,0.28140821822976003,32.4,-1.6,-0.05,37,12,42.5,113,48,7.1,1.3,12.4,85.7,7.1,,14,12,3.2,22,1642817,42.1,16.8,-14.1,347,15.8,Hailey Van Lith,-15.6,0.02,16.0,35.9,10.4,-3.05,0.8,90.9,35.4,3.8,2.9,3.2,28,G,5.9,730,5.5,1.7269832832908931,6.990180632785349,0.0,7.0,0.619786477015245,0.454040590857935,6.470481989387972,0.0,6.5,0.06730880564012001,52.6,,baseline,16.4,12.5,13.8,120,-3.08,64.7,medium,,5,1.92,-1.92,-4.24,-3.11,0.031,0.297,,True,True,234,-6,0.906,False,2.8,4.9,3.6,4.1,36,64.7,27.4,15.0,39.2,1.6,2026-27,0.5,52.1,-7.8,-12.6,0.7000000000000001,2.2,1.8,16,2.07,CON,32.7,1.2,8.4,3.6,3.0,26,50.4,-5.6,-0.71,18.0
30.7,61.4,83.1,1.0,14.8,3.5,2.5,2.9,2.0,45,0.0,0.0,0,0.0,-0.04,76.7,0.8,-80.1,21.8,43.5,11.1,17.9,15.5,-6.23,-6.24,85.3,-0.9,1519,2,-6.23,85.0,-0.89,2269,3,1.25,85.0,0.64,-1.53,100.0,25.2,0.17,-1.81,100.0,3.4,-4.01,0.33,0.30000000000000004,-1.3900000000000001,92.7,0.8,0.18,-0.14,-2.0,8.4,-0.11,100.0,49.2,-0.17,-0.11,0.09,-0.79,80.0,23.1,1.31,100.0,94.5,-6.23,85.0,2269,3,-0.09,3.3,-0.71,6.2,115.0,45.2,-6.3,-0.88,5.266218456835848,2.556021930679276,32.7,-1.3,-0.01,150,49,33.3,207,69,2.8,1.3,27.1,89.3,10.7,1.12,56,50,5.0,43,1628915,38.1,10.1,-8.5,617,14.3,Kia Nurse,-16.5,0.05,15.8,36.2,13.0,-1.32,2.1,98.5,6.8,4.4,3.27,3.6,56,G,4.8,1278,5.5,5.789802350928389,11.052999700422845,0.5266050014339331,10.5,0.9095679157322901,2.810149617713188,10.480889631350745,0.0,10.5,0.015673661836959,58.8,,baseline,18.5,13.8,15.4,237,-2.41,45.9,low,,6,2.18,-0.38,-4.45,-3.03,0.611,0.5640000000000001,,True,True,228,8,1.585,False,3.9,3.9,3.0,3.2,50,45.5,37.7,10.6,42.0,1.2,2026-27,0.4,11.6,-1.9,2.1,0.4,1.3,1.0,16,0.93,TOR,72.5,0.5,6.1,1.7000000000000002,1.4,22,51.2,-4.8,-0.58,17.8
37.3,41.7,67.3,1.4,14.0,4.6,3.3,3.7,1.56,60,0.5,0.4,6,0.1,0.01,79.8,3.7,7.4,13.4,35.3,8.5,12.3,19.0,-5.06,-5.07,84.3,-0.65,1080,2,-5.06,82.7,-0.64,1080,2,1.13,82.7,0.46,-0.58,100.0,51.7,0.17,-1.44,100.0,10.5,-3.47,0.13,0.02,-1.3,94.4,3.8,-0.01,-0.14,-1.62,18.5,-0.02,100.0,57.6,-0.02,-0.2,-0.04,-0.81,80.0,22.3,0.26,100.0,77.7,-5.06,82.7,1080,2,0.02,5.1,0.19,4.1,105.0,48.0,-3.5,-0.43,6.64153761784917,1.9544856364531351,37.0,3.0,0.6000000000000001,100,37,38.7,199,77,4.7,1.4,19.6,87.2,8.6,0.9,39,34,4.8,42,1631118,32.1,14.1,-8.0,646,15.4,Lexi Held,-4.2,-0.01,15.8,30.2,9.8,-1.83,2.8,100.8,18.6,4.3,3.18,3.5,57,G,3.9,1314,5.4,7.405778982857176,12.668976332351631,2.14258163336272,10.5,0.8968047295528171,2.179388190144492,8.185334062186755,0.0,8.2,0.032544642511933,61.0,,baseline,17.1,12.6,13.9,225,-1.58,55.3,medium,,34,12.99,-0.27,-2.89,-1.38,-0.2,0.34900000000000003,,True,True,216,-2,1.021,False,3.4,3.5,2.6,2.8,46,55.9,36.7,17.1,47.5,1.1,2026-27,0.5,31.2,-3.3,-3.2,0.5,1.6,1.3,21,1.5,TOR,50.3,0.9,9.9,2.8,2.3,37,52.0,-4.0,-0.45,17.5
12.5,5.1,82.8,0.30000000000000004,4.0,1.4,1.2,1.1,0.25,11,1.5,1.3,12,0.30000000000000004,-0.11,66.0,2.3,16.3,16.3,0.0,0.6000000000000001,-13.8,18.1,-2.77,-2.77,79.5,-0.32,384,1,-2.77,79.5,-0.32,384,1,1.03,79.5,-1.12,-0.65,100.0,49.2,-2.01,-0.68,99.4,36.1,2.75,-0.25,0.0,3.34,100.0,99.6,-0.51,-0.27,-5.57,35.3,-3.0,97.5,0.4,0.01,-0.49,-0.52,0.92,80.0,88.7,-1.96,80.6,7.6,-2.77,79.5,384,1,-0.08,11.2,-0.02,21.0,102.6,58.3,6.8,1.25,4.635374374212801,2.277025333409372,11.1,-22.9,,9,1,58.0,157,91,3.8,1.6,35.7,76.8,-1.8,-0.17,56,43,22.3,42,1643431,100.0,0.6000000000000001,-4.0,384,9.1,Madina Okot,-3.2,-0.03,15.0,32.4,8.8,-0.81,11.3,99.4,16.6,8.5,6.38,7.1,68,C,19.5,797,5.4,5.121089786944302,10.384287136438758,0.0,10.4,0.9051538963503851,2.5156223075329223,8.502689855879268,0.0,8.5,0.05964478039425201,61.7,,baseline,28.4,21.4,23.5,226,-0.8300000000000001,53.7,medium,volatile_rank,97,39.98,0.01,-1.6800000000000002,-0.86,0.022,0.182,,True,True,187,-12,0.659,False,16.6,17.6,13.1,14.6,140,66.1,112.8,77.1,40.5,3.3,2026-27,1.4,25.3,16.3,20.3,0.30000000000000004,1.8,1.5,14,2.44,ATL,5.7,1.2,23.5,6.3,5.2,50,62.2,6.2,1.23,25.9
53.3,14.2,68.9,0.7000000000000001,5.6,3.1,2.3,2.5,1.17,22,3.3,2.6,23,0.7000000000000001,0.2,60.4,1.2,-62.2,0.0,50.0,1.9,3.5,14.7,-1.46,-1.38,77.9,-0.19,348,1,-1.46,77.9,-0.27,713,2,0.9500000000000001,77.9,0.63,-1.55,99.6,24.8,-0.34,0.24,94.1,87.4,2.09,-0.04,0.08,1.54,98.5,90.3,-0.37,0.03,-3.5,53.6,-0.88,94.2,16.0,0.35000000000000003,-0.1,-0.04,0.74,79.7,83.6,-1.11,81.1,15.5,-1.46,77.9,713,2,0.14,15.8,-0.04,14.5,104.5,56.1,4.6,0.89,4.10454809974533,1.932732915715233,52.9,18.9,,17,9,51.9,106,55,6.7,1.8,58.5,77.4,-1.2,-0.11,62,48,11.6,31,204323,20.0,4.7,-5.2,348,11.2,Cheyenne Parker-Tyus,7.5,0.06,10.3,33.1,8.6,0.05,5.2,112.0,26.4,8.1,5.9,6.6,57,C,16.5,705,5.4,6.029156008798882,11.292353358293337,0.7659586593044261,10.5,0.680783196479772,2.8389844604113383,8.832942225365464,0.0,8.8,0.09419602942789901,51.8,,baseline,23.7,17.4,19.2,167,-0.11,55.7,medium,,21,8.5,1.17,-1.4,0.06,-0.168,0.341,,True,True,102,32,1.004,False,9.0,12.6,9.3,10.2,89,62.5,111.3,52.8,36.4,2.9,2026-27,1.0,20.0,7.0,7.5,0.5,2.1,1.7000000000000002,15,3.93,LVA,16.0,0.6000000000000001,8.5,2.6,2.1,18,62.7,6.7,1.31,19.4
34.2,64.6,80.5,2.1,10.4,5.8,4.3,4.9,1.9100000000000001,45,0.30000000000000004,0.2,2,0.1,0.09,63.3,7.1,12.5,22.2,14.3,12.4,12.7,13.6,-1.98,-1.8900000000000001,78.4,-0.1,1316,2,-1.98,78.4,-0.19,1873,3,1.1,78.4,0.41000000000000003,-1.22,100.0,34.0,0.36,-0.32,92.1,49.6,-1.08,0.44,-0.02,-0.72,86.9,23.5,0.32,0.09,-0.96,44.1,0.59,94.4,81.9,-0.17,-0.15,-0.11,-1.16,80.0,11.3,1.48,100.0,96.2,-1.98,78.4,1873,3,-0.03,4.8,0.04,4.6,110.6,42.9,-8.6,-1.26,18.817205337476967,5.511483000761896,31.0,-3.0,-0.25,87,27,31.0,113,35,4.0,1.8,13.3,100.0,21.4,,15,15,3.3,21,1628244,28.6,6.2,2.6,368,17.5,Sami Whitcomb,-6.8,0.12,15.3,34.2,8.5,0.03,1.1,103.8,13.3,4.9,3.7199999999999998,4.1,38,G,3.8,773,5.3,20.122091395731545,25.478512182369215,14.765670609093874,10.7,0.93515156886071,5.893678826285348,13.546652199252893,0.407843641665783,13.1,0.931728464257057,75.2,,baseline,14.5,10.9,12.2,112,0.13,34.6,low,,55,20.21,2.09,-1.83,0.12,0.01,0.545,,True,True,85,5,1.5270000000000001,False,2.7,4.7,3.5,3.9,36,100.0,16.8,3.5,70.4,1.7000000000000002,2026-27,0.4,11.4,-3.9,-0.5,0.6000000000000001,1.7000000000000002,1.4,13,1.47,PHX,77.0,1.1,6.7,3.1,2.6,24,46.8,-9.2,-1.3,17.0
33.3,37.1,73.7,0.7000000000000001,4.7,1.7000000000000002,1.4,1.5,0.87,30,0.5,0.4,8,0.2,0.05,87.8,4.5,1.0,7.9,34.5,14.9,-1.9,11.2,-7.21,-7.25,94.1,-0.75,1928,2,-7.21,93.2,-0.71,2513,3,1.12,93.2,-0.01,-2.75,100.0,5.9,-0.44,-1.32,100.0,13.9,-1.79,0.23,-0.17,-0.02,100.0,52.9,0.2,-0.14,-5.67,5.0,-1.33,100.0,3.8,0.17,-0.32,-0.25,-0.04,80.0,54.2,-0.01,100.0,53.4,-7.21,93.2,2513,3,0.0,5.8,0.03,11.3,104.9,51.5,0.0,0.14,15.213118476675472,3.929609634793697,33.7,-0.30000000000000004,0.14,101,34,42.8,194,83,3.0,2.6,18.0,82.9,4.3,0.46,35,29,10.4,44,1631086,47.8,11.9,-1.4,818,18.6,Lexie Hull,9.4,0.05,13.5,37.0,8.1,0.09,4.6,114.3,14.4,6.6,5.02,5.6,114,F,9.3,1726,5.2,17.18154799973907,22.964770008005576,11.398325991472564,11.6,0.885433517218967,4.438062890521805,12.089373048480628,0.0,12.1,0.9099413489592041,73.4,,baseline,13.3,10.1,11.2,229,0.2,32.8,low,,50,20.15,2.32,-1.9100000000000001,0.74,-0.535,0.584,,True,True,83,-32,1.6520000000000001,False,8.1,7.6,5.8,6.5,132,57.1,39.6,21.6,66.5,3.0,2026-27,1.0,19.3,-0.30000000000000004,1.4,0.6000000000000001,1.5,1.3,26,1.5,IND,52.1,0.8,12.6,1.9,1.6,33,54.7,-1.3,-0.01,12.6
0.0,12.7,73.6,0.6000000000000001,4.6,2.1,1.6,1.8,0.86,18,0.8,0.7000000000000001,7,0.2,0.06,66.6,2.8,-25.7,9.6,12.5,7.3,-1.7000000000000002,11.8,-5.43,-5.43,79.8,-0.85,405,1,-5.43,79.8,-0.85,405,1,1.18,79.8,-0.16,-1.85,100.0,18.5,-0.35000000000000003,0.18,99.1,83.2,0.93,0.27,0.0,0.48,99.0,78.6,0.06,-0.05,-6.45,13.9,-1.32,97.5,4.6,-0.22,-0.32,-0.29,-0.33,80.0,37.4,-1.69,85.4,10.1,-5.43,79.8,405,1,0.05,10.7,0.24,14.6,104.2,44.1,-7.4,-1.06,7.812612561040423,2.937696970284748,4.5,-29.5,-3.99,22,1,43.6,110,48,5.7,1.6,59.1,89.2,10.6,1.11,65,58,10.3,30,1642786,33.3,5.5,-4.2,405,13.5,Aicha Coulibaly,0.30000000000000004,0.01,13.7,34.8,11.3,-0.11,2.9,104.5,20.9,5.5,4.18,4.6,47,F,15.2,862,5.2,9.281691251313402,14.544888600807859,4.018493901818947,10.5,0.841722952154317,3.490099637613497,9.474050437966612,0.874319171672697,8.6,0.047849464365041006,58.4,,baseline,18.0,13.9,15.3,155,0.21,55.7,medium,,74,28.02,1.05,-0.63,0.11,0.098,0.181,,True,True,81,4,0.655,False,8.9,9.2,6.9,7.8,79,55.9,112.7,53.6,43.6,2.6,2026-27,0.30000000000000004,12.5,8.4,10.1,0.7000000000000001,2.3,2.0,20,2.4,CHI,20.0,0.7000000000000001,12.2,2.6,2.2,22,55.9,-0.1,0.19,17.0
,0.0,58.3,1.4,12.8,3.7,2.9,3.2,1.75,60,2.4,2.1,39,0.9,0.03,84.6,4.8,-21.9,14.9,,0.0,11.4,15.1,-6.43,-6.43,84.5,-0.74,757,1,-6.43,84.5,-0.74,757,1,1.11,84.5,0.33,-2.16,100.0,14.7,0.24,0.62,100.0,92.9,1.99,0.28,0.0,0.86,100.0,82.8,0.2,-0.08,-8.53,7.6,-0.38,100.0,34.5,-0.26,-0.27,-0.23,-2.21,80.0,2.5,-2.12,81.8,4.6,-6.43,84.5,757,1,0.08,15.1,0.13,13.3,104.2,46.7,-4.8,-0.64,6.078210820302877,2.294947852764359,0.0,,,0,0,46.7,199,93,11.5,1.4,46.7,45.2,-33.4,-3.44,93,42,13.8,44,204322,20.0,7.5,-10.5,757,17.2,Elizabeth Williams,-3.8,-0.05,14.7,36.2,12.1,-0.9400000000000001,7.3,100.4,34.2,3.8,2.95,3.3,62,F,17.1,1614,5.2,6.683325365928173,11.946522715422628,1.420128016433717,10.5,0.9094590622940201,2.523420732072954,8.506171730817162,0.0,8.5,0.020366990506399,61.0,,baseline,14.1,10.9,12.0,228,-0.77,38.4,low,prior_heavy,9,3.35,1.49,-3.04,-0.8300000000000001,0.061,0.616,,True,True,181,38,1.767,False,10.2,9.8,7.5,8.3,158,55.2,105.0,58.3,48.9,3.6,2026-27,0.8,18.3,6.3,4.1,0.7000000000000001,2.0,1.7000000000000002,32,3.38,CHI,0.0,0.8,10.5,2.0,1.7000000000000002,33,47.5,-8.5,-1.19,15.4
30.0,45.5,95.5,0.2,1.2,1.0,0.7000000000000001,0.8,0.5,1,0.0,0.0,0,0.0,-0.06,14.0,1.5,-196.4,0.0,40.0,22.7,1.9,14.9,0.4,0.44,32.1,0.05,151,2,0.4,31.6,0.01,151,2,-0.87,31.6,-0.43,0.02,23.9,66.8,-0.12,0.0,18.3,77.3,0.11,0.2,-0.07,0.02,18.1,66.4,0.02,0.08,0.31,76.3,-0.02,19.5,58.0,0.03,0.05,0.09,0.19,18.3,64.3,0.06,20.6,69.3,0.4,31.6,151,2,0.02,13.4,-0.12,4.5,115.2,52.3,0.8,,1.480727295765051,0.6419677645914661,33.3,-0.7000000000000001,,15,5,40.9,22,9,10.0,1.0,18.2,75.0,-3.6,,4,3,4.0,5,1629539,,0.0,6.1,50,10.0,Amy Okonkwo,-23.2,-0.08,21.6,46.1,11.5,1.3900000000000001,1.4,92.0,4.5,5.0,3.6,4.0,5,,8.1,101,5.2,16.067228533064046,21.850450541330552,10.28400652479754,11.6,0.09215822708427401,6.965930062916863,15.622178363517135,0.0,15.6,0.0,15.6,,baseline,25.7,18.7,20.8,26,1.22,35.1,low,"low_minutes_high_rank,low_sample",8,2.95,1.6800000000000002,0.76,1.28,-0.062,0.063,,True,True,30,19,0.36,True,3.3,5.9,4.3,4.8,6,66.7,45.5,27.3,17.0,1.2,2026-27,0.4,22.2,6.6,13.7,1.0,5.0,4.0,5,3.6,PDX,68.2,0.4,1.6,2.0,1.6,2,54.7,-1.3,,22.4
23.8,32.8,73.4,4.2,40.0,14.5,10.9,12.0,2.1,67,0.4,0.4,2,0.1,-0.11,56.4,2.4,-6.7,6.7,50.0,3.1,36.7,39.1,4.6,4.6,56.5,0.76,223,1,4.6,56.5,0.76,223,1,0.55,56.5,1.8399999999999999,3.6,76.4,98.7,1.23,-1.52,65.2,7.6,-2.67,-0.23,0.0,-0.36,64.0,36.6,-0.12,0.16,7.75,92.0,2.76,68.8,97.1,0.34,0.35000000000000003,0.7000000000000001,-0.22,60.0,45.4,-0.6000000000000001,62.3,26.5,4.6,56.5,223,1,0.02,6.4,-0.28,5.6,113.3,46.9,-4.6,-0.61,4.006808537095955,1.527346808279797,26.1,-7.9,-0.9400000000000001,23,6,42.2,64,27,3.7,2.2,43.8,75.0,-3.6,-0.36,28,21,7.4,16,1643527,100.0,1.6,-8.3,223,13.9,Jordan Harrison,-10.3,-0.13,15.5,34.5,8.1,-0.37,3.6,103.0,25.0,7.6,5.65,6.3,35,G,4.2,462,5.1,5.617290604077789,10.880487953572246,0.354093254583333,10.5,0.713299136453305,2.141243035669624,8.13491314535371,0.0,8.1,0.041035600380329,53.0,,baseline,17.5,13.2,14.5,81,-0.74,60.4,medium,,38,15.92,-0.09,-1.3900000000000001,-0.63,-0.111,0.117,,True,True,178,-11,0.508,False,5.6,6.1,4.7,5.0,28,54.2,81.3,37.5,40.6,1.8,2026-27,0.7000000000000001,77.8,3.9,5.5,0.7000000000000001,2.4,2.0,11,2.1,PDX,35.9,2.0,14.6,6.9,5.7,32,53.1,-2.9,-0.27,21.2
36.1,58.1,74.2,1.4,14.2,4.6,3.3,3.8,2.8,20,0.0,0.0,0,0.0,0.0,56.5,,,,50.0,9.7,22.4,19.9,0.34,0.34,55.2,0.04,213,1,0.34,55.2,0.04,213,1,0.47000000000000003,55.2,1.12,-0.7000000000000001,74.6,47.9,0.8300000000000001,0.2,61.6,84.0,-0.35000000000000003,0.65,0.0,-0.81,57.9,19.3,0.29,0.19,0.72,73.9,0.5700000000000001,66.6,81.5,0.05,0.04,0.28,-0.03,58.5,55.9,1.01,70.6,90.8,0.34,55.2,213,1,0.07,6.5,0.11,3.7,98.4,50.0,-1.5,-0.1,11.529266993031131,3.6292030235433552,38.1,4.1,0.76,42,16,37.1,62,23,6.1,1.3,14.5,100.0,21.4,,9,9,3.2,14,1642769,0.0,6.5,-2.6,213,15.2,Mai Yamamoto,13.3,-0.07,10.3,30.4,9.1,-0.1,1.2,111.7,19.4,4.1,3.04,3.4,18,,4.4,434,5.1,12.640751033965392,18.423973042231896,6.857529025698887,11.6,0.9120713604794731,3.979077932712952,11.635458400844787,0.0,11.6,0.048692172045462,57.8,,baseline,16.4,12.1,13.3,71,0.09,63.7,medium,,42,16.99,0.52,-0.35000000000000003,0.15,-0.066,0.057,,True,True,88,5,0.342,False,2.6,3.7,2.6,3.0,16,50.0,21.0,6.5,50.1,1.1,2026-27,0.4,39.1,-4.4,-2.6,0.8,2.5,2.1,11,1.8599999999999999,LVA,67.7,0.5,3.8,1.6,1.3,7,53.8,-2.2,-0.15,15.8
18.8,19.6,79.8,1.2,12.1,3.8,2.9,3.2,2.0,50,0.7000000000000001,0.6000000000000001,9,0.2,0.11,76.6,2.2,-13.0,13.0,40.0,9.2,11.8,16.7,-3.58,-3.62,83.8,-0.62,1069,2,-3.58,82.2,-0.58,1069,2,1.17,82.2,1.52,-1.9100000000000001,100.0,17.2,0.18,-0.31,100.0,50.4,-0.01,0.6000000000000001,0.03,0.13,100.0,70.2,0.49,0.37,-3.5700000000000003,30.7,-0.24,100.0,40.3,0.51,0.07,0.32,0.54,80.0,77.7,-1.23,100.0,13.9,-3.58,82.2,1069,2,0.05,7.0,0.04,8.5,103.2,52.8,1.3,0.35000000000000003,3.210258688486079,1.289335944531033,25.5,-8.5,-1.02,47,12,49.1,163,80,4.6,1.6,26.4,93.0,14.4,1.5,43,40,10.1,42,203822,20.0,3.1,-11.3,621,14.8,Rebekah Gardner,3.0,0.06,13.1,34.0,8.9,0.89,5.8,106.2,17.2,5.2,3.94,4.4,68,F,8.2,1300,5.0,3.478979291314869,8.742176640809324,0.0,8.7,0.9227587805711751,1.397262179107037,7.39161972533368,0.0,7.4,0.013123952446367002,63.4,,baseline,16.3,12.2,13.7,212,0.91,49.0,low,,39,17.62,2.42,-0.61,0.64,0.272,0.418,,True,True,42,35,1.182,False,7.2,7.7,5.8,6.4,100,68.7,77.3,50.9,44.7,2.4,2026-27,0.9,28.7,9.1,12.3,0.5,1.7000000000000002,1.4,22,1.8,NYL,28.8,0.6000000000000001,10.4,2.1,1.7000000000000002,27,58.3,2.3,0.59,14.9
33.3,60.9,78.6,1.3,14.6,4.4,3.4,3.7,1.63,51,0.7000000000000001,0.6000000000000001,8,0.2,-0.02,75.0,0.6000000000000001,-34.1,11.4,27.3,11.5,11.8,17.3,-4.1,-3.91,82.5,-0.29,1568,2,-4.1,81.5,-0.48,2066,3,1.19,81.5,0.6900000000000001,-1.05,100.0,39.1,-0.06,-1.2,100.0,16.8,-2.96,0.23,0.09,-1.19,91.8,8.8,0.42,-0.03,-1.1,25.6,-0.04,100.0,53.8,-0.02,-0.15,-0.03,-0.79,80.0,23.5,1.43,100.0,95.4,-4.1,81.5,2066,3,-0.04,5.1,-0.30000000000000004,8.6,102.7,48.2,-3.3,-0.4,7.772546786561846,3.371634604893432,32.4,-1.6,-0.05,139,45,36.5,192,70,3.7,1.3,9.9,78.9,0.30000000000000004,,19,15,4.3,40,1627671,46.4,14.6,-5.4,551,13.8,Rachel Banham,-6.1,0.02,13.9,35.4,11.5,-1.35,0.6000000000000001,96.6,6.8,4.4,3.33,3.7,51,F,7.8,1168,5.0,8.421945419100267,13.685142768594723,3.158748069605811,10.5,0.9228920872527101,3.6533356948917,9.646226562255377,0.630468285563186,9.0,0.031172067433922004,61.3,,baseline,17.1,13.0,14.5,200,-1.85,52.3,medium,,2,0.8300000000000001,0.05,-3.75,-2.2800000000000002,0.431,0.53,,True,True,222,9,1.48,False,4.0,3.9,2.9,3.3,46,58.3,16.1,6.3,42.6,1.1,2026-27,0.8,20.0,-4.2,-1.3,0.30000000000000004,0.9,0.8,11,1.24,CHI,72.4,0.8,11.7,2.7,2.3,31,49.9,-6.1,-0.79,18.1
40.0,55.6,83.3,0.6000000000000001,3.1,1.9,1.5,1.7000000000000002,3.0,3,1.9,1.7000000000000002,3,0.6000000000000001,0.1,15.1,,,,100.0,5.6,13.7,7.1,-1.8900000000000001,-1.8900000000000001,32.2,-0.11,70,1,-1.8900000000000001,32.2,-0.11,70,1,-0.55,32.2,-0.55,-1.24,27.6,33.2,-0.13,-0.21,21.4,55.9,-0.75,-0.88,0.0,-0.04,21.5,51.7,-0.12,-0.28,-1.6600000000000001,45.8,-0.07,23.0,51.3,-0.17,-0.07,0.01,0.16,21.4,63.0,-0.02,21.4,52.5,-1.8900000000000001,32.2,70,1,-0.02,8.0,-0.21,10.0,116.5,58.3,6.8,,,,45.5,11.5,,11,5,44.4,18,8,4.4,1.8,22.2,100.0,21.4,,4,4,5.2,5,1642835,0.0,5.6,,70,14.0,Morgan Maly,-19.0,0.12,18.5,39.1,14.9,-0.49,0.0,97.5,11.1,5.8,4.63,5.1,9,,9.5,154,5.0,,,,,,,,,,,,,,16.2,12.9,14.3,25,-0.71,41.1,low,low_sample,1,0.5,-0.39,-1.03,-0.61,-0.10300000000000001,0.031,,True,True,176,-15,0.251,False,5.2,9.1,7.2,8.0,14,50.0,44.4,22.2,34.9,2.8,2026-27,0.0,0.0,1.3,5.4,0.2,0.6000000000000001,0.6000000000000001,1,2.06,CHI,61.1,0.2,1.8,0.6000000000000001,0.6000000000000001,1,63.3,7.3,,13.3
38.1,53.8,89.7,0.9,3.9,3.5,2.7,3.0,0.9,8,1.3,1.1,3,0.30000000000000004,0.17,17.1,1.2,115.2,0.0,28.6,17.9,-2.3,11.6,-1.92,-1.8900000000000001,38.0,-0.25,212,2,-1.92,37.4,-0.28,212,2,-0.27,37.4,-0.8200000000000001,-0.9500000000000001,45.9,40.3,0.11,-0.28,38.8,52.1,-0.7000000000000001,-0.18,-0.03,-0.19,34.4,42.4,-0.13,-0.31,-1.65,45.4,-0.17,39.6,45.8,-0.36,-0.43,-0.61,-0.27,35.4,41.2,0.26,42.8,78.2,-1.92,37.4,212,2,0.0,5.8,0.2,4.3,101.7,53.8,2.3,,2.713957808733833,1.152898211833766,35.7,1.7000000000000002,0.42,28,10,41.0,39,16,5.0,1.1,5.1,100.0,21.4,,2,2,2.0,9,1631064,0.0,5.1,-6.8,106,11.8,Chloe Bibby,-3.1,0.17,18.3,36.7,6.8,0.79,0.0,98.6,5.1,4.4,3.4,3.8,10,,4.3,229,4.9,4.982539338048361,10.245736687542816,0.0,10.2,0.54469370427427,2.116599113936602,8.104809947842112,0.0,8.1,0.016976845970014,45.1,,baseline,19.2,14.9,16.6,44,1.02,51.3,medium,low_sample,5,1.8,1.57,0.48,0.97,0.049,0.085,,True,True,37,20,0.425,False,2.0,3.9,3.1,3.4,9,71.4,23.0,17.9,31.6,1.0,2026-27,0.30000000000000004,6.3,2.3,8.0,0.2,0.9,0.8,2,1.7000000000000002,MIN,71.8,1.0,12.3,3.9,3.4,9,55.2,-0.8,,20.0
32.1,65.9,88.6,0.9,7.5,2.7,2.0,2.2,2.25,28,0.30000000000000004,0.2,3,0.1,-0.07,72.5,4.3,-17.9,17.9,23.8,17.1,11.0,11.7,-5.79,-5.93,80.9,-0.85,668,2,-5.79,80.9,-0.71,1316,3,1.2,80.9,0.28,-2.51,100.0,8.8,0.26,-1.51,100.0,8.0,-3.14,0.33,-0.12,-1.0,91.0,13.4,-0.09,-0.07,-2.86,10.9,-0.27,100.0,38.7,-0.13,-0.2,-0.11,0.02,80.0,57.1,1.01,100.0,91.2,-5.79,80.9,1316,3,-0.04,4.8,0.08,5.4,111.9,48.4,-3.1,-0.36,7.68826783163909,2.188075772999746,30.4,-3.6,-0.33,102,31,35.8,123,44,3.7,1.8,30.1,89.2,10.6,1.11,37,33,5.2,32,1628317,75.0,3.3,-7.9,514,16.1,Karlie Samuelson,-9.6,-0.03,18.1,32.2,10.9,0.63,2.4,102.3,8.1,5.4,3.99,4.4,57,F,4.3,1051,4.8,8.16247129006808,13.425668639562534,2.8992739405736243,10.5,0.941904425562146,2.323033753338467,8.313825105565794,0.0,8.3,0.015190403491800002,62.6,,baseline,14.5,10.7,11.8,152,0.76,52.9,medium,,14,5.45,2.39,-0.87,0.9400000000000001,-0.185,0.454,,True,True,50,14,1.2730000000000001,False,4.0,4.7,3.4,3.8,49,71.4,35.8,5.7,49.4,1.5,2026-27,0.7000000000000001,15.9,-1.3,4.1,0.6000000000000001,1.7000000000000002,1.4,18,1.47,PDX,82.9,0.4,6.9,1.2,1.0,13,54.6,-1.4,-0.02,13.2
29.7,35.6,72.8,1.0,10.1,3.8,2.8,3.1,1.25,45,0.30000000000000004,0.30000000000000004,4,0.1,-0.05,75.7,1.6,-7.9,11.9,75.0,2.2,5.9,17.6,-5.12,-5.12,81.7,-0.66,573,1,-5.12,81.7,-0.66,573,1,1.1400000000000001,81.7,0.87,-1.08,100.0,37.4,0.07,-1.1400000000000001,100.0,19.7,-2.31,0.39,0.0,-0.76,96.9,21.0,-0.02,0.1,-2.87,18.1,-0.49,100.0,30.7,0.25,-0.15,-0.01,-0.23,80.0,43.7,-0.41000000000000003,100.0,30.7,-5.12,81.7,573,1,-0.04,5.1,-0.31,10.4,107.7,49.4,-2.1,-0.2,7.7765193799022825,2.587508206906183,32.4,-1.6,-0.05,68,22,43.3,180,78,3.4,1.2,21.1,89.5,10.9,1.1400000000000001,38,34,6.9,44,1642302,42.9,3.9,-4.7,573,13.0,Isobel Borlase,-0.9,-0.01,15.6,34.2,9.7,-0.6000000000000001,2.0,106.8,23.3,4.5,3.33,3.7,53,F,9.3,1190,4.8,8.268456743947894,13.531654093442349,3.005259394453438,10.5,0.9405043311854191,2.751192228583219,8.734534179989463,0.0,8.7,0.0009763050017310001,61.8,,baseline,17.8,13.3,14.8,212,-1.02,53.5,medium,,81,29.87,0.11,-2.14,-0.88,-0.137,0.28500000000000003,,True,True,196,-6,0.88,False,5.9,5.5,4.2,4.5,65,58.7,56.1,35.0,43.0,1.5,2026-27,0.4,32.0,2.8,4.3,0.30000000000000004,1.2,1.0,14,1.13,ATL,37.8,0.8,11.5,2.8,2.3,33,53.9,-2.1,-0.14,16.9
33.3,4.8,59.5,0.8,9.9,3.2,2.3,2.7,0.89,32,1.1,0.9,11,0.30000000000000004,-0.07,69.4,0.30000000000000004,-155.9,0.0,0.0,0.8,0.30000000000000004,16.6,-4.41,-4.41,79.5,-0.61,477,1,-4.41,79.5,-0.61,477,1,1.2,79.5,0.41000000000000003,-1.13,100.0,35.3,-0.67,-1.15,100.0,19.3,0.66,0.02,0.0,1.99,100.0,94.5,-0.08,-0.02,-5.15,22.3,-1.21,98.9,7.6,0.15,-0.13,-0.1,-0.12,80.0,50.4,-1.82,78.5,9.7,-4.41,79.5,477,1,-0.04,6.9,0.27,14.4,104.2,50.0,-1.5,-0.1,4.925972532594095,1.272783877949075,28.6,-5.4,,7,2,49.2,126,62,2.5,2.8,52.4,71.2,-7.4,-0.75,66,47,16.9,38,1643441,22.2,14.3,-6.9,477,12.6,Raegan Beers,-9.8,-0.03,14.9,34.4,7.9,-0.88,10.2,94.4,26.2,10.9,8.15,9.1,108,C,10.3,987,4.6,5.720638030491459,10.983835379985916,0.457440680997003,10.5,0.8610879601782641,1.47811133915469,7.4732726434688015,0.0,7.5,0.030953332391076,60.2,,baseline,17.5,13.1,14.5,173,-0.47000000000000003,54.7,medium,,76,31.4,0.53,-1.47,-0.47000000000000003,0.002,0.23900000000000002,,True,True,154,-7,0.782,False,11.8,12.5,9.1,10.3,123,72.1,106.4,54.0,39.8,3.2,2026-27,1.0,27.4,4.9,3.0,0.4,1.6,1.3,16,2.04,CON,5.6,0.9,16.5,3.5,2.9,35,55.8,-0.2,0.17,17.1
30.2,29.1,63.5,2.0,17.2,6.9,5.0,5.6,2.0,70,0.2,0.2,2,0.1,0.04,71.6,2.4,18.3,27.4,28.6,4.7,16.0,22.8,-4.8100000000000005,-5.09,80.7,-0.38,1068,2,-4.8100000000000005,80.7,-0.1,1655,3,1.11,80.7,0.33,-0.55,100.0,52.1,0.62,-1.53,100.0,6.7,-3.5300000000000002,0.11,-0.42,-1.23,88.8,5.9,-0.37,-0.35000000000000003,-1.78,20.2,1.04,100.0,87.4,-0.22,-0.33,-0.25,-1.24,80.0,9.7,-0.73,100.0,23.5,-4.8100000000000005,80.7,1655,3,0.0,5.1,-0.17,4.4,105.0,43.6,-7.9,-1.1400000000000001,6.052036240654986,1.274326045804647,30.0,-4.0,-0.39,50,15,38.5,148,57,5.0,1.1,26.4,84.6,6.0,0.64,39,33,3.2,35,203824,41.2,11.5,-7.7,500,14.3,Odyssey Sims,-0.5,0.04,13.2,35.7,10.1,-0.15,1.0,104.5,25.0,4.0,2.88,3.2,40,G,4.4,1012,4.6,6.559723630457522,11.822920979951977,1.296526280963066,10.5,0.9226053690059001,1.38122548232916,7.376904438417556,0.0,7.4,0.08186147892560201,64.1,,baseline,16.0,11.6,13.0,162,-0.56,31.1,low,,43,15.89,1.58,-2.69,-0.7000000000000001,0.14300000000000002,0.588,,True,True,165,-10,1.665,False,2.7,3.3,2.3,2.6,33,61.4,56.1,29.7,44.1,0.9,2026-27,0.8,43.9,-0.6000000000000001,-1.5,0.5,1.8,1.4,18,1.44,DAL,33.8,1.0,11.5,3.5,2.8,35,49.0,-7.0,-0.9400000000000001,17.7
22.0,35.0,59.8,1.9,14.1,5.6,4.2,4.6,1.58,56,0.4,0.30000000000000004,4,0.1,-0.07,68.2,4.4,10.2,6.8,41.2,14.5,12.0,20.0,-5.42,-5.71,81.5,-0.86,487,1,-5.42,81.5,-0.5700000000000001,1263,2,1.1,81.5,0.8,-1.09,100.0,37.0,0.21,-1.37,100.0,12.2,-2.76,0.35000000000000003,-0.29,-0.85,95.2,18.5,0.26,-0.1,-3.02,14.3,0.30000000000000004,100.0,79.0,0.09,-0.25,-0.12,-1.05,80.0,13.9,-0.51,100.0,29.0,-5.42,81.5,1263,2,-0.03,4.7,0.17,6.9,100.1,44.4,-7.1,-1.01,13.050369208623028,3.183959486510463,27.6,-6.4,-0.73,58,16,37.6,117,44,4.0,1.3,31.6,81.1,2.5,0.27,37,30,5.2,30,204335,45.8,20.5,-2.3,487,16.2,Betnijah Laney-Hamilton,10.1,-0.04,17.7,34.7,9.4,1.78,1.6,110.2,19.7,4.0,2.96,3.3,40,F,6.3,1002,4.5,13.93012397501939,19.713345983285894,8.146901966752885,11.6,0.936845158882002,3.398597362994422,9.382012500099176,0.36625422340698705,9.0,0.039487333466136004,61.7,,baseline,13.4,10.0,11.0,134,1.98,52.3,medium,,13,4.64,3.65,0.30000000000000004,2.1,-0.126,0.468,,True,True,16,3,1.308,False,4.4,5.6,4.2,4.6,56,66.7,41.9,10.3,49.9,1.9,2026-27,0.30000000000000004,40.9,-6.5,-8.3,0.4,1.2,1.0,12,1.18,WAS,49.6,1.2,10.5,3.5,2.9,35,50.3,-5.7,-0.73,15.4
21.7,26.0,60.5,1.3,10.3,3.6,2.7,2.9,1.08,47,1.4,1.1,18,0.5,0.0,79.8,1.5,-101.7,7.5,20.0,8.5,2.6,17.8,-6.76,-6.91,82.1,-0.79,650,1,-6.76,84.3,-0.64,1460,2,1.21,84.3,-0.64,-1.44,100.0,26.9,-0.31,0.26,100.0,87.8,1.07,0.16,-0.15,0.55,100.0,79.8,-0.56,-0.26,-8.05,5.5,-0.98,100.0,13.9,-0.41000000000000003,-0.47000000000000003,-0.62,-2.56,80.0,1.7000000000000002,-1.45,100.0,12.6,-6.76,84.3,1460,2,0.06,13.5,0.23,13.9,104.3,39.8,-11.7,-1.76,11.668883135961575,4.141691637016357,21.3,-12.7,-1.62,61,13,36.2,177,64,8.5,1.8,20.9,67.6,-11.0,-1.12,37,25,10.9,37,1641651,35.7,7.9,-4.9,650,17.6,Jordan Horston,-7.4,-0.06,13.2,32.1,9.7,-1.53,4.7,96.9,31.6,5.0,3.6,4.0,65,F,16.4,1305,4.5,12.694298860187507,18.47752086845401,6.911076851921002,11.6,0.9192223426027971,4.505647268417205,12.157223701901714,0.0,12.2,0.6389088787977311,69.4,,baseline,12.7,9.2,10.2,166,-1.1400000000000001,41.8,low,,40,16.33,0.73,-3.0,-1.11,-0.025,0.522,,True,True,200,-6,1.457,False,8.6,10.0,7.2,8.1,131,52.2,46.9,26.0,58.2,3.5,2026-27,1.0,34.4,-1.6,-3.2,1.0,2.8,2.3,37,3.05,SEA,34.5,1.2,15.0,3.5,2.8,46,42.9,-13.1,-1.9500000000000002,16.3
29.8,47.0,71.0,1.3,8.0,3.9,2.8,3.1,1.44,27,1.2,0.9,8,0.4,-0.21,60.4,4.8,19.6,6.5,25.0,8.0,5.9,11.9,-6.06,-5.93,80.8,-0.51,917,2,-6.06,80.8,-0.64,917,2,0.62,80.8,-0.47000000000000003,-1.97,99.6,16.8,0.1,-0.56,98.3,39.9,-0.87,0.05,-0.14,-0.09,95.5,45.4,-0.26,-0.24,-5.41,9.2,-0.48,97.6,31.1,-0.1,-0.4,-0.5,-1.71,79.7,5.5,0.19,99.7,73.1,-6.06,80.8,917,2,-0.05,5.5,0.30000000000000004,10.5,108.6,41.0,-10.5,-1.57,0.285705740773165,0.057156020872613005,29.1,-4.9,-0.51,55,16,33.0,100,33,2.8,2.5,15.0,80.0,1.4,,15,12,6.9,21,1630143,20.0,5.0,-6.5,348,16.6,Luisa Geiselsoder,-8.1,-0.16,15.3,31.2,12.5,-0.72,1.9,100.5,24.0,7.7,5.48,6.1,53,C,8.1,689,4.5,10.140109950497633,15.923331958764138,4.356887942231128,11.6,0.028175803040394003,2.028549844370769,10.818130756030083,0.0,10.8,0.0,18.0,,baseline,13.6,9.8,10.8,94,-0.39,55.7,medium,,19,7.5,0.99,-1.77,-0.27,-0.11900000000000001,0.374,,True,True,140,2,1.078,False,5.9,8.0,5.6,6.3,55,56.3,31.0,16.0,27.6,2.6,2026-27,0.30000000000000004,9.1,-2.4,-1.4,0.30000000000000004,1.0,0.8,7,1.55,PDX,55.0,0.9,9.8,2.8,2.2,19,44.1,-11.9,-1.75,16.2
29.7,55.2,86.2,0.8,6.0,2.6,1.9,2.1,1.6,26,0.30000000000000004,0.2,3,0.1,0.02,69.5,0.5,41.0,41.0,41.2,14.7,6.8,9.4,-5.25,-5.16,81.9,-0.6000000000000001,489,1,-5.25,81.9,-0.6900000000000001,1118,2,1.13,81.9,0.63,-2.74,100.0,6.3,0.16,-0.6900000000000001,100.0,35.3,-1.65,0.42,0.09,-0.75,97.8,22.3,-0.13,0.21,-3.5700000000000003,16.6,-0.64,100.0,26.1,0.02,0.05,0.08,0.24,80.0,67.2,0.8200000000000001,100.0,88.2,-5.25,81.9,1118,2,0.02,9.4,-0.4,8.7,106.2,51.7,0.2,0.17,7.571017423303771,1.943817957008017,32.1,-1.9,-0.09,81,26,40.5,116,47,9.6,0.9,24.1,78.6,0.0,0.01,28,22,5.9,32,1629478,33.3,7.8,-5.6,489,15.3,Katie Lou Samuelson,-14.8,-0.01,16.1,35.9,12.6,-0.34,1.8,91.4,6.0,3.0,2.21,2.5,30,F,10.8,995,4.4,9.656619725690849,14.919817075185303,4.393422376196393,10.5,0.784023565012251,2.479285118142644,8.459343662901428,0.0,8.5,0.012277608222284,55.3,,baseline,14.3,10.4,11.6,142,-1.13,47.5,low,volatile_rank,160,65.97,0.08,-2.35,-0.99,-0.139,0.316,,True,True,198,0,0.9480000000000001,False,5.0,6.7,4.9,5.5,67,73.7,40.5,16.4,39.5,2.1,2026-27,0.4,8.5,0.7000000000000001,5.5,0.8,2.6,2.1,26,2.13,SEA,69.8,0.5,7.0,1.5,1.2,15,55.3,-0.7000000000000001,0.09,12.5
27.8,52.9,83.8,1.9,19.5,7.4,5.6,6.2,1.73,40,0.0,0.0,0,0.0,-0.13,57.3,5.5,5.0,2.5,50.0,5.9,13.2,27.7,-0.91,-0.91,64.5,-0.09,259,1,-0.91,64.5,-0.09,259,1,0.61,64.5,0.66,0.65,83.1,77.3,0.32,-1.87,76.0,2.9,-2.84,0.08,0.0,-0.2,74.7,42.0,0.33,-0.08,1.87,63.0,0.77,77.4,84.0,0.16,-0.13,-0.02,-0.23,65.7,44.5,0.25,77.7,76.5,-0.91,64.5,259,1,-0.12,2.8,-0.02,10.8,104.8,50.0,-1.5,-0.1,8.345940662739416,2.65131786309954,30.0,-4.0,-0.39,40,12,41.2,68,28,1.6,0.9,50.0,70.6,-8.0,-0.81,34,24,6.8,21,1630469,0.0,4.4,-3.1,259,12.3,Marine Fauthoux,0.7000000000000001,-0.01,15.4,32.2,7.9,-0.41000000000000003,1.5,105.5,11.8,3.5,2.64,2.9,19,,9.0,539,4.4,9.158321387347648,14.421518736842103,3.895124037853192,10.5,0.9112958925278001,2.909392969768772,10.54790930349944,0.0,10.5,0.0,58.4,,baseline,17.1,12.9,14.2,92,-0.44,64.9,medium,,41,15.27,-0.01,-0.87,-0.36,-0.083,0.054,,True,True,149,-12,0.332,False,6.1,7.8,5.9,6.5,42,82.4,75.0,25.0,47.4,2.0,2026-27,0.4,64.3,2.2,6.4,0.1,0.6000000000000001,0.5,3,0.42,NYL,58.8,1.1,16.5,4.5,3.7,24,55.4,-0.6000000000000001,0.11,17.8
24.6,34.9,86.0,0.8,6.4,2.1,1.6,1.7000000000000002,1.33,32,0.4,0.30000000000000004,6,0.1,-0.07,87.5,3.0,-23.1,4.6,24.0,13.4,3.2,12.3,-10.0,-10.0,86.7,-1.37,775,1,-10.0,86.7,-1.37,775,1,1.17,86.7,-0.45,-2.71,100.0,6.7,-0.21,-0.6900000000000001,100.0,34.9,-1.67,0.49,0.0,-0.8,100.0,19.7,0.06,-0.31,-8.54,0.8,-1.06,100.0,11.3,-0.34,-0.51,-0.5,-2.01,80.0,3.8,-0.75,100.0,22.7,-10.0,86.7,775,1,-0.02,5.9,-0.23,7.4,110.6,42.5,-9.0,-1.32,14.25274741941891,3.65968395931153,24.4,-9.6,-1.18,90,22,36.6,186,68,3.8,2.3,19.4,63.9,-14.7,-1.51,36,23,8.3,42,1642296,50.0,1.1,-2.9,775,18.5,Nyadiew Puoch,-9.4,-0.05,15.2,35.6,11.4,-0.48,4.5,101.2,12.9,6.1,4.41,4.9,95,F,6.3,1554,4.3,15.551324073661192,21.334546081927698,9.768102065394686,11.6,0.9164973575181521,3.993120033888418,11.645119858111768,0.0,11.6,0.9967108562804431,77.0,,baseline,11.6,8.4,9.3,181,-0.86,48.1,low,,82,33.55,0.62,-2.34,-1.11,0.246,0.40700000000000003,,True,True,189,-1,1.155,False,6.0,5.9,4.3,4.7,91,52.9,57.0,37.6,68.6,2.2,2026-27,0.4,20.6,7.0,11.8,0.7000000000000001,1.9,1.5,30,1.67,PDX,48.4,0.6000000000000001,10.7,1.7000000000000002,1.4,27,44.8,-11.2,-1.63,13.2
0.0,0.8,68.3,0.5,5.7,1.7000000000000002,1.4,1.4,0.63,18,1.6,1.2,16,0.4,-0.22,70.0,2.4,5.9,2.9,100.0,0.8,-4.5,12.0,-7.22,-7.22,79.6,-1.05,513,1,-7.22,79.6,-1.05,513,1,1.11,79.6,-0.32,-2.3,100.0,11.8,-0.42,-0.5,100.0,43.3,0.5700000000000001,0.32,0.0,0.99,100.0,84.0,-0.44,-0.16,-7.93,4.6,-1.63,100.0,2.1,-0.27,-0.47000000000000003,-0.41000000000000003,-0.4,80.0,35.7,-2.04,78.0,6.3,-7.22,79.6,513,1,-0.04,10.4,-0.32,14.9,106.9,54.9,3.4,0.7000000000000001,15.667205473608231,3.846015571758205,50.0,16.0,,2,1,54.5,123,67,4.7,1.9,42.3,61.5,-17.1,-1.75,52,32,14.3,39,1643436,0.0,1.6,3.6,513,13.2,Serah Williams,-5.0,-0.18,16.2,34.0,8.9,-0.42,6.4,101.9,30.1,7.3,5.26,5.8,75,C,14.6,1030,4.3,16.753638940454675,22.53686094872118,10.970416932188169,11.6,0.9351523886417861,4.112715337597708,13.015423660096813,0.0,13.0,0.036095133357692,57.1,,baseline,16.2,11.7,13.0,167,-0.85,60.4,medium,,36,13.28,-0.01,-1.6800000000000002,-0.89,0.044,0.178,,True,True,188,-12,0.65,False,11.1,10.3,7.4,8.3,106,65.9,109.0,66.7,45.4,2.7,2026-27,0.6000000000000001,14.9,10.9,11.2,0.5,1.8,1.5,19,2.46,PDX,1.6,0.8,15.9,3.0,2.4,31,57.2,1.2,0.41000000000000003,15.6
19.4,19.9,64.7,0.9,9.5,3.4,2.6,2.8,1.13,35,1.0,0.8,10,0.30000000000000004,-0.09,71.3,1.7000000000000002,12.8,8.5,0.0,3.2,3.1,18.2,-7.44,-7.44,80.1,-1.06,503,1,-7.44,80.1,-1.06,503,1,1.22,80.1,-0.42,-1.32,100.0,30.7,-0.6900000000000001,-0.46,100.0,46.2,-0.68,0.16,0.0,-0.09,96.1,46.6,-0.26,-0.26,-6.88,3.8,-0.87,99.9,16.4,-0.32,-0.39,-0.45,-1.77,80.0,5.0,-1.6,86.4,10.9,-7.44,80.1,503,1,-0.04,8.0,0.16,8.2,104.1,41.7,-9.8,-1.45,4.461023892463647,1.170345057627872,16.7,-17.3,-2.27,36,6,39.7,156,62,4.3,1.9,43.6,64.7,-13.9,-1.42,68,44,8.7,40,1643448,8.3,7.7,-7.6,503,12.6,Nell Angloma,-7.9,-0.06,12.3,33.2,10.0,-0.64,4.7,96.2,27.6,7.3,5.37,6.0,75,F,7.4,1027,4.3,4.990250331060895,10.25344768055535,0.0,10.3,0.893947917742086,1.309187072759118,7.312051566203765,0.0,7.3,0.0,61.3,,baseline,16.9,12.3,13.8,174,-0.4,54.2,medium,,87,30.87,0.63,-1.44,-0.41000000000000003,0.009000000000000001,0.251,,True,True,143,-5,0.807,False,6.3,7.5,5.4,6.1,77,56.9,85.3,41.7,41.6,1.9,2026-27,0.6000000000000001,32.2,3.1,2.5,0.6000000000000001,2.1,1.7000000000000002,22,2.29,CON,23.1,0.8,13.6,3.0,2.5,31,46.8,-9.2,-1.3,18.7
25.4,63.0,79.0,1.2,12.5,4.4,3.3,3.7,1.5,29,0.2,0.1,1,0.0,-0.07,61.9,2.2,-58.0,0.0,75.0,4.0,6.6,20.2,-4.54,-4.52,72.3,-0.5,385,2,-4.54,72.3,-0.52,385,2,0.75,72.3,0.1,-0.75,92.8,46.2,-0.17,-1.33,87.6,13.4,-3.24,0.39,-0.01,-1.34,73.7,2.9,0.0,-0.11,-1.51,21.4,-0.2,87.4,43.7,-0.08,-0.26,-0.12,-0.9500000000000001,73.9,19.3,1.02,94.9,91.6,-4.54,72.3,385,2,-0.04,3.7,-0.08,3.3,110.0,44.5,-7.0,-1.0,,,28.4,-5.6,-0.61,67,19,35.0,100,35,3.9,1.1,12.0,75.0,-3.6,,12,9,1.6,24,1630461,25.0,4.0,,311,13.0,Kiana Williams,-13.2,-0.03,15.4,37.7,11.9,-1.44,0.2,96.8,17.0,3.9,3.01,3.3,26,,2.6,662,4.1,,,,,,,,,,,,,,14.8,11.4,12.6,98,-1.51,58.6,medium,,26,11.64,-0.66,-2.35,-1.49,-0.016,0.183,,True,True,213,-12,0.659,False,1.5,1.5,1.1,1.3,10,58.3,24.0,12.0,47.7,0.4,2026-27,0.6000000000000001,40.0,-2.3,0.7000000000000001,0.4,1.4,1.2,9,1.16,TOR,67.0,0.8,14.9,3.0,2.6,20,46.5,-9.5,-1.35,17.4
36.9,50.8,68.8,2.0,19.3,7.1,5.3,5.9,4.0,79,0.6000000000000001,0.5,7,0.2,0.01,73.4,1.2,27.8,50.1,16.7,4.7,27.6,22.1,-2.36,-2.37,81.1,-0.30000000000000004,532,1,-2.36,81.1,-0.29,1567,2,1.1,81.1,1.24,-1.07,100.0,37.8,1.11,-1.48,100.0,8.8,-3.24,0.33,-0.01,-1.13,92.2,10.5,0.12,-0.11,0.84,40.8,1.79,100.0,92.4,0.03,-0.21,-0.02,-0.04,80.0,55.0,0.11,100.0,71.4,-2.36,81.1,1567,2,-0.04,4.4,0.36,4.9,103.0,52.0,0.5,0.22,7.713205256006651,1.860021482538213,35.2,1.2,0.35000000000000003,71,25,42.2,128,54,4.4,1.1,22.7,86.2,7.6,0.8,29,25,3.8,39,1630112,45.0,15.6,-5.2,532,13.6,Tyasha Harris,9.7,0.05,13.2,38.8,9.5,-0.14,1.2,112.7,15.6,3.7,2.77,3.1,41,G,4.6,1109,4.1,8.362321807371982,13.625519156866439,3.099124457877526,10.5,0.9223760378615071,2.016554427032384,8.007437297758472,0.0,8.0,0.063773022632978,63.0,,baseline,14.2,10.9,11.9,158,0.4,42.1,low,,45,18.38,2.17,-1.38,0.65,-0.255,0.497,,True,True,67,-12,1.385,False,3.2,3.8,2.9,3.2,42,58.8,36.0,13.3,42.7,1.1,2026-27,0.4,46.3,-4.6,-4.1,0.30000000000000004,1.0,0.8,11,1.22,IND,55.5,0.5,9.6,1.8,1.5,20,56.1,0.1,0.22,13.5
37.0,42.9,70.6,1.1,11.1,3.7,2.8,3.1,1.57,48,0.5,0.4,7,0.2,0.07,78.5,1.7000000000000002,51.1,0.0,33.3,7.1,8.7,15.1,-5.44,-5.32,85.3,-0.5,1306,2,-5.44,84.4,-0.62,1662,3,1.19,84.4,0.92,-2.26,100.0,13.4,0.14,-0.64,100.0,37.4,-0.77,0.42,-0.01,-0.05,100.0,49.6,0.29,0.05,-4.74,13.4,-0.32,100.0,36.6,0.33,-0.21,-0.11,-1.04,80.0,14.3,0.21,100.0,74.8,-5.44,84.4,1662,3,0.04,8.4,0.55,10.3,97.4,46.2,-5.3,-0.72,11.833509204419725,2.758895989367848,36.5,2.5,0.53,85,31,37.1,170,63,5.6,1.4,15.9,81.5,2.9,0.31,27,22,10.4,44,1630471,35.7,16.5,-1.2,628,14.3,Maya Caldwell,8.8,0.02,13.1,27.4,10.0,-0.66,5.3,106.2,12.9,4.9,3.61,4.0,63,G,10.7,1281,4.1,13.08559367137369,18.868815679640196,7.302371663107185,11.6,0.904315807261152,3.050810311193777,10.699810904874472,0.0,10.7,0.31470177457829,63.8,,baseline,14.0,10.3,11.4,179,0.24,37.8,low,prior_heavy,11,4.49,2.46,-1.98,0.8200000000000001,-0.585,0.606,,True,True,77,-34,1.7309999999999999,False,7.8,8.1,6.0,6.6,104,45.7,36.5,20.6,48.1,2.4,2026-27,0.7000000000000001,22.2,-2.1,-1.2,0.6000000000000001,2.2,1.8,28,2.01,MIN,50.0,0.7000000000000001,10.9,2.5,2.0,32,49.2,-6.8,-0.91,15.0
28.9,26.2,73.1,1.0,7.9,3.0,2.1,2.4,1.43,46,0.9,0.7000000000000001,13,0.30000000000000004,0.08,85.3,2.1,-2.2,0.0,30.8,26.9,2.3,11.4,-6.24,-6.28,89.6,-0.72,1242,2,-6.24,89.8,-0.68,1789,3,1.21,89.8,0.09,-3.04,100.0,1.7000000000000002,0.21,-0.58,100.0,39.5,-0.97,0.33,0.01,-0.26,100.0,39.1,-0.39,0.02,-5.32,8.0,-0.63,100.0,26.5,0.05,-0.19,-0.18,0.36,80.0,71.8,-0.66,100.0,25.2,-6.24,89.8,1789,3,0.11,8.9,0.48,10.1,100.6,56.2,4.7,0.91,11.878956873564324,2.136163217484513,29.9,-4.1,-0.4,77,23,48.3,145,70,6.3,1.6,13.1,68.4,-10.2,,19,13,8.9,44,203855,40.0,6.9,-3.9,761,17.3,Stephanie Talbot,7.4,-0.03,11.4,33.7,9.3,-0.7000000000000001,3.8,108.0,20.0,4.6,3.31,3.7,70,F,10.9,1527,4.0,13.381819457668566,19.165041465935072,7.598597449402061,11.6,0.887693703471465,2.4064192515174,10.058117814235889,0.0,10.1,1.0,77.5,,baseline,11.5,8.3,9.3,176,0.02,26.3,low,"prior_heavy,collinear_lineup",40,16.03,2.46,-2.42,0.30000000000000004,-0.28,0.651,,True,True,92,-53,1.904,False,7.0,7.5,5.4,6.0,115,82.8,33.1,20.0,63.6,2.6,2026-27,0.5,18.6,0.5,2.0,0.7000000000000001,2.0,1.6,31,2.08,LVA,53.1,0.7000000000000001,14.2,2.0,1.6,30,57.4,1.4,0.44,10.9
19.2,48.6,72.9,1.8,20.0,7.6,5.7,6.2,1.6400000000000001,51,0.1,0.1,1,0.0,-0.06,61.9,1.5,22.1,22.1,0.0,0.9,19.1,21.8,-2.55,-2.55,73.1,-0.27,327,1,-2.55,73.1,-0.27,327,1,0.86,73.1,1.22,-0.03,95.7,65.1,1.1400000000000001,-1.33,86.3,13.0,-2.5300000000000002,0.22,0.0,-0.65,80.6,26.5,-0.01,0.04,-0.12,37.4,1.19,88.4,87.8,0.07,0.03,0.22,-1.0,76.4,16.8,-0.32,87.1,35.3,-2.55,73.1,327,1,-0.02,7.0,-0.22,6.6,110.9,43.9,-7.6,-1.1,5.240841949330742,1.890653330635097,18.9,-15.1,-1.96,53,10,39.3,107,42,5.3,1.1,22.4,91.7,13.1,1.37,24,22,5.3,29,1641683,0.0,0.9,-5.6,327,11.3,Holly Winterburn,-14.3,-0.05,17.8,34.8,9.4,-0.71,2.0,96.6,26.2,4.8,3.52,3.9,32,G,6.8,670,4.0,5.719367356439092,10.982564705933548,0.45617000694463705,10.5,0.916332458244772,2.063283160629961,8.056619793331906,0.0,8.1,0.030755046300688003,62.0,,baseline,17.3,12.7,14.2,116,-1.02,53.8,medium,volatile_rank,108,41.12,-0.21,-1.82,-0.8300000000000001,-0.19,0.169,,True,True,195,-11,0.629,False,4.3,6.0,4.5,4.9,40,68.0,45.8,23.4,41.3,1.4,2026-27,0.2,28.6,-0.30000000000000004,1.2,0.6000000000000001,2.4,2.0,16,1.87,PDX,49.5,1.1,9.3,4.6,3.8,31,49.3,-6.7,-0.89,20.2
,0.0,0.0,2.0,10.0,16.7,12.0,13.3,,2,0.0,0.0,0,0.0,0.11,11.6,,,,,0.0,10.0,31.0,0.35000000000000003,0.35000000000000003,29.6,0.02,6,1,0.35000000000000003,29.6,0.02,6,1,-0.63,29.6,0.55,0.38,4.0,70.6,0.05,0.0,2.9,71.8,-0.2,-0.44,0.0,0.0,2.7,59.5,0.13,0.33,0.68,74.4,0.0,3.0,66.4,0.54,0.46,0.59,0.11,3.0,59.7,0.0,2.6,59.9,0.35000000000000003,29.6,6,1,0.06,0.0,-0.02,0.0,93.2,100.0,48.5,,,,0.0,,,0,0,100.0,2,2,,0.0,0.0,0.0,,,0,0,0.0,1,1643424,100.0,100.0,,6,6.0,Costanza Verona,-20.5,0.05,12.0,24.0,0.0,-0.25,0.0,72.7,0.0,0.0,0.0,0.0,0,,0.0,12,4.0,,,,,,,,,,,,,,33.3,24.0,26.7,4,-0.27,21.7,low,"low_sample,collinear_lineup",11,4.21,-0.25,-0.29,-0.27,-0.002,0.0,,True,True,122,-10,0.015,False,0.0,0.0,0.0,0.0,0,,0.0,0.0,14.1,0.0,2026-27,0.0,100.0,-26.9,-43.6,0.0,0.0,0.0,0,0.0,DAL,0.0,0.0,0.0,0.0,0.0,0,100.0,44.0,,16.7
28.6,12.3,71.9,1.0,10.8,4.3,3.1,3.3,1.25,38,3.4,2.6,30,0.8,0.16,67.4,1.1,14.1,0.0,100.0,2.6,3.7,16.3,-3.62,-3.5300000000000002,80.1,-0.24,786,2,-3.62,80.1,-0.33,786,2,1.08,80.1,0.41000000000000003,-2.1,100.0,15.1,0.17,0.44,100.0,89.9,2.46,0.04,-0.09,1.58,100.0,91.2,0.17,-0.15,-6.23,30.3,-0.65,100.0,24.8,0.02,-0.34,-0.39,-0.71,80.0,25.2,-1.49,81.8,12.2,-3.62,80.1,786,2,0.15,15.4,0.22,12.3,95.7,52.2,0.7000000000000001,0.26,6.32443400762289,2.110820242735742,41.2,7.2,,17,7,49.1,114,56,8.0,1.5,50.0,57.9,-20.7,-2.13,57,33,14.6,39,1641656,0.0,3.5,-3.6,455,11.7,Laeticia Amihere,11.4,0.01,10.4,29.1,9.7,-0.88,8.2,107.1,24.6,6.7,4.75,5.3,60,C,15.1,893,3.9,8.11814432611371,13.381341675608166,2.854946976619254,10.5,0.779049220309994,2.709482517543395,8.694810147879627,0.7811941427368541,7.9,0.08700391387514601,57.1,,baseline,17.0,12.0,13.4,152,-0.65,48.8,low,,28,10.56,0.9400000000000001,-2.24,-0.43,-0.221,0.442,,True,True,170,-16,1.242,False,10.5,13.1,9.2,10.3,117,61.5,107.0,57.0,38.4,3.0,2026-27,0.8,25.0,8.8,10.0,0.5,2.0,1.6,18,3.8,GSV,14.9,0.8,15.1,3.4,2.6,30,54.6,-1.4,-0.02,16.8
43.5,56.1,87.8,0.30000000000000004,2.8,2.0,1.5,1.8,0.37,6,0.7000000000000001,0.6000000000000001,2,0.1,-0.16,18.7,,,,100.0,4.9,-2.3,11.4,-0.92,-0.98,43.8,-0.29,302,2,-0.92,43.8,-0.23,302,2,0.13,43.8,-0.17,-0.9500000000000001,59.9,40.8,-1.28,-0.39,50.2,48.3,-0.59,0.06,0.07,-0.06,48.0,49.2,0.03,0.1,-0.39,62.6,-0.8,51.1,20.6,0.25,-0.05,0.1,1.22,46.1,92.4,0.41000000000000003,52.8,81.9,-0.92,43.8,302,2,-0.11,-0.7000000000000001,-0.21,3.0,103.8,63.4,11.9,,4.985950074453645,1.871061447410977,48.0,14.0,2.16,25,12,48.8,41,20,1.0,1.6,61.0,76.0,-2.6,-0.25,25,19,3.9,18,1628242,0.0,2.4,-1.3,134,7.4,Emma Cannon,-2.6,-0.05,16.4,45.1,13.4,1.02,2.4,101.2,9.8,9.9,7.79,8.7,29,C,-3.2,294,3.9,6.146583862616535,11.40978121211099,0.883386513122079,10.5,0.811174171848227,2.306608755981272,8.275689439743733,0.0,8.3,0.012943890367116,56.7,,baseline,24.1,19.0,21.2,71,0.77,57.1,medium,low_sample,8,3.42,1.78,-0.25,0.59,0.181,0.244,,True,True,48,22,0.792,False,2.7,8.8,6.8,7.8,26,63.6,87.8,26.8,36.0,1.4,2026-27,0.5,5.0,3.5,8.7,0.1,0.30000000000000004,0.30000000000000004,1,0.81,LAS,61.0,0.8,8.2,4.8,4.2,14,68.3,12.3,,21.0
45.0,76.9,88.5,1.1,15.8,3.6,2.7,3.0,1.1,11,0.30000000000000004,0.30000000000000004,1,0.1,-0.28,19.4,5.3,4.5,9.1,,0.0,6.6,14.2,-2.18,-2.47,42.9,-0.8,309,2,-2.18,43.4,-0.51,619,3,-0.19,43.4,0.13,-1.8399999999999999,56.8,18.9,-0.14,0.04,51.7,79.8,-0.32,0.2,0.35000000000000003,-0.41000000000000003,46.4,36.1,0.24,0.24,-1.8,42.9,-0.30000000000000004,51.5,38.2,0.43,0.08,0.05,0.73,44.2,83.2,0.25,51.0,77.3,-2.18,43.4,619,3,-0.01,5.6,0.32,6.9,110.5,63.5,12.0,,,,45.0,11.0,1.73,20,9,46.2,26,12,4.6,1.3,23.1,83.3,4.7,,6,5,4.1,10,1628882,0.0,3.8,,149,14.9,Lexie Brown,-12.8,-0.27,18.6,36.2,7.7,-0.98,0.4,97.7,7.7,4.3,3.14,3.5,13,,6.7,305,3.8,,,,,,,,,,,,,,12.5,9.2,10.2,38,-0.47000000000000003,59.5,medium,low_sample,22,8.2,0.27,-1.22,-0.58,0.106,0.148,,True,True,153,-8,0.582,False,3.9,4.3,3.1,3.5,13,66.7,34.6,11.5,49.1,1.3,2026-27,0.0,16.7,-1.1,4.3,0.5,1.6,1.3,5,1.45,SEA,76.9,1.0,17.0,3.3,2.7,10,66.3,10.3,,11.9
37.5,66.7,80.6,0.4,2.6,2.2,1.6,1.8,1.33,4,1.7000000000000002,1.4,3,0.30000000000000004,0.1,16.0,,,,33.3,8.3,7.2,10.3,-1.94,-1.94,36.1,-0.14,88,1,-1.94,36.1,-0.14,88,1,-0.8,36.1,-0.85,-1.26,45.5,32.4,0.11,-0.11,38.1,59.7,-0.39,-0.12,0.0,-0.16,35.4,43.3,-0.58,-0.11,-1.94,44.7,-0.11,39.0,49.6,-0.25,-0.12,-0.07,-0.27,34.7,39.9,0.33,46.0,81.1,-1.94,36.1,88,1,-0.03,6.0,-0.19,3.9,121.7,50.0,-1.5,,1.478391450995125,0.6574501746368471,37.0,3.0,0.6000000000000001,27,10,36.1,36,13,3.9,1.3,5.6,100.0,21.4,,2,2,2.3,10,1643495,33.3,16.7,-6.2,88,8.8,Justine Pissott,-17.7,0.13,13.9,43.4,14.3,-0.32,0.0,104.0,2.8,7.2,5.32,5.9,13,,2.7,181,3.8,2.597718336026661,7.8609156855211175,0.0,7.9,0.569111527794194,1.155222030355003,7.144689372301178,0.0,7.1,0.0,47.9,,baseline,21.0,15.5,17.3,38,-0.53,45.9,low,low_sample,43,19.84,-0.17,-0.89,-0.51,-0.02,0.038,,True,True,161,-13,0.279,False,2.3,5.5,4.1,4.5,10,50.0,11.2,5.6,30.4,1.0,2026-27,0.0,0.0,-4.4,-1.0,0.2,1.1,0.9,2,2.05,LVA,75.0,0.30000000000000004,0.9,1.7000000000000002,1.4,3,51.5,-4.5,,20.9
29.4,14.3,78.2,1.5,15.9,5.1,3.9,4.3,1.25,56,1.3,1.1,14,0.4,-0.07,71.2,4.9,-7.0,4.2,37.5,6.7,6.1,19.5,-2.6,-2.7199999999999998,80.8,-0.12,1313,2,-2.6,80.8,0.0,1959,3,1.15,80.8,0.47000000000000003,-1.03,100.0,39.5,0.15,-0.51,100.0,42.9,0.63,0.08,-0.24,1.15,100.0,85.7,0.01,0.04,-3.52,36.6,-0.26,100.0,39.5,0.25,-0.23,-0.11,-0.27,80.0,40.3,-1.3599999999999999,89.1,13.0,-2.6,80.8,1959,3,0.03,9.4,-0.07,15.4,103.1,52.1,0.6000000000000001,0.24,6.999504252810543,2.019826146044402,32.0,-2.0,-0.1,25,8,48.7,119,58,4.1,2.1,27.7,60.6,-18.0,-1.85,33,20,13.9,38,1628899,11.1,7.6,-4.2,525,13.8,Myisha Hines-Allen,3.8,-0.1,16.3,35.4,10.1,-0.53,5.5,106.9,14.3,7.0,5.35,5.9,78,F,14.4,1108,3.8,9.561531428552776,14.82472877804723,4.2983340790583195,10.5,0.732048449049545,2.759142716123287,8.749018657819768,0.0,8.7,0.057296542984335,53.5,,baseline,13.0,9.9,11.0,144,-0.7000000000000001,28.2,low,prior_heavy,25,9.97,1.7000000000000002,-3.09,-1.03,0.337,0.642,,True,True,174,18,1.869,False,11.2,11.3,8.6,9.5,125,61.8,84.8,57.1,41.1,3.3,2026-27,0.4,36.2,10.0,12.8,0.5,1.6,1.4,18,2.19,IND,21.0,1.2,18.5,4.0,3.4,44,53.9,-2.1,-0.14,14.8
34.2,62.2,77.2,1.4,16.2,5.6,4.3,4.7,2.8,48,0.4,0.30000000000000004,3,0.1,0.0,64.3,2.0,17.8,22.2,60.0,3.9,22.0,17.0,-3.68,-3.51,80.8,-0.16,1079,2,-3.68,80.8,-0.33,1079,2,1.09,80.8,1.1,-1.26,100.0,32.8,0.55,-1.65,100.0,5.5,-3.5300000000000002,0.14,-0.18,-1.09,89.4,11.3,-0.19,0.12,-0.39,29.8,0.9400000000000001,100.0,85.3,0.24,0.08,0.26,-0.74,80.0,24.8,1.13,100.0,93.7,-3.68,80.8,1079,2,-0.07,2.1,-0.17,4.3,106.1,47.2,-4.3,-0.56,0.0,0.0,35.7,1.7000000000000002,0.42,84,30,35.4,127,45,2.2,1.1,7.9,90.0,11.4,,10,9,2.7,35,1642804,50.0,1.6,-11.6,405,11.6,Te-Hina Paopao,-6.6,0.07,14.0,36.1,10.1,0.91,0.6000000000000001,99.5,21.3,4.7,3.56,4.0,40,G,2.3,856,3.7,0.0,5.263197349494455,0.0,5.3,0.7935911687107201,0.0,5.981398890105288,0.0,6.0,0.051359788190616006,61.3,,baseline,15.1,11.5,12.7,129,0.65,47.6,low,,33,12.99,2.21,-0.91,0.68,-0.029,0.432,,True,True,58,1,1.216,False,2.4,3.2,2.5,2.7,27,50.0,18.9,11.0,38.9,0.8,2026-27,0.8,22.2,-2.7,-0.1,0.2,0.7000000000000001,0.6000000000000001,6,0.8,ATL,66.1,0.5,6.8,2.0,1.7000000000000002,17,49.1,-6.9,-0.93,15.2
35.7,44.4,55.6,2.1,12.0,6.6,4.9,5.4,1.9100000000000001,29,0.5,0.4,2,0.1,-0.19,56.5,1.3,120.4,0.0,66.7,4.8,12.0,22.0,-4.44,-4.51,56.7,-0.4,932,2,-4.44,56.7,-0.33,1624,3,0.41000000000000003,56.7,-0.61,-0.17,74.7,61.3,0.25,-1.16,67.0,18.9,-2.75,0.06,0.05,-0.99,61.9,14.3,-0.89,-0.33,-2.09,21.8,0.6000000000000001,68.3,82.4,-0.53,-0.32,-0.32,-2.13,58.6,3.4,0.11,68.4,71.8,-4.44,56.7,1624,3,-0.15,3.3,-0.75,5.2,118.7,38.1,-13.4,-2.04,3.60179826358974,0.8134890498185641,38.7,4.7,0.84,31,12,28.6,63,18,3.8,0.9,9.5,50.0,-28.6,,6,3,2.5,14,1630389,20.0,15.9,8.2,214,15.3,Dana Evans,-17.0,-0.04,13.5,35.0,12.3,-1.27,0.0,101.7,28.6,3.0,2.19,2.4,13,G,4.7,438,3.6,23.54480172841927,28.90122251505694,18.1883809417816,10.7,0.152976368420306,5.317743245044762,14.110436617039607,0.0,14.1,0.432758643837977,29.0,,baseline,11.6,8.5,9.5,51,-2.43,46.9,low,,23,9.42,-0.79,-4.06,-2.25,-0.17400000000000002,0.457,,True,True,229,3,1.278,False,2.5,4.3,3.3,3.6,19,0.0,15.8,6.3,33.1,1.4,2026-27,0.2,50.0,-8.8,-11.6,0.2,0.7000000000000001,0.6000000000000001,3,0.84,LVA,49.2,1.1,9.5,3.4,2.8,15,38.8,-17.2,-2.62,17.4
30.2,29.7,74.5,1.3,9.3,3.0,2.1,2.3,2.6,55,4.1,3.1,74,1.7000000000000002,0.15,94.4,3.4,-6.5,5.5,26.9,17.9,12.1,9.1,-3.89,-3.8,93.5,-0.67,1241,2,-3.89,94.5,-0.76,1864,3,1.21,94.5,0.42,-3.42,100.0,0.8,0.38,1.37,100.0,98.3,3.43,0.06,0.37,1.27,100.0,87.0,-0.08,0.09,-6.98,27.7,-0.26,100.0,39.1,0.07,-0.14,-0.28,-0.63,80.0,28.6,-0.98,100.0,17.2,-3.89,94.5,1864,3,0.18,17.7,0.43,20.1,92.4,50.3,-1.2,-0.05,15.709810839593938,1.69281260752918,29.0,-5.0,-0.53,69,20,43.4,145,63,10.1,2.3,13.1,42.1,-36.5,,19,8,15.1,43,204329,25.0,2.8,-4.6,958,22.3,Kiah Stokes,6.4,-0.03,9.5,26.1,9.5,-2.25,5.2,98.8,22.8,5.4,3.68,4.1,98,C,23.9,1812,3.6,17.72049713994167,23.503719148208177,11.937275131675165,11.6,0.8865333018329551,1.909474358187333,7.89098395723448,0.0,7.9,0.278940262448276,65.4,,baseline,8.5,5.8,6.4,154,-1.44,34.4,low,prior_heavy,10,3.84,1.19,-4.07,-1.25,-0.193,0.684,,True,True,208,-26,2.051,False,12.5,13.7,9.4,10.4,248,71.8,40.0,26.9,56.2,5.8,2026-27,0.7000000000000001,9.5,2.3,4.2,0.6000000000000001,1.4,1.0,25,3.7199999999999998,GSV,47.6,0.5,9.5,1.3,1.0,23,50.2,-5.8,-0.75,8.7
50.0,2.4,64.6,0.7000000000000001,5.6,3.1,2.4,2.6,1.17,20,1.9,1.6,12,0.4,0.30000000000000004,57.9,2.8,71.0,16.7,100.0,1.2,5.0,16.1,-4.88,-4.88,71.2,-0.76,308,1,-4.88,71.2,-0.76,308,1,0.64,71.2,0.54,-2.08,92.2,15.5,-0.06,0.23,87.6,86.1,0.64,-0.17,0.0,0.34,88.6,76.5,-0.14,-0.01,-5.75,19.3,-0.84,87.7,18.1,0.4,-0.11,0.02,-0.12,73.4,50.8,-1.55,69.5,11.3,-4.88,71.2,308,1,0.22,11.9,0.02,3.6,99.2,48.8,-2.7,-0.30000000000000004,0.0063678548564140005,0.0013373328666510002,66.7,32.7,,3,2,47.6,82,39,7.8,1.2,40.2,84.8,6.2,0.66,33,28,8.7,30,1642797,0.0,4.9,-10.3,308,10.3,Anastasiia Olairi Kosu,19.0,0.08,15.8,27.8,13.6,0.1,7.3,118.2,30.5,5.8,4.32,4.8,37,,6.1,639,3.6,0.011962298028747001,5.275159647523203,0.0,5.3,0.5323270529718881,0.0025122391567090003,5.9119842245216425,0.0,5.9,0.0,48.6,,baseline,16.9,12.6,14.0,108,0.13,56.3,medium,volatile_rank,114,48.88,0.75,-0.49,0.07,0.065,0.106,,True,True,87,0,0.481,False,5.0,9.2,7.0,7.7,59,58.0,101.2,61.0,32.0,2.0,2026-27,1.0,33.3,8.4,7.8,0.6000000000000001,2.7,2.2,17,3.39,MIN,3.7,0.6000000000000001,6.6,3.0,2.5,19,55.9,-0.1,0.19,16.6
27.7,58.0,77.8,1.4,8.2,4.5,3.3,3.8,2.0,30,2.0,1.6,13,0.6000000000000001,0.13,56.8,3.9,52.4,26.2,40.0,6.2,11.7,10.2,-3.99,-4.06,75.4,-0.34,319,1,-3.99,75.4,-0.27,803,2,0.79,75.4,0.12,-2.66,94.2,8.0,0.56,0.02,88.7,79.4,0.2,0.14,-0.07,0.09,89.4,68.9,-0.73,-0.18,-4.39,26.7,0.2,89.7,77.3,-0.29,-0.37,-0.41000000000000003,-1.11,75.1,12.6,0.54,95.9,84.9,-3.99,75.4,803,2,-0.03,8.9,0.05,9.1,105.9,46.3,-5.2,-0.7000000000000001,6.237849816890261,1.791980624411548,28.8,-5.2,-0.56,52,15,37.0,81,30,8.2,1.0,4.9,25.0,-53.6,,4,1,5.8,21,1641657,30.0,12.3,-8.3,319,15.2,Dorka Juhasz,-10.1,0.16,13.4,35.2,11.3,-1.45,1.4,95.8,9.9,3.3,2.48,2.8,22,,10.7,661,3.6,6.949642146699336,12.21283949619379,1.6864447972048802,10.5,0.8975785637902041,1.996461030491363,7.985861795756418,0.0,8.0,0.033245117918076,61.3,,baseline,11.5,8.5,9.5,76,-1.48,36.5,low,volatile_rank,155,65.24,0.22,-3.17,-1.2,-0.273,0.47300000000000003,,True,True,210,12,1.322,False,5.1,10.0,7.3,8.3,66,72.7,18.5,13.6,45.7,3.1,2026-27,0.6000000000000001,6.7,-2.5,0.2,0.2,0.8,0.6000000000000001,5,2.03,MIN,64.2,0.7000000000000001,5.6,2.1,1.8,14,45.9,-10.1,-1.45,13.3
18.5,46.6,67.2,0.6000000000000001,6.3,2.6,2.1,2.2,2.0,20,0.4,0.30000000000000004,3,0.1,-0.06,64.9,0.6000000000000001,-139.7,0.0,60.0,4.3,9.7,15.9,-7.45,-7.45,78.5,-0.93,368,1,-7.45,78.5,-0.93,368,1,1.07,78.5,0.6000000000000001,-1.71,100.0,20.6,0.06,-2.11,94.5,0.8,-3.14,0.19,0.0,-0.21,89.2,40.8,0.08,-0.15,-4.47,3.4,-0.31,94.1,37.4,-0.13,-0.05,0.06,-1.02,80.0,16.0,-0.34,95.2,33.6,-7.45,78.5,368,1,-0.06,3.2,0.06,7.6,105.3,43.5,-8.0,-1.16,2.937687764288447,0.789669034837937,22.0,-12.0,-1.52,59,13,37.9,116,44,2.1,1.4,22.4,96.2,17.6,1.83,26,25,7.3,36,1643429,53.3,12.9,-6.7,368,10.2,Gianna Kneepkens,-13.0,-0.01,16.7,34.2,8.9,-1.01,3.8,92.3,19.8,6.8,5.09,5.7,52,G,4.7,766,3.5,3.524730390586874,8.78792774008133,0.0,8.8,0.833450346197774,0.947469802418862,6.934930248719082,0.0,6.9,0.0,59.6,,baseline,16.4,12.4,13.7,126,-0.88,51.9,medium,,57,20.35,0.33,-2.09,-0.92,0.044,0.314,,True,True,190,-7,0.9440000000000001,False,5.4,6.5,4.9,5.4,50,68.4,38.8,16.4,36.3,1.4,2026-27,0.5,31.8,-3.8,-3.7,0.2,1.0,0.9,8,1.08,CON,50.9,0.30000000000000004,5.7,1.6,1.3,12,49.4,-6.6,-0.88,16.3
27.8,34.0,81.1,0.4,3.8,1.9,1.5,1.6,0.5700000000000001,7,0.30000000000000004,0.2,1,0.1,-0.27,51.4,1.5,13.5,0.0,100.0,3.8,-2.4,16.2,-4.2,-4.2,50.6,-0.54,178,1,-4.2,50.6,-0.54,178,1,0.34,50.6,-1.18,-1.13,68.1,36.1,-0.74,-0.98,59.7,25.2,-1.33,-0.27,0.0,0.16,56.8,72.7,-0.24,-0.34,-3.41,25.2,-0.9400000000000001,60.6,14.7,-0.47000000000000003,-0.37,-0.44,-0.27,53.0,40.8,-0.25,56.8,39.1,-4.2,50.6,178,1,-0.2,1.1,-0.25,7.2,117.2,51.9,0.4,0.21,4.182425578967616,0.974379437859038,35.0,1.0,0.32,20,7,45.3,53,24,1.3,2.1,30.2,68.8,-9.8,,16,11,7.2,19,1643438,,0.0,2.3,178,9.4,Marta Suarez,-12.9,-0.06,17.8,35.2,8.7,-0.39,3.3,104.3,18.9,10.7,7.89,8.8,39,,1.3,363,3.5,11.69379958891187,17.477021597178375,5.910577580645365,11.6,0.357661814465626,2.724303793276992,10.357422001016651,0.0,10.4,0.0,33.3,,baseline,18.2,13.4,14.8,66,-0.7000000000000001,65.0,medium,low_sample,31,11.97,-0.24,-1.15,-0.67,-0.032,0.06,,True,True,175,-13,0.353,False,5.5,7.7,5.7,6.3,28,47.8,73.6,43.4,26.1,1.5,2026-27,0.7000000000000001,33.3,7.0,10.5,0.2,1.1,0.9,4,1.01,PHX,37.7,0.7000000000000001,10.6,3.6,2.9,13,55.0,-1.0,0.04,18.3
25.0,25.8,64.5,0.2,1.1,0.9,0.8,0.8,0.5,2,1.8,1.5,4,0.30000000000000004,-0.03,17.0,0.8,-180.0,0.0,0.0,6.5,-6.0,17.1,-0.8300000000000001,-1.01,39.5,-0.42,173,2,-0.8300000000000001,39.5,-0.24,173,2,-0.09,39.5,-0.18,-0.61,54.3,51.3,-0.6900000000000001,0.18,45.8,83.6,0.71,0.09,0.19,0.36,48.0,76.9,-0.18,0.17,-1.46,65.1,-0.51,46.2,29.4,0.26,0.0,0.07,0.23,41.3,66.4,-0.23,41.9,39.5,-0.8300000000000001,39.5,173,2,0.12,13.3,-0.15,10.1,102.7,54.8,3.3,,0.129666929692265,0.035201491390233,20.0,-14.0,,10,2,51.6,31,16,6.7,1.3,48.4,53.3,-25.3,,15,8,11.3,12,1642820,66.7,9.7,1.7000000000000002,104,8.7,Liatu King,-6.7,-0.14,20.8,33.2,6.6,0.0,6.3,96.0,25.8,6.8,5.19,5.8,15,,11.8,219,3.5,10.405965720771277,16.189187729037783,4.622743712504772,11.6,0.012460826142588002,2.824972516864102,10.436015383439894,0.0,10.4,0.0,17.7,,baseline,19.2,14.5,16.2,42,-0.16,50.8,medium,low_sample,20,7.97,0.42,-0.74,-0.2,0.04,0.095,,True,True,109,-3,0.452,False,8.1,12.8,9.5,10.8,28,70.0,80.7,32.3,14.5,2.3,2026-27,1.1,43.8,0.5,-0.1,0.5,2.7,2.3,6,3.46,MIN,32.3,0.4,11.4,2.3,1.9,5,55.9,-0.1,,17.6
20.5,32.0,70.5,1.9,20.2,8.0,5.7,6.5,1.58,68,0.6000000000000001,0.5,5,0.1,-0.04,66.8,8.6,2.0,10.9,16.7,4.9,14.8,29.4,-3.8,-3.8,81.6,-0.49,421,1,-3.8,81.6,-0.49,421,1,1.09,81.6,0.49,0.43,100.0,71.8,0.66,-0.46,100.0,45.4,-1.23,0.28,0.0,-0.62,96.0,28.6,-0.64,-0.02,-2.61,29.0,0.99,100.0,86.1,-0.15,-0.15,-0.13,-2.5700000000000003,80.0,1.3,-1.18,100.0,14.7,-3.8,81.6,421,1,0.09,8.2,-0.02,8.0,101.0,40.6,-10.9,-1.63,5.852278369850806,0.9455896990252941,20.0,-14.0,-1.8,45,9,36.9,122,45,4.9,1.5,32.8,55.0,-23.6,-2.43,40,22,5.8,35,1643644,40.0,8.2,-5.3,421,12.0,Alicia Florez,-2.9,-0.13,16.5,32.5,9.1,-0.91,2.0,98.1,21.3,6.2,4.53,5.0,53,,7.9,851,3.5,6.733335533200933,11.996532882695387,1.470138183706477,10.5,0.8691499689855371,1.087947687703396,7.080556354730769,0.0,7.1,0.013398869542928,60.6,,baseline,14.2,10.5,11.5,121,-0.92,57.5,medium,,71,26.1,-0.17,-1.67,-0.88,-0.037,0.149,,True,True,192,-14,0.584,False,4.8,5.6,4.2,4.6,48,63.4,66.4,33.6,49.3,1.4,2026-27,0.5,68.9,1.9,2.8,0.6000000000000001,2.5,2.0,21,2.22,WAS,36.9,1.2,14.7,4.8,3.9,41,43.3,-12.7,-1.88,18.9
31.1,68.2,83.3,0.8,4.6,3.0,2.1,2.5,2.0,16,0.2,0.2,1,0.1,-0.06,58.1,2.1,6.5,13.0,25.0,6.1,10.4,12.3,-3.45,-3.45,62.1,-0.38,258,1,-3.45,62.1,-0.38,258,1,0.6900000000000001,62.1,-0.18,-2.27,82.9,13.0,0.17,0.62,71.9,92.4,0.42,0.59,0.0,-0.64,67.2,27.3,-0.5,-0.04,-4.15,31.9,-0.23,74.8,40.8,-0.48,-0.24,-0.31,-1.19,65.5,10.9,0.88,75.1,89.9,-3.45,62.1,258,1,-0.04,6.1,-0.09,6.9,106.7,47.7,-3.8,-0.48,1.795593741016578,0.425252451291855,30.6,-3.4,-0.30000000000000004,49,15,36.4,66,24,6.7,0.8,6.1,25.0,-53.6,,4,1,3.0,19,1643437,33.3,9.1,-11.4,258,13.6,Ashlon Jackson,-23.7,-0.02,15.6,38.8,8.4,-1.07,0.2,83.0,7.6,2.8,2.09,2.3,15,,7.6,534,3.4,2.1846900973920462,7.447887446886502,0.0,7.4,0.8218986039072781,0.5174025716435331,6.517536013938598,0.0,6.5,0.027191097444415002,60.6,,baseline,12.0,9.0,9.9,64,-1.13,56.8,medium,,51,20.94,-0.34,-1.92,-1.09,-0.035,0.163,,True,True,199,-10,0.616,False,2.9,4.5,3.4,3.7,24,83.3,15.2,9.1,42.0,1.3,2026-27,0.30000000000000004,25.0,-2.6,1.5,0.5,1.7000000000000002,1.4,9,1.4,CON,74.2,0.4,2.8,1.3,1.1,7,47.2,-8.8,-1.24,12.6
27.3,29.7,55.4,2.0,25.3,9.3,6.9,7.7,2.5,50,0.4,0.30000000000000004,2,0.1,0.03,57.1,4.4,0.0,6.3,25.0,5.4,24.5,32.1,-1.01,-0.68,64.8,0.1,1304,2,-1.01,64.8,-0.23,1614,3,0.54,64.8,1.3,0.31,83.3,70.2,1.32,-1.25,80.1,15.5,-2.77,0.11,0.29,-0.91,70.1,16.8,-0.2,0.09,1.99,61.3,2.07,79.7,93.7,0.26,0.14,0.35000000000000003,-0.38,65.9,36.1,-0.61,76.7,26.1,-1.01,64.8,1614,3,0.0,5.6,-0.2,5.1,106.6,50.7,-0.8,0.01,0.806652894011727,0.189049653848152,26.9,-7.1,-0.8300000000000001,26,7,45.9,74,34,5.2,0.8,18.9,64.3,-14.3,,14,9,3.4,25,1630134,42.9,9.5,-9.5,260,10.4,Sug Sutton,-4.3,0.03,13.3,28.8,8.6,-1.67,0.7000000000000001,102.3,35.1,3.9,2.91,3.2,21,G,5.2,539,3.4,0.9307938655890241,6.193991215083479,0.0,6.2,0.8666289323912361,0.218143713857462,6.326926841803519,0.0,6.3,0.047448315744265,63.8,,baseline,15.6,11.8,12.9,84,-1.99,50.8,medium,,13,4.6,-0.32,-3.66,-2.2,0.209,0.466,,True,True,226,-6,1.302,False,3.0,3.9,2.8,3.2,21,60.0,39.2,20.3,42.7,0.8,2026-27,0.0,76.5,-4.4,-7.3,0.4,1.7000000000000002,1.4,9,1.52,PDX,35.1,0.8,13.5,3.9,3.2,21,52.4,-3.6,-0.38,17.7
27.3,29.7,78.4,1.1,8.7,3.5,2.7,2.9,2.75,15,0.0,0.0,0,0.0,-0.16,55.5,,,,80.0,13.5,13.3,13.2,-5.66,-5.66,53.5,-0.55,208,1,-5.66,53.5,-0.55,208,1,0.52,53.5,-0.01,-2.27,73.6,12.6,-0.27,-2.14,60.5,0.4,-3.21,0.14,0.0,-0.21,60.8,41.6,0.38,-0.27,-3.11,11.8,-0.04,64.8,55.5,-0.23,-0.05,0.11,0.34,57.7,71.4,-0.27,58.2,37.8,-5.66,53.5,208,1,-0.14,-1.2,-0.37,7.3,115.9,55.4,3.9,,0.468939881511689,0.17500748884619102,43.8,9.8,,16,7,45.9,37,17,0.5,3.1,18.9,85.7,7.1,,7,6,8.5,14,1643706,0.0,8.1,-14.3,208,14.9,Ornella Bankole,-21.0,-0.02,19.9,38.1,12.1,-0.98,5.0,94.9,13.5,10.0,7.44,8.3,43,,0.6000000000000001,430,3.4,0.560355458760046,5.823552808254502,0.0,5.8,0.8368614496044331,0.209123611714835,6.262340147606118,0.0,6.3,0.060745354651272,62.9,,baseline,10.9,8.2,9.0,47,-1.33,52.4,medium,,42,16.32,-0.16,-2.49,-1.35,0.021,0.298,,True,True,204,5,0.909,False,6.0,7.4,5.6,6.2,32,69.2,54.0,35.1,46.9,2.3,2026-27,0.6000000000000001,29.4,4.4,7.3,0.1,0.5,0.4,2,0.35000000000000003,TOR,43.2,0.4,8.0,1.2,1.0,5,58.6,2.6,,9.4
41.2,49.5,73.8,1.2,11.8,3.8,2.9,3.1,1.33,51,1.4,1.2,19,0.4,-0.09,80.4,1.3,8.3,8.3,33.3,5.8,4.7,10.6,-5.88,-6.34,86.1,-0.67,1235,2,-5.88,86.9,-0.21,2174,3,1.1,86.9,0.11,-3.11,100.0,1.3,-0.08,-1.34,100.0,12.6,-2.27,-0.08,-0.42,-0.29,100.0,37.8,-0.15,-0.14,-4.09,10.5,-0.58,100.0,27.7,-0.05,-0.23,-0.18,0.88,80.0,87.8,-0.07,100.0,49.6,-5.88,86.9,2174,3,-0.05,6.8,-0.18,12.6,107.3,55.8,4.3,0.84,5.332946464022503,0.614703839468659,40.4,6.4,1.08,57,23,44.7,103,46,3.2,2.2,33.0,85.3,6.7,0.71,34,29,9.6,44,203828,22.2,8.7,-9.0,658,15.0,Stefanie Dolson,-12.6,-0.04,13.6,31.8,12.0,0.27,3.7,94.7,17.5,7.3,5.31,5.9,97,C,10.7,1331,3.3,6.021374572318206,11.284571921812661,0.7581772228237501,10.5,0.885669277001868,0.6940557332524041,6.680592021916402,0.0,6.7,0.026024644303792,62.1,,baseline,10.8,7.9,8.8,144,-0.07,23.2,low,"prior_heavy,volatile_rank",143,56.32,2.21,-2.34,-0.44,0.37,0.619,,True,True,98,105,1.7770000000000001,True,7.7,8.0,5.8,6.4,106,68.4,51.4,18.4,40.6,2.4,2026-27,0.4,8.7,-1.6,0.1,0.30000000000000004,0.9,0.7000000000000001,12,1.7000000000000002,SEA,55.3,0.9,15.5,2.9,2.3,38,61.0,5.0,1.03,10.5
16.7,37.0,82.7,0.5,3.6,2.1,1.8,1.8,0.8300000000000001,15,1.5,1.3,11,0.30000000000000004,0.11,62.5,8.6,29.7,14.8,60.0,6.2,-1.8,11.6,-5.5,-5.31,77.4,-0.48,809,2,-5.5,77.4,-0.67,1311,3,0.89,77.4,-0.05,-1.82,97.6,19.7,-0.38,-1.12,91.1,20.6,0.47000000000000003,-0.12,0.05,1.8399999999999999,98.1,93.7,-0.02,-0.2,-6.06,12.6,-1.34,91.7,3.4,0.03,-0.35000000000000003,-0.37,-0.6900000000000001,78.0,26.1,-0.87,89.3,20.6,-5.5,77.4,1311,3,-0.02,7.2,-0.16,15.2,105.2,43.2,-8.3,-1.21,3.2708614880028,1.002196560276862,22.9,-11.1,-1.3900000000000001,35,8,38.3,81,31,3.2,1.4,65.4,75.5,-3.1,-0.31,53,40,13.4,33,1629574,0.0,2.5,-5.3,337,10.2,Li Yueru,3.5,0.13,12.9,32.5,8.5,-0.30000000000000004,5.9,108.7,14.8,6.5,5.02,5.6,47,,13.4,720,3.3,4.920274228629948,10.183471578124404,0.0,10.2,0.664772192771371,1.507578943846613,7.497147191359293,0.0,7.5,0.006922382808983001,51.0,,baseline,15.3,11.6,13.1,110,-0.59,51.1,medium,,12,4.74,1.09,-2.26,-0.33,-0.26,0.467,,True,True,167,18,1.305,False,10.4,12.9,9.9,11.0,93,65.6,104.9,39.5,41.8,2.8,2026-27,0.6000000000000001,16.1,6.2,10.1,0.1,0.6000000000000001,0.5,4,1.6,DAL,43.2,0.6000000000000001,10.9,2.9,2.5,21,52.7,-3.3,-0.33,15.8
35.3,53.1,84.4,0.30000000000000004,1.9,1.8,1.3,1.6,0.37,4,0.9,0.8,2,0.2,-0.37,16.7,1.3,-168.3,0.0,33.3,9.4,-0.6000000000000001,10.6,-2.34,-3.12,40.7,-2.24,479,2,-2.34,40.0,-1.46,643,3,-0.14,40.0,-0.09,-0.84,53.4,42.9,-0.6900000000000001,-0.07,44.3,62.6,0.15,0.19,1.3900000000000001,0.14,41.4,71.0,0.06,0.09,-1.28,41.2,-0.44,44.9,32.4,0.42,-0.05,-0.02,0.2,40.6,64.7,0.22,47.1,75.2,-2.34,40.0,643,3,-0.09,2.6,-0.06,6.6,115.7,51.6,0.1,,,,35.0,1.0,0.32,20,7,40.6,32,13,1.8,1.8,28.1,77.8,-0.8,,9,7,6.2,12,203024,33.3,9.4,,99,8.3,Damiris Dantas,-8.1,-0.28,17.8,49.5,9.1,0.13,2.6,107.6,6.3,10.1,8.0,8.9,22,,1.5,218,3.3,,,,,,,,,,,,,,18.3,14.3,16.2,40,-0.02,49.4,low,low_sample,21,8.58,1.23,-1.28,-0.08,0.059000000000000004,0.329,,True,True,94,-11,0.977,False,4.9,8.3,6.5,7.3,18,57.1,50.0,21.9,41.3,1.5,2026-27,0.4,7.7,1.4,5.8,0.2,0.9,0.8,2,1.45,IND,62.5,0.8,5.0,4.1,3.6,9,55.6,-0.4,,18.6
0.0,13.0,43.5,0.9,8.6,5.3,4.0,4.5,1.29,9,0.0,0.0,0,0.0,-0.27,15.5,1.0,88.2,0.0,,0.0,8.6,20.9,-2.62,-1.73,38.8,-1.34,586,2,-2.62,39.2,-2.23,1225,3,-0.31,39.2,0.05,-0.15,44.0,62.6,-0.12,-0.16,36.7,58.4,-0.2,-0.36,2.32,0.17,35.7,73.1,-0.11,-0.02,-0.17,36.1,-0.03,37.3,56.3,0.24,0.06,0.22,0.23,33.4,66.8,-0.21,32.2,40.8,-2.62,39.2,1225,3,-0.1,5.6,-0.2,11.4,113.3,56.5,5.0,,1.038678135457515,0.26482540239586,0.0,-34.0,,3,0,56.5,23,13,3.0,1.0,34.8,75.0,-3.6,,8,6,11.3,10,1641650,,0.0,0.30000000000000004,80,8.0,Haley Jones,-12.8,-0.17,13.0,28.8,7.2,-1.43,2.8,100.5,56.5,5.9,4.5,5.0,10,,9.6,170,3.2,8.250863353875118,13.514060703369573,2.987666004380663,10.5,0.125887206090946,2.103672093608457,10.898673565006954,0.0,10.9,0.0,22.7,,baseline,18.8,14.4,16.0,32,-1.8,43.3,low,low_sample,8,3.0,-0.15,-3.45,-2.12,0.318,0.46,,True,True,221,-11,1.288,False,9.9,10.0,7.6,8.5,17,71.4,65.2,30.4,16.2,1.7000000000000002,2026-27,0.4,46.2,-3.4,-9.3,0.30000000000000004,1.8,1.5,3,1.35,PDX,13.0,0.7000000000000001,6.5,4.1,3.5,7,60.3,4.3,,19.2
29.2,43.6,74.5,1.2,19.9,5.9,4.5,4.9,1.71,22,0.0,0.0,0,0.0,-0.14,53.1,2.5,-32.3,0.0,50.0,3.6,13.6,19.7,-2.96,-2.96,50.5,-0.38,180,1,-2.96,50.5,-0.38,180,1,-0.03,50.5,-0.16,-0.45,68.4,55.0,0.25,-0.76,60.1,31.9,-1.94,-0.01,0.0,-0.75,54.2,21.8,0.08,-0.05,-1.4,32.8,0.28,60.6,78.2,0.0,-0.08,0.01,-0.7000000000000001,53.3,25.6,-0.22,58.2,40.3,-2.96,50.5,180,1,-0.12,1.0,-0.2,6.6,120.8,41.8,-9.7,-1.44,,,30.8,-3.2,-0.27,26,8,34.5,55,19,1.3,1.7000000000000002,32.7,77.8,-0.8,,18,14,6.4,19,1643647,28.6,12.7,,180,9.5,Tima Pouye,-15.1,-0.01,14.2,34.4,16.2,-0.24,3.2,105.7,12.7,8.6,6.4,7.1,32,G,1.8,371,3.2,,,,,,,,,,,,,,16.2,12.1,13.3,60,-0.44,61.7,medium,low_sample,79,30.41,-0.09,-0.79,-0.38,-0.059000000000000004,0.037,,True,True,150,-11,0.273,False,4.8,4.3,3.0,3.6,16,46.7,60.0,27.3,45.1,0.8,2026-27,0.2,21.0,0.4,2.3,0.2,1.1,0.9,4,0.8,TOR,47.3,0.7000000000000001,16.4,3.8,3.1,14,47.7,-8.3,-1.16,18.9
50.0,50.0,58.3,0.2,1.2,1.8,1.3,1.5,,1,0.0,0.0,0,0.0,-0.09,12.7,,,,,0.0,1.2,17.3,-0.21,-0.21,30.3,0.38,27,1,-0.21,30.3,0.38,27,1,-0.89,30.3,-0.8200000000000001,-0.16,19.6,62.2,-0.04,0.0,15.1,71.8,0.0,0.0,0.0,0.0,13.8,59.5,-0.36,-0.09,-0.28,71.4,0.0,15.5,66.4,-0.22,-0.04,0.08,-0.04,14.7,54.6,0.0,14.2,59.9,-0.21,30.3,27,1,0.02,0.6000000000000001,0.25,2.4,92.3,62.5,11.0,,0.050715646288279,0.013198558974735,50.0,16.0,,6,3,50.0,12,6,,0.0,41.7,20.0,-58.6,,5,1,1.6,5,1642788,33.3,25.0,2.0,27,5.4,Bree Hall,10.2,-0.11,14.7,32.0,13.3,-6.89,0.4,102.5,16.7,0.0,0.0,0.0,0,,2.4,57,3.2,7.353503112857894,12.61670046235235,2.090305763363439,10.5,0.006896800818592,1.9137219301962962,9.45398597158903,0.0,9.5,0.0,19.0,,baseline,28.1,21.3,23.7,16,-6.64,28.1,low,low_sample,0,0.0,-6.53,-6.76,-6.66,0.018000000000000002,0.004,,True,True,238,0,0.089,False,1.4,10.5,8.0,8.9,6,100.0,50.0,8.3,10.1,1.2,2026-27,0.0,33.4,-8.8,-11.0,0.0,0.0,0.0,0,0.0,IND,50.0,0.0,0.0,0.0,0.0,0,56.3,0.30000000000000004,,22.7
38.2,66.7,91.2,1.0,13.3,4.1,3.2,3.6,1.67,41,0.1,0.1,1,0.0,-0.14,68.1,1.0,-15.4,0.0,20.0,9.8,11.2,13.6,-6.04,-6.04,80.9,-0.68,457,1,-6.04,80.9,-0.68,457,1,1.1400000000000001,80.9,0.11,-2.3,100.0,12.2,0.03,-1.74,100.0,4.6,-3.8,0.2,0.0,-1.24,91.7,5.5,-0.1,-0.19,-2.33,9.7,-0.12,99.1,48.7,-0.30000000000000004,-0.28,-0.15,0.13,80.0,60.9,0.91,100.0,90.3,-6.04,80.9,457,1,-0.09,2.3,-0.29,6.4,108.8,51.0,-0.5,0.06,5.981291373358496,1.5214616542317039,35.9,1.9,0.45,78,28,37.3,102,38,2.3,0.8,22.5,87.0,8.4,0.88,23,20,5.0,40,1643462,,0.0,-4.9,457,11.4,Chance Gray,-14.2,-0.05,17.2,41.1,13.5,-1.47,1.8,94.6,8.8,3.1,2.44,2.7,31,,5.1,990,3.1,6.471992223090152,11.735189572584607,1.208794873595696,10.5,0.9241808653630671,1.646281275942663,7.6380604449239335,0.0,7.6,0.021851602528230003,62.7,,baseline,12.5,9.8,10.9,124,-1.8900000000000001,52.5,medium,,105,37.53,-0.77,-3.0,-2.08,0.19,0.28,,True,True,224,-3,0.87,False,4.1,4.3,3.5,3.8,43,60.0,37.2,14.7,40.7,1.1,2026-27,0.30000000000000004,15.8,1.3,7.4,0.1,0.6000000000000001,0.5,6,0.55,LAS,76.5,0.6000000000000001,11.0,2.5,2.2,25,55.3,-0.7000000000000001,0.09,12.9
39.1,50.0,67.4,1.1,10.8,6.5,5.0,5.3,1.57,17,0.4,0.30000000000000004,1,0.1,0.02,18.4,3.4,16.7,0.0,66.7,6.5,11.6,16.7,-0.42,-0.42,42.3,-0.04,128,1,-0.42,42.3,-0.04,128,1,0.07,42.3,-0.12,0.1,58.8,67.2,0.16,-0.19,48.7,57.1,-0.48,0.27,0.0,-0.29,44.1,37.4,-0.38,0.09,-0.01,68.9,0.16,49.9,75.6,-0.03,-0.01,0.05,-0.46,45.1,33.2,0.23,50.7,75.6,-0.42,42.3,128,1,0.04,3.1,0.15,2.3,94.6,48.9,-2.6,,0.0,0.0,42.3,8.3,1.35,26,11,37.0,46,17,3.3,0.8,13.0,83.3,4.7,,6,5,1.7000000000000002,16,1642794,28.6,15.2,-8.0,128,8.0,Juste Jocyte,7.4,-0.02,11.5,27.6,7.3,-0.24,0.6000000000000001,102.0,17.4,4.6,3.38,3.8,12,,1.2,260,3.1,0.0,5.263197349494455,0.0,5.3,0.127955058832254,0.0,5.981560458808764,0.0,6.0,0.017028085212293,30.7,,baseline,19.2,14.0,15.6,50,-0.08,55.7,medium,low_sample,26,9.6,0.2,-0.35000000000000003,-0.01,-0.064,0.024,,True,True,99,-4,0.218,False,1.4,4.6,3.6,3.8,12,40.0,23.9,10.9,20.7,0.8,2026-27,0.4,17.6,-5.3,-5.2,0.2,1.2,0.9,3,1.13,GSV,56.5,0.7000000000000001,6.8,4.2,3.4,11,51.4,-4.6,,20.9
21.2,26.4,62.4,1.2,10.5,5.3,3.9,4.4,1.71,47,0.7000000000000001,0.6000000000000001,6,0.2,0.01,68.1,1.7000000000000002,-123.6,9.9,28.6,11.2,8.9,19.3,-4.39,-4.39,82.1,-0.73,429,1,-4.39,82.1,-0.73,429,1,0.98,82.1,0.61,-0.88,100.0,42.4,0.37,-0.39,100.0,47.5,-0.9500000000000001,0.36,0.0,-0.49,100.0,33.6,-0.14,-0.06,-3.48,22.7,0.03,100.0,71.8,0.14,-0.19,0.04,-1.02,80.0,15.5,-0.9500000000000001,100.0,18.1,-4.39,82.1,429,1,0.02,6.9,0.14,7.8,105.3,45.2,-6.3,-0.88,0.0,0.0,23.4,-10.6,-1.32,47,11,40.8,125,51,4.6,1.2,10.4,69.2,-9.4,,13,9,7.8,39,1643433,33.3,7.2,-11.0,429,11.0,Raven Johnson,0.4,-0.01,12.6,35.7,10.7,-0.39,4.0,105.7,30.4,5.4,4.03,4.5,48,,7.5,892,3.1,0.0,5.263197349494455,0.0,5.3,0.259804915524787,0.0,5.981611422968527,0.0,6.0,0.0,36.3,,baseline,13.7,10.1,11.4,122,-0.16,61.9,medium,,65,24.32,0.38,-0.71,-0.21,0.042,0.085,,True,True,110,-5,0.424,False,5.8,7.5,5.6,6.2,67,67.7,35.2,24.8,25.0,1.7000000000000002,2026-27,0.4,41.2,-1.3,-2.4,0.4,1.8,1.5,16,1.85,IND,37.6,0.7000000000000001,10.5,3.1,2.6,28,46.7,-9.3,-1.32,16.4
33.3,17.1,65.7,0.4,3.8,3.0,2.5,2.6,0.67,7,0.4,0.4,1,0.1,-0.33,17.1,,,,50.0,11.4,-2.2,18.9,-0.52,-0.52,39.1,0.02,108,1,-0.52,39.1,0.02,108,1,0.01,39.1,-0.63,-0.01,55.1,66.0,-0.89,-0.27,45.2,52.5,-0.33,0.33,0.0,-0.09,43.3,47.1,-0.22,-0.1,-0.27,67.6,-0.43,46.4,32.8,-0.03,-0.17,-0.15,0.37,42.0,72.3,-0.18,41.8,43.3,-0.52,39.1,108,1,-0.19,1.7000000000000002,-0.13,4.7,113.6,51.4,-0.1,,0.13002639332059002,0.058272817822363,40.0,6.0,,10,4,45.7,35,16,1.8,0.6000000000000001,85.7,76.7,-1.9,-0.18,30,23,3.9,19,1643444,0.0,2.9,-5.3,108,5.7,Ta'Niya Latson,-17.4,-0.14,13.0,42.0,9.0,-0.62,1.6,96.2,31.4,4.8,3.67,4.1,11,,2.4,230,3.1,0.379085937703936,5.642283287198392,0.0,5.6,0.342999780229621,0.16989170600445502,6.198091597319362,0.0,6.2,0.0,39.6,,baseline,25.7,19.6,21.9,59,-0.76,51.1,medium,low_sample,30,11.69,-0.42,-1.09,-0.73,-0.031,0.034,,True,True,179,-15,0.261,False,3.1,6.5,5.1,5.6,15,69.2,122.8,37.1,21.2,0.8,2026-27,0.4,31.2,3.0,2.7,0.1,0.4,0.4,1,0.67,LVA,28.6,0.6000000000000001,10.9,5.2,4.4,12,61.2,5.2,,25.1
40.4,51.1,82.6,1.1,9.1,4.4,3.4,3.7,2.2,42,0.0,0.0,0,0.0,0.02,69.6,2.4,54.6,38.5,46.7,16.3,6.9,9.9,-4.83,-4.83,80.5,-0.74,459,1,-4.83,80.5,-0.74,459,1,1.09,80.5,0.63,-2.96,100.0,2.5,0.68,-0.98,100.0,25.6,-2.58,0.38,0.0,-1.19,87.2,8.4,-0.13,-0.1,-2.32,19.7,0.19,100.0,76.5,0.17,-0.37,-0.30000000000000004,0.86,80.0,86.6,0.52,100.0,84.0,-4.83,80.5,459,1,0.07,4.2,0.30000000000000004,4.7,96.6,59.8,8.3,1.49,0.0,0.0,41.9,7.9,1.29,62,26,45.7,92,42,3.9,1.1,7.6,100.0,21.4,,7,7,3.9,39,1643489,42.9,7.6,-11.8,459,11.8,Antonia Delaere,10.6,-0.04,14.3,27.6,9.3,-0.84,1.6,107.2,9.8,4.3,3.22,3.6,41,,4.0,949,3.0,0.0,5.263197349494455,0.0,5.3,0.655750869512158,0.0,5.98153752295209,0.0,6.0,0.0,54.1,,baseline,12.3,9.2,10.2,117,-0.33,58.4,medium,,61,25.35,0.4,-1.06,-0.09,-0.23900000000000002,0.14200000000000002,,True,True,132,-10,0.5680000000000001,False,3.1,3.4,2.4,2.8,32,57.1,22.8,15.2,36.2,0.8,2026-27,0.30000000000000004,9.5,-0.1,3.8,0.4,1.7000000000000002,1.4,16,1.25,MIN,67.4,0.5,13.7,2.0,1.7000000000000002,19,61.5,5.5,1.11,10.8
0.0,5.3,52.6,0.4,6.5,2.3,1.6,1.9,0.5700000000000001,3,0.0,0.0,0,0.0,-0.24,14.7,1.2,0.0,0.0,0.0,5.3,-9.1,12.9,-1.6099999999999999,-1.6099999999999999,32.6,-0.19,63,1,-1.6099999999999999,32.6,-0.19,63,1,-0.51,32.6,-1.2,-0.8,32.1,44.5,-0.43,-0.1,26.6,60.9,-0.31,-0.29,0.0,-0.03,24.6,52.1,-0.5,-0.27,-1.72,50.4,-0.14,27.0,47.1,-0.25,-0.26,-0.35000000000000003,-0.23,24.5,44.1,-0.11,22.8,47.9,-1.6099999999999999,32.6,63,1,-0.25,0.0,-0.05,9.7,113.1,47.4,-4.1,,,,0.0,-34.0,,2,0,47.4,19,9,0.0,1.0,21.1,75.0,-3.6,,4,3,7.0,7,1631263,33.3,15.8,,63,9.0,Nikolina Milic,-9.4,0.02,14.9,42.3,13.7,0.75,2.6,103.7,31.6,5.3,4.0,4.4,7,C,5.7,133,3.0,,,,,,,,,,,,,,15.8,12.0,13.3,21,0.7000000000000001,38.7,low,low_sample,3,1.09,0.85,0.56,0.72,-0.016,0.007,,True,True,54,13,0.113,False,5.7,6.8,5.2,5.7,9,87.5,63.2,42.1,30.3,1.3,2026-27,0.6000000000000001,11.1,0.7000000000000001,-2.9,0.0,0.0,0.0,0,0.0,TOR,10.5,0.7000000000000001,22.3,3.8,3.2,5,50.6,-5.4,,18.6
20.0,50.0,60.0,0.0,0.0,0.0,0.0,0.0,0.0,0,1.1,1.0,1,0.30000000000000004,-0.07,13.4,,,,0.0,10.0,-14.6,15.0,-5.19,-6.76,34.8,-5.5,622,2,-5.19,32.7,-3.93,622,2,-0.6000000000000001,32.7,-1.69,-0.26,18.9,59.7,-0.5,0.0,15.0,71.8,-0.31,-0.71,3.89,0.01,15.8,65.1,-0.45,-0.46,-1.38,17.6,-0.04,16.1,54.6,-0.61,-0.4,-0.61,-0.76,14.5,24.4,0.01,17.7,65.5,-5.19,32.7,622,2,-0.33,0.8,0.06,6.1,98.3,30.0,-21.5,,,,16.7,-17.3,,12,2,25.0,20,5,1.2,2.0,0.0,0.0,,,0,0,8.1,4,1629490,28.6,35.0,,39,9.8,Kitija Laksa,-9.6,0.26,16.6,33.2,8.3,-0.6000000000000001,5.1,88.7,5.0,9.2,7.38,8.2,8,,0.6000000000000001,87,3.0,,,,,,,,,,,,,,13.8,11.0,12.3,12,-0.49,31.7,low,low_sample,19,7.37,0.8200000000000001,-1.81,-0.51,0.015,0.35100000000000003,,True,True,157,-29,1.026,False,5.5,8.0,6.6,7.2,7,,0.0,0.0,26.4,1.8,2026-27,2.3,20.0,-10.8,-12.5,0.0,0.0,0.0,0,0.92,DAL,60.0,1.0,18.2,4.6,4.1,4,30.0,-26.0,,24.4
10.0,66.7,93.3,0.8,4.1,2.5,2.0,2.1,1.6,3,0.8,0.7000000000000001,1,0.30000000000000004,-0.08,14.4,4.0,0.0,0.0,100.0,6.7,8.7,12.6,-1.82,-1.82,31.3,-0.12,58,1,-1.82,31.3,-0.12,58,1,-0.56,31.3,-1.06,-1.01,22.4,39.9,0.04,-0.07,19.8,62.2,-0.29,-0.31,0.0,-0.04,18.6,51.3,-0.14,-0.23,-2.07,47.1,-0.04,19.9,55.9,-0.37,-0.11,-0.18,-0.47000000000000003,17.4,32.4,0.02,20.7,67.6,-1.82,31.3,58,1,-0.03,0.30000000000000004,-0.02,1.8,101.4,33.3,-18.2,,,,18.2,-15.8,,11,2,26.7,15,4,1.4,1.8,20.0,66.7,-11.9,,3,2,3.6,4,1642775,,0.0,,58,14.5,Alex Wilson,-14.3,-0.05,18.0,21.1,14.3,-0.34,2.5,87.1,6.7,5.8,4.34,4.8,7,,-1.3,120,3.0,,,,,,,,,,,,,,10.0,7.4,8.3,12,-0.36,37.3,low,low_sample,36,14.29,-0.30000000000000004,-0.42,-0.34,-0.018000000000000002,0.001,,True,True,138,-12,0.048,False,2.4,5.8,4.5,4.8,7,66.7,40.0,20.0,32.5,1.8,2026-27,0.5,25.0,2.9,9.5,0.0,0.0,0.0,0,0.62,WAS,73.3,0.5,2.2,1.7000000000000002,1.4,2,36.8,-19.2,,13.6
31.6,32.8,65.5,0.6000000000000001,4.9,2.9,2.0,2.4,1.0,12,3.3,2.8,14,0.7000000000000001,0.17,51.7,,,,14.3,12.1,4.7,11.5,-2.15,-2.15,55.0,0.08,201,1,-2.15,55.0,0.08,201,1,-0.14,55.0,-0.67,-1.43,72.3,27.3,-0.17,1.08,64.6,97.5,2.27,-0.05,0.0,0.66,65.2,80.3,-0.26,-0.07,-4.65,43.3,-0.64,64.9,25.6,-0.08,-0.23,-0.39,-1.3,56.6,8.8,-0.13,63.6,45.0,-2.15,55.0,201,1,0.15,15.5,0.23,6.1,105.5,38.8,-12.7,-1.9300000000000002,0.752059804515364,0.180846796170982,26.9,-7.1,-0.8300000000000001,26,7,32.8,58,19,8.0,1.6,29.3,70.6,-8.0,,17,12,6.1,19,1642768,20.0,17.2,-6.6,201,10.6,Kyara Linskens,-12.5,0.02,13.6,33.0,9.0,-3.5,3.0,93.0,17.2,7.2,5.37,6.0,30,C,9.3,419,3.0,4.036512973224883,9.299710322719339,0.0,9.3,0.186314229510458,0.970654773101112,6.97658559509696,0.0,7.0,0.041650775755311,31.1,,baseline,13.6,10.2,11.3,57,-3.24,70.1,medium,,3,1.12,-2.63,-3.85,-3.19,-0.053,0.105,,True,True,235,-6,0.47700000000000004,False,4.6,10.7,8.2,9.0,45,50.0,50.0,20.7,26.4,2.4,2026-27,0.4,10.5,-2.6,-3.0,0.5,2.4,2.0,10,4.3,PHX,44.8,0.6000000000000001,5.2,2.6,2.2,11,43.5,-12.5,-1.85,17.1
50.0,17.9,69.6,0.6000000000000001,7.8,3.0,2.2,2.4,1.5,17,1.1,0.8,6,0.2,0.02,58.5,1.9,-32.2,12.9,33.3,5.4,9.4,11.1,-2.25,-2.25,70.6,-0.64,289,1,-2.25,70.6,-0.64,289,1,0.61,70.6,0.6000000000000001,-2.46,88.7,9.2,-0.29,0.09,86.2,81.1,1.99,-0.1,0.0,1.6600000000000001,91.3,92.4,-0.2,0.12,-4.35,42.2,-0.68,85.8,24.4,0.41000000000000003,0.11,0.18,0.8,70.4,84.9,-1.0,73.2,16.4,-2.25,70.6,289,1,0.12,13.3,0.21,13.4,103.4,60.7,9.2,1.6400000000000001,0.0,0.0,46.2,12.2,,13,6,55.4,56,31,6.5,1.4,30.4,70.6,-8.0,,17,12,12.2,29,1642307,50.0,3.6,-10.0,289,10.0,Mackenzie Holmes,-15.8,-0.1,15.1,35.1,9.8,1.8,6.5,87.6,26.8,7.0,4.98,5.5,40,,14.9,571,2.8,0.0,5.263197349494455,0.0,5.3,0.52542697288907,0.0,5.981615502378451,0.0,6.0,0.014811801587391002,48.5,,baseline,14.0,10.1,11.1,80,2.03,67.6,medium,,13,4.82,2.69,1.37,2.08,-0.048,0.11900000000000001,,True,True,15,14,0.513,False,8.9,14.9,10.4,11.8,85,65.4,76.8,46.4,31.8,2.9,2026-27,0.6000000000000001,16.1,5.7,6.4,0.7000000000000001,3.5,2.8,20,3.24,SEA,23.2,0.4,5.5,2.3,1.8,13,63.0,7.0,1.3599999999999999,11.5
11.1,29.3,76.1,0.6000000000000001,8.4,3.3,2.5,2.7,1.0,22,1.1,0.8,7,0.2,-0.17,63.2,1.8,0.0,6.2,20.0,5.4,4.8,13.7,-6.73,-6.73,78.6,-0.93,331,1,-6.73,78.6,-0.93,331,1,0.81,78.6,-0.6000000000000001,-2.35,96.5,10.9,-0.25,-0.64,95.8,37.8,0.36,-0.01,0.0,1.11,97.3,85.3,-0.48,-0.16,-7.24,5.9,-1.02,96.0,12.6,-0.27,-0.23,-0.24,-0.97,77.0,18.1,-1.34,92.0,13.4,-6.73,78.6,331,1,-0.04,10.6,-0.24,18.6,107.0,45.7,-5.8,-0.8,1.442227389141376,0.004691207048486,12.5,-21.5,-2.86,32,4,43.5,92,40,5.4,0.9,27.2,68.0,-10.6,-1.08,25,17,13.7,38,1643455,75.0,4.3,-6.9,331,8.7,Angela Dugalic,-12.1,-0.13,18.7,34.2,9.6,-1.06,4.4,94.9,19.6,5.3,3.81,4.2,35,F,18.9,664,2.7,1.842393107294524,7.105590456788979,0.0,7.1,0.7828011206898321,0.005992846617736001,6.007019807272898,0.0,6.0,0.021178294636387002,59.4,,baseline,15.2,11.2,12.2,101,-1.34,60.0,medium,,72,26.95,-0.78,-1.9,-1.1400000000000001,-0.20600000000000002,0.089,,True,True,206,-7,0.437,False,11.5,12.7,9.1,10.2,84,63.2,68.5,41.3,36.3,2.2,2026-27,0.6000000000000001,15.0,5.4,7.7,0.30000000000000004,1.8,1.5,12,2.07,WAS,34.8,0.6000000000000001,9.5,3.5,2.8,23,49.0,-7.0,-0.9400000000000001,17.2
0.0,25.0,75.0,1.0,7.5,4.3,3.7,4.1,,3,1.4,1.4,1,0.30000000000000004,0.05,12.9,,,,0.0,12.5,7.5,8.2,-1.06,-1.06,30.3,-0.04,29,1,-1.06,30.3,-0.04,29,1,-0.6000000000000001,30.3,-0.03,-0.76,14.1,45.8,0.2,0.0,11.6,71.8,-0.11,-0.25,0.0,0.0,10.7,59.5,0.0,-0.02,-1.3,60.3,0.0,11.7,66.4,0.13,0.0,0.04,-0.17,10.8,48.7,0.0,10.6,59.9,-1.06,30.3,29,1,0.01,7.8,-0.06,6.5,119.6,37.5,-14.0,,,,0.0,-34.0,,3,0,37.5,8,3,4.0,1.7000000000000002,37.5,66.7,-11.9,,3,2,3.9,3,1643461,,0.0,,29,9.7,Laura Ziegler,-14.1,0.04,12.4,32.3,18.6,-0.29,1.2,105.5,25.0,7.2,6.21,6.9,5,,5.3,69,2.7,,,,,,,,,,,,,,11.6,10.0,11.0,8,-0.34,28.7,low,low_sample,28,10.89,-0.25,-0.44,-0.32,-0.026000000000000002,0.003,,True,True,134,-9,0.074,False,3.3,5.8,4.8,5.5,4,100.0,75.0,37.5,23.9,1.3,2026-27,0.0,0.0,5.0,7.0,0.30000000000000004,1.4,1.4,1,2.48,LAS,37.5,0.0,0.0,0.0,0.0,0,42.9,-13.1,,12.4
37.9,49.2,83.1,0.7000000000000001,5.3,2.8,2.2,2.3,1.4,20,1.1,0.9,8,0.30000000000000004,-0.04,63.3,2.9,25.7,14.7,27.3,18.6,3.5,11.1,-6.52,-6.8100000000000005,75.9,-1.06,1088,2,-6.52,75.9,-0.77,1998,3,0.81,75.9,-0.23,-2.83,98.5,4.2,-0.6000000000000001,-1.19,90.2,17.2,-1.98,0.02,0.02,-0.26,86.3,38.7,-0.22,-0.21,-4.73,7.1,-0.8300000000000001,91.9,19.3,0.12,-0.30000000000000004,-0.25,0.16,78.7,63.4,0.14,88.8,72.3,-6.52,75.9,1998,3,-0.01,4.5,0.15,8.2,102.1,52.5,1.0,0.31,9.738348742085723,1.802141748735317,35.0,1.0,0.32,40,14,40.7,59,24,2.5,1.8,44.1,65.4,-13.2,-1.35,26,17,6.8,30,202252,100.0,1.7000000000000002,-0.9,342,11.4,Alysha Clark,2.8,-0.03,11.5,28.2,8.6,-0.75,2.3,104.9,15.3,7.8,5.79,6.4,55,F,5.3,702,2.6,10.509495087340927,16.292717095607433,4.7262730790744225,11.6,0.9266238445475771,1.944847155984002,7.931563035808217,0.0,7.9,0.09939938801061801,63.6,,baseline,11.3,8.2,9.2,79,-0.58,50.1,medium,,21,7.6,1.05,-2.2,-0.30000000000000004,-0.277,0.454,,True,True,166,29,1.27,False,5.7,7.3,5.4,6.0,51,66.7,59.4,15.3,44.3,1.7000000000000002,2026-27,0.2,20.8,0.7000000000000001,4.7,0.2,0.9,0.7000000000000001,6,1.47,DAL,67.8,0.5,9.2,2.1,1.8,15,56.1,0.1,0.22,11.2
28.6,51.2,82.9,0.4,4.4,2.6,1.9,2.2,2.0,8,1.0,0.8,3,0.2,0.02,19.3,0.1,981.8,0.0,44.4,22.0,9.8,10.3,-3.99,-3.87,46.5,-0.86,773,2,-3.99,46.0,-0.98,1131,3,0.2,46.0,0.09,-1.82,61.9,19.3,-0.17,-0.63,53.6,38.2,-1.24,-0.11,0.85,-0.26,49.2,38.2,-0.13,-0.17,-2.36,26.7,-0.18,54.1,45.4,0.12,-0.09,0.05,0.02,47.8,56.7,0.42,57.4,82.4,-3.99,46.0,1131,3,-0.02,5.9,-0.27,5.0,119.3,53.7,2.2,,3.709687291073403,0.9523146636308961,33.3,-0.7000000000000001,0.08,30,10,41.5,41,17,3.6,1.2,19.5,62.5,-16.1,,8,5,3.4,19,1642324,100.0,2.4,2.1,145,7.6,Kate Martin,-10.0,0.04,16.4,40.7,10.4,-0.87,1.2,109.3,14.6,7.1,5.46,6.1,22,,3.5,312,2.6,9.737287582550078,15.000484932044532,4.474090233055622,10.5,0.38097748059956904,2.499661297912348,10.153613896511525,0.0,10.2,0.018413108790289002,35.4,,baseline,15.7,12.3,13.5,49,-1.53,45.7,low,low_sample,23,8.17,0.16,-3.22,-1.43,-0.099,0.47200000000000003,,True,True,214,-6,1.319,False,2.8,6.1,4.7,5.2,19,75.0,29.3,9.8,21.7,1.0,2026-27,0.2,11.8,-0.7000000000000001,3.3,0.30000000000000004,1.6,1.4,5,1.99,LAS,73.2,0.2,3.2,1.3,1.1,4,55.0,-1.0,,14.3
28.6,45.2,61.3,0.6000000000000001,7.9,2.4,1.8,2.0,0.75,6,0.8,0.7000000000000001,2,0.2,-0.15,17.9,0.9,-171.4,0.0,,0.0,-4.5,14.4,-4.96,-5.36,40.9,-1.13,402,2,-4.96,39.8,-0.73,402,2,-0.15,39.8,-1.4100000000000001,-1.5899999999999999,51.8,22.7,-0.28,-0.54,42.7,41.6,-0.89,-0.08,0.47000000000000003,-0.08,41.7,47.5,-0.25,-0.51,-4.43,18.9,-0.39,44.7,34.0,-0.72,-0.52,-0.71,-1.23,40.0,10.1,-0.1,42.3,48.3,-4.96,39.8,402,2,-0.04,7.1,-0.23,10.8,111.6,32.3,-19.2,,0.0,0.0,28.6,-5.4,,14,4,25.8,31,8,3.2,2.2,19.4,100.0,21.4,,6,6,9.6,10,1642818,25.0,12.9,-12.2,122,12.2,Maddy Westbeld,-13.7,-0.11,14.2,37.8,8.9,-1.38,4.9,97.9,25.8,8.9,6.49,7.2,22,,8.5,248,2.6,0.0,5.263197349494455,0.0,5.3,0.07873852288970801,0.0,5.9816070657798734,0.0,6.0,0.0,28.1,,baseline,10.5,7.7,8.5,26,-1.71,53.9,medium,low_sample,5,1.87,-0.54,-2.88,-1.8399999999999999,0.138,0.30000000000000004,,True,True,220,-3,0.913,False,7.1,7.3,5.3,5.9,18,20.0,35.5,16.1,19.9,1.8,2026-27,0.0,25.0,-5.3,-6.7,0.5,2.0,1.6,5,2.07,PHX,45.2,0.8,19.2,3.2,2.6,8,38.6,-17.4,,14.7
33.3,40.9,63.6,0.8,7.5,6.1,4.4,5.0,1.6,18,0.30000000000000004,0.30000000000000004,1,0.0,-0.06,19.2,2.7,-9.1,0.0,66.7,6.8,8.1,18.4,-2.08,-2.56,46.1,-1.16,587,2,-2.08,46.1,-0.68,587,2,0.12,46.1,0.29,-0.71,61.9,47.1,0.34,-0.49,55.3,44.1,-1.19,0.11,0.59,-0.48,49.1,34.0,-0.15,0.04,-0.51,43.7,0.13,55.5,74.4,0.14,0.01,0.06,0.21,47.8,66.0,0.06,53.8,68.9,-2.08,46.1,587,2,0.05,3.1,0.13,3.3,97.6,52.3,0.8,,0.518439416463065,0.104748104546086,38.1,4.1,0.76,21,8,43.2,44,19,2.8,0.8,25.0,81.8,3.2,,11,9,1.8,22,1642802,50.0,13.6,-3.8,145,6.6,Lucy Olsen,2.0,-0.11,19.4,28.8,9.9,-0.88,0.2,99.6,22.7,6.1,4.47,5.0,18,,1.3,297,2.5,2.7970506006613762,8.060247950155832,0.0,8.1,0.18535217644631702,0.5651301568418551,6.66350294689948,0.0,6.7,0.011399240378061,31.3,,baseline,18.5,13.6,15.2,55,-0.6900000000000001,55.3,medium,low_sample,34,15.35,0.31,-1.69,-0.49,-0.198,0.23900000000000002,,True,True,173,-15,0.782,False,1.7000000000000002,3.7,2.7,3.0,11,42.9,40.9,15.9,19.8,0.5,2026-27,0.4,36.8,-4.4,-5.2,0.2,1.3,1.1,4,1.24,WAS,47.7,0.5,7.2,3.7,3.0,11,56.3,0.30000000000000004,,18.7
,0.0,42.9,0.5,6.5,2.4,1.8,2.0,0.5,2,1.2,1.0,1,0.30000000000000004,-0.2,13.5,0.7000000000000001,-381.2,0.0,,0.0,-4.9,15.3,-0.75,-0.75,30.8,-0.07,40,1,-0.75,30.8,-0.07,40,1,-0.56,30.8,-0.99,-0.9,19.1,42.0,-0.27,0.0,15.5,71.8,-0.02,-0.07,0.0,0.01,15.2,64.7,0.09,-0.15,-0.96,65.5,-0.03,15.9,56.7,-0.25,-0.2,-0.33,0.29,14.6,68.9,-0.02,13.1,51.7,-0.75,30.8,40,1,-0.31,8.0,-0.04,11.7,131.3,42.9,-8.6,,,,0.0,,,0,0,42.9,7,3,5.0,1.0,57.1,75.0,-3.6,,4,3,10.7,4,203405,0.0,14.3,,40,10.0,Kayla Alexander,-39.6,0.11,18.0,34.2,9.9,0.27,5.0,91.7,42.9,4.9,3.6,4.0,4,,11.7,82,2.3,,,,,,,,,,,,,,11.0,8.3,9.0,9,0.23,32.1,low,low_sample,21,8.04,0.38,0.07,0.24,-0.015,0.008,,True,True,79,10,0.122,False,8.2,13.4,10.1,11.0,11,66.7,100.0,42.9,23.8,2.8,2026-27,0.8,33.3,-1.2,-7.2,0.30000000000000004,1.2,1.0,1,1.8,TOR,0.0,1.0,16.7,4.9,4.0,4,51.4,-4.6,,14.1
,0.0,50.0,0.7000000000000001,11.1,4.4,3.6,3.8,0.54,2,0.0,0.0,0,0.0,-0.53,12.4,0.9,0.0,0.0,,0.0,-11.2,14.1,-0.51,-0.51,30.0,-0.01,21,1,-0.51,30.0,-0.01,21,1,-0.62,30.0,-1.17,-0.32,12.6,58.8,-0.37,0.0,9.9,71.8,-0.17,-0.38,0.0,0.0,9.3,59.5,-0.35000000000000003,-0.2,-0.5,68.1,0.0,10.1,66.4,-0.23,-0.13,-0.19,-0.04,9.6,55.5,0.0,8.5,59.9,-0.51,30.0,21,1,-0.32,-3.8,-0.05,9.3,112.2,50.0,-1.5,,,,0.0,,,0,0,50.0,6,3,0.0,2.0,33.3,50.0,-28.6,,2,1,13.6,3,1629581,0.0,16.7,,21,7.0,Emese Hof,-35.5,-0.21,24.0,44.6,18.9,-0.30000000000000004,9.4,76.7,33.3,13.3,10.29,11.4,6,,-1.0,45,2.3,,,,,,,,,,,,,,15.6,11.8,13.3,7,-0.34,26.1,low,low_sample,56,22.75,-0.26,-0.43,-0.33,-0.012,0.002,,True,True,133,-14,0.065,False,8.9,11.1,8.7,9.5,5,100.0,83.3,50.0,18.5,1.7000000000000002,2026-27,0.0,0.0,1.9,-2.3,0.0,0.0,0.0,0,0.0,MIN,0.0,1.3,30.6,8.9,7.6,4,50.9,-5.1,,22.8
27.6,40.8,66.2,0.6000000000000001,6.9,2.8,2.4,2.4,2.0,20,0.1,0.1,1,0.0,0.02,62.5,0.6000000000000001,20.0,0.0,16.7,8.5,10.2,12.5,-8.25,-8.25,74.2,-1.27,327,1,-8.25,74.2,-1.27,327,1,0.8300000000000001,74.2,-0.28,-2.79,95.7,5.0,0.15,-1.06,90.2,23.9,-2.13,0.03,0.0,-0.56,83.5,30.3,-0.27,-0.49,-6.42,2.1,-0.32,90.3,37.0,-0.37,-0.51,-0.51,-1.15,76.4,12.2,-0.5700000000000001,86.1,27.7,-8.25,74.2,327,1,0.01,5.7,-0.01,5.1,107.8,47.2,-4.3,-0.56,1.198402048107466,0.17603899132345102,25.7,-8.3,-1.0,35,9,40.8,71,29,4.0,1.1,32.4,56.5,-22.1,-2.27,23,13,6.6,36,1630148,20.0,14.1,-7.8,327,9.1,Jihyun Park,-5.3,0.01,16.6,40.3,8.0,-0.4,4.2,102.5,19.7,5.6,4.4,4.9,40,,4.2,720,2.2,1.3205949938605661,6.583792343355022,0.0,6.6,0.9074712941354661,0.19398849579166003,6.194593520546652,0.0,6.2,0.0,64.6,,baseline,11.1,8.7,9.8,80,-0.4,58.2,medium,volatile_rank,91,41.77,0.14,-0.9500000000000001,-0.5,0.091,0.085,,True,True,142,-9,0.426,False,4.5,5.1,4.0,4.5,37,83.3,49.3,16.9,37.8,1.0,2026-27,0.1,24.1,-3.6,-3.8,0.4,2.1,1.8,15,1.76,LAS,49.3,0.30000000000000004,5.9,1.4,1.2,10,49.3,-6.7,-0.89,11.7
11.1,10.1,80.9,0.5,9.3,2.2,1.6,1.8,0.8300000000000001,20,2.1,1.8,19,0.5,-0.06,67.9,0.7000000000000001,-49.4,0.0,16.7,13.5,1.8,15.8,-8.91,-8.91,79.2,-1.1,433,1,-8.91,79.2,-1.1,433,1,1.22,79.2,-0.19,-2.45,100.0,9.7,-0.59,-0.11,98.0,60.5,0.28,-0.07,0.0,0.41000000000000003,97.2,77.7,-0.2,-0.34,-9.36,1.7000000000000002,-1.2,96.6,8.4,-0.1,-0.41000000000000003,-0.32,-2.17,80.0,2.9,-1.55,85.1,11.8,-8.91,79.2,433,1,-0.03,10.9,-0.26,7.8,116.1,39.9,-11.6,-1.75,0.0,0.0,14.3,-19.7,-2.61,21,3,38.2,89,34,6.5,1.4,27.0,54.2,-24.4,-2.51,24,13,10.8,39,1643457,0.0,3.4,-11.1,433,11.1,Teonni Key,-18.2,-0.03,16.3,38.4,13.6,-1.13,6.7,97.9,15.7,6.0,4.49,5.0,54,C,9.1,896,2.2,0.0,5.263197349494455,0.0,5.3,0.7872193367558931,0.0,5.981623466019722,0.0,6.0,0.076950344400025,61.5,,baseline,9.4,7.1,7.8,84,-1.5,51.1,medium,,86,34.37,-0.36,-2.65,-1.55,0.047,0.291,,True,True,212,3,0.894,False,7.5,9.2,6.8,7.6,82,54.9,84.3,57.3,37.6,2.1,2026-27,0.6000000000000001,35.3,11.4,14.9,0.4,1.8,1.5,16,2.91,TOR,23.6,0.6000000000000001,13.5,2.6,2.1,23,42.2,-13.8,-2.06,12.2
18.2,32.0,78.6,0.4,6.2,2.3,1.5,1.9,0.67,17,0.4,0.30000000000000004,3,0.1,-0.11,64.3,7.8,8.9,3.8,20.0,9.7,-1.0,15.8,-10.0,-10.0,80.9,-1.56,363,1,-10.0,80.9,-1.56,363,1,0.91,80.9,-1.33,-1.78,100.0,20.2,-0.66,-1.76,100.0,4.2,-3.54,0.05,0.0,-0.93,91.7,16.4,-0.54,-0.62,-9.36,0.8,-1.24,100.0,7.1,-0.54,-0.61,-0.65,-3.35,80.0,0.8,-0.9400000000000001,98.6,18.9,-10.0,80.9,363,1,0.0,1.8,0.24,3.2,101.2,34.0,-17.5,-2.71,1.985359467635342,0.070699385975294,18.6,-15.4,-2.0,43,8,30.1,103,31,1.9,1.7000000000000002,17.5,50.0,-28.6,,18,9,5.3,38,1643467,28.6,6.8,-7.3,363,9.6,Cassandre Prosper,-5.2,-0.11,15.2,29.4,10.7,-1.07,3.8,96.0,14.6,8.6,6.25,6.9,63,F,-0.7000000000000001,735,2.1,2.315811071588742,7.5790084210831985,0.0,7.6,0.8573063200156921,0.082466889983967,6.070917038939683,0.0,6.1,0.0,62.1,,baseline,10.7,7.9,8.7,79,-0.8,61.2,medium,,72,27.11,-0.28,-1.33,-0.73,-0.074,0.079,,True,True,183,-13,0.40800000000000003,False,3.4,5.2,3.8,4.2,38,55.3,54.4,36.9,45.9,1.0,2026-27,0.30000000000000004,32.3,4.8,7.7,0.2,1.2,1.0,9,1.19,WAS,41.7,0.6000000000000001,12.4,3.0,2.4,22,35.6,-20.4,-3.15,16.0
20.0,50.0,95.0,0.1,2.9,0.7000000000000001,0.4,0.6000000000000001,0.17,1,0.0,0.0,0,0.0,-0.15,14.9,,,,25.0,20.0,-23.5,11.1,-2.64,-2.64,32.8,-0.15,67,1,-2.64,32.8,-0.15,67,1,-0.43,32.8,-1.79,-1.18,32.9,34.9,-0.45,-0.21,25.4,55.0,-0.86,-0.99,0.0,-0.09,24.2,46.2,-0.24,-0.59,-2.46,35.7,-0.2,27.2,42.9,-0.79,-0.47000000000000003,-0.68,-0.44,25.1,34.0,0.03,25.7,68.1,-2.64,32.8,67,1,-0.12,0.9,-0.14,5.4,113.4,37.5,-14.0,,,,21.4,-12.6,,14,3,30.0,20,6,1.3,1.1,0.0,0.0,,,0,0,4.7,7,1642791,100.0,5.0,,67,9.6,Zaay Green,-23.6,-0.03,21.5,43.0,19.3,-0.64,1.6,89.8,0.0,5.6,4.3,4.8,8,,2.2,143,2.1,,,,,,,,,,,,,,10.5,7.9,9.0,15,-0.77,39.9,low,low_sample,2,0.71,-0.25,-1.29,-0.74,-0.028,0.079,,True,True,180,-12,0.40700000000000003,False,3.9,4.9,3.8,4.2,7,40.0,25.0,25.0,33.2,1.0,2026-27,0.30000000000000004,16.7,5.3,12.3,0.1,0.7000000000000001,0.6000000000000001,1,0.54,TOR,70.0,0.6000000000000001,33.8,2.8,2.4,4,37.5,-18.5,,14.9
0.0,25.0,75.0,1.0,2.0,3.6,2.4,2.7,0.5,1,10.7,8.0,3,3.0,0.59,12.1,,,,,0.0,0.7000000000000001,8.5,-2.25,-1.08,29.7,0.03,15,1,-2.25,30.5,-1.1400000000000001,192,2,-0.59,30.5,-1.0,-0.52,5.7,53.8,-0.19,0.0,4.2,71.8,-0.18,-0.39,1.17,0.0,4.0,59.5,-0.24,-0.18,-1.3,42.2,0.0,4.4,66.4,-0.08,-0.19,-0.44,-0.44,4.4,34.5,0.0,3.8,59.9,-2.25,30.5,192,2,0.58,28.1,0.15,3.0,73.1,25.0,-26.5,,,,0.0,-34.0,,1,0,25.0,4,1,30.0,1.0,0.0,0.0,,,0,0,2.1,1,1630115,,0.0,,15,15.0,Joyner Holmes,-5.6,0.01,19.2,33.6,7.2,-1.74,0.7000000000000001,67.5,25.0,3.6,2.4,2.7,1,,15.0,28,2.0,,,,,,,,,,,,,,7.1,4.8,5.3,2,-1.57,24.4,low,"low_sample,collinear_lineup",4,1.58,-0.9,-2.24,-1.53,-0.037,0.123,,True,True,215,-10,0.522,False,1.8,17.9,12.0,13.3,5,0.0,50.0,50.0,26.2,5.0,2026-27,0.0,0.0,7.5,9.5,0.0,0.0,0.0,0,7.2,SEA,25.0,2.0,4.1,7.1,5.3,2,25.0,-31.0,,17.3
50.0,33.3,58.3,0.8,6.0,4.6,3.7,4.1,1.0,4,0.0,0.0,0,0.0,-0.13,13.4,,,,,0.0,-6.6,14.8,-2.5700000000000003,-1.74,31.4,-0.73,88,2,-2.5700000000000003,31.6,-1.56,181,3,-0.54,31.6,-1.56,-0.55,21.8,52.5,-0.16,0.0,17.4,71.8,-0.04,-0.12,1.54,0.01,17.7,66.0,-0.29,-0.35000000000000003,-1.29,37.0,-0.02,17.8,58.4,-0.58,-0.36,-0.53,-0.38,16.5,36.6,0.0,15.7,54.6,-2.5700000000000003,31.6,181,3,-0.09,1.9,0.15,8.2,102.5,41.7,-9.8,,2.470852860880436,0.820548049070256,50.0,16.0,,4,2,33.3,12,4,1.4,1.4,16.7,0.0,-78.6,,2,0,12.0,5,1642293,0.0,16.7,1.0,39,7.8,Alissa Pili,-13.1,-0.04,8.3,44.3,4.6,-0.81,6.8,89.4,25.0,8.0,6.46,7.2,7,,3.6,87,2.0,8.81862056879909,14.081817918293545,3.555423219304635,10.5,0.280185868255006,2.928584707646451,10.5736945572211,0.0,10.6,0.0,30.0,,baseline,11.5,9.2,10.3,10,-0.67,31.8,low,low_sample,9,3.35,-0.11,-1.24,-0.59,-0.08700000000000001,0.092,,True,True,172,-9,0.443,False,8.6,12.6,10.2,11.3,11,33.3,41.7,25.0,20.4,2.2,2026-27,0.0,25.0,-3.6,-5.8,0.2,1.1,1.0,1,0.92,LAS,33.3,0.8,20.8,4.6,4.1,4,38.8,-17.2,,17.2
50.0,33.3,66.7,1.0,8.3,4.3,3.4,3.8,2.0,2,0.0,0.0,0,0.0,0.09,12.4,,,,,0.0,9.7,9.4,-1.17,-1.17,30.0,-0.06,21,1,-1.17,30.0,-0.06,21,1,-0.61,30.0,-0.93,-0.62,9.7,50.4,-0.22,0.0,7.4,71.8,-0.26,-0.5700000000000001,0.0,0.0,7.4,59.5,0.04,-0.31,-1.31,57.6,0.0,7.9,66.4,-0.33,-0.24,-0.36,-0.34,7.5,37.0,0.0,7.0,59.9,-1.17,30.0,21,1,0.12,12.1,0.05,10.0,93.7,25.0,-26.5,,,,50.0,16.0,,2,1,16.7,6,1,5.0,2.0,33.3,50.0,-28.6,,2,1,5.0,2,1642811,0.0,16.7,,21,10.5,Shyanne Sellers,13.8,-0.03,10.3,30.9,6.9,-0.21,0.0,107.5,16.7,8.5,6.86,7.6,4,,10.0,47,2.0,,,,,,,,,,,,,,8.5,6.9,7.6,4,-0.15,26.3,low,low_sample,1,0.43,0.11,-0.42,-0.18,0.023,0.021,,True,True,108,-4,0.20500000000000002,False,5.0,4.3,3.4,3.8,2,0.0,66.6,33.3,22.6,1.0,2026-27,0.5,0.0,0.2,0.1,1.0,4.3,3.8,2,3.43,LAS,33.3,0.5,8.3,2.1,1.9,1,29.1,-26.9,,14.5
,0.0,100.0,0.0,0.0,0.0,0.0,0.0,0.0,0,0.0,0.0,0,0.0,-0.43,12.0,,,,,0.0,-5.8,9.9,-1.19,-1.19,29.6,-0.05,13,1,-1.19,29.6,-0.05,13,1,-0.89,29.6,-1.12,-0.7000000000000001,8.2,47.5,-0.13,0.0,5.9,71.8,-0.25,-0.54,0.0,0.0,5.5,59.5,-0.13,-0.24,-1.3599999999999999,57.1,0.0,6.3,66.4,-0.36,-0.19,-0.30000000000000004,-0.29,6.2,38.7,0.0,5.4,59.9,-1.19,29.6,13,1,0.04,-0.6000000000000001,0.08,4.2,46.2,33.3,-18.2,,,,0.0,,,0,0,33.3,3,1,0.0,0.5,166.7,40.0,-38.6,,5,2,5.7,2,1642803,,0.0,,13,6.5,Michelle Onyiah,62.0,-0.48,0.0,16.6,0.0,-0.22,3.6,108.2,0.0,3.8,2.77,3.1,1,,1.4,26,2.0,,,,,,,,,,,,,,15.4,11.1,12.3,4,-0.14,23.9,low,"low_sample,collinear_lineup",1,0.43,-0.01,-0.26,-0.16,0.027,0.005,,True,True,106,-4,0.097,False,3.9,19.2,13.8,15.4,5,33.3,266.7,100.0,17.1,2.5,2026-27,0.0,0.0,25.7,34.0,0.0,0.0,0.0,0,0.0,IND,0.0,1.0,7.2,7.7,6.2,2,38.5,-17.5,,22.0
,0.0,50.0,0.5,10.0,9.1,6.0,6.7,,1,0.0,0.0,0,0.0,0.13,11.6,,,,,0.0,10.0,23.3,-0.37,-0.37,29.6,-0.05,6,1,-0.37,29.6,-0.05,6,1,-0.65,29.6,-0.14,-0.30000000000000004,6.9,59.2,0.36,0.0,5.0,71.8,-0.27,-0.59,0.0,0.0,4.6,59.5,-0.08,-0.17,-0.23,69.7,0.0,5.3,66.4,-0.08,0.01,0.18,0.15,5.1,62.2,0.0,4.5,59.9,-0.37,29.6,6,1,-0.04,0.0,-0.32,0.0,120.0,100.0,48.5,,,,0.0,,,0,0,100.0,2,2,,0.0,50.0,0.0,-78.6,,1,0,0.0,2,1642810,,0.0,,6,3.0,Madison Scott,66.3,0.17,0.0,36.0,24.0,1.03,0.0,186.3,50.0,0.0,0.0,0.0,0,,0.0,11,2.0,,,,,,,,,,,,,,36.4,24.0,26.7,4,0.71,21.6,low,"low_sample,collinear_lineup",4,1.4100000000000001,0.87,0.55,0.7000000000000001,0.008,0.008,,True,True,53,13,0.123,False,0.0,0.0,0.0,0.0,0,100.0,100.0,50.0,12.3,0.0,2026-27,0.0,50.0,3.1,-1.1,0.0,0.0,0.0,0,0.0,NYL,0.0,0.0,0.0,0.0,0.0,0,82.0,26.0,,21.8
20.0,58.0,78.3,0.6000000000000001,5.2,2.9,2.2,2.3,1.2,16,1.8,1.5,10,0.4,0.13,56.9,0.2,-172.8,0.0,40.0,14.5,-1.5,9.4,-7.85,-7.8,68.1,-0.75,650,2,-7.85,68.1,-0.8,650,2,0.51,68.1,-1.15,-2.76,85.7,5.5,-0.15,-0.21,81.7,55.5,-0.84,0.22,-0.05,-0.56,77.3,29.8,-0.61,-0.41000000000000003,-7.53,2.5,-0.86,81.5,17.2,-0.48,-0.66,-0.8300000000000001,-2.33,67.9,2.1,0.47000000000000003,86.6,83.6,-7.85,68.1,650,2,0.07,7.9,0.09,6.6,106.2,36.2,-15.3,-2.35,1.392569743397314,0.36563112624293403,24.0,-10.0,-1.24,50,12,27.5,69,19,5.7,1.0,5.8,75.0,-3.6,,4,3,6.8,28,1631006,25.0,5.8,-7.3,273,9.8,Kierstan Bell,0.0,0.06,12.9,36.4,12.7,-0.86,3.2,106.2,15.9,5.1,3.69,4.1,28,,7.1,545,1.9,2.508810061904212,7.772007411398667,0.0,7.8,0.55507181055402,0.658709592688549,6.655616620752075,0.0,6.7,0.0,47.8,,baseline,9.7,7.0,7.8,53,-0.74,45.1,low,,81,29.87,0.74,-2.22,-0.74,-0.001,0.40700000000000003,,True,True,177,-53,1.155,False,5.2,7.3,5.1,5.9,40,100.0,11.6,5.8,27.8,1.4,2026-27,0.1,5.3,-3.4,-0.6000000000000001,0.2,1.1,0.9,6,2.11,LVA,72.5,0.5,14.4,2.6,2.1,14,37.5,-18.5,-2.83,14.4
16.7,18.8,65.6,1.1,18.4,7.0,5.1,5.6,2.2,14,1.0,0.8,2,0.2,0.24,16.7,0.4,-191.2,0.0,100.0,3.1,19.7,22.6,-1.88,-2.18,38.7,-0.61,205,2,-1.88,38.1,-0.31,205,2,-0.03,38.1,-0.33,-0.25,53.6,60.1,0.78,0.23,42.6,85.7,0.30000000000000004,0.24,0.33,-0.12,40.2,44.5,-0.48,-0.24,-2.13,46.2,0.29,44.6,78.6,-0.44,-0.35000000000000003,-0.44,-1.52,40.7,5.9,-0.2,39.9,41.6,-1.88,38.1,205,2,0.22,16.1,-0.05,7.4,122.1,28.1,-23.4,,4.041993140211124,0.632130297585284,28.6,-5.4,,7,2,25.0,32,8,8.6,1.1,21.9,100.0,21.4,,7,7,5.5,13,1642320,0.0,12.5,8.9,100,7.7,Jaylyn Sherrod,-21.7,0.03,11.2,33.1,6.1,-1.82,1.1,100.4,21.9,7.0,5.04,5.6,14,G,11.0,200,1.9,16.64235179119493,22.425573799461436,10.859129782928424,11.6,0.24287391535309602,2.602709709135615,11.50333191571007,0.0,11.5,0.367444159865143,34.2,,baseline,12.5,8.9,10.0,25,-1.9300000000000002,49.5,low,low_sample,19,7.89,-1.1400000000000001,-2.71,-2.09,0.158,0.162,,True,True,225,-12,0.613,False,4.9,6.0,4.2,4.8,12,35.7,65.7,43.8,26.1,0.9,2026-27,0.0,37.5,3.4,3.1,0.8,5.0,4.0,10,4.32,SEA,21.9,0.5,9.4,3.5,2.8,7,35.6,-20.4,,19.3
41.7,38.7,64.5,0.5,2.7,2.4,1.8,1.9,2.5,8,0.0,0.0,0,0.0,-0.16,50.9,1.1,151.2,0.0,25.0,12.9,10.6,7.0,-5.46,-5.46,47.1,-0.29,166,1,-5.46,47.1,-0.29,166,1,0.23,47.1,-0.87,-2.44,65.8,10.1,-0.24,-1.02,53.2,24.8,-1.56,-0.33,0.0,0.03,53.3,67.2,-0.5700000000000001,-0.45,-4.68,13.0,-0.34,55.8,36.1,-0.41000000000000003,-0.29,-0.31,-0.51,51.1,31.9,-0.13,51.0,45.4,-5.46,47.1,166,1,-0.08,2.0,0.21,2.8,103.0,45.2,-6.3,,0.851872059800965,0.067374659866111,37.5,3.5,,16,6,35.5,31,11,2.4,1.0,19.4,83.3,4.7,,6,5,5.3,17,1642814,50.0,6.5,-7.6,166,9.8,Taylor Thierry,-6.0,-0.08,16.5,31.7,11.1,-4.26,3.6,97.0,29.0,5.0,3.69,4.1,17,,0.9,337,1.9,2.177362252627516,7.440559602121971,0.0,7.4,0.391240391337259,0.17220783272357001,6.158746058957861,0.0,6.2,0.05892450144064901,42.3,,baseline,9.8,7.0,8.0,33,-4.04,62.8,medium,low_sample,2,0.71,-3.58,-4.5,-4.25,0.213,0.062,,True,True,236,-3,0.359,False,3.5,8.6,6.2,7.0,29,50.0,32.3,12.9,27.7,1.7000000000000002,2026-27,0.2,9.1,-4.0,-4.6,0.2,1.2,1.0,4,0.87,SEA,51.6,0.2,2.6,0.9,0.7000000000000001,3,49.0,-7.0,,9.4
66.7,21.4,85.7,0.2,1.9,2.0,1.5,1.7000000000000002,1.0,4,2.0,1.7000000000000002,4,0.2,0.06,16.4,,,,,0.0,0.30000000000000004,13.3,-1.67,-1.67,37.3,-0.13,94,1,-1.67,37.3,-0.13,94,1,-0.46,37.3,-0.61,-1.85,52.5,18.1,-0.25,0.05,44.6,80.3,-0.11,-0.02,0.0,-0.15,40.8,44.1,0.05,-0.07,-1.87,49.2,-0.25,44.7,39.9,0.06,-0.14,-0.03,1.01,39.8,89.9,-0.22,38.8,39.9,-1.67,37.3,94,1,0.11,11.1,-0.03,2.8,108.3,85.7,34.2,,0.0,0.0,66.7,32.7,,3,2,78.6,14,11,10.0,0.4,107.1,66.7,-11.9,,15,10,1.9,19,1643453,,0.0,-4.9,94,4.9,Grace VanSlooten,-9.1,-0.05,20.3,41.4,10.7,-0.36,0.4,99.2,14.3,4.0,3.06,3.4,8,,5.9,199,1.8,0.0,5.263197349494455,0.0,5.3,0.10075748203319801,0.0,5.98161210647537,0.0,6.0,0.0,29.1,,baseline,17.1,13.2,14.5,34,-0.39,47.7,low,low_sample,27,11.07,-0.14,-0.64,-0.37,-0.019,0.02,,True,True,141,-11,0.198,False,1.7000000000000002,6.0,4.4,5.1,12,77.8,171.4,64.3,13.7,0.6000000000000001,2026-27,0.30000000000000004,36.4,13.3,18.0,0.2,2.0,1.7000000000000002,4,3.06,SEA,21.4,0.2,7.0,2.0,1.7000000000000002,4,82.5,26.5,,11.9
21.1,31.1,78.7,0.2,4.1,2.0,1.4,1.6,0.67,7,0.0,0.0,0,0.0,-0.1,53.7,,,,20.0,16.4,1.1,12.4,-4.55,-4.49,51.0,-0.66,174,1,-4.55,51.0,-0.72,311,2,0.24,51.0,-1.2,-1.37,67.3,28.2,-0.62,-0.63,59.5,38.7,-0.24,0.28,0.06,0.46,59.7,78.2,-0.42,-0.25,-4.82,21.0,-0.84,59.9,18.5,-0.36,-0.4,-0.49,-1.31,52.3,8.4,-0.12,60.7,46.6,-4.55,51.0,311,2,-0.08,0.4,-0.06,12.0,103.7,39.3,-12.2,-1.85,0.083880995291275,0.022980422152655,20.7,-13.3,-1.7000000000000002,29,6,34.4,61,21,0.6000000000000001,1.0,34.4,71.4,-7.2,-0.73,21,15,9.0,35,1631021,0.0,9.8,-4.8,174,5.0,Sika Kone,-0.2,-0.02,12.8,32.3,10.1,0.39,2.6,103.5,11.5,9.6,7.03,7.8,34,F,5.8,355,1.8,0.21427773197469502,5.477475081469151,0.0,5.5,0.39145922685601703,0.058704510140741004,6.091534114431175,0.0,6.1,0.0,42.0,,baseline,17.7,13.0,14.5,63,0.34,63.5,medium,low_sample,14,5.79,1.15,-0.46,0.33,0.017,0.17,,True,True,73,6,0.63,False,7.7,10.1,7.2,8.3,36,68.4,65.5,31.1,22.7,1.0,2026-27,0.4,9.5,3.5,6.4,0.1,0.6000000000000001,0.5,2,0.41000000000000003,ATL,47.5,0.30000000000000004,7.1,2.5,2.1,9,44.8,-11.2,-1.63,20.2
66.7,33.3,77.8,0.5,2.5,3.4,2.5,2.7,0.42,3,4.5,3.6,4,0.7000000000000001,-0.22,13.6,,,,0.0,33.3,-4.5,8.7,-0.89,-0.89,31.1,-0.04,44,1,-0.89,31.1,-0.04,44,1,-0.93,31.1,-1.47,-0.76,25.7,45.4,-0.6000000000000001,0.01,20.3,77.7,0.09,0.09,0.0,0.03,21.1,66.8,-0.49,-0.04,-1.23,63.4,-0.06,21.5,52.1,-0.26,-0.25,-0.44,-0.07,19.4,53.8,0.01,20.5,65.1,-0.89,31.1,44,1,0.13,13.1,0.05,8.4,87.4,44.4,-7.1,,,,33.3,-0.7000000000000001,,6,2,33.3,9,3,4.5,1.8,33.3,100.0,21.4,,3,3,9.0,6,1641695,0.0,22.2,,44,7.3,Ashten Prechtel,-3.6,-0.35000000000000003,19.6,22.9,7.4,-0.33,2.1,83.8,0.0,12.4,9.0,10.0,11,,7.6,89,1.8,,,,,,,,,,,,,,12.4,8.9,10.0,11,-0.28,33.0,low,low_sample,25,9.52,-0.11,-0.45,-0.26,-0.018000000000000002,0.009000000000000001,,True,True,123,-10,0.136,False,7.9,12.4,8.9,10.0,11,100.0,44.4,11.1,27.4,1.8,2026-27,0.0,0.0,-1.7000000000000002,1.0,0.2,1.1,0.9,1,4.09,GSV,66.7,1.2,10.9,7.9,6.4,7,53.3,-2.7,,17.4
0.0,26.1,82.6,1.1,14.1,10.1,7.5,8.2,2.2,23,1.3,1.1,3,0.1,-0.03,17.4,1.7000000000000002,151.6,37.9,,0.0,14.2,22.9,-0.86,-0.86,40.4,-0.05,112,1,-0.86,40.4,-0.05,112,1,0.06,40.4,0.09,-0.93,55.8,41.6,0.17,0.09,47.5,81.5,0.24,0.15,0.0,0.04,46.5,67.6,0.08,0.06,-1.25,64.1,0.4,48.1,80.7,0.12,-0.12,-0.1,-0.08,42.6,52.9,-0.34,42.1,33.2,-0.86,40.4,112,1,0.09,6.4,-0.07,7.9,99.7,43.5,-8.0,,0.0,0.0,0.0,-34.0,,6,0,43.5,23,10,3.5,0.8,91.3,76.2,-2.4,-0.23,21,16,8.1,21,1643490,,0.0,-5.3,112,5.3,Eliska Joklova,15.2,-0.12,14.5,27.6,13.8,-0.39,3.3,114.9,17.4,7.5,5.46,6.1,17,,6.3,228,1.7000000000000002,0.0,5.263197349494455,0.0,5.3,0.583829761040733,0.0,5.9815418505267,0.0,6.0,0.0,50.8,,baseline,15.8,11.5,12.9,36,-0.46,52.4,medium,low_sample,59,22.48,-0.16,-0.76,-0.34,-0.117,0.027,,True,True,152,-11,0.233,False,6.4,9.6,6.8,7.9,22,69.2,147.8,56.5,26.8,1.0,2026-27,0.1,50.0,10.6,14.5,0.1,1.3,1.1,3,1.9300000000000002,MIN,26.1,0.5,10.9,4.8,3.9,11,55.8,-0.2,,17.7
33.3,26.1,87.0,0.5,10.1,3.4,2.8,2.8,1.67,11,0.6000000000000001,0.5,2,0.1,0.03,52.6,,,,33.3,13.0,12.1,11.2,-3.5700000000000003,-3.5700000000000003,46.2,-0.4,155,1,-3.5700000000000003,46.2,-0.4,155,1,0.25,46.2,0.32,-2.18,63.8,14.3,0.33,-0.49,54.1,43.7,-0.78,-0.18,0.0,0.0,53.4,64.3,0.23,-0.13,-3.32,31.1,-0.22,55.2,41.2,0.16,-0.14,-0.04,0.38,49.4,72.7,-0.43,48.2,30.3,-3.5700000000000003,46.2,155,1,0.02,4.6,-0.18,6.0,105.7,67.4,15.9,,2.512509247821802,0.512784395879986,33.3,-0.7000000000000001,,9,3,60.9,23,14,3.3,0.8,60.9,64.3,-14.3,,14,9,4.7,24,1630384,,0.0,-2.6,155,6.5,Raquel Carrera,3.0,0.0,15.8,30.2,10.9,-0.36,1.6,108.7,13.0,5.6,4.18,4.6,18,F,4.6,320,1.7000000000000002,3.940966986638627,9.204164336133083,0.0,9.2,0.637536233198644,0.8043219650548271,6.80136939002419,0.0,6.8,0.016084381827922,51.1,,baseline,12.5,9.4,10.3,40,-0.56,57.6,medium,low_sample,52,20.72,0.13,-1.25,-0.58,0.022,0.13,,True,True,163,-10,0.538,False,3.9,9.1,6.6,7.5,29,81.8,108.7,47.8,30.6,1.2,2026-27,0.2,14.3,10.0,15.0,0.2,1.3,1.0,4,1.3900000000000001,NYL,39.1,0.30000000000000004,5.8,2.5,2.1,8,68.6,12.6,,10.6
,0.0,11.1,0.7000000000000001,6.8,5.8,4.3,4.6,1.4,4,2.9,2.3,2,0.30000000000000004,-0.02,13.2,,,,,0.0,7.3,23.1,-0.31,-0.31,30.6,0.15,35,1,-0.31,30.6,0.15,35,1,-0.9,30.6,-1.02,-0.13,21.1,63.0,-0.77,0.0,16.0,71.8,-0.08,-0.18,0.0,0.0,16.1,59.5,0.06,-0.1,-0.33,70.4,-0.01,17.0,58.8,-0.1,-0.01,-0.04,-0.1,15.9,52.1,0.0,14.2,59.9,-0.31,30.6,35,1,-0.14,7.1,-0.16,5.3,121.0,33.3,-18.2,,2.43928128234406,0.598870894879727,0.0,,,0,0,33.3,9,3,5.0,0.7000000000000001,66.7,66.7,-11.9,,6,4,8.3,6,1642796,0.0,11.1,2.2,35,5.8,Rayah Marshall,-33.6,0.12,18.5,35.0,8.2,-2.58,5.4,87.4,77.8,5.8,4.11,4.6,4,,5.3,69,1.7000000000000002,8.01802581578623,13.281223165280686,2.754828466291774,10.5,0.304224673053745,1.968515205779933,9.593425972143242,0.0,9.6,0.0,32.2,,baseline,14.5,10.6,11.4,10,-2.74,30.6,low,low_sample,0,0.0,-2.46,-3.02,-2.77,0.035,0.024,,True,True,230,-6,0.217,False,5.6,13.0,9.3,10.3,9,100.0,77.8,11.1,18.3,1.5,2026-27,1.0,66.7,-15.2,-29.2,0.0,0.0,0.0,0,2.06,CON,0.0,0.5,6.4,4.3,3.4,3,43.0,-13.0,,16.4
,0.0,69.6,0.2,1.6,0.8,0.5,0.7000000000000001,0.33,9,2.2,1.8,24,0.6000000000000001,0.04,74.1,1.2,-28.4,11.4,,0.0,-14.0,4.4,-10.0,-10.0,79.5,-1.34,545,1,-10.0,79.5,-1.34,545,1,1.16,79.5,-0.85,-4.5,100.0,0.4,-0.6000000000000001,-0.46,100.0,45.8,-0.43,0.23,0.0,0.1,100.0,69.3,-0.44,-0.37,-11.42,0.8,-2.22,100.0,0.8,-0.29,-0.75,-0.77,-0.21,80.0,46.2,-1.9,77.1,8.4,-10.0,79.5,545,1,0.06,9.8,0.5700000000000001,11.7,99.4,55.4,3.9,0.78,6.423408887596893,0.113339047882009,0.0,,,0,0,55.4,56,31,5.9,1.4,3.6,100.0,21.4,,2,2,9.6,41,1629488,0.0,8.9,-6.4,545,13.3,Brianna Turner,5.6,-0.02,12.5,32.2,10.0,-1.38,3.6,105.0,21.4,5.3,3.9,4.3,59,C,12.4,1107,1.6,6.88340532485357,12.146602674348024,1.620207975359114,10.5,0.9331731293527361,0.12145554165348,6.104939915151585,0.0,6.1,0.009629933952614,64.5,,baseline,5.8,4.3,4.7,64,-0.12,52.3,medium,,19,7.4,1.46,-1.71,-0.12,-0.001,0.441,,True,True,103,41,1.239,False,7.8,8.5,6.2,6.9,94,64.1,73.2,69.6,42.7,2.3,2026-27,0.1,3.2,11.3,12.0,0.30000000000000004,1.0,0.8,11,2.31,LVA,0.0,0.6000000000000001,21.1,2.3,1.8,25,56.3,0.30000000000000004,0.26,7.1
,0.0,37.5,0.6000000000000001,2.0,2.9,2.2,2.4,6.0,4,0.0,0.0,0,0.0,-0.12,15.0,,,,,0.0,22.6,4.8,-1.52,-1.52,32.7,-0.09,68,1,-1.52,32.7,-0.09,68,1,-0.47000000000000003,32.7,-0.96,-1.07,33.0,38.2,-0.21,-0.23,25.1,54.6,-0.89,-0.98,0.0,-0.1,23.9,45.0,0.23,-0.52,-1.02,51.7,-0.01,26.8,60.5,-0.43,-0.29,-0.25,0.53,25.3,76.9,-0.17,22.4,43.7,-1.52,32.7,68,1,-0.2,6.1,0.28,4.4,110.3,25.0,-26.5,,0.0,0.0,0.0,,,0,0,25.0,8,2,3.6,1.6,125.0,70.0,-8.6,,10,7,2.8,7,1628920,100.0,12.5,-9.7,68,9.7,Mercedes Russell,17.7,0.08,7.9,47.6,12.2,-0.49,0.4,128.0,50.0,7.9,5.82,6.5,11,,2.8,139,1.6,0.0,5.263197349494455,0.0,5.3,0.624122363725182,0.0,5.981611931923671,0.0,6.0,0.009923002699698001,52.8,,baseline,7.9,5.9,6.5,11,-0.04,40.2,low,low_sample,16,6.18,1.45,-1.53,-0.1,0.062,0.41000000000000003,,True,True,95,-4,1.163,False,2.6,5.8,4.1,4.7,8,33.3,162.5,37.5,32.6,1.1,2026-27,0.0,0.0,-3.4,-10.8,0.6000000000000001,2.9,2.4,4,2.12,IND,0.0,0.1,4.2,0.7000000000000001,0.6000000000000001,1,44.4,-11.6,,9.0
,0.0,46.7,0.30000000000000004,4.5,2.2,1.6,1.8,0.5,3,3.6,2.9,5,0.5,0.19,15.0,,,,,0.0,-3.9,10.8,-1.5899999999999999,-2.23,35.5,0.14,195,2,-1.5899999999999999,36.1,0.78,500,3,-0.32,36.1,-0.91,-1.57,41.8,23.5,-0.59,0.11,34.0,81.9,0.46,0.07,-0.92,0.24,36.8,73.5,-0.16,-0.13,-3.5300000000000002,51.1,-0.19,34.7,44.1,-0.04,-0.29,-0.47000000000000003,-0.68,31.5,26.5,-0.19,28.6,42.4,-1.5899999999999999,36.1,500,3,0.15,11.3,-0.24,18.3,85.5,46.7,-4.8,,,,0.0,,,0,0,46.7,15,7,3.2,1.9,20.0,0.0,-78.6,,3,0,19.3,10,1629479,0.0,20.0,,68,6.8,Teaira McCowan,24.8,0.04,13.2,22.2,5.8,0.96,8.1,110.3,33.3,13.9,10.06,11.2,19,,14.6,137,1.4,,,,,,,,,,,,,,10.2,7.4,8.2,14,0.47000000000000003,35.3,low,low_sample,35,13.94,2.38,-1.44,0.34,0.131,0.533,,True,True,62,69,1.491,False,15.2,17.5,12.7,14.1,24,71.4,66.7,46.7,35.3,2.4,2026-27,0.2,14.3,0.1,-5.0,0.1,0.7000000000000001,0.6000000000000001,1,3.18,MIN,0.0,0.6000000000000001,13.0,4.4,3.5,6,42.9,-13.1,,14.1
,0.0,60.0,0.30000000000000004,2.8,3.2,2.2,2.7,0.43,1,6.5,5.3,2,0.7000000000000001,0.04,12.1,,,,,0.0,-10.8,9.3,-1.25,-1.25,29.7,-0.06,15,1,-1.25,29.7,-0.06,15,1,-0.63,29.7,-1.12,-0.81,11.5,44.1,-0.55,0.0,8.7,71.8,0.04,0.09,0.0,0.0,8.3,59.5,0.09,-0.11,-1.71,56.3,0.0,9.0,66.4,-0.03,-0.22,-0.5,-0.44,8.6,34.9,0.0,7.6,59.9,-1.25,29.7,15,1,0.15,27.8,-0.03,25.0,133.2,40.0,-11.5,,,,0.0,,,0,0,40.0,5,2,6.0,1.7000000000000002,0.0,0.0,,,0,0,21.2,3,1630108,0.0,20.0,,15,5.0,Mariella Fasoula,-33.1,-0.11,21.6,9.6,19.2,-0.23,1.1,100.1,20.0,16.1,12.0,13.3,5,,27.4,31,1.3,,,,,,,,,,,,,,12.9,9.4,10.7,4,-0.26,24.6,low,low_sample,37,14.3,-0.25,-0.27,-0.26,0.001,0.0,,True,True,119,-10,0.009000000000000001,False,20.6,9.7,7.2,8.0,3,33.3,60.0,60.0,17.3,1.0,2026-27,0.7000000000000001,0.0,6.1,4.4,0.30000000000000004,3.2,2.7,1,7.2,TOR,0.0,0.7000000000000001,19.1,6.5,5.3,2,40.0,-16.0,,18.4
33.3,47.4,68.4,0.5,14.7,4.9,3.5,3.8,1.25,5,1.0,0.8,1,0.1,0.1,14.1,,,,,0.0,14.6,19.1,-1.3900000000000001,-1.3900000000000001,32.9,-0.08,52,1,-1.3900000000000001,32.9,-0.08,52,1,-0.77,32.9,-0.75,-0.4,38.8,56.3,0.36,0.02,29.6,78.6,0.18,0.46,0.0,-0.05,27.5,50.4,-0.47000000000000003,-0.09,-1.9,55.0,-0.01,30.9,60.1,-0.41000000000000003,-0.21,-0.29,-1.03,29.0,15.1,0.0,28.9,55.0,-1.3900000000000001,32.9,52,1,-0.12,0.2,-0.05,1.3,114.2,28.9,-22.6,,1.163433433873248,0.31636599830226403,33.3,-0.7000000000000001,,9,3,21.1,19,4,1.4,0.7000000000000001,10.5,100.0,21.4,,2,2,2.2,10,1643473,0.0,10.5,-3.1,52,5.2,Taina Mair,-30.6,0.21,19.4,40.2,6.9,-0.38,1.6,83.6,21.1,6.8,4.85,5.4,7,,-2.2,103,1.3,2.119278645020594,7.38247599451505,0.0,7.4,0.5489761512044781,0.576283683012719,6.565455758492416,0.0,6.6,0.021231689486755002,48.2,,baseline,12.6,9.0,10.0,13,-0.42,35.2,low,low_sample,24,9.81,-0.16,-0.6900000000000001,-0.43,0.009000000000000001,0.022,,True,True,145,-10,0.209,False,1.4,3.9,2.8,3.1,4,25.0,31.6,21.1,24.5,0.4,2026-27,0.0,25.0,-2.5,-2.1,0.0,0.0,0.0,0,0.6900000000000001,SEA,47.4,0.4,6.4,3.9,3.1,4,32.7,-23.3,,19.8
0.0,11.1,55.6,0.4,5.8,3.0,2.3,2.7,0.44,3,0.0,0.0,0,0.0,-0.67,13.7,,,,33.3,33.3,-2.6,19.6,-1.71,-1.71,31.3,-0.11,45,1,-1.71,31.3,-0.11,45,1,-0.51,31.3,-1.25,-1.31,28.8,31.1,-0.01,-0.01,21.7,65.5,0.03,0.15,0.0,-0.02,20.3,52.5,-0.5700000000000001,-0.21,-2.21,48.1,-0.03,22.6,57.1,-0.45,-0.34,-0.47000000000000003,-0.24,21.7,42.9,-0.01,19.9,52.9,-1.71,31.3,45,1,-0.24,1.5,0.04,4.7,104.1,27.8,-23.7,,,,25.0,-9.0,,4,1,22.2,9,2,1.7000000000000002,0.9,66.7,66.7,-11.9,,6,4,5.8,7,1643479,0.0,11.1,,45,6.4,Ndjakalenga Mwenentanda,8.6,-0.42,27.2,38.4,12.0,-0.18,3.5,112.7,33.3,5.9,4.8,5.3,6,,1.5,101,1.3,,,,,,,,,,,,,,8.9,7.3,8.0,9,-0.14,33.3,low,low_sample,48,19.97,-0.01,-0.28,-0.14,-0.001,0.006,,True,True,107,-4,0.107,False,4.1,8.9,7.3,8.0,9,100.0,77.8,11.1,28.3,1.3,2026-27,0.30000000000000004,50.0,-4.8,-7.6,0.1,1.0,0.9,1,0.8,LAS,44.4,0.9,12.7,5.9,5.3,6,38.7,-17.3,,16.8
,0.0,66.7,0.0,0.0,0.0,0.0,0.0,,0,0.0,0.0,0,0.0,-0.06,11.6,3.5,0.0,0.0,100.0,33.3,0.0,9.4,-1.06,-1.06,29.6,-0.03,7,1,-1.06,29.6,-0.03,7,1,-0.92,29.6,-0.63,-0.62,10.0,50.8,-0.04,0.0,7.1,71.8,-0.28,-0.6000000000000001,0.0,0.0,6.5,59.5,-0.21,-0.19,-1.16,60.3,0.0,7.5,66.4,-0.04,-0.06,0.03,-0.22,7.4,45.8,0.0,6.5,59.9,-1.06,29.6,7,1,-0.18,0.2,-0.02,0.9,129.0,83.3,31.8,,,,100.0,66.0,,1,1,66.7,3,2,,0.0,0.0,0.0,,,0,0,0.6000000000000001,4,1643440,0.0,33.3,,7,1.8,Darianna Littlepage-Buggs,-32.0,0.13,20.6,20.6,10.3,-0.25,0.0,97.0,0.0,0.0,0.0,0.0,0,,0.9,15,1.3,,,,,,,,,,,,,,33.3,26.0,28.6,5,-0.26,22.2,low,"low_sample,collinear_lineup",22,7.84,-0.18,-0.34,-0.27,0.005,0.002,,True,True,121,-10,0.064,False,0.6000000000000001,6.7,6.0,5.7,1,100.0,33.3,33.3,18.4,0.30000000000000004,2026-27,0.0,0.0,1.6,1.5,0.0,0.0,0.0,0,0.0,WAS,33.3,0.0,0.0,0.0,0.0,0,83.3,27.3,,20.8
0.0,33.3,66.7,0.5,8.4,4.3,2.9,3.5,2.5,7,0.0,0.0,0,0.0,-0.19,15.7,1.2,0.0,0.0,0.0,16.7,16.0,9.6,-2.94,-2.94,36.1,-0.25,81,1,-2.94,36.1,-0.25,81,1,-0.14,36.1,-1.06,-1.45,50.0,26.5,0.17,-0.04,40.7,63.9,-0.23,-0.01,0.0,-0.15,37.4,43.7,-0.51,-0.33,-3.29,33.2,0.01,41.3,70.6,-0.44,-0.30000000000000004,-0.39,-0.9,37.7,21.0,-0.09,37.4,49.2,-2.94,36.1,81,1,0.02,7.1,-0.02,4.7,111.2,16.7,-34.8,,,,0.0,-34.0,,9,0,16.7,18,3,4.5,0.8,88.9,56.3,-22.3,,16,9,4.1,13,1643487,0.0,5.6,,81,6.2,Quionche Carter,-12.2,-0.21,14.7,35.6,15.1,-0.26,1.7000000000000002,99.0,27.8,6.7,4.89,5.4,11,,4.3,164,1.2,,,,,,,,,,,,,,9.1,7.0,7.4,15,-0.28,44.0,low,low_sample,29,10.27,-0.06,-0.49,-0.31,0.033,0.014,,True,True,125,-11,0.168,False,3.3,5.5,4.1,4.4,9,33.3,105.6,16.7,38.7,0.7000000000000001,2026-27,0.0,0.0,-2.3,-2.4,0.4,3.0,2.5,5,2.22,PHX,50.0,0.2,3.0,1.2,1.0,2,30.0,-26.0,,14.8
33.3,50.0,83.3,0.2,4.8,3.0,2.2,2.4,2.0,2,0.0,0.0,0,0.0,-0.23,13.0,,,,,0.0,10.2,11.9,-0.9400000000000001,-0.9400000000000001,31.4,-0.03,33,1,-0.9400000000000001,31.4,-0.03,33,1,-0.8,31.4,-0.59,-1.23,35.3,33.6,0.04,0.0,26.2,71.8,0.06,0.12,0.0,0.0,24.4,59.5,-0.66,0.06,-1.23,62.2,0.0,27.2,62.2,0.06,0.04,0.15,0.4,26.0,73.1,0.0,24.1,59.9,-0.9400000000000001,31.4,33,1,-0.09,-0.2,0.02,1.8,90.7,75.0,23.5,,0.0,0.0,33.3,-0.7000000000000001,,3,1,66.7,6,4,0.0,0.1,33.3,100.0,21.4,,2,2,2.4,10,1643686,100.0,16.7,-3.3,33,3.3,Nadia Fingall,-29.1,-0.14,25.1,24.0,5.5,-0.46,1.8,61.6,0.0,1.5,1.09,1.2,1,,0.7000000000000001,66,1.1,0.0,5.263197349494455,0.0,5.3,0.140785850888449,0.0,5.981565614567175,0.0,6.0,0.033180029170116004,31.6,,baseline,16.7,12.0,13.3,11,-0.45,29.6,low,"low_sample,collinear_lineup",42,15.14,-0.33,-0.5700000000000001,-0.4,-0.048,0.005,,True,True,151,-11,0.095,False,1.5,7.6,5.5,6.1,5,100.0,66.6,33.3,11.5,0.5,2026-27,0.4,25.0,3.1,7.2,0.0,0.0,0.0,0,0.0,GSV,50.0,0.1,3.2,1.5,1.2,1,79.9,23.9,,11.5
100.0,10.0,60.0,0.5,5.6,8.3,5.8,7.0,1.67,8,0.0,0.0,0,0.0,-0.16,13.7,,,,,0.0,7.5,19.1,-2.83,-3.64,35.2,-2.54,312,2,-2.83,36.7,-1.73,1125,3,-0.12,36.7,-0.22,-1.34,43.5,29.0,0.11,0.01,32.5,78.2,0.19,0.4,1.69,-0.01,30.2,53.4,-0.39,0.06,-1.58,34.5,0.04,34.0,72.3,-0.09,-0.16,-0.08,0.24,32.2,67.6,-0.04,29.1,51.3,-2.83,36.7,1125,3,0.03,7.7,0.12,9.4,118.9,65.0,13.5,,0.0,0.0,100.0,66.0,,1,1,60.0,10,6,10.0,0.1,40.0,100.0,21.4,,4,4,4.8,15,1628278,25.0,40.0,-3.1,46,3.1,Shatori Walker-Kimbrough,-15.1,-0.19,21.9,26.6,12.5,-0.53,0.0,103.8,0.0,2.1,1.57,1.7000000000000002,2,,11.0,96,1.1,0.0,5.263197349494455,0.0,5.3,0.34662137383725505,0.0,5.981615502378451,0.0,6.0,0.010770905148758001,40.4,,baseline,17.7,12.8,14.8,17,-0.35000000000000003,33.6,low,low_sample,10,3.64,1.1400000000000001,-1.83,-0.41000000000000003,0.064,0.40800000000000003,,True,True,137,-10,1.157,False,4.8,6.3,4.6,5.2,6,80.0,90.0,50.0,16.3,0.4,2026-27,0.2,50.0,1.9,0.2,0.1,2.1,1.7000000000000002,2,1.57,IND,10.0,0.30000000000000004,6.0,4.2,3.5,4,72.3,16.3,,15.8
0.0,33.3,33.3,1.0,2.2,7.7,5.5,6.2,,2,3.8,3.1,1,0.5,-0.15,11.9,,,,,0.0,2.2,26.1,-1.15,-1.4100000000000001,33.0,-1.05,482,2,-1.15,31.3,-0.79,482,2,-0.63,31.3,-0.21,-0.13,8.2,63.4,0.32,0.0,6.5,71.8,-0.06,-0.14,0.8200000000000001,0.0,6.0,59.5,-0.21,-0.01,-0.38,58.0,0.0,6.7,66.4,0.05,0.06,0.12,-0.15,6.2,49.6,0.0,6.0,59.9,-1.15,31.3,482,2,-0.01,11.3,-0.43,0.7000000000000001,108.9,33.3,-18.2,,,,0.0,-34.0,,1,0,33.3,3,1,,0.0,0.0,0.0,,,0,0,0.4,2,1642808,0.0,33.3,,13,6.5,JJ Quinerly,-14.6,-0.14,11.1,33.2,0.0,-0.56,0.0,94.3,33.3,0.0,0.0,0.0,0,,6.2,26,1.0,,,,,,,,,,,,,,7.7,5.5,6.2,2,-1.17,23.5,low,"low_sample,collinear_lineup",10,3.64,0.03,-2.37,-1.08,-0.083,0.311,,True,True,201,3,0.937,False,0.4,3.8,2.8,3.1,1,,0.0,0.0,17.0,0.5,2026-27,0.0,100.0,-16.1,-24.5,0.0,0.0,0.0,0,2.77,DAL,33.3,0.0,0.0,0.0,0.0,0,33.3,-22.7,,11.8
75.0,19.0,76.2,0.30000000000000004,9.0,5.6,3.7,4.8,1.5,8,1.4,1.2,2,0.1,0.16,15.0,1.0,-157.7,0.0,,0.0,6.2,22.7,-1.1400000000000001,-1.1400000000000001,35.0,-0.09,67,1,-1.1400000000000001,35.0,-0.09,67,1,-0.06,35.0,0.17,-0.66,47.4,48.7,0.26,0.15,38.4,82.4,0.47000000000000003,0.2,0.0,0.14,39.8,70.6,0.05,0.15,-1.8399999999999999,58.6,0.03,38.8,71.4,0.29,-0.1,-0.14,-0.65,35.5,28.2,-0.11,34.2,47.5,-1.1400000000000001,35.0,67,1,0.2,13.3,0.1,13.8,88.3,50.0,-1.5,,0.069620360896586,0.014148865621787,75.0,41.0,,4,3,42.9,21,9,4.4,0.7000000000000001,61.9,7.7,-70.9,,13,1,6.8,23,1643469,,0.0,2.4,67,2.9,Indya Nivar,17.7,-0.05,8.1,25.8,5.4,-0.23,1.1,106.0,23.8,11.3,8.6,9.6,16,,12.7,142,1.0,5.339293273799211,10.602490623293667,0.07609592430475501,10.5,0.013039246455748001,1.0850984119216651,8.597602505536365,0.0,8.6,0.0,20.2,,baseline,15.5,12.4,13.1,22,-0.12,40.3,low,low_sample,52,20.74,-0.01,-0.23,-0.14,0.016,0.004,,True,True,104,-3,0.08600000000000001,False,6.2,12.7,9.9,10.7,18,33.3,119.0,57.1,8.3,0.8,2026-27,0.1,55.6,9.7,12.0,0.2,3.5,3.0,5,3.76,ATL,19.0,0.2,11.0,2.8,2.4,4,41.2,-14.8,,18.7
41.7,70.6,82.4,0.2,3.8,3.1,2.6,2.9,2.0,4,0.8,0.7000000000000001,1,0.1,0.05,14.4,,,,0.0,5.9,8.8,8.3,-4.28,-5.93,38.0,-4.49,674,2,-4.28,35.9,-2.84,674,2,-0.58,35.9,-0.34,-1.13,45.4,35.7,0.33,-0.03,33.8,64.3,-0.01,0.25,2.84,-0.07,30.7,48.7,-0.01,-0.1,-1.75,23.1,0.0,35.1,61.3,-0.02,-0.17,-0.2,-0.13,33.8,50.0,0.02,31.9,67.2,-4.28,35.9,674,2,-0.1,5.5,0.15,1.4,108.7,50.0,-1.5,,0.0,0.0,38.5,4.5,,13,5,35.3,17,6,,0.0,17.6,100.0,21.4,,3,3,1.0,20,1642801,0.0,5.9,-2.8,56,2.8,Aaliyah Nye,13.2,0.15,10.9,25.7,14.8,-1.77,0.1,121.9,11.8,0.0,0.0,0.0,0,,4.0,127,1.0,0.0,5.263197349494455,0.0,5.3,0.407345343005857,0.0,5.981615502378451,0.0,6.0,0.0,42.9,,baseline,15.7,12.9,14.3,20,-1.48,36.6,low,low_sample,8,3.2,-0.35000000000000003,-2.61,-1.19,-0.299,0.28600000000000003,,True,True,211,-9,0.882,False,0.9,4.7,3.9,4.3,6,100.0,23.5,5.9,17.5,0.30000000000000004,2026-27,0.30000000000000004,0.0,-3.4,0.5,0.1,0.8,0.7000000000000001,1,1.29,LAS,76.5,0.1,3.7,2.4,2.1,3,54.6,-1.4,,15.6
20.0,45.5,54.5,0.9,7.6,9.3,6.4,7.3,1.13,14,0.0,0.0,0,0.0,-0.1,15.4,17.1,-5.5,2.7,,0.0,7.6,24.3,-1.05,-1.05,35.9,-0.06,77,1,-1.05,35.9,-0.06,77,1,-0.03,35.9,-0.42,-0.63,49.3,50.0,-0.21,0.02,42.2,79.0,-0.09,0.16,0.0,-0.17,38.5,42.9,-0.18,-0.14,-1.17,60.9,0.09,42.2,73.5,-0.09,-0.16,-0.13,-0.2,37.1,47.1,-0.13,37.8,45.8,-1.05,35.9,77,1,0.18,6.7,0.05,2.7,100.8,40.9,-10.6,,0.182570809178828,0.063054445693842,20.0,-14.0,,5,1,36.4,11,4,4.2,0.8,36.4,75.0,-3.6,,4,3,1.4,15,1643450,,0.0,-4.1,77,5.1,Rori Harmon,-13.0,-0.28,22.4,22.4,12.6,-0.46,0.0,87.8,45.5,7.9,5.61,6.2,12,,1.8,151,0.8,1.016050064008636,6.279247413503092,0.0,6.3,0.179686824149716,0.350913017647328,6.395245862185943,0.0,6.4,0.039905500711445004,32.6,,baseline,7.9,5.6,6.2,12,-0.41000000000000003,42.3,low,low_sample,6,2.2800000000000002,-0.24,-0.58,-0.41000000000000003,-0.001,0.009000000000000001,,True,True,144,-12,0.133,False,1.4,5.3,3.5,4.2,8,100.0,45.5,9.1,29.3,0.5,2026-27,0.0,75.0,-7.4,-10.5,0.30000000000000004,3.3,2.6,5,2.34,WAS,45.5,0.8,5.6,7.9,6.2,12,47.0,-9.0,,14.7
25.0,26.7,73.3,0.4,2.6,2.4,1.9,1.9,4.0,4,0.6000000000000001,0.5,1,0.1,-0.13,15.8,8.6,-75.9,0.0,0.0,13.3,17.2,5.4,-3.91,-3.91,35.4,-0.59,83,1,-3.91,35.4,-0.59,83,1,-0.31,35.4,-1.18,-1.6600000000000001,44.6,21.4,-0.2,-0.15,36.9,58.8,-0.30000000000000004,-0.17,0.0,-0.01,35.4,54.2,-0.28,-0.49,-4.44,27.3,-0.1,37.7,50.0,-0.49,-0.45,-0.58,-1.43,33.9,7.6,-0.12,33.9,47.1,-3.91,35.4,83,1,0.05,7.9,0.33,5.7,98.8,10.0,-41.5,,3.7436337791092162,0.692871832546968,16.7,-17.3,,6,1,6.7,15,1,4.0,1.4,40.0,83.3,4.7,,6,5,4.5,11,1630993,0.0,20.0,-1.9,83,7.5,Anneli Maley,14.5,-0.17,11.7,32.1,10.4,1.9100000000000001,1.8,113.3,6.7,9.0,6.51,7.2,15,,4.4,167,0.7000000000000001,5.576215344741302,10.839412694235758,0.31301799524684604,10.5,0.6713574615872181,1.032046074097227,7.00503811639324,0.0,7.0,0.032535777875502,52.2,,baseline,4.8,3.4,3.9,8,2.25,44.5,low,"low_minutes_high_rank,low_sample",4,1.5,2.45,2.06,2.24,0.016,0.012,,True,True,13,13,0.153,True,3.6,7.2,5.3,5.8,12,0.0,73.3,33.3,39.2,1.1,2026-27,0.2,0.0,2.2,3.8,0.5,3.0,2.4,5,2.6,PHX,40.0,0.1,1.8,0.6000000000000001,0.5,1,22.7,-33.3,,9.9
,0.0,0.0,0.0,0.0,0.0,0.0,0.0,0.0,0,0.0,0.0,0,0.0,-0.66,11.7,,,,,0.0,-10.0,24.8,-0.7000000000000001,-0.7000000000000001,29.6,-0.02,7,1,-0.7000000000000001,29.6,-0.02,7,1,-0.64,29.6,-0.5700000000000001,-0.65,7.1,49.6,-0.43,0.0,5.3,71.8,-0.17,-0.36,0.0,0.0,4.7,59.5,0.16,-0.11,-0.79,66.0,0.0,5.5,66.4,0.23,-0.08,-0.01,0.1,5.3,58.8,0.0,4.7,59.9,-0.7000000000000001,29.6,7,1,0.02,0.0,-0.02,12.5,107.6,100.0,48.5,,,,0.0,,,0,0,100.0,1,1,0.0,0.30000000000000004,0.0,0.0,,,0,0,5.0,4,1642826,,0.0,,7,1.8,Aubrey Griffin,15.4,-0.6900000000000001,51.4,30.9,30.9,-0.24,0.0,123.0,100.0,4.5,5.14,5.7,1,,7.4,22,0.5,,,,,,,,,,,,,,9.1,10.0,11.4,2,-0.26,22.3,low,"low_sample,collinear_lineup",15,5.59,-0.24,-0.28,-0.26,-0.006,0.0,,True,True,120,-10,0.015,False,5.0,4.5,6.0,5.7,1,,0.0,0.0,14.9,0.30000000000000004,2026-27,0.0,100.0,-19.4,-36.1,0.0,0.0,0.0,0,0.0,NYL,0.0,0.30000000000000004,12.5,4.5,5.7,1,100.0,44.0,,10.6
14.3,77.8,100.0,0.1,1.2,1.0,0.5,0.8,1.0,1,0.0,0.0,0,0.0,0.09,13.9,,,,0.0,22.2,2.9,4.7,-2.42,-2.42,31.6,-0.16,48,1,-2.42,31.6,-0.16,48,1,-0.87,31.6,-0.97,-1.6099999999999999,29.3,22.3,-0.06,-0.01,22.8,66.4,0.0,0.0,0.0,0.01,22.3,65.5,-0.26,-0.15,-3.08,40.3,-0.04,23.5,55.0,-0.13,-0.16,-0.25,-0.58,22.1,29.4,0.0,21.7,64.7,-2.42,31.6,48,1,0.25,8.5,0.04,7.1,100.0,16.7,-34.8,,8.793345302851879,1.124259547086838,11.1,-22.9,,9,1,11.1,9,1,6.0,0.7000000000000001,0.0,0.0,,,0,0,4.8,7,1643458,,0.0,4.0,48,6.9,Saylor Poffenbarger,-8.3,-0.17,14.3,43.5,9.0,-0.30000000000000004,1.0,91.7,0.0,5.1,3.75,4.2,5,,7.8,99,0.4,10.89033171012034,16.673553718386845,5.107109701853834,11.6,0.8074451299477181,1.392366496977489,7.371798337512927,0.0,7.4,0.0,56.8,,baseline,3.0,2.1,2.5,3,-0.25,34.2,low,low_sample,17,6.42,-0.13,-0.38,-0.30000000000000004,0.052000000000000005,0.005,,True,True,118,-10,0.097,False,4.3,10.1,7.3,8.3,10,,0.0,0.0,32.7,1.4,2026-27,0.0,0.0,-0.2,8.1,0.4,3.0,2.5,3,2.25,PHX,100.0,0.1,2.9,1.0,0.8,1,16.7,-39.3,,9.5
0.0,25.0,25.0,0.30000000000000004,2.5,3.8,2.9,3.6,,1,3.8,3.6,1,0.30000000000000004,0.04,11.9,,,,,0.0,2.5,11.1,-0.96,-0.96,29.6,0.0,11,1,-0.96,29.6,0.0,11,1,-0.9,29.6,-1.27,-0.37,7.9,58.4,-0.03,0.0,5.8,71.8,-0.24,-0.53,0.0,0.0,5.6,59.5,-0.18,-0.32,-1.06,61.8,0.0,6.1,66.4,-0.49,-0.26,-0.42,-0.42,5.9,35.3,0.0,5.7,59.9,-0.96,29.6,11,1,0.12,14.8,-0.16,6.7,98.3,0.0,-51.5,,14.880424930747951,4.280276260646281,0.0,-34.0,,1,0,0.0,4,0,,0.0,50.0,50.0,-28.6,,2,1,3.5,3,1631090,0.0,75.0,11.5,11,3.7,Christyn Williams,5.9,-0.08,6.5,26.2,0.0,-0.74,0.0,104.2,0.0,0.0,0.0,0.0,0,,13.2,26,0.30000000000000004,15.175348583857481,20.958570592123987,9.392126575590975,11.6,0.980565609318309,4.365109504117665,11.987053170163888,0.0,12.0,0.07500688545186701,61.1,,baseline,3.8,2.9,3.6,1,-0.9,23.4,low,"low_sample,collinear_lineup",9,3.27,-0.72,-1.07,-0.86,-0.036000000000000004,0.009000000000000001,,True,True,191,-19,0.136,False,3.5,7.7,6.8,7.3,2,,50.0,0.0,33.2,0.7000000000000001,2026-27,0.0,,-20.7,-31.2,0.0,0.0,0.0,0,3.27,DAL,25.0,0.0,0.0,0.0,0.0,0,10.2,-45.8,,18.1
0.0,70.0,90.0,0.0,0.0,0.0,0.0,0.0,0.0,0,0.0,0.0,0,0.0,-0.89,12.6,,,,0.0,10.0,-5.7,31.9,-1.48,-1.48,30.2,-0.05,25,1,-1.48,30.2,-0.05,25,1,-0.89,30.2,-2.24,-0.44,25.1,55.5,-0.45,0.0,18.6,71.8,-0.05,-0.1,0.0,0.0,17.7,59.5,-0.65,-0.46,-1.87,52.9,0.0,19.4,66.4,-0.79,-0.44,-0.7000000000000001,-0.97,18.5,17.6,0.0,19.7,59.9,-1.48,30.2,25,1,-0.22,-1.7000000000000002,0.02,3.7,98.5,10.0,-41.5,,,,0.0,-34.0,,8,0,10.0,10,1,0.0,0.4,0.0,0.0,,,0,0,5.0,7,1631039,,0.0,,25,3.6,Miela Sowah,-56.7,-0.67,18.7,25.9,2.9,-0.45,1.4,41.8,10.0,5.9,4.32,4.8,3,,-0.6000000000000001,51,0.30000000000000004,,,,,,,,,,,,,,3.9,3.0,3.2,2,-0.43,27.1,low,"low_sample,collinear_lineup",36,14.18,-0.30000000000000004,-0.56,-0.38,-0.051000000000000004,0.005,,True,True,147,-11,0.101,False,4.3,9.8,7.0,8.0,5,100.0,10.0,10.0,24.0,0.7000000000000001,2026-27,0.0,100.0,-0.2,5.6,0.0,0.0,0.0,0,0.0,GSV,80.0,0.6000000000000001,7.1,7.8,6.4,4,10.0,-46.0,,26.5
,0.0,0.0,2.0,25.0,16.7,12.0,13.3,,2,8.3,6.7,1,1.0,1.2,11.6,,,,,0.0,25.0,15.5,-1.08,-1.08,29.6,-0.03,6,1,-1.08,29.6,-0.03,6,1,-0.63,29.6,-1.06,-0.38,4.0,58.0,-0.01,0.0,2.9,71.8,-0.21,-0.46,0.0,0.0,2.7,59.5,-0.32,-0.30000000000000004,-1.27,59.7,0.0,3.0,66.4,-0.33,-0.13,-0.21,-0.5700000000000001,3.0,29.8,0.0,2.6,59.9,-1.08,29.6,6,1,0.37,24.0,-0.02,0.0,119.5,0.0,-51.5,,,,0.0,,,0,0,0.0,1,0,,0.0,0.0,0.0,,,0,0,0.0,1,1630138,,0.0,,6,6.0,Peyton Williams,-26.3,0.8300000000000001,0.0,60.0,6.0,-0.23,0.0,93.2,100.0,0.0,0.0,0.0,0,,12.0,12,0.0,,,,,,,,,,,,,,0.0,0.0,0.0,0,-0.25,21.7,low,"low_sample,collinear_lineup",16,6.53,-0.25,-0.26,-0.25,0.0,0.0,,True,True,117,-10,0.004,False,0.0,0.0,0.0,0.0,0,,0.0,0.0,14.1,0.0,2026-27,0.0,,-19.4,-36.1,0.0,0.0,0.0,0,6.0,PHX,0.0,0.0,0.0,0.0,0.0,0,0.0,-56.0,,7.8
,0.0,0.0,0.0,0.0,0.0,0.0,0.0,0.0,0,0.0,0.0,0,0.0,-1.46,11.4,,,,,0.0,-20.0,15.7,-1.11,-1.11,29.6,-0.04,4,1,-1.11,29.6,-0.04,4,1,-0.64,29.6,-1.72,-0.4,3.7,55.9,-0.44,0.0,2.6,71.8,-0.23,-0.51,0.0,0.0,2.4,59.5,-0.27,-0.31,-1.29,59.2,0.0,2.7,66.4,-0.67,-0.45,-0.68,-0.56,2.7,30.3,0.0,2.4,59.9,-1.11,29.6,4,1,-0.49,-10.8,-0.01,0.0,91.3,0.0,-51.5,,,,0.0,,,0,0,0.0,1,0,0.0,2.0,0.0,0.0,,,0,0,0.0,1,1643832,,0.0,,4,4.0,Aminata Gueye,-5.6,-0.97,18.0,18.0,18.0,-0.27,0.0,85.7,100.0,25.0,18.0,20.0,2,,-18.0,8,0.0,,,,,,,,,,,,,,0.0,0.0,0.0,0,-0.28,21.1,low,"low_sample,collinear_lineup",49,19.93,-0.25,-0.31,-0.30000000000000004,0.022,0.0,,True,True,126,-11,0.024,False,0.0,0.0,0.0,0.0,0,,0.0,0.0,11.4,0.0,2026-27,0.0,,-19.4,-36.1,0.0,0.0,0.0,0,0.0,GSV,0.0,1.0,25.0,12.5,10.0,1,0.0,-56.0,,28.6
,0.0,100.0,0.7000000000000001,4.2,7.7,7.6,8.0,,2,0.0,0.0,0,0.0,-0.47000000000000003,11.8,,,,,0.0,4.2,4.0,-1.72,-1.72,29.6,0.05,10,1,-1.72,29.6,0.05,10,1,-0.63,29.6,-1.05,-1.06,10.6,38.7,-0.03,0.0,7.8,71.8,-0.11,-0.25,0.0,0.0,7.2,59.5,-0.30000000000000004,-0.24,-2.2,47.5,0.0,8.0,66.4,-0.37,-0.11,-0.17,-0.54,7.8,31.5,0.0,6.9,59.9,-1.72,29.6,10,1,-0.08,-5.4,0.02,4.2,120.6,0.0,-51.5,,0.556213272656738,0.14447353529615,0.0,,,0,0,0.0,1,0,0.0,1.0,0.0,0.0,,,0,0,2.8,3,1642790,,0.0,2.7,10,3.3,Sania Feagin,-15.1,-0.4,46.8,79.2,28.8,-2.99,0.0,105.5,0.0,11.5,10.8,12.0,3,,-6.6,26,0.0,6.035416373061377,11.298613722555832,0.7722190235669211,10.5,0.09215822708427401,1.567668344618173,9.12624023070414,0.0,9.1,0.0,23.1,,baseline,0.0,0.0,0.0,0,-2.9699999999999998,23.1,low,"low_sample,collinear_lineup",3,1.12,-2.7800000000000002,-3.17,-3.01,0.04,0.012,,True,True,233,-7,0.15,False,2.8,3.8,3.3,4.0,1,0.0,100.0,100.0,8.9,0.30000000000000004,2026-27,0.0,,25.7,34.0,0.0,0.0,0.0,0,0.0,LAS,0.0,0.0,0.0,0.0,0.0,0,0.0,-56.0,,3.8
