id,name,team,pos,season,gp,mpg,projectedMinutes,expectedMinutes,projectedPoints,expectedPoints,projectedPlayProbability,projectedStarterProbability,projectionConfidence,ppg,rpg,apg,usg,ortg,drtg,netRtg,rapm,rapmConfidence,cvi,cviConfidence,bpm,roleTrustScore,minutesRoleGap,creationLoad,rimPressureIndex,shotQualityIndex,defensiveActivityIndex,sample_weight,low_sample,minutes_signal,usage_signal,impact_signal,scoring_signal,role_signal,recent_minutes_signal,recent_usage_signal,recent_scoring_signal,recent_pra_signal,volatility_penalty,confidence_penalty,anchor_gap,market_attention,attention_penalty,edge_score,lean,watch_reason
1628276,Kelsey Plum,PHX,G,2026-27,17,30.6,19.19353114301506,5.787828178286725,14.957197893762077,4.510357723791308,0.301550982732692,0.36511492959923,30.2,21.5,2.1,5.4,28.3,107.1,111.1,-4.0,1.01,37.9,5.94,81.3,0.07,55.5,-11.4,30.8,59.2,-2.8,3.3,0.7762,False,-1.62014348977506,2.7595280975686025,1.4594221580697482,1.1021373446444414,-0.5564385242051616,-2.996857857091245,,-3.846904250657886,-2.550741406612681,3.669672528461666,0.698,-8.64792194070525,1.974542614470553,1.974542614470553,6.464032501354557,UNDER,"role shrinking, minutes down L5, PRA below anchor, scoring cooled L5, heavily bet — priced efficiently, low projection confidence, volatile game-to-game"
1629497,Marina Mabrey,TOR,F,2026-27,32,29.5,26.42329463735815,11.390935244659692,20.81925832050947,8.975066380839351,0.43109443394522,0.783176750554701,44.8,20.8,3.3,3.7,30.4,105.1,113.6,-8.5,0.06,48.1,5.38,97.0,0.02,64.1,-3.1,29.0,46.1,-1.2,6.1,0.8629,False,-0.04499082173017951,3.200934214139353,0.9147977062471937,1.951308406000299,0.28680759148581714,-3.198473563807859,,-4.1283012972259785,-3.737179565894291,3.2191498922103214,0.552,-8.080385699784614,2.024839989154648,2.024839989154648,6.04237823215471,UNDER,"minutes down L5, PRA below anchor, scoring cooled L5, heavily bet — priced efficiently, low projection confidence, volatile game-to-game"
1628279,Brittney Sykes,TOR,G,2026-27,17,29.4,18.814897263271863,11.888285297111048,12.752964748921586,8.05802344800129,0.6318549142608341,0.818566414116019,59.0,18.6,3.5,3.4,28.7,107.7,110.0,-2.3,0.13,44.0,1.1,81.9,0.08,69.8,-10.6,28.2,77.9,-2.8,7.2,0.7692,False,-1.4511215786868372,2.516192367206402,0.47916992739630254,0.9594289328598866,0.9847015607485061,-2.8402596321110174,,-3.264380553454503,-1.6007249220399151,2.8070372309591223,0.41,-7.247973931650952,1.7794274903252905,1.7794274903252905,5.492500878748527,UNDER,"role shrinking, minutes down L5, PRA below anchor, scoring cooled L5, heavily bet — priced efficiently, volatile game-to-game"
1642800,Aneesah Morrow,TOR,F,2026-27,27,22.3,13.987687050877062,12.757259670092711,8.00734778557785,7.302981157485456,0.9120349650153772,0.416189063042496,60.1,11.0,8.3,1.4,23.8,97.2,111.7,-14.5,-1.03,54.3,0.18,82.1,-0.13,62.1,-8.3,20.6,65.9,4.3,10.7,0.8006,False,-1.0658089829807027,1.0195034096356932,-0.46196628625737723,0.2643145050976241,0.6652062789670774,-2.158909325529714,,-1.903695298682595,-1.9184888761994874,2.1524449152679144,0.39899999999999997,-5.830073769349159,0.7345715619889583,0.7345715619889583,4.765076759537702,UNDER,"role shrinking, minutes down L5, PRA below anchor, scoring cooled L5, volatile game-to-game"
1631055,Nyara Sabally,TOR,C,2026-27,24,23.9,17.761431888257793,5.739833144085371,10.677483118399469,3.450564790270008,0.323162748375034,0.403855845102339,33.4,12.3,5.3,1.7000000000000002,21.6,105.2,110.2,-5.0,0.76,44.9,0.76,81.7,0.03,48.0,-6.1,17.9,89.8,9.3,10.9,0.7927,False,-0.634345430025118,0.37680950541733094,0.7773777730378381,0.8127492237954438,-0.8022248687532109,-2.315634807188889,,-2.138051354718218,-1.8522135802114061,1.6295168963661864,0.6659999999999999,-5.506451408286012,0.7332064931551446,0.7332064931551446,4.466068937616893,UNDER,"minutes down L5, PRA below anchor, scoring cooled L5, low projection confidence, volatile game-to-game"
204333,Natasha Cloud,CHI,F,2026-27,40,28.3,28.66071829645366,28.66071829645366,14.300575347400091,14.300575347400091,1.0,0.93005594395476,74.7,11.1,3.4,4.8,17.1,101.2,105.8,-4.6,-0.47,40.3,3.08,97.0,-0.02,83.8,0.4,27.1,64.7,-1.2,7.1,0.883,False,0.6955444646307468,0.7825388860335678,0.2921753181992582,1.2077577512102335,2.1095177386080324,-2.2672713698953264,-0.7812757836227542,-1.4276053357232785,-2.631315848127763,1.3246526272409174,0.25299999999999995,-4.904363033615681,0.5412685990186703,0.5412685990186703,4.201365577296116,UNDER,"minutes down L5, usage down L5, PRA below anchor, scoring cooled L5, volatile game-to-game"
1642797,Anastasiia Olairi Kosu,MIN,,2026-27,30,10.3,0.011962298028747,0.006367854856414,0.002512239156709,0.001337332866651,0.5323270529718881,0.0,48.6,3.6,2.0,0.7000000000000001,16.6,118.2,99.2,19.0,0.13,56.3,-4.88,71.2,0.3,32.0,-10.3,16.1,101.2,7.8,11.9,0.6732,False,-1.2212243552265751,-0.4959787738798256,0.06367922148905768,-0.42885110865296017,-1.0692590606985606,-0.6652945671396192,-1.8033693651732974,-0.377626552769203,-0.5908012717788909,0.0,0.514,-4.31685945592855,-0.6340123148406859,0.0,4.1112594559285505,UNDER,"role shrinking, usage down L5"
1629568,Kennedy Burke,CON,F,2026-27,37,23.9,24.00269408082956,22.39880951413417,10.331558152933477,9.641192870786234,0.93317897727254,0.9609339375757292,72.3,8.8,3.2,1.4,18.0,97.4,103.9,-6.5,-0.18,42.5,-3.04,94.4,0.05,76.3,0.1,15.4,59.5,5.9,13.1,0.855,False,0.6195728906306448,-0.4826065973001132,-0.14869653247965997,0.5567439089902331,1.691645081802013,-1.9842483479582014,-1.0232724943892915,-1.4872682813221265,-1.89299594763019,0.2696670525642835,0.277,-4.3144963674468375,0.2914447727778724,0.2914447727778724,3.9905572179168303,UNDER,"minutes down L5, usage down L5, PRA below anchor, scoring cooled L5"
1628922,Azura Stevens,CHI,F,2026-27,32,24.5,22.81366163431441,21.578627194322674,10.01173758383116,9.46974476749198,0.9458642606439772,0.937266078763078,72.4,10.6,6.4,2.1,21.2,102.0,108.3,-6.3,0.56,36.4,-2.47,91.5,-0.03,76.6,-1.7000000000000002,17.5,64.3,8.7,10.5,0.8394,False,0.24137986494118513,0.2877871536905838,0.29220134861557395,0.5438749427298868,1.7084829068687237,-1.5595501422643052,-1.1679974223968574,-1.4189548661892808,-1.9881083520825356,1.462780705890397,0.27599999999999997,-4.520166159118079,0.6281966741870054,0.6281966741870054,3.729972645551977,UNDER,"minutes down L5, usage down L5, PRA below anchor, scoring cooled L5, volatile game-to-game"
1642815,Makayla Timpson,IND,F,2026-27,43,19.1,26.01881725900028,25.445564589560437,8.032009714102385,7.855046596842193,0.9779677660312732,0.8880520669134081,72.9,5.7,4.9,0.5,11.5,117.6,107.0,10.6,1.6,51.9,-4.25,86.9,0.04,71.4,6.9,11.1,114.7,16.3,12.4,0.8456,False,2.0209244889208033,-2.0397031082850106,0.80528764248795,0.71351469207728,1.4852569326248093,0.46194378036522854,0.353713231062725,0.6260904485862315,0.47830674052959055,0.09997548241287918,0.27099999999999996,3.8447063223581535,-0.4966471249041225,0.0,3.7113124517549334,OVER,role expanding
1642782,Sarah Ashlee Barker,PDX,G,2026-27,26,24.7,,,,,,,,10.7,4.5,2.4,19.6,101.7,106.0,-4.3,-2.92,43.7,2.75,83.0,-0.15,77.9,,21.1,49.3,5.3,8.5,0.8107,False,0.5671152885854632,0.43336673485889926,-1.329945110012526,0.49138603232414746,,-2.3635237949341756,0.23652530223799026,-1.788366526390284,-2.390610864950621,0.6131541941589784,0.5,-4.2293047874934695,0.5392617182070715,0.5392617182070715,3.606385379850189,UNDER,"minutes down L5, PRA below anchor, scoring cooled L5"
203400,Skylar Diggins,CHI,G,2026-27,19,29.1,27.88143064424236,0.278448764774642,13.451406548136816,0.134337709768264,0.009986889422123,0.392823267356149,18.0,14.2,3.2,4.9,22.9,101.7,108.1,-6.4,1.27,35.7,4.62,83.4,0.07,48.6,-1.2,24.9,66.2,-5.7,7.0,0.7866,False,0.3160946407106384,1.3349395261700274,1.4929278628267444,0.9767634426766282,-1.247932517052706,-2.871553822067591,,-2.4885589710464813,-1.807432962136113,2.146854092663825,0.82,-5.023981859449114,1.1307993914871146,1.1307993914871146,3.5938686405396,UNDER,"minutes down L5, PRA below anchor, scoring cooled L5, heavily bet — priced efficiently, low projection confidence, volatile game-to-game"
203398,Brittney Griner,CON,C,2026-27,18,25.3,21.541579725549465,5.07481733011732,11.413370885566128,2.688789452912328,0.235582412932247,0.379000540615863,27.9,13.2,5.8,2.5,23.7,94.6,100.7,-6.1,1.54,48.0,1.55,79.6,0.08,52.4,-3.8,17.1,75.0,-8.4,12.1,0.7522,False,-0.16451274659086776,0.5780590556952158,1.2840364771137058,0.74737906940808,-0.7693536681433327,-2.3451274186722904,,-2.195122761431177,-1.5462764081980152,1.9321993834332403,0.721,-4.734926766122115,0.9759130920185601,0.9759130920185601,3.4755203742545246,UNDER,"minutes down L5, PRA below anchor, scoring cooled L5, heavily bet — priced efficiently, low projection confidence, volatile game-to-game"
1628244,Sami Whitcomb,PHX,G,2026-27,21,17.5,20.122091395731545,18.817205337476967,5.893678826285348,5.511483000761896,0.93515156886071,0.931728464257057,75.2,5.3,1.7000000000000002,2.1,17.0,103.8,110.6,-6.8,0.13,34.6,-1.98,78.4,0.09,70.4,2.6,13.6,16.8,-0.5,4.8,0.7101,False,0.951751302052824,-0.7149407105557657,0.16639740189105295,-0.38009304404538935,1.5100523887618427,0.5712481257854374,0.43475895908733675,0.7001893957585467,1.2225497995585592,0.0,0.24799999999999997,3.4021378914012566,-0.22937406385179046,0.0,3.3029378914012564,OVER,"role expanding, PRA above anchor"
1630386,Awak Kuier,DAL,F,2026-27,41,18.6,23.034211089323108,23.034211089323108,7.249109518915817,7.249109518915817,1.0,0.425243731362869,64.7,6.3,3.9,1.0,14.9,110.5,101.3,9.2,0.37,58.3,-0.26,86.2,0.23,60.3,4.4,11.0,61.3,7.2,20.0,0.8356,False,1.489909617286971,-1.48055307595452,0.660251306130343,0.13002677740740703,0.723973761377785,1.1949734805301357,-0.7092899054070531,0.782882828593611,0.865122537320007,0.24042079913066858,0.353,3.4284758898379555,-0.26160122534966407,0.0,3.2271706900552886,OVER,"role expanding, minutes up L5, PRA above anchor, scoring up L5"
1643455,Angela Dugalic,WAS,F,2026-27,38,8.7,1.842393107294524,1.442227389141376,0.005992846617736,0.004691207048486,0.7828011206898321,0.021178294636387,59.4,2.7,2.2,0.6000000000000001,17.2,94.9,107.0,-12.1,-1.34,60.0,-6.73,78.6,-0.17,36.3,-6.9,13.7,68.5,7.7,10.6,0.6879,True,-0.6713190053472896,-0.6565108320874363,-1.2003127728573475,-0.6726818477230507,-0.5400820576918398,-0.282266407226335,-2.194299262003274,-0.0987240517179945,-0.43337996470992024,0.0,0.406,-3.360866177036496,-0.7111947691088094,0.0,3.198466177036496,UNDER,"usage down L5, LOW SAMPLE"
1643493,Noemie Brochant,PHX,F,2026-27,43,23.6,22.71101126279983,22.08031373177497,6.989355985762614,6.795257646738197,0.9722294386750652,0.9914300376326672,75.1,6.3,2.1,1.9,13.1,105.4,106.3,-0.9,0.38,52.7,-6.61,91.2,0.01,79.0,-0.9,12.6,27.1,-1.9,8.1,0.8712,False,0.4202559958523181,-1.6519356280004958,-0.23983589804577402,-0.21331580385864693,1.9015719347756497,0.9745649624093291,0.7015919960885519,0.944577911383282,1.0440554303731753,0.18909400104248264,0.24900000000000005,3.3405036344778916,-0.18500300091306224,0.0,3.193630134217271,OVER,"minutes up L5, PRA above anchor, scoring up L5"
1643428,Flau'jae Johnson,SEA,F,2026-27,42,28.7,26.396252657696422,20.762562599893723,14.335901064533388,11.276223452554012,0.7865723543845501,0.879936762859404,64.1,14.9,4.8,2.9,26.3,101.3,104.8,-3.5,-0.59,50.1,1.85,91.2,0.0,74.2,-2.3,25.2,57.1,-1.1,11.1,0.8893,False,0.12158364752734772,2.128241833625008,0.09466833226299164,1.151092869155142,1.343307566703828,0.842630159495882,1.3408694398483458,1.8813623785184206,1.571657848949535,1.0357922660719214,0.35900000000000004,4.2167236834142665,1.3757100855910924,1.3757100855910924,3.12632057410074,OVER,"minutes up L5, usage up L5, PRA above anchor, scoring up L5, heavily bet — priced efficiently, volatile game-to-game"
1643445,Kiki Rice,TOR,G,2026-27,28,27.1,22.936687674377765,22.43897528553766,11.617073260598431,11.36498972674442,0.978300598765353,0.965744194091615,74.4,13.4,3.7,3.5,20.9,103.4,113.3,-9.9,-1.35,45.4,2.87,86.1,-0.03,76.2,-4.2,26.0,77.9,1.5,4.5,0.8349,False,-0.2652005232798745,1.2230934206632356,-0.290330333153426,0.883227404274411,1.751589163830432,0.6575861184900798,1.4215369010459287,1.130765300244955,2.512429727871022,1.9284770734213197,0.25599999999999995,4.135523245231621,0.8774829273871552,0.8774829273871552,3.1122625131827135,OVER,"usage up L5, PRA above anchor, scoring up L5, heavily bet — priced efficiently, volatile game-to-game"
1628269,Nia Brodie,MIN,F,2026-27,44,22.3,15.200383276741004,14.74056210308608,3.844699129096133,3.728394557447853,0.9697493697834232,0.07461156254205,61.1,6.2,4.3,1.8,15.5,103.2,105.7,-2.5,-0.07,46.7,-1.84,94.5,0.15,58.4,-7.1,12.9,35.1,6.8,14.1,0.8674,False,-0.8977905084628995,-1.2079275933065954,0.15152938863114138,-0.5950943391387958,0.526169430056716,-0.2920476710009323,-1.078007473988219,-0.5877254212399293,-0.6768585125166584,0.23422838439156507,0.389,-3.09612253818153,-0.08700276628658037,0.0,2.8819654420836383,UNDER,"role shrinking, usage down L5"
203026,Tiffany Hayes,GSV,G,2026-27,42,17.0,18.01566122992025,17.373030207988677,10.504760764432277,10.130048725887594,0.9643293124948252,0.070616321854366,59.0,9.0,2.0,2.5,24.1,107.8,99.0,8.8,2.31,39.2,2.45,88.6,0.15,50.9,1.0,30.4,79.2,0.3,8.0,0.8264,False,0.7831931028563531,2.2241617014189554,2.0352691709219397,0.732002512215394,0.11751568283594502,0.7621274745392411,0.8066711067275191,0.7539295096459735,0.7492292225019505,0.46089796655703963,0.41,3.326046281670303,0.42975500979103437,0.42975500979103437,2.8319442851355254,OVER,"role expanding, minutes up L5, usage up L5, scoring up L5"
1643420,Laura Juskaite,TOR,F,2026-27,44,25.4,20.061478303448084,18.873992591507456,9.717698230360655,9.14248499697094,0.9408076666146512,1.0,73.4,11.3,4.2,1.8,20.1,105.4,114.8,-9.4,-0.6000000000000001,52.8,-2.44,91.2,-0.06,76.8,-5.3,18.2,78.8,10.2,9.7,0.8817,False,-0.5331955787663542,0.20129145059969028,-0.46336579796535354,0.6614869403592025,1.7483891756228593,0.8848361572346514,1.1359787482823647,1.9517411459331993,1.479285380882102,0.5375512357564012,0.26599999999999996,3.2486724308781025,0.6343672321219145,0.6343672321219145,2.690701005878045,OVER,"minutes up L5, usage up L5, PRA above anchor, scoring up L5"
1643441,Raegan Beers,CON,C,2026-27,38,12.6,5.720638030491459,4.925972532594095,1.47811133915469,1.272783877949075,0.8610879601782641,0.030953332391076,60.2,4.6,3.2,0.8,17.1,94.4,104.2,-9.8,-0.47,54.7,-4.41,79.5,-0.07,39.8,-6.9,16.6,106.4,3.0,6.9,0.7615,False,-0.7471545499478289,-0.43488054189995345,-0.5315586944618422,-0.2562270127141432,-0.354908321406629,1.2085153798462605,0.7379906948969424,1.3303790993693392,1.4376791437912655,0.0,0.39799999999999996,2.693400922541578,-0.4533509408784184,0.0,2.5342009225415776,OVER,"minutes up L5, PRA above anchor, scoring up L5"
1643427,Lauren Betts,WAS,C,2026-27,44,17.6,18.084596525818814,17.457414694868824,4.622275971346432,4.46197338993543,0.965319556338756,0.051472748943522,59.6,6.4,4.6,1.2,16.8,100.8,97.2,3.6,0.26,51.7,-2.52,85.2,0.03,49.6,0.5,16.8,92.4,-2.0,14.3,0.8377,False,0.6852458622275289,-0.5035592465225304,0.16007408548050034,0.0351779007435652,0.07630579611827641,0.9112504031169305,0.24333219460466596,0.3940195783997837,0.5767564629387061,0.0,0.40399999999999997,2.588228628061745,-0.17210536793364542,0.0,2.426628628061745,OVER,minutes up L5
202664,Courtney Vandersloot,CHI,G,2026-27,27,22.5,22.574063083348136,21.85034616403713,8.010366969794141,7.753557281413037,0.9679403341507952,0.9509159835276492,73.7,9.6,2.9,5.4,19.8,102.4,107.7,-5.3,0.21,34.1,6.16,82.7,0.12,76.0,0.1,27.3,64.6,-0.6000000000000001,9.4,0.802,False,0.5755596071305371,1.1497285082973687,1.1094012546037222,0.2543018056504628,1.7209018046615445,0.5798745334763773,-0.044624037611547006,0.6528927451701234,1.7186701358456797,0.9985882568015694,0.26299999999999996,2.954642343600084,0.4013238290525691,0.4013238290525691,2.399133364873407,OVER,PRA above anchor
1643436,Serah Williams,PDX,C,2026-27,39,13.2,16.753638940454675,15.667205473608233,4.112715337597708,3.846015571758205,0.935152388641786,0.036095133357692,57.1,4.3,2.7,0.5,15.6,101.9,106.9,-5.0,-0.85,60.4,-7.22,79.6,-0.22,45.4,3.6,12.0,109.0,11.2,10.4,0.7744,False,1.214071534952162,-1.160204292486759,-1.1681633761435128,0.10089342141175665,-0.1932264232949184,0.664186175756359,-0.04694091654201953,0.34520268005531846,0.3449967350460344,0.0,0.429,2.5125005354494934,-0.544598882530809,0.0,2.340900535449493,OVER,role expanding
1642781,Georgia Amoore,WAS,G,2026-27,44,23.1,23.81967898610481,22.71226615366225,6.599060106015366,6.292259840246701,0.9535084904759392,0.9652783316773,76.7,7.0,1.4,3.4,16.5,104.1,103.2,0.9,0.3,50.4,-2.54,91.2,-0.11,74.9,0.7000000000000001,22.6,31.3,4.2,1.7000000000000002,0.8714,False,0.7628345841730608,0.12738186402158264,0.05200513074191431,-0.2318977777351356,1.762619764762504,0.46383256655359906,0.07487137817695738,1.094545660445609,0.6435977047125335,0.0,0.23299999999999998,2.427751052195583,0.05606630303680332,0.05606630303680332,2.3065179006771817,OVER,"role expanding, scoring up L5"
1641656,Laeticia Amihere,GSV,C,2026-27,39,11.7,8.11814432611371,6.32443400762289,2.709482517543395,2.110820242735742,0.779049220309994,0.087003913875146,57.1,3.9,3.0,1.0,16.8,107.1,95.7,11.4,-0.65,48.8,-3.62,80.1,0.16,38.4,-3.6,16.3,107.0,10.0,15.4,0.7526,False,-0.13212670182634326,-0.5046134825003259,-0.3514819735431994,-0.09388827011084963,-0.5144063780773485,0.696185789939449,1.033448812839989,1.0377193058552285,0.7503185468501522,0.04150242973168362,0.429,2.4689237258265484,-0.5493324969114473,0.0,2.286948118393627,OVER,"usage up L5, PRA above anchor, scoring up L5"
1628881,Monique Billings,IND,F,2026-27,43,18.7,14.97135088374566,13.781261255064097,4.142947814346502,3.81362020294333,0.9205088680425192,0.164673496489458,60.4,6.5,4.8,1.0,14.3,109.6,107.6,2.0,-0.81,20.9,-5.23,91.3,-0.02,49.5,-3.7,14.6,110.2,4.6,11.4,0.8428,False,-0.17818659592747588,-1.1694286023863616,-0.8389676429873734,0.1246192083805846,0.09630126994395156,-0.7264873433519072,-0.5607590838722982,-0.576221340920064,-1.0054188850144632,0.3275362567616428,0.396,-2.5020510683866513,-0.28420345416107473,0.0,2.2617670041962405,UNDER,PRA below anchor
1630134,Sug Sutton,PDX,G,2026-27,25,10.4,0.930793865589024,0.806652894011727,0.218143713857462,0.189049653848152,0.8666289323912361,0.047448315744265,63.8,3.4,0.8,2.0,17.7,102.3,106.6,-4.3,-1.99,50.8,-1.01,64.8,0.03,42.7,-9.5,32.1,39.2,-7.3,5.6,0.6341,False,-1.023506063920845,1.0753101235238687,-0.7922892632140149,-0.7916865576785245,-0.11122113940235567,0.09381701834661434,-0.6437542235781393,0.08027037614114593,-0.8740659148585557,0.0,0.36200000000000004,-2.392429225573132,-0.5716519492574367,0.0,2.247629225573132,UNDER,"role shrinking, PRA below anchor"
1642290,Aaliyah Edwards,CON,F,2026-27,30,20.7,17.403382253886857,4.108863591478836,9.703884584104806,2.291045354395753,0.236095692868043,0.069109453398653,22.8,11.1,4.7,1.0,24.4,93.3,107.6,-14.3,-0.98,39.4,-1.64,82.5,-0.17,37.0,-3.3,18.9,82.7,-2.8,8.0,0.8054,False,-0.08527270459681935,0.9286882774346514,-0.6621829035265844,0.6352454610268712,-1.6326710316139015,0.6840644062696387,1.0437242674183278,0.7941558913379911,1.6270582754862324,1.367287678421426,0.772,3.169564678757528,0.7176231516749061,0.7176231516749061,2.160131183314718,OVER,"usage up L5, PRA above anchor, scoring up L5, low projection confidence, volatile game-to-game"
1631118,Lexi Held,TOR,G,2026-27,42,15.4,7.405778982857176,6.64153761784917,2.179388190144492,1.9544856364531351,0.8968047295528171,0.032544642511933,61.0,5.4,1.1,1.4,17.5,100.8,105.0,-4.2,-1.58,55.3,-5.06,82.7,0.01,47.5,-8.0,19.0,36.7,-3.2,5.1,0.8117,False,-1.0176173465361795,-0.13071649652533351,-1.2173126584574065,-0.7689322220788835,0.022973387748039822,0.7258512361973316,1.4135399431621554,1.1392091489257945,1.333546928003508,0.0869724936773795,0.39,2.295417920415048,-0.2719444962291266,0.0,2.1176747969957033,OVER,"role shrinking, usage up L5, PRA above anchor, scoring up L5"
203855,Stephanie Talbot,LVA,F,2026-27,44,17.3,13.381819457668566,11.878956873564324,2.4064192515174,2.136163217484513,0.887693703471465,1.0,77.5,4.0,2.6,1.0,10.9,108.0,100.6,7.4,0.02,26.3,-6.24,89.8,0.08,63.6,-3.9,11.4,33.1,2.0,8.9,0.8354,False,-0.21530596971570728,-2.07681085771843,-0.34262242864994086,-0.7910738579596298,1.268727310936291,0.9766577731747453,0.22388074084160217,1.1313540543392735,0.9625297482702584,0.0,0.225,2.1792811469966873,-0.7066804501564015,0.0,2.0892811469966874,OVER,"minutes up L5, PRA above anchor, scoring up L5"
1643506,Teja Oblak,PDX,G,2026-27,29,13.4,6.272417595329095,2.538064454570547,2.437595596104493,0.9863461166389252,0.404638947582281,0.036236212659856,38.7,5.6,1.6,3.2,26.6,97.3,105.7,-8.4,-0.8200000000000001,56.2,5.15,80.2,-0.2,32.9,-7.1,35.4,35.7,-3.1,6.5,0.7215,False,-0.751710906760421,2.7897026713696116,0.1025257272938269,-0.6598913201418962,-1.3321885113968737,-0.38511873882699155,-0.47798858792683346,-0.5818779896298701,-0.6692239652408436,0.18199105951062927,0.613,-2.49505369298397,0.247045997117222,0.247045997117222,2.080832929547702,UNDER,"role shrinking, low projection confidence"
1642296,Nyadiew Puoch,PDX,F,2026-27,42,18.5,15.551324073661192,14.25274741941891,3.993120033888418,3.65968395931153,0.916497357518152,0.9967108562804432,77.0,4.3,2.2,0.8,13.2,101.2,110.6,-9.4,-0.86,48.1,-10.0,86.7,-0.07,68.6,-2.9,12.3,57.0,11.8,5.9,0.8382,False,-0.017483706215117602,-1.6080678153141532,-1.4313078148484648,-0.3626251862027315,1.4827767150435647,0.7424396951115916,0.4944851652895884,0.7441126612612133,0.811767775055242,0.0,0.23,2.129419311451042,-0.4949669153882075,0.0,2.0374193114510417,OVER,PRA above anchor
204468,Valeriane Ayayi,PHX,F,2026-27,35,16.2,8.891361047268292,8.022899171062257,3.217806765018913,2.90350814576811,0.902325204027919,0.033225200623501,60.4,6.3,2.8,1.3,18.6,100.3,108.6,-8.3,-1.26,54.1,-3.8,82.1,-0.16,49.8,-7.3,20.3,107.8,-0.6000000000000001,6.6,0.7908,False,-0.8588893942813652,0.18275312644489464,-1.0240705156803394,-0.024968461112256556,0.11006612514891272,-0.6506133496293317,0.3249853185094087,-0.5406759795341577,-0.6521022224892308,0.4402115109930088,0.396,-2.175600382963482,-0.11643695121761295,0.0,1.90714750521523,UNDER,role shrinking
1641651,Jordan Horston,SEA,F,2026-27,37,17.6,12.694298860187509,11.668883135961575,4.505647268417205,4.141691637016357,0.9192223426027972,0.6389088787977311,69.4,4.5,3.5,1.3,16.3,96.9,104.3,-7.4,-1.14,41.8,-6.76,84.3,0.0,58.2,-4.9,17.8,46.9,-3.2,13.5,0.8128,False,-0.40558574474241343,-0.4539611244901481,-1.1473319135295978,-0.36783530154098126,0.7720493584452812,-0.456643981474147,-0.17788339346216372,-0.5157934262667125,-0.8131123282391693,0.0,0.30599999999999994,-1.9920106091178613,-0.31862540790999505,0.0,1.8696106091178613,UNDER,PRA below anchor
1643425,Azzi Fudd,DAL,G,2026-27,30,31.7,,,,,,,,13.1,1.7000000000000002,1.8,17.9,109.8,104.3,5.5,-0.1,56.8,-1.94,91.1,0.16,82.1,,14.6,18.4,-10.2,11.0,0.8638,False,0.6042672960994819,-0.6000980573330699,0.13057209381205978,0.5908179564365735,,-1.2461738342224435,-0.3438589872407887,-1.2692522851942207,-1.5001577878185417,0.5255454353333436,0.5,-2.5961682517811844,0.8436645225084124,0.8436645225084124,1.8429496316936425,UNDER,"minutes down L5, PRA below anchor, scoring cooled L5, heavily bet — priced efficiently"
1643449,Charlisse Leger-Walker,CON,G,2026-27,44,23.6,22.6089009459178,21.37986271441578,5.308311639648406,5.019747504423025,0.9456391872191412,0.98719059254942,77.0,7.2,2.5,3.7,17.1,96.3,109.7,-13.4,-0.97,53.0,-1.46,91.2,-0.07,76.4,-1.0,24.5,39.6,-5.0,6.8,0.8738,False,0.399690405663177,0.459052237091267,-0.5930345030590919,-0.3450080896497562,1.8406629503725587,0.5680552142648746,0.23729681159982885,0.6684347993843617,0.5629428966543143,0.0,0.23,1.9952613728304534,0.12581049035451608,0.12581049035451608,1.8403561276531952,OVER,no gap to the season anchor
203822,Rebekah Gardner,NYL,F,2026-27,42,14.8,3.478979291314869,3.210258688486079,1.397262179107037,1.289335944531033,0.9227587805711752,0.013123952446367,63.4,5.0,2.4,1.2,14.9,106.2,103.2,3.0,0.91,49.0,-3.58,82.2,0.11,44.7,-11.3,16.7,77.3,12.3,7.0,0.8056,False,-1.664718058452959,-0.7899995130748684,0.4966044321545718,-0.5267336742293918,-0.0317473174829449,0.43332808687942326,-0.20468217261430446,0.10197285850494421,-0.3199563240700055,0.0,0.366,-1.9694871620438135,-0.4858783083462228,0.0,1.8230871620438134,UNDER,role shrinking
1641683,Holly Winterburn,PDX,G,2026-27,29,11.3,5.719367356439092,5.240841949330742,2.063283160629961,1.890653330635097,0.916332458244772,0.030755046300688,62.0,4.0,1.4,1.8,20.2,96.6,110.9,-14.3,-1.02,53.8,-2.55,73.1,-0.06,41.3,-5.6,21.8,45.8,1.2,7.0,0.686,False,-0.45544120152086304,0.512587623585649,-0.579890527538743,-0.5979217942015315,-0.23077058787033222,0.7269519913792605,0.3937338670304553,0.8616639791514814,1.245845362858295,0.09771721879274606,0.38,1.9187304866202552,-0.34056222917991225,0.0,1.7423011819220686,OVER,"PRA above anchor, scoring up L5"
1631135,Olivia Nelson-Ododa,CON,C,2026-27,33,21.2,22.555800246179803,20.356847397116443,12.11786337151132,10.936499381117834,0.902510537198262,0.730323132694192,66.3,10.1,5.9,1.6,20.1,97.8,106.2,-8.4,0.46,31.7,-1.31,82.3,-0.07,64.4,1.4,18.2,108.8,-0.2,11.3,0.8234,False,0.8488365399225045,0.1879994003757517,0.3136395275276938,1.2055568627686204,0.9612609669669143,-1.7147175438456144,0.34824956259215734,-1.2504513562702064,-1.7562338752958342,1.2808227151084086,0.337,-2.393080904244817,0.40074799290431384,0.40074799290431384,1.737701229015558,UNDER,"role expanding, minutes down L5, PRA below anchor, scoring cooled L5, volatile game-to-game"
1629576,Maria Conde,TOR,F,2026-27,35,26.4,25.375336150479416,8.927797811038571,10.323703796607136,3.632185978171503,0.351829735696719,0.609038230183607,37.7,8.5,4.5,2.5,17.2,105.1,114.5,-9.4,-0.32,57.2,-5.36,91.2,-0.12,54.4,-1.0,15.1,34.2,0.3,5.1,0.8603,False,0.3864850696342238,-0.6539145062014885,-0.661370077402282,0.33182985378410534,-0.37643692032547627,-1.4632838335429752,0.38458485762427835,-1.137469774760866,-1.4479413088235888,0.8731736394325879,0.623,-2.358342643405667,0.3180887431026747,0.3180887431026747,1.7318048619961823,UNDER,"minutes down L5, PRA below anchor, scoring cooled L5, low projection confidence"
1642804,Te-Hina Paopao,ATL,G,2026-27,35,11.6,0.0,0.0,0.0,0.0,0.7935911687107201,0.051359788190616,61.3,3.7,0.8,1.4,15.2,99.5,106.1,-6.6,0.65,47.6,-3.68,80.8,0.0,38.9,-11.6,17.0,18.9,-0.1,2.1,0.7302,False,-1.5587168604470227,-0.6435115683090277,0.21196967671240144,-1.092983953624897,-0.36240021854226884,0.3845856857386953,-0.7178891870093318,0.21794048162373053,0.14720041382689297,0.0,0.387,-1.8837838113533125,-0.6678618365399394,0.0,1.7289838113533125,UNDER,role shrinking
203824,Odyssey Sims,DAL,G,2026-27,35,14.3,6.559723630457522,6.052036240654986,1.38122548232916,1.274326045804647,0.9226053690059,0.081861478925602,64.1,4.6,0.9,2.0,17.7,104.5,105.0,-0.5,-0.56,31.1,-4.8100000000000005,80.7,0.04,44.1,-7.7,22.8,56.1,-1.5,5.1,0.7694,False,-0.9168027517698621,0.31151991086342373,-0.5319896077856244,-0.6754477389931796,-0.037766238860621415,-0.10202339120311608,-0.4884566049723832,-0.09153100198206764,-0.26340986874408756,0.04086884325525633,0.35900000000000004,-1.8778855967787778,-0.3495568805021729,0.0,1.7240683859649637,UNDER,role shrinking
1630389,Dana Evans,LVA,G,2026-27,14,15.3,23.54480172841927,3.60179826358974,5.317743245044762,0.8134890498185641,0.152976368420306,0.432758643837977,29.0,3.6,1.4,2.1,17.4,101.7,118.7,-17.0,-2.43,46.9,-4.44,56.7,-0.19,33.1,8.2,22.0,15.8,-11.6,3.3,0.5881,False,1.596203096850321,0.13886560217791924,-1.3309140681927845,-0.37745675633426207,-1.6210900178499312,-0.20173521393021268,0.10599921239753803,0.16109466559824523,0.16340825457632424,0.0,0.71,2.0071427154572534,-0.39062223679329006,0.0,1.7231427154572534,OVER,"role expanding, low projection confidence"
1627700,Julie Allemand,TOR,G,2026-27,33,28.4,19.57485757052257,17.470235029471127,4.625041380615973,4.127772559738406,0.8924833790759851,0.9426490086183792,74.1,6.0,3.2,5.5,9.7,103.4,111.8,-8.4,-0.56,40.6,4.48,93.9,-0.11,76.4,-8.8,22.1,31.9,7.0,9.3,0.862,False,-1.2556593750612306,-1.0619285358298383,0.29801816222676436,-0.5079643856754236,1.751546824381824,-0.2182945989721112,0.03671542191714245,-0.22954910480568794,-0.2022028108668332,0.6597341972697016,0.25900000000000006,-1.9575697715751001,-0.23679891065447198,0.0,1.6890362222576747,UNDER,role shrinking
1628508,Cecilia Zandalasini,GSV,F,2026-27,37,19.0,19.49091679289332,18.050276852724725,6.970696576484372,6.455468688253818,0.926086599441342,0.5710552822360131,64.3,8.6,2.1,1.7000000000000002,24.1,100.5,94.1,6.4,0.81,40.8,-1.5,86.9,-0.02,58.9,0.5,24.3,22.4,-11.7,8.2,0.8242,False,0.675408325613145,1.5203669483660653,0.54985526331782,-0.24480212510077204,0.6474458909743009,0.588968264745855,0.04849144147007298,0.7114141157212278,0.43789427793832886,0.10498320998606098,0.35700000000000004,2.0974517632672613,0.4824891952916512,0.4824891952916512,1.6871613631249205,OVER,no gap to the season anchor
1642822,Kaitlyn Chen,GSV,,2026-27,44,15.3,10.524726964658452,9.748450800246124,3.919796128873035,3.630682281604828,0.926242631564787,0.02435419037841,60.9,7.2,1.1,1.9,21.3,107.5,98.3,9.2,-1.6800000000000002,63.0,-1.5,83.3,-0.05,46.6,-4.8,26.6,43.9,-5.5,2.7,0.8178,False,-0.3820222530618111,1.3290085075298075,-0.9631496002732829,-0.47566500692313113,-0.02139414772859348,1.1373281536325317,-0.06229131271110696,1.2280023829742068,0.9125258090100089,0.1855379096309249,0.391,1.8928017250021079,0.07640810185755781,0.07640810185755781,1.6518131966655976,OVER,"minutes up L5, PRA above anchor, scoring up L5"
1630471,Maya Caldwell,MIN,G,2026-27,44,14.3,13.08559367137369,11.833509204419723,3.050810311193777,2.758895989367848,0.904315807261152,0.31470177457829,63.8,4.1,2.4,1.1,15.0,106.2,97.4,8.8,0.24,37.8,-5.44,84.4,0.07,48.1,-1.2,15.1,36.5,-1.2,8.4,0.8075,False,0.3253132267750742,-0.9556412370119579,-0.12719596806658465,-0.649168035473241,0.13654625428694744,0.7107222435052156,0.20842444570442958,0.2806601669895666,0.4305898405936128,0.0,0.36200000000000004,1.756524325784467,-0.5528808273827255,0.0,1.611724325784467,OVER,no gap to the season anchor
1642768,Kyara Linskens,PHX,C,2026-27,19,10.6,4.036512973224883,0.752059804515364,0.970654773101112,0.180846796170982,0.186314229510458,0.041650775755311,31.1,3.0,2.4,0.6000000000000001,17.1,93.0,105.5,-12.5,-3.24,70.1,-2.15,55.0,0.17,26.4,-6.6,11.5,50.0,-3.0,15.5,0.5731,False,-0.518143190387347,-0.7330287909153723,-1.231496648378631,-0.5789168328092269,-1.8639727503306613,-0.36059384259529154,-0.6996634712582988,-0.1807655750923372,-0.23840929235054342,0.0,0.6890000000000001,-1.8520337501645585,-0.6265532142871777,0.0,1.5764337501645584,UNDER,low projection confidence
1630442,Natasha Mack,PHX,C,2026-27,36,22.7,18.936831734976984,17.507308200013227,6.444255169347209,5.957784435550784,0.9245109448628952,0.123199578348061,55.8,8.9,6.7,1.1,15.7,102.0,104.0,-2.0,1.55,51.1,-0.56,87.7,0.14,59.8,-3.8,14.5,59.3,-12.9,16.2,0.8449,False,-0.18576272007070438,-0.9564628189310049,1.2740705274362998,0.0003477244239357101,0.4275380183404801,0.5895843223438938,0.5746244725679097,0.8745608173271497,0.8747286668618336,0.6791941083810776,0.442,1.94844355370519,0.1038248555913067,0.1038248555913067,1.5499325988142674,OVER,"PRA above anchor, scoring up L5"
202252,Alysha Clark,DAL,F,2026-27,30,11.4,10.509495087340929,9.738348742085725,1.944847155984002,1.802141748735317,0.9266238445475772,0.099399388010618,63.6,2.6,1.7000000000000002,0.7000000000000001,11.2,104.9,102.1,2.8,-0.58,50.1,-6.52,75.9,-0.04,44.3,-0.9,11.1,59.4,4.7,4.5,0.6951,False,0.335051973351025,-1.7169265999834302,-0.707805626684628,-0.5209032563500423,-0.043954518032727846,0.19839324586607449,0.5004325656963516,0.49762640397579583,0.5436475325637484,0.0,0.364,1.686974258998708,-0.9984049169065564,0.0,1.541374258998708,OVER,no gap to the season anchor
1643467,Cassandre Prosper,WAS,F,2026-27,38,9.6,2.315811071588742,1.985359467635342,0.082466889983967,0.070699385975294,0.8573063200156921,0.0,62.1,2.1,1.0,0.4,16.0,96.0,101.2,-5.2,-0.8,61.2,-10.0,80.9,-0.11,45.9,-7.3,15.8,54.4,7.7,1.8,0.7086,True,-0.7654103835803016,-0.6334078268530257,-1.211106650068101,-0.7882435509432354,-0.01663650486584292,-0.306678480380024,3.5278563414180835,0.0722980740894159,-0.19232682062414116,0.0,0.379,1.6389483816342316,-0.789743539606916,0.0,1.4873483816342317,OVER,"role shrinking, usage up L5, LOW SAMPLE"
1643431,Madina Okot,ATL,C,2026-27,42,9.1,5.121089786944302,4.635374374212801,2.5156223075329223,2.277025333409372,0.9051538963503852,0.059644780394252,61.7,5.4,3.3,0.3,25.9,99.4,102.6,-3.2,-0.8300000000000001,53.7,-2.77,79.5,-0.11,40.5,-4.0,18.1,112.8,20.3,11.2,0.7182,True,-0.1957474294684462,0.9556083455275757,-0.5688402565190046,-0.06933081907137574,-0.27669577800214384,-0.11134443754426461,-1.0665682762754911,-0.1559681231464183,-0.4623227117518843,0.34009785346632565,0.38299999999999995,-1.7081859419882366,0.02491391265052012,0.02491391265052012,1.4575045222963952,UNDER,"usage down L5, LOW SAMPLE"
1629566,Han Xu,NYL,C,2026-27,44,13.7,10.82083871907851,10.167992317296068,4.83818992739866,4.546290660877547,0.9396676709882572,0.043277689778889,58.0,6.3,2.5,0.7000000000000001,18.0,108.5,101.2,7.3,0.51,62.4,-0.07,82.1,0.2,47.3,-2.9,16.2,46.6,2.9,11.1,0.8007,False,-0.003102676745642243,-0.3630833976671419,0.7068849195817168,-0.3204612031822908,-0.07839227824108516,0.22179930373997406,1.1060276169712429,0.5535777052086854,0.26178001713536914,0.0,0.42,1.6021436627192978,-0.2509621328267568,0.0,1.4341436627192978,OVER,usage up L5
1631083,Emily Engstler,PDX,F,2026-27,44,24.7,23.40592092816952,22.678689853164045,10.31458473155664,9.994106568548863,0.96892961070674,1.0,74.7,10.1,5.7,2.1,19.3,104.9,108.7,-3.8,0.36,52.4,1.32,94.3,0.05,81.6,-1.3,19.3,50.7,2.3,18.3,0.8787,False,0.3369019899507353,0.19948811417654405,0.6897953946214899,0.48897506312667727,2.008575467104983,0.4948458921097342,0.33160762066203625,0.564331686218083,0.4245401801704995,0.1072342381030934,0.25299999999999995,1.767586585245505,0.4838760779564602,0.4838760779564602,1.3976399867415015,OVER,no gap to the season anchor
1643433,Raven Johnson,IND,,2026-27,39,11.0,0.0,0.0,0.0,0.0,0.259804915524787,0.0,36.3,3.1,1.7000000000000002,1.2,16.4,105.7,105.3,0.4,-0.16,61.9,-4.39,82.1,0.01,25.0,-11.0,19.3,35.2,-2.4,6.9,0.7409,False,-1.4729757319989052,-0.2453152135447674,-0.281395136784072,-0.9829192893951756,-1.768414308476175,0.5336552613675167,-0.7121255768620203,0.29391137919172056,0.13230591757456164,0.0,0.637,-1.6091977757488212,-0.6500697483243817,0.0,1.3543977757488213,UNDER,"role shrinking, low projection confidence"
1642287,Cameron Brink,LAS,F,2026-27,31,19.2,16.109513338221063,13.762814831742162,6.645777322042671,5.677676337947327,0.8543284047624711,0.035621998190449,50.7,9.5,5.0,1.5,24.1,102.5,105.3,-2.8,-0.17,34.2,2.31,82.1,0.04,46.4,-3.1,18.4,70.0,3.6,17.8,0.7987,False,-0.0443340207001442,0.8193789724967412,0.4127586062611556,0.11642444840433194,-0.34401364376367993,0.7545283410344114,0.4421650667528439,0.5521728312817822,0.6887866441788117,0.34575315652601324,0.493,1.8835056029988584,0.5443826151585398,0.5443826151585398,1.327676006288085,OVER,minutes up L5
1631141,Jade Melbourne,SEA,G,2026-27,42,24.5,26.57702819721767,26.1378108332394,10.554953488655745,10.380520184307368,0.983473796967854,1.0,75.3,9.1,2.1,3.7,17.5,95.1,103.6,-8.5,-2.22,44.7,-1.71,95.8,-0.02,76.5,2.1,26.5,81.5,6.5,5.7,0.8728,False,1.0534799161915487,0.7679846046050718,-1.3649804515085127,0.8013597487032009,1.7930107477911381,-0.8282421937416515,-0.38441974535898366,-1.0253327028531738,-1.5291028649037741,0.15624975121050957,0.24700000000000003,-1.6006935941764069,0.3004879704251531,0.3004879704251531,1.312587171161203,UNDER,"role expanding, minutes down L5, PRA below anchor, scoring cooled L5"
1630150,Chennedy Carter,LVA,,2026-27,13,16.8,,,,,,,,12.2,1.8,1.3,27.0,114.0,106.1,7.9,1.52,55.5,-0.31,57.7,0.17,56.5,,29.6,77.0,-0.3,7.7,0.5928,False,0.41473329746163445,1.8606075241863846,0.9203201755152578,0.6792103574050736,,-0.441176008268162,-1.1939283856827554,-1.147715510055043,-1.1374692105502253,1.8873926993009817,0.5,-2.3842702121342514,0.8008582376248006,0.8008582376248006,1.3119929184966057,UNDER,"usage down L5, PRA below anchor, scoring cooled L5, heavily bet — priced efficiently, volatile game-to-game"
204365,Erica Wheeler,LAS,G,2026-27,43,26.1,20.78542586533367,18.640647369680885,6.972304867532018,6.2528560748104525,0.8968133484707721,0.6279478824640351,64.4,9.0,1.9,5.0,17.6,106.6,107.4,-0.8,0.47,31.1,0.3,95.9,0.0,69.3,-5.3,26.7,32.8,-0.9,4.7,0.8821,False,-0.5282987562234742,0.8176568487575508,0.5964509616348129,-0.1659894699653895,1.1277005079413753,-0.6391222531493248,-0.22620230218148799,0.1549756878089552,-0.33474164815552315,0.2227745578208881,0.3559999999999999,-1.6878928432803713,0.3623418797882652,0.3623418797882652,1.3086282639310165,UNDER,no gap to the season anchor
1630097,Kaila Charles,GSV,G,2026-27,44,20.2,12.162527168407554,11.581949883195405,3.25763834466608,3.102135232511727,0.9522650780406712,0.054023279784024,62.6,6.3,4.7,1.4,16.6,108.6,95.8,12.8,1.39,41.9,-4.26,92.7,0.06,53.2,-8.0,17.6,48.5,-1.1,8.8,0.8556,False,-1.0816369730516875,-0.452230312388585,0.7023454882514288,-0.5511065913469593,0.33367315443029594,1.1419172921315628,0.48551374434963285,0.7595729925926211,1.1102386044369574,0.18479203614516657,0.374,1.5041716179751878,-0.09108277090757938,0.0,1.3083736089388962,OVER,"role shrinking, minutes up L5, PRA above anchor, scoring up L5"
1643426,Olivia Miles,MIN,G,2026-27,40,31.0,29.865324241390496,29.63802984742945,19.721508982302225,19.571415569758013,0.992389354552995,0.6351913167758161,68.5,19.8,4.7,6.0,27.2,112.7,101.6,11.1,0.74,52.5,9.63,91.2,0.18,79.1,-1.1,37.2,77.7,6.2,9.8,0.8921,False,0.3767703822373946,3.7751613450338946,2.040269814693183,2.1482683552549293,1.7033442089685051,-1.1343774858118323,0.0989660573027835,-1.3327806488547818,-1.8556752401229,1.6205905740347843,0.315,-2.708568092065971,1.816944516145129,1.816944516145129,1.2689481904847106,UNDER,"minutes down L5, PRA below anchor, scoring cooled L5, heavily bet — priced efficiently, volatile game-to-game"
1630096,DiJonai Carrington,CHI,,2026-27,11,16.2,12.639926654540297,10.327238457147594,6.095323974701873,4.98008144198399,0.8170330999063211,0.0,50.9,8.8,3.1,0.6000000000000001,28.9,106.9,108.0,-1.1,-0.43,28.4,-2.84,49.7,-0.16,47.1,-3.6,21.3,67.0,-6.8,6.1,0.543,False,-0.09243317652809138,1.2771288403036136,-0.3076593300067425,0.012262878240907327,-0.305749708561938,-0.9996471267240591,,-0.9978355289516385,-0.4276025991806685,0.2852687743057827,0.491,-1.8731633594419925,0.6949005018180188,0.6949005018180188,1.2579959149565374,UNDER,"minutes down L5, scoring cooled L5"
1643495,Justine Pissott,LVA,,2026-27,10,8.8,2.597718336026661,1.478391450995125,1.155222030355003,0.6574501746368471,0.569111527794194,0.0,47.9,3.8,1.0,0.4,20.9,104.0,121.7,-17.7,-0.53,45.9,-1.94,36.1,0.1,30.4,-6.2,10.3,11.2,-1.0,6.0,0.3697,True,-0.30163944234847667,-0.26407960468796865,-0.08476955411591633,-0.5118871236727973,-1.1641824108239338,-0.23263031705253812,-0.8543235876979752,-0.22556434692533298,-0.06329926250698552,0.0,0.521,-1.46480280931506,-0.4037382927744732,0.0,1.2564028093150599,UNDER,"usage down L5, LOW SAMPLE"
1643470,Shay Ciezki,PHX,,2026-27,8,15.6,,,,,,,,8.5,1.5,1.6,20.7,105.0,108.8,-3.8,-0.51,54.7,1.26,37.7,0.07,42.8,,23.1,61.3,-9.2,3.8,0.4541,False,0.3177120956225122,0.464992451566587,0.07583054186691396,0.16546494655771807,,0.5054703756316238,0.08787129751865137,0.4923869634330754,0.7396740994921143,1.1341795307578009,0.5,1.7870932632110192,0.12774610170385,0.12774610170385,1.239675329669644,OVER,volatile game-to-game
1643489,Antonia Delaere,MIN,,2026-27,39,11.8,0.0,0.0,0.0,0.0,0.655750869512158,0.0,54.1,3.0,0.8,1.1,10.8,107.2,96.6,10.6,-0.33,58.4,-4.83,80.5,0.02,36.2,-11.8,9.9,22.8,3.8,4.2,0.7542,False,-1.646721518707229,-2.046464696280267,-0.4142633889802983,-1.0981399519163573,-0.7075377454328817,-0.028067172628016772,0.733808901416542,0.05842744502219409,-0.073694940870238,0.0,0.45899999999999996,-1.4196651506034554,-0.98460602387937,0.0,1.2360651506034555,UNDER,role shrinking
1630143,Luisa Geiselsoder,PDX,C,2026-27,21,16.6,10.140109950497632,0.285705740773165,2.028549844370769,0.057156020872613,0.028175803040394,0.0,18.0,4.5,2.6,1.3,16.2,100.5,108.6,-8.1,-0.39,55.7,-6.06,80.8,-0.21,27.6,-6.5,11.9,31.0,-1.4,5.5,0.6992,False,-0.6143762924567172,-0.9764907063668276,-0.7075831575812598,-0.7214914992428096,-2.211472381399996,-1.2636826143122124,1.5476733385937522,-0.5466917644793482,-0.7688426221781431,0.0,0.82,-1.5576047620987448,-0.3634543807438406,0.0,1.2296047620987447,UNDER,"minutes down L5, usage up L5, PRA below anchor, low projection confidence"
1643644,Alicia Florez,WAS,,2026-27,35,12.0,6.733335533200933,5.852278369850806,1.087947687703396,0.945589699025294,0.8691499689855371,0.013398869542928,60.6,3.5,1.4,1.9,18.9,98.1,101.0,-2.9,-0.92,57.5,-3.8,81.6,-0.04,49.3,-5.3,29.4,66.4,2.8,8.2,0.7368,False,-0.43267552790769187,1.1434874821174823,-0.6722576681084383,-0.6036732263092205,0.09327063953080961,0.20616620044561013,-1.2377063376451543,0.364659346496137,-0.16841379539033244,0.0,0.39399999999999996,-1.362382807525329,-0.4271854468835592,0.0,1.204782807525329,UNDER,usage down L5
1630148,Jihyun Park,LAS,,2026-27,36,9.1,1.320594993860566,1.198402048107466,0.19398849579166,0.176038991323451,0.907471294135466,0.0,64.6,2.2,1.0,0.6000000000000001,11.7,102.5,107.8,-5.3,-0.4,58.2,-8.25,74.2,0.02,37.8,-7.8,12.5,49.3,-3.8,5.7,0.6859,True,-0.8238899461460882,-1.494932025459269,-0.7163139452621342,-0.7867608102040697,-0.31146334885606125,0.009110542024266557,-0.47308511390506036,0.08682511791146556,0.01128883966670962,0.0,0.35400000000000004,-1.3373541792890513,-1.0787751515691528,0.0,1.1957541792890514,UNDER,"role shrinking, LOW SAMPLE"
1643490,Eliska Joklova,MIN,,2026-27,21,5.3,0.0,0.0,0.0,0.0,0.583829761040733,0.0,50.8,1.7000000000000002,1.0,1.1,17.7,114.9,99.7,15.2,-0.46,52.4,-0.86,40.4,-0.03,26.8,-5.3,22.9,147.8,14.5,6.4,0.4259,True,-0.2535864741049178,0.17837052954315233,-0.07868435771109529,-0.06426308486604634,-1.2402445472927346,-0.03616618876250133,-1.1014643844984973,-0.04021306175994902,-0.10851351397110183,0.0,0.49200000000000005,-1.3850363960915415,-0.8699607218390834,0.0,1.1882363960915414,UNDER,"usage down L5, LOW SAMPLE"
1630996,Rae Burrell,LAS,F,2026-27,43,28.9,27.51889658667784,27.23253406805029,16.670315006161616,16.496843174671465,0.9895939679948432,1.0,75.6,14.6,2.3,2.5,22.8,104.7,110.1,-5.4,0.39,39.9,-1.41,94.7,-0.06,81.6,-1.4,22.3,66.0,3.1,7.5,0.8923,False,0.3231349258667778,1.1751448782396516,0.2929096053775711,1.585442918783838,2.0362321958607277,0.24465507482186644,0.9681955578746589,0.5949603440749143,0.23036426180127859,0.3171488955778556,0.24400000000000005,1.8891769702165124,1.1407951574677957,1.1407951574677957,1.1418921675881506,OVER,"usage up L5, heavily bet — priced efficiently"
1643706,Ornella Bankole,TOR,,2026-27,14,14.9,0.560355458760046,0.468939881511689,0.209123611714835,0.175007488846191,0.8368614496044331,0.060745354651272,62.9,3.4,2.3,1.1,9.4,94.9,115.9,-21.0,-1.33,52.4,-5.66,53.5,-0.16,46.9,-14.3,13.2,54.0,7.3,-1.2,0.5817,False,-1.631083493343363,-1.4687555837715998,-0.9234165456037338,-0.6372003086340572,0.053830104711357005,0.5511595189478214,-0.12961105120869137,0.18789977847933614,0.2166523024942273,0.0,0.371,-1.2569956980797738,-0.9312403096183813,0.0,1.1085956980797738,UNDER,role shrinking
1642809,Saniya Rivers,CON,G,2026-27,38,22.6,22.76109674066626,21.856456895981506,7.867566483753495,7.554870034939869,0.9602549975955912,0.356720171153424,61.4,6.9,2.5,3.1,19.3,94.6,111.2,-16.6,-1.71,49.1,-4.06,92.6,-0.03,61.6,0.2,25.9,50.0,-10.3,11.4,0.8513,False,0.629063871763956,0.9731070796083758,-1.284997599331263,0.11987728162312952,0.6822134618282182,-0.7839895659972949,-0.7363511541011925,-0.45663004295067916,-0.6676493359324238,0.19863822985799895,0.386,-1.4051653535893933,0.21045794406707477,0.21045794406707477,1.0958768240913561,UNDER,minutes down L5
1643438,Marta Suarez,PHX,,2026-27,19,9.4,11.69379958891187,4.182425578967616,2.724303793276992,0.974379437859038,0.357661814465626,0.0,33.3,3.5,1.5,0.4,18.3,104.3,117.2,-12.9,-0.7000000000000001,65.0,-4.2,50.6,-0.27,26.1,2.3,16.2,73.6,10.5,1.1,0.5435,True,0.6848387009204696,-0.2150684110476774,-0.5781268959593422,-0.2560127713162932,-1.8101322685771344,0.40976528268732076,-0.3976616912164569,0.2689842245022153,0.41490175591933093,0.0,0.667,1.3538194685902134,-0.565552018646815,0.0,1.0870194685902135,OVER,"low projection confidence, LOW SAMPLE"
204296,Rebecca Allen,NYL,F,2026-27,29,18.2,15.322105550253756,14.79771526486645,5.576505319503603,5.385652619372589,0.965775572837075,0.7454554705824731,71.1,5.8,2.6,0.6000000000000001,13.5,107.1,108.5,-1.4,-0.81,27.5,-6.08,81.5,0.08,64.5,-2.9,10.1,26.8,5.5,6.9,0.7787,False,-0.0027762247885951418,-1.6867486877893527,-0.773293188297995,-0.3766896078311412,1.1133518053992086,0.22224587089772851,0.16464014796776824,0.3280115059436435,0.7983461598942819,0.050331572394995375,0.28900000000000003,1.1686573652116141,-0.39689480604126887,0.0,1.0404744721128654,OVER,PRA above anchor
1629546,Marine Johannes,NYL,G,2026-27,41,20.2,13.215836191770537,12.698762394603497,5.355560972921445,5.14602294535778,0.960874681733039,0.13930184718643,60.3,8.2,2.0,2.4,19.5,107.0,102.0,5.0,-0.33,48.5,0.4,91.1,-0.01,55.6,-7.0,22.2,16.6,3.5,6.6,0.8467,False,-0.8524408766140933,0.5655830696034588,0.08127635505311408,-0.530954092226286,0.3731136892497483,-0.6110647423969259,1.4533364182900397,-0.5165023573610091,-0.9597245609075148,0.5633842395157037,0.397,-1.4210246585030952,0.2093989800941186,0.2093989800941186,1.01667910857711,UNDER,"role shrinking, usage up L5, PRA below anchor"
203828,Stefanie Dolson,SEA,C,2026-27,44,15.0,6.021374572318206,5.332946464022503,0.6940557332524041,0.614703839468659,0.885669277001868,0.026024644303792,62.1,3.3,2.4,1.2,10.5,94.7,107.3,-12.6,-0.07,23.2,-5.88,86.9,-0.09,40.6,-9.0,10.6,51.4,0.1,6.8,0.8148,False,-1.217438433050989,-2.178879075986874,-0.5056624569620825,-0.8487311922172912,-0.2598156134868256,0.1685493760662283,-0.12116886901635772,0.24318992621980226,0.16711334942071743,0.0,0.379,-1.156047964763332,-0.8628565396397249,0.0,1.004447964763332,UNDER,role shrinking
1629567,Natisha Hiedeman,SEA,G,2026-27,40,29.9,30.868643766001583,18.46898058362232,13.80466330544773,8.259451256895385,0.598308779732133,0.819870655563206,53.9,14.7,2.5,5.0,22.4,102.2,106.4,-4.2,0.84,48.2,3.09,95.6,0.04,70.3,1.0,30.7,40.3,-6.0,6.0,0.8886,False,0.831905884305454,2.137776781853302,1.2019416116029396,0.9154526662676942,0.8509215231408853,-0.22251952709069414,-1.1172348259981633,-1.5675077235650168,-1.5174739686270409,1.366266094704071,0.461,-2.0907380307815795,1.159572178233434,1.159572178233434,0.9849854179888446,UNDER,"role expanding, usage down L5, PRA below anchor, scoring cooled L5, heavily bet — priced efficiently, volatile game-to-game"
1641652,Maddy Siegrist,DAL,F,2026-27,41,14.8,9.1914245435205,8.592990792371497,4.24648718045223,3.97000759444555,0.934892165157263,0.054621903002857,59.1,6.5,2.7,0.9,17.4,111.5,106.3,5.2,0.44,30.3,-1.62,84.1,0.09,43.3,-5.6,14.4,38.1,-3.5,7.7,0.8018,False,-0.5377973901208865,-0.6564600467306152,0.4061417331566628,-0.4712135287701378,-0.22812101249465816,0.8901562480436279,0.1158608334918173,0.7905566361288598,0.5165671157410147,0.0,0.409,1.0985857911980152,-0.23515046009704477,0.0,0.9349857911980153,OVER,"minutes up L5, scoring up L5"
1627671,Rachel Banham,CHI,F,2026-27,40,13.8,8.421945419100267,7.772546786561846,3.6533356948917,3.371634604893432,0.92289208725271,0.031172067433922,61.3,5.0,1.1,1.3,18.1,96.6,102.7,-6.1,-1.85,52.3,-4.1,81.5,-0.02,42.6,-5.4,17.3,16.1,-1.3,5.1,0.7863,False,-0.4831320557498051,-0.22136007824794093,-1.262195014089333,-0.7205823585604251,-0.1926336710144128,0.8685669857667666,0.032819488300720415,0.6401476615089993,0.5506341399726676,0.0,0.387,1.04080316750298,-0.31900992852021415,0.0,0.88600316750298,OVER,minutes up L5
1642288,Rickea Jackson,CHI,F,2026-27,4,29.5,,,,,,,,18.0,4.8,2.0,28.9,97.3,100.6,-3.3,-0.43,38.9,-1.2,41.2,-0.09,63.0,,21.4,53.4,-10.8,9.2,0.4403,True,0.3080229710071586,1.0417606549412384,-0.12096194229657359,0.822097410662004,,-1.6320569397415101,,-1.8037976455796312,-0.5707940045247585,2.0392815106810795,0.5,-2.469123336610817,1.7599585966924056,1.7599585966924056,0.8793236605943444,UNDER,"minutes down L5, scoring cooled L5, heavily bet — priced efficiently, volatile game-to-game, LOW SAMPLE"
1642320,Jaylyn Sherrod,SEA,G,2026-27,13,7.7,16.64235179119493,4.041993140211124,2.602709709135615,0.632130297585284,0.242873915353096,0.367444159865143,34.2,1.9,0.9,1.1,19.3,100.4,122.1,-21.7,-1.93,49.5,-1.88,38.1,0.24,26.1,8.9,22.6,65.7,3.1,16.1,0.4002,True,1.1544606260988133,0.2741830771010545,-0.4330048816196139,-0.22966107522989718,-1.782475539821389,-0.06247553951271172,-0.07255511728927287,-0.03287226718554566,-0.15266999071631188,0.0,0.6579999999999999,1.118286963126899,-0.6630794086660091,0.0,0.855086963126899,OVER,"role expanding, low projection confidence, LOW SAMPLE"
203014,Nneka Ogwumike,LAS,F,2026-27,43,31.0,28.59159442618981,28.4730260847256,14.403639341541403,14.343907953276783,0.99585303499704,1.0,75.9,17.3,9.0,3.1,23.2,104.0,108.8,-4.8,1.04,29.4,4.46,97.1,-0.04,83.0,-2.4,21.4,46.8,-6.8,12.0,0.8989,False,0.09990115997866923,1.1406951845430529,1.4254255154911368,1.076907448348883,2.109687096402463,0.22627992383690287,0.3641001113100435,0.6655453334674655,0.8926196929687116,0.1495433203921242,0.24099999999999994,1.680591282835234,1.409756554551037,1.409756554551037,0.8419271754616845,OVER,"PRA above anchor, heavily bet — priced efficiently"
204330,Isabelle Harrison,TOR,C,2026-27,32,23.7,15.624807013188418,14.638841404201289,8.897510764119701,8.336054893873746,0.936897421635038,0.67897683384323,66.5,12.8,6.9,1.5,26.1,101.3,111.7,-10.4,-0.34,25.8,-1.44,89.0,-0.07,65.3,-8.1,18.8,77.4,1.7000000000000002,11.0,0.8349,False,-1.0631270736988137,1.2241749800514987,-0.1818968815048333,0.49990998089994854,1.0087014723052967,0.598974526557886,1.0587074394824751,0.8026706214771991,1.635777625568723,1.811190201649457,0.335,1.9346025920037078,1.044318942996484,1.044318942996484,0.8256455700931016,OVER,"role shrinking, usage up L5, PRA above anchor, scoring up L5, heavily bet — priced efficiently, volatile game-to-game"
1642820,Liatu King,MIN,,2026-27,12,8.7,10.405965720771276,0.129666929692265,2.824972516864102,0.035201491390233,0.012460826142588,0.0,17.7,3.5,2.3,0.2,17.6,96.0,102.7,-6.7,-0.16,50.8,-0.8300000000000001,39.5,-0.03,14.5,1.7000000000000002,17.1,80.7,-0.1,13.3,0.4104,True,0.45814052895550633,-0.16640697543285732,0.015336715379879406,-0.15598230219790093,-2.8217566349352206,0.06646854330145466,0.5032491120322088,0.14263443984191898,0.06118413020477841,0.0,0.823,1.1530592098862689,-0.6373472487746609,0.0,0.8238592098862689,OVER,"low projection confidence, LOW SAMPLE"
1631022,Shakira Austin,WAS,C,2026-27,43,29.4,28.72286604957623,28.34991680660178,20.08548412119887,19.82468611849096,0.987015597874852,0.6842134187390461,67.8,17.0,9.5,2.6,27.0,104.5,99.2,5.3,-0.19,46.8,2.27,94.2,0.02,81.0,-0.7000000000000001,24.5,92.4,-1.8,14.8,0.8939,False,0.47748226736219673,2.1728291216420335,0.42415570819557996,2.3442217394205747,1.7690108362343473,0.2225333128835414,0.3380105544716308,0.5521523272308779,0.7050324831678146,0.6978154100947219,0.322,1.9029595466040572,1.573996808022488,1.573996808022488,0.8127072900691326,OVER,heavily bet — priced efficiently
1631021,Sika Kone,ATL,F,2026-27,35,5.0,0.214277731974695,0.083880995291275,0.058704510140741,0.022980422152655,0.391459226856017,0.0,42.0,1.8,1.0,0.2,20.2,103.5,103.7,-0.2,0.34,63.5,-4.55,51.0,-0.1,22.7,-4.8,12.4,65.5,6.4,0.4,0.5385,True,-0.25291327884211456,-0.3001713554784387,-0.08666474730500792,-0.5386877751952639,-1.6987855829278253,0.07512936288201677,1.3270937549403907,0.17393097718815162,0.0675838539015574,0.0,0.58,1.0266817866623956,-0.7150847055879416,0.0,0.7946817866623956,OVER,"usage up L5, low projection confidence, LOW SAMPLE"
1642286,Caitlin Clark,IND,G,2026-27,40,31.1,32.4571962109556,32.4571962109556,23.0599838306495,23.0599838306495,1.0,1.0,75.6,22.3,4.0,8.3,31.9,112.0,107.4,4.6,0.96,47.5,13.16,95.5,0.17,86.1,1.4,42.3,61.3,-0.8,7.7,0.8924,False,0.9202165636293449,5.215355382430174,2.582763715993465,2.4933499267408896,2.242705023935147,0.29725708085619496,0.29490852184384525,0.48546648736346043,0.8969725870648733,2.4006590157044427,0.24400000000000005,2.6088024947292037,2.272879366942394,2.272879366942394,0.7745980573318959,OVER,"role expanding, PRA above anchor, heavily bet — priced efficiently, volatile game-to-game"
1628280,Brionna Jones,ATL,,2026-27,9,16.9,17.55389474975456,3.215864594495983,7.220920043835475,1.32286888121974,0.183199491642215,0.014010904639381,22.7,8.2,5.6,2.0,18.4,111.1,109.6,1.5,0.8200000000000001,46.8,0.39,46.6,0.25,29.0,0.7000000000000001,14.4,111.6,18.4,7.0,0.5035,False,0.43265714283365375,-0.3153186524509259,0.6164489856774833,0.340405883761377,-2.002806806941285,-0.9763856628378338,,-0.8510946960885277,-0.4622537292230694,0.4433772350421353,0.773,-1.1905506397124694,0.01206732078846231,0.01206732078846231,0.7644726705577043,UNDER,"minutes down L5, scoring cooled L5, low projection confidence"
1643448,Nell Angloma,CON,F,2026-27,40,12.6,4.990250331060895,4.461023892463647,1.309187072759118,1.170345057627872,0.893947917742086,0.0,61.3,4.3,1.9,0.9,18.7,96.2,104.1,-7.9,-0.4,54.2,-7.44,80.1,-0.09,41.6,-7.6,18.2,85.3,2.5,8.0,0.7706,False,-0.8936966671423673,-0.03169264099700543,-0.8193305501588236,-0.45082995492929234,-0.2385165216976171,1.2771533150406604,-0.04227098796042978,0.4192320113005679,0.668642948134072,0.0,0.387,0.9048262851376428,-0.3687800133810743,0.0,0.7500262851376428,OVER,"role shrinking, minutes up L5"
1630142,Leonie Fiebich,NYL,F,2026-27,21,28.7,22.899627531774343,0.293236489189082,9.825406123087246,0.125817225297365,0.012805295142124,0.461622408488764,19.5,8.8,3.0,2.1,14.3,107.3,99.3,8.0,3.14,43.4,-4.59,84.8,0.0,45.5,-5.8,11.9,45.4,6.2,5.5,0.8007,False,-0.5745955735964021,-1.4111255186806326,1.587996801008248,0.33589497849134087,-1.3440748062443975,0.024113251766889478,-0.5038222196641234,-0.6457653792679119,-0.0067139807007660654,0.6860381771195769,0.805,-1.3576633585661138,0.23847386234451562,0.23847386234451562,0.7449168831139616,UNDER,low projection confidence
1630149,Satou Sabally,NYL,F,2026-27,13,16.7,19.158639432608748,0.230307305218102,10.65587150496824,0.128094954743111,0.012021067885755,0.389062392461256,17.7,10.4,2.8,1.9,26.3,111.0,106.3,4.7,0.9,39.2,2.08,57.9,0.04,33.9,2.5,21.5,62.3,9.0,0.5,0.5914,False,0.7689785783033066,1.1115429341871805,0.7482160710608213,0.4343994996412982,-1.9316293316810573,-1.1302899302374452,,-1.319178699954316,-1.0650464216929711,1.0265506790853798,0.823,-1.6404765746942291,0.6436900693043,0.6436900693043,0.7327938702707343,UNDER,"role expanding, minutes down L5, PRA below anchor, scoring cooled L5, low projection confidence, volatile game-to-game"
1642793,Aziaha James,DAL,F,2026-27,39,11.8,12.83325509636332,3.07662963135568,6.465915067205197,1.550130948088922,0.239738835412656,0.0,22.6,6.1,2.4,1.3,25.9,106.0,99.1,6.9,-0.14,22.7,-0.39,82.1,0.18,25.3,1.0,25.6,52.0,-10.9,15.3,0.7542,False,0.7179995587513579,1.7886241374801368,0.260870038175986,-0.054450091974756795,-2.1756463243308906,0.5347327370182619,-0.4366029239000518,0.22509252623964807,0.0879904829468014,0.27251386937176486,0.774,1.1900486432054875,0.1707952775794012,0.1707952775794012,0.7269225370728456,OVER,low projection confidence
1643647,Tima Pouye,TOR,G,2026-27,19,9.5,,,,,,,,3.2,0.8,1.2,18.9,105.7,120.8,-15.1,-0.44,61.7,-2.96,50.5,-0.14,45.1,,19.7,60.0,2.3,1.0,0.5461,True,0.3820688530347007,0.11226434380581025,-0.30962481404725317,-0.2914513747323964,,-0.08620779229982173,0.6875960914342232,0.12277137053166023,-0.10744811758460761,0.0,0.5,0.9145091573266564,-0.5412904139225871,0.0,0.7145091573266564,OVER,LOW SAMPLE
1643429,Gianna Kneepkens,CON,G,2026-27,36,10.2,3.524730390586874,2.937687764288447,0.947469802418862,0.789669034837937,0.833450346197774,0.0,59.6,3.5,1.4,0.6000000000000001,16.3,92.3,105.3,-13.0,-0.88,51.9,-7.45,78.5,-0.06,36.3,-6.7,15.9,38.8,-3.7,3.2,0.71,False,-0.6612443948207795,-0.5837712693735427,-0.9796045448490579,-0.8029137065436076,-0.5339361179683408,1.20848359684579,-0.8258096142551546,0.769755579056071,1.0028849170412246,0.0,0.40399999999999997,0.8734065620514426,-0.663122323268374,0.0,0.7118065620514427,OVER,"minutes up L5, usage down L5, PRA above anchor, scoring up L5"
204324,Dearica Hamby,LAS,C,2026-27,42,28.7,25.11207884481772,24.460088258256885,13.438721671281618,13.0898090989999,0.97403677367414,0.732119412945963,69.6,14.5,7.0,2.4,21.4,102.4,109.0,-6.6,-0.17,37.0,-0.49,97.1,-0.02,75.4,-3.6,19.9,111.2,13.1,11.9,0.8893,False,-0.1574497579427138,0.6353813998148162,0.07606146042418381,1.5203232990081592,1.5673803299198936,-0.09297572563742308,-0.31528535627280013,-0.302329725021222,-0.8834532166516227,0.317769910793356,0.30400000000000005,-1.4217751121629278,1.037277974666044,1.037277974666044,0.7020936471315667,UNDER,"PRA below anchor, heavily bet — priced efficiently"
1643505,Jovana Nogic,PHX,G,2026-27,16,20.1,14.383474584165366,0.177736027540658,5.756628182484562,0.071134427164754,0.012356960517476,0.0,13.2,10.4,1.1,1.6,22.1,105.2,102.7,2.5,-0.1,62.9,1.29,74.5,-0.03,29.9,-5.7,24.0,47.9,1.7000000000000002,2.9,0.6819,False,-0.4753862934648232,0.967136727816392,0.24297164113852254,-0.15914195697042935,-2.253444378192601,0.13149658661625044,-0.40464617505044814,-0.38252425133398554,-0.48238878202049973,0.2960145399551169,0.868,-1.3459563795854372,0.5048643402497573,0.5048643402497573,0.6723205744717794,UNDER,low projection confidence
1642802,Lucy Olsen,WAS,,2026-27,22,6.6,2.797050600661376,0.518439416463065,0.5651301568418551,0.104748104546086,0.185352176446317,0.011399240378061,31.3,2.5,0.5,0.8,18.7,99.6,97.6,2.0,-0.6900000000000001,55.3,-2.08,46.1,-0.06,19.8,-3.8,18.4,40.9,-5.2,3.1,0.4919,True,-0.11292333788467954,-0.0065742645036655075,-0.26771097660251103,-0.5768530982542797,-2.1606536251163106,-0.15629539865199138,-0.5964624501734098,-0.07059178298555284,-0.11900015915449612,0.0,0.687,-0.928183335236548,-0.7076847017451384,0.0,0.6533833352365479,UNDER,"low projection confidence, LOW SAMPLE"
1628878,Ariel Atkins,LAS,G,2026-27,42,26.9,23.905419998175773,23.19090086388482,7.194738401505576,6.979691844930293,0.970110580180332,0.990957246356685,74.7,8.5,2.9,2.8,16.4,102.7,105.8,-3.1,0.67,50.5,-3.85,96.9,0.06,80.6,-3.0,16.6,30.0,-6.8,10.3,0.8828,False,-0.028315157753085927,-0.6231095156262398,0.30935405289659007,-0.15916182829811026,1.9626926164217786,-0.19135662908207282,-0.4751736827194891,0.090067871937148,-0.34359449857723845,0.0,0.25299999999999995,-0.8852606237131351,0.2859751235314532,0.2859751235314532,0.6410730619474085,UNDER,no gap to the season anchor
1642814,Taylor Thierry,SEA,,2026-27,17,9.8,2.177362252627516,0.851872059800965,0.17220783272357,0.067374659866111,0.391240391337259,0.058924501440649,42.3,1.9,1.7000000000000002,0.5,9.4,97.0,103.0,-6.0,-4.04,62.8,-5.46,47.1,-0.16,27.7,-7.6,7.0,32.3,-4.6,2.0,0.5262,True,-0.6118980694837864,-1.7814729967588865,-1.8588958700468203,-0.6988893099928379,-1.4601524199265554,0.9754140084847944,-0.20147448031907958,0.441313790411565,0.6875911117143704,0.0,0.5770000000000001,0.8308609779548739,-1.2175022734092138,0.0,0.6000609779548739,OVER,"minutes up L5, low projection confidence, LOW SAMPLE"
1643450,Rori Harmon,WAS,,2026-27,15,5.1,1.016050064008636,0.182570809178828,0.350913017647328,0.063054445693842,0.179686824149716,0.039905500711445,32.6,0.8,0.5,0.9,14.7,87.8,100.8,-13.0,-0.41,42.3,-1.05,35.9,-0.1,29.3,-4.1,24.3,45.5,-10.5,6.7,0.3377,True,-0.10072846448291894,0.012064189956148877,-0.08510610119508001,-0.391953953787023,-1.6848179354231267,-0.04383784762294716,-0.8312518832424299,0.042752255861216525,-0.005987434569221247,0.0,0.674,-0.8592645227978668,-1.1243062804876576,0.0,0.5896645227978667,UNDER,"usage down L5, low projection confidence, LOW SAMPLE"
1643430,Cotie McMahon,WAS,G,2026-27,42,19.6,18.23667008221249,17.382821759387323,5.866069084166037,5.591417339822802,0.95317959260238,0.030566842944204,57.7,6.6,2.9,1.9,17.5,99.7,97.8,1.9,0.0,47.7,-5.27,88.5,-0.11,54.5,-1.4,22.0,83.9,4.9,5.5,0.8459,False,0.30999537882795175,0.21599749193436618,-0.4339468001721049,0.13600927619104478,0.24274533709273755,0.12039374451017629,-0.020136992257534365,0.5224650157418208,0.05425593258608908,0.0,0.423,0.7303753046797182,-0.03832525701152597,0.0,0.5611753046797182,OVER,no gap to the season anchor
1642784,Paige Bueckers,DAL,G,2026-27,42,32.7,31.68648712272738,31.68648712272738,23.301641812718305,23.301641812718305,1.0,0.5633762813359261,66.8,20.9,4.1,5.9,25.9,110.2,105.5,4.7,1.78,39.9,8.09,94.1,0.16,76.0,-1.0,31.1,33.5,-18.1,7.1,0.9015,False,0.4074497699193514,2.826309450715972,2.5432256603770833,2.2935473030622964,1.508866884200831,-0.06895977302115483,0.6971836681199264,0.7560778304911714,0.5807839336586553,0.7636765965882344,0.332,1.8086835445903298,1.865109670309119,1.865109670309119,0.5524095602887116,OVER,"scoring up L5, heavily bet — priced efficiently"
1643458,Saylor Poffenbarger,PHX,,2026-27,7,6.9,10.89033171012034,8.793345302851879,1.392366496977489,1.124259547086838,0.8074451299477181,0.0,56.8,0.4,1.4,0.1,9.5,91.7,100.0,-8.3,-0.25,34.2,-2.42,31.6,0.09,32.7,4.0,4.7,0.0,8.1,8.5,0.2436,True,0.4078627209840849,-0.8976602214498522,-0.02416520718608816,-0.35605000316619684,-0.7851575365568612,0.0230513104494967,0.14790845336238814,0.09063819868491434,0.03894680859017093,0.0,0.43200000000000005,0.7075688277640396,-1.4128385825168535,0.0,0.5347688277640396,OVER,LOW SAMPLE
1628882,Lexie Brown,SEA,,2026-27,10,14.9,,,,,,,,3.8,1.3,1.1,11.9,97.7,110.5,-12.8,-0.47,59.5,-2.18,43.4,-0.28,49.1,,14.2,34.6,4.3,5.6,0.4983,False,0.3486189353851215,-0.9493053164785656,-0.3216029213921156,-0.3482058508852961,,-0.4113888524587676,-0.35732316096990285,-0.23058780623605776,-0.38527102301189936,0.0,0.5,-0.7164863088755768,-0.7467699097186816,0.0,0.5164863088755769,UNDER,no gap to the season anchor
1642817,Hailey Van Lith,CON,G,2026-27,22,15.8,1.7269832832908931,1.070360885015084,0.454040590857935,0.28140821822976,0.619786477015245,0.06730880564012,52.6,5.5,1.6,2.1,18.0,90.9,106.5,-15.6,-3.08,64.7,-3.54,76.8,0.03,39.2,-14.1,23.9,27.4,-12.6,7.7,0.6986,False,-1.9132099342717193,0.42981500950328705,-1.6560690272969538,-0.9306649965267433,-0.6159837413095108,0.6736283998214995,-0.19610058841425235,0.3800152670188437,1.0251817530868825,0.2511557995865634,0.474,-0.7654984245252905,-0.21848017475365614,0.0,0.5131094746286496,UNDER,"role shrinking, PRA above anchor"
1630446,Michaela Onyenwere,WAS,F,2026-27,40,24.8,23.49075182311017,22.44218449122513,8.040463289781059,7.681557487090192,0.955362546938431,0.9787189879228432,73.7,9.0,2.5,1.7000000000000002,16.4,106.5,100.6,5.9,-0.04,25.0,-4.27,95.3,-0.05,77.7,-1.3,15.3,53.7,6.2,2.0,0.8687,False,0.32982259415441373,-0.769861539869305,-0.29932965534041556,0.18094093639424638,1.798902650822992,0.006663594572169568,0.5013020526411336,0.36590372012891087,-0.11814844557963916,0.5909764888725204,0.26299999999999996,0.8744927616113005,0.2354229522721313,0.2354229522721313,0.5038371632571048,OVER,no gap to the season anchor
1643469,Indya Nivar,ATL,,2026-27,23,2.9,5.339293273799211,0.069620360896586,1.0850984119216651,0.014148865621787,0.013039246455748,0.0,20.2,1.0,0.8,0.3,18.7,106.0,88.3,17.7,-0.12,40.3,-1.14,35.0,0.16,8.3,2.4,22.7,119.0,12.0,13.3,0.3078,True,0.3987715027630049,0.17958678066885483,0.07402596379221872,-0.08326483575188069,-3.0294060626273502,0.06539705490198834,0.2767156874779495,0.09942352845925656,-0.004350623848530678,0.0,0.7979999999999999,0.8152025736863029,-0.9401672033783989,0.0,0.4960025736863029,OVER,"low projection confidence, LOW SAMPLE"
203866,Kayla Thornton,GSV,F,2026-27,44,24.3,20.11314410505037,19.159950963584357,5.572094609514817,5.308024390674411,0.952608446671116,0.585269561012676,69.1,7.7,4.5,0.7000000000000001,15.3,103.8,93.8,10.0,0.68,35.2,-5.97,95.6,0.03,67.3,-4.2,11.1,34.4,0.7000000000000001,7.1,0.877,False,-0.28359214633012736,-1.4741058413029589,0.042602790130092105,-0.3552809605359752,1.1803643900771914,0.6168732271890401,0.08749860562502677,0.5201405951209349,0.2048471632590835,0.41940987525836454,0.30900000000000005,0.733112793192755,0.06734596014132614,0.06734596014132614,0.4709873443075007,OVER,no gap to the season anchor
1629484,Megan DiLeo,PDX,C,2026-27,41,24.3,21.754859634591604,20.707579637787088,12.602838530776424,11.996137273313352,0.951859951551272,0.7273648141994591,68.5,13.1,4.3,0.9,19.9,105.8,109.5,-3.7,1.02,30.7,-2.92,93.4,0.06,73.4,-2.5,13.9,57.1,5.9,7.1,0.8691,False,0.06756297954833587,-0.35374462068711127,0.6307899638310319,0.8736074679284124,1.4418119600742412,0.0017907442927026596,-0.39816099251191456,-0.5942442804937238,-0.6289279925485302,0.35902748392450323,0.315,-1.027857029748162,0.6877030769585618,0.6877030769585618,0.46824862028775527,UNDER,no gap to the season anchor
1642324,Kate Martin,LAS,,2026-27,19,7.6,9.737287582550078,3.709687291073403,2.499661297912348,0.952314663630896,0.380977480599569,0.018413108790289,35.4,2.6,1.0,0.4,14.3,109.3,119.3,-10.0,-1.53,45.7,-3.99,46.0,0.02,21.7,2.1,10.3,29.3,3.3,5.9,0.4905,True,0.5992655512324652,-0.9733263412699228,-0.6440289376311802,-0.4763038827130314,-1.9474844444864945,0.1289812108496643,-0.13358089923339478,0.14639156440615195,-0.08931712809204928,0.0,0.6459999999999999,0.7171931748644559,-0.9455105326884139,0.0,0.4587931748644559,OVER,"low projection confidence, LOW SAMPLE"
204323,Cheyenne Parker-Tyus,LVA,C,2026-27,31,11.2,6.029156008798882,4.10454809974533,2.8389844604113383,1.932732915715233,0.680783196479772,0.094196029427899,51.8,5.4,2.9,0.7000000000000001,19.4,112.0,104.5,7.5,-0.11,55.7,-1.46,77.9,0.2,36.4,-5.2,14.7,111.3,7.5,15.8,0.6983,False,-0.39370128270785526,-0.2738724928766897,0.17551033783727504,-0.04067173548087335,-0.769039482116479,0.6087457313084516,-0.20767796689734186,0.397029869675048,0.7356631512759464,0.3695225397812479,0.48200000000000004,0.7439035466508583,-0.31139652814010765,0.0,0.4587229117055463,OVER,no gap to the season anchor
1630461,Kiana Williams,TOR,,2026-27,24,13.0,,,,,,,,4.1,0.4,1.2,17.4,96.8,110.0,-13.2,-1.51,58.6,-4.54,72.3,-0.07,47.7,,20.2,24.0,0.7000000000000001,3.7,0.6753,False,0.4724420123217876,-0.009266541430292584,-0.9936798694165884,-0.5128200920890336,,0.26757845194990443,-0.11651142684679681,0.03573634814879962,-0.11707412003665463,0.0,0.5,0.6502556911446358,-0.44885718836083655,0.0,0.45025569114463576,OVER,no gap to the season anchor
1641649,Diamond Miller,CON,F,2026-27,43,22.7,16.15427289635613,14.267267154449325,7.043763530396806,6.220970557183467,0.8831884446911591,0.9940069081826992,70.7,9.8,2.7,1.4,22.2,96.0,107.7,-11.7,-1.48,50.7,-5.54,93.4,-0.15,73.6,-6.5,19.9,59.2,1.7000000000000002,5.6,0.8668,False,-0.7798658821530561,0.752735091239763,-1.4472633495880136,0.08616703301347906,1.51859386716937,0.1379627795779673,0.004368187104081627,0.10971933358173781,-0.17479182985394595,0.20460385978977355,0.293,-0.8988486419103895,0.5750151291769562,0.5750151291769562,0.4429901123744681,UNDER,role shrinking
1642321,Sydney Taylor,CHI,G,2026-27,37,20.6,16.796429318793788,13.727320350094214,10.60564836057827,8.66774299482865,0.817276106102771,0.824126401619748,64.0,13.6,1.7000000000000002,2.0,29.2,104.6,103.8,0.8,1.15,51.8,1.1,85.9,0.08,70.3,-3.8,24.3,48.5,3.0,5.1,0.8356,False,-0.1919549761096379,2.3615294544526684,1.1404375707044705,0.4863492363429997,1.1612914791775815,0.5361772313483251,0.8007381847672325,-0.017334275439001335,0.6693247608895696,1.5624557283194653,0.36,1.5484510536494407,1.172290293456669,1.172290293456669,0.42769197484123983,OVER,"usage up L5, heavily bet — priced efficiently, volatile game-to-game"
1642791,Zaay Green,TOR,,2026-27,7,9.6,,,,,,,,2.1,1.0,0.1,14.9,89.8,113.4,-23.6,-0.77,39.9,-2.64,32.8,-0.15,33.2,,11.1,25.0,12.3,0.9,0.3094,True,0.21644389684780585,-0.5438780854179212,-0.24029934436083172,-0.33496992059837305,,0.1759684910043526,0.1212065551440246,0.1379228057803217,0.03370862319263239,0.0,0.5,0.6225481911200067,-0.8603093238268672,0.0,0.4225481911200067,OVER,LOW SAMPLE
1629482,Sophie Cunningham,IND,F,2026-27,43,22.3,21.44888250057481,21.44888250057481,5.722605824888759,5.722605824888759,1.0,0.028037078120193,58.4,7.9,2.3,1.2,13.2,110.2,106.2,4.0,0.02,35.7,-2.46,96.4,-0.05,58.3,-0.9,11.0,53.5,9.3,4.5,0.8647,False,0.4251258290650156,-1.8150179762065612,-0.05700250748691627,-0.15614697406371775,0.43861095872115985,-0.2456635742682345,0.19283766875156919,-0.6761582605843818,-0.9118103861857937,0.11725918870277138,0.41600000000000004,-0.6171026934430592,-0.13215153129728488,0.0,0.4213878962673664,UNDER,PRA below anchor
1631086,Lexie Hull,IND,F,2026-27,44,18.6,17.18154799973907,15.213118476675472,4.438062890521805,3.929609634793697,0.885433517218967,0.909941348959204,73.4,5.2,3.0,0.7000000000000001,12.6,114.3,104.9,9.4,0.2,32.8,-7.21,93.2,0.05,66.5,-1.4,11.2,39.6,1.4,5.8,0.8451,False,0.29833375070979495,-1.8479512825830435,-0.3710069448562663,-0.4564124113175674,1.2757958135858554,-0.014854915175819574,0.4197460185745277,0.06547165577391385,-0.23684151359524902,0.0,0.26599999999999996,0.5248030772178868,-0.4754053134317681,0.0,0.4184030772178868,OVER,no gap to the season anchor
204322,Elizabeth Williams,CHI,F,2026-27,44,17.2,6.683325365928173,6.078210820302877,2.523420732072954,2.294947852764359,0.90945906229402,0.020366990506399,61.0,5.2,3.6,1.4,15.4,100.4,104.2,-3.8,-0.77,38.4,-6.43,84.5,0.03,48.9,-10.5,15.1,105.0,4.1,15.1,0.8346,False,-1.5605983236296659,-0.9234523243625982,-0.889505246008442,-0.1474574969333201,0.08720937870452578,1.2098595959429967,-0.6227943222764799,0.4745087186559269,0.5147310624070979,0.0,0.39,-0.5649086758392061,-0.3495627793931,0.0,0.4089086758392061,UNDER,"role shrinking, minutes up L5"
1629483,Napheesa Collier,MIN,F,2026-27,16,29.4,29.66436167512522,17.353550695651073,18.30346755609845,10.707466272813988,0.5849965991414781,0.9030887522552412,54.1,16.8,6.9,2.6,24.2,111.4,103.6,7.8,3.19,37.1,2.89,81.6,0.16,69.0,0.3,16.0,55.0,-4.2,11.5,0.7582,False,0.5794077519750711,0.539861739205379,2.4045648905868964,1.4667649214550524,0.7974197569762189,0.1610967548486758,-0.3715178246707801,-0.3136110440835297,1.7639789747624468,2.539072296027501,0.45899999999999996,1.914533617163266,1.3823280030354337,1.3823280030354337,0.40500154163867386,OVER,"PRA above anchor, heavily bet — priced efficiently, volatile game-to-game"
1629491,Jessica Shepard,DAL,C,2026-27,42,31.8,27.135967422561464,26.63163523069632,13.41370177398696,13.164403066063407,0.981414622739934,0.5189574735219971,69.1,14.5,11.1,5.3,19.4,109.3,104.8,4.5,2.53,63.2,5.15,91.2,0.0,78.0,-4.7,23.6,87.8,-1.5,8.6,0.899,False,-0.39554132255664304,0.7579616447984114,2.521139750980605,1.313486852487861,1.6713108923874773,0.13300459793124927,0.9462518086473921,0.4890757934740268,0.8946031248997862,1.509550943032594,0.30900000000000005,1.41871202176799,1.0280596435890672,1.0280596435890672,0.4036944642153079,OVER,"usage up L5, PRA above anchor, heavily bet — priced efficiently, volatile game-to-game"
1642303,Leila Lacan,CON,G,2026-27,30,28.0,26.806955162005764,25.313808159684303,9.788107205302106,9.24290978009388,0.944300014929045,1.0,73.6,11.4,1.9,4.4,21.5,95.0,104.0,-9.0,1.07,58.7,0.85,91.1,0.01,82.7,-1.2,29.8,40.6,-10.9,9.0,0.8485,False,0.34625512199299247,1.7884106193705998,1.0141727071305424,0.30812609766129456,2.0252439343772637,-0.5124088936241573,0.08606111092164499,-0.39261360866550266,-0.9058396519590296,0.1793893517968593,0.26400000000000007,-0.9507599505805443,0.8300777786223602,0.8300777786223602,0.3852737233201493,UNDER,"PRA below anchor, heavily bet — priced efficiently"
1628920,Mercedes Russell,IND,,2026-27,7,9.7,0.0,0.0,0.0,0.0,0.624122363725182,0.009923002699698,52.8,1.6,1.1,0.6000000000000001,9.0,128.0,110.3,17.7,-0.04,40.2,-1.52,32.7,-0.12,32.6,-9.7,4.8,162.5,-10.8,6.1,0.3116,True,-0.5205082324580936,-1.174078374569935,-0.020706098596116225,0.0008166663984258796,-0.9126646160951604,0.11778475112075008,-0.1823676090969488,0.07004931707808891,0.07227753301782118,0.0,0.47200000000000003,-0.5723819656649852,-1.2650741619204389,0.0,0.3835819656649852,UNDER,LOW SAMPLE
1642835,Morgan Maly,CHI,,2026-27,5,14.0,,,,,,,,5.0,2.8,0.6000000000000001,13.3,97.5,116.5,-19.0,-0.71,41.1,-1.89,32.2,0.1,34.9,,7.1,44.4,5.4,8.0,0.3182,False,0.222592871190073,-0.8339537125264633,-0.11253878924428123,-0.12605547756603164,,0.13098010271792496,0.12761918200896374,0.10277739561118052,0.1093346449994965,0.44779312671778776,0.5,0.6406132593476759,-0.6192505702626866,0.0,0.32866497766822894,OVER,no gap to the season anchor
1631064,Chloe Bibby,MIN,,2026-27,9,11.8,4.982539338048361,2.713957808733833,2.116599113936602,1.152898211833766,0.54469370427427,0.016976845970014,45.1,4.9,1.0,0.9,20.0,98.6,101.7,-3.1,1.02,51.3,-1.92,37.4,0.17,31.6,-6.8,11.6,23.0,8.0,5.8,0.4145,False,-0.40046828679040597,-0.2930605890645995,0.40609402366392416,-0.4562968587445476,-1.1951661461330736,-0.00844916371841435,-0.08575996701505201,-0.018777729760560333,0.0298029858688415,0.0,0.5489999999999999,-0.5440856337454045,-0.2799747814361324,0.0,0.3244856337454045,UNDER,no gap to the season anchor
1628317,Karlie Samuelson,PDX,F,2026-27,32,16.1,8.16247129006808,7.68826783163909,2.323033753338467,2.188075772999746,0.941904425562146,0.0151904034918,62.6,4.8,1.5,0.9,13.2,102.3,111.9,-9.6,0.76,52.9,-5.79,80.9,-0.07,49.4,-7.9,11.7,35.8,4.1,4.8,0.7745,False,-0.9602009604627081,-1.5503887276034465,0.013443172453276577,-0.7223666702468202,0.15931832183411945,0.7881526708476094,0.42290330739127174,0.28821094085738247,0.4215240495003219,0.0,0.374,0.4689591479931674,-0.5570432571098661,0.0,0.3193591479931674,OVER,"role shrinking, minutes up L5"
1643487,Quionche Carter,PHX,,2026-27,13,6.2,,,,,,,,1.2,0.7000000000000001,0.5,14.8,99.0,111.2,-12.2,-0.28,44.0,-2.94,36.1,-0.19,38.7,,9.6,105.6,-2.4,7.1,0.3495,True,0.24451844826801977,-0.6939185494697989,-0.1762818195247552,-0.13675468760684067,,0.10269827221319934,0.07056719137990879,0.06140728206790947,0.028760080448254517,0.0,0.5,0.5051115040159256,-1.0515422999180712,0.0,0.3051115040159256,OVER,LOW SAMPLE
1643444,Ta'Niya Latson,LVA,,2026-27,19,5.7,0.379085937703936,0.13002639332059,0.169891706004455,0.058272817822363,0.342999780229621,0.0,39.6,3.1,0.8,0.4,25.1,96.2,113.6,-17.4,-0.76,51.1,-0.52,39.1,-0.33,21.2,-5.3,18.9,122.8,2.7,1.7000000000000002,0.4193,True,-0.2517595796068769,0.5399174760158225,-0.29229428934744695,-0.1608195584190869,-1.8413611356346187,0.011450172966147755,0.9744956493095248,0.06336766601617544,-0.03214176168862073,0.0,0.604,0.5356865483221341,-0.29555222402544346,0.0,0.2940865483221341,OVER,"usage up L5, low projection confidence, LOW SAMPLE"
1642302,Isobel Borlase,ATL,F,2026-27,44,13.0,8.268456743947894,7.776519379902282,2.751192228583219,2.587508206906183,0.9405043311854192,0.000976305001731,61.8,4.8,1.5,1.0,16.9,106.8,107.7,-0.9,-1.02,53.5,-5.12,81.7,-0.05,43.0,-4.7,17.6,56.1,4.3,5.1,0.7922,False,-0.36162662230367115,-0.3730011747427855,-0.9251558802754002,-0.5143805139831493,-0.15891568143238383,0.3305736882144042,-0.011399676997540053,0.5671543191932917,0.38898772321344416,0.0,0.382,0.44443330841083406,-0.43876871405660095,0.0,0.291633308410834,OVER,no gap to the season anchor
1642292,Jacy Sheldon,CHI,G,2026-27,44,20.6,11.20835740933372,10.299479849711233,3.670683574287055,3.373030509943643,0.918910726484719,0.096096937344928,62.0,6.4,1.4,1.8,14.7,100.5,102.9,-2.4,-1.34,41.6,-5.25,96.1,0.02,51.7,-9.4,15.7,48.3,4.5,6.1,0.858,False,-1.3685572507628296,-0.9935071179038524,-1.148401641344243,-0.4953091278247093,0.24641105923499262,0.26413888689541204,0.5939197611653032,0.2771492792777936,0.37912904364415567,0.0,0.38,-0.44017861822082605,-0.1915801604574574,0.0,0.288178618220826,UNDER,role shrinking
1643488,Emma Cechova,MIN,,2026-27,3,17.3,,,,,,,,8.3,3.7,0.0,19.6,99.3,106.2,-6.9,-0.34,35.4,-0.53,31.1,-0.27,44.8,,16.8,131.3,22.5,3.8,0.2571,True,0.17983198211619997,-0.01599719217900334,-0.0836147438915352,0.2729647055194558,,-0.5129331924150429,,-0.44085255458524203,-0.06946466633504136,0.0,0.5,-0.5325208020944849,0.11043714131299305,0.11043714131299305,0.2773022314379884,UNDER,LOW SAMPLE
1631263,Nikolina Milic,TOR,C,2026-27,7,9.0,,,,,,,,3.0,1.3,0.4,18.6,103.7,113.1,-9.4,0.7000000000000001,38.7,-1.61,32.6,-0.24,30.3,,12.9,63.2,-2.9,0.0,0.2958,True,0.20691731688091294,-0.23543269313001644,0.09605654275380755,-0.15783007129423185,,0.06533163742779395,0.10254853194266234,0.09553955084982976,0.042499483443350805,0.0,0.5,0.4751390511029326,-0.5917893873621312,0.0,0.2751390511029326,OVER,LOW SAMPLE
1628242,Emma Cannon,LAS,C,2026-27,18,7.4,6.146583862616535,4.985950074453645,2.306608755981272,1.871061447410977,0.811174171848227,0.012943890367116,56.7,3.9,1.4,0.3,21.0,101.2,103.8,-2.6,0.77,57.1,-0.92,43.8,-0.16,36.0,-1.3,11.4,87.8,8.7,-0.7000000000000001,0.4703,True,0.18500132463411886,-0.2550624555454851,0.26127392852844744,-0.18458910369273077,-0.6368170991640365,0.05902700476128065,-0.9070450824065922,-0.06750172384800063,0.08629738366426956,0.0,0.433,-0.44360763914795126,-0.4450792792439149,0.0,0.27040763914795124,UNDER,"usage down L5, LOW SAMPLE"
1631009,Rhyne Howard,ATL,F,2026-27,43,34.2,31.750407291129687,31.750407291129687,19.25700217683803,19.25700217683803,1.0,1.0,77.0,17.7,3.8,3.7,21.0,106.9,100.6,6.3,0.94,39.3,5.01,96.9,0.32,83.3,-2.4,23.5,39.0,-0.6000000000000001,14.3,0.9074,False,0.0917240117724788,1.0318805104040802,1.806290229396138,1.7482187774738436,2.1572546200866682,0.08078807255481561,-0.2578320679126872,-0.7986815499686095,-0.8759650777871507,0.10844956450624123,0.23,-1.0923433071505158,1.4156430886243552,1.4156430886243552,0.2654093717117778,UNDER,"PRA below anchor, scoring cooled L5, heavily bet — priced efficiently"
1629481,Arike Ogunbowale,DAL,F,2026-27,44,30.1,29.630051798857863,29.630051798857863,17.27376286269164,17.27376286269164,1.0,0.5448866982828701,67.0,15.3,3.0,3.3,23.0,107.2,104.3,2.9,-0.3,38.0,0.92,97.0,0.05,73.8,-0.5,24.4,49.8,-6.6,5.3,0.8983,False,0.5252662521992398,1.4793969946338077,0.22726979098959899,1.534555981663659,1.4140705524212807,0.44537204842301265,-0.2998854308156028,0.4886585459989004,0.34484774780782923,1.2550106497266524,0.33,1.309372938905053,1.2418858126704386,1.2418858126704386,0.2426773701381706,OVER,"heavily bet — priced efficiently, volatile game-to-game"
1641695,Ashten Prechtel,GSV,,2026-27,6,7.3,,,,,,,,1.8,1.8,0.5,17.4,83.8,87.4,-3.6,-0.28,33.0,-0.89,31.1,-0.22,27.4,,8.7,44.4,1.0,13.1,0.226,True,0.15810886825796427,-0.36384074569991276,-0.06147133160845012,-0.21022301017225853,,-0.07815560639477867,-0.5741193254994333,-0.026886345392201957,-0.06237623399287236,0.0,0.5,-0.4402007282105621,-0.8063547282395994,0.0,0.2402007282105621,UNDER,LOW SAMPLE
1642798,Dominique Malonga,SEA,C,2026-27,35,26.5,25.270146450069657,23.903623378978796,17.52782251392587,16.57997783488565,0.945923420990419,1.0,72.3,17.1,8.8,1.7000000000000002,29.4,100.6,106.8,-6.2,0.52,42.7,2.06,93.2,0.08,80.1,-1.2,22.1,66.2,-3.9,15.1,0.8608,False,0.3435348864829317,2.2031164826730665,0.8877330608068688,1.6544327595980457,1.8659999143981891,0.5330459747079117,-0.28338322574457586,0.4259999558255334,1.1271168099142828,2.7111871737566773,0.277,1.8328613673618939,1.6225816089739877,1.6225816089739877,0.23297376943573078,OVER,"PRA above anchor, heavily bet — priced efficiently, volatile game-to-game"
1643443,Awa Fam,SEA,F,2026-27,37,27.6,24.06244776486188,23.367075678506563,8.904764413975828,8.64742880666113,0.9711013570543412,0.424324304976331,63.3,10.3,5.9,1.8,17.1,99.9,104.6,-4.7,0.09,55.2,-2.33,91.2,0.0,70.6,-3.5,14.1,33.8,-1.3,9.3,0.8719,False,-0.14363798859911017,-0.8005244043647715,0.050804991396911935,0.1262029565188129,1.1535455453502963,0.18280933760731044,0.4197164393710586,0.260235419837574,0.28511691713840054,0.40679476041220897,0.36700000000000005,0.713646272256448,0.4661916327766276,0.4661916327766276,0.232051765765082,OVER,no gap to the season anchor
1628899,Myisha Hines-Allen,IND,F,2026-27,38,13.8,9.561531428552776,6.999504252810543,2.759142716123287,2.019826146044402,0.732048449049545,0.057296542984335,53.5,3.8,3.3,1.5,14.8,106.9,103.1,3.8,-0.7000000000000001,28.2,-2.6,80.8,-0.07,41.1,-4.2,19.5,84.8,12.8,9.4,0.7776,False,-0.2612576434938566,-0.47529898420812483,-0.49014483150558336,-0.2708072807970698,-0.5011495962556776,0.30045924626818304,0.09501167175154376,0.2893556525886729,0.2694863968413698,0.0,0.465,0.41251569341500083,-0.6029881339249538,0.0,0.2265156934150008,OVER,no gap to the season anchor
1642792,Kiki Iriafen,WAS,F,2026-27,41,28.1,28.738068957878443,28.524271623372226,16.718230920636852,16.593855367995147,0.992560483628194,0.9687397209320112,75.1,15.3,9.6,1.5,23.9,104.4,101.4,3.0,0.41,41.9,0.38,94.1,0.02,85.6,0.6000000000000001,20.6,95.8,6.5,8.4,0.8848,False,0.7569247204541536,1.1438142958616249,0.5888114733271179,1.8545171328717769,2.2043987492847976,0.18550878044587352,-0.10216452975651476,0.04682129158329801,0.30143039137006666,1.5652852612647432,0.24900000000000005,1.2819229439956965,1.222793651222699,1.222793651222699,0.17960480306816123,OVER,"role expanding, heavily bet — priced efficiently, volatile game-to-game"
1631136,Pauline Astier,NYL,G,2026-27,44,23.3,16.9515915330776,15.397401893741677,6.19845732133313,5.630157989091441,0.908316004647514,1.0,72.9,9.3,2.7,3.3,17.2,109.2,104.2,5.0,0.24,55.5,1.81,91.2,0.04,76.6,-6.3,25.8,82.2,5.8,5.2,0.8724,False,-0.742816439465392,0.6325002199159319,0.6543307552408743,0.1731707363537236,1.7238477561774712,0.4472137442587479,0.3127496586951213,0.4745680139591464,0.5371742705272811,0.22672707531601838,0.27099999999999996,0.468096562322978,0.24719288348845161,0.24719288348845161,0.17941835174974763,OVER,no gap to the season anchor
1643527,Jordan Harrison,PDX,G,2026-27,16,13.9,5.617290604077789,4.006808537095955,2.141243035669624,1.527346808279797,0.713299136453305,0.041035600380329,53.0,5.1,1.8,4.2,21.2,103.0,113.3,-10.3,-0.74,60.4,4.6,56.5,-0.11,40.6,-8.3,39.1,81.3,5.5,6.4,0.5972,False,-0.7907615924616465,1.995169775812526,0.13758205011045302,-0.2913924658625504,-0.5394558709060271,0.6144333119767745,0.20035444513977507,0.17824270932583108,0.6207404457543094,0.2972401228360033,0.47,0.4347471420131031,-0.11027792389628649,0.0,0.17243711130410228,OVER,role shrinking
1629524,Bridget Carleton,PDX,G,2026-27,40,30.9,29.041980630868824,29.041980630868824,15.113476109772233,15.113476109772233,1.0,1.0,76.1,14.6,4.5,2.1,20.5,107.3,108.7,-1.4,1.81,34.6,1.25,97.0,0.04,86.8,-1.9,18.5,28.2,-3.6,10.8,0.8918,False,0.21903436094931425,0.30938127569981894,1.6223960151413004,1.000863580177427,2.2901878687221378,-0.1407654332757435,-0.20686393125566443,-0.5002325763955676,-0.8005183582477413,0.528888798362278,0.23900000000000005,-0.9342921767726883,1.0700763208174153,1.0700763208174153,0.1714318167734111,UNDER,"PRA below anchor, heavily bet — priced efficiently"
1643494,Frieda Buhner,PDX,,2026-27,39,15.5,10.75192351439386,9.801224777016374,3.939181928584431,3.590874457759147,0.911578729507816,0.015497909655346,60.0,6.3,2.1,0.7000000000000001,18.4,101.1,111.5,-10.4,-1.28,65.4,-7.26,82.1,-0.2,47.8,-4.7,13.2,48.9,2.5,3.6,0.8012,False,-0.368947915738061,-0.6352165160301756,-1.44529953206988,-0.42159402449444294,0.006008544335506322,0.801825836131519,-0.3787747850013461,0.35716072216820527,0.16549070245547853,0.0,0.4,0.32066115594914046,-0.15615682488184468,0.0,0.16066115594914043,OVER,minutes up L5
1641660,Zia Cooke,SEA,G,2026-27,41,15.1,12.50913820036712,11.42784088971578,5.78145887196705,5.281706144819482,0.91355940806381,0.059223298726793,56.9,7.5,1.7000000000000002,1.1,26.2,98.4,105.4,-7.0,-2.93,65.1,-4.22,82.2,-0.17,49.5,-2.6,23.9,52.6,-7.8,3.8,0.805,False,0.053581936826774,1.7656149455523231,-2.0731736954974718,-0.14501434023016696,-0.011252675217279764,0.21619421508342454,0.16123279427835355,0.08212746725451872,0.13327077739314303,0.12123450971416919,0.431,0.563671562098133,0.4011340280789743,0.4011340280789743,0.1603959206301035,OVER,no gap to the season anchor
1631090,Christyn Williams,DAL,,2026-27,3,3.7,15.17534858385748,14.880424930747951,4.365109504117665,4.280276260646281,0.980565609318309,0.075006885451867,61.1,0.3,0.7000000000000001,0.3,18.1,104.2,98.3,5.9,-0.9,23.4,-0.96,29.6,0.04,33.2,11.5,11.1,50.0,-31.2,14.8,0.0689,True,0.241381740490884,-0.07868837713041132,-0.030233758077909793,-0.030567839357104158,-0.6300784071600318,0.01618562297560781,-0.0007723789921446826,0.020564308133873575,0.002826310307829591,0.0,0.389,0.3158152764365502,-0.9900903406696878,0.0,0.1602152764365502,OVER,LOW SAMPLE
1643457,Teonni Key,TOR,C,2026-27,39,11.1,0.0,0.0,0.0,0.0,0.7872193367558931,0.076950344400025,61.5,2.2,2.1,0.5,12.2,97.9,116.1,-18.2,-1.5,51.1,-8.91,79.2,-0.06,37.6,-11.1,15.8,84.3,14.9,10.9,0.7427,False,-1.494566830709139,-1.206960886176618,-1.5004147771994054,-0.6044661267400038,-0.4159019847069353,1.295377687352381,-0.24017265864030218,0.5681336930494961,0.9250192409984711,0.0,0.385,0.31127056272565634,-0.9698719920232932,0.0,0.15727056272565632,OVER,"role shrinking, minutes up L5, PRA above anchor"
1641657,Dorka Juhasz,MIN,,2026-27,21,15.2,6.949642146699336,6.237849816890261,1.996461030491363,1.791980624411548,0.8975785637902041,0.033245117918076,61.3,3.6,3.1,1.4,13.3,95.8,105.9,-10.1,-1.48,36.5,-3.99,75.4,0.13,45.7,-8.3,10.2,18.5,0.2,8.9,0.6803,False,-0.8954163382297096,-1.49036949957538,-0.7841248983640653,-0.7944752751995567,-0.05039683389647945,0.4632700373880082,0.23137078985476503,0.15293125089513854,0.7853873048030833,0.03399829066236812,0.387,0.3141873123295832,-0.6574815499490391,0.0,0.15088773966399113,OVER,"role shrinking, PRA above anchor"
1642801,Aaliyah Nye,LAS,,2026-27,20,2.8,0.0,0.0,0.0,0.0,0.407345343005857,0.0,42.9,1.0,0.3,0.2,15.6,121.9,108.7,13.2,-1.48,36.6,-4.28,35.9,0.05,17.5,-2.8,8.3,23.5,0.5,5.5,0.2718,True,0.004204450531335045,-0.5468978419263302,-0.3480939403187576,-0.39383884150466436,-1.9097196777247425,0.21892894617426337,0.0836479214055283,0.15455938866460528,0.024208308180477853,0.0,0.5710000000000001,0.3774758374258128,-1.1428758036069195,0.0,0.14907583742581276,OVER,"low projection confidence, LOW SAMPLE"
1629498,Jackie Young,LVA,G,2026-27,43,32.3,30.046631275684906,29.29695664070495,22.631887592440265,22.067213572444548,0.9750496277568852,1.0,75.8,18.9,4.4,6.8,24.6,114.7,100.7,14.0,4.01,55.3,9.31,97.1,0.2,84.0,-2.3,32.8,38.0,-8.2,6.5,0.9025,False,0.13449676273075967,2.816570794847738,4.193605852480343,2.237608240651022,2.1524969772239175,0.20441712346140767,0.28950107106569434,0.5353001097278899,0.5170019951928915,0.867490581434942,0.24200000000000002,1.265460888949273,1.6458800949791303,1.6458800949791303,0.12884819610097245,OVER,heavily bet — priced efficiently
1643479,Ndjakalenga Mwenentanda,LAS,,2026-27,7,6.4,,,,,,,,1.3,1.3,0.4,16.8,112.7,104.1,8.6,-0.14,33.3,-1.71,31.3,-0.67,28.3,,19.6,77.8,-7.6,1.5,0.23,True,0.16088848184580226,-0.0488637915288536,-0.18034187667753013,-0.1529020200282087,,0.15456650633457272,-0.0935250697303123,0.12793311475581778,0.008680520544643843,0.0,0.5,0.3266880636440444,-0.9095346893599826,0.0,0.1266880636440444,OVER,LOW SAMPLE
1630112,Tyasha Harris,IND,G,2026-27,39,13.6,8.362321807371982,7.713205256006651,2.016554427032384,1.860021482538213,0.9223760378615072,0.063773022632978,63.0,4.1,1.1,2.0,13.5,112.7,103.0,9.7,0.4,42.1,-2.36,81.1,0.01,42.7,-5.2,22.1,36.0,-4.1,4.4,0.7795,False,-0.4522279096669242,-0.39021768280979185,0.22694672994285284,-0.7653051126594687,-0.1358048982963513,0.09127073571980363,0.0499464294543745,0.11781561952858645,0.10933072981703333,0.0,0.37,-0.2688909226883743,-0.6759966278523541,0.0,0.12089092268837429,UNDER,no gap to the season anchor
1629478,Katie Lou Samuelson,SEA,F,2026-27,32,15.3,9.656619725690849,7.571017423303771,2.479285118142644,1.943817957008017,0.784023565012251,0.012277608222284,55.3,4.4,2.1,0.8,12.5,91.4,106.2,-14.8,-1.13,47.5,-5.25,81.9,0.02,39.5,-5.6,9.4,40.5,5.5,9.4,0.7655,False,-0.5199464402103753,-1.879807775840091,-0.907633278618215,-0.6564233622263519,-0.5192486998373143,-0.12297719940601815,0.4720513667790682,-0.015880339056602872,0.06527848782678142,0.0,0.447,-0.29653468686613743,-0.6567734949734527,0.0,0.11773468686613742,UNDER,no gap to the season anchor
1643454,Kara Dunn,PHX,,2026-27,4,15.0,,,,,,,,6.5,1.5,0.5,14.5,103.7,104.6,-0.9,-0.37,37.6,-1.38,31.4,-0.15,36.1,,8.0,21.0,3.7,0.9,0.2857,True,0.19987931290537167,-0.6471825143314488,-0.09203702929967679,-0.11148577734864869,,-0.00021287629799428108,-0.0032028379828702275,0.0010881911174723622,0.08170983212731109,0.0,0.5,0.3068085206582154,-0.41350474727778286,0.0,0.10680852065821539,OVER,LOW SAMPLE
1643462,Chance Gray,LAS,,2026-27,40,11.4,6.471992223090152,5.981291373358496,1.646281275942663,1.521461654231704,0.9241808653630672,0.02185160252823,62.7,3.1,1.1,1.0,12.9,94.6,108.8,-14.2,-1.89,52.5,-6.04,80.9,-0.14,40.7,-4.9,13.6,37.2,7.4,2.3,0.7525,False,-0.37959370732123193,-1.351300327728576,-1.521150276737746,-0.7757988497720736,-0.23678950924800818,0.3688660198206187,0.0178983901728949,0.44630214346832586,0.1728101745129174,0.0,0.373,0.2539767084054112,-0.8592316829532322,0.0,0.1047767084054112,OVER,no gap to the season anchor
1629490,Kitija Laksa,DAL,,2026-27,4,9.8,,,,,,,,3.0,1.8,0.0,24.4,88.7,98.3,-9.6,-0.49,31.7,-5.19,32.7,-0.07,26.4,,15.0,0.0,-12.5,0.8,0.2072,True,0.14494419519353594,0.1267383204590957,-0.16863419783974845,-0.24728451936573434,,0.09226436825509143,-0.0023225653871553663,0.06692481574681522,0.008498794712293015,0.0,0.5,0.2982171237124277,-0.18898413115130774,0.0,0.09821712371242769,OVER,LOW SAMPLE
204319,Jewell Loyd,LVA,G,2026-27,42,26.0,21.779474038780585,21.779474038780585,6.274246190671055,6.274246190671055,1.0,0.033017147879051,60.2,8.0,2.3,1.4,15.2,113.2,104.2,9.0,0.23,32.0,-5.39,97.1,-0.02,58.5,-4.2,13.1,25.0,0.0,6.4,0.8792,False,-0.2915554316095615,-1.2507575288270676,-0.22842794261952898,-0.33947460977608646,0.5031009863692915,-0.28184766876026485,0.5346204716616835,0.8021347212601663,0.20891228429421557,0.0,0.39799999999999996,0.32114254437484213,0.14430473465473306,0.14430473465473306,0.0897901770474756,OVER,scoring up L5
1643686,Nadia Fingall,GSV,,2026-27,10,3.3,0.0,0.0,0.0,0.0,0.140785850888449,0.033180029170116,31.6,1.1,0.5,0.2,11.5,61.6,90.7,-29.1,-0.45,29.6,-0.94,31.4,-0.23,11.5,-3.3,11.9,66.6,7.2,-0.2,0.1803,True,-0.019240324850365243,-0.41496913619767517,-0.07454931214619309,-0.1800989449368781,-2.5322623762016576,0.08991504372714126,0.22270707133280077,0.06267637341461371,0.07051463377209351,0.0,0.684,0.3411356526117086,-1.3806633714425882,0.0,0.06753565261170857,OVER,"low projection confidence, LOW SAMPLE"
1629479,Teaira McCowan,MIN,,2026-27,10,6.8,,,,,,,,1.4,2.4,0.3,14.1,110.3,85.5,24.8,0.47,35.3,-1.59,36.1,0.19,35.3,,10.8,66.7,-5.0,11.3,0.3119,True,0.21821686454806635,-0.6093461446006792,0.20120481039902985,-0.23833236442416644,,0.0618986503550266,-0.03213067938505297,0.05480201861329449,-0.06320726485954366,0.0,0.5,0.26464244265011694,-1.0613526492516432,0.0,0.06464244265011693,OVER,LOW SAMPLE
1642818,Maddy Westbeld,PHX,,2026-27,10,12.2,0.0,0.0,0.0,0.0,0.078738522889708,0.0,28.1,2.6,1.8,0.6000000000000001,14.7,97.9,111.6,-13.7,-1.71,53.9,-4.96,39.8,-0.15,19.9,-12.2,14.4,35.5,-6.7,7.1,0.4485,False,-1.0231820360477866,-0.6002923462651906,-0.790149504140254,-0.5936129226753393,-2.254400375623973,0.2576201079654346,0.3123272144454838,0.32109484941781874,0.26440292798725606,0.0,0.7190000000000001,-0.35153977445695284,-0.7431463004283585,0.0,0.06393977445695281,UNDER,"role shrinking, low projection confidence"
1642775,Alex Wilson,WAS,,2026-27,4,14.5,,,,,,,,3.0,1.8,0.8,13.6,87.1,101.4,-14.3,-0.36,37.3,-1.82,31.3,-0.08,32.5,,12.6,40.0,9.5,0.3,0.2788,True,0.1950745217297618,-0.5018913135975767,-0.08171368036062895,-0.2163460024046895,,-0.313902330093423,-0.08393415023219945,-0.046866087597236906,-0.10566033622648607,0.0,0.5,-0.2597146525464863,-0.7012664935220992,0.0,0.05971465254648628,UNDER,LOW SAMPLE
1631039,Miela Sowah,GSV,,2026-27,7,3.6,,,,,,,,0.3,0.7000000000000001,0.0,26.5,41.8,98.5,-56.7,-0.43,27.1,-1.48,30.2,-0.89,24.0,,31.9,10.0,5.6,-1.7000000000000002,0.1438,True,0.10062417464756725,0.4835035764545761,-0.17452358463013307,-0.22145860190619973,,0.018454724846401063,0.10709155328646608,0.04999279847080956,0.009009032640383139,0.0,0.5,0.2578863518496274,-0.45506574223508056,0.0,0.05788635184962737,OVER,LOW SAMPLE
1627701,Temi Fagbenle,TOR,C,2026-27,25,17.8,13.089364638530451,11.841465934943171,4.945269083113866,4.473802740160729,0.904663156841554,0.361613141326489,61.3,5.9,3.4,1.0,16.3,97.8,114.5,-16.7,-1.87,48.5,-7.53,80.3,-0.13,54.4,-4.7,11.8,77.9,10.9,5.9,0.7479,False,-0.3375646207893887,-1.04055342737377,-1.6372872235591216,-0.041518250371054416,0.34878396704739767,-0.14323290786802373,0.5760425270413982,0.11303337785221974,0.34689138612881204,0.28992798913430906,0.387,0.2813967245202764,-0.2266149660660708,0.0,0.054114727236699134,OVER,no gap to the season anchor
1642293,Alissa Pili,LAS,,2026-27,5,7.8,8.81862056879909,2.470852860880436,2.928584707646451,0.820548049070256,0.280185868255006,0.0,30.0,2.0,2.2,0.8,17.2,89.4,102.5,-13.1,-0.67,31.8,-2.5700000000000003,31.6,-0.13,20.4,1.0,14.8,41.7,-5.8,1.9,0.2063,True,0.19571242285676904,-0.1654318364213398,-0.1387286970249495,-0.15889466399023125,-2.173072522909131,0.023002108030536136,0.0955279903134554,0.026119725569737948,-0.025942428292040846,0.0,0.7,0.3274526334047565,-0.7879311112636694,0.0,0.04745263340475653,OVER,"low projection confidence, LOW SAMPLE"
1642777,Monique Akoa Makani,PHX,G,2026-27,30,21.8,16.549066760668953,12.84426048698663,4.67030662045036,3.624774475484551,0.7761320123206411,0.330314454212081,56.6,7.6,1.8,2.2,18.7,96.6,102.1,-5.5,0.67,34.8,-3.8,84.4,-0.1,56.6,-5.3,18.6,50.8,-5.9,6.8,0.8134,False,-0.4745233356843828,0.01170794582174748,0.14354225909006396,-0.312654782005996,0.30529665504822245,0.3097488185276226,-0.06654423412266956,-0.2965011085383209,0.06989121830234402,0.28525766304340733,0.434,-0.3754346911562419,0.18340022584568927,0.18340022584568927,0.038820162472545425,UNDER,no gap to the season anchor
1629496,Ezi Magbegor,SEA,C,2026-27,14,20.4,21.647408907941,19.905950151428463,7.617891342824471,7.005058479476277,0.91955347802047,0.7216732644126901,70.3,6.9,4.0,1.8,17.2,96.3,102.8,-6.5,0.86,44.6,-1.59,66.6,0.23,65.6,1.2,12.0,54.8,1.6,12.9,0.6556,False,0.6585003156091761,-0.7804405089338643,0.638481516259477,0.09786933948402851,1.1392391822567376,-0.19362199749696582,-0.6569347608359549,-0.3516801462487138,0.33664323193813894,0.10760856838189171,0.29700000000000004,0.18365852317141643,-0.008769136470575145,0.0,0.037956381075943485,—,no gap to the season anchor
1641648,Aliyah Boston,IND,C,2026-27,40,27.1,30.03343140564228,29.482205333847084,17.430604193072206,17.11068725289337,0.981646250661466,0.392722846505183,62.6,16.1,8.0,3.0,24.9,113.1,103.8,9.3,2.78,44.6,6.4,97.0,0.24,70.3,2.9,23.3,66.0,-0.5,17.2,0.8784,False,1.244131137497067,1.6338495190797984,3.0035045743355315,1.672280534540186,1.118269901113089,-0.12387475331994055,-1.0401083475848822,-1.0319944512096206,-1.4758742717860034,1.386169132897704,0.374,-1.1823003952725613,1.2967176977720618,1.2967176977720618,0.03779926316210436,UNDER,"role expanding, usage down L5, PRA below anchor, scoring cooled L5, heavily bet — priced efficiently, volatile game-to-game"
203405,Kayla Alexander,TOR,,2026-27,4,10.0,,,,,,,,2.3,2.8,0.5,14.1,91.7,131.3,-39.6,0.23,32.1,-0.75,30.8,-0.2,23.8,,15.3,100.0,-7.2,8.0,0.2105,True,0.14727949371974755,-0.2797709419301867,0.02940931124099313,-0.056036794843594286,,0.03409880503305115,-0.0023599858821149043,0.04215644890562901,0.008635724809698379,0.0,0.5,0.23303115514744574,-0.8842175247613868,0.0,0.03303115514744573,—,LOW SAMPLE
204329,Kiah Stokes,GSV,C,2026-27,43,22.3,17.72049713994167,15.709810839593938,1.909474358187333,1.69281260752918,0.8865333018329551,0.278940262448276,65.4,3.6,5.8,1.3,8.7,98.8,92.4,6.4,-1.44,34.4,-3.89,94.5,0.15,56.2,-4.6,9.1,40.0,4.2,17.7,0.8647,False,-0.36259152496341346,-2.7919443388235896,-0.940800175627999,-0.8282735416962355,0.557364862608894,0.4384496960105442,-0.14811546062459965,0.10945780679923746,0.2919255193354282,0.0,0.3459999999999999,0.16936153867834727,-0.6798361284723194,0.0,0.030961538678347306,—,no gap to the season anchor
1643439,Tonie Morgan,LAS,G,2026-27,12,16.5,8.932924948998785,8.371642638634029,3.250092126630941,3.045879147326981,0.9371670182421412,0.126962310799413,61.7,5.7,1.3,2.7,16.1,93.3,105.1,-11.8,-0.56,65.4,-2.51,51.4,-0.13,49.1,-7.6,28.8,85.1,9.9,8.4,0.569,False,-0.6538843736595019,0.5289857534200363,-0.33256100282357,-0.14975804613308324,0.11789673787341311,0.4784323460417562,-0.043965101931747685,0.3654014184949697,0.4357922607523203,0.0,0.38299999999999995,0.17298475004582853,-0.3014299894457902,0.0,0.019784750045828525,—,no gap to the season anchor
1631006,Kierstan Bell,LVA,,2026-27,28,9.8,2.508810061904212,1.392569743397314,0.658709592688549,0.365631126242934,0.55507181055402,0.0,47.8,1.9,1.4,0.6000000000000001,14.4,106.2,106.2,0.0,-0.74,45.1,-7.85,68.1,0.13,27.8,-7.3,9.4,11.6,-0.6000000000000001,7.9,0.6466,True,-0.6994779102973809,-1.3513554811542365,-0.721297393822686,-0.9459813143758807,-1.2865507924620143,-0.46120528883280526,2.030447162857079,0.0024625323968436776,-0.23459183533456468,0.0,0.522,0.22688326016321222,-0.8967487087730711,0.0,0.01808326016321221,—,"usage up L5, LOW SAMPLE"
1628915,Kia Nurse,TOR,G,2026-27,43,14.3,5.789802350928389,5.266218456835848,2.810149617713188,2.556021930679276,0.90956791573229,0.015673661836959,58.8,5.5,1.2,1.0,17.8,98.5,115.0,-16.5,-2.41,45.9,-6.23,85.0,-0.04,42.0,-8.5,15.5,37.7,2.1,3.3,0.8039,False,-1.1091192744597222,-0.4735589735465243,-1.8583165406136068,-0.6684860690844328,-0.2969876279680721,0.9826970895867857,-0.008872905950587835,0.23993107310991474,0.07720496519372395,0.07669274007810334,0.41200000000000003,-0.1941913601642494,-0.2889311696507858,0.0,0.010218175144723535,—,"role shrinking, minutes up L5"
1641650,Haley Jones,PDX,,2026-27,10,8.0,8.250863353875118,1.038678135457515,2.103672093608457,0.26482540239586,0.125887206090946,0.0,22.7,3.2,1.7000000000000002,0.9,19.2,100.5,113.3,-12.8,-1.8,43.3,-2.62,39.2,-0.27,16.2,0.3,20.9,65.2,-9.3,5.6,0.3478,True,0.264650397818804,0.1495127448165495,-0.5769024115696748,-0.23036687508365858,-2.5901072956863,-0.05880706054267591,-0.48724070357017785,-0.09262216286987845,-0.1489824263646589,0.0,0.773,-0.3190651087526737,-0.5796660523561026,0.0,0.009865108752673657,UNDER,"low projection confidence, LOW SAMPLE"
1631044,Naz Hillmon,ATL,F,2026-27,43,28.7,25.78386857881428,25.724411890530288,7.680052603108307,7.662342673652537,0.997694035396502,1.0,76.0,9.1,4.6,1.6,13.7,109.8,101.9,7.9,1.37,46.1,-5.71,94.1,0.02,81.4,-2.9,10.9,57.3,15.2,6.3,0.8916,False,-0.011508656687229269,-1.7980477229132157,0.5108424110805028,0.1656180988264897,2.0393475051710857,-0.15825169027657404,0.44378828572132,0.13475551387616116,-0.018614012895889893,0.1276839230472113,0.24,0.2432382591508309,0.21805364777439973,0.21805364777439973,0.006290454501828198,—,no gap to the season anchor
1630108,Mariella Fasoula,TOR,,2026-27,3,5.0,,,,,,,,1.3,1.0,0.3,18.4,100.1,133.2,-33.1,-0.26,24.6,-1.25,29.7,0.04,17.3,,9.3,60.0,4.4,27.8,0.0909,True,0.06359796319716372,-0.12128556493273057,-0.0009956074247592884,-0.07733741577016727,,0.011153948766937255,0.11440677954017779,0.018203921118339794,0.005039034748570404,0.0,0.5,0.1962820151963056,-0.8606730108339887,0.0,-0.003717984803694424,—,LOW SAMPLE
1642210,Julie Vanloo,NYL,,2026-27,5,16.2,,,,,,,,5.8,2.0,5.4,16.3,114.8,93.8,21.0,-1.59,35.4,-0.61,37.4,0.02,38.4,,26.6,35.3,6.6,2.2,0.3506,False,0.24530642947477435,0.232435883182539,-0.3218180905733221,-0.12542568703565166,,0.15123145154068088,-0.003930755706249825,0.11326488495926015,0.014383528660309314,1.2396782572945726,0.5,0.49978997790506474,-0.29410061292727424,0.0,-0.010129586418578418,OVER,volatile game-to-game
1642788,Bree Hall,IND,,2026-27,5,5.4,7.353503112857894,0.050715646288279,1.913721930196296,0.013198558974735,0.006896800818592,0.0,19.0,3.2,1.2,0.2,22.7,102.5,92.3,10.2,-6.64,28.1,-0.21,30.3,-0.09,10.1,2.0,17.3,50.0,-11.0,0.6000000000000001,0.1525,True,0.1795222520662432,0.09210013702958766,-0.7113067050715095,-0.13007513116317693,-2.9836925697385768,0.014864438384805934,0.054408725507324555,-0.010655733792251593,0.044409772385730656,0.0,0.81,0.310024570556494,-0.4550147011177215,0.0,-0.013975429443506049,OVER,"low projection confidence, LOW SAMPLE"
1642767,Janelle Salaun,GSV,,2026-27,40,22.0,17.439631857443146,16.047337612809244,11.251865236234169,10.353571778100246,0.920164929167373,0.074179193334287,53.6,12.7,4.0,1.2,23.8,110.4,102.0,8.4,0.28,38.4,0.27,93.3,0.02,54.6,-4.6,16.8,40.7,-1.8,6.0,0.8544,False,-0.35425241048951583,0.6374165781358495,0.47557078242521555,0.5198433724241791,0.12134185782932987,0.2126843467915664,-0.0875672851347955,-0.24848724566384145,-0.23733914823675173,0.017169124763704077,0.46399999999999997,-0.5879839124272044,0.8254452662485426,0.8254452662485426,-0.014631001887992948,UNDER,heavily bet — priced efficiently
1642769,Mai Yamamoto,LVA,,2026-27,14,15.2,12.640751033965392,11.529266993031133,3.979077932712952,3.6292030235433552,0.9120713604794732,0.048692172045462,57.8,5.1,1.1,1.4,15.8,111.7,98.4,13.3,0.09,63.7,0.34,55.2,0.0,50.1,-2.6,19.9,21.0,-2.6,6.5,0.5865,False,0.04357354104744175,-0.21308371572843487,0.23753511002631328,-0.47561596610925827,0.043933763948388035,0.3549946071582157,-0.35518320830266226,-0.08417986662856634,0.09612439653695198,0.0,0.42200000000000004,0.1534109197628655,-0.406753701699861,0.0,-0.015389080237134534,—,no gap to the season anchor
1630469,Marine Fauthoux,NYL,,2026-27,21,12.3,9.158321387347648,8.345940662739416,2.909392969768772,2.65131786309954,0.9112958925278,0.0,58.4,4.4,2.0,1.9,17.8,105.5,104.8,0.7000000000000001,-0.44,64.9,-0.91,64.5,-0.13,47.4,-3.1,27.7,75.0,6.4,2.8,0.6326,False,-0.04302748162295019,0.6985588701644965,-0.1831172869310973,-0.2691966948167547,-0.061512113725766836,-0.287984694779149,0.3486879699140085,0.35968275073326306,0.10115619521472916,0.14580971643053112,0.41600000000000004,0.186622967926043,-0.4320164210825094,0.0,-0.016229461181589806,—,no gap to the season anchor
1642811,Shyanne Sellers,LAS,,2026-27,2,10.5,,,,,,,,2.0,1.0,1.0,14.5,107.5,93.7,13.8,-0.15,26.3,-1.17,30.0,0.09,22.6,,9.4,66.6,0.1,12.1,0.1228,True,0.08591303800318607,-0.2543118418876157,0.016681688513736487,-0.08166500514642398,,0.052965401156872635,-0.0013766584312336944,0.03966846848150826,0.0050375061389907215,0.0,0.5,0.17504015470489268,-0.8574205020061555,0.0,-0.024959845295107336,—,LOW SAMPLE
1629581,Emese Hof,MIN,,2026-27,3,7.0,,,,,,,,2.3,1.7000000000000002,0.7000000000000001,22.8,76.7,112.2,-35.5,-0.34,26.1,-0.51,30.0,-0.53,18.5,,14.1,83.3,-2.3,-3.8,0.1228,True,0.08591303800318607,0.021966116158454157,-0.07563883600617807,-0.054102609451089786,,0.050668565632271276,-0.0013766584312336944,0.040673615589501035,0.0050375061389907215,0.0,0.5,0.17314537802348845,-0.4413480269178665,0.0,-0.02685462197651156,—,LOW SAMPLE
1627674,Kahleah Copper,PHX,G,2026-27,40,33.0,31.12623230490684,31.12623230490684,23.742082366491108,23.742082366491108,1.0,1.0,75.6,21.5,3.7,1.9,29.4,103.4,108.0,-4.6,-0.21,43.5,-0.84,96.4,-0.12,87.6,-1.9,23.1,71.5,-0.8,4.7,0.898,False,0.21709823075315132,2.4228835418858656,-0.09141133472925231,2.706738745425231,2.3115292999599535,-1.3106286685535065,0.6450966182188899,-0.7462380249377256,-0.8054249869147037,1.3937624628019143,0.24400000000000005,-1.4848851150162568,2.1373017623891983,2.1373017623891983,-0.02980638187882101,UNDER,"minutes down L5, PRA below anchor, heavily bet — priced efficiently, volatile game-to-game"
1630993,Anneli Maley,PHX,,2026-27,11,7.5,5.576215344741302,3.743633779109216,1.032046074097227,0.692871832546968,0.6713574615872181,0.032535777875502,52.2,0.7000000000000001,1.1,0.4,9.9,113.3,98.8,14.5,2.25,44.5,-3.91,35.4,-0.13,39.2,-1.9,5.4,73.3,3.8,7.9,0.3548,True,0.08145254047042914,-1.2459405937563293,0.45332676082346524,-0.26845395265364375,-0.6282756207565086,-0.045060609729509364,0.07571460922786183,0.08847965256913622,0.008803119842828293,0.0,0.478,0.15991436957274668,-1.346059743235067,0.0,-0.031285630427253325,—,LOW SAMPLE
203024,Damiris Dantas,IND,,2026-27,12,8.3,,,,,,,,3.3,1.5,0.3,18.6,107.6,115.7,-8.1,-0.02,49.4,-2.34,40.0,-0.37,41.3,,10.6,50.0,5.8,2.6,0.399,True,0.279158367302935,-0.4450142931429602,-0.17571209402888965,-0.24795600577475857,,-0.2924791614633761,,-0.19444245977846422,-0.15074152939852092,0.0,0.5,-0.16339640459998261,-0.6006089052546956,0.0,-0.0366035954000174,—,LOW SAMPLE
1643440,Darianna Littlepage-Buggs,WAS,,2026-27,4,1.8,,,,,,,,1.3,0.3,0.0,20.8,97.0,129.0,-32.0,-0.26,22.2,-1.06,29.6,-0.06,18.4,,9.4,33.3,1.5,0.2,0.0458,True,0.03204172191612829,-0.03931495529327217,-0.0045372617751837825,-0.05173295322035526,,0.015770457645449196,0.1068894600947037,0.011420690754933613,0.011058566680232208,0.0,0.5,0.15904462300547212,-0.8296357847402326,0.0,-0.04095537699452789,—,LOW SAMPLE
1629488,Brianna Turner,LVA,C,2026-27,41,13.3,6.88340532485357,6.423408887596893,0.12145554165348,0.113339047882009,0.933173129352736,0.009629933952614,64.5,1.6,2.3,0.2,7.1,105.0,99.4,5.6,-0.12,52.3,-10.0,79.5,0.04,42.7,-6.4,4.4,73.2,12.0,9.8,0.7843,False,-0.6808679504518862,-3.285249130233641,-0.8198102319154656,-0.7133276055541186,-0.0897103503701093,0.6550738794799784,0.12024561723264601,0.17630094082410225,0.10074702423542559,0.0,0.355,0.09639646051521676,-1.2486704709341316,0.0,-0.045603539484783226,—,no gap to the season anchor
1628278,Shatori Walker-Kimbrough,IND,,2026-27,15,3.1,0.0,0.0,0.0,0.0,0.346621373837255,0.010770905148758,40.4,1.1,0.4,0.5,15.8,103.8,118.9,-15.1,-0.35,33.6,-2.83,36.7,-0.16,16.3,-3.1,19.1,90.0,0.2,7.7,0.2366,True,-0.013685259881566663,-0.1122437023553176,-0.12001150908752743,-0.1785213371811966,-2.041603345088324,0.08148069783482084,0.04596144843686534,0.05900690223382366,0.06730505647066672,0.0,0.596,0.18493767604187256,-1.11249808616373,0.0,-0.053462323958127445,—,"low projection confidence, LOW SAMPLE"
1629539,Amy Okonkwo,PDX,,2026-27,5,10.0,16.067228533064046,1.480727295765051,6.965930062916863,0.6419677645914661,0.092158227084274,0.0,15.6,5.2,1.2,0.2,22.4,92.0,115.2,-23.2,1.22,35.1,0.4,31.6,-0.06,17.0,6.1,14.9,45.5,13.7,13.4,0.25,False,0.5454889644566372,0.053230637149019155,0.29174891824198207,-0.014157463402920352,-2.7715818753239487,-0.043670285031858457,-1.1245666105962309,-0.0542950256008136,0.0971633623341412,0.0,0.8440000000000001,-0.2840942989469955,-0.17708787999858353,0.0,-0.05350570105300456,UNDER,"usage down L5, low projection confidence"
1642307,Mackenzie Holmes,SEA,,2026-27,29,10.0,0.0,0.0,0.0,0.0,0.52542697288907,0.014811801587391,48.5,2.8,2.9,0.6000000000000001,11.5,87.6,103.4,-15.8,2.03,67.6,-2.25,70.6,0.02,31.8,-10.0,11.1,76.8,6.4,13.3,0.6591,False,-1.1492415106168543,-1.589878165525821,0.9901319188071053,-0.5880580419948894,-1.0815086006969508,0.2898061987574195,0.8472896422176098,0.3099971605556807,0.463479594223798,0.0,0.515,0.14886910121466318,-1.0208923563951453,0.0,-0.05713089878533684,—,"role shrinking, usage up L5"
204335,Betnijah Laney-Hamilton,WAS,F,2026-27,30,16.2,13.93012397501939,13.050369208623028,3.398597362994422,3.183959486510463,0.936845158882002,0.039487333466136,61.7,4.5,1.9,1.9,15.4,110.2,100.1,10.1,1.98,52.3,-5.42,81.5,-0.07,49.9,-2.3,20.0,41.9,-8.3,4.7,0.7642,False,0.11079359075165564,-0.3258225011850143,0.7280583502826292,-0.526887960480097,0.1546030184199764,0.19451324832861572,-0.5658940154519683,0.07796318819926495,0.046309145196976216,0.0,0.38299999999999995,-0.08299630720643482,-0.4301405117020725,0.0,-0.07020369279356518,—,no gap to the season anchor
1643461,Laura Ziegler,LAS,,2026-27,3,9.7,,,,,,,,2.7,1.3,1.0,12.4,105.5,119.6,-14.1,-0.34,28.7,-1.06,30.3,0.05,23.9,,8.2,75.0,7.0,7.8,0.1625,True,0.11366671144283699,-0.42919318286912084,-0.0053925948226230145,-0.07481615727854109,,-0.01789811956759524,-0.0018213793889186637,0.00859795078995567,0.00666484121619519,0.0,0.5,0.12605805703297646,-0.9807042896183836,0.0,-0.07394194296702356,—,LOW SAMPLE
1630384,Raquel Carrera,NYL,F,2026-27,24,6.5,3.940966986638627,2.512509247821802,0.8043219650548271,0.512784395879986,0.637536233198644,0.016084381827922,51.1,1.7000000000000002,1.2,0.5,10.6,108.7,105.7,3.0,-0.56,57.6,-3.5700000000000003,46.2,0.03,30.6,-2.6,11.2,108.7,15.0,4.6,0.5098,True,0.03789919869819842,-1.3109894905672794,-0.2761555695883531,-0.21662562912154043,-1.0566708051113098,0.2999651837342928,-0.6031296831539991,0.17719202894042307,0.2356446264516703,0.0,0.489,0.10395873555132071,-1.2793341017730586,0.0,-0.09164126444867929,—,LOW SAMPLE
1629501,Alanna Smith,DAL,C,2026-27,32,17.9,20.142104176896343,19.731234441926755,7.262164116141506,7.114026492609242,0.979601449214979,0.161905522586562,58.5,6.0,3.9,1.0,16.8,102.6,105.0,-2.4,1.06,23.6,-5.26,84.1,0.01,51.7,2.2,11.5,61.6,8.9,9.9,0.7925,False,0.9885163978122644,-1.0593110053237826,0.31271796473973945,0.1275196350657406,0.1388571140737613,-0.24959131315422936,-0.658387361897353,0.10031148788895661,-0.2609998461413557,0.5110891197310193,0.415,0.19527383254316827,-0.18467481505293723,0.0,-0.09849844738958657,—,role expanding
1630115,Joyner Holmes,SEA,,2026-27,1,15.0,,,,,,,,2.0,5.0,1.0,17.3,67.5,73.1,-5.6,-1.57,24.4,-2.25,30.5,0.59,26.2,,8.5,50.0,9.5,28.1,0.0909,True,0.06359796319716372,-0.15062500228790393,-0.04302909877747616,-0.07621066844045439,,-0.1520705186436939,,-0.01527922605050984,-0.018727595800810223,0.0,0.5,-0.09778310965799004,-0.5049359488748636,0.0,-0.10221689034200997,—,LOW SAMPLE
1642785,Sonia Citron,WAS,G,2026-27,40,33.0,30.272603223525397,30.272603223525397,15.56742648142767,15.56742648142767,1.0,0.958079319261852,76.1,16.8,3.8,4.4,21.3,105.5,100.2,5.3,2.49,48.7,3.54,94.2,0.1,89.5,-2.7,24.3,76.6,-0.8,8.5,0.898,False,0.029816901635373573,1.172648112957555,2.405556914386389,1.529631806634955,2.4140715655667893,-0.6480913947769105,-0.07561094055232738,-0.2832139326599197,-0.20239282199085282,1.220035192403826,0.23900000000000005,-0.9618998840401332,1.3345809810945128,1.3345809810945128,-0.10599940460807977,UNDER,"heavily bet — priced efficiently, volatile game-to-game"
1643437,Ashlon Jackson,CON,,2026-27,19,13.6,2.1846900973920462,1.795593741016578,0.5174025716435331,0.425252451291855,0.8218986039072781,0.027191097444415,60.6,3.4,1.3,0.8,12.6,83.0,106.7,-23.7,-1.13,56.8,-3.45,62.1,-0.06,42.0,-11.4,12.3,15.2,1.5,6.1,0.6327,False,-1.3220367761147402,-1.2869236806030528,-0.6594145976142104,-0.9168579537907124,-0.24167417045658157,0.9083419579100793,-0.46136745587568306,0.7015221659766322,0.9871668738630054,0.0,0.39399999999999996,0.049436198252267916,-0.7758961002547097,0.0,-0.10816380174773207,—,"role shrinking, minutes up L5, PRA above anchor"
1628886,Jordin Canada,ATL,G,2026-27,43,31.1,28.32891487548404,27.2529867865626,10.912169914413727,10.49772727961441,0.962020144659598,1.0,74.4,11.6,3.5,7.3,17.5,109.3,99.9,9.4,1.46,47.2,5.53,95.4,0.19,82.1,-2.8,31.9,77.8,2.3,10.6,0.8991,False,0.020258670919411446,1.4650972598574434,2.0587350387459846,0.8444343883519185,2.0222979828613368,0.105274359434584,0.030445941283230596,0.5112164866705053,0.02009824890771569,0.17671663283548836,0.25599999999999995,0.3770339208683842,0.7046048304817406,0.7046048304817406,-0.12184765258135816,OVER,no gap to the season anchor
1628931,Gabby Williams,GSV,G,2026-27,39,25.1,23.18802365331645,21.48353050547076,11.81634719109634,10.947757305174402,0.926492521599532,0.583703419308652,64.5,14.4,3.3,2.2,28.9,102.3,96.8,5.5,-0.48,39.0,2.87,95.2,0.04,69.7,-1.9,26.4,41.8,-8.2,11.9,0.8671,False,0.20154911818900192,2.653418651454579,0.31565083878168115,0.6192460044376707,1.1491266180764066,0.4712893338485506,-0.2341188672481314,0.23751141668000889,0.3537355506866543,0.8163765149932707,0.355,0.9098270232701009,1.3740948716768093,1.3740948716768093,-0.12331454131662142,OVER,heavily bet — priced efficiently
1642291,Angel Reese,ATL,C,2026-27,43,31.1,30.50756902315319,30.50756902315319,17.698555239460806,17.698555239460806,1.0,0.772000821049447,72.4,16.4,12.1,2.8,25.0,106.9,98.5,8.4,1.47,36.0,2.86,96.8,0.1,77.6,-0.6000000000000001,23.6,119.7,18.1,15.5,0.8991,False,0.4988747053829689,1.7270974527926974,1.6622702247749137,2.2560593242643048,1.7543657575519283,-0.083911861214091,0.06973867663275242,0.731995589652611,-0.09961163972623696,0.24272295189515675,0.27599999999999997,0.7821440024770543,1.4748585884154963,1.4748585884154963,-0.12636602970448307,OVER,heavily bet — priced efficiently
1642808,JJ Quinerly,DAL,,2026-27,2,6.5,,,,,,,,1.0,0.5,1.0,11.8,94.3,108.9,-14.6,-1.17,23.5,-1.15,31.3,-0.15,17.0,,26.1,0.0,-24.5,11.3,0.0798,True,0.055794532130027066,-0.021737890744807538,-0.06971691614021266,-0.12180683733182569,,-0.010575446733746595,-0.0008940437314146955,0.014011992128299943,0.01387986953118855,0.0,0.5,0.07302074060341364,-1.2445170770282343,0.0,-0.12697925939658639,—,LOW SAMPLE
1642794,Juste Jocyte,GSV,,2026-27,16,8.0,0.0,0.0,0.0,0.0,0.127955058832254,0.017028085212293,30.7,3.1,0.8,1.1,20.9,102.0,94.6,7.4,-0.08,55.7,-0.42,42.3,0.02,20.7,-8.0,16.7,23.9,-5.2,3.1,0.4604,True,-0.5778536521436345,0.08015027176030724,0.09447642531166359,-0.6651338875639026,-2.1377968786719235,0.35229225376015694,-0.0771368541613924,0.29569872802557834,0.513935750784631,0.0,0.693,0.1484264245277797,-0.47663324477522123,0.0,-0.1287735754722203,—,"low projection confidence, LOW SAMPLE"
1642803,Michelle Onyiah,IND,,2026-27,2,6.5,,,,,,,,2.0,2.5,0.0,22.0,108.2,46.2,62.0,-0.14,23.9,-1.19,29.6,-0.43,17.1,,9.9,266.7,34.0,-0.6000000000000001,0.0798,True,0.055794532130027066,-0.04450595228520748,-0.03556750152740633,0.11360098454137503,,-0.0019612566903299037,-0.0008940437314146955,0.006178715980822646,0.0032715092453918706,0.0,0.5,0.06948451394491223,-0.5299457612164321,0.0,-0.13051548605508778,—,LOW SAMPLE
1642826,Aubrey Griffin,NYL,,2026-27,4,1.8,,,,,,,,0.5,0.3,0.0,10.6,123.0,107.6,15.4,-0.26,22.3,-0.7000000000000001,29.6,-0.66,14.9,,24.8,0.0,-36.1,0.0,0.0458,True,0.03204172191612829,-0.03132533671239081,-0.033390173361390496,-0.07377281017993176,,0.020717420571145926,-0.0005134320430555327,0.014794565126145943,0.001878764557835144,0.0,0.5,0.06624584555852092,-1.5321602917612205,0.0,-0.1337541544414791,—,LOW SAMPLE
1642796,Rayah Marshall,CON,,2026-27,6,5.8,8.01802581578623,2.43928128234406,1.968515205779933,0.598870894879727,0.304224673053745,0.0,32.2,1.7000000000000002,1.5,0.7000000000000001,16.4,87.4,121.0,-33.6,-2.74,30.6,-0.31,30.6,-0.02,18.3,2.2,23.1,77.8,-29.2,7.1,0.1883,True,0.23378853203958633,0.03697187646239888,-0.33150139838083537,-0.10419177702943122,-2.2018211723853716,0.023104608160084313,-0.5273472690162166,0.019212669594720243,0.012164781510353965,0.0,0.6779999999999999,-0.12656919993450727,-0.9341496978739191,0.0,-0.14463080006549273,—,"low projection confidence, LOW SAMPLE"
1642810,Madison Scott,NYL,,2026-27,2,3.0,,,,,,,,2.0,0.0,0.5,21.8,186.3,120.0,66.3,0.71,21.6,-0.37,29.6,0.13,12.3,,23.3,100.0,-1.1,0.0,0.0385,True,0.02690683058341542,0.04858977218927391,0.03501350456741831,-0.012162937763851384,,0.01523930532554929,-0.00043115126692483836,0.012423641227725117,0.0015776804940795118,0.0,0.5,0.053471508359819314,-0.6772245591958069,0.0,-0.1465284916401807,—,LOW SAMPLE
1643453,Grace VanSlooten,SEA,,2026-27,19,4.9,0.0,0.0,0.0,0.0,0.100757482033198,0.0,29.1,1.8,0.6000000000000001,0.2,11.9,99.2,108.3,-9.1,-0.39,47.7,-1.67,37.3,0.06,13.7,-4.9,13.3,171.4,18.0,11.1,0.383,True,-0.19057238580894012,-0.7773899116303711,-0.05265372333675657,0.03659324121356261,-2.508144351242345,0.02657445722048386,0.12242678656849094,0.12370491960440731,-0.09667662309560703,0.0,0.7090000000000001,-0.13074279895653004,-1.2513770130380506,0.0,-0.15285720104346998,—,"low projection confidence, LOW SAMPLE"
1642786,Aicha Coulibaly,CHI,F,2026-27,30,13.5,9.281691251313402,7.812612561040423,3.490099637613497,2.937696970284748,0.841722952154317,0.047849464365041,58.4,5.2,2.6,0.6000000000000001,17.0,104.5,104.2,0.3,0.21,55.7,-5.43,79.8,0.06,43.6,-4.2,11.8,112.7,10.1,10.7,0.7297,False,-0.24158617288433973,-0.9169676342263133,-0.13815209821831073,0.047452954660673605,-0.235866946321943,-0.1888859842073809,0.7004940021919451,0.0206973074201178,-0.16104509211571172,0.0,0.41600000000000004,-0.011978895135743116,-0.3890530744116882,0.0,-0.1544211048642569,—,no gap to the season anchor
1627675,Courtney Williams,MIN,G,2026-27,43,29.9,30.53202200894058,30.22824401703124,13.012638312777897,12.88316922177106,0.9900505118258992,0.8604992913382591,73.7,13.8,4.8,4.3,22.3,112.3,101.1,11.2,-0.79,33.6,3.2,97.0,0.02,80.3,0.6000000000000001,27.5,17.1,-24.4,8.3,0.8955,False,0.7647722304250237,1.7395516093519061,0.14224022827811228,0.5873317796647664,1.918198062599323,-0.35239118054449536,0.029870884304588112,-0.7662009986759117,-1.092088853726822,0.585906231215,0.26299999999999996,-0.6440301775137305,1.0989464673820473,1.0989464673820473,-0.15711961398104313,UNDER,"role expanding, PRA below anchor, scoring cooled L5, heavily bet — priced efficiently"
1629574,Li Yueru,DAL,,2026-27,33,10.2,4.920274228629948,3.2708614880028,1.507578943846613,1.002196560276862,0.664772192771371,0.006922382808983,51.0,3.3,2.8,0.5,15.8,108.7,105.2,3.5,-0.59,51.1,-5.5,77.4,0.11,41.8,-5.3,11.6,104.9,10.1,7.2,0.6917,False,-0.4083981158215193,-1.048182470075994,-0.500747077632011,-0.24020189909672887,-0.5458558473211714,0.4011924632510529,-0.44319310480641355,0.20645655265392585,0.40668534365490533,0.0,0.49,-0.03733425165198183,-0.7072444885228025,0.0,-0.15866574834801817,—,no gap to the season anchor
1630138,Peyton Williams,PHX,,2026-27,1,6.0,,,,,,,,0.0,0.0,2.0,7.8,93.2,119.5,-26.3,-0.25,21.7,-1.08,29.6,1.2,14.1,,15.5,0.0,-36.1,24.0,0.0385,True,0.02690683058341542,-0.09667697438197086,0.05102640428311084,-0.06515932177629288,,-0.00013655721448462344,-0.00043115126692483836,0.012423641227725117,0.0015776804940795118,0.0,0.5,0.038095645819785404,-1.5805609234617808,0.0,-0.1619043541802146,—,LOW SAMPLE
1643832,Aminata Gueye,GSV,,2026-27,1,4.0,,,,,,,,0.0,0.0,0.0,28.6,85.7,91.3,-5.6,-0.28,21.1,-1.11,29.6,-1.46,11.4,,15.7,0.0,-36.1,-10.8,0.026,True,0.018170846627761063,0.03940681213739171,-0.044131785884241555,-0.04400369782295104,,0.003186842504839216,-0.0002911670893518389,0.008389991478463716,0.0010654465674303196,0.0,0.5,0.029005992605904685,-0.3230538976576729,0.0,-0.17099400739409532,—,LOW SAMPLE
1642790,Sania Feagin,LAS,,2026-27,3,3.3,6.035416373061377,0.556213272656738,1.567668344618173,0.14447353529615,0.092158227084274,0.0,23.1,0.0,0.3,0.7000000000000001,3.8,105.5,120.6,-15.1,-2.97,23.1,-1.72,29.6,-0.47,8.9,2.7,4.0,100.0,34.0,-5.4,0.0619,True,0.08469232657331872,-0.3021115313693418,-0.16210823562037915,-0.02404606845668056,-2.912760226226694,0.008464873903274972,0.014354917461238242,0.01999903222024043,0.007223505723127785,0.0,0.769,0.13643693838606472,-1.9408813093317263,0.0,-0.17116306161393532,—,"low projection confidence, LOW SAMPLE"
1643473,Taina Mair,SEA,,2026-27,10,5.2,2.119278645020594,1.163433433873248,0.576283683012719,0.316365998302264,0.5489761512044781,0.021231689486755,48.2,1.3,0.4,0.5,19.8,83.6,114.2,-30.6,-0.42,35.2,-1.39,32.9,0.1,24.5,-3.1,19.1,31.6,-2.1,0.2,0.2574,True,-0.013674711875125752,0.07606631913444345,-0.020037121555557664,-0.3264213941455987,-1.4256723202695905,0.1464122557755451,-0.19948094290893145,0.0768313808309186,0.04023492481925583,0.0,0.518,0.02537603848153737,-0.7631792324276442,0.0,-0.18182396151846264,—,LOW SAMPLE
1643525,Alex Fowler,NYL,,2026-27,2,16.0,,,,,,,,6.0,0.0,0.5,20.0,99.3,117.6,-18.3,-0.32,29.3,-0.86,30.5,-0.3,35.1,,11.2,40.0,9.2,-2.2,0.1758,True,0.12300265409561335,-0.1340670248567189,-0.06811690542400262,-0.04839480656430092,,0.06719909200811966,-0.0019709772202278326,0.05679378846960054,0.007212253687220625,0.9481922200589789,0.5,0.24197487730763975,-0.052378946613938986,0.0,-0.19507317770710497,—,LOW SAMPLE
1643424,Costanza Verona,DAL,,2026-27,1,6.0,,,,,,,,4.0,0.0,2.0,16.7,72.7,93.2,-20.5,-0.27,21.7,0.35,29.6,0.11,14.1,,31.0,0.0,-43.6,0.0,0.0385,True,0.02690683058341542,0.05194438768316961,0.010326364758455622,-0.03948670313369638,,-0.015782171728905097,,-0.02535221711661806,-0.0034102889095306566,0.0,0.5,0.003466392551445126,-0.7686834025931621,0.0,-0.1965336074485549,—,LOW SAMPLE
1627673,Jonquel Jones,NYL,C,2026-27,43,28.2,22.63889765249847,21.354204671847896,12.097261317706325,11.410776183204296,0.943252847361638,0.711089362766618,67.8,14.5,9.1,2.6,21.3,106.6,104.2,2.4,1.86,29.9,5.22,96.6,0.08,74.3,-5.6,20.1,67.5,6.3,12.4,0.8899,False,-0.586580491653652,0.6433758497355869,2.150286499658122,0.9160455183148747,1.4615957366568784,-0.0530914281643503,0.5919011235006708,0.09079451568719778,-0.34207817722208217,0.4168676899595223,0.322,-0.5083207075370533,1.01165595260276,1.01165595260276,-0.23052419125420728,UNDER,heavily bet — priced efficiently
1630154,Kamiah Smalls,PDX,G,2026-27,2,15.0,,,,,,,,7.5,0.0,3.0,20.9,95.1,131.7,-36.6,-5.63,29.0,0.88,30.4,-0.11,28.8,,35.5,30.0,7.6,-1.4,0.1667,True,0.11659626586146682,0.4639055233808603,-0.6349011784141361,-0.021558937461019643,,-0.043452339415297844,-0.0018683221566742994,-0.04847383769578725,0.0068366154743445505,0.3799398722136658,0.5,0.08129669386016714,0.05729385941055082,0.05729385941055082,-0.24233520389852475,—,LOW SAMPLE
1642294,Charisma Osborne,PDX,,2026-27,3,19.7,,,,,,,,9.7,1.7000000000000002,1.3,19.3,109.7,99.1,10.6,-0.31,37.4,-0.2,31.4,0.12,50.5,,20.0,57.9,1.4,8.2,0.2826,True,0.19772853120265962,0.09162572872377246,0.05066366944655128,0.14954080733947678,,-0.07236664578719762,-0.0031683741595251386,-0.07873382614910178,0.01159380127786981,0.23864910689522795,0.5,0.14057567424694617,0.2677129526692184,0.2677129526692184,-0.25294307881147005,—,LOW SAMPLE
1630462,Aari McDonald,MIN,,2026-27,3,15.3,,,,,,,,7.3,0.7000000000000001,2.0,25.9,88.9,105.6,-16.7,-0.5,33.8,2.04,34.4,0.08,31.7,,24.0,78.9,1.2,7.9,0.2343,True,0.16391328033817237,0.503645246974743,0.06720024860346276,0.08150639444888269,,-0.023838057514174796,-0.0026265233381730585,-0.02787338318272312,0.009611045950150533,0.30241764211492295,0.5,0.1676453698387237,0.37752478571821596,0.37752478571821596,-0.29672143354911507,—,LOW SAMPLE
1643447,Gabriela Jaquez,CHI,F,2026-27,39,19.5,7.082059670315665,3.493805042615863,1.849108208712317,0.9122238281922752,0.493331771442153,0.02544102911758,43.3,7.1,3.0,0.9,17.6,100.3,106.1,-5.8,-0.66,50.3,-6.53,86.1,-0.13,41.6,-12.4,16.6,63.7,1.9,6.4,0.8353,False,-1.94985442984175,-0.39665879505268553,-0.9849651613167169,-0.601757034576713,-0.7916510968125211,0.8523179565860853,0.3043582900359401,1.0286370692040683,0.9459715117782519,0.3645759243862156,0.5670000000000001,-0.01327220000032392,-0.005634553895879718,0.0,-0.30467178109623,—,"role shrinking, minutes up L5, PRA above anchor, scoring up L5, low projection confidence"
1631007,Veronica Burton,GSV,G,2026-27,44,28.6,25.36077012042678,24.87574433651966,12.375036438561771,12.138363351703967,0.98087495838636,0.647178778410159,68.2,12.2,3.6,5.7,19.5,105.9,93.8,12.1,2.63,43.6,6.32,95.4,0.2,75.2,-3.2,30.2,60.0,-4.0,10.5,0.8935,False,-0.08206642614667083,1.5889789370597627,2.9078964919714534,0.8911749893765432,1.5151821817187605,0.5908995531929337,-0.26548654987843656,-0.018536148916176717,-0.10731499562755575,0.0,0.31799999999999995,0.16812406857036466,0.7730119288558338,0.7730119288558338,-0.3455818958575522,—,heavily bet — priced efficiently
1631019,NaLyssa Smith,LVA,C,2026-27,38,24.3,22.330423561434237,21.498510382539177,10.215033386278357,9.834475405659733,0.962745302317873,0.756558054848637,69.5,11.7,6.4,0.9,18.2,110.4,103.5,6.9,-0.18,46.0,-2.8200000000000003,95.7,0.05,71.4,-2.0,16.2,91.0,-4.7,9.2,0.8603,False,0.1878457213925597,-0.3569569758798763,-0.12504008806981357,0.8264045194654366,1.3807759573253273,0.2744847136737771,-0.3639377041457563,-0.1657077125231105,-0.2250293147274281,0.23275027355654213,0.305,-0.06700547170660223,0.4943192034465737,0.4943192034465737,-0.36034169840582014,—,no gap to the season anchor
1629480,Kalani Brown,LVA,,2026-27,3,5.7,,,,,,,,6.0,1.7000000000000002,0.3,33.8,127.5,75.0,52.5,0.37,25.3,-1.14,31.2,1.28,18.3,,19.5,122.3,10.5,23.0,0.1023,True,0.07159052589698682,0.31164126434611716,0.19034915749720135,0.05977323071216775,,0.02547473886105123,-0.0011471565127156383,-0.004635721679317946,0.004197706449238486,0.23056193460827934,0.5,0.11212204871175264,0.4372377059082511,0.4372377059082511,-0.3641372878944428,—,LOW SAMPLE
203833,Chelsea Gray,LVA,G,2026-27,43,32.7,28.570248766889723,28.27175652509084,9.428201763127332,9.32969911782767,0.989552340120159,1.0,75.6,12.0,3.3,6.7,18.5,113.0,102.3,10.7,0.98,31.6,5.49,96.4,0.05,82.5,-4.1,29.2,22.4,-13.6,8.9,0.9036,False,-0.2795986427434069,1.3076394749051712,1.6061014173657664,0.10215526867782064,2.077526761475612,0.09058648317878465,0.0834332268890545,0.291877726487958,-0.001996402953164179,0.0,0.24400000000000005,-0.05895949717261367,0.8543114034563941,0.8543114034563941,-0.4657962045555834,—,heavily bet — priced efficiently
201886,DeWanna Bonner,PHX,F,2026-27,42,26.8,,,,,,,,10.4,6.0,1.6,17.6,101.8,104.1,-2.3,0.77,34.6,-1.7000000000000002,96.5,-0.02,76.5,,15.6,58.9,4.5,13.0,0.8824,False,0.6173130614001272,-0.5415258569720339,0.5401347770408654,0.579158118088203,,-0.3596087673226734,-0.19660798021037837,-0.10497382194173904,-0.19680186728448656,0.40048213627760804,0.5,0.004779007210148428,0.4735592724027508,0.4735592724027508,-0.532121163060629,—,no gap to the season anchor
1628909,Kelsey Mitchell,IND,G,2026-27,44,32.5,32.611417391559655,32.181612744004354,26.373478751165237,26.025887488775464,0.986820424197,1.0,75.0,24.7,1.7000000000000002,2.8,27.5,114.1,106.3,7.8,1.38,36.9,3.92,97.1,0.2,85.7,0.1,25.3,61.7,2.3,4.4,0.9051,False,0.6577997267160264,2.3874686401518592,1.8406141480488059,3.0329587323153326,2.2059140644913695,0.02471649858184007,-0.08887681008841625,0.0923398973843149,-0.10692587539041536,0.10084338693432934,0.25,0.6845798469377908,2.1889573977099306,2.1889573977099306,-0.5351096986507567,OVER,heavily bet — priced efficiently
203825,Kayla McBride,MIN,F,2026-27,44,32.0,31.59875601167224,31.59875601167224,17.417252868742352,17.417252868742352,1.0,0.6550383576619401,68.7,17.6,3.0,2.2,21.0,112.1,101.9,10.2,3.34,47.5,0.85,97.1,0.24,80.2,-0.4,15.9,48.0,1.1,8.9,0.9037,False,0.5436285129605815,0.07436293900618153,2.8067451309620535,1.5485357112765443,1.7599612844435293,-0.10715686975140068,0.02443882964029556,-0.5513151688649989,-0.7824505967798437,0.47423141390187157,0.31299999999999994,-0.3196387238133186,1.3251091008384783,1.3251091008384783,-0.5866736800813884,UNDER,"PRA below anchor, heavily bet — priced efficiently"
203827,Natasha Howard,MIN,C,2026-27,44,28.4,27.70344961120904,27.627557228820965,13.681543491391873,13.644063504427084,0.997260543959212,0.334234068300424,62.7,14.8,7.6,3.3,21.7,113.3,99.7,13.6,2.46,49.3,2.96,96.5,0.29,69.9,-0.7000000000000001,21.7,102.0,11.1,14.2,0.8928,False,0.47265576897380884,0.9124829428461266,2.496405717794535,1.4767079518897033,1.1029897307015573,-0.5141397563827758,0.3950088587304375,-0.10621320608507405,-0.4467044456179027,0.19325792055326008,0.373,-0.033379364902580165,1.0630692312680974,1.0630692312680974,-0.6956697308697837,—,heavily bet — priced efficiently
1642289,Kamilla Cardoso,CHI,C,2026-27,43,26.6,25.95639125231608,25.35545414205208,15.223384360752304,14.870935651019884,0.976848202647955,0.663307994874617,68.3,14.7,8.6,2.5,23.1,102.8,107.0,-4.2,-0.28,37.0,2.03,90.2,0.09,74.5,-0.6000000000000001,20.0,123.8,19.3,13.6,0.8841,False,0.47945147354721107,0.933124794429301,0.4038445886205726,1.8909097164148265,1.4861371561022667,0.08118682371769051,-0.023888063000047373,-0.17029323212673791,-0.571736875006732,0.6598816320028984,0.317,0.08213010181788612,1.0777118021967895,1.0777118021967895,-0.7484962072812332,—,heavily bet — priced efficiently
1642304,Carla Leite,PDX,G,2026-27,39,26.1,24.726050575323207,24.39152555450808,14.291126611844668,14.097778328715696,0.9864707459124512,1.0,75.5,16.1,2.2,6.3,28.2,107.3,109.3,-2.0,-0.5,40.8,7.75,93.2,0.02,82.8,-1.4,40.9,94.3,-4.3,3.0,0.8716,False,0.31715076233505873,4.30363644217183,0.8372158216347797,1.4601243651451055,2.0882186468188237,-0.10578886794541147,0.025708798678096466,0.21732609336523473,-0.0947394753887754,1.3098534012010015,0.245,0.30304640899867574,1.4700011488907936,1.4700011488907936,-0.8574175157469714,OVER,"heavily bet — priced efficiently, volatile game-to-game"
1629477,Sabrina Ionescu,NYL,G,2026-27,31,29.9,28.637416661502662,24.187325250995805,17.408751549655385,14.703530731224747,0.8446056966971771,0.945936435287913,68.0,14.6,3.8,4.7,24.2,107.3,109.3,-2.0,0.15,46.9,2.81,97.0,0.01,79.7,-1.3,28.5,51.0,2.3,6.2,0.8607,False,0.33662106478031667,2.1061228444759315,0.6718907271714196,1.5005759439613604,1.7155090700696807,-0.1672526314721948,0.16286199485084793,-0.8209544779973295,-0.5393468759584922,2.0570718740865153,0.32,-0.41170129387624416,1.2690200571070382,1.2690200571070382,-0.8650767031989037,UNDER,"scoring cooled L5, heavily bet — priced efficiently, volatile game-to-game"
203826,Alyssa Thomas,PHX,F,2026-27,42,33.2,30.60904327202181,30.60904327202181,14.667244646012652,14.667244646012652,1.0,1.0,77.0,14.3,7.8,8.5,21.8,104.0,106.6,-2.6,2.1,50.6,8.08,96.2,0.03,88.6,-2.6,33.3,82.8,-9.9,10.8,0.9029,False,0.0600781631438284,2.393783025190977,2.623597448830242,1.4608303580854511,2.4004337287076503,-0.23117058738928725,-0.20432418332078206,-0.12957805871805317,0.34839212148747245,1.2312734060373256,0.23,-0.08845026766222766,1.2237540079811735,1.2237540079811735,-0.9232450878376905,—,"heavily bet — priced efficiently, volatile game-to-game"
1628932,A'ja Wilson,LVA,F,2026-27,41,32.0,29.30767446787003,28.4535076807296,24.58940135706695,23.872747772767777,0.970855183747968,1.0,73.4,26.2,9.4,3.2,32.3,115.5,101.3,14.2,3.94,52.6,9.57,97.1,0.36,83.5,-2.7,25.3,68.3,-16.2,19.8,0.8974,False,0.037488006643137096,3.196247986202014,4.316329575142897,2.8019575838196804,2.0558042752003285,0.2838186721422777,-0.12186914865853181,0.598364416898045,0.20050202351120702,0.6777445373469988,0.26599999999999996,0.6349879904980341,2.5680249349211732,2.5680249349211732,-0.9248606112993021,OVER,heavily bet — priced efficiently
1628277,Allisha Gray,ATL,G,2026-27,44,32.6,30.489876153803248,30.372197149161025,18.883682491183624,18.810798857667614,0.996140390861261,1.0,76.8,19.0,3.5,2.6,22.6,108.6,99.8,8.8,1.13,33.8,0.39,97.1,0.2,83.0,-2.1,19.6,74.4,4.7,8.0,0.9053,False,0.1665988645136003,0.8181911831441827,1.261548800447919,2.022384843772829,2.137343825158208,0.0679006858091521,-0.520761677908607,-0.018781585836766673,0.21058181882157134,0.45320526959583235,0.23200000000000004,-0.00334619133321451,1.5351262439824174,1.5351262439824174,-0.9703182480569523,—,heavily bet — priced efficiently
1627668,Breanna Stewart,NYL,F,2026-27,42,33.0,28.20056371739289,27.623558684731133,18.363366712126005,17.98763822968524,0.979539237639214,0.7383355812804041,68.5,20.8,8.3,3.3,27.0,109.1,105.8,3.3,3.96,50.7,4.53,96.8,0.17,81.8,-4.8,24.2,77.4,-6.2,15.2,0.9023,False,-0.4268507980670198,2.1557003142980182,3.5693288023474414,1.9656395434447465,1.8272279058131569,0.16387218291163763,-0.027779677716181186,0.4244088281099051,0.46065323359691607,0.9940305321716749,0.315,0.18935727897380056,1.9411762205960004,1.9411762205960004,-1.1557384643671182,—,heavily bet — priced efficiently
