above3FgPct,above3Share,advantageShotRate,apg,astPct,astPer100,astPer36,astPer40,astToTov,astTotal,blkPer100,blkPer40,blkTotal,bpg,bpm,bpmConfidence,closeGameMinutesShare,clutchPlusMinusPer36,clutchPtsPer36,corner3FgPct,corner3Share,creationCareIndex,creationLoad,cvi,cvi2Y,cvi2YConfidence,cvi2YDelta,cvi2YMinutes,cvi2YSeasons,cvi3Y,cvi3YConfidence,cvi3YDelta,cvi3YMinutes,cvi3YSeasons,cviAvailability,cviConfidence,cviContext,cviCreation,cviCreationConfidence,cviCreationPercentile,cviDecision,cviDefense,cviDefenseConfidence,cviDefensePercentile,cviDefensePossession,cviDefensiveWorkload,cviFormDelta,cviGlass,cviGlassConfidence,cviGlassPercentile,cviLuckNeutral,cviMatchupResilience,cviOffense,cviPercentile,cviPlaymaking,cviPlaymakingConfidence,cviPlaymakingPercentile,cviPortability,cviRoleDifficulty,cviRoleScalability,cviScoring,cviScoringConfidence,cviScoringPercentile,cviSpacing,cviSpacingConfidence,cviSpacingPercentile,cviStable,cviStableConfidence,cviStableMinutes,cviStableSeasons,dbpm,defensiveActivityIndex,drapm,drebPct,drtg,efg,efgRel,efgZ,expectedMinutes,expectedPoints,fg3Pct,fg3PctRel,fg3PctZ,fg3aTotal,fg3mTotal,fgPct,fgaTotal,fgmTotal,foulDisciplineIndex,fpg,freeThrowRate,ftPct,ftPctRel,ftPctZ,ftaTotal,ftmTotal,glassValueIndex,gp,playerId,midFgPct,midShare,minutesRoleGap,minutesTotal,mpg,name,netRtg,obpm,oppPointsOffTurnoversPer36,oppPointsPaintPer36,oppPointsSecondChancePer36,orapm,orebPct,ortg,paintShare,pfPer100,pfPer36,pfPer40,pfTotal,pos,possessionFinishIndex,possessionsTotal,ppg,projectedMinutes,projectedMinutesHigh,projectedMinutesLow,projectedMinutesRange,projectedPlayProbability,projectedPoints,projectedPointsHigh,projectedPointsLow,projectedPointsRange,projectedStarterProbability,projectionConfidence,projectionHome,projectionSource,ptsPer100,ptsPer36,ptsPer40,ptsTotal,rapm,rapmConfidence,rapmConfidenceTier,rapmFlags,rapmFoldRankRange,rapmFoldRankStd,rapmHi,rapmLo,rapmNet,rapmNetGap,rapmPriorPullPct,rapmPublishReason,rapmPublishable,rapmQualified,rapmRank,rapmRankShift,rapmSe,rapmWeird,rebPct,rebPer100,rebPer36,rebPer40,rebTotal,rimFgPct,rimPressureIndex,rimShare,roleTrustScore,rpg,season,secondChancePtsPerGame,selfCreationRate,shotMixValueAdd,shotQualityIndex,spg,stlPer100,stlPer40,stlTotal,stocksPer36,team,threePAR,topg,tovPct,tovPer100,tovPer40,tovTotal,ts,tsRel,tsZ,usg,overall_min_avg,overall_pts_avg,overall_reb_avg,overall_ast_avg,overall_pra_avg,overall_stocks_avg,overall_tov_avg,overall_fga_avg,overall_fg3a_avg,overall_fta_avg,overall_usage_proxy_avg,overall_fantasy_simple_avg,overall_plusMinus_avg,overall_starter_rate,overall_win_rate,last3_min_avg,last3_pts_avg,last3_reb_avg,last3_ast_avg,last3_pra_avg,last3_stocks_avg,last3_tov_avg,last3_fga_avg,last3_fg3a_avg,last3_fta_avg,last3_usage_proxy_avg,last3_fantasy_simple_avg,last3_plusMinus_avg,last3_starter_rate,last3_win_rate,last5_min_avg,last5_pts_avg,last5_reb_avg,last5_ast_avg,last5_pra_avg,last5_stocks_avg,last5_tov_avg,last5_fga_avg,last5_fg3a_avg,last5_fta_avg,last5_usage_proxy_avg,last5_fantasy_simple_avg,last5_plusMinus_avg,last5_starter_rate,last5_win_rate,last10_min_avg,last10_pts_avg,last10_reb_avg,last10_ast_avg,last10_pra_avg,last10_stocks_avg,last10_tov_avg,last10_fga_avg,last10_fg3a_avg,last10_fta_avg,last10_usage_proxy_avg,last10_fantasy_simple_avg,last10_plusMinus_avg,last10_starter_rate,last10_win_rate,home_min_avg,home_pts_avg,home_reb_avg,home_ast_avg,home_pra_avg,home_stocks_avg,home_tov_avg,home_fga_avg,home_fg3a_avg,home_fta_avg,home_usage_proxy_avg,home_fantasy_simple_avg,home_plusMinus_avg,home_starter_rate,home_win_rate,away_min_avg,away_pts_avg,away_reb_avg,away_ast_avg,away_pra_avg,away_stocks_avg,away_tov_avg,away_fga_avg,away_fg3a_avg,away_fta_avg,away_usage_proxy_avg,away_fantasy_simple_avg,away_plusMinus_avg,away_starter_rate,away_win_rate,starter_min_avg,starter_pts_avg,starter_reb_avg,starter_ast_avg,starter_pra_avg,starter_stocks_avg,starter_tov_avg,starter_fga_avg,starter_fg3a_avg,starter_fta_avg,starter_usage_proxy_avg,starter_fantasy_simple_avg,starter_plusMinus_avg,starter_starter_rate,starter_win_rate,bench_min_avg,bench_pts_avg,bench_reb_avg,bench_ast_avg,bench_pra_avg,bench_stocks_avg,bench_tov_avg,bench_fga_avg,bench_fg3a_avg,bench_fta_avg,bench_usage_proxy_avg,bench_fantasy_simple_avg,bench_plusMinus_avg,bench_starter_rate,bench_win_rate,wins_min_avg,wins_pts_avg,wins_reb_avg,wins_ast_avg,wins_pra_avg,wins_stocks_avg,wins_tov_avg,wins_fga_avg,wins_fg3a_avg,wins_fta_avg,wins_usage_proxy_avg,wins_fantasy_simple_avg,wins_plusMinus_avg,wins_starter_rate,wins_win_rate,losses_min_avg,losses_pts_avg,losses_reb_avg,losses_ast_avg,losses_pra_avg,losses_stocks_avg,losses_tov_avg,losses_fga_avg,losses_fg3a_avg,losses_fta_avg,losses_usage_proxy_avg,losses_fantasy_simple_avg,losses_plusMinus_avg,losses_starter_rate,losses_win_rate,pts_std,reb_std,ast_std,pra_std,min_std,games_logged,last5_pts_delta,last5_reb_delta,last5_ast_delta,last5_pra_delta,last5_min_delta,last5_usage_proxy_delta
39.3,12.4,36.4,3.2,17.5,5.1,3.6,4.0,1.33,132,3.0,2.4,79,1.9,0.36,99.1,3.3,-14.0,43.0,60.0,0.7000000000000001,15.7,25.3,9.57,9.52,97.1,1.3599999999999999,2502,2,9.57,97.1,1.4100000000000001,3703,3,1.33,97.1,2.8200000000000003,2.59,100.0,95.0,0.08,1.81,100.0,100.0,5.22,0.51,-0.31,2.11,100.0,95.8,0.74,0.97,4.13,99.2,-0.05,100.0,53.4,0.53,1.34,0.84,1.12,80.0,91.6,-0.9,100.0,19.7,9.57,97.1,3703,3,0.13,19.8,0.48,23.8,101.3,55.4,3.9,0.78,28.453507680729597,23.872747772767777,40.4,6.4,1.08,94,38,52.7,717,378,18.3,1.8,45.0,86.4,7.8,0.8200000000000001,323,279,18.4,41,1628932,43.4,27.6,-2.7,1313,32.0,A'ja Wilson,14.2,0.23,11.2,33.1,8.9,3.02,6.1,115.5,36.0,2.9,2.06,2.3,75,F,29.3,2610,26.2,29.30767446787003,34.6640952545077,23.95125368123236,10.7,0.9708551837479681,24.58940135706695,33.39375314606508,15.87169467480432,17.5,1.0,73.4,,baseline,41.1,29.5,32.7,1073,3.89,52.8,medium,,9,3.35,5.78,2.0,4.05,-0.163,0.534,,True,True,3,3,1.475,False,15.3,14.7,10.6,11.7,384,72.5,68.3,23.3,83.5,9.4,2026-27,3.5,23.0,-8.6,-16.2,1.4,2.2,1.8,58,3.76,LVA,13.1,2.4,8.9,3.7,3.0,97,62.4,6.4,1.26,32.3,31.96829268292683,26.170731707317074,9.365853658536585,3.2195121951219514,38.75609756097561,3.341463414634146,2.3658536585365852,17.48780487804878,2.292682926829268,7.878048780487805,0.7295121415828472,49.89756097560976,8.975609756097562,1.0,0.7317073170731707,32.199999999999996,27.333333333333332,9.333333333333334,3.3333333333333335,40.0,2.3333333333333335,2.0,18.666666666666668,1.6666666666666667,7.666666666666667,0.7440983757844224,48.53333333333333,15.666666666666666,1.0,1.0,31.18,27.6,8.6,3.4,39.6,2.6,1.6,17.2,1.6,8.2,0.7150321451209904,49.22,16.8,1.0,1.0,31.639999999999997,25.9,8.0,3.6,37.5,2.7,1.9,16.7,2.1,8.1,0.7004931627153477,47.1,10.5,1.0,0.8,31.935000000000002,24.65,10.1,3.3,38.05,3.1,2.55,16.9,2.65,7.6,0.7160516016334896,48.47,7.1,1.0,0.7,32.0,27.61904761904762,8.666666666666666,3.142857142857143,39.42857142857143,3.5714285714285716,2.1904761904761907,18.047619047619047,1.9523809523809523,8.142857142857142,0.7423317034393784,51.25714285714286,10.761904761904763,1.0,0.7619047619047619,31.96829268292683,26.170731707317074,9.365853658536585,3.2195121951219514,38.75609756097561,3.341463414634146,2.3658536585365852,17.48780487804878,2.292682926829268,7.878048780487805,0.7295121415828472,49.89756097560976,8.975609756097562,1.0,0.7317073170731707,,,,,,,,,,,,,,,,31.833333333333332,26.866666666666667,9.466666666666667,3.2666666666666666,39.6,3.2666666666666666,2.2666666666666666,16.966666666666665,2.2666666666666666,8.366666666666667,0.7198116307369383,50.66,15.866666666666667,1.0,1.0,32.336363636363636,24.272727272727273,9.090909090909092,3.090909090909091,36.45454545454545,3.5454545454545454,2.6363636363636362,18.90909090909091,2.3636363636363638,6.545454545454546,0.7559680802535077,47.81818181818182,-9.818181818181818,1.0,0.0,6.741299722695878,3.645244145190934,1.7679394096228416,8.41064946304647,3.7908072375412503,41,1.4000000000000021,-0.8000000000000007,0.19999999999999973,0.8439024390243901,-0.8200000000000003,-0.014479996461856715
45.9,37.6,72.1,2.8,14.4,4.1,3.1,3.4,1.75,121,0.2,0.1,5,0.1,0.2,99.2,6.1,-2.1,26.7,31.6,2.5,15.8,25.3,3.92,4.04,97.1,0.43,2733,2,3.92,97.1,0.31,3946,3,1.23,97.1,2.67,2.16,100.0,91.2,0.11,-1.42,100.0,11.8,-3.22,0.47000000000000003,0.16,-1.24,100.0,5.5,0.75,0.64,7.34,90.3,0.02,100.0,71.0,0.5,0.76,0.9400000000000001,1.76,80.0,98.7,1.97,100.0,99.2,3.92,97.1,3946,3,-0.04,4.4,-0.16,3.4,106.3,60.0,8.5,1.53,32.181612744004354,26.025887488775464,45.0,11.0,1.73,300,135,50.9,748,381,4.8,2.4,29.7,85.1,6.5,0.6900000000000001,222,189,3.8,44,1628909,41.2,15.9,0.1,1430,32.5,Kelsey Mitchell,7.8,0.24,12.6,38.5,8.5,1.65,1.9,114.1,12.0,3.6,2.67,3.0,106,G,3.3,2975,24.7,32.611417391559655,36.8792963064075,28.343538476711814,8.5,0.9868204241970001,26.373478751165234,35.17904817160819,17.656989700347424,17.5,1.0,75.0,,baseline,36.5,27.4,30.4,1086,1.3599999999999999,37.1,low,,75,27.63,3.38,-0.67,1.33,0.028,0.5670000000000001,,True,True,27,1,1.5779999999999998,False,2.8,2.5,1.9,2.1,75,61.9,61.7,32.0,85.7,1.7000000000000002,2026-27,2.1,39.6,1.0,2.3,1.0,1.5,1.3,46,1.28,IND,40.1,1.6,7.0,2.4,2.0,72,64.2,8.2,1.56,27.5,32.51363636363636,24.681818181818183,1.7045454545454546,2.75,29.136363636363637,1.1590909090909092,1.6363636363636365,17.0,6.818181818181818,5.045454545454546,0.6424004637756664,32.69318181818182,5.636363636363637,1.0,0.6363636363636364,27.8,17.333333333333332,1.6666666666666667,2.3333333333333335,21.333333333333332,0.6666666666666666,0.6666666666666666,15.0,7.666666666666667,3.6666666666666665,0.6152234993614304,24.166666666666668,-12.666666666666666,1.0,0.3333333333333333,29.619999999999997,23.8,2.0,2.6,28.4,1.0,0.6,16.2,8.6,4.6,0.6322906246838311,32.5,-1.2,1.0,0.6,31.100000000000005,26.0,1.7,2.9,30.6,1.2,1.1,17.1,7.5,5.2,0.6596047340387401,34.89,3.6,1.0,0.6,32.60909090909092,24.863636363636363,1.3181818181818181,2.5454545454545454,28.727272727272727,0.9545454545454546,1.6818181818181819,16.863636363636363,6.363636363636363,4.863636363636363,0.6355835135991809,31.44545454545455,7.636363636363637,1.0,0.6818181818181818,32.41818181818182,24.5,2.090909090909091,2.9545454545454546,29.545454545454547,1.3636363636363635,1.5909090909090908,17.136363636363637,7.2727272727272725,5.2272727272727275,0.6492174139521526,33.940909090909095,3.6363636363636362,1.0,0.5909090909090909,32.51363636363636,24.681818181818183,1.7045454545454546,2.75,29.136363636363637,1.1590909090909092,1.6363636363636365,17.0,6.818181818181818,5.045454545454546,0.6424004637756664,32.69318181818182,5.636363636363637,1.0,0.6363636363636364,,,,,,,,,,,,,,,,31.87857142857143,25.0,1.7857142857142858,2.5714285714285716,29.357142857142858,1.25,1.4285714285714286,17.0,6.892857142857143,4.964285714285714,0.6484364610263824,33.32142857142857,13.857142857142858,1.0,1.0,33.625,24.125,1.5625,3.0625,28.75,1.0,2.0,17.0,6.6875,5.1875,0.6318374685869139,31.593750000000004,-8.75,1.0,0.0,6.076155176887373,1.533798225936461,1.5866448438340308,6.743096069972567,3.866588599731962,44,-0.8999999999999986,0.2999999999999998,-0.19999999999999973,-0.7363636363636381,-2.8800000000000026,-0.010109839091835271
35.8,49.4,71.7,8.3,40.6,12.8,9.6,10.7,1.8,333,0.7000000000000001,0.6000000000000001,19,0.5,0.17,96.8,6.0,13.6,24.7,66.7,0.5,37.0,42.3,13.16,13.02,93.8,1.6400000000000001,1570,2,13.16,95.5,1.78,2896,3,1.19,95.5,3.8200000000000003,6.6,100.0,100.0,1.3,-1.32,100.0,14.3,-2.71,-0.03,-0.02,-0.72,100.0,23.1,0.49,0.79,15.98,100.0,3.18,100.0,98.3,0.54,1.78,1.34,0.85,80.0,86.1,1.44,100.0,95.8,13.16,95.5,2896,3,-0.03,7.7,-0.28,11.3,107.4,53.6,2.1,0.48,32.4571962109556,23.0599838306495,36.1,2.1,0.47000000000000003,316,114,44.5,633,282,4.9,3.1,39.5,85.2,6.6,0.7000000000000001,250,213,6.5,40,1642286,43.0,14.7,1.4,1245,31.1,Caitlin Clark,4.6,0.2,14.0,38.2,9.5,1.43,0.7000000000000001,112.0,13.6,4.8,3.61,4.0,125,G,11.2,2601,22.3,32.4571962109556,36.72507512580344,28.18931729610776,8.5,1.0,23.0599838306495,31.866964878608943,14.34490640734818,17.5,1.0,75.6,,baseline,34.3,25.8,28.6,891,0.96,46.7,low,,5,1.87,3.07,-1.15,0.98,-0.022,0.588,,True,True,40,-9,1.649,False,6.2,6.1,4.6,5.1,158,63.8,61.3,21.8,86.0,4.0,2026-27,1.0,68.8,-2.0,-0.8,1.1,1.6,1.3,42,1.76,IND,49.9,4.6,13.5,7.0,5.9,183,60.0,4.0,0.87,31.9,28.927906976744183,20.72093023255814,3.6744186046511627,7.744186046511628,32.13953488372093,1.4186046511627908,4.255813953488372,14.720930232558139,7.348837209302325,5.813953488372093,0.7491361845446163,36.746511627906976,3.744186046511628,0.9069767441860465,0.627906976744186,28.133333333333336,18.0,4.333333333333333,5.666666666666667,28.0,2.6666666666666665,3.6666666666666665,16.666666666666668,8.0,5.333333333333333,0.7928492583046619,36.03333333333333,-8.333333333333334,1.0,0.3333333333333333,30.4,23.2,4.8,8.6,36.6,2.2,4.4,16.8,8.8,6.8,0.7888456496573533,44.06,3.4,1.0,0.6,32.82000000000001,23.4,4.1,8.5,36.0,1.5,4.4,17.7,8.9,5.6,0.7511184739228585,41.17,4.1,1.0,0.6,28.299999999999997,22.40909090909091,3.409090909090909,8.181818181818182,34.0,1.5454545454545454,4.318181818181818,15.136363636363637,7.7272727272727275,6.954545454545454,0.7980076863583728,39.09090909090909,6.363636363636363,0.9090909090909091,0.6818181818181818,29.585714285714282,18.952380952380953,3.9523809523809526,7.285714285714286,30.19047619047619,1.2857142857142858,4.190476190476191,14.285714285714286,6.9523809523809526,4.619047619047619,0.7002646827308594,34.29047619047619,1.0,0.9047619047619048,0.5714285714285714,31.492307692307687,22.615384615384617,3.948717948717949,8.461538461538462,35.02564102564103,1.5384615384615385,4.589743589743589,15.923076923076923,7.948717948717949,6.410256410256411,0.7422138231161507,40.07179487179487,4.512820512820513,1.0,0.6153846153846154,3.925,2.25,1.0,0.75,4.0,0.25,1.0,3.0,1.5,0.0,1.019108280254777,4.325,-3.75,0.0,0.75,28.548148148148144,22.85185185185185,3.925925925925926,8.222222222222221,35.0,1.4074074074074074,4.37037037037037,14.11111111111111,7.2592592592592595,6.703703703703703,0.7554182508648423,39.74814814814815,9.518518518518519,0.8888888888888888,1.0,29.56875,17.125,3.25,6.9375,27.3125,1.4375,4.0625,15.75,7.5,4.3125,0.7397130850642771,31.68125,-6.0,0.9375,0.0,10.050646938181092,2.2008756940359,3.230015651265441,13.390795337787672,9.690037239630525,43,0.8999999999999986,0.7999999999999998,0.29999999999999893,4.4604651162790745,-0.7000000000000028,0.039709465112736986
26.8,29.5,65.0,1.9,10.3,2.8,2.1,2.3,0.79,75,0.2,0.1,4,0.1,-0.12,98.8,6.9,-3.6,28.7,44.7,5.9,6.1,23.1,-0.84,-0.91,95.8,-0.14,2005,2,-0.84,96.4,-0.07,3123,3,1.32,96.4,1.18,1.87,100.0,88.7,-0.51,-0.96,100.0,26.1,-1.83,0.71,-0.03,-0.6900000000000001,100.0,26.1,0.54,0.42,0.9500000000000001,64.7,-1.19,100.0,8.8,-0.12,0.51,0.45,0.03,80.0,57.6,-0.21,100.0,41.2,-0.84,96.4,3123,3,-0.07,4.7,-0.27,9.5,108.0,50.2,-1.3,-0.07,31.126232304906836,23.742082366491108,29.8,-4.2,-0.42,228,68,44.9,643,289,3.5,2.7,42.0,78.9,0.30000000000000004,0.05,270,213,6.3,40,1627674,29.5,12.1,-1.9,1319,33.0,Kahleah Copper,-4.6,-0.05,14.8,33.7,9.4,0.5,1.5,103.4,22.9,4.0,2.92,3.2,107,G,8.6,2663,21.5,31.126232304906836,35.39411121975468,26.858353390058994,8.5,1.0,23.742082366491108,32.545140337255745,15.023081865994985,17.5,1.0,75.6,,baseline,32.3,23.5,26.1,859,-0.21,43.1,low,,24,9.09,1.8,-2.22,0.09,-0.307,0.5640000000000001,,True,True,115,71,1.568,False,5.5,5.5,4.0,4.5,147,71.6,71.5,29.5,87.6,3.7,2026-27,1.6,31.5,-0.30000000000000004,-0.8,0.8,1.2,1.0,33,1.01,PHX,35.5,2.4,9.2,3.6,2.9,95,56.4,0.4,0.27,29.4,30.62093023255814,19.976744186046513,3.4186046511627906,1.744186046511628,25.13953488372093,0.8604651162790697,2.2093023255813953,14.953488372093023,5.3023255813953485,6.27906976744186,0.6485034671583223,27.06744186046512,-2.6744186046511627,0.9302325581395349,0.37209302325581395,21.766666666666666,16.333333333333332,3.6666666666666665,1.3333333333333333,21.333333333333332,1.6666666666666667,1.3333333333333333,10.666666666666666,3.3333333333333335,5.0,0.6516502301117686,26.400000000000002,0.6666666666666666,0.6666666666666666,0.6666666666666666,19.52,16.8,3.0,1.0,20.8,1.4,1.4,10.8,2.8,4.8,0.7332982958227064,24.7,1.6,0.6,0.6,26.620000000000005,19.3,3.2,1.3,23.8,1.0,1.8,13.4,3.7,5.7,0.6647973214636526,26.29,-2.5,0.8,0.4,31.986363636363635,23.5,4.2727272727272725,1.8181818181818181,29.59090909090909,1.1363636363636365,2.227272727272727,16.59090909090909,5.590909090909091,7.454545454545454,0.6885232383189167,32.53636363636363,-1.6818181818181819,0.9545454545454546,0.3181818181818182,29.190476190476186,16.285714285714285,2.5238095238095237,1.6666666666666667,20.476190476190474,0.5714285714285714,2.1904761904761907,13.238095238095237,5.0,5.0476190476190474,0.6042710885071394,21.338095238095235,-3.7142857142857144,0.9047619047619048,0.42857142857142855,32.9175,21.475,3.675,1.875,27.025,0.925,2.375,16.075,5.7,6.75,0.6485034671583223,29.097500000000004,-2.875,1.0,0.325,0.0,0.0,0.0,0.0,0.0,0.0,0.0,0.0,0.0,0.0,,0.0,0.0,0.0,1.0,26.66875,18.375,3.5,1.5625,23.4375,1.0,1.6875,12.375,3.9375,6.4375,0.6318800121297815,26.231250000000003,7.8125,0.8125,1.0,32.96296296296296,20.925925925925927,3.3703703703703702,1.8518518518518519,26.14814814814815,0.7777777777777778,2.5185185185185186,16.48148148148148,6.111111111111111,6.185185185185185,0.6565073529128052,27.562962962962963,-8.88888888888889,1.0,0.0,9.124765808065911,2.2064036471741897,1.3290351540696903,10.480324866258945,8.993848642254244,43,-4.699999999999999,-0.7000000000000002,-0.8999999999999999,-4.33953488372093,-13.48,0.08479482866438415
37.6,41.6,65.4,5.4,17.6,8.6,6.4,7.0,1.9300000000000002,91,0.0,0.0,0,0.0,0.07,72.6,6.8,20.2,42.4,40.0,2.1,20.0,30.8,5.94,6.17,81.3,0.67,1962,2,5.94,81.3,0.44,3193,3,0.41000000000000003,81.3,2.95,3.36,100.0,97.1,0.63,-1.6600000000000001,100.0,5.0,-3.7,0.23,0.18,-1.27,89.9,4.6,0.66,0.68,9.91,95.8,1.7000000000000002,100.0,91.6,0.46,1.71,1.13,1.65,80.0,98.3,0.84,100.0,88.7,5.94,81.3,3193,3,-0.05,3.3,-0.13,3.8,111.1,60.1,8.6,1.54,5.787828178286725,4.510357723791308,37.7,3.7,0.7000000000000001,106,40,51.9,243,126,3.0,3.3,37.4,81.3,2.7,0.29,91,74,2.1,17,1628276,68.4,7.8,-11.4,521,30.6,Kelsey Plum,-4.0,0.12,13.4,38.0,11.0,1.29,0.30000000000000004,107.1,26.7,5.3,3.87,4.3,56,G,2.3,1054,21.5,19.19353114301506,24.976753151281567,13.410309134748555,11.6,0.30155098273269204,14.957197893762075,23.741945968158163,6.219887496897396,17.5,0.36511492959923003,30.2,,baseline,34.7,25.3,28.1,366,1.01,37.8,low,,12,4.77,3.16,-1.13,1.06,-0.044,0.596,,True,True,37,10,1.674,False,2.0,3.3,2.5,2.7,35,81.1,59.2,21.8,55.5,2.1,2026-27,1.6,59.5,-2.4,-2.8,1.0,1.6,1.3,17,1.17,PHX,43.6,2.8,6.6,4.6,3.7,48,64.7,8.7,1.6400000000000001,28.3,16.228280542986425,11.479638009049774,1.1108597285067874,2.8031674208144794,15.393665158371041,0.5271493212669683,1.51131221719457,7.644796380090497,3.3438914027149322,2.8484162895927603,0.6667476710772519,17.087556561085975,-1.156108597285068,0.4683257918552036,0.3981900452488688,0.0,0.0,0.0,0.0,0.0,0.0,0.0,0.0,0.0,0.0,,0.0,0.0,0.0,0.6666666666666666,0.0,0.0,0.0,0.0,0.0,0.0,0.0,0.0,0.0,0.0,,0.0,0.0,0.0,0.6,3.08,1.5,0.3,0.3,2.1,0.1,0.4,1.9,1.0,0.2,0.7724249109112507,2.21,-3.7,0.0,0.4,18.6,12.285714285714285,1.2142857142857142,3.0714285714285716,16.571428571428573,0.6428571428571428,1.5,8.285714285714286,3.2142857142857144,3.0,0.6968486511167011,18.77857142857143,-2.7142857142857144,0.5,0.3571428571428571,15.908333333333335,12.0,1.2,2.833333333333333,16.03333333333333,0.4666666666666667,1.6833333333333333,7.783333333333333,3.716666666666667,3.05,0.6782877932260297,17.406666666666666,0.050000000000000044,0.5,0.45,29.69166666666667,22.625,2.083333333333333,5.041666666666667,29.75,0.9166666666666667,2.7083333333333335,13.833333333333332,5.875,5.833333333333334,0.6480325120608593,32.729166666666664,1.5,1.0,0.45833333333333337,1.54,0.75,0.15,0.15,1.05,0.05,0.2,0.95,0.5,0.1,0.7724249109112507,1.105,-1.85,0.0,0.2,19.47857142857143,14.214285714285714,1.3142857142857143,4.4714285714285715,20.0,0.8571428571428571,1.6571428571428573,9.142857142857142,4.428571428571429,3.2142857142857144,0.6763274590384745,23.412857142857142,5.914285714285715,0.6,1.0,13.8025,9.4875,0.95,1.625,12.0625,0.2875,1.4,6.5125,2.55,2.575,0.6678167568754825,12.5275,-5.9375,0.375,0.0,13.173641394322487,1.7036134686526498,3.4986039908880042,17.058924249545285,16.300694929125378,30,-21.5,-2.1,-5.4,-15.393665158371041,-30.6,
40.6,29.4,40.8,5.9,28.7,9.0,6.5,7.2,2.68,247,0.7000000000000001,0.5,18,0.4,0.17,99.4,4.8,7.6,34.0,66.7,0.5,32.8,31.1,8.1,8.02,97.0,0.84,2511,2,8.1,94.1,0.92,2511,2,1.33,94.1,3.66,3.4,100.0,97.5,1.33,-0.75,100.0,33.6,-1.47,0.47000000000000003,0.09,-0.54,100.0,31.9,0.41000000000000003,0.78,9.74,98.1,2.48,100.0,95.4,0.5,1.47,1.11,1.15,80.0,92.0,0.26,100.0,78.6,8.1,94.1,2511,2,-0.06,7.1,0.01,10.8,105.5,57.3,5.8,1.09,31.68648712272738,23.301641812718305,41.0,7.0,1.17,195,80,51.2,654,335,5.5,2.5,22.5,87.1,8.5,0.89,147,128,7.3,42,1642784,47.3,31.7,-1.0,1375,32.7,Paige Bueckers,4.7,0.23,11.8,37.3,9.4,2.04,1.9,110.2,27.5,3.8,2.75,3.1,105,G,11.1,2755,20.9,31.68648712272738,35.95436603757523,27.418608207879537,8.5,1.0,23.301641812718305,32.11760990376911,14.595551432508344,17.5,0.5633762813359261,66.8,,baseline,31.9,23.0,25.5,878,1.75,39.7,low,,36,13.37,3.8,-0.29,1.79,-0.04,0.5730000000000001,,True,True,19,-1,1.597,False,6.3,6.3,4.5,5.1,174,77.8,33.5,11.0,76.0,4.1,2026-27,2.1,47.2,-11.6,-18.1,1.0,1.5,1.2,40,1.52,DAL,29.8,2.2,8.3,3.3,2.6,91,61.1,5.1,1.05,25.9,31.99302325581396,20.41860465116279,4.046511627906977,5.744186046511628,30.209302325581394,1.3488372093023255,2.116279069767442,15.209302325581396,4.534883720930233,3.4186046511627906,0.5898494356252904,35.82093023255814,4.348837209302325,0.9767441860465116,0.627906976744186,31.46666666666667,27.0,4.666666666666667,6.333333333333333,38.0,3.0,2.0,18.666666666666668,5.333333333333333,3.6666666666666665,0.7069580100102187,49.1,8.333333333333334,1.0,0.6666666666666666,29.080000000000002,23.0,4.4,5.6,33.0,2.4,2.2,16.4,4.8,3.0,0.6810276603368399,41.68,11.6,1.0,0.8,30.909999999999997,23.2,4.4,6.0,33.6,1.9,2.4,16.8,5.0,3.3,0.6692998199139222,40.779999999999994,8.2,1.0,0.7,31.233333333333338,19.523809523809526,4.190476190476191,6.0476190476190474,29.761904761904763,1.380952380952381,2.0476190476190474,14.571428571428571,4.619047619047619,3.2857142857142856,0.5792929023238104,35.719047619047615,8.619047619047619,1.0,0.7619047619047619,32.71818181818182,21.272727272727273,3.909090909090909,5.454545454545454,30.636363636363637,1.3181818181818181,2.1818181818181817,15.818181818181818,4.454545454545454,3.5454545454545454,0.6004059689267702,35.918181818181814,0.2727272727272727,0.9545454545454546,0.5,32.75476190476191,20.904761904761905,4.142857142857143,5.880952380952381,30.928571428571427,1.380952380952381,2.1666666666666665,15.571428571428571,4.642857142857143,3.5,0.5898494356252904,36.673809523809524,4.4523809523809526,1.0,0.6428571428571429,0.0,0.0,0.0,0.0,0.0,0.0,0.0,0.0,0.0,0.0,,0.0,0.0,0.0,0.0,32.27037037037037,20.925925925925927,4.703703703703703,6.37037037037037,32.0,1.2592592592592593,1.8518518518518519,15.518518518518519,4.555555555555555,3.4074074074074074,0.5854577766890529,38.05185185185186,12.185185185185185,1.0,1.0,31.525000000000002,19.5625,2.9375,4.6875,27.1875,1.5,2.5625,14.6875,4.5,3.4375,0.5977544217105176,32.05625,-8.875,0.9375,0.0,7.118830020711786,1.9266735257592482,2.7088305617335346,8.659039151399574,6.383773900580439,43,2.1000000000000014,0.3000000000000007,-0.3000000000000007,2.790697674418606,-3.620000000000001,0.09117822471154957
37.8,50.4,72.5,3.7,16.8,6.1,4.5,5.0,1.19,118,0.6000000000000001,0.5,12,0.4,0.02,96.8,4.3,3.5,37.2,45.8,4.9,13.7,29.0,5.38,5.22,96.9,0.25,1978,2,5.38,97.0,0.41000000000000003,3130,3,1.32,97.0,2.3,2.96,100.0,96.2,-0.04,-0.7000000000000001,100.0,34.5,-1.9,0.59,0.44,-1.03,100.0,12.6,0.77,0.73,7.78,94.5,0.17,100.0,76.1,0.17,0.96,0.8200000000000001,0.9,80.0,88.2,2.18,100.0,100.0,5.38,97.0,3130,3,-0.1,6.1,-0.06,7.0,113.6,54.8,3.3,0.68,11.390935244659692,8.975066380839351,38.5,4.5,0.81,273,105,44.1,494,218,4.9,2.6,28.9,88.1,9.5,1.0,143,126,5.0,32,1629497,45.2,12.6,-3.1,943,29.5,Marina Mabrey,-8.5,0.12,15.1,40.6,12.9,0.11,1.5,105.1,15.0,4.3,3.21,3.6,84,F,6.9,1949,20.8,26.42329463735815,31.77971542399582,21.06687385072048,10.7,0.43109443394522,20.81925832050947,29.651966217493833,12.129907746233066,17.5,0.783176750554701,44.8,,baseline,34.2,25.4,28.3,667,0.04,47.6,low,,34,12.99,1.74,-1.6600000000000001,0.03,0.013000000000000001,0.481,,True,True,90,-13,1.328,False,4.2,5.4,4.0,4.5,105,68.2,46.1,17.2,64.0,3.3,2026-27,1.8,47.2,-2.6,-1.2,0.9,1.5,1.2,29,1.57,TOR,55.3,3.1,9.8,5.1,4.2,99,59.9,3.9,0.85,30.4,21.459090909090907,15.159090909090908,2.3863636363636362,2.6818181818181817,20.227272727272727,0.9318181818181818,2.25,11.227272727272727,6.204545454545454,3.25,0.6910931984107529,22.590909090909093,-4.090909090909091,0.6818181818181818,0.25,0.0,0.0,0.0,0.0,0.0,0.0,0.0,0.0,0.0,0.0,,0.0,0.0,0.0,0.0,0.0,0.0,0.0,0.0,0.0,0.0,0.0,0.0,0.0,0.0,,0.0,0.0,0.0,0.0,0.0,0.0,0.0,0.0,0.0,0.0,0.0,0.0,0.0,0.0,,0.0,0.0,0.0,0.1,23.422727272727272,16.454545454545453,2.6818181818181817,2.772727272727273,21.90909090909091,1.2272727272727273,2.5,12.545454545454545,6.7727272727272725,4.045454545454546,0.7169266677298312,25.013636363636365,-3.6363636363636362,0.7727272727272727,0.3181818181818182,19.495454545454546,13.863636363636363,2.090909090909091,2.590909090909091,18.545454545454547,0.6363636363636364,2.0,9.909090909090908,5.636363636363637,2.4545454545454546,0.6618152665157971,20.16818181818182,-4.545454545454546,0.5909090909090909,0.18181818181818182,30.099999999999998,21.833333333333332,3.3666666666666667,3.8666666666666667,29.066666666666666,1.3,3.066666666666667,15.866666666666667,8.566666666666666,4.7,0.6950190920822968,32.50666666666667,-4.633333333333334,1.0,0.3333333333333333,2.942857142857143,0.8571428571428571,0.2857142857142857,0.14285714285714285,1.2857142857142858,0.14285714285714285,0.5,1.2857142857142858,1.1428571428571428,0.14285714285714285,0.6322047933375919,1.342857142857143,-2.9285714285714284,0.0,0.07142857142857142,28.03636363636364,23.818181818181817,3.272727272727273,3.5454545454545454,30.636363636363637,1.4545454545454546,2.909090909090909,16.0,9.090909090909092,4.181818181818182,0.7300429701983544,34.518181818181816,10.909090909090908,0.9090909090909091,1.0,19.266666666666666,12.272727272727273,2.090909090909091,2.393939393939394,16.757575757575758,0.7575757575757576,2.0303030303030303,9.636363636363637,5.242424242424242,2.9393939393939394,0.6733887566891157,18.615151515151513,-9.090909090909092,0.6060606060606061,0.0,12.984683610187028,2.2226729047337646,2.340470309253878,15.75667246828236,13.673507200215093,44,-20.8,-3.3,-3.7,-20.227272727272727,-29.5,
23.3,16.3,50.9,3.3,17.1,4.9,3.6,4.0,1.65,137,1.9,1.6,54,1.3,0.17,99.6,6.2,11.3,25.2,36.8,3.0,16.8,24.2,4.54,4.39,96.6,0.56,2245,2,4.54,96.8,0.71,3407,3,1.34,96.8,2.31,2.03,100.0,89.9,0.03,0.7000000000000001,100.0,95.4,2.95,0.59,-0.35000000000000003,1.47,100.0,89.1,0.29,0.64,1.28,91.6,0.09,100.0,73.1,0.42,0.53,0.6900000000000001,0.12,80.0,60.1,-1.8399999999999999,100.0,9.2,4.54,96.8,3407,3,0.07,15.2,0.8,20.0,105.8,49.8,-1.7000000000000002,-0.13,27.623558684731133,17.98763822968524,25.4,-8.6,-1.04,122,31,47.4,633,300,12.4,2.1,45.8,84.1,5.5,0.58,290,244,15.0,42,1627668,46.2,8.2,-4.8,1385,33.0,Breanna Stewart,3.3,0.1,14.0,34.7,9.4,2.52,4.6,109.1,40.9,3.2,2.34,2.6,90,F,23.4,2792,20.8,28.200563717392892,33.55698450403056,22.844142930755222,10.7,0.979539237639214,18.363366712126005,27.16641015068691,9.644351679426148,17.5,0.7383355812804041,68.5,,baseline,31.3,22.7,25.3,875,3.95,51.7,medium,,1,0.43,6.02,1.88,3.76,0.186,0.578,,True,True,1,1,1.6139999999999999,False,12.7,12.5,9.1,10.1,348,65.5,77.4,31.6,81.9,8.3,2026-27,2.3,30.3,-2.2,-6.2,1.4,2.0,1.6,57,2.89,NYL,19.3,2.0,8.6,3.0,2.5,85,57.5,1.5,0.45,27.0,32.18372093023256,20.348837209302324,8.093023255813954,3.186046511627907,31.627906976744185,2.5813953488372094,1.9767441860465116,14.720930232558139,2.8372093023255816,6.744186046511628,0.6135034824151078,40.60697674418604,2.511627906976744,0.9767441860465116,0.6046511627906976,32.333333333333336,26.0,10.666666666666666,4.0,40.666666666666664,2.3333333333333335,1.6666666666666667,16.666666666666668,2.0,7.666666666666667,0.6928583128583128,50.133333333333326,5.0,1.0,0.6666666666666666,31.22,21.4,9.4,3.0,33.8,2.4,1.2,14.2,1.8,7.6,0.6112283573179511,43.17999999999999,2.6,1.0,0.6,31.9,19.2,7.9,3.7,30.8,2.4,1.5,14.6,2.6,6.0,0.5947889865123939,39.93,1.0,1.0,0.6,31.833333333333332,20.333333333333332,8.476190476190476,3.0952380952380953,31.904761904761905,2.3333333333333335,1.9047619047619047,14.476190476190476,2.761904761904762,7.523809523809524,0.6167491719756147,40.24285714285715,3.0,1.0,0.6666666666666666,32.51818181818182,20.363636363636363,7.7272727272727275,3.272727272727273,31.363636363636363,2.8181818181818183,2.0454545454545454,14.954545454545455,2.909090909090909,6.0,0.610257792854601,40.954545454545446,2.0454545454545454,0.9545454545454546,0.5454545454545454,32.95,20.833333333333332,8.285714285714286,3.261904761904762,32.38095238095238,2.642857142857143,2.0238095238095237,15.071428571428571,2.9047619047619047,6.904761904761905,0.6135034824151078,41.573809523809516,2.5714285714285716,1.0,0.6190476190476191,0.0,0.0,0.0,0.0,0.0,0.0,0.0,0.0,0.0,0.0,,0.0,0.0,0.0,0.0,32.71923076923077,21.115384615384617,8.076923076923077,3.5,32.69230769230769,2.769230769230769,2.0,14.923076923076923,3.1153846153846154,6.923076923076923,0.613440537956701,42.365384615384606,9.346153846153847,1.0,1.0,31.364705882352943,19.176470588235293,8.117647058823529,2.7058823529411766,30.0,2.2941176470588234,1.9411764705882353,14.411764705882353,2.411764705882353,6.470588235294118,0.6136057671600194,37.917647058823526,-7.9411764705882355,0.9411764705882353,0.0,7.305848019387758,2.6440765197519216,1.9427007949598263,9.324885434797203,6.453752331656447,43,0.5999999999999979,1.0999999999999996,-0.2999999999999998,2.1720930232558118,-1.7800000000000011,-0.0022751250971566606
38.9,27.7,72.8,6.0,27.0,9.5,7.0,7.7,1.94,239,1.0,0.8,25,0.6000000000000001,0.18,99.9,6.1,20.6,29.7,37.5,1.4,25.9,37.2,9.63,9.63,91.2,1.47,1241,1,9.63,91.2,1.47,1241,1,1.33,91.2,3.9,4.38,100.0,99.2,1.02,-0.26,100.0,53.4,-0.59,0.55,0.0,-0.41000000000000003,100.0,35.7,0.67,0.87,10.31,99.6,2.2,100.0,94.5,0.7000000000000001,1.48,1.16,1.07,80.0,90.3,-0.09,100.0,48.7,9.63,91.2,1241,1,0.01,9.8,-0.13,11.8,101.6,54.9,3.4,0.7000000000000001,29.638029847429454,19.571415569758013,38.8,4.8,0.86,165,64,49.2,567,279,6.5,3.0,34.0,87.0,8.4,0.88,193,168,7.7,40,1643426,31.6,10.1,-1.1,1241,31.0,Olivia Miles,11.1,0.17,12.7,32.8,10.9,0.99,1.6,112.7,17.1,4.7,3.45,3.8,119,G,12.8,2529,19.8,29.865324241390496,35.22174502802817,24.508903454752826,10.7,0.992389354552995,19.721508982302225,28.40098134861654,12.152998073441807,16.2,0.6351913167758161,68.5,,baseline,31.2,23.0,25.5,790,0.73,52.8,medium,volatile_rank,94,38.93,2.09,-0.62,0.88,-0.146,0.371,,True,True,52,-8,1.058,False,6.9,7.4,5.5,6.0,186,62.5,77.7,43.7,79.2,4.7,2026-27,2.8,77.8,4.7,6.2,1.3,2.1,1.7000000000000002,52,2.23,MIN,29.1,3.1,11.1,4.9,4.0,123,60.6,4.6,0.96,27.2,28.16818181818182,17.954545454545453,4.2272727272727275,5.431818181818182,27.613636363636363,1.75,2.7954545454545454,12.886363636363637,3.75,4.386363636363637,0.6249154806105961,33.62954545454545,6.386363636363637,0.9090909090909091,0.75,10.1,7.0,1.0,2.0,10.0,0.6666666666666666,0.3333333333333333,3.3333333333333335,1.0,2.0,0.4501650165016502,12.866666666666667,4.333333333333333,0.3333333333333333,0.6666666666666666,18.86,12.4,3.2,2.2,17.8,1.2,1.6,8.4,1.8,5.0,0.6391113525576035,21.54,-2.6,0.6,0.4,25.03,15.0,3.7,4.5,23.2,1.5,2.3,11.4,3.6,4.2,0.6202342281956896,28.389999999999997,0.6,0.8,0.6,28.34090909090909,18.454545454545453,4.318181818181818,5.863636363636363,28.636363636363637,1.8181818181818181,2.8636363636363638,12.818181818181818,4.2727272727272725,3.8636363636363638,0.6108561339963865,35.02272727272727,6.0,0.9090909090909091,0.6818181818181818,27.995454545454546,17.454545454545453,4.136363636363637,5.0,26.59090909090909,1.6818181818181819,2.727272727272727,12.954545454545455,3.227272727272727,4.909090909090909,0.6389748272248057,32.23636363636364,6.7727272727272725,0.9090909090909091,0.8181818181818182,30.985000000000003,19.75,4.65,5.975,30.375,1.925,3.075,14.175,4.125,4.825,0.6249154806105961,36.99249999999999,7.025,1.0,0.775,0.0,0.0,0.0,0.0,0.0,0.0,0.0,0.0,0.0,0.0,,0.0,0.0,0.0,0.5,28.87575757575758,18.757575757575758,4.181818181818182,6.121212121212121,29.060606060606062,1.7575757575757576,2.696969696969697,13.0,3.878787878787879,4.393939393939394,0.6107046788914358,35.53333333333333,10.121212121212121,0.9393939393939394,1.0,26.045454545454547,15.545454545454545,4.363636363636363,3.3636363636363638,23.272727272727273,1.7272727272727273,3.090909090909091,12.545454545454545,3.3636363636363638,4.363636363636363,0.6738637976432593,27.91818181818182,-4.818181818181818,0.8181818181818182,0.0,8.307896343181506,2.111580873268931,2.968029079597461,11.135979628362206,9.631073081975831,44,-7.4,-1.5,-3.8,-9.813636363636363,-12.14,0.014195871947007443
34.1,35.8,74.1,2.6,13.5,3.9,2.9,3.2,1.73,116,0.5,0.4,16,0.4,0.21,99.4,3.9,12.8,25.1,30.4,3.8,14.7,19.6,0.38,0.52,97.2,0.17,2811,2,0.38,97.1,0.03,4046,3,1.34,97.1,1.85,0.44,100.0,72.7,-0.05,-0.71,100.0,34.0,-1.47,0.46,-0.05,-0.59,100.0,29.4,0.48,0.46,1.8,75.0,-0.05,100.0,52.9,0.35000000000000003,0.5,0.54,0.71,80.0,81.9,0.33,100.0,80.7,0.38,97.1,4046,3,0.08,8.0,0.24,8.8,99.8,52.9,1.4,0.37,30.372197149161025,18.810798857667614,33.8,-0.2,0.15,240,81,46.2,606,280,6.2,2.8,39.9,81.0,2.4,0.26,242,196,6.2,44,1628277,36.4,5.4,-2.1,1436,32.6,Allisha Gray,8.8,0.13,13.0,35.6,8.9,0.55,2.0,108.6,20.5,4.1,3.06,3.4,122,G,9.6,2953,19.0,30.489876153803248,34.75775506865109,26.221997238955403,8.5,0.996140390861261,18.883682491183624,27.788662237130836,11.540678961956104,16.2,1.0,76.8,,baseline,28.3,21.0,23.3,837,1.1,33.8,low,volatile_rank,129,53.04,3.15,-0.96,1.52,-0.425,0.5760000000000001,,True,True,32,0,1.6059999999999999,False,5.2,5.1,3.9,4.2,152,67.5,74.4,34.5,83.0,3.5,2026-27,2.3,23.6,2.9,4.7,1.4,2.0,1.7000000000000002,60,1.9100000000000001,ATL,39.6,1.5,7.2,2.2,1.8,66,58.7,2.7,0.65,22.6,32.586363636363636,19.022727272727273,3.4545454545454546,2.6363636363636362,25.113636363636363,1.7272727272727273,1.5,13.772727272727273,5.454545454545454,5.5,0.5409976675629955,30.804545454545448,7.7727272727272725,1.0,0.6818181818181818,31.03333333333333,18.333333333333332,3.3333333333333335,3.0,24.666666666666668,3.0,1.3333333333333333,10.666666666666666,4.0,5.0,0.4552345444605213,34.5,15.333333333333334,1.0,1.0,30.060000000000002,17.6,5.4,3.0,26.0,2.4,1.2,11.4,5.2,4.0,0.47544909218467823,34.58,18.4,1.0,1.0,31.15,17.0,4.2,3.3,24.5,1.9,1.2,11.9,5.5,4.2,0.4849828835946687,31.490000000000002,14.1,1.0,0.9,32.513636363636365,19.181818181818183,3.8636363636363638,2.6818181818181817,25.727272727272727,1.6818181818181819,1.7272727272727273,13.681818181818182,5.318181818181818,6.2272727272727275,0.5517940251280343,31.159090909090914,8.227272727272727,1.0,0.6818181818181818,32.659090909090914,18.863636363636363,3.0454545454545454,2.590909090909091,24.5,1.7727272727272727,1.2727272727272727,13.863636363636363,5.590909090909091,4.7727272727272725,0.5302013099979568,30.450000000000003,7.318181818181818,1.0,0.6818181818181818,32.586363636363636,19.022727272727273,3.4545454545454546,2.6363636363636362,25.113636363636363,1.7272727272727273,1.5,13.772727272727273,5.454545454545454,5.5,0.5409976675629955,30.804545454545448,7.7727272727272725,1.0,0.6818181818181818,,,,,,,,,,,,,,,,31.990000000000006,19.6,3.6,2.8,26.0,1.9333333333333333,1.3666666666666667,12.933333333333334,5.266666666666667,5.366666666666666,0.522531653686691,32.553333333333335,15.266666666666667,1.0,1.0,33.86428571428572,17.785714285714285,3.142857142857143,2.2857142857142856,23.214285714285715,1.2857142857142858,1.7857142857142858,15.571428571428571,5.857142857142857,5.785714285714286,0.5805676972979338,27.057142857142853,-8.285714285714286,1.0,0.0,5.748563567247105,2.491422918871168,1.5714148430250656,7.761610684827795,3.9811527434926464,44,-1.3999999999999986,1.9000000000000004,0.3999999999999999,0.8863636363636367,-2.539999999999999,-0.06554857537831726
37.2,42.1,58.4,6.8,33.4,10.6,7.6,8.4,2.83,293,0.4,0.30000000000000004,11,0.30000000000000004,0.2,97.7,3.4,-8.3,16.6,75.0,1.3,36.2,32.8,9.31,9.44,97.1,1.01,2666,2,9.31,97.1,0.88,3779,3,1.32,97.1,3.9699999999999998,3.47,100.0,98.3,1.6400000000000001,-0.9500000000000001,100.0,26.5,-1.76,0.38,0.28,-0.51,100.0,33.2,0.7000000000000001,0.8,11.43,98.7,2.9699999999999998,100.0,97.5,0.72,1.45,1.1,1.25,80.0,93.7,1.09,100.0,92.9,9.31,97.1,3779,3,0.03,6.5,0.77,11.2,100.7,57.1,5.6,1.05,29.29695664070495,22.067213572444548,38.3,4.3,0.79,261,100,48.8,601,293,5.5,2.1,23.0,92.8,14.2,1.48,138,128,8.3,43,1629498,42.9,15.1,-2.3,1388,32.3,Jackie Young,14.0,0.18,11.0,33.5,9.0,2.23,2.5,114.7,26.5,3.2,2.31,2.6,89,G,11.4,2770,18.9,30.046631275684906,34.31451019053275,25.77875236083706,8.5,0.9750496277568851,22.631887592440265,31.54112302396966,15.293139748794928,16.2,1.0,75.8,,baseline,29.4,21.1,23.5,814,3.94,55.2,medium,,1,0.5,5.89,1.98,4.8100000000000005,-0.871,0.55,,True,True,2,1,1.525,False,7.0,6.8,4.9,5.4,189,73.3,38.0,15.0,84.0,4.4,2026-27,1.0,50.0,-6.1,-8.2,0.9,1.4,1.1,38,1.27,LVA,43.4,2.4,10.6,3.8,3.0,105,61.5,5.5,1.11,24.6,32.32790697674419,18.930232558139537,4.395348837209302,6.813953488372093,30.13953488372093,1.1395348837209303,2.441860465116279,13.976744186046512,6.069767441860465,3.2093023255813953,0.5521229758268694,35.402325581395345,8.162790697674419,0.9767441860465116,0.7209302325581395,33.03333333333333,14.0,5.0,10.0,29.0,1.6666666666666667,2.3333333333333335,13.0,5.333333333333333,0.6666666666666666,0.4737547662586705,37.666666666666664,14.333333333333334,1.0,1.0,30.839999999999996,20.0,4.0,8.6,32.6,1.2,2.4,14.0,7.0,3.4,0.5907049670348958,38.9,16.6,1.0,1.0,31.919999999999998,20.9,3.8,7.2,31.9,0.9,2.6,14.9,7.5,3.3,0.6029416423961327,36.36,11.5,1.0,0.8,31.818181818181817,19.318181818181817,3.6818181818181817,6.0,29.0,0.8636363636363636,2.227272727272727,13.0,6.318181818181818,3.8636363636363638,0.5305857135272609,33.1,6.090909090909091,0.9545454545454546,0.6818181818181818,32.86190476190476,18.523809523809526,5.142857142857143,7.666666666666667,31.333333333333332,1.4285714285714286,2.6666666666666665,15.0,5.809523809523809,2.5238095238095237,0.5746858220455072,37.81428571428571,10.333333333333334,1.0,0.7619047619047619,32.642857142857146,19.38095238095238,4.428571428571429,6.928571428571429,30.738095238095237,1.1428571428571428,2.4285714285714284,14.261904761904763,6.166666666666667,3.2857142857142856,0.5590359013296035,36.08809523809524,8.571428571428571,1.0,0.7380952380952381,19.1,0.0,3.0,2.0,5.0,1.0,3.0,2.0,2.0,0.0,0.2617801047120419,6.6,-9.0,0.0,0.0,32.935483870967744,20.483870967741936,4.419354838709677,7.580645161290323,32.483870967741936,1.3225806451612903,2.193548387096774,14.225806451612904,6.387096774193548,3.4838709677419355,0.547929678541476,38.932258064516134,15.225806451612904,1.0,1.0,30.75833333333333,14.916666666666666,4.333333333333333,4.833333333333333,24.083333333333332,0.6666666666666666,3.0833333333333335,13.333333333333334,5.25,2.5,0.5629556604808029,26.28333333333333,-10.083333333333334,0.9166666666666666,0.0,7.998200240522,2.4989477298190264,2.6837767804549184,8.959117184795446,4.2153532067677695,43,1.1000000000000014,-0.40000000000000036,1.7999999999999998,2.460465116279071,-1.4600000000000009,0.03858199120802641
25.5,22.5,59.4,3.4,7.9,5.6,4.2,4.6,1.62,57,0.8,0.6000000000000001,8,0.5,0.08,72.1,4.7,18.4,30.7,28.6,2.9,11.6,28.2,1.1,0.81,81.9,-0.29,1634,2,1.1,81.9,0.0,1980,3,0.85,81.9,1.8,2.67,100.0,95.4,0.36,-0.31,100.0,50.8,-1.1400000000000001,0.39,0.14,-0.77,98.1,20.6,0.52,0.32,2.4,79.2,0.43,100.0,81.1,0.08,0.59,0.58,-0.77,80.0,23.9,-0.9400000000000001,100.0,18.5,1.1,81.9,1980,3,0.01,7.2,0.27,3.4,110.0,45.1,-6.4,-0.9,11.888285297111047,8.05802344800129,25.8,-8.2,-0.98,62,16,41.8,244,102,6.8,2.4,43.9,89.7,11.1,1.16,107,96,2.8,17,1628279,36.2,19.3,-10.6,500,29.4,Brittney Sykes,-2.3,0.07,11.1,40.6,11.7,-0.30000000000000004,1.1,107.7,21.3,4.0,2.95,3.3,41,G,4.5,1022,18.6,18.814897263271863,24.59811927153837,13.031675255005357,11.6,0.6318549142608341,12.752964748921586,20.39234096406015,7.253532406473037,13.1,0.818566414116019,59.0,,baseline,30.9,22.8,25.3,316,0.11,44.1,low,,28,11.05,1.92,-1.69,0.16,-0.05,0.51,,True,True,86,-14,1.408,False,2.2,5.8,4.3,4.7,59,60.2,77.9,34.0,69.8,3.5,2026-27,1.6,62.8,-0.9,-2.8,1.2,2.0,1.6,20,2.02,TOR,25.4,2.1,3.5,3.5,2.9,36,54.3,-1.7000000000000002,-0.07,28.7,11.356818181818182,7.181818181818182,1.3409090909090908,1.2954545454545454,9.818181818181818,0.6363636363636364,0.8181818181818182,5.545454545454546,1.4090909090909092,2.4318181818181817,0.6505962410297133,11.825,-0.6136363636363636,0.36363636363636365,0.25,0.0,0.0,0.0,0.0,0.0,0.0,0.0,0.0,0.0,0.0,,0.0,0.0,0.0,0.0,0.0,0.0,0.0,0.0,0.0,0.0,0.0,0.0,0.0,0.0,,0.0,0.0,0.0,0.0,0.15,0.0,0.0,0.0,0.0,0.0,0.0,0.1,0.0,0.0,0.6666666666666666,0.0,-0.4,0.0,0.1,11.468181818181819,6.636363636363637,1.3181818181818181,1.2727272727272727,9.227272727272727,0.5909090909090909,0.9545454545454546,5.636363636363637,1.2272727272727273,2.5454545454545454,0.6817135678854278,10.945454545454545,-0.3181818181818182,0.36363636363636365,0.3181818181818182,11.245454545454546,7.7272727272727275,1.3636363636363635,1.3181818181818181,10.409090909090908,0.6818181818181818,0.6818181818181818,5.454545454545454,1.5909090909090908,2.3181818181818183,0.6155892483170344,12.704545454545455,-0.9090909090909091,0.36363636363636365,0.18181818181818182,31.1375,19.75,3.6875,3.5625,27.0,1.75,2.25,15.1875,3.875,6.6875,0.6495918394274037,32.51875,-1.4375,1.0,0.4375,0.05357142857142857,0.0,0.0,0.0,0.0,0.0,0.0,0.03571428571428571,0.0,0.0,0.6666666666666666,0.0,-0.14285714285714285,0.0,0.14285714285714285,22.036363636363635,16.818181818181817,3.272727272727273,2.090909090909091,22.181818181818183,1.0909090909090908,0.9090909090909091,11.272727272727273,3.1818181818181817,6.2727272727272725,0.6759529011598433,26.245454545454546,4.363636363636363,0.6363636363636364,1.0,7.796969696969696,3.9696969696969697,0.696969696969697,1.0303030303030303,5.696969696969697,0.48484848484848486,0.7878787878787878,3.6363636363636362,0.8181818181818182,1.1515151515151516,0.6280569875807088,7.018181818181818,-2.272727272727273,0.2727272727272727,0.0,11.175706059111508,2.261335084333227,2.041198296652711,14.565446092487182,15.565635939425398,44,-18.6,-3.5,-3.4,-9.818181818181818,-29.4,
30.0,33.3,51.7,2.0,2.5,3.3,2.4,2.7,1.0,8,2.9,2.4,7,1.8,-0.09,17.7,7.6,8.0,40.2,0.0,1.7000000000000002,4.1,21.4,-1.2,-1.32,41.2,-1.9300000000000002,1215,2,-1.2,41.2,-1.81,2307,3,-0.45,41.2,-0.02,0.76,33.6,80.3,-0.05,0.24,31.9,87.0,0.34,0.01,1.8599999999999999,0.0,31.1,54.6,0.08,0.16,0.48,56.7,-0.17,31.8,46.2,-0.04,0.2,0.02,-0.26,26.9,42.4,-0.05,32.1,50.8,-1.2,41.2,2307,3,0.01,9.2,-0.11,2.8,100.6,45.0,-6.5,-0.92,,,28.6,-5.4,-0.59,21,6,40.0,60,24,11.4,1.8,36.7,81.8,3.2,0.35000000000000003,22,18,2.0,4,1642288,54.5,18.3,,118,29.5,Rickea Jackson,-3.3,-0.1,11.3,32.3,10.1,-0.26,0.6000000000000001,97.3,30.0,2.9,2.14,2.4,7,F,5.5,239,18.0,,,,,,,,,,,,,,30.1,22.0,24.4,72,-0.44,38.1,low,low_sample,16,5.89,1.55,-2.42,-0.28,-0.162,0.557,,True,True,149,31,1.5470000000000002,False,1.7000000000000002,7.9,5.9,6.4,19,50.0,53.4,16.7,62.9,4.8,2026-27,2.0,37.5,-7.0,-10.8,0.30000000000000004,0.4,0.30000000000000004,1,2.44,CHI,35.0,2.0,3.0,3.3,2.7,8,51.7,-4.3,-0.5,28.9,7.375000000000001,4.5,1.1875,0.5,6.1875,0.5,0.5,3.75,1.3125,1.375,0.6735098898866043,7.675000000000001,-0.9375,0.1875,0.375,0.0,0.0,0.0,0.0,0.0,0.0,0.0,0.0,0.0,0.0,,0.0,0.0,0.0,0.6666666666666666,0.0,0.0,0.0,0.0,0.0,0.0,0.0,0.0,0.0,0.0,,0.0,0.0,0.0,0.4,0.0,0.0,0.0,0.0,0.0,0.0,0.0,0.0,0.0,0.0,,0.0,0.0,0.0,0.3,0.0,0.0,0.0,0.0,0.0,0.0,0.0,0.0,0.0,0.0,,0.0,0.0,0.0,0.375,14.750000000000002,9.0,2.375,1.0,12.375,1.0,1.0,7.5,2.625,2.75,0.6735098898866043,15.350000000000001,-1.875,0.375,0.375,35.6,22.0,6.0,2.6666666666666665,30.666666666666668,2.3333333333333335,2.0,18.0,6.333333333333333,7.333333333333333,0.6599179484202343,38.2,-2.6666666666666665,1.0,0.6666666666666666,0.8615384615384615,0.46153846153846156,0.07692307692307693,0.0,0.5384615384615384,0.07692307692307693,0.15384615384615385,0.46153846153846156,0.15384615384615385,0.0,0.7142857142857143,0.6307692307692307,-0.5384615384615384,0.0,0.3076923076923077,14.250000000000002,7.166666666666667,2.1666666666666665,1.3333333333333333,10.666666666666666,0.8333333333333334,1.0,6.333333333333333,1.8333333333333333,2.6666666666666665,0.6247824172847031,13.266666666666667,1.0,0.3333333333333333,1.0,3.25,2.9,0.6,0.0,3.5,0.3,0.2,2.2,1.0,0.6,0.8196923076923077,4.32,-2.1,0.1,0.0,9.084785816591019,2.428133714055577,1.414213562373095,12.346220744287162,14.319892923249578,16,-18.0,-4.8,-2.0,-6.1875,-29.5,
35.7,58.4,75.6,3.7,17.4,5.3,3.9,4.3,2.85,159,1.3,1.1,39,0.9,0.33,95.2,3.6,12.8,18.1,33.3,2.9,23.5,23.5,5.01,5.11,97.0,0.6000000000000001,2527,2,5.01,96.9,0.5,3439,3,1.32,96.9,2.43,1.2,100.0,84.0,0.63,0.64,100.0,93.7,0.54,0.55,0.09,-0.54,100.0,32.4,0.37,0.67,4.61,92.9,0.85,100.0,84.5,0.48,0.67,0.61,0.2,80.0,65.5,1.54,100.0,97.1,5.01,96.9,3439,3,0.17,14.3,0.7000000000000001,10.1,100.6,51.4,-0.1,0.13,31.750407291129687,19.25700217683803,35.5,1.5,0.39,377,134,40.5,615,249,11.0,2.9,24.7,86.2,7.6,0.8,152,131,6.5,43,1631009,22.2,10.2,-2.4,1472,34.2,Rhyne Howard,6.3,0.16,13.9,34.9,8.0,-0.2,1.9,106.9,14.1,4.2,3.08,3.4,126,F,13.8,3007,17.7,31.750407291129687,36.01828620597753,27.48252837628184,8.5,1.0,19.25700217683803,28.163456760423955,11.915473485249223,16.2,1.0,77.0,,baseline,25.4,18.6,20.7,763,0.93,39.0,low,prior_heavy,16,6.22,3.17,-1.32,0.9400000000000001,-0.01,0.618,,True,True,41,-17,1.754,False,5.6,5.5,4.0,4.5,164,64.8,39.0,14.3,83.2,3.8,2026-27,1.7000000000000002,39.8,-2.8,-0.6000000000000001,2.3,3.3,2.7,100,3.4,ATL,61.3,1.3,6.6,1.9,1.6,58,55.9,-0.1,0.19,21.0,34.22790697674419,17.74418604651163,3.813953488372093,3.697674418604651,25.25581395348837,3.2325581395348837,1.3488372093023255,14.30232558139535,8.767441860465116,3.5348837209302326,0.5052052762692675,36.21627906976744,5.883720930232558,0.9767441860465116,0.6976744186046512,31.833333333333332,12.666666666666666,3.6666666666666665,3.6666666666666665,20.0,2.3333333333333335,0.6666666666666666,12.333333333333334,6.333333333333333,2.0,0.43097390884101855,28.900000000000002,19.0,1.0,1.0,31.76,12.8,3.6,4.2,20.6,3.0,0.6,13.4,7.4,2.4,0.47348671784373286,31.820000000000004,17.4,1.0,1.0,33.010000000000005,17.7,4.0,3.8,25.5,3.0,1.6,15.7,8.9,3.1,0.566740512053129,35.6,13.3,1.0,0.9,33.68571428571428,18.80952380952381,3.761904761904762,3.8095238095238093,26.38095238095238,3.380952380952381,1.1904761904761905,14.19047619047619,9.571428571428571,3.6666666666666665,0.5054798078418935,37.9904761904762,5.333333333333333,0.9523809523809523,0.7142857142857143,34.74545454545456,16.727272727272727,3.8636363636363638,3.590909090909091,24.181818181818183,3.090909090909091,1.5,14.409090909090908,8.0,3.409090909090909,0.5049432234044876,34.52272727272727,6.409090909090909,1.0,0.6818181818181818,34.53571428571428,17.714285714285715,3.9047619047619047,3.7142857142857144,25.333333333333332,3.142857142857143,1.3333333333333333,14.380952380952381,8.80952380952381,3.5476190476190474,0.5012268192879744,36.06666666666666,5.595238095238095,1.0,0.6904761904761905,21.3,19.0,0.0,3.0,22.0,7.0,2.0,11.0,7.0,3.0,0.672300469483568,42.5,18.0,0.0,1.0,33.56666666666667,17.966666666666665,4.133333333333334,4.166666666666667,26.266666666666666,3.3666666666666667,1.3333333333333333,14.033333333333333,8.633333333333333,3.6,0.5091652890844044,37.94333333333334,12.766666666666667,0.9666666666666667,1.0,35.75384615384615,17.23076923076923,3.076923076923077,2.6153846153846154,22.923076923076923,2.923076923076923,1.3846153846153846,14.923076923076923,9.076923076923077,3.3846153846153846,0.4960667851574119,32.23076923076923,-10.0,1.0,0.0,6.612012960750607,1.9670598552091996,1.9824814143238605,6.765081998080513,4.171406385049996,43,-4.899999999999999,-0.19999999999999973,0.5,-4.655813953488369,-2.4400000000000013,-0.031718558425534615
40.3,49.3,75.3,2.2,10.1,3.3,2.5,2.7,1.69,96,0.30000000000000004,0.30000000000000004,10,0.2,0.24,97.5,6.1,26.7,23.8,48.5,6.0,11.3,15.9,0.86,0.85,97.1,-0.03,2573,2,0.86,97.1,-0.02,3737,3,1.1,97.1,1.98,-0.8200000000000001,100.0,43.7,0.19,-0.32,100.0,49.2,-1.35,0.67,-0.06,-1.05,100.0,12.2,0.7000000000000001,0.56,2.16,77.7,-0.19,100.0,45.0,0.43,0.30000000000000004,0.47000000000000003,1.51,80.0,97.1,1.6099999999999999,100.0,97.5,0.86,97.1,3737,3,0.06,8.9,0.31,7.3,101.9,57.0,5.5,1.04,31.59875601167224,17.417252868742352,41.2,7.2,1.2,306,126,45.7,554,253,9.8,1.9,28.0,92.3,13.7,1.43,155,143,5.6,44,203825,36.4,9.9,-0.4,1406,32.0,Kayla McBride,10.2,0.17,12.9,33.7,11.1,2.95,1.8,112.1,14.8,2.9,2.15,2.4,84,F,9.3,2870,17.6,31.59875601167224,35.866634926520085,27.330877096824395,8.5,1.0,17.417252868742352,26.202315227641698,8.680256756380935,17.5,0.6550383576619401,68.7,,baseline,27.0,19.8,22.0,775,3.31,47.2,low,prior_heavy,0,0.0,5.55,1.07,3.63,-0.327,0.617,,True,True,4,-3,1.749,False,4.7,4.6,3.4,3.8,132,65.8,48.0,20.0,80.1,3.0,2026-27,2.2,14.6,-1.0,1.1,1.6,2.5,2.0,72,2.1,MIN,55.2,1.3,7.0,1.9,1.6,55,62.3,6.3,1.24,21.0,31.96136363636364,17.613636363636363,3.0,2.1818181818181817,22.795454545454547,1.8636363636363635,1.25,12.590909090909092,6.954545454545454,3.522727272727273,0.4827576474816256,28.827272727272728,6.409090909090909,0.9545454545454546,0.75,23.099999999999998,12.0,1.6666666666666667,3.0,16.666666666666668,1.0,0.6666666666666666,9.666666666666666,7.0,2.0,0.476001001001001,20.833333333333332,8.333333333333334,0.6666666666666666,0.6666666666666666,28.079999999999995,13.8,2.2,2.6,18.6,1.8,0.8,12.0,6.8,2.4,0.48720329185244526,24.940000000000005,1.4,0.8,0.4,30.96,15.1,2.1,2.4,19.6,1.9,0.8,11.2,7.0,3.5,0.43837391111669344,26.119999999999997,3.4,0.9,0.6,31.827272727272728,19.40909090909091,3.3181818181818183,2.0,24.727272727272727,1.6363636363636365,1.5454545454545454,13.454545454545455,7.454545454545454,3.5,0.5228174713089394,29.754545454545454,6.7272727272727275,1.0,0.6818181818181818,32.095454545454544,15.818181818181818,2.6818181818181817,2.3636363636363638,20.863636363636363,2.090909090909091,0.9545454545454546,11.727272727272727,6.454545454545454,3.5454545454545454,0.44269782365431154,27.90000000000001,6.090909090909091,0.9090909090909091,0.8181818181818182,32.61190476190476,18.11904761904762,3.0476190476190474,2.2857142857142856,23.452380952380953,1.8571428571428572,1.2619047619047619,12.80952380952381,7.071428571428571,3.6904761904761907,0.48324320328504794,29.514285714285712,7.071428571428571,1.0,0.7619047619047619,18.3,7.0,2.0,0.0,9.0,2.0,1.0,8.0,4.5,0.0,0.4725609756097561,14.4,-7.5,0.0,0.5,31.639393939393937,18.12121212121212,3.1818181818181817,2.1818181818181817,23.484848484848484,1.9090909090909092,1.0606060606060606,12.272727272727273,6.96969696969697,3.6363636363636362,0.4761400483787387,29.87878787878788,11.090909090909092,0.9696969696969697,1.0,32.92727272727273,16.09090909090909,2.4545454545454546,2.1818181818181817,20.727272727272727,1.7272727272727273,1.8181818181818181,13.545454545454545,6.909090909090909,3.1818181818181817,0.502610444790286,25.672727272727272,-7.636363636363637,0.9090909090909091,0.0,7.628636103192103,2.1130821751814968,1.5138542720060726,7.822387506395435,5.4249730857371565,44,-3.8000000000000007,-0.7999999999999998,0.3999999999999999,-4.195454545454545,-3.9200000000000053,0.004445644370819679
39.1,23.3,53.8,3.1,17.5,4.9,3.6,4.0,1.72,133,0.5,0.4,14,0.30000000000000004,-0.04,99.5,5.1,-19.2,25.0,35.3,3.0,16.5,21.4,4.46,4.48,97.1,0.51,2626,2,4.46,97.1,0.49,3717,3,1.32,97.1,2.29,1.06,100.0,83.2,0.18,-0.24,100.0,53.8,2.0,0.54,0.05,1.82,100.0,93.3,0.43,0.59,2.55,90.8,0.14,100.0,74.8,0.4,0.67,0.65,0.98,80.0,89.1,-0.38,100.0,31.5,4.46,97.1,3717,3,-0.1,12.0,-0.24,24.8,108.8,56.6,5.1,0.97,28.4730260847256,14.343907953276785,38.7,4.7,0.84,150,58,51.6,572,295,9.2,1.6,19.2,85.5,6.9,0.73,110,94,18.3,43,203014,43.3,18.2,-2.4,1331,31.0,Nneka Ogwumike,-4.8,0.06,15.4,39.2,9.5,1.7000000000000002,5.9,104.0,28.0,2.6,1.8900000000000001,2.1,70,F,26.4,2724,17.3,28.59159442618981,33.94801521282748,23.23517363955214,10.7,0.99585303499704,14.403639341541403,23.311282773379354,7.063299498204621,16.2,1.0,75.9,,baseline,27.2,20.1,22.3,742,1.03,29.0,low,volatile_rank,158,69.75,3.21,-1.1400000000000001,0.78,0.251,0.602,,True,True,36,47,1.697,False,15.3,14.3,10.5,11.7,389,74.1,46.8,27.6,83.0,9.0,2026-27,2.7,24.1,-3.5,-6.8,1.2,1.8,1.5,50,1.73,LAS,26.2,1.8,9.8,2.9,2.4,79,59.8,3.8,0.8300000000000001,23.2,30.87906976744186,17.25581395348837,9.046511627906977,3.0930232558139537,29.3953488372093,1.4883720930232558,1.8372093023255813,13.30232558139535,3.488372093023256,2.558139534883721,0.5300265092739405,35.37906976744186,-3.046511627906977,1.0,0.3488372093023256,30.433333333333337,18.0,12.0,4.0,34.0,1.6666666666666667,1.3333333333333333,16.0,3.3333333333333335,1.6666666666666667,0.59853778850897,42.06666666666666,2.3333333333333335,1.0,0.3333333333333333,29.720000000000006,19.0,11.0,3.8,33.8,1.6,1.2,15.4,4.0,1.2,0.5784062988363761,41.5,4.2,1.0,0.4,29.57,18.6,9.9,3.1,31.6,1.2,1.8,14.7,2.9,2.0,0.5914239983277887,36.93,0.3,1.0,0.4,31.05454545454546,17.545454545454547,9.454545454545455,3.4545454545454546,30.454545454545453,1.2727272727272727,2.1363636363636362,13.318181818181818,3.272727272727273,2.8636363636363638,0.5420132635385255,35.75454545454546,-1.2727272727272727,1.0,0.36363636363636365,30.69523809523809,16.952380952380953,8.619047619047619,2.7142857142857144,28.285714285714285,1.7142857142857142,1.5238095238095237,13.285714285714286,3.7142857142857144,2.238095238095238,0.5174689571872324,34.98571428571428,-4.904761904761905,1.0,0.3333333333333333,30.87906976744186,17.25581395348837,9.046511627906977,3.0930232558139537,29.3953488372093,1.4883720930232558,1.8372093023255813,13.30232558139535,3.488372093023256,2.558139534883721,0.5300265092739405,35.37906976744186,-3.046511627906977,1.0,0.3488372093023256,,,,,,,,,,,,,,,,31.69333333333333,20.0,9.666666666666666,2.8,32.46666666666667,1.8666666666666667,1.5333333333333334,15.2,4.266666666666667,2.2666666666666666,0.5645693886218281,39.86666666666667,8.866666666666667,1.0,1.0,30.442857142857147,15.785714285714286,8.714285714285714,3.25,27.75,1.2857142857142858,2.0,12.285714285714286,3.0714285714285716,2.7142857142857144,0.5115213953375722,32.975,-9.428571428571429,1.0,0.0,4.860398882591419,3.3732384353212033,1.937277833509741,6.883864968113831,2.4099553581653623,43,1.6999999999999993,2.0,0.6999999999999997,4.404651162790696,-1.279999999999994,0.048379789562435604
27.1,14.4,53.5,1.7000000000000002,9.7,3.0,2.3,2.5,0.63,58,2.5,2.1,48,1.4,0.07,93.8,6.1,-19.8,25.5,33.3,1.9,2.6,22.1,2.05,1.98,95.1,0.1,1475,2,2.05,93.2,0.17,1475,2,1.34,93.2,0.9500000000000001,1.42,100.0,86.1,-0.96,0.63,100.0,93.3,4.2,0.32,0.08,2.75,100.0,97.9,0.41000000000000003,0.43,-2.04,83.6,-1.55,100.0,2.5,0.06,0.37,0.23,-0.31,80.0,37.8,-1.65,100.0,10.5,2.05,93.2,1475,2,0.0,15.1,0.08,17.5,106.8,51.0,-0.5,0.06,23.903623378978793,16.57997783488565,27.8,-6.2,-0.7000000000000001,79,22,48.8,486,237,8.5,2.8,29.0,73.8,-4.8,-0.48,141,104,15.5,35,1642798,20.4,11.1,-1.2,926,26.5,Dominique Malonga,-6.2,0.07,15.4,34.4,9.8,0.46,6.6,100.6,35.4,5.2,3.85,4.3,99,C,20.2,1904,17.1,25.270146450069657,30.626567236707327,19.913725663431986,10.7,0.945923420990419,17.52782251392587,26.331739022068472,8.809680550807709,17.5,1.0,72.3,,baseline,31.5,23.2,25.9,600,0.54,42.6,low,,13,4.87,2.6,-1.53,0.4,0.134,0.577,,True,True,60,37,1.611,False,12.2,16.1,12.0,13.3,307,71.8,66.2,37.2,80.1,8.8,2026-27,3.8,27.4,-0.5,-3.9,1.0,1.9,1.6,36,3.27,SEA,16.3,2.7,12.0,4.9,4.1,94,54.7,-1.3,-0.01,29.4,21.027272727272727,13.636363636363637,6.9772727272727275,1.3181818181818181,21.931818181818183,1.9090909090909092,2.1363636363636362,11.045454545454545,1.7954545454545454,3.2045454545454546,0.6997059731567707,27.577272727272728,-3.340909090909091,0.7045454545454546,0.18181818181818182,27.53333333333333,20.666666666666668,7.333333333333333,1.0,29.0,2.0,2.6666666666666665,13.666666666666666,2.6666666666666665,7.0,0.6959855239190874,34.300000000000004,-10.0,1.0,0.0,27.839999999999996,17.8,8.6,1.4,27.8,2.2,2.2,14.2,2.4,5.2,0.6627479559554624,34.62,-13.6,1.0,0.0,27.160000000000004,17.3,9.0,1.8,28.1,2.9,2.4,14.3,2.7,5.1,0.6981536299350326,37.10000000000001,-6.9,1.0,0.2,20.577272727272724,13.772727272727273,6.818181818181818,1.2727272727272727,21.863636363636363,1.9545454545454546,1.9545454545454546,10.772727272727273,1.9090909090909092,3.5,0.7010734865953304,27.772727272727273,-1.8636363636363635,0.6818181818181818,0.2727272727272727,21.477272727272727,13.5,7.136363636363637,1.3636363636363635,22.0,1.8636363636363635,2.3181818181818183,11.318181818181818,1.6818181818181819,2.909090909090909,0.6985543828927202,27.381818181818186,-4.818181818181818,0.7272727272727273,0.09090909090909091,27.43548387096774,18.032258064516128,9.193548387096774,1.8064516129032258,29.032258064516128,2.4193548387096775,2.774193548387097,14.516129032258064,2.4193548387096775,4.193548387096774,0.7020287112602792,36.258064516129025,-5.032258064516129,1.0,0.16129032258064516,5.746153846153846,3.1538461538461537,1.6923076923076923,0.15384615384615385,5.0,0.6923076923076923,0.6153846153846154,2.769230769230769,0.3076923076923077,0.8461538461538461,0.6817047528545787,6.876923076923077,0.6923076923076923,0.0,0.23076923076923078,20.5125,11.0,6.75,1.25,19.0,2.75,2.25,9.25,1.5,1.5,0.5934399097900135,26.975,7.375,0.625,1.0,21.141666666666666,14.222222222222221,7.027777777777778,1.3333333333333333,22.583333333333332,1.7222222222222223,2.111111111111111,11.444444444444445,1.8611111111111112,3.5833333333333335,0.7216920552326513,27.711111111111116,-5.722222222222222,0.7222222222222222,0.0,10.032716039064766,4.5875901175541784,1.2156484970989527,14.288388076568976,11.817672293456017,44,0.6999999999999993,-0.20000000000000107,-0.30000000000000027,5.868181818181817,1.3399999999999963,-0.03695801720130831
30.2,9.8,53.9,2.6,16.3,4.4,3.2,3.5,0.93,111,2.1,1.7000000000000002,53,1.2,0.03,99.0,8.7,10.5,16.1,100.0,0.2,9.4,24.5,2.25,2.16,96.1,0.17,2021,2,2.25,94.2,0.26,2125,3,1.3,94.2,1.33,1.67,100.0,87.8,-0.28,0.37,100.0,89.1,3.76,0.44,0.09,2.64,100.0,97.1,0.03,0.46,-1.3900000000000001,84.5,-0.8,100.0,21.0,0.16,0.54,0.25,-0.55,80.0,30.7,-2.0,100.0,7.1,2.25,94.2,2125,3,0.04,14.8,0.4,24.5,99.2,49.9,-1.6,-0.12,28.34991680660178,19.824686118490956,31.5,-2.5,-0.18,54,17,48.3,540,261,10.9,1.9,48.5,72.5,-6.1,-0.62,262,190,19.3,43,1631022,46.5,8.0,-0.7000000000000001,1264,29.4,Shakira Austin,5.3,-0.01,16.2,32.4,8.7,-0.63,6.5,104.5,38.1,3.2,2.31,2.6,81,C,27.2,2538,17.0,28.72286604957623,34.079286836213896,23.36644526293856,10.7,0.987015597874852,20.08548412119887,28.89031081606881,11.368252344808045,17.5,0.6842134187390461,67.8,,baseline,28.7,20.8,23.1,729,-0.2,47.6,low,,33,13.35,1.62,-2.03,-0.11,-0.092,0.515,,True,True,114,38,1.422,False,16.0,16.1,11.6,12.9,408,63.3,92.4,43.9,81.1,9.5,2026-27,2.7,33.3,1.5,-1.8,0.8,1.4,1.1,35,2.51,WAS,10.0,2.8,13.3,4.7,3.8,120,55.6,-0.4,0.14,27.0,28.759090909090904,16.568181818181817,9.25,2.522727272727273,28.34090909090909,2.0,2.727272727272727,12.272727272727273,1.2272727272727273,5.954545454545454,0.6201022801329639,34.724999999999994,2.0454545454545454,0.9318181818181818,0.6363636363636364,27.633333333333336,17.333333333333332,11.333333333333334,3.6666666666666665,32.333333333333336,2.3333333333333335,1.6666666666666667,12.0,1.0,10.333333333333334,0.660680206357645,41.766666666666666,10.333333333333334,1.0,1.0,28.1,18.2,10.2,3.4,31.8,2.0,2.0,12.8,1.0,8.8,0.6653493428415358,39.54,9.8,1.0,0.8,28.420000000000005,17.7,9.2,2.8,29.7,2.2,2.4,12.4,0.7,7.7,0.6413327485954661,37.14,6.1,1.0,0.8,30.577272727272728,17.818181818181817,10.045454545454545,3.0,30.863636363636363,1.8636363636363635,2.909090909090909,13.045454545454545,1.3181818181818181,6.681818181818182,0.6333584131346419,37.05454545454547,4.590909090909091,1.0,0.6818181818181818,26.94090909090909,15.318181818181818,8.454545454545455,2.0454545454545454,25.818181818181817,2.1363636363636362,2.5454545454545454,11.5,1.1363636363636365,5.2272727272727275,0.6062149027026339,32.39545454545455,-0.5,0.8636363636363636,0.5909090909090909,29.763414634146336,17.463414634146343,9.439024390243903,2.6341463414634148,29.536585365853657,2.024390243902439,2.707317073170732,12.804878048780488,1.2439024390243902,6.195121951219512,0.6206128028771742,36.10731707317073,2.8536585365853657,1.0,0.6341463414634146,15.033333333333331,4.333333333333333,6.666666666666667,1.0,12.0,1.6666666666666667,3.0,5.0,1.0,2.6666666666666665,0.609636563876652,15.833333333333334,-9.0,0.0,0.6666666666666666,28.746428571428574,17.464285714285715,9.321428571428571,2.5,29.285714285714285,2.25,2.392857142857143,12.214285714285714,1.25,6.571428571428571,0.6194632510874511,36.75714285714286,8.321428571428571,0.9285714285714286,1.0,28.78125,15.0,9.125,2.5625,26.6875,1.5625,3.3125,12.375,1.1875,4.875,0.6211806416472659,31.168750000000003,-8.9375,0.9375,0.0,6.922822812054602,3.257370890193358,1.6911347004460804,8.468665038034453,6.484016777657095,44,1.1999999999999993,0.6999999999999993,0.7999999999999998,3.4590909090909108,-1.2999999999999972,0.04524706270857193
32.4,32.6,65.2,4.4,21.2,6.7,4.8,5.4,1.83,177,0.9,0.8,25,0.6000000000000001,0.09,99.1,8.7,12.5,26.5,50.0,3.6,19.6,24.3,3.55,3.4,97.2,0.07,2668,2,3.55,94.2,0.22,2668,2,1.32,94.2,2.45,1.46,100.0,86.6,0.21,-0.28,100.0,51.3,-0.88,0.5,0.17,-0.62,100.0,29.0,0.49,0.66,4.63,89.9,1.03,100.0,87.0,0.48,1.13,0.72,1.23,80.0,92.9,-0.33,100.0,34.0,3.55,94.2,2668,2,0.08,8.5,0.8,8.0,100.2,54.5,3.0,0.63,30.272603223525394,15.56742648142767,34.2,0.2,0.21,161,55,48.3,445,215,8.7,2.0,47.6,87.7,9.1,0.96,212,186,6.8,40,1642785,47.5,9.0,-2.7,1320,33.0,Sonia Citron,5.3,0.01,15.7,31.6,8.4,1.1,2.6,105.5,25.8,3.1,2.24,2.5,82,G,9.7,2643,16.8,30.272603223525394,34.540482138373235,26.004724308677552,8.5,1.0,15.56742648142767,24.47259308808791,8.224609812913176,16.2,0.9580793192618521,76.1,,baseline,25.4,18.3,20.3,671,2.47,50.1,medium,,24,9.07,4.3,0.64,2.76,-0.292,0.518,,True,True,10,5,1.429,False,5.5,5.7,4.1,4.6,151,69.0,76.6,29.0,89.6,3.8,2026-27,1.2,36.3,-0.4,-0.8,1.2,1.8,1.4,47,1.96,WAS,36.2,2.4,11.2,3.6,2.9,96,62.3,6.3,1.24,21.3,30.68139534883721,15.604651162790697,3.511627906976744,4.116279069767442,23.232558139534884,1.6744186046511629,2.2325581395348837,10.348837209302326,3.744186046511628,4.930232558139535,0.4760822156733181,28.78372093023256,2.9302325581395348,0.9302325581395349,0.627906976744186,30.599999999999998,16.333333333333332,4.666666666666667,6.0,27.0,1.3333333333333333,1.3333333333333333,10.0,3.0,3.0,0.411211998335905,33.6,15.666666666666666,1.0,1.0,24.779999999999998,14.2,3.4,4.4,22.0,1.4,1.2,9.6,3.2,2.0,0.4675990299045767,27.880000000000003,8.4,0.8,0.8,27.71,13.6,3.0,5.2,21.8,1.2,1.7,8.7,3.3,3.6,0.43357219485862947,26.9,8.4,0.9,0.8,30.595238095238095,15.952380952380953,3.4761904761904763,4.0476190476190474,23.476190476190474,1.7142857142857142,2.3333333333333335,10.666666666666666,4.0476190476190474,5.0476190476190474,0.49112804337432286,29.0047619047619,4.333333333333333,0.9047619047619048,0.6666666666666666,30.763636363636365,15.272727272727273,3.5454545454545454,4.181818181818182,23.0,1.6363636363636365,2.1363636363636362,10.045454545454545,3.4545454545454546,4.818181818181818,0.46246932394383783,28.572727272727274,1.5909090909090908,0.9545454545454546,0.5909090909090909,32.9825,16.775,3.775,4.425,24.975,1.8,2.4,11.125,4.025,5.3,0.4760822156733181,30.942500000000003,3.15,1.0,0.625,0.0,0.0,0.0,0.0,0.0,0.0,0.0,0.0,0.0,0.0,,0.0,0.0,0.0,0.6666666666666666,31.059259259259257,16.296296296296298,3.8518518518518516,4.407407407407407,24.555555555555557,1.8888888888888888,2.037037037037037,10.74074074074074,3.7037037037037037,5.2592592592592595,0.47916487182910605,31.159259259259258,9.37037037037037,0.9259259259259259,1.0,30.043750000000003,14.4375,2.9375,3.625,21.0,1.3125,2.5625,9.6875,3.8125,4.375,0.47094445541367197,24.775,-7.9375,0.9375,0.0,7.5942946469661745,2.2716900885134566,2.5561252514730493,9.978159982353663,9.475011139934487,43,-2.6000000000000014,-0.3999999999999999,0.0,-1.2325581395348841,-8.220000000000002,-0.008483185768741408
40.8,24.3,57.4,2.6,5.6,4.3,3.2,3.5,1.18,41,1.6,1.3,15,0.9,0.16,69.0,4.2,9.2,22.1,80.0,2.5,6.3,16.0,2.9,2.99,81.6,0.93,1441,2,2.9,81.6,0.84,2549,3,1.15,81.6,0.88,-0.17,100.0,61.8,0.11,0.59,96.9,92.0,2.2,0.49,-0.75,0.99,100.0,83.6,0.0,0.42,-0.03,87.8,-0.46,100.0,31.9,-0.29,0.25,0.24,0.73,80.0,82.8,-0.13,100.0,46.2,2.9,81.6,2549,3,0.02,11.5,0.8,8.3,103.6,55.9,4.4,0.86,17.353550695651073,10.707466272813987,44.4,10.4,1.65,54,24,50.0,202,101,12.5,1.8,24.3,85.7,7.1,0.75,49,42,5.9,16,1629483,44.8,14.4,0.30000000000000004,470,29.4,Napheesa Collier,7.8,0.14,11.6,35.8,10.3,2.11,1.6,111.4,28.2,3.0,2.14,2.4,28,F,11.5,949,16.8,29.66436167512522,35.02078246176289,24.30794088848755,10.7,0.5849965991414781,18.30346755609845,26.889796428091245,9.367737956830481,17.5,0.9030887522552411,54.1,,baseline,28.2,20.6,22.8,268,3.2,37.4,low,"prior_heavy,collinear_lineup",1,0.43,5.64,0.75,3.66,-0.457,0.657,,True,True,5,0,1.908,False,5.1,11.6,8.4,9.4,110,59.7,55.0,30.7,69.0,6.9,2026-27,1.3,15.8,-1.8,-4.2,1.3,2.1,1.7000000000000002,20,2.68,MIN,26.7,2.2,5.0,3.7,3.0,35,59.9,3.9,0.85,24.2,12.336842105263159,7.052631578947368,2.8947368421052633,1.0789473684210527,11.026315789473685,0.9210526315789473,0.9210526315789473,5.315789473684211,1.4210526315789473,1.2894736842105263,0.5630674373912483,13.986842105263156,2.0526315789473686,0.3684210526315789,0.7631578947368421,23.96666666666667,12.666666666666666,5.0,1.3333333333333333,19.0,1.3333333333333333,1.0,10.0,2.3333333333333335,1.6666666666666667,0.48820440131566994,23.666666666666668,8.0,0.6666666666666666,0.6666666666666666,27.839999999999996,13.8,5.8,2.0,21.6,1.8,2.0,11.2,2.8,2.4,0.5074245426027588,27.160000000000004,0.4,0.8,0.4,26.52,13.5,5.9,1.6,21.0,1.5,1.9,10.0,2.2,3.3,0.5031883348538224,25.580000000000002,0.9,0.7,0.6,11.290909090909091,5.545454545454546,2.590909090909091,1.4090909090909092,9.545454545454545,0.8181818181818182,0.9545454545454546,4.5,1.4545454545454546,0.5909090909090909,0.5061303223142298,12.26818181818182,2.6363636363636362,0.36363636363636365,0.6818181818181818,13.775000000000002,9.125,3.3125,0.625,13.0625,1.0625,0.875,6.4375,1.375,2.25,0.6200045524682668,16.35,1.25,0.375,0.875,30.764285714285716,17.142857142857142,7.285714285714286,2.7857142857142856,27.214285714285715,2.357142857142857,2.357142857142857,13.214285714285714,3.5714285714285716,3.0714285714285716,0.56338218053768,34.778571428571425,7.285714285714286,1.0,0.7142857142857143,1.5875000000000001,1.1666666666666667,0.3333333333333333,0.08333333333333333,1.5833333333333333,0.08333333333333333,0.08333333333333333,0.7083333333333334,0.16666666666666666,0.25,0.5608642353662274,1.8583333333333334,-1.0,0.0,0.7916666666666666,11.151724137931033,6.827586206896552,2.7241379310344827,0.9310344827586207,10.482758620689655,0.9655172413793104,0.7586206896551724,4.827586206896552,1.3793103448275863,1.4482758620689655,0.5756176319190461,13.63103448275862,4.448275862068965,0.3448275862068966,1.0,16.15555555555555,7.777777777777778,3.4444444444444446,1.5555555555555556,12.777777777777779,0.7777777777777778,1.4444444444444444,6.888888888888889,1.5555555555555556,0.7777777777777778,0.535457009430093,15.133333333333333,-5.666666666666667,0.4444444444444444,0.0,9.00734645636115,3.6301252579402417,1.761166366397003,13.79088387129831,15.244306354985973,38,-3.0,-1.1000000000000005,-0.6000000000000001,10.573684210526316,-1.5600000000000023,-0.055642894788489494
16.3,7.8,81.4,2.8,15.0,4.3,3.2,3.6,0.9,120,1.2,1.0,32,0.7000000000000001,0.1,98.2,3.7,14.7,16.1,28.6,2.5,7.1,23.6,2.86,3.14,96.7,0.47000000000000003,2220,2,2.86,96.8,0.19,3261,3,1.16,96.8,1.16,1.54,100.0,87.0,-0.68,0.74,100.0,95.8,5.77,0.5,0.13,3.91,100.0,100.0,0.36,0.48,-2.75,86.6,-0.87,100.0,16.8,0.37,0.16,0.13,-1.04,80.0,14.7,-2.45,100.0,0.8,2.86,96.8,3261,3,0.07,15.5,0.84,25.2,98.5,46.1,-5.4,-0.74,30.50756902315319,17.698555239460806,19.3,-14.7,-1.9,57,11,45.1,554,250,6.8,3.7,48.6,72.1,-6.5,-0.66,269,194,26.5,43,1642291,18.2,2.0,-0.6000000000000001,1336,31.1,Angel Reese,8.4,0.03,13.4,33.8,8.1,0.16,14.2,106.9,16.6,5.8,4.31,4.8,160,C,26.8,2769,16.4,30.50756902315319,34.77544793800104,26.239690108305346,8.5,1.0,17.698555239460806,26.602197343743956,10.354214068569224,16.2,0.772000821049447,72.4,,baseline,25.5,19.0,21.1,705,1.43,36.1,low,"prior_heavy,collinear_lineup",23,8.69,3.7,-0.85,1.54,-0.11800000000000001,0.623,,True,True,25,-12,1.775,False,19.4,18.8,14.0,15.6,521,54.3,119.7,71.1,77.6,12.1,2026-27,4.2,35.6,14.5,18.1,1.8,2.8,2.3,77,2.94,ATL,10.3,3.1,14.4,4.8,4.0,133,52.4,-3.6,-0.38,25.0,31.05348837209302,16.3953488372093,12.116279069767442,2.7906976744186047,31.302325581395348,2.5348837209302326,3.0930232558139537,12.883720930232558,1.3255813953488371,6.255813953488372,0.6083741480183609,39.632558139534886,7.116279069767442,0.9767441860465116,0.6976744186046512,26.166666666666668,15.666666666666666,8.666666666666666,3.0,27.333333333333332,3.0,2.0,11.333333333333334,2.0,6.333333333333333,0.6029763082285338,37.56666666666667,15.666666666666666,0.6666666666666666,1.0,27.360000000000003,18.4,9.4,2.8,30.6,2.8,2.4,11.4,1.4,7.2,0.6186910101623455,39.879999999999995,18.6,0.8,1.0,31.68,19.1,12.3,3.7,35.1,3.0,2.7,12.8,1.4,6.2,0.5799696670931066,45.709999999999994,15.6,0.9,0.9,30.728571428571428,17.523809523809526,11.380952380952381,2.8095238095238093,31.714285714285715,2.1904761904761907,3.380952380952381,13.285714285714286,1.4761904761904763,6.476190476190476,0.6437121122426845,38.58571428571428,7.809523809523809,1.0,0.7142857142857143,31.363636363636363,15.318181818181818,12.818181818181818,2.772727272727273,30.90909090909091,2.8636363636363638,2.8181818181818183,12.5,1.1818181818181819,6.045454545454546,0.5746424548951429,40.63181818181818,6.454545454545454,0.9545454545454546,0.6818181818181818,31.392857142857142,16.642857142857142,12.261904761904763,2.7857142857142856,31.69047619047619,2.5238095238095237,3.1666666666666665,13.023809523809524,1.3333333333333333,6.357142857142857,0.6116914463271881,39.94047619047619,6.880952380952381,1.0,0.6904761904761905,16.8,6.0,6.0,3.0,15.0,3.0,0.0,7.0,1.0,2.0,0.46904761904761905,26.7,17.0,0.0,1.0,30.75333333333333,17.233333333333334,12.166666666666666,2.6666666666666665,32.06666666666667,2.7333333333333334,3.1,12.833333333333334,1.4666666666666666,6.066666666666666,0.6116061424692111,40.93333333333333,13.3,0.9666666666666667,1.0,31.74615384615385,14.461538461538462,12.0,3.076923076923077,29.53846153846154,2.076923076923077,3.076923076923077,13.0,1.0,6.6923076923076925,0.6009156992856295,36.63076923076923,-7.153846153846154,1.0,0.0,5.851900525159981,3.6788281152043734,1.6981522105608078,7.153204023109838,4.5006004275201885,43,2.0,-2.6999999999999993,0.0,-0.7023255813953462,-3.7399999999999984,0.01031686214398464
40.0,20.9,55.5,6.3,39.1,11.8,8.7,9.6,1.9100000000000001,245,0.1,0.1,2,0.1,0.03,98.7,8.0,3.1,29.0,42.9,1.7000000000000002,35.1,40.9,7.75,7.39,95.2,0.4,1589,2,7.75,93.2,0.76,1589,2,1.29,93.2,3.1,5.25,100.0,99.6,0.98,-1.47,100.0,9.2,-3.42,0.47000000000000003,0.39,-1.35,100.0,1.7000000000000002,0.71,0.73,11.64,97.5,2.98,100.0,97.9,0.29,1.42,1.18,0.68,80.0,81.5,-0.49,100.0,29.8,7.75,93.2,1589,2,-0.09,3.0,0.07,5.5,109.3,50.5,-1.0,-0.02,24.391525554508082,14.097778328715695,40.2,6.2,1.05,92,37,45.9,407,187,2.7,2.6,61.4,86.0,7.4,0.78,250,215,5.0,39,1642304,31.3,11.8,-1.4,1018,26.1,Carla Leite,-2.0,0.11,15.4,36.1,13.4,-0.75,2.2,107.3,32.7,4.8,3.5700000000000003,4.0,101,G,3.8,2083,16.1,24.726050575323207,30.082471361960877,19.369629788685536,10.7,0.9864707459124511,14.291126611844668,23.20053147885983,6.952548203685099,16.2,1.0,75.5,,baseline,30.1,22.2,24.6,626,-0.52,41.1,low,,56,23.01,1.35,-2.39,-0.56,0.036000000000000004,0.529,,True,True,160,-61,1.461,False,3.9,4.0,3.0,3.3,84,61.9,94.3,32.9,82.8,2.2,2026-27,1.4,72.7,-1.4,-4.3,0.6000000000000001,1.2,1.0,25,0.9500000000000001,PDX,22.6,3.3,14.6,6.2,5.1,129,60.5,4.5,0.9500000000000001,28.2,24.74634146341463,15.268292682926829,2.048780487804878,5.975609756097561,23.29268292682927,0.6585365853658537,3.1463414634146343,9.926829268292684,2.2439024390243905,6.097560975609756,0.6417438297069777,25.51951219512195,-1.7560975609756098,0.8780487804878049,0.3902439024390244,27.266666666666666,17.666666666666668,2.6666666666666665,5.666666666666667,26.0,0.3333333333333333,3.0,10.0,2.3333333333333335,9.666666666666666,0.6348399373482513,27.366666666666664,-13.333333333333334,1.0,0.3333333333333333,22.160000000000004,15.8,2.2,4.6,22.6,0.6,2.8,8.6,2.2,6.6,0.6464747805973954,24.339999999999996,-5.4,0.8,0.4,25.43,16.0,1.7,5.8,23.5,0.9,2.8,10.1,2.7,5.9,0.6121281675580424,26.640000000000004,-3.0,0.9,0.4,23.084210526315786,15.0,2.1578947368421053,6.526315789473684,23.68421052631579,0.47368421052631576,2.6315789473684212,9.157894736842104,2.0526315789473686,6.473684210526316,0.6401497199406134,26.16842105263158,1.0,0.8421052631578947,0.42105263157894735,26.181818181818183,15.5,1.9545454545454546,5.5,22.954545454545453,0.8181818181818182,3.590909090909091,10.590909090909092,2.409090909090909,5.7727272727272725,0.6429756417991684,24.95909090909091,-4.136363636363637,0.9090909090909091,0.36363636363636365,27.169444444444448,16.833333333333332,2.25,6.638888888888889,25.72222222222222,0.6944444444444444,3.3333333333333335,11.0,2.4722222222222223,6.666666666666667,0.6389686722405911,28.241666666666667,-1.2222222222222223,1.0,0.4166666666666667,7.3,4.0,0.6,1.2,5.8,0.4,1.8,2.2,0.6,2.0,0.6750457193036165,5.92,-5.6,0.0,0.2,24.60625,17.5625,2.375,6.5625,26.5,0.6875,3.375,10.5625,2.25,7.0,0.6984430909201202,28.94375,8.1875,0.9375,1.0,24.836000000000002,13.8,1.84,5.6,21.24,0.64,3.0,9.52,2.24,5.52,0.6023008653847914,23.328000000000003,-8.12,0.84,0.0,7.218117449321196,1.5644682724842192,3.166131747717148,10.237782724884879,8.406012656455367,41,-0.3000000000000007,0.0,-1.7000000000000002,-0.6926829268292671,-3.9399999999999977,0.00473095089041764
40.0,20.3,60.3,3.0,16.5,5.3,4.0,4.4,1.3,119,2.1,1.8,48,1.2,0.24,99.3,6.7,0.0,17.8,45.5,2.4,12.5,23.3,6.4,6.43,97.0,0.65,2233,2,6.4,97.0,0.62,3359,3,1.1,97.0,2.01,0.79,100.0,81.5,-0.1,1.6099999999999999,100.0,99.2,4.66,0.47000000000000003,0.13,1.88,100.0,94.1,0.53,0.79,1.94,97.1,-0.16,100.0,46.6,0.6900000000000001,0.39,0.54,1.08,80.0,91.2,-0.36,100.0,32.4,6.4,97.0,3359,3,0.11,17.2,0.36,21.2,103.8,57.4,5.9,1.1,29.482205333847084,17.11068725289337,40.6,6.6,1.11,106,43,52.8,468,247,8.7,3.1,28.4,81.2,2.6,0.28,133,108,17.5,40,1641648,43.3,6.4,2.9,1084,27.1,Aliyah Boston,9.3,0.13,12.3,35.2,8.3,2.41,6.4,113.1,33.3,5.6,4.15,4.6,125,C,24.2,2238,16.1,30.03343140564228,34.301310320490124,25.765552490794434,8.5,0.981646250661466,17.430604193072206,26.23551955669143,8.71346108543067,17.5,0.392722846505183,62.6,,baseline,28.8,21.4,23.8,645,2.76,45.2,low,,4,1.73,4.92,0.59,3.01,-0.253,0.601,,True,True,7,1,1.6920000000000002,False,14.3,14.2,10.6,11.7,318,68.2,66.0,37.6,70.4,8.0,2026-27,2.2,31.6,1.2,-0.5,1.5,2.7,2.2,60,3.59,IND,22.6,2.3,11.5,4.1,3.4,91,61.3,5.3,1.08,24.9,25.186046511627907,15.0,7.395348837209302,2.7674418604651163,25.162790697674417,2.511627906976744,2.116279069767442,10.883720930232558,2.4651162790697674,3.0930232558139537,0.575661505151092,33.44418604651163,5.3023255813953485,0.8372093023255814,0.6511627906976745,20.733333333333334,9.333333333333334,5.333333333333333,2.6666666666666665,17.333333333333332,1.0,1.3333333333333333,7.333333333333333,2.0,2.0,0.46633491050567094,21.399999999999995,-1.0,0.6666666666666666,0.3333333333333333,23.02,10.0,4.6,2.6,17.2,2.6,1.8,7.4,2.0,1.6,0.4393570753356607,25.419999999999998,6.6,0.8,0.6,23.79,12.0,5.5,2.7,20.2,3.0,1.1,9.2,2.2,2.6,0.47937002611771384,30.55,6.2,0.8,0.6,24.618181818181814,16.545454545454547,7.2272727272727275,2.590909090909091,26.363636363636363,2.5,2.409090909090909,11.272727272727273,2.5454545454545454,3.4545454545454546,0.6194273584473469,34.195454545454545,7.045454545454546,0.8181818181818182,0.6818181818181818,25.780952380952385,13.380952380952381,7.571428571428571,2.9523809523809526,23.904761904761905,2.5238095238095237,1.8095238095238095,10.476190476190476,2.380952380952381,2.7142857142857144,0.5318956518548368,32.65714285714286,3.4761904761904763,0.8571428571428571,0.6190476190476191,28.28611111111111,16.63888888888889,8.416666666666666,3.111111111111111,28.166666666666668,2.8333333333333335,2.4444444444444446,12.055555555555555,2.75,3.4166666666666665,0.5688733249515263,37.46111111111112,6.472222222222222,1.0,0.6388888888888888,9.242857142857142,6.571428571428571,2.142857142857143,1.0,9.714285714285714,0.8571428571428571,0.42857142857142855,4.857142857142857,1.0,1.4285714285714286,0.6367551269471842,12.785714285714286,-0.7142857142857143,0.0,0.7142857142857143,24.317857142857143,14.714285714285714,7.642857142857143,2.5714285714285716,24.928571428571427,2.9285714285714284,2.0714285714285716,10.285714285714286,2.25,3.0714285714285716,0.573957704662998,34.457142857142856,11.607142857142858,0.8214285714285714,1.0,26.806666666666672,15.533333333333333,6.933333333333334,3.1333333333333333,25.6,1.7333333333333334,2.2,12.0,2.8666666666666667,3.1333333333333333,0.5785011726312482,31.553333333333335,-6.466666666666667,0.8666666666666667,0.0,7.033931367037247,3.619652277983415,1.8877702808986254,10.45837607479365,9.022368535910356,43,-6.100000000000001,-3.4000000000000004,-0.3999999999999999,-7.962790697674418,-4.080000000000002,-0.13630442981543134
32.4,7.8,65.5,1.5,9.7,2.7,1.9,2.2,0.8300000000000001,62,0.8,0.6000000000000001,18,0.4,0.01,98.9,9.1,16.1,22.2,37.5,1.7000000000000002,5.3,20.6,0.38,0.27,97.0,-0.17,2232,2,0.38,94.1,-0.06,2232,2,1.27,94.1,1.33,0.41000000000000003,100.0,71.4,-0.4,-0.2,100.0,56.7,3.76,0.54,0.11,3.31,100.0,99.2,0.26,0.39,-3.27,75.0,-1.2,100.0,8.0,0.28,0.32,0.21,-0.19,80.0,47.5,-2.04,100.0,5.9,0.38,94.1,2232,2,-0.01,8.4,0.1,21.0,101.4,52.8,1.3,0.35000000000000003,28.524271623372226,16.593855367995147,33.3,-0.7000000000000001,0.08,45,15,51.3,476,244,3.3,3.3,39.7,65.1,-13.5,-1.38,189,123,21.2,41,1642792,26.5,10.3,0.6000000000000001,1153,28.1,Kiki Iriafen,3.0,0.02,15.9,31.2,8.6,0.24,10.6,104.4,24.2,5.8,4.22,4.7,135,F,19.6,2311,15.3,28.738068957878443,34.09448974451611,23.381648171240773,10.7,0.992560483628194,16.718230920636852,25.625035532619727,9.377052257444994,16.2,0.9687397209320111,75.1,,baseline,27.1,19.6,21.7,626,0.38,42.5,low,volatile_rank,115,45.54,2.14,-1.37,0.5700000000000001,-0.185,0.497,,True,True,68,14,1.3719999999999999,False,15.9,17.0,12.3,13.7,394,66.7,95.8,56.1,85.7,9.6,2026-27,4.3,32.4,6.9,6.5,0.7000000000000001,1.2,0.9,27,1.4100000000000001,WAS,9.5,1.8,9.7,3.1,2.5,72,56.0,0.0,0.21,23.9,26.220454545454547,14.227272727272727,8.977272727272727,1.4090909090909092,24.613636363636363,1.0227272727272727,1.6363636363636365,10.818181818181818,1.0227272727272727,4.295454545454546,0.5379799334003881,28.545454545454547,1.8181818181818181,0.8863636363636364,0.6363636363636364,25.933333333333337,13.666666666666666,11.333333333333334,1.0,26.0,1.3333333333333333,2.3333333333333335,12.333333333333334,1.3333333333333333,1.3333333333333333,0.5679034949122955,30.433333333333334,7.0,0.6666666666666666,1.0,26.52,14.2,11.0,0.8,26.0,1.4,1.8,11.6,1.4,1.6,0.5258634009145087,31.0,6.2,0.8,0.8,28.290000000000003,16.7,11.3,0.9,28.9,1.2,1.8,12.7,1.0,3.5,0.5621923419987738,33.410000000000004,4.8,0.9,0.8,26.472727272727273,13.681818181818182,9.0,1.8636363636363635,24.545454545454547,1.0454545454545454,1.5,11.454545454545455,1.0909090909090908,4.0,0.5401726483458612,28.913636363636364,2.227272727272727,0.8636363636363636,0.6818181818181818,25.968181818181815,14.772727272727273,8.954545454545455,0.9545454545454546,24.681818181818183,1.0,1.7727272727272727,10.181818181818182,0.9545454545454546,4.590909090909091,0.5356775827076414,28.177272727272726,1.4090909090909092,0.9090909090909091,0.5909090909090909,28.920512820512815,15.897435897435898,9.948717948717949,1.5384615384615385,27.384615384615383,1.1538461538461537,1.8205128205128205,11.974358974358974,1.1538461538461537,4.846153846153846,0.5476175727731336,31.784615384615382,2.230769230769231,1.0,0.6410256410256411,5.159999999999999,1.2,1.4,0.4,3.0,0.0,0.2,1.8,0.0,0.0,0.35004596563185064,3.28,-1.4,0.0,0.6,26.7,16.071428571428573,9.678571428571429,1.6071428571428572,27.357142857142858,0.9642857142857143,1.8928571428571428,11.892857142857142,1.0714285714285714,4.464285714285714,0.5848767703488527,31.09642857142857,6.964285714285714,0.8928571428571429,1.0,25.381249999999998,11.0,7.75,1.0625,19.8125,1.125,1.1875,8.9375,0.9375,4.0,0.45669208268971623,24.08125,-7.1875,0.875,0.0,7.155624349479701,4.19018030562618,1.4357265694556935,10.976117645249975,8.975019065742648,44,-1.1000000000000014,1.4000000000000004,-0.7,1.3863636363636367,-1.5800000000000018,-0.012116532485879405
33.0,38.6,60.7,3.3,16.5,5.5,3.9,4.4,2.2,145,0.1,0.1,3,0.1,0.01,99.2,4.9,3.8,29.1,28.0,4.6,18.3,24.4,0.91,0.66,96.8,0.04,2224,2,0.91,97.0,0.29,3613,3,1.27,97.0,1.55,1.34,100.0,85.3,0.44,-1.11,100.0,21.4,-2.2,0.61,-0.18,-0.79,100.0,20.2,0.47000000000000003,0.29,2.94,78.6,0.66,100.0,83.2,0.06,0.18,0.34,-0.26,80.0,42.0,0.52,100.0,84.5,0.91,97.0,3613,3,-0.03,5.3,0.07,7.3,104.3,47.6,-3.9,-0.49,29.630051798857863,17.27376286269164,32.5,-1.5,-0.03,234,76,40.6,542,220,4.6,2.3,32.3,89.1,10.5,1.1,175,156,6.4,44,1629481,42.7,17.7,-0.5,1324,30.1,Arike Ogunbowale,2.9,0.04,12.9,36.9,9.5,-0.43,2.6,107.2,21.6,3.9,2.77,3.1,102,F,7.1,2643,15.3,29.630051798857863,34.986472585495534,24.273631012220193,10.7,1.0,17.27376286269164,26.192694625201764,9.944711350027031,16.2,0.5448866982828701,67.0,,baseline,25.4,18.3,20.3,672,-0.30000000000000004,38.1,low,,26,10.23,1.85,-2.44,-0.07,-0.224,0.596,,True,True,127,16,1.6760000000000002,False,5.1,5.1,3.6,4.0,134,56.8,49.8,17.5,73.8,3.0,2026-27,1.8,41.4,-5.0,-6.6,1.0,1.7000000000000002,1.3,44,1.28,DAL,43.2,1.5,8.7,2.6,2.1,68,54.3,-1.7000000000000002,-0.07,23.0,30.031818181818185,15.272727272727273,3.0454545454545454,3.2954545454545454,21.613636363636363,1.0681818181818181,1.5454545454545454,12.318181818181818,5.318181818181818,3.977272727272727,0.5139278884613839,25.52954545454546,2.590909090909091,0.9318181818181818,0.6136363636363636,34.06666666666667,17.333333333333332,2.3333333333333335,4.666666666666667,24.333333333333332,1.3333333333333333,0.6666666666666666,12.333333333333334,5.0,4.333333333333333,0.43401875408347834,30.466666666666665,10.666666666666666,1.0,0.6666666666666666,30.560000000000002,16.2,2.8,4.2,23.2,1.2,0.8,12.0,5.4,3.6,0.4764309980835666,28.660000000000004,9.4,1.0,0.8,30.93,17.4,3.0,3.8,24.2,1.2,1.1,13.2,5.7,4.0,0.5161934504643056,29.2,7.2,1.0,0.7,29.527272727272727,15.045454545454545,3.272727272727273,3.0,21.318181818181817,1.4090909090909092,1.5454545454545454,12.545454545454545,4.818181818181818,4.0,0.5314309426725101,26.15454545454545,5.954545454545454,0.9090909090909091,0.7272727272727273,30.536363636363635,15.5,2.8181818181818183,3.590909090909091,21.90909090909091,0.7272727272727273,1.5454545454545454,12.090909090909092,5.818181818181818,3.9545454545454546,0.4964248342502579,24.904545454545453,-0.7727272727272727,0.9545454545454546,0.5,30.858536585365854,16.048780487804876,3.097560975609756,3.3902439024390243,22.536585365853657,1.1219512195121952,1.5853658536585367,12.682926829268293,5.487804878048781,4.048780487804878,0.5137078780505627,26.631707317073168,2.8780487804878048,1.0,0.5853658536585366,18.733333333333334,4.666666666666667,2.3333333333333335,2.0,9.0,0.3333333333333333,1.0,7.333333333333333,3.0,3.0,0.5169346974092738,10.466666666666667,-1.3333333333333333,0.0,1.0,29.40740740740741,16.074074074074073,2.925925925925926,3.7037037037037037,22.703703703703702,1.0,1.3703703703703705,12.481481481481481,5.7407407407407405,3.962962962962963,0.5245934036982204,26.77037037037037,9.62962962962963,0.8888888888888888,1.0,31.023529411764713,14.0,3.235294117647059,2.6470588235294117,19.88235294117647,1.1764705882352942,1.8235294117647058,12.058823529411764,4.647058823529412,4.0,0.49698854073229104,23.558823529411764,-8.588235294117647,1.0,0.0,8.190645930639377,1.7908624069638994,2.1084497275723195,10.079257791729276,5.1576888968675725,44,0.8999999999999986,-0.20000000000000018,0.9000000000000004,1.586363636363636,0.46000000000000085,-0.03749689037781734
29.6,32.5,65.8,2.9,15.1,5.1,3.6,4.1,1.12,123,1.2,1.0,29,0.7000000000000001,0.0,98.9,4.2,-27.8,10.7,29.2,4.4,9.7,25.2,1.85,1.85,91.2,0.34,1206,1,1.85,91.2,0.34,1206,1,1.26,91.2,1.35,2.35,100.0,93.3,-0.2,0.29,100.0,88.2,0.64,0.39,0.0,0.04,100.0,68.5,0.53,0.36,1.23,82.4,-0.35000000000000003,100.0,35.3,0.08,0.30000000000000004,0.2,-1.09,80.0,13.4,-0.25,100.0,38.7,1.85,91.2,1206,1,0.04,11.1,-0.30000000000000004,11.3,104.8,45.6,-5.9,-0.8200000000000001,20.762562599893723,11.276223452554012,29.6,-4.4,-0.44,203,60,40.2,550,221,7.5,2.8,28.2,80.0,1.4,0.16,155,124,9.7,42,1643428,32.2,15.8,-2.3,1206,28.7,Flau'jae Johnson,-3.5,-0.04,14.8,34.1,9.9,-0.07,3.9,101.3,18.4,4.8,3.46,3.8,116,F,13.0,2433,14.9,26.396252657696422,31.752673444334093,21.03983187105875,10.7,0.7865723543845501,14.335901064533388,23.21848855715713,6.970505281982398,16.2,0.879936762859404,64.1,,baseline,25.7,18.7,20.8,626,-0.62,50.3,medium,volatile_rank,149,58.93,0.75,-1.99,-0.78,0.157,0.375,,True,True,168,1,1.068,False,7.7,8.3,6.0,6.7,202,57.2,57.1,28.9,74.2,4.8,2026-27,2.1,40.3,-0.8,-1.1,1.4,2.4,1.9,58,2.6,SEA,36.9,2.6,12.3,4.5,3.6,110,50.6,-5.4,-0.68,26.3,27.375,14.227272727272727,4.590909090909091,2.7954545454545454,21.613636363636363,1.9772727272727273,2.5,12.5,4.613636363636363,3.522727272727273,0.604904389401503,27.361363636363638,-2.5,0.9090909090909091,0.18181818181818182,33.6,22.333333333333332,5.666666666666667,4.0,32.0,2.6666666666666665,4.0,19.0,6.333333333333333,5.0,0.7512126096692501,39.13333333333333,1.0,1.0,0.0,32.38,22.2,4.4,3.0,29.6,1.8,3.8,19.2,6.8,5.0,0.7814336201531152,33.58,-10.6,1.0,0.0,24.46,15.9,3.5,2.5,21.9,1.6,2.7,13.7,5.1,2.7,0.7196548222265542,25.95,-5.7,0.8,0.2,26.527272727272724,13.727272727272727,4.636363636363637,2.8181818181818183,21.181818181818183,1.5454545454545454,2.4545454545454546,11.772727272727273,4.7272727272727275,3.3636363636363638,0.595414581339827,25.700000000000003,-0.7272727272727273,0.8636363636363636,0.2727272727272727,28.222727272727276,14.727272727272727,4.545454545454546,2.772727272727273,22.045454545454547,2.409090909090909,2.5454545454545454,13.227272727272727,4.5,3.6818181818181817,0.6135314876393901,29.022727272727277,-4.2727272727272725,0.9545454545454546,0.09090909090909091,29.159999999999997,15.325,4.925,3.05,23.3,2.1,2.7,13.425,5.0,3.825,0.6141738468235565,29.410000000000004,-2.95,1.0,0.175,9.525,3.25,1.25,0.25,4.75,0.75,0.5,3.25,0.75,0.5,0.4195152409604359,6.875,2.0,0.0,0.25,25.55,18.125,5.875,2.25,26.25,2.125,2.5,13.125,5.125,3.75,0.6815995476455197,32.425,9.0,0.875,1.0,27.780555555555555,13.36111111111111,4.305555555555555,2.9166666666666665,20.583333333333332,1.9444444444444444,2.5,12.36111111111111,4.5,3.4722222222222223,0.5895653577526996,26.236111111111114,-5.055555555555555,0.9166666666666666,0.0,7.523184742386439,2.7813179226568434,2.097390909151847,9.445599219153832,7.198485790388046,44,7.299999999999999,-0.39999999999999947,0.10000000000000009,7.986363636363638,3.6800000000000033,0.1765292307516122
21.4,3.1,69.4,3.3,18.1,5.7,4.2,4.6,1.32,144,1.7000000000000002,1.4,44,1.0,0.29,99.7,5.6,21.8,18.1,0.0,0.4,12.2,21.7,2.95,2.98,96.8,0.04,2244,2,2.95,96.5,0.01,3002,3,1.03,96.5,1.83,0.62,100.0,76.9,-0.21,0.4,100.0,89.5,3.02,0.02,0.29,2.13,100.0,96.2,0.08,0.52,0.26,88.2,-0.06,100.0,52.5,0.68,0.33,0.52,1.5,80.0,96.6,-2.44,99.3,1.3,2.95,96.5,3002,3,0.14,14.2,0.22,14.7,99.7,60.1,8.6,1.54,27.627557228820965,13.644063504427084,18.8,-15.2,,16,3,59.8,445,266,7.6,3.4,36.2,72.0,-6.6,-0.67,161,116,20.3,44,203827,37.5,5.4,-0.7000000000000001,1250,28.4,Natasha Howard,13.6,0.15,12.7,31.7,10.9,2.12,12.9,113.3,25.2,5.9,4.29,4.8,149,C,17.0,2547,14.8,27.70344961120904,33.05987039784671,22.34702882457137,10.7,0.997260543959212,13.681543491391873,22.553805467190898,6.305822192016164,16.2,0.334234068300424,62.7,,baseline,25.6,18.8,20.8,651,2.41,49.1,low,,10,4.12,4.39,0.44,2.22,0.191,0.555,,True,True,11,-1,1.541,False,13.8,13.2,9.6,10.8,336,68.3,102.0,65.8,69.9,7.6,2026-27,3.6,27.8,10.5,11.1,1.6,2.7,2.2,70,3.2800000000000002,MIN,3.6,2.5,14.0,4.3,3.5,110,63.1,7.1,1.37,21.7,28.388636363636365,14.795454545454545,7.636363636363637,3.272727272727273,25.704545454545453,2.590909090909091,2.5,10.113636363636363,0.36363636363636365,3.659090909090909,0.5047772272469685,34.14090909090909,7.568181818181818,0.9772727272727273,0.75,17.866666666666667,15.0,8.0,2.3333333333333335,25.333333333333332,1.6666666666666667,2.0,8.666666666666666,0.0,3.3333333333333335,0.6744228620409913,31.100000000000005,8.0,0.6666666666666666,0.6666666666666666,21.22,13.0,6.8,3.4,23.2,2.6,2.2,7.6,0.2,3.4,0.5574981974824513,31.860000000000003,1.6,0.8,0.4,26.449999999999996,13.4,7.7,3.2,24.3,2.3,2.5,8.5,0.3,3.4,0.49781350638212923,31.839999999999996,4.4,0.9,0.6,27.672727272727276,15.318181818181818,6.363636363636363,3.3636363636363638,25.045454545454547,2.5454545454545454,2.3636363636363638,9.954545454545455,0.45454545454545453,4.045454545454546,0.5119435466613252,33.27272727272727,7.818181818181818,1.0,0.6818181818181818,29.10454545454546,14.272727272727273,8.909090909090908,3.1818181818181817,26.363636363636363,2.6363636363636362,2.6363636363636362,10.272727272727273,0.2727272727272727,3.272727272727273,0.49761090783261186,35.00909090909091,7.318181818181818,0.9545454545454546,0.8181818181818182,28.76511627906977,15.0,7.6976744186046515,3.2790697674418605,25.976744186046513,2.6511627906976742,2.511627906976744,10.232558139534884,0.37209302325581395,3.697674418604651,0.5014952641749383,34.597674418604655,8.186046511627907,1.0,0.7674418604651163,12.2,6.0,5.0,3.0,14.0,0.0,2.0,5.0,0.0,2.0,0.6459016393442624,14.5,-19.0,0.0,0.0,28.984848484848484,15.575757575757576,8.090909090909092,3.272727272727273,26.939393939393938,2.606060606060606,2.4242424242424243,10.545454545454545,0.3333333333333333,3.4545454545454546,0.5024224628836006,35.58787878787879,12.454545454545455,1.0,1.0,26.599999999999998,12.454545454545455,6.2727272727272725,3.272727272727273,22.0,2.5454545454545454,2.727272727272727,8.818181818181818,0.45454545454545453,4.2727272727272725,0.5118415203370722,29.8,-7.090909090909091,0.9090909090909091,0.0,5.609707306772188,2.9968270747335817,1.6894148755011253,7.01022358219083,5.277473669267306,44,-1.8000000000000007,-0.7999999999999998,0.10000000000000009,-2.504545454545454,-7.18,0.052720970235482834
32.0,42.4,61.6,5.0,26.4,8.2,6.0,6.6,2.17,199,0.2,0.2,5,0.1,0.05,99.4,5.1,-18.4,16.0,38.5,2.7,26.4,30.7,3.09,3.19,96.1,0.31,1952,2,3.09,95.6,0.21,2513,3,1.33,95.6,2.43,2.42,100.0,93.7,0.86,-1.09,100.0,22.3,-2.92,0.29,0.22,-1.31,100.0,3.4,0.25,0.48,6.26,88.9,1.8599999999999999,100.0,92.9,0.2,1.02,0.72,0.09,80.0,58.4,0.32,100.0,80.3,3.09,95.6,2513,3,-0.03,6.0,0.15,6.5,106.4,50.9,-0.6000000000000001,0.04,18.468980583622322,8.259451256895385,32.4,-1.6,-0.05,216,70,43.6,479,209,6.8,1.7000000000000002,23.8,86.0,7.4,0.78,114,98,4.0,40,1629567,40.0,10.4,1.0,1198,29.9,Natisha Hiedeman,-4.2,0.08,14.2,34.9,9.9,0.23,0.7000000000000001,102.2,28.0,2.9,2.07,2.3,69,G,7.3,2417,14.7,30.868643766001583,35.136522680849424,26.60076485115374,8.5,0.598308779732133,13.80466330544773,22.620167637175875,5.09810916591511,17.5,0.819870655563206,53.9,,baseline,24.2,17.7,19.6,586,0.8,48.2,low,,17,6.2,2.71,-1.11,1.16,-0.354,0.539,,True,True,46,-16,1.491,False,3.6,4.1,3.0,3.3,99,72.2,40.3,16.5,70.3,2.5,2026-27,1.2,56.9,-4.7,-6.0,1.1,1.7000000000000002,1.4,42,1.4100000000000001,SEA,45.1,2.3,10.9,3.7,3.0,90,55.4,-0.6000000000000001,0.11,22.4,27.222727272727276,13.318181818181818,2.25,4.5227272727272725,20.09090909090909,1.0681818181818181,2.0454545454545454,10.886363636363637,4.909090909090909,2.590909090909091,0.5143265320882947,23.96136363636364,-2.727272727272727,0.9090909090909091,0.18181818181818182,31.133333333333336,6.333333333333333,0.3333333333333333,6.666666666666667,13.333333333333334,0.6666666666666666,2.3333333333333335,6.666666666666667,3.3333333333333335,1.6666666666666667,0.31111631801653034,16.400000000000002,-11.333333333333334,1.0,0.0,25.040000000000003,6.2,0.4,5.4,12.0,0.6,2.0,6.6,2.8,1.6,0.3695007605249764,14.580000000000002,-12.8,0.8,0.0,19.04,5.8,0.7,4.1,10.6,0.4,1.2,5.2,2.0,2.3,0.38717813291841474,12.790000000000001,-4.1,0.6,0.2,26.64545454545454,13.590909090909092,1.9545454545454546,5.0,20.545454545454547,1.0454545454545454,1.5909090909090908,10.909090909090908,5.090909090909091,3.1818181818181817,0.519102498514519,24.981818181818184,1.0454545454545454,0.8636363636363636,0.2727272727272727,27.8,13.045454545454545,2.5454545454545454,4.045454545454546,19.636363636363637,1.0909090909090908,2.5,10.863636363636363,4.7272727272727275,2.0,0.510005419607425,22.940909090909088,-6.5,0.9545454545454546,0.09090909090909091,29.945000000000004,14.65,2.475,4.975,22.1,1.175,2.25,11.975,5.4,2.85,0.5143265320882947,26.357499999999998,-3.0,1.0,0.175,0.0,0.0,0.0,0.0,0.0,0.0,0.0,0.0,0.0,0.0,,0.0,0.0,0.0,0.25,25.45,13.75,1.875,4.5,20.125,0.75,1.5,9.125,3.375,4.0,0.4916874567282484,23.5,8.625,0.875,1.0,27.616666666666664,13.222222222222221,2.3333333333333335,4.527777777777778,20.083333333333332,1.1388888888888888,2.1666666666666665,11.277777777777779,5.25,2.2777777777777777,0.5191287601949711,24.063888888888886,-5.25,0.9166666666666666,0.0,8.131971720265424,1.7800574853534339,2.8973816276050153,10.400845631582484,9.309656492960057,44,-8.5,-2.1,0.40000000000000036,-8.09090909090909,-4.859999999999996,-0.14482577156331833
,0.0,79.4,2.5,15.2,4.5,3.4,3.7,1.3900000000000001,106,2.7,2.2,63,1.5,0.09,98.6,6.8,-20.7,14.3,,0.0,12.2,20.0,2.02,2.02,90.2,0.26,1144,1,2.02,90.2,0.26,1144,1,1.31,90.2,2.01,0.51,100.0,74.8,-0.08,-0.17,100.0,58.0,3.07,-0.09,0.0,2.92,100.0,98.7,0.63,0.38,-1.02,82.8,-0.22,100.0,42.0,0.41000000000000003,0.45,0.51,0.62,80.0,78.6,-2.23,89.1,2.9,2.02,90.2,1144,1,0.02,13.6,-0.36,21.2,107.0,55.1,3.6,0.73,25.35545414205208,14.870935651019883,0.0,,,0,0,55.1,441,243,5.8,3.6,44.4,74.0,-4.6,-0.46,196,145,20.8,43,1642289,30.0,2.3,-0.6000000000000001,1144,26.6,Kamilla Cardoso,-4.2,0.07,14.7,36.3,9.8,0.39,10.2,102.8,18.4,6.6,4.85,5.4,154,C,21.9,2346,14.7,25.95639125231608,31.31281203895375,20.59997046567841,10.7,0.976848202647955,15.223384360752304,24.125826807968068,7.877843532793333,16.2,0.663307994874617,68.3,,baseline,26.9,19.9,22.1,631,-0.29,37.0,low,prior_heavy,12,4.44,2.12,-2.69,-0.31,0.023,0.649,,True,True,126,87,1.876,False,15.7,15.8,11.6,13.0,371,61.1,123.8,79.4,74.5,8.6,2026-27,3.2,21.4,16.2,19.3,0.6000000000000001,1.1,0.9,26,2.8,CHI,0.0,1.8,10.7,3.2,2.7,76,59.8,3.8,0.8300000000000001,23.1,25.936363636363637,14.340909090909092,8.431818181818182,2.409090909090909,25.181818181818183,2.022727272727273,1.7272727272727273,10.022727272727273,0.0,4.454545454545454,0.5329102699960528,32.413636363636364,-2.75,0.9318181818181818,0.36363636363636365,25.900000000000002,14.666666666666666,7.666666666666667,2.6666666666666665,25.0,2.0,2.0,10.0,0.0,3.3333333333333335,0.5233974012697418,31.866666666666664,-1.6666666666666667,0.6666666666666666,0.3333333333333333,24.18,12.6,6.8,2.6,22.0,1.6,2.2,9.4,0.0,2.8,0.5310727497364526,27.26,-4.0,0.8,0.2,27.089999999999996,15.1,8.7,2.5,26.3,2.0,1.8,10.7,0.0,6.0,0.5572496486505731,33.489999999999995,-3.7,0.9,0.4,25.972727272727273,14.363636363636363,7.909090909090909,2.5454545454545454,24.818181818181817,1.6363636363636365,1.4545454545454546,9.818181818181818,0.0,4.045454545454546,0.5096201045802026,31.127272727272725,-1.6818181818181819,0.9545454545454546,0.5,25.9,14.318181818181818,8.954545454545455,2.272727272727273,25.545454545454547,2.409090909090909,2.0,10.227272727272727,0.0,4.863636363636363,0.5551417915293642,33.7,-3.8181818181818183,0.9090909090909091,0.22727272727272727,26.86829268292683,14.878048780487806,8.804878048780488,2.5121951219512195,26.195121951219512,2.097560975609756,1.6829268292682926,10.439024390243903,0.0,4.7073170731707314,0.5326035497028578,33.821951219512194,-2.5121951219512195,1.0,0.36585365853658536,13.200000000000001,7.0,3.3333333333333335,1.0,11.333333333333334,1.0,2.3333333333333335,4.333333333333333,0.0,1.0,0.5391980360065467,13.166666666666666,-6.0,0.0,0.3333333333333333,25.762500000000003,14.6875,8.625,2.375,25.6875,2.25,1.5625,10.0,0.0,5.125,0.5448377582490231,33.787499999999994,7.3125,0.9375,1.0,26.035714285714285,14.142857142857142,8.321428571428571,2.4285714285714284,24.892857142857142,1.8928571428571428,1.8214285714285714,10.035714285714286,0.0,4.071428571428571,0.5265205441462472,31.62857142857143,-8.5,0.9285714285714286,0.0,6.302244641905538,3.5067889457963406,1.5145523833053443,8.35901609674896,5.634573131686317,44,-2.0999999999999996,-1.7999999999999998,0.10000000000000009,-3.1818181818181834,-2.4200000000000017,-0.001837520259600267
37.1,57.2,71.7,2.1,11.0,3.4,2.4,2.8,1.75,85,0.7000000000000001,0.6000000000000001,17,0.4,0.04,98.2,7.8,7.1,17.2,33.3,5.6,12.5,18.5,1.25,1.06,97.0,-0.37,2384,2,1.25,97.0,-0.18,3484,3,0.66,97.0,1.33,0.0,100.0,66.4,0.22,0.17,100.0,82.8,-0.31,0.53,0.31,-0.6900000000000001,100.0,25.6,0.65,0.43,1.88,79.8,-0.2,100.0,43.7,0.28,0.24,0.39,0.31,80.0,69.7,1.72,100.0,98.3,1.25,97.0,3484,3,0.0,10.8,0.25,11.9,108.7,52.1,0.6000000000000001,0.24,29.041980630868824,15.113476109772233,36.8,2.8,0.5700000000000001,302,111,40.5,481,195,9.3,2.1,19.3,88.2,9.6,1.01,93,82,8.3,40,1629524,41.7,10.0,-1.9,1234,30.9,Bridget Carleton,-1.4,0.04,15.0,34.9,12.8,1.37,2.4,107.3,18.3,3.4,2.51,2.8,86,G,14.1,2520,14.6,29.041980630868824,34.39840141750649,23.685559844231154,10.7,1.0,15.113476109772233,24.021679966109254,7.773696690934521,16.2,1.0,76.1,,baseline,23.1,17.0,18.9,583,1.77,35.1,low,prior_heavy,22,8.03,4.08,-0.53,1.48,0.295,0.63,,True,True,18,-4,1.8,False,7.1,7.1,5.2,5.8,178,60.5,28.2,8.9,86.8,4.5,2026-27,1.3,27.2,-4.8,-3.6,1.6,2.5,2.0,63,2.33,PDX,62.8,1.2,6.9,1.9,1.5,47,55.9,-0.1,0.19,20.5,29.404761904761905,13.880952380952381,4.238095238095238,2.0238095238095237,20.142857142857142,1.9047619047619047,1.119047619047619,11.452380952380953,7.190476190476191,2.2142857142857144,0.4622832480484999,26.597619047619045,-1.5238095238095237,0.9523809523809523,0.40476190476190477,23.46666666666667,12.333333333333334,2.6666666666666665,0.3333333333333333,15.333333333333334,0.6666666666666666,0.6666666666666666,10.666666666666666,7.333333333333333,2.0,0.5145263157894737,17.366666666666667,1.3333333333333333,0.6666666666666666,0.3333333333333333,26.7,11.0,3.2,1.6,15.8,1.2,0.6,10.2,6.8,2.2,0.4366268949328925,20.24,0.8,0.8,0.4,29.49,13.0,4.3,1.9,19.2,1.8,0.9,12.0,7.6,2.2,0.4695697878134964,25.509999999999998,1.0,0.9,0.4,28.30909090909091,15.454545454545455,4.2272727272727275,1.7727272727272727,21.454545454545453,1.9090909090909092,1.2272727272727273,12.090909090909092,7.681818181818182,1.9090909090909092,0.5002558842605868,27.686363636363637,-0.3181818181818182,0.9090909090909091,0.4090909090909091,30.610000000000003,12.15,4.25,2.3,18.7,1.9,1.0,10.75,6.65,2.55,0.4243106118364136,25.4,-2.85,1.0,0.4,30.875,14.575,4.45,2.125,21.15,2.0,1.175,12.025,7.55,2.325,0.4622832480484999,27.9275,-1.6,1.0,0.425,0.0,0.0,0.0,0.0,0.0,0.0,0.0,0.0,0.0,0.0,,0.0,0.0,0.0,0.0,31.058823529411764,15.235294117647058,4.764705882352941,2.0588235294117645,22.058823529411764,2.411764705882353,1.0,12.411764705882353,7.9411764705882355,2.411764705882353,0.4646779041888268,30.27647058823529,10.647058823529411,1.0,1.0,28.28,12.96,3.88,2.0,18.84,1.56,1.2,10.8,6.68,2.08,0.46051328481434556,24.096000000000004,-9.8,0.92,0.0,6.815342737663563,2.573879332831431,1.3878935651554003,7.980376629572427,7.926674705899536,42,-3.5999999999999996,-1.2999999999999998,-0.5,-4.342857142857142,-4.199999999999999,-0.025656353115607433
37.3,34.0,71.0,2.5,13.8,4.2,3.1,3.4,1.04,107,1.0,0.8,26,0.6000000000000001,-0.06,99.8,4.8,-28.3,13.8,47.4,4.0,6.6,22.3,-1.4100000000000001,-1.42,94.4,-0.42,1679,2,-1.4100000000000001,94.7,-0.41000000000000003,2196,3,1.33,94.7,1.16,1.28,100.0,84.9,-0.27,-1.16,100.0,18.5,-2.9,0.28,0.23,-1.21,100.0,6.7,0.35000000000000003,0.19,1.71,54.6,-0.7000000000000001,100.0,23.1,0.05,0.08,0.27,0.4,80.0,73.5,0.28,100.0,79.4,-1.4100000000000001,94.7,2196,3,-0.05,7.5,-0.15,6.4,110.1,52.7,1.2,0.34,27.23253406805029,16.496843174671465,38.3,4.3,0.79,180,69,45.5,473,215,9.0,1.6,33.0,81.4,2.8,0.30000000000000004,156,127,5.6,43,1630996,36.8,4.0,-1.4,1242,28.9,Rae Burrell,-5.4,-0.01,16.0,39.1,10.1,0.6900000000000001,2.3,104.7,24.9,2.6,1.97,2.2,68,F,8.0,2569,14.6,27.51889658667784,32.87531737331551,22.16247580004017,10.7,0.9895939679948431,16.670315006161616,25.585408473515997,9.337425198341265,16.2,1.0,75.6,,baseline,24.4,18.2,20.2,626,0.39,39.8,low,,46,18.71,2.36,-1.5899999999999999,0.14,0.248,0.556,,True,True,67,-24,1.542,False,4.4,3.9,2.9,3.3,101,64.1,66.0,33.0,81.6,2.3,2026-27,0.8,36.3,2.1,3.1,0.8,1.4,1.1,35,1.77,LAS,38.1,2.4,14.2,4.0,3.3,103,57.8,1.8,0.5,22.8,28.841860465116273,14.55813953488372,2.3488372093023258,2.488372093023256,19.3953488372093,1.4186046511627908,2.395348837209302,11.0,4.186046511627907,3.627906976744186,0.5184079555283695,22.969767441860462,-3.7674418604651163,0.9069767441860465,0.37209302325581395,28.96666666666667,15.333333333333334,2.3333333333333335,1.0,18.666666666666668,1.0,2.0,11.666666666666666,3.6666666666666665,4.333333333333333,0.5437447725932925,20.63333333333333,2.6666666666666665,1.0,0.3333333333333333,27.779999999999994,16.0,2.4,2.0,20.4,0.8,2.4,13.4,4.2,4.4,0.6458154333291181,21.880000000000003,4.2,1.0,0.4,28.72,16.6,2.3,2.6,21.5,1.7,2.7,12.6,4.4,4.3,0.6065344830202279,25.659999999999997,-1.1,1.0,0.4,29.004761904761907,14.333333333333334,2.4285714285714284,2.3333333333333335,19.095238095238095,1.4761904761904763,2.6666666666666665,11.047619047619047,4.285714285714286,3.238095238095238,0.5156635246137347,22.50952380952381,-2.238095238095238,0.9047619047619048,0.38095238095238093,28.686363636363637,14.772727272727273,2.272727272727273,2.6363636363636362,19.681818181818183,1.3636363636363635,2.1363636363636362,10.954545454545455,4.090909090909091,4.0,0.5210276395832484,23.40909090909091,-5.2272727272727275,0.9090909090909091,0.36363636363636365,29.63589743589743,15.0,2.358974358974359,2.5128205128205128,19.871794871794872,1.4102564102564104,2.5128205128205128,11.333333333333334,4.282051282051282,3.7435897435897436,0.5247192323290543,23.317948717948717,-4.435897435897436,1.0,0.358974358974359,21.1,10.25,2.25,2.25,14.75,1.5,1.25,7.75,3.25,2.5,0.4568730067216926,19.575,2.75,0.0,0.5,28.59375,15.0625,2.5,2.375,19.9375,1.3125,2.3125,10.5,4.5,3.5625,0.5072710197269135,23.25,5.1875,0.875,1.0,28.988888888888887,14.25925925925926,2.259259259259259,2.5555555555555554,19.074074074074073,1.4814814814814814,2.4444444444444446,11.296296296296296,4.0,3.6666666666666665,0.5250076211884918,22.803703703703704,-9.074074074074074,0.9259259259259259,0.0,6.4634589205905595,1.1523004099508853,1.5333140737391238,7.368334873225207,4.385106425278504,43,1.4000000000000004,0.10000000000000009,-0.5,1.0046511627906973,-1.1200000000000045,0.12740747780074857
30.3,45.6,75.5,4.7,21.2,7.7,5.7,6.3,1.6800000000000002,146,0.5,0.4,10,0.30000000000000004,0.01,94.4,5.8,21.3,27.9,24.0,6.5,18.2,28.5,2.81,2.7199999999999998,97.0,0.65,2031,2,2.81,97.0,0.74,3169,3,1.21,97.0,1.6,2.3,100.0,92.4,0.63,-1.46,100.0,10.1,-2.58,0.27,-0.41000000000000003,-0.55,100.0,31.5,0.39,0.26,5.0,86.1,1.32,100.0,89.1,0.06,0.21,0.4,-0.6000000000000001,80.0,29.0,0.81,100.0,87.8,2.81,97.0,3169,3,-0.07,6.2,-0.47000000000000003,9.2,109.3,46.5,-5.0,-0.67,24.187325250995805,14.703530731224747,29.5,-4.5,-0.46,200,59,38.8,384,149,6.1,1.7000000000000002,27.6,89.6,11.0,1.15,106,95,6.6,31,1629477,29.6,7.0,-1.3,927,29.9,Sabrina Ionescu,-2.0,0.08,14.9,35.5,9.6,0.97,2.0,107.3,17.4,2.9,2.1,2.3,54,G,9.7,1892,14.6,28.637416661502662,33.99383744814033,23.280995874864992,10.7,0.8446056966971771,17.408751549655385,26.31697246933026,10.068989194155527,16.2,0.945936435287913,68.0,,baseline,23.9,17.6,19.5,452,0.17,46.4,low,,53,20.81,1.8399999999999999,-1.5,0.25,-0.079,0.47100000000000003,,True,True,84,11,1.302,False,5.6,6.2,4.6,5.1,118,66.7,51.0,23.4,79.7,3.8,2026-27,1.5,51.0,0.2,2.3,0.7000000000000001,1.2,1.0,23,1.28,NYL,52.1,2.8,12.2,4.6,3.8,87,52.5,-3.5,-0.37,24.2,25.66944444444444,12.555555555555555,3.2777777777777777,4.055555555555555,19.88888888888889,0.9166666666666666,2.4166666666666665,10.666666666666666,5.555555555555555,2.9444444444444446,0.5515641611551111,22.90555555555555,-0.1111111111111111,0.8333333333333334,0.5833333333333334,24.76666666666667,9.333333333333334,2.3333333333333335,4.0,15.666666666666666,1.0,3.0,9.0,5.0,4.333333333333333,0.5593744762862409,18.133333333333336,-2.3333333333333335,1.0,0.3333333333333333,25.439999999999998,9.4,3.0,4.4,16.8,1.4,2.8,10.4,5.4,3.6,0.5748576675550618,21.0,3.4,1.0,0.6,25.440000000000005,10.4,3.0,4.6,18.0,1.3,2.9,10.9,6.0,3.3,0.5923966180583782,21.9,0.6,0.9,0.6,27.46875,11.625,2.8125,3.75,18.1875,0.875,2.625,10.8125,5.75,3.125,0.5364707354081307,20.625,0.5625,0.875,0.625,24.23,13.3,3.65,4.3,21.25,0.95,2.25,10.55,5.4,2.8,0.565714247792905,24.73,-0.65,0.8,0.55,30.116666666666667,14.9,3.8333333333333335,4.8,23.533333333333335,1.1,2.8333333333333335,12.466666666666667,6.466666666666667,3.533333333333333,0.5505321574654595,27.166666666666664,-0.6666666666666666,1.0,0.5,3.4333333333333336,0.8333333333333334,0.5,0.3333333333333333,1.6666666666666667,0.0,0.3333333333333333,1.6666666666666667,1.0,0.0,0.5825242718446602,1.5999999999999999,2.6666666666666665,0.0,1.0,22.876190476190477,11.761904761904763,3.1904761904761907,3.619047619047619,18.571428571428573,0.9047619047619048,2.2857142857142856,9.666666666666666,5.0476190476190474,2.761904761904762,0.5678638913655861,21.44761904761905,6.142857142857143,0.7142857142857143,1.0,29.58,13.666666666666666,3.4,4.666666666666667,21.733333333333334,0.9333333333333333,2.6,12.066666666666666,6.266666666666667,3.2,0.5341777822639375,24.946666666666665,-8.866666666666667,1.0,0.0,8.696286381289246,2.409636737425209,2.8878508513568595,12.397644425518394,11.218729733147013,36,-5.199999999999999,-0.7999999999999998,-0.2999999999999998,-3.0888888888888886,-4.460000000000001,0.02329350639995076
10.0,2.3,52.2,5.3,24.1,8.4,6.0,6.7,2.79,223,0.1,0.1,3,0.1,0.02,98.7,5.8,5.1,14.9,0.0,0.2,27.7,23.6,5.13,5.13,91.2,0.63,1334,1,5.13,91.2,0.63,1334,1,1.25,91.2,2.65,1.42,100.0,85.7,1.43,-0.88,100.0,28.6,1.99,0.4,0.0,2.66,100.0,97.5,0.08,0.5,3.2,93.3,2.13,100.0,94.1,0.5,0.48,0.71,0.79,80.0,84.5,-2.5300000000000002,99.1,0.4,5.13,91.2,1334,1,-0.11,8.6,0.16,25.7,104.8,57.7,6.2,1.15,26.631635230696318,13.164403066063409,9.1,-24.9,,11,1,57.5,431,248,3.8,2.1,38.1,67.7,-10.9,-1.11,164,111,21.3,42,1629491,41.4,16.2,-4.7,1334,31.8,Jessica Shepard,4.5,0.13,12.0,37.3,9.3,2.17,8.4,109.3,31.6,3.3,2.35,2.6,87,C,25.1,2656,14.5,27.135967422561464,32.492388209199135,21.779546635923793,10.7,0.9814146227399341,13.413701773986961,21.068088181180563,7.929279623593449,13.1,0.5189574735219971,69.1,,baseline,22.9,16.4,18.2,608,2.51,63.7,medium,,4,1.6400000000000001,4.09,0.9400000000000001,2.42,0.09,0.443,,True,True,9,7,1.23,False,17.1,17.6,12.6,14.0,467,74.3,87.8,49.7,78.1,11.1,2026-27,2.4,32.3,2.2,-1.5,0.7000000000000001,1.1,0.9,30,0.89,DAL,2.6,1.9,9.5,3.0,2.4,81,60.4,4.4,0.93,19.4,31.00930232558139,14.13953488372093,10.86046511627907,5.186046511627907,30.186046511627907,0.7674418604651163,1.8837209302325582,10.023255813953488,0.2558139534883721,3.813953488372093,0.4293423904143342,35.36976744186047,3.627906976744186,0.9534883720930233,0.6046511627906976,31.900000000000002,15.666666666666666,12.0,7.666666666666667,35.333333333333336,0.3333333333333333,1.6666666666666667,12.333333333333334,0.0,7.333333333333333,0.5353227977025923,40.9,3.0,1.0,0.6666666666666666,29.78,15.4,11.4,7.8,34.6,0.6,2.6,10.8,0.0,7.0,0.5529684477826045,39.98,9.2,1.0,0.8,27.1,13.9,9.2,5.2,28.3,0.8,2.0,10.0,0.1,5.1,0.5183136067667211,33.14,8.4,0.9,0.7,31.323809523809516,14.333333333333334,11.238095238095237,4.904761904761905,30.476190476190474,0.7619047619047619,1.9523809523809523,10.333333333333334,0.23809523809523808,4.142857142857143,0.4536171532920801,35.50952380952381,7.0,1.0,0.7142857142857143,30.709090909090914,13.954545454545455,10.5,5.454545454545454,29.90909090909091,0.7727272727272727,1.8181818181818181,9.727272727272727,0.2727272727272727,3.5,0.40506762753658826,35.23636363636364,0.4090909090909091,0.9090909090909091,0.5,32.40487804878049,14.829268292682928,11.390243902439025,5.414634146341464,31.634146341463413,0.8048780487804879,1.975609756097561,10.512195121951219,0.2682926829268293,4.0,0.439814156034196,37.05853658536585,3.926829268292683,1.0,0.6341463414634146,2.4,0.0,0.0,0.5,0.5,0.0,0.0,0.0,0.0,0.0,0.0,0.75,-2.5,0.0,0.0,32.073076923076925,16.307692307692307,11.346153846153847,6.1923076923076925,33.84615384615385,0.9230769230769231,2.230769230769231,10.73076923076923,0.23076923076923078,4.538461538461538,0.46863670187888196,39.75,12.076923076923077,1.0,1.0,29.38235294117647,10.823529411764707,10.117647058823529,3.6470588235294117,24.58823529411765,0.5294117647058824,1.3529411764705883,8.941176470588236,0.29411764705882354,2.7058823529411766,0.36548913428444396,28.67058823529412,-9.294117647058824,0.8823529411764706,0.0,5.990394673971377,4.2960745944842715,3.3184607300422857,10.815015606517346,7.757325691410251,43,0.9000000000000004,0.3000000000000007,2.5,4.413953488372094,-2.0199999999999996,0.12362605736827026
39.8,42.1,79.1,2.6,15.6,4.5,3.3,3.6,1.24,110,2.0,1.6,48,1.1,0.07,98.9,5.9,10.1,14.6,33.3,4.2,10.2,20.1,5.21,5.11,96.2,0.73,1976,2,5.21,96.6,0.8300000000000001,3064,3,1.28,96.6,2.03,0.16,100.0,68.1,-0.08,-0.11,100.0,60.1,2.65,0.29,-0.28,2.33,100.0,96.6,0.78,0.59,2.32,94.1,-0.39,100.0,33.6,0.63,0.38,0.61,1.55,80.0,97.5,0.6000000000000001,100.0,85.3,5.21,96.6,3064,3,0.0,12.4,0.53,23.8,104.2,58.6,7.1,1.3,21.354204671847896,11.410776183204295,39.2,5.2,0.91,199,78,49.5,430,213,5.8,2.9,34.7,81.2,2.6,0.28,149,121,19.1,43,1627673,41.4,6.7,-5.6,1213,28.2,Jonquel Jones,2.4,0.07,15.1,33.7,9.2,1.15,6.8,106.6,14.2,5.1,3.71,4.1,125,C,24.4,2446,14.5,22.63889765249847,27.995318439136142,17.2824768658608,10.7,0.9432528473616381,12.097261317706323,21.004204582536016,4.756221307361284,16.2,0.711089362766618,67.8,,baseline,25.6,18.5,20.6,625,1.8599999999999999,30.3,low,prior_heavy,42,16.48,4.18,-0.47000000000000003,2.17,-0.313,0.634,,True,True,17,21,1.816,False,15.7,15.9,11.6,12.9,390,66.0,67.5,32.8,74.4,9.1,2026-27,2.7,25.4,3.3,6.3,0.6000000000000001,1.0,0.8,25,2.17,NYL,46.3,2.1,13.0,3.8,3.0,92,63.1,7.1,1.37,21.3,27.572727272727274,14.204545454545455,8.863636363636363,2.5,25.568181818181817,1.6590909090909092,2.090909090909091,9.772727272727273,4.5227272727272725,3.3863636363636362,0.48857261437809646,31.477272727272727,1.4545454545454546,0.8863636363636364,0.5909090909090909,24.8,13.0,9.666666666666666,2.0,24.666666666666668,1.0,2.3333333333333335,9.0,4.666666666666667,3.3333333333333335,0.5173837268124452,28.266666666666666,2.6666666666666665,1.0,0.3333333333333333,24.699999999999996,13.6,8.6,1.4,23.6,1.4,2.4,10.6,4.8,2.6,0.5671749406582587,27.820000000000004,4.6,0.8,0.6,25.23,14.4,8.9,1.6,24.9,1.3,2.1,10.2,4.2,2.9,0.5394373055301722,29.28,3.0,0.8,0.6,28.681818181818183,14.5,10.318181818181818,2.5454545454545454,27.363636363636363,1.8636363636363635,2.0,10.5,4.954545454545454,3.727272727272727,0.4976192651455792,34.29090909090908,2.8181818181818183,0.9090909090909091,0.6363636363636364,26.463636363636365,13.909090909090908,7.409090909090909,2.4545454545454546,23.772727272727273,1.4545454545454546,2.1818181818181817,9.045454545454545,4.090909090909091,3.0454545454545454,0.47909517071692403,28.663636363636364,0.09090909090909091,0.8636363636363636,0.5454545454545454,29.328205128205127,14.897435897435898,9.487179487179487,2.641025641025641,27.025641025641026,1.7692307692307692,2.1538461538461537,10.333333333333334,4.717948717948718,3.5128205128205128,0.4800429751618401,33.3974358974359,0.7948717948717948,1.0,0.5641025641025641,13.88,8.8,4.0,1.4,14.2,0.8,1.6,5.4,3.0,2.4,0.5717365967365967,16.5,6.6,0.0,0.8,26.86923076923077,13.961538461538462,9.0,2.6923076923076925,25.653846153846153,1.7307692307692308,2.1538461538461537,9.73076923076923,4.346153846153846,3.076923076923077,0.4951397084123644,31.83846153846154,7.269230769230769,0.8461538461538461,1.0,28.588888888888885,14.555555555555555,8.666666666666666,2.2222222222222223,25.444444444444443,1.5555555555555556,2.0,9.833333333333334,4.777777777777778,3.8333333333333335,0.47945165044161325,30.955555555555552,-6.944444444444445,0.9444444444444444,0.0,5.110770867330187,3.8494391563163877,1.6353649759766664,7.656575612224321,6.789470768715254,44,-0.9000000000000004,-0.5,-1.2000000000000002,-1.9681818181818151,-3.5000000000000036,0.07860232628016223
23.7,9.0,74.0,2.4,15.2,4.0,3.0,3.3,1.26,100,0.7000000000000001,0.6000000000000001,18,0.4,-0.02,97.5,4.8,-29.4,8.1,0.0,0.2,10.9,19.9,-0.48,-0.37,97.1,0.32,2464,2,-0.48,97.1,0.21,3746,3,1.22,97.1,1.07,-0.02,100.0,65.5,-0.07,-0.31,100.0,50.0,1.33,0.22,-0.31,1.45,100.0,88.7,0.12,0.33,-2.12,68.5,-0.5,100.0,29.8,0.09,0.23,0.41000000000000003,0.66,80.0,79.8,-2.27,100.0,2.1,-0.48,97.1,3746,3,0.0,11.9,-0.11,18.3,109.0,56.3,4.8,0.92,24.460088258256885,13.089809098999899,23.1,-10.9,-1.3599999999999999,39,9,55.2,420,232,6.6,2.8,46.4,68.7,-9.9,-1.01,195,134,15.8,42,204324,0.0,1.0,-3.6,1206,28.7,Dearica Hamby,-6.6,-0.02,15.6,38.7,10.4,0.15,6.7,102.4,25.0,4.7,3.55,3.9,119,C,19.5,2512,14.5,25.112078844817717,30.468499631455387,19.755658058180046,10.7,0.9740367736741401,13.438721671281618,22.33970270952669,6.09171943435196,16.2,0.732119412945963,69.6,,baseline,24.2,18.2,20.1,607,-0.14,37.6,low,,61,25.25,1.8599999999999999,-2.13,0.0,-0.139,0.56,,True,True,106,84,1.557,False,12.5,11.6,8.8,9.7,292,68.4,111.2,64.8,75.4,7.0,2026-27,2.5,24.6,11.3,13.1,1.5,2.4,2.0,61,2.36,LAS,9.3,1.9,11.7,3.1,2.6,79,60.0,4.0,0.87,21.4,28.664285714285718,14.452380952380953,6.9523809523809526,2.380952380952381,23.785714285714285,1.880952380952381,1.880952380952381,10.0,0.9285714285714286,4.642857142857143,0.4853519233544327,30.12857142857143,-4.166666666666667,0.9285714285714286,0.35714285714285715,24.799999999999997,11.666666666666666,7.0,1.3333333333333333,20.0,2.6666666666666665,1.3333333333333333,7.666666666666667,0.6666666666666666,5.666666666666667,0.47122974216768515,28.733333333333334,-5.0,0.6666666666666666,0.3333333333333333,24.88,11.8,5.6,1.6,19.0,1.8,0.8,8.0,0.4,5.0,0.4454528615721127,25.520000000000003,-7.8,0.8,0.4,25.95,11.9,5.4,2.1,19.4,1.5,1.5,8.6,0.3,5.0,0.47229119999905916,24.53,-7.5,0.9,0.3,28.509523809523806,14.476190476190476,6.238095238095238,2.142857142857143,22.857142857142858,1.619047619047619,1.8095238095238095,9.333333333333334,0.7619047619047619,5.0476190476190474,0.46489029597609016,28.22380952380952,-3.8095238095238093,0.9523809523809523,0.3333333333333333,28.81904761904762,14.428571428571429,7.666666666666667,2.619047619047619,24.714285714285715,2.142857142857143,1.9523809523809523,10.666666666666666,1.0952380952380953,4.238095238095238,0.5058135507327756,32.03333333333333,-4.523809523809524,0.9047619047619048,0.38095238095238093,29.08205128205128,14.743589743589743,7.0,2.4358974358974357,24.17948717948718,1.8974358974358974,1.9743589743589745,10.128205128205128,0.9230769230769231,4.641025641025641,0.48568523276452236,30.515384615384612,-3.5128205128205128,1.0,0.358974358974359,23.23333333333333,10.666666666666666,6.333333333333333,1.6666666666666667,18.666666666666668,1.6666666666666667,0.6666666666666666,8.333333333333334,1.0,4.666666666666667,0.4810189010232688,25.099999999999998,-12.666666666666666,0.0,0.3333333333333333,28.753333333333334,15.066666666666666,8.333333333333334,2.6,26.0,1.8666666666666667,1.5333333333333334,10.0,0.9333333333333333,4.533333333333333,0.465549776843515,33.03333333333333,5.2,0.9333333333333333,1.0,28.61481481481481,14.11111111111111,6.185185185185185,2.259259259259259,22.555555555555557,1.8888888888888888,2.074074074074074,10.0,0.9259259259259259,4.703703703703703,0.49635311586049835,28.514814814814812,-9.37037037037037,0.9259259259259259,0.0,5.292435379065063,2.962796807833165,1.6372550042362468,7.370129939900004,3.6077032372527014,42,-2.6999999999999993,-1.4000000000000004,-0.7999999999999998,-4.785714285714285,-3.8200000000000003,-0.03989906178232
32.6,36.2,56.8,2.2,16.2,4.6,3.2,3.6,1.47,87,0.30000000000000004,0.2,6,0.2,0.03,97.9,6.2,2.4,29.6,53.3,3.0,15.8,26.4,2.87,2.94,97.1,0.36,2281,2,2.87,95.2,0.29,2533,3,1.23,95.2,1.49,2.06,100.0,90.3,0.2,0.67,100.0,94.5,0.81,0.75,0.14,-0.42,100.0,35.3,0.28,0.5700000000000001,2.23,87.2,-0.08,100.0,50.8,0.03,0.45,0.34,-0.9400000000000001,80.0,19.7,0.61,100.0,85.7,2.87,95.2,2533,3,0.08,11.9,0.29,10.9,96.8,47.1,-4.4,-0.5700000000000001,21.48353050547076,10.947757305174402,34.2,0.2,0.21,196,67,40.4,500,202,13.5,1.3,24.2,73.6,-5.0,-0.5,121,89,7.3,39,1628931,29.4,17.0,-1.9,978,25.1,Gabby Williams,5.5,-0.06,10.4,29.0,9.3,-0.97,2.1,102.3,26.2,2.8,1.9100000000000001,2.1,52,G,14.2,1874,14.4,23.188023653316446,28.544444439954116,17.831602866678775,10.7,0.9264925215995321,11.816347191096341,20.717399612908757,4.469416337734025,16.2,0.583703419308652,64.5,,baseline,29.9,20.7,22.9,560,-0.48,38.5,low,volatile_rank,131,51.72,1.38,-2.34,-0.56,0.084,0.526,,True,True,155,-6,1.452,False,6.2,6.8,4.7,5.2,128,58.0,41.8,17.6,69.7,3.3,2026-27,1.3,38.6,-5.7,-8.2,1.6,3.4,2.6,64,2.58,GSV,39.2,1.5,7.9,3.1,2.4,58,50.6,-5.4,-0.68,28.9,23.83658536585366,13.658536585365853,3.1219512195121952,2.1219512195121952,18.902439024390244,1.7073170731707317,1.4146341463414633,12.195121951219512,4.780487804878049,2.951219512195122,0.6230415094267918,24.295121951219514,2.6341463414634148,0.7073170731707317,0.7073170731707317,27.900000000000002,15.666666666666666,3.3333333333333335,3.0,22.0,1.6666666666666667,0.3333333333333333,16.0,6.333333333333333,1.3333333333333333,0.6358096291736081,28.833333333333332,2.3333333333333335,0.6666666666666666,0.6666666666666666,25.9,14.2,3.4,3.0,20.6,1.8,0.2,14.0,6.0,2.0,0.5929659462805363,27.98,5.4,0.6,0.8,24.929999999999996,13.0,3.2,2.4,18.6,1.9,1.3,13.2,5.1,2.4,0.6239269672608911,24.84,1.8,0.6,0.7,26.555,16.15,3.85,2.25,22.25,1.8,1.8,13.6,5.1,3.8,0.6404696722423389,27.745000000000005,5.55,0.9,0.75,21.24761904761905,11.285714285714286,2.4285714285714284,2.0,15.714285714285714,1.619047619047619,1.0476190476190477,10.857142857142858,4.476190476190476,2.142857142857143,0.6046960748841108,21.00952380952381,-0.14285714285714285,0.5238095238095238,0.6666666666666666,27.293103448275865,16.137931034482758,3.6206896551724137,2.5172413793103448,22.275862068965516,1.9655172413793103,1.6896551724137931,14.068965517241379,5.758620689655173,3.5172413793103448,0.6361393229664709,28.465517241379306,3.413793103448276,1.0,0.6896551724137931,15.483333333333333,7.666666666666667,1.9166666666666667,1.1666666666666667,10.75,1.0833333333333333,0.75,7.666666666666667,2.4166666666666665,1.5833333333333333,0.5850578501617222,14.216666666666667,0.75,0.0,0.75,23.579310344827583,14.551724137931034,3.1379310344827585,2.3793103448275863,20.06896551724138,1.6896551724137931,1.3448275862068966,12.241379310344827,4.827586206896552,3.206896551724138,0.6316405231175976,25.6103448275862,7.275862068965517,0.6896551724137931,1.0,24.458333333333332,11.5,3.0833333333333335,1.5,16.083333333333332,1.75,1.5833333333333333,12.083333333333334,4.666666666666667,2.3333333333333335,0.6011531109411042,21.116666666666664,-8.583333333333334,0.75,0.0,6.9304031487986375,2.1236186327966173,1.5523389119522113,8.811370148985857,7.793867977376861,41,-0.20000000000000107,0.10000000000000009,0.7999999999999998,1.6975609756097576,0.7999999999999972,-0.03007556314625548
33.3,0.7000000000000001,38.8,8.5,41.7,12.7,9.2,10.3,2.43,358,0.7000000000000001,0.6000000000000001,20,0.5,0.03,99.4,7.1,-6.2,20.1,,0.0,40.5,33.3,8.1,8.26,95.9,1.3900000000000001,2207,2,8.1,96.2,1.23,3245,3,1.3,96.2,3.35,2.92,100.0,95.8,1.75,-0.18,100.0,57.6,1.47,0.54,-0.2,1.29,100.0,87.4,0.19,0.72,6.51,98.1,3.96,100.0,100.0,0.4,1.43,0.9500000000000001,-0.19,80.0,47.9,-2.43,94.8,1.7000000000000002,8.1,96.2,3245,3,0.01,10.8,0.6000000000000001,18.4,106.6,52.3,0.8,0.27,30.60904327202181,14.667244646012653,33.3,-0.7000000000000001,,3,1,52.1,443,231,7.2,2.5,44.7,68.7,-9.9,-1.01,198,136,14.2,42,203826,40.4,10.6,-2.6,1393,33.2,Alyssa Thomas,-2.6,0.02,14.4,32.9,9.1,0.76,5.0,104.0,50.6,3.8,2.74,3.0,106,F,19.6,2819,14.3,30.60904327202181,34.876922186869656,26.341164357173966,8.5,1.0,14.667244646012653,23.579658376534567,7.331675101359837,16.2,1.0,77.0,,baseline,21.2,15.5,17.2,599,2.06,50.2,medium,,3,1.22,4.14,-0.01,2.06,0.009000000000000001,0.579,,True,True,14,-3,1.617,False,11.7,11.6,8.5,9.4,328,71.0,82.8,38.1,88.5,7.8,2026-27,1.9,44.6,-2.9,-9.9,1.3,2.0,1.6,56,1.96,PHX,0.7000000000000001,3.5,13.7,5.2,4.2,147,56.5,0.5,0.29,21.8,31.661363636363635,13.613636363636363,7.454545454545454,8.136363636363637,29.204545454545453,1.7272727272727273,3.340909090909091,10.068181818181818,0.06818181818181818,4.5,0.48461010517433883,36.60454545454546,-1.2954545454545454,0.9545454545454546,0.36363636363636365,29.666666666666668,13.333333333333334,9.333333333333334,10.666666666666666,33.333333333333336,1.6666666666666667,2.6666666666666665,10.333333333333334,0.0,2.3333333333333335,0.4699327964889594,42.86666666666667,-2.3333333333333335,1.0,0.3333333333333333,28.3,12.4,8.4,10.0,30.8,1.4,3.0,8.8,0.0,3.4,0.45961210872872355,38.68,8.0,1.0,0.6,30.46,12.6,9.2,9.6,31.4,1.6,3.3,9.1,0.1,3.3,0.4500640542107369,39.54,3.5,1.0,0.4,32.69090909090909,12.818181818181818,7.636363636363637,8.590909090909092,29.045454545454547,1.6818181818181819,3.1818181818181817,9.909090909090908,0.045454545454545456,4.045454545454546,0.45163719497417937,36.73181818181819,0.4090909090909091,1.0,0.3181818181818182,30.63181818181818,14.409090909090908,7.2727272727272725,7.681818181818182,29.363636363636363,1.7727272727272727,3.5,10.227272727272727,0.09090909090909091,4.954545454545454,0.5208803063945139,36.47727272727273,-3.0,0.9090909090909091,0.4090909090909091,33.16904761904762,14.261904761904763,7.809523809523809,8.523809523809524,30.595238095238095,1.8095238095238095,3.5,10.547619047619047,0.07142857142857142,4.714285714285714,0.48461010517433883,38.34761904761905,-1.3571428571428572,1.0,0.3333333333333333,0.0,0.0,0.0,0.0,0.0,0.0,0.0,0.0,0.0,0.0,,0.0,0.0,0.0,1.0,28.481250000000003,13.125,7.4375,8.1875,28.75,1.625,3.1875,8.9375,0.0625,4.4375,0.4913750993573175,36.01875,10.8125,0.875,1.0,33.47857142857143,13.892857142857142,7.464285714285714,8.107142857142858,29.464285714285715,1.7857142857142858,3.4285714285714284,10.714285714285714,0.07142857142857142,4.535714285714286,0.4812276080828493,36.939285714285724,-8.214285714285714,1.0,0.0,6.499430776832153,3.385705556330158,3.1222450858831294,10.010644440502563,7.907641753218943,44,-1.9000000000000004,0.6000000000000005,1.5,1.5954545454545475,-4.900000000000002,-0.02499799644561529
39.7,28.4,56.8,4.9,14.9,8.2,6.1,6.7,2.88,93,1.0,0.8,11,0.6000000000000001,0.08,72.7,8.0,-11.4,17.0,20.0,2.3,23.1,24.9,4.62,4.59,83.4,0.56,1806,2,4.62,83.4,0.59,2979,3,1.34,83.4,2.52,2.31,100.0,92.9,1.4,0.22,100.0,85.3,-0.49,0.58,-0.18,-0.93,99.0,15.5,0.34,0.54,4.98,92.4,2.46,100.0,95.0,0.04,0.91,0.58,-0.88,80.0,21.4,-0.32,100.0,34.9,4.62,83.4,2979,3,0.03,7.0,0.66,4.1,108.1,45.0,-6.5,-0.92,0.27844876477464203,0.134337709768264,38.2,4.2,0.77,68,26,39.2,222,87,7.1,2.2,40.1,77.5,-1.1,-0.1,89,69,3.1,19,203400,38.7,14.0,-1.2,553,29.1,Skylar Diggins,-6.4,0.04,14.0,39.1,11.5,0.4,1.2,101.7,29.3,3.6,2.67,3.0,41,G,5.2,1140,14.2,27.88143064424236,33.23785143088003,22.52500985760469,10.7,0.009986889422123,13.451406548136816,22.2542694009199,4.732210929659136,17.5,0.39282326735614903,18.0,,baseline,23.6,17.6,19.5,269,1.26,35.3,low,prior_heavy,6,2.45,3.67,-1.16,1.53,-0.271,0.652,,True,True,29,-9,1.8860000000000001,False,2.5,5.3,4.0,4.3,60,41.4,66.2,26.1,48.5,3.2,2026-27,1.2,47.1,-3.2,-5.7,0.9,1.6,1.3,18,1.8900000000000001,CHI,30.6,1.7000000000000002,4.2,2.9,2.4,33,51.5,-4.5,-0.53,22.9,14.18205128205128,6.897435897435898,1.5384615384615385,2.3846153846153846,10.820512820512821,0.7435897435897436,0.8461538461538461,5.6923076923076925,1.7435897435897436,2.282051282051282,0.5242179250861683,13.705128205128204,-2.051282051282051,0.4358974358974359,0.41025641025641024,0.0,0.0,0.0,0.0,0.0,0.0,0.0,0.0,0.0,0.0,,0.0,0.0,0.0,0.3333333333333333,0.0,0.0,0.0,0.0,0.0,0.0,0.0,0.0,0.0,0.0,,0.0,0.0,0.0,0.2,0.0,0.0,0.0,0.0,0.0,0.0,0.0,0.0,0.0,0.0,,0.0,0.0,0.0,0.4,13.745454545454544,7.045454545454546,1.5454545454545454,2.590909090909091,11.181818181818182,0.6363636363636364,0.9545454545454546,5.909090909090909,1.9090909090909092,2.1818181818181817,0.566977140806489,13.740909090909092,-1.5909090909090908,0.45454545454545453,0.5,14.74705882352941,6.705882352941177,1.5294117647058822,2.1176470588235294,10.352941176470589,0.8823529411764706,0.7058823529411765,5.411764705882353,1.5294117647058822,2.411764705882353,0.47670768539692304,13.658823529411768,-2.6470588235294117,0.4117647058823529,0.29411764705882354,30.676470588235293,15.647058823529411,3.3529411764705883,5.0588235294117645,24.058823529411764,1.5294117647058822,1.9411764705882353,12.352941176470589,3.764705882352941,5.0588235294117645,0.5359663305695788,29.905882352941173,-3.764705882352941,1.0,0.29411764705882354,1.4363636363636365,0.13636363636363635,0.13636363636363635,0.3181818181818182,0.5909090909090909,0.13636363636363635,0.0,0.5454545454545454,0.18181818181818182,0.13636363636363635,0.4243564784771793,1.1863636363636365,-0.7272727272727273,0.0,0.5,9.193749999999998,5.3125,1.5625,2.0625,8.9375,0.5625,0.5625,3.875,1.0625,1.6875,0.5587708097208463,11.40625,3.1875,0.3125,1.0,17.652173913043477,8.0,1.5217391304347827,2.608695652173913,12.130434782608695,0.8695652173913043,1.0434782608695652,6.956521739130435,2.217391304347826,2.6956521739130435,0.5118776091452117,15.304347826086957,-5.695652173913044,0.5217391304347826,0.0,8.475335335067006,2.371388154937213,2.979008883357938,12.657163137032835,15.308423408713866,39,-14.2,-3.2,-4.9,-10.820512820512821,-29.1,
36.9,22.0,31.7,4.3,23.1,7.1,5.2,5.8,2.39,187,0.4,0.30000000000000004,11,0.30000000000000004,0.02,98.0,5.8,20.6,12.5,36.4,2.0,25.5,27.5,3.19,3.21,97.1,0.77,2460,2,3.19,97.0,0.75,3431,3,1.1,97.0,2.13,1.67,100.0,88.2,0.87,-0.39,100.0,47.9,-0.54,0.58,-0.37,-0.22,100.0,40.8,0.42,0.44,3.38,89.5,1.76,100.0,92.0,0.31,0.26,0.49,-0.66,80.0,27.3,-0.39,100.0,31.1,3.19,97.0,3431,3,-0.03,8.3,-0.06,12.6,101.1,49.5,-2.0,-0.18,30.228244017031237,12.883169221771059,36.8,2.8,0.5700000000000001,133,49,45.0,555,250,6.5,2.1,9.4,82.7,4.1,0.44,52,43,9.1,43,1627675,45.6,53.7,0.6000000000000001,1285,29.9,Courtney Williams,11.2,0.04,12.6,33.7,10.7,-0.7000000000000001,2.6,112.3,14.6,3.5,2.58,2.9,92,G,13.4,2625,13.8,30.53202200894058,34.79990092378842,26.264143094092738,8.5,0.9900505118258991,13.012638312777895,21.843782020851034,5.595798745676301,16.2,0.8604992913382591,73.7,,baseline,22.6,16.6,18.4,592,-0.81,34.0,low,prior_heavy,14,5.83,1.8,-3.41,-0.8,-0.008,0.684,,True,True,184,7,2.031,False,7.8,7.9,5.8,6.5,208,58.1,17.1,7.7,80.4,4.8,2026-27,1.8,46.8,-15.6,-24.4,1.1,1.9,1.5,49,1.6800000000000002,MIN,24.0,1.8,8.9,2.9,2.4,77,51.2,-4.8,-0.58,22.3,29.127272727272725,13.454545454545455,4.7272727272727275,4.25,22.431818181818183,1.3636363636363635,1.75,12.613636363636363,3.022727272727273,1.1818181818181819,0.5121033041398237,27.843181818181822,6.045454545454546,0.9318181818181818,0.75,20.26666666666667,7.333333333333333,2.6666666666666665,5.333333333333333,15.333333333333334,0.6666666666666666,2.3333333333333335,7.333333333333333,2.3333333333333335,0.6666666666666666,0.5361663569602902,18.2,8.333333333333334,0.6666666666666666,0.6666666666666666,24.02,9.0,3.2,4.4,16.6,1.2,2.4,9.2,2.2,0.4,0.5172826921361013,20.639999999999997,0.8,0.8,0.4,23.8,8.9,2.8,4.2,15.9,0.9,1.8,8.9,2.2,0.8,0.4829873584065244,19.46,3.5,0.8,0.6,29.75,13.727272727272727,5.5,4.2727272727272725,23.5,1.2727272727272727,1.7272727272727273,13.090909090909092,3.3636363636363638,0.9090909090909091,0.5117424306202663,28.827272727272724,7.590909090909091,0.9545454545454546,0.6818181818181818,28.50454545454545,13.181818181818182,3.9545454545454546,4.2272727272727275,21.363636363636363,1.4545454545454546,1.7727272727272727,12.136363636363637,2.6818181818181817,1.4545454545454546,0.5124477743175829,26.859090909090913,4.5,0.9090909090909091,0.8181818181818182,30.5609756097561,14.390243902439025,4.951219512195122,4.341463414634147,23.682926829268293,1.4390243902439024,1.7804878048780488,13.317073170731707,3.1707317073170733,1.2682926829268293,0.5119745079366599,29.38048780487805,6.658536585365853,1.0,0.7804878048780488,9.533333333333333,0.6666666666666666,1.6666666666666667,3.0,5.333333333333333,0.3333333333333333,1.3333333333333333,3.0,1.0,0.0,0.5147436263046826,6.833333333333333,-2.3333333333333335,0.0,0.3333333333333333,30.051515151515154,13.787878787878787,4.787878787878788,4.636363636363637,23.21212121212121,1.393939393939394,1.7878787878787878,12.424242424242424,3.0,1.4848484848484849,0.49287886746083087,28.881818181818183,10.424242424242424,0.9696969696969697,1.0,26.354545454545452,12.454545454545455,4.545454545454546,3.090909090909091,20.09090909090909,1.2727272727272727,1.6363636363636365,13.181818181818182,3.090909090909091,0.2727272727272727,0.5755439451805,24.727272727272727,-7.090909090909091,0.8181818181818182,0.0,6.543075677650934,2.764926815664944,2.179449471770337,8.145187556972914,6.780456307494619,44,-4.800000000000001,-1.5999999999999996,0.10000000000000053,-5.831818181818182,-5.879999999999999,0.005179387996277596
32.8,45.7,77.1,2.0,14.3,4.5,3.5,3.8,1.25,73,0.6000000000000001,0.5,9,0.2,0.09,85.1,7.4,-4.5,26.8,25.8,7.4,10.3,24.3,1.1,1.1,85.9,0.07,762,1,1.1,85.9,0.07,762,1,1.19,85.9,1.18,2.13,100.0,90.8,-0.33,-1.07,100.0,23.1,-2.7,0.38,0.0,-1.18,96.6,9.2,0.30000000000000004,0.26,3.81,79.2,-0.21,100.0,42.4,0.17,0.25,0.35000000000000003,-0.2,80.0,46.6,1.3,100.0,94.1,1.1,85.9,762,1,0.0,5.1,0.38,5.1,103.8,50.4,-1.1,-0.04,13.727320350094214,8.66774299482865,31.8,-2.2,-0.13,223,71,41.9,420,176,3.6,2.5,24.5,78.6,0.0,0.01,103,81,3.9,37,1642321,23.8,10.0,-3.8,762,20.6,Sydney Taylor,0.8,0.09,13.9,36.8,10.7,0.42,1.3,104.6,12.9,5.8,4.44,4.9,94,G,3.9,1625,13.6,16.796429318793788,22.579651327060294,11.013207310527282,11.6,0.817276106102771,10.60564836057827,19.50408713129783,3.256103856123096,16.2,0.824126401619748,64.0,,baseline,31.0,23.8,26.5,504,1.11,52.0,medium,volatile_rank,167,59.06,2.21,0.01,0.9,0.209,0.279,,True,True,31,4,0.859,False,3.2,3.9,3.0,3.3,63,72.3,48.5,24.0,70.3,1.7000000000000002,2026-27,1.5,30.7,0.5,3.0,0.7000000000000001,1.5,1.3,25,1.6099999999999999,CHI,53.1,1.6,11.2,3.6,3.0,58,54.2,-1.8,-0.09,29.2,17.71627906976744,11.720930232558139,1.4651162790697674,1.697674418604651,14.883720930232558,0.7906976744186046,1.3488372093023255,9.767441860465116,5.186046511627907,2.395348837209302,0.6724571172172475,17.048837209302324,0.6744186046511628,0.5116279069767442,0.37209302325581395,23.766666666666666,12.0,4.0,3.6666666666666665,19.666666666666668,1.0,2.3333333333333335,12.666666666666666,6.666666666666667,5.0,0.7210258410429637,22.96666666666667,-1.3333333333333333,0.6666666666666666,0.3333333333333333,22.1,12.2,3.0,3.2,18.4,0.6,2.2,12.8,6.6,5.0,0.7851351178350466,20.2,-5.2,0.4,0.2,18.37,9.2,1.9,2.6,13.7,0.7,1.6,10.2,5.7,2.7,0.7035759115237883,15.88,-1.9,0.4,0.4,18.61818181818182,12.727272727272727,1.6818181818181819,1.9545454545454546,16.363636363636363,1.0,1.4545454545454546,10.045454545454545,5.5,2.0,0.6488867407704643,19.22272727272727,2.409090909090909,0.5454545454545454,0.5,16.77142857142857,10.666666666666666,1.2380952380952381,1.4285714285714286,13.333333333333334,0.5714285714285714,1.2380952380952381,9.476190476190476,4.857142857142857,2.8095238095238093,0.6973369590221851,14.77142857142857,-1.1428571428571428,0.47619047619047616,0.23809523809523808,24.581818181818186,17.136363636363637,2.090909090909091,2.1818181818181817,21.40909090909091,0.9545454545454546,1.5909090909090908,13.954545454545455,7.363636363636363,3.1818181818181817,0.691277775051336,24.190909090909088,3.8636363636363638,1.0,0.36363636363636365,10.523809523809527,6.0476190476190474,0.8095238095238095,1.1904761904761905,8.047619047619047,0.6190476190476191,1.0952380952380953,5.380952380952381,2.9047619047619047,1.5714285714285714,0.6448534857272505,9.566666666666666,-2.6666666666666665,0.0,0.38095238095238093,16.581249999999997,11.75,1.6875,1.75,15.1875,0.75,1.625,8.4375,4.6875,1.9375,0.6550089378219288,17.025,5.75,0.5,1.0,18.388888888888886,11.703703703703704,1.3333333333333333,1.6666666666666667,14.703703703703704,0.8148148148148148,1.1851851851851851,10.555555555555555,5.481481481481482,2.6666666666666665,0.6819082143897117,17.062962962962963,-2.3333333333333335,0.5185185185185185,0.0,9.394338673587631,1.4200743979387358,1.5665382478410983,10.967938779147289,9.701250047890445,43,-1.4000000000000004,1.2999999999999998,1.2000000000000002,3.5162790697674406,1.5,0.11267800061779909
33.8,25.1,65.7,3.5,14.7,6.3,4.6,5.1,1.94,97,0.4,0.30000000000000004,6,0.2,-0.02,85.8,2.1,9.1,16.0,50.0,2.2,16.6,26.0,2.87,2.87,86.1,0.49,760,1,2.87,86.1,0.49,760,1,1.32,86.1,2.14,3.04,100.0,96.6,0.37,-1.5,100.0,8.4,-2.63,0.18,0.0,-0.51,100.0,32.8,0.68,0.32,5.53,87.2,0.9400000000000001,100.0,85.7,0.14,0.66,0.72,0.51,80.0,76.5,-0.63,100.0,25.6,2.87,86.1,760,1,-0.09,4.5,-0.59,6.2,113.3,52.0,0.5,0.22,22.43897528553766,11.364989726744419,35.1,1.1,0.33,74,26,47.2,271,128,3.4,2.9,39.5,86.9,8.3,0.87,107,93,5.7,28,1643445,45.9,13.7,-4.2,760,27.1,Kiki Rice,-9.9,0.07,14.2,38.9,11.0,-0.71,2.7,103.4,20.7,5.3,3.88,4.3,82,G,5.0,1540,13.4,22.936687674377765,28.293108461015436,17.580266887740095,10.7,0.978300598765353,11.617073260598433,20.536354736358966,4.288371461184235,16.2,0.965744194091615,74.4,,baseline,24.4,17.8,19.7,375,-1.35,46.4,low,volatile_rank,94,40.98,0.12,-2.8200000000000003,-1.6800000000000002,0.327,0.41000000000000003,,True,True,207,11,1.15,False,4.3,6.7,4.9,5.4,103,69.2,77.9,38.4,76.3,3.7,2026-27,1.8,57.0,1.8,1.5,0.8,1.4,1.2,22,1.33,TOR,27.3,1.8,7.3,3.2,2.6,50,58.9,2.9,0.68,20.9,17.252272727272725,8.522727272727273,2.340909090909091,2.2045454545454546,13.068181818181818,0.6363636363636364,1.1363636363636365,6.159090909090909,1.6818181818181819,2.4318181818181817,0.47756888756326277,15.411363636363639,-3.3181818181818183,0.5454545454545454,0.25,30.46666666666667,18.666666666666668,4.0,4.666666666666667,27.333333333333332,1.3333333333333333,2.3333333333333335,15.666666666666666,3.6666666666666665,3.0,0.6329453993065323,32.13333333333333,-16.0,1.0,0.0,29.639999999999997,17.6,4.4,4.8,26.8,1.0,3.6,15.2,3.4,2.8,0.6767398679774653,29.48,-16.0,1.0,0.0,29.360000000000003,17.4,3.2,4.4,25.0,0.9,2.2,13.1,3.4,4.1,0.583136706052528,28.340000000000003,-12.0,1.0,0.1,12.250000000000002,6.090909090909091,1.6363636363636365,1.5,9.227272727272727,0.5,0.7727272727272727,4.954545454545454,1.2727272727272727,1.1818181818181819,0.49777942308077383,11.031818181818181,-3.9545454545454546,0.4090909090909091,0.3181818181818182,22.254545454545454,10.954545454545455,3.0454545454545454,2.909090909090909,16.90909090909091,0.7727272727272727,1.5,7.363636363636363,2.090909090909091,3.6818181818181817,0.46634081227575663,19.790909090909096,-2.6818181818181817,0.6818181818181818,0.18181818181818182,28.375,14.666666666666666,4.041666666666667,3.7916666666666665,22.5,1.125,1.8333333333333333,10.5,2.7916666666666665,4.125,0.49538286261336323,26.745833333333337,-4.875,1.0,0.20833333333333334,3.905,1.15,0.3,0.3,1.75,0.05,0.3,0.95,0.35,0.4,0.3706850372626603,1.81,-1.45,0.0,0.3,16.681818181818183,8.727272727272727,2.8181818181818183,1.6363636363636365,13.181818181818182,0.7272727272727273,0.7272727272727273,4.363636363636363,1.2727272727272727,3.6363636363636362,0.4088211468869991,16.01818181818182,3.909090909090909,0.45454545454545453,1.0,17.442424242424238,8.454545454545455,2.1818181818181817,2.393939393939394,13.030303030303031,0.6060606060606061,1.2727272727272727,6.757575757575758,1.8181818181818181,2.0303030303030303,0.49631827138406204,15.20909090909091,-5.7272727272727275,0.5757575757575758,0.0,8.314986851612856,2.551271291110701,2.2882871166264067,12.02593655836036,13.827954306258864,44,4.200000000000001,0.7000000000000002,1.2999999999999998,13.731818181818182,2.5399999999999956,0.19917098041420256
0.0,1.6,42.4,2.5,7.9,4.9,3.6,4.0,1.3900000000000001,45,3.5,2.8,32,1.8,0.08,69.1,8.7,-24.5,11.8,100.0,0.5,9.2,17.1,1.55,1.27,79.6,-0.31,1158,2,1.55,79.6,-0.03,1894,3,1.24,79.6,1.63,0.47000000000000003,100.0,73.5,-0.03,1.3,100.0,97.9,3.79,0.51,0.14,1.49,100.0,89.5,-0.01,0.52,-2.07,81.5,-0.22,99.5,41.6,0.35000000000000003,0.58,0.27,-0.27,80.0,39.5,-2.08,78.2,5.5,1.55,79.6,1894,3,0.06,12.1,0.12,7.1,100.7,53.0,1.5,0.39,5.07481733011732,2.688789452912328,25.0,-9.0,,4,1,52.7,184,97,8.3,2.7,34.8,67.2,-11.4,-1.16,64,43,6.8,18,203398,45.7,19.0,-3.8,455,25.3,Brittney Griner,-6.1,0.02,15.8,32.3,8.0,1.3599999999999999,3.4,94.6,38.6,5.3,3.8,4.2,48,C,9.6,912,13.2,21.541579725549465,26.898000512187135,16.185158938911794,10.7,0.23558241293224702,11.413370885566128,20.200582779764297,2.678524308503537,17.5,0.379000540615863,27.9,,baseline,26.1,18.8,20.9,238,1.54,47.6,low,,10,4.15,3.4,-0.32,1.75,-0.214,0.526,,True,True,22,28,1.452,False,5.1,11.5,8.3,9.2,105,66.2,75.0,40.2,52.4,5.8,2026-27,2.1,18.6,-2.3,-8.4,0.4,0.9,0.7000000000000001,8,3.16,CON,2.2,1.8,5.3,3.5,2.8,32,56.1,0.1,0.22,23.7,11.385,5.95,2.625,1.125,9.7,1.0,0.8,4.6,0.1,1.6,0.5393601079626994,12.9875,-1.6,0.4,0.275,0.0,0.0,0.0,0.0,0.0,0.0,0.0,0.0,0.0,0.0,,0.0,0.0,0.0,0.3333333333333333,0.0,0.0,0.0,0.0,0.0,0.0,0.0,0.0,0.0,0.0,,0.0,0.0,0.0,0.2,1.89,0.7,0.8,0.0,1.5,0.2,0.1,0.9,0.1,0.0,0.5291005291005292,2.16,-2.4,0.1,0.3,11.463636363636363,5.7272727272727275,2.772727272727273,1.0909090909090908,9.590909090909092,1.0454545454545454,0.9545454545454546,4.863636363636363,0.13636363636363635,1.2272727272727273,0.5555361878919253,12.87272727272727,-1.7727272727272727,0.4090909090909091,0.36363636363636365,11.288888888888888,6.222222222222222,2.4444444444444446,1.1666666666666667,9.833333333333334,0.9444444444444444,0.6111111111111112,4.277777777777778,0.05555555555555555,2.0555555555555554,0.5139405537882017,13.127777777777778,-1.3888888888888888,0.3888888888888889,0.16666666666666666,26.174999999999997,13.6875,6.3125,2.625,22.625,2.375,1.8125,10.3125,0.25,3.75,0.5270064752928812,30.512499999999996,-4.625,1.0,0.3125,1.5250000000000001,0.7916666666666666,0.16666666666666666,0.125,1.0833333333333333,0.08333333333333333,0.125,0.7916666666666666,0.0,0.16666666666666666,0.6381891693212448,1.3041666666666665,0.4166666666666667,0.0,0.25,15.127272727272727,9.0,3.5454545454545454,2.090909090909091,14.636363636363637,1.4545454545454546,1.2727272727272727,6.545454545454546,0.0,2.5454545454545454,0.5926190709924034,19.48181818181818,4.636363636363637,0.45454545454545453,1.0,9.96551724137931,4.793103448275862,2.2758620689655173,0.7586206896551724,7.827586206896552,0.8275862068965517,0.6206896551724138,3.8620689655172415,0.13793103448275862,1.2413793103448276,0.5054680405801606,10.524137931034485,-3.9655172413793105,0.3793103448275862,0.0,7.72591377053508,3.439495341634904,1.7274184087748863,12.036696028481039,13.109431914778197,40,-13.2,-5.8,-2.5,-9.7,-25.3,
39.4,41.5,57.3,1.8,7.7,2.9,2.0,2.3,1.6400000000000001,55,1.3,1.1,25,0.8,0.16,95.4,6.4,11.7,12.9,42.9,4.1,8.8,14.6,-1.94,-1.94,91.1,-0.33,951,1,-1.94,91.1,-0.33,951,1,1.26,91.1,1.27,-1.58,100.0,23.1,-0.01,0.64,100.0,94.1,-0.49,0.34,0.0,-1.35,98.9,2.1,0.46,0.32,-1.47,44.7,-0.5,100.0,30.3,0.39,0.16,0.2,0.41000000000000003,80.0,74.4,0.87,100.0,89.5,-1.94,91.1,951,1,0.11,11.0,-0.02,3.6,104.3,54.7,3.2,0.66,,,39.7,5.7,0.98,156,62,45.6,342,156,11.3,2.3,6.7,82.6,4.0,0.43,23,19,3.6,30,1643425,53.3,26.3,,951,31.7,Azzi Fudd,5.5,0.05,12.0,37.9,9.4,-0.08,1.7000000000000002,109.8,16.4,3.6,2.5700000000000003,2.9,68,G,6.8,1912,13.1,,,,,,,,,,,,,,20.6,14.9,16.5,393,-0.09,56.8,medium,,83,35.23,0.99,-1.16,0.04,-0.126,0.269,,True,True,100,-6,0.837,False,2.7,2.7,1.9,2.2,52,67.5,18.4,11.7,82.1,1.7000000000000002,2026-27,1.5,19.2,-7.8,-10.2,1.7000000000000002,2.7,2.2,52,2.91,DAL,45.6,1.1,6.8,1.7000000000000002,1.4,33,55.8,-0.2,0.17,17.9,29.690624999999997,12.28125,1.625,1.71875,15.625,2.40625,1.03125,10.6875,4.875,0.71875,0.3994892723145861,22.996875,4.375,0.875,0.59375,11.5,3.0,0.3333333333333333,1.0,4.333333333333333,1.0,1.0,2.6666666666666665,1.3333333333333333,1.3333333333333333,0.3698550724637681,6.8999999999999995,-3.3333333333333335,0.3333333333333333,0.0,18.339999999999996,5.8,0.8,0.8,7.4,1.6,0.8,5.4,3.4,0.8,0.3545258611531233,11.959999999999999,0.0,0.6,0.2,27.130000000000003,10.2,1.3,1.5,13.0,1.9,1.0,8.7,4.6,0.7,0.368006892906078,18.71,0.4,0.8,0.4,31.57692307692308,15.0,2.076923076923077,1.9230769230769231,19.0,2.5384615384615383,1.0,11.846153846153847,4.615384615384615,0.8461538461538461,0.4136203422592623,26.99230769230769,10.384615384615385,0.9230769230769231,0.6923076923076923,28.400000000000002,10.421052631578947,1.3157894736842106,1.5789473684210527,13.31578947368421,2.3157894736842106,1.0526315789473684,9.894736842105264,5.052631578947368,0.631578947368421,0.3886831600039514,20.26315789473684,0.2631578947368421,0.8421052631578947,0.5263157894736842,32.59642857142857,13.642857142857142,1.7857142857142858,1.9642857142857142,17.392857142857142,2.642857142857143,1.1071428571428572,11.892857142857142,5.428571428571429,0.8214285714285714,0.40779039816497165,25.553571428571427,4.75,1.0,0.6428571428571429,9.35,2.75,0.5,0.0,3.25,0.75,0.5,2.25,1.0,0.0,0.2832735104091888,5.1,1.75,0.0,0.25,31.21578947368421,13.894736842105264,1.9473684210526316,2.1052631578947367,17.94736842105263,2.3157894736842106,0.8947368421052632,10.894736842105264,5.157894736842105,0.7894736842105263,0.3791332008023573,25.442105263157895,10.421052631578947,0.9473684210526315,1.0,27.46153846153846,9.923076923076923,1.1538461538461537,1.1538461538461537,12.23076923076923,2.5384615384615383,1.2307692307692308,10.384615384615385,4.461538461538462,0.6153846153846154,0.43464975947207235,19.42307692307692,-4.461538461538462,0.7692307692307693,0.0,6.52654319904743,1.408499544814245,1.3255400603576275,7.970712519249212,9.799287642806062,32,-7.3,-0.9000000000000001,-1.0,-8.225,-13.360000000000003,-0.044963411161462796
35.4,34.2,75.3,0.9,6.4,1.8,1.3,1.5,1.13,37,1.3,1.1,27,0.7000000000000001,0.06,98.6,7.7,2.8,14.1,30.0,5.3,6.3,13.9,-2.92,-2.96,92.8,-0.62,1178,2,-2.92,93.4,-0.58,1525,3,1.32,93.4,1.24,-1.35,100.0,28.6,-0.25,-1.62,100.0,5.9,-2.08,-0.18,0.21,0.26,100.0,73.9,0.23,0.24,-0.66,33.6,-1.1400000000000001,100.0,9.7,0.26,0.28,0.55,1.96,80.0,99.2,0.2,100.0,74.4,-2.92,93.4,1525,3,-0.06,7.1,-0.05,11.4,109.5,61.8,10.3,1.82,20.707579637787088,11.996137273313352,34.7,0.7000000000000001,0.28,150,52,55.0,380,209,4.3,2.6,21.3,81.5,2.9,0.31,81,66,10.9,41,1629484,44.4,2.4,-2.5,996,24.3,Megan DiLeo,-3.7,0.12,15.5,35.3,12.7,1.38,5.2,105.8,22.4,5.2,3.83,4.3,106,C,10.8,2046,13.1,21.754859634591604,27.111280421229274,16.398438847953933,10.7,0.9518599515512721,12.602838530776424,21.506844272916915,5.258860997742185,16.2,0.7273648141994591,68.5,,baseline,26.2,19.4,21.5,536,1.01,30.3,low,prior_heavy,29,11.46,3.36,-1.34,1.05,-0.043000000000000003,0.638,,True,True,38,14,1.83,False,8.3,8.7,6.4,7.1,177,77.2,57.1,35.8,73.4,4.3,2026-27,2.1,13.4,3.8,5.9,0.4,0.9,0.7000000000000001,18,1.63,PDX,39.5,0.8,5.8,1.6,1.3,32,64.5,8.5,1.6099999999999999,19.9,22.921581196581194,12.384615384615385,4.121794871794872,0.8311965811965811,17.337606837606835,1.0363247863247864,0.7521367521367521,8.752136752136753,3.5256410256410255,1.9166666666666667,0.4547078488506824,20.934401709401712,-1.764957264957265,0.7606837606837606,0.3782051282051282,27.46666666666667,11.0,6.0,0.6666666666666666,17.666666666666668,2.6666666666666665,1.3333333333333333,7.666666666666667,3.6666666666666665,3.0,0.376802528921173,25.866666666666664,-10.333333333333334,1.0,0.3333333333333333,21.240000000000002,9.0,4.2,0.6,13.8,1.6,1.0,6.6,2.8,2.0,0.40276996391777053,18.740000000000002,-8.4,0.8,0.2,23.609999999999996,12.4,4.3,0.5,17.2,1.2,0.7,8.1,4.0,2.1,0.41661489112619043,21.21,-1.3,0.9,0.3,22.110833333333332,12.183333333333334,3.416666666666667,0.775,16.375,0.9333333333333333,0.6333333333333333,8.458333333333334,3.175,1.8166666666666667,0.4503326059921171,19.6125,0.7083333333333334,0.7,0.4,23.783035714285717,12.616071428571429,4.857142857142858,0.875,18.348214285714285,1.1071428571428572,0.9107142857142857,8.982142857142858,3.9375,2.107142857142857,0.4590889382165257,22.167857142857144,-4.419642857142858,0.8214285714285714,0.3660714285714286,26.757843137254902,14.347058823529412,4.703921568627451,1.011764705882353,20.062745098039215,1.2549019607843137,0.8705882352941177,10.137254901960784,4.0058823529411764,2.1019607843137256,0.44926893750597946,24.40352941176471,-1.3529411764705883,1.0,0.3764705882352941,6.318181818181818,3.5,1.1818181818181819,0.22727272727272727,4.909090909090909,0.22727272727272727,0.18181818181818182,2.5454545454545454,0.9545454545454546,0.5909090909090909,0.4692398512721888,5.759090909090909,-2.4545454545454546,0.0,0.22727272727272727,23.688636363636363,12.568181818181818,4.46969696969697,0.8333333333333333,17.87121212121212,1.0303030303030303,0.9393939393939393,8.242424242424242,3.3863636363636367,1.856060606060606,0.4175852517521341,21.333333333333336,6.871212121212121,0.7727272727272727,1.0,22.723333333333336,12.366666666666667,3.9833333333333334,0.8166666666666667,17.166666666666664,1.0666666666666667,0.6666666666666666,9.158333333333333,3.666666666666667,1.9416666666666664,0.478718825822246,20.905,-6.866666666666666,0.7583333333333333,0.0,5.653863578255334,2.6544270731517114,1.1194513153135752,7.489386429535405,8.70528836136664,44,-4.1,-0.09999999999999964,-0.30000000000000004,-3.537606837606834,-3.0599999999999987,-0.05193788493291185
27.1,20.2,63.9,1.5,9.6,3.0,2.3,2.5,0.8300000000000001,47,1.4,1.2,22,0.7000000000000001,-0.07,86.6,2.9,-16.5,6.6,33.3,2.6,5.7,18.8,-1.44,-1.25,88.5,-0.18,1068,2,-1.44,89.0,-0.37,1562,3,1.23,89.0,0.7000000000000001,0.91,100.0,82.4,-0.1,-0.41000000000000003,100.0,47.1,1.44,0.13,0.25,1.71,100.0,92.9,-0.05,0.09,-2.64,54.2,-1.05,100.0,11.8,-0.25,0.0,0.15,-1.1,80.0,13.0,-1.16,100.0,15.1,-1.44,89.0,1562,3,-0.05,11.0,0.12,16.1,111.7,45.7,-5.8,-0.8,14.638841404201289,8.336054893873746,27.8,-6.2,-0.7000000000000001,79,22,42.5,346,147,6.1,2.5,36.4,73.0,-5.6,-0.56,126,92,14.1,32,204330,25.7,10.1,-8.1,758,23.7,Isabelle Harrison,-10.4,-0.02,15.6,39.0,12.3,-0.56,6.1,101.3,26.0,5.1,3.85,4.3,81,C,16.9,1577,12.8,15.624807013188418,21.408029021454922,9.841585004921914,11.6,0.9368974216350381,8.897510764119701,17.80755806567052,1.559574790495788,16.2,0.67897683384323,66.5,,baseline,25.9,19.4,21.5,408,-0.35000000000000003,26.0,low,"prior_heavy,volatile_rank",142,53.2,1.83,-2.54,-0.4,0.053,0.605,,True,True,137,16,1.706,True,11.0,14.1,10.5,11.7,222,57.7,77.4,41.0,65.3,6.9,2026-27,2.1,18.4,2.5,1.7000000000000002,0.8,1.7000000000000002,1.4,27,2.33,TOR,22.8,1.8,9.0,3.6,3.0,57,50.8,-5.2,-0.65,26.1,18.9675,10.2,5.55,1.175,16.925,1.225,1.425,8.65,1.975,3.15,0.6011214610691105,20.872500000000002,-4.175,0.525,0.225,23.399999999999995,15.0,10.333333333333334,0.0,25.333333333333332,1.6666666666666667,2.6666666666666665,14.666666666666666,3.6666666666666665,5.0,0.8119810964469077,29.733333333333334,-1.0,0.6666666666666666,0.0,25.74,15.4,10.0,0.4,25.8,1.6,2.0,14.4,4.0,6.6,0.7498019007485064,30.8,-5.2,0.8,0.0,26.5,14.8,9.5,1.1,25.4,1.8,2.0,13.7,3.4,6.5,0.6985119547796292,31.25,-6.3,0.9,0.1,19.79,11.55,5.65,0.85,18.05,1.15,1.55,8.95,1.95,3.35,0.6043558901705768,21.505,-4.25,0.5,0.3,18.145000000000003,8.85,5.45,1.5,15.8,1.3,1.3,8.35,2.0,2.95,0.597455774754115,20.240000000000002,-4.1,0.55,0.15,27.038095238095234,14.857142857142858,8.523809523809524,1.8095238095238095,25.19047619047619,1.9047619047619047,1.9047619047619047,12.333333333333334,2.619047619047619,4.714285714285714,0.6022698064411385,31.609523809523814,-4.857142857142857,1.0,0.14285714285714285,10.04736842105263,5.052631578947368,2.263157894736842,0.47368421052631576,7.7894736842105265,0.47368421052631576,0.8947368421052632,4.578947368421052,1.263157894736842,1.4210526315789473,0.5989291653588752,9.005263157894737,-3.4210526315789473,0.0,0.3157894736842105,14.799999999999999,8.555555555555555,4.222222222222222,1.3333333333333333,14.11111111111111,0.8888888888888888,0.8888888888888888,6.555555555555555,1.3333333333333333,2.4444444444444446,0.5668253629000624,17.400000000000002,1.1111111111111112,0.3333333333333333,1.0,20.177419354838708,10.67741935483871,5.935483870967742,1.1290322580645162,17.741935483870968,1.3225806451612903,1.5806451612903225,9.258064516129032,2.161290322580645,3.3548387096774195,0.6090359452619677,21.880645161290325,-5.709677419354839,0.5806451612903226,0.0,7.809264714722851,4.012480529547776,1.356607760328908,11.686914663801321,10.984170136598557,40,2.5999999999999996,3.0999999999999996,-1.1,8.875,2.039999999999999,0.14868043967939593
39.0,52.8,74.0,1.2,9.8,2.8,2.0,2.2,1.5,48,0.2,0.2,4,0.1,0.03,91.9,4.7,6.1,15.8,40.6,8.2,10.9,16.8,0.28,0.05,96.1,-0.43,1789,2,0.28,93.3,-0.2,1789,2,1.17,93.3,1.88,-0.12,100.0,63.9,-0.04,-1.11,100.0,21.8,-1.0,0.31,0.25,0.38,100.0,77.3,0.51,0.47000000000000003,1.53,73.1,-0.74,100.0,22.3,0.55,0.30000000000000004,0.44,0.68,80.0,81.1,1.76,100.0,98.7,0.28,93.3,1789,2,-0.04,6.0,-0.08,14.8,102.0,54.5,3.0,0.63,16.047337612809244,10.353571778100246,39.2,5.2,0.91,237,93,42.5,388,165,3.2,2.1,27.8,79.6,1.0,0.12,108,86,11.7,40,1642767,36.9,16.8,-4.6,881,22.0,Janelle Salaun,8.4,0.07,12.2,28.9,9.6,0.37,4.4,110.4,9.3,5.0,3.47,3.9,85,,13.5,1716,12.7,17.439631857443146,23.222853865709652,11.65640984917664,11.6,0.920164929167373,11.251865236234169,20.15739879099334,3.909415515818611,16.2,0.074179193334287,53.6,,baseline,29.7,20.8,23.1,509,0.26,37.9,low,volatile_rank,149,58.07,2.1,-1.57,0.13,0.131,0.519,,True,True,75,-10,1.433,False,9.5,9.2,6.5,7.2,158,68.0,40.7,12.9,54.5,4.0,2026-27,2.1,13.3,-3.6,-1.8,0.6000000000000001,1.3,1.0,23,1.1,GSV,61.1,0.8,6.1,1.9,1.5,32,58.4,2.4,0.6000000000000001,23.8,22.0475,12.725,3.95,1.2,17.875,0.675,0.8,9.7,5.925,2.7,0.5339835831620027,20.490000000000002,4.0,0.65,0.7,19.166666666666668,8.0,5.666666666666667,0.6666666666666666,14.333333333333334,0.0,1.0,8.0,2.6666666666666665,2.3333333333333335,0.5449366743388576,14.799999999999999,-3.0,0.3333333333333333,0.6666666666666666,20.7,10.2,5.0,1.2,16.4,0.2,1.0,8.6,3.8,2.0,0.523374703016013,17.6,5.2,0.6,0.8,20.45,10.6,4.4,1.4,16.4,0.3,0.9,9.1,4.7,2.3,0.5489899420813551,17.98,4.1,0.6,0.7,21.378947368421056,13.052631578947368,3.9473684210526314,1.2105263157894737,18.210526315789473,0.5263157894736842,0.5263157894736842,9.894736842105264,5.7894736842105265,2.736842105263158,0.5475194603646741,20.657894736842106,4.7368421052631575,0.631578947368421,0.7368421052631579,22.652380952380955,12.428571428571429,3.9523809523809526,1.1904761904761905,17.571428571428573,0.8095238095238095,1.0476190476190477,9.523809523809524,6.0476190476190474,2.6666666666666665,0.5217368371214902,20.33809523809524,3.3333333333333335,0.6666666666666666,0.6666666666666666,24.55384615384615,14.576923076923077,4.3076923076923075,1.3076923076923077,20.192307692307693,0.8846153846153846,0.8076923076923077,10.846153846153847,6.653846153846154,2.8076923076923075,0.5251847133851887,23.553846153846152,7.153846153846154,1.0,0.7692307692307693,17.392857142857142,9.285714285714286,3.2857142857142856,1.0,13.571428571428571,0.2857142857142857,0.7857142857142857,7.571428571428571,4.571428571428571,2.5,0.550324341318943,14.799999999999999,-1.8571428571428572,0.0,0.5714285714285714,22.407142857142855,13.285714285714286,4.035714285714286,1.0357142857142858,18.357142857142858,0.7142857142857143,0.8214285714285714,9.714285714285714,5.857142857142857,2.607142857142857,0.525424322247704,21.003571428571433,6.964285714285714,0.7142857142857143,1.0,21.208333333333332,11.416666666666666,3.75,1.5833333333333333,16.75,0.5833333333333334,0.75,9.666666666666666,6.083333333333333,2.9166666666666665,0.5539551919620328,19.291666666666668,-2.9166666666666665,0.5,0.0,5.495860913404485,1.7967206594808023,1.0177904675803542,6.501232624743221,4.672120668225677,40,-2.5,1.0,0.0,-1.4750000000000014,-1.3000000000000007,-0.010608880145989708
37.8,18.0,74.6,1.7000000000000002,7.6,3.5,2.6,2.9,1.06,41,1.8,1.5,21,0.9,0.03,75.9,4.1,-6.1,28.7,42.9,6.8,6.2,17.9,0.76,0.67,81.7,-0.12,804,2,0.76,81.7,-0.03,804,2,1.23,81.7,1.74,0.74,100.0,79.4,-0.1,-0.44,100.0,46.6,0.54,-0.13,0.09,1.07,100.0,84.5,0.37,0.35000000000000003,0.31,76.9,-0.8200000000000001,100.0,19.7,0.49,0.26,0.46,0.87,80.0,87.4,-0.79,96.4,21.4,0.76,81.7,804,2,0.03,10.9,-0.04,8.4,110.2,57.6,6.1,1.1400000000000001,5.739833144085371,3.450564790270008,39.2,5.2,0.91,51,20,52.7,205,108,6.9,2.7,40.0,72.0,-6.6,-0.67,82,59,8.7,24,1631055,46.2,6.3,-6.1,574,23.9,Nyara Sabally,-5.0,0.0,16.3,36.3,12.2,1.02,4.3,105.2,19.0,5.5,4.08,4.5,65,C,10.0,1175,12.3,17.761431888257793,23.5446538965243,11.978209879991287,11.6,0.323162748375034,10.677483118399469,19.581291667858906,3.333308392684174,16.2,0.403855845102339,33.4,,baseline,25.1,18.5,20.6,295,0.75,44.9,low,,40,14.71,2.44,-0.9400000000000001,0.61,0.14200000000000002,0.47800000000000004,,True,True,50,-5,1.319,False,6.5,10.7,8.0,8.8,126,64.7,89.8,49.8,48.0,5.3,2026-27,2.2,27.8,7.4,9.3,1.0,2.0,1.7000000000000002,24,2.8200000000000003,TOR,24.9,1.6,7.0,3.2,2.6,38,61.2,5.2,1.06,21.6,13.642857142857142,7.023809523809524,3.0,0.9761904761904762,11.0,1.0714285714285714,0.9047619047619048,4.880952380952381,1.2142857142857142,1.9523809523809523,0.4870612154051255,14.397619047619045,-1.9523809523809523,0.42857142857142855,0.2619047619047619,0.0,0.0,0.0,0.0,0.0,0.0,0.0,0.0,0.0,0.0,,0.0,0.0,0.0,0.0,0.0,0.0,0.0,0.0,0.0,0.0,0.0,0.0,0.0,0.0,,0.0,0.0,0.0,0.0,1.6800000000000002,0.6,0.7,0.1,1.4,0.0,0.3,0.7,0.1,0.0,0.5952380952380952,1.29,-0.6,0.0,0.1,14.72727272727273,6.818181818181818,2.6818181818181817,0.8181818181818182,10.318181818181818,0.9545454545454546,0.8181818181818182,4.7272727272727275,0.9090909090909091,2.1818181818181817,0.445580319693871,13.309090909090907,-1.0909090909090908,0.5,0.3181818181818182,12.45,7.25,3.35,1.15,11.75,1.2,1.0,5.05,1.55,1.7,0.545134469400882,15.595000000000002,-2.9,0.35,0.2,26.577777777777776,14.222222222222221,5.777777777777778,1.8333333333333333,21.833333333333332,2.0,1.5,9.722222222222221,2.5,4.055555555555555,0.4908424634886457,28.40555555555555,-4.222222222222222,1.0,0.3333333333333333,3.9416666666666664,1.625,0.9166666666666666,0.3333333333333333,2.875,0.375,0.4583333333333333,1.25,0.25,0.375,0.4757174711545649,3.891666666666667,-0.25,0.0,0.20833333333333334,18.16363636363636,9.090909090909092,3.727272727272727,1.2727272727272727,14.090909090909092,1.6363636363636365,0.9090909090909091,5.454545454545454,0.9090909090909091,3.090909090909091,0.41865620054738123,19.472727272727273,7.454545454545454,0.5454545454545454,1.0,12.038709677419355,6.290322580645161,2.7419354838709675,0.8709677419354839,9.903225806451612,0.8709677419354839,0.9032258064516129,4.67741935483871,1.3225806451612903,1.5483870967741935,0.5212637228339977,12.596774193548388,-5.290322580645161,0.3870967741935484,0.0,7.530387530072924,3.215814580263319,1.352289751713741,11.161781482077963,12.71143412409824,42,-12.3,-5.3,-1.7000000000000002,-11.0,-23.9,
52.6,19.0,61.0,1.3,11.8,3.6,2.8,3.1,1.0,17,0.9,0.7000000000000001,4,0.30000000000000004,0.17,53.9,2.7,-41.9,18.0,50.0,2.0,9.5,29.6,-0.31,-0.37,57.7,-0.16,219,1,-0.31,57.7,-0.1,1012,2,0.37,57.7,1.01,0.75,75.7,79.8,-0.38,-0.8200000000000001,70.5,29.8,-2.19,-0.46,-0.06,-0.71,64.5,23.9,0.2,0.18,1.78,70.4,-0.64,69.9,25.2,0.45,0.29,0.51,1.49,59.4,96.2,-0.37,65.3,31.9,-0.31,57.7,1012,2,0.07,7.7,0.04,4.1,106.1,65.5,14.0,2.42,,,52.4,18.4,2.7800000000000002,21,11,60.0,100,60,4.7,2.5,37.0,75.7,-2.9,-0.29,37,28,6.0,13,1630150,47.1,17.0,,219,16.8,Chennedy Carter,7.9,0.1,10.7,35.5,12.8,1.55,3.9,114.0,22.0,6.9,5.26,5.8,32,,3.8,467,12.2,,,,,,,,,,,,,,34.0,26.1,29.0,159,1.52,55.6,medium,low_minutes_high_rank,6,2.29,3.04,0.0,1.85,-0.326,0.426,,True,True,23,-2,1.189,True,4.0,4.9,3.9,4.2,23,77.5,77.0,40.0,56.6,1.8,2026-27,1.2,66.7,1.2,-0.30000000000000004,0.8,2.4,2.0,11,2.47,LVA,21.0,1.3,7.9,3.6,3.1,17,68.4,12.4,2.25,27.0,14.659999999999998,10.6,1.5333333333333334,1.1333333333333333,13.266666666666667,1.0,1.1333333333333333,6.666666666666667,1.4,2.466666666666667,0.5567116558008679,16.006666666666668,1.8666666666666667,0.3333333333333333,0.6666666666666666,14.033333333333333,5.0,1.0,1.0,7.0,0.6666666666666666,0.6666666666666666,3.0,0.6666666666666666,2.3333333333333335,0.32395722309378105,9.033333333333333,-4.666666666666667,0.0,0.6666666666666666,8.42,3.0,0.6,0.6,4.2,0.4,0.4,1.8,0.4,1.4,0.32395722309378105,5.42,-2.8,0.0,0.6,11.29,6.2,0.9,0.7,7.8,0.6,0.5,4.2,1.3,1.5,0.44015135811391837,9.63,-0.3,0.1,0.6,13.299999999999997,6.833333333333333,1.3333333333333333,1.3333333333333333,9.5,1.0,1.1666666666666667,4.833333333333333,0.8333333333333334,1.0,0.45347549707438917,12.266666666666667,-3.0,0.16666666666666666,0.3333333333333333,15.566666666666666,13.11111111111111,1.6666666666666667,1.0,15.777777777777779,1.0,1.1111111111111112,7.888888888888889,1.7777777777777777,3.4444444444444446,0.6212342550049171,18.499999999999996,5.111111111111111,0.4444444444444444,0.8888888888888888,22.759999999999998,22.0,3.0,2.2,27.2,1.8,2.4,12.6,2.4,5.2,0.7653785893282866,31.9,11.0,1.0,0.8,10.610000000000001,4.9,0.8,0.6,6.3,0.6,0.5,3.7,0.9,1.1,0.4262948223462313,8.059999999999999,-2.7,0.0,0.6,13.989999999999998,11.2,1.5,1.1,13.8,0.9,1.1,6.6,1.3,3.3,0.5877755670065289,16.249999999999996,2.8,0.4,1.0,15.999999999999996,9.4,1.6,1.2,12.2,1.2,1.2,6.8,1.6,0.8,0.4868178555881308,15.520000000000001,0.0,0.2,0.0,9.50789145920377,1.995232412766087,1.3020130933435712,11.907180706655643,8.302994296379728,15,-9.2,-1.2000000000000002,-0.7000000000000001,-9.066666666666666,-8.38,-0.23275443270708684
35.3,41.2,63.2,5.7,33.7,10.5,7.2,8.0,3.8,252,0.8,0.6000000000000001,20,0.5,0.21,99.0,5.5,4.1,15.0,40.0,1.2,42.1,30.2,6.32,6.55,97.1,0.9,2483,2,6.32,95.4,0.67,2812,3,1.27,95.4,3.67,1.9300000000000002,100.0,89.1,1.78,-0.26,100.0,52.9,-0.73,0.39,0.05,-0.47000000000000003,100.0,34.5,0.87,0.71,7.16,96.6,3.24,100.0,98.7,0.71,1.02,0.86,0.15,80.0,62.6,0.08,100.0,70.2,6.32,95.4,2812,3,0.15,10.5,0.58,9.2,93.8,49.8,-1.7000000000000002,-0.13,24.87574433651966,12.138363351703967,35.5,1.5,0.39,172,61,42.2,405,171,7.8,2.6,39.3,83.6,5.0,0.53,159,133,8.5,44,1631007,25.8,7.7,-3.2,1257,28.6,Veronica Burton,12.1,0.05,9.3,28.0,8.8,1.79,4.0,105.9,29.1,4.8,3.29,3.7,115,G,11.0,2391,12.2,25.36077012042678,30.71719090706445,20.004349333789108,10.7,0.9808749583863601,12.375036438561771,21.281932507142805,5.033949231968074,16.2,0.647178778410159,68.2,,baseline,22.4,15.4,17.1,536,2.59,43.4,low,prior_heavy,3,1.3,4.91,0.27,2.71,-0.122,0.633,,True,True,8,-4,1.81,False,6.5,6.7,4.5,5.1,160,63.1,60.0,20.7,75.2,3.6,2026-27,1.3,48.0,-3.1,-4.0,1.6,2.9,2.2,69,2.55,GSV,42.5,1.5,8.5,2.7,2.0,64,56.4,0.4,0.27,19.5,28.615909090909096,12.181818181818182,3.6363636363636362,5.7272727272727275,21.545454545454547,2.022727272727273,1.4545454545454546,9.204545454545455,3.909090909090909,3.6136363636363638,0.42706566233864973,29.75,7.363636363636363,0.9318181818181818,0.7272727272727273,32.06666666666666,13.0,4.666666666666667,5.666666666666667,23.333333333333332,2.0,1.6666666666666667,9.666666666666666,4.333333333333333,5.333333333333333,0.4333563319988694,31.433333333333337,6.0,1.0,0.6666666666666666,30.24,10.8,4.8,5.2,20.8,3.2,1.8,8.0,4.0,4.8,0.39383607811088633,32.16,10.8,1.0,0.8,28.23,11.3,4.1,6.4,21.8,2.7,1.2,8.5,3.9,3.6,0.40889809103387104,32.72,10.9,0.9,0.7,29.30454545454546,12.227272727272727,3.909090909090909,5.863636363636363,22.0,2.227272727272727,1.6363636363636365,9.090909090909092,3.9545454545454546,3.6363636363636362,0.4190477756286873,30.7590909090909,7.318181818181818,0.9545454545454546,0.7727272727272727,27.927272727272726,12.136363636363637,3.3636363636363638,5.590909090909091,21.09090909090909,1.8181818181818181,1.2727272727272727,9.318181818181818,3.8636363636363638,3.590909090909091,0.4350835490486121,28.740909090909096,7.409090909090909,0.9090909090909091,0.6818181818181818,29.446341463414633,12.487804878048781,3.682926829268293,5.926829268292683,22.097560975609756,2.1219512195121952,1.5365853658536586,9.414634146341463,4.0,3.731707317073171,0.42660964218438757,30.626829268292678,7.7073170731707314,1.0,0.7560975609756098,17.266666666666666,8.0,3.0,3.0,14.0,0.6666666666666666,0.3333333333333333,6.333333333333333,2.6666666666666665,2.0,0.433297937780231,17.766666666666666,2.6666666666666665,0.0,0.3333333333333333,28.59375,12.53125,3.71875,6.21875,22.46875,2.1875,1.28125,9.09375,3.71875,3.71875,0.4187410420603733,31.603125,11.4375,0.96875,1.0,28.675,11.25,3.4166666666666665,4.416666666666667,19.083333333333332,1.5833333333333333,1.9166666666666667,9.5,4.416666666666667,3.3333333333333335,0.44926464974738645,24.808333333333334,-3.5,0.8333333333333334,0.0,5.217469435944073,1.792632325768762,2.6708036972054576,6.392053735019302,5.176464771098811,44,-1.3999999999999986,1.1999999999999997,-0.5,-0.745454545454546,1.639999999999997,-0.0332295842277634
35.1,44.5,53.1,6.7,29.3,10.3,7.4,8.1,2.39,286,0.5,0.4,14,0.30000000000000004,0.04,99.0,3.8,-12.9,20.4,58.3,2.8,28.1,29.2,5.49,5.5,97.1,0.68,2715,2,5.49,96.4,0.67,3362,3,1.3,96.4,2.33,2.01,100.0,89.5,1.51,-0.49,100.0,44.5,-1.56,0.53,-0.03,-0.97,100.0,14.7,0.6000000000000001,0.47000000000000003,7.07,95.0,2.5700000000000003,100.0,96.2,0.33,0.38,0.59,0.44,80.0,75.2,0.36,100.0,81.5,5.49,96.4,3362,3,0.03,8.9,0.1,9.6,102.3,52.7,1.2,0.34,28.271756525090836,9.32969911782767,36.5,2.5,0.53,203,74,44.1,429,189,8.9,2.0,16.6,93.0,14.4,1.5,71,66,5.8,43,203833,45.5,23.5,-4.1,1405,32.7,Chelsea Gray,10.7,0.01,11.1,33.4,9.9,0.9400000000000001,0.7000000000000001,113.0,23.3,3.0,2.18,2.4,85,G,11.3,2789,12.0,28.570248766889723,33.92666955352739,23.213827980252052,10.7,0.989552340120159,9.428201763127332,18.334588940348667,2.086605665173937,16.2,1.0,75.6,,baseline,18.6,13.2,14.7,518,0.98,31.7,low,prior_heavy,29,10.55,3.47,-1.51,1.13,-0.153,0.665,,True,True,39,-6,1.943,False,5.5,5.1,3.6,4.0,142,72.0,22.4,5.8,82.5,3.3,2026-27,1.4,52.9,-10.1,-13.6,1.4,2.2,1.8,62,1.9500000000000002,LVA,47.3,2.8,13.5,4.3,3.4,119,56.3,0.30000000000000004,0.26,18.5,32.699999999999996,12.046511627906977,3.302325581395349,6.651162790697675,22.0,1.7674418604651163,2.7674418604651163,9.976744186046512,4.72093023255814,1.6511627906976745,0.41036542657844477,28.520930232558143,5.744186046511628,1.0,0.7209302325581395,32.4,14.666666666666666,3.6666666666666665,5.333333333333333,23.666666666666668,3.0,3.6666666666666665,10.0,4.666666666666667,2.6666666666666665,0.4561922173594204,32.4,9.666666666666666,1.0,1.0,30.339999999999996,12.0,4.6,5.2,21.8,2.8,2.6,9.4,4.4,2.2,0.42239915751618645,31.120000000000005,12.6,1.0,1.0,30.53,10.4,3.6,5.3,19.3,2.4,2.2,10.0,4.3,1.4,0.41497173569725077,27.669999999999998,7.8,1.0,0.8,32.35909090909092,12.545454545454545,2.909090909090909,6.181818181818182,21.636363636363637,1.6818181818181819,2.5454545454545454,10.636363636363637,4.909090909090909,1.7272727272727273,0.4294939727595729,27.80909090909091,3.1818181818181817,1.0,0.6818181818181818,33.05714285714286,11.523809523809524,3.7142857142857144,7.142857142857143,22.38095238095238,1.8571428571428572,3.0,9.285714285714286,4.523809523809524,1.5714285714285714,0.39032599724583456,29.266666666666662,8.428571428571429,1.0,0.7619047619047619,32.699999999999996,12.046511627906977,3.302325581395349,6.651162790697675,22.0,1.7674418604651163,2.7674418604651163,9.976744186046512,4.72093023255814,1.6511627906976745,0.41036542657844477,28.520930232558143,5.744186046511628,1.0,0.7209302325581395,,,,,,,,,,,,,,,,32.66129032258065,13.096774193548388,3.6129032258064515,6.645161290322581,23.35483870967742,1.7096774193548387,2.806451612903226,10.064516129032258,4.935483870967742,1.6451612903225807,0.41387675970552285,29.722580645161287,12.129032258064516,1.0,1.0,32.8,9.333333333333334,2.5,6.666666666666667,18.5,1.9166666666666667,2.6666666666666665,9.75,4.166666666666667,1.6666666666666667,0.40129448266682677,25.416666666666668,-10.75,1.0,0.0,5.660866029875192,1.8196661614405858,2.266565693796848,6.023762469230862,3.779077740855375,43,0.0,1.2999999999999998,-1.5,-0.1999999999999993,-2.3600000000000065,0.012033730937741682
12.5,2.8,47.0,0.9,6.9,1.9,1.3,1.5,1.0,34,1.4,1.1,25,0.7000000000000001,0.05,94.9,4.0,-3.9,6.8,,0.0,4.7,16.2,-2.83,-2.9699999999999998,95.7,-0.8,1809,2,-2.83,95.7,-0.66,2714,3,1.1,95.7,0.84,-1.32,100.0,30.3,-0.32,-0.76,100.0,33.2,1.22,-0.05,0.32,2.02,100.0,95.0,0.08,0.32,-3.77,34.7,-1.16,100.0,9.2,0.32,0.2,0.32,1.45,80.0,95.4,-2.24,88.3,2.5,-2.83,95.7,2714,3,0.03,9.2,0.05,17.4,103.5,63.9,12.4,2.16,21.498510382539177,9.834475405659733,12.5,-21.5,,8,1,63.8,287,183,4.0,3.2,46.7,57.5,-21.1,-2.17,134,77,18.1,38,1631019,42.3,9.1,-2.0,923,24.3,NaLyssa Smith,6.9,0.02,11.6,33.3,9.8,-0.31,9.3,110.4,43.9,6.6,4.72,5.2,121,C,16.5,1825,11.7,22.330423561434234,27.686844348071904,16.974002774796563,10.7,0.962745302317873,10.215033386278357,19.11863873237346,2.870655457198729,16.2,0.756558054848637,69.5,,baseline,24.3,17.3,19.2,444,-0.16,45.6,low,",collinear_lineup",19,6.96,1.75,-2.07,-0.06,-0.098,0.54,,True,True,109,8,1.494,False,13.5,13.4,9.5,10.6,244,74.8,91.0,44.3,71.3,6.4,2026-27,2.5,27.9,0.30000000000000004,-4.7,0.6000000000000001,1.3,1.0,24,1.9100000000000001,LVA,2.8,0.9,7.7,1.8,1.4,33,64.2,8.2,1.56,18.2,24.32894736842105,11.68421052631579,6.421052631578948,0.8947368421052632,19.0,1.2894736842105263,0.868421052631579,7.552631578947368,0.21052631578947367,3.526315789473684,0.41086638838687767,23.731578947368423,2.5526315789473686,0.7105263157894737,0.6578947368421053,19.533333333333335,8.333333333333334,6.0,0.3333333333333333,14.666666666666666,2.3333333333333335,0.6666666666666666,5.0,0.0,3.6666666666666665,0.3751202631202631,22.366666666666664,1.3333333333333333,0.3333333333333333,0.6666666666666666,23.5,9.6,7.6,0.4,17.6,1.8,0.8,6.2,0.0,3.4,0.3630019824335614,23.919999999999998,3.2,0.6,0.6,25.939999999999998,11.2,7.9,1.1,20.2,1.5,0.9,8.4,0.1,2.6,0.4031294635867065,25.93,1.4,0.7,0.6,25.28333333333333,11.88888888888889,6.777777777777778,0.5,19.166666666666668,1.2222222222222223,0.6666666666666666,7.388888888888889,0.2222222222222222,4.277777777777778,0.39252707557002203,23.772222222222222,2.5555555555555554,0.8333333333333334,0.6111111111111112,23.47,11.5,6.1,1.25,18.85,1.35,1.05,7.7,0.2,2.85,0.42737176992204784,23.695,2.55,0.6,0.7,26.862962962962964,13.074074074074074,7.148148148148148,0.7777777777777778,21.0,1.3333333333333333,0.8148148148148148,8.444444444444445,0.2222222222222222,3.8518518518518516,0.4067246543587362,26.003703703703703,2.037037037037037,1.0,0.5555555555555556,18.10909090909091,8.272727272727273,4.636363636363637,1.1818181818181819,14.090909090909092,1.1818181818181819,1.0,5.363636363636363,0.18181818181818182,2.727272727272727,0.42103246281958867,18.154545454545456,3.8181818181818183,0.0,0.9090909090909091,24.287999999999997,11.96,6.04,0.84,18.84,1.04,1.04,7.44,0.08,3.28,0.41226388907679734,22.548,8.2,0.6,1.0,24.407692307692304,11.153846153846153,7.153846153846154,1.0,19.307692307692307,1.7692307692307692,0.5384615384615384,7.769230769230769,0.46153846153846156,4.0,0.408178887060109,26.007692307692306,-8.307692307692308,0.9230769230769231,0.0,5.633419887613249,3.0191423423948622,1.08526926996746,7.12437763995963,5.467343240117923,38,-2.0999999999999996,1.1999999999999993,-0.5,-1.3999999999999986,-0.8000000000000007,-0.04786440595331626
28.0,33.1,69.0,7.3,33.1,11.3,8.5,9.4,3.04,313,0.4,0.30000000000000004,11,0.30000000000000004,0.18,99.4,3.5,25.4,20.7,41.7,3.2,35.9,31.9,5.54,5.62,95.8,0.73,2022,2,5.54,95.4,0.65,2552,3,1.31,95.4,2.95,2.5300000000000002,100.0,94.5,1.85,-0.61,100.0,39.1,-1.46,0.27,0.04,-0.63,100.0,27.7,0.81,0.5,7.1,95.4,3.48,100.0,99.6,0.46,0.64,0.6900000000000001,-0.18,80.0,48.3,-0.71,100.0,23.9,5.54,95.4,2552,3,0.13,10.6,0.43,9.6,99.9,48.4,-3.1,-0.36,27.252986786562598,10.49772727961441,29.2,-4.8,-0.5,137,40,43.1,378,163,8.3,2.6,45.0,78.2,-0.4,-0.03,170,133,6.6,43,1628886,11.1,2.4,-2.8,1339,31.1,Jordin Canada,9.4,0.05,13.2,35.2,8.0,0.66,2.0,109.3,28.6,4.1,3.01,3.3,112,G,11.6,2758,11.6,28.32891487548404,33.68533566212171,22.972494088846368,10.7,0.9620201446595981,10.912169914413727,19.820877614873645,3.572894339698917,16.2,1.0,74.4,,baseline,18.1,13.4,14.9,499,1.43,47.0,low,",collinear_lineup",4,1.48,3.61,-0.74,1.04,0.397,0.603,,True,True,24,-15,1.699,False,5.6,5.5,4.1,4.5,151,63.7,77.8,32.8,82.1,3.5,2026-27,0.9,62.0,1.8,2.3,1.9,3.0,2.4,82,2.5,ATL,36.2,2.4,11.7,3.8,3.1,105,55.1,-0.9,0.06,17.5,30.42045454545455,11.340909090909092,3.4318181818181817,7.113636363636363,21.886363636363637,2.1136363636363638,2.3863636363636362,8.590909090909092,3.1136363636363638,3.8636363636363638,0.4147313068972157,30.08409090909091,7.0,0.9772727272727273,0.6818181818181818,29.2,14.0,2.3333333333333335,7.666666666666667,24.0,2.0,1.3333333333333333,10.333333333333334,4.333333333333333,4.666666666666667,0.46341115108091174,32.96666666666667,15.0,1.0,1.0,28.860000000000003,12.6,2.2,7.0,21.8,1.8,1.2,9.6,4.4,3.8,0.41996939596255667,29.939999999999998,14.0,1.0,1.0,29.7,12.1,2.9,6.6,21.6,2.1,1.6,8.7,4.0,3.7,0.3960276040174776,30.18,11.1,1.0,0.9,30.059090909090916,10.636363636363637,3.590909090909091,7.909090909090909,22.136363636363637,2.227272727272727,2.3636363636363638,7.954545454545454,2.909090909090909,3.9545454545454546,0.39709663361381686,31.127272727272725,5.909090909090909,0.9545454545454546,0.6818181818181818,30.781818181818185,12.045454545454545,3.272727272727273,6.318181818181818,21.636363636363637,2.0,2.409090909090909,9.227272727272727,3.3181818181818183,3.772727272727273,0.4315644041222781,29.04090909090909,8.090909090909092,1.0,0.6818181818181818,31.127906976744192,11.604651162790697,3.511627906976744,7.27906976744186,22.3953488372093,2.1627906976744184,2.441860465116279,8.790697674418604,3.186046511627907,3.953488372093023,0.4147313068972157,30.783720930232565,7.162790697674419,1.0,0.6976744186046512,0.0,0.0,0.0,0.0,0.0,0.0,0.0,0.0,0.0,0.0,,0.0,0.0,0.0,0.0,30.503333333333337,12.333333333333334,3.7666666666666666,7.6,23.7,2.2,2.1333333333333333,9.166666666666666,3.466666666666667,3.9,0.423048527476557,32.72,14.3,1.0,1.0,30.242857142857144,9.214285714285714,2.7142857142857144,6.071428571428571,18.0,1.9285714285714286,2.9285714285714284,7.357142857142857,2.357142857142857,3.7857142857142856,0.39553772094488965,24.435714285714287,-8.642857142857142,0.9285714285714286,0.0,4.817329096029283,2.0161871368562307,3.200406290275186,6.962410398875368,5.883899179627858,44,1.0,-1.2999999999999998,-0.2999999999999998,-0.08636363636363598,-2.2399999999999984,0.005238089065340956
30.5,30.8,51.9,4.4,27.7,7.9,5.7,6.3,1.9100000000000001,133,0.6000000000000001,0.5,10,0.30000000000000004,0.01,90.9,5.8,-31.0,12.6,57.1,2.3,24.9,29.8,0.85,0.93,93.1,0.19,1428,2,0.85,91.1,0.11,1428,2,1.22,91.1,2.18,2.27,100.0,92.0,0.89,-0.76,100.0,32.8,-2.4,0.35000000000000003,-0.08,-1.29,99.3,4.2,0.23,0.35000000000000003,3.17,77.3,1.43,100.0,90.3,0.14,0.8200000000000001,0.55,-1.0,80.0,17.2,-0.59,100.0,27.3,0.85,91.1,1428,2,0.08,9.0,0.62,5.0,104.0,47.6,-3.9,-0.49,25.313808159684303,9.24290978009388,32.4,-1.6,-0.05,102,33,42.2,308,130,7.0,2.8,21.8,73.1,-5.5,-0.55,67,49,4.1,30,1642303,37.1,28.9,-1.2,841,28.0,Leila Lacan,-9.0,-0.07,15.2,36.0,10.1,-0.07,1.7000000000000002,95.0,19.2,4.9,3.55,3.9,83,G,6.4,1684,11.4,26.806955162005764,32.163375948643434,21.450534375368093,10.7,0.944300014929045,9.788107205302106,18.699343765687374,2.451360490512639,16.2,1.0,73.6,,baseline,20.3,14.7,16.3,342,1.07,58.0,medium,,13,4.76,2.55,-0.41000000000000003,1.09,-0.014,0.41300000000000003,,True,True,34,0,1.157,False,3.3,3.3,2.4,2.7,56,69.0,40.6,18.8,82.6,1.9,2026-27,1.3,52.3,-7.1,-10.9,1.6,2.9,2.3,48,2.48,CON,33.1,2.3,13.1,4.2,3.3,70,50.7,-5.3,-0.66,21.5,27.083870967741934,11.03225806451613,1.8064516129032258,4.290322580645161,17.129032258064516,1.8709677419354838,2.2580645161290325,9.935483870967742,3.2903225806451615,2.161290322580645,0.48815676534804486,22.99032258064516,-4.741935483870968,0.8709677419354839,0.2903225806451613,24.733333333333334,9.333333333333334,2.0,3.0,14.333333333333334,1.3333333333333333,3.6666666666666665,9.0,3.3333333333333335,0.6666666666666666,0.5017787524366472,16.566666666666666,-4.333333333333333,0.6666666666666666,0.3333333333333333,20.619999999999997,8.2,1.2,2.6,12.0,1.0,2.2,8.2,3.2,0.6,0.501247559137174,14.34,-3.4,0.6,0.2,23.71,8.4,1.4,4.0,13.8,1.2,2.6,7.8,3.0,1.4,0.4550424257079564,17.080000000000002,-4.8,0.8,0.3,27.141176470588235,10.882352941176471,1.7647058823529411,4.764705882352941,17.41176470588235,2.0588235294117645,2.0,9.588235294117647,3.2941176470588234,2.176470588235294,0.46326991022336644,24.323529411764707,-3.176470588235294,0.8823529411764706,0.4117647058823529,27.01428571428571,11.214285714285714,1.8571428571428572,3.7142857142857144,16.785714285714285,1.6428571428571428,2.5714285714285716,10.357142857142858,3.2857142857142856,2.142857142857143,0.5207011143572398,21.371428571428567,-6.642857142857143,0.8571428571428571,0.14285714285714285,29.16666666666666,11.777777777777779,1.8888888888888888,4.703703703703703,18.37037037037037,1.8888888888888888,2.4444444444444446,10.62962962962963,3.6666666666666665,2.3703703703703702,0.48610704663857274,24.32222222222222,-4.592592592592593,1.0,0.25925925925925924,13.025,6.0,1.25,1.5,8.75,1.75,1.0,5.25,0.75,0.75,0.5066042337332943,13.999999999999998,-5.75,0.0,0.5,26.233333333333334,11.88888888888889,1.6666666666666667,4.111111111111111,17.666666666666668,2.4444444444444446,1.5555555555555556,9.88888888888889,2.3333333333333335,2.7777777777777777,0.48919236568333396,25.833333333333332,5.0,0.7777777777777778,1.0,27.431818181818183,10.681818181818182,1.8636363636363635,4.363636363636363,16.90909090909091,1.6363636363636365,2.5454545454545454,9.954545454545455,3.6818181818181817,1.9090909090909092,0.48771293663292115,21.827272727272728,-8.727272727272727,0.9090909090909091,0.0,5.461891436536992,1.4701327567878504,2.0525358037818613,6.970135988553216,7.116745359792566,31,-3.200000000000001,-0.7,-1.8000000000000003,-5.129032258064516,-7.380000000000003,0.01309079378912914
32.5,31.9,80.7,1.8,11.0,3.4,2.6,2.8,0.86,77,0.5,0.4,11,0.30000000000000004,-0.06,98.0,3.5,-3.7,2.8,28.6,5.7,1.2,18.2,-2.44,-2.44,91.2,-0.34,1118,1,-2.44,91.2,-0.34,1118,1,1.33,91.2,0.64,0.44,100.0,72.3,-0.47000000000000003,-1.22,100.0,16.4,-1.8399999999999999,-0.06,0.0,-0.07,100.0,47.9,0.45,-0.1,-0.63,39.9,-1.09,100.0,10.9,0.02,-0.11,0.09,0.4,80.0,73.9,-0.36,100.0,32.8,-2.44,91.2,1118,1,-0.03,9.7,-0.53,13.3,114.8,52.9,1.4,0.37,18.873992591507456,9.14248499697094,31.9,-2.1,-0.12,138,44,46.9,367,172,4.9,3.3,35.7,81.7,3.1,0.34,131,107,10.6,44,1643420,25.0,3.3,-5.3,1118,25.4,Laura Juskaite,-9.4,-0.03,13.8,37.3,12.9,0.30000000000000004,4.0,105.4,16.1,6.4,4.67,5.2,145,F,13.2,2279,11.3,20.061478303448084,25.417899090085754,14.705057516810413,10.7,0.9408076666146511,9.717698230360655,18.634275323323884,2.386292048149152,16.2,1.0,73.4,,baseline,21.7,16.0,17.7,495,-0.63,53.3,medium,,72,27.43,0.74,-1.99,-0.9,0.274,0.374,,True,True,169,1,1.067,False,8.6,8.2,6.0,6.7,186,62.0,78.8,43.1,76.9,4.2,2026-27,1.5,26.7,6.8,10.2,1.4,2.6,2.1,60,2.29,TOR,37.6,2.1,16.6,4.0,3.3,91,58.3,2.3,0.59,20.1,25.402272727272727,11.25,4.2272727272727275,1.75,17.227272727272727,1.6136363636363635,2.0681818181818183,8.340909090909092,3.1363636363636362,2.977272727272727,0.4492084711101407,21.720454545454547,-4.5,0.8181818181818182,0.25,30.066666666666663,21.0,4.0,2.3333333333333335,27.333333333333332,4.0,2.3333333333333335,13.333333333333334,3.0,8.0,0.6377355994348921,38.96666666666667,-11.333333333333334,1.0,0.0,29.48,19.0,3.8,2.0,24.8,3.0,2.4,12.4,3.6,6.8,0.6002530108605038,33.160000000000004,-16.6,1.0,0.0,29.28,16.1,5.1,2.5,23.7,2.2,2.9,10.9,3.6,4.9,0.5428669772250199,29.669999999999998,-12.1,1.0,0.1,24.668181818181814,11.0,4.2727272727272725,1.4545454545454546,16.727272727272727,1.5,2.1363636363636362,7.863636363636363,3.0454545454545454,2.909090909090909,0.44047626841696813,20.672727272727272,-2.272727272727273,0.7272727272727273,0.3181818181818182,26.136363636363637,11.5,4.181818181818182,2.0454545454545454,17.727272727272727,1.7272727272727273,2.0,8.818181818181818,3.227272727272727,3.0454545454545454,0.4579406738033133,22.768181818181816,-6.7272727272727275,0.9090909090909091,0.18181818181818182,27.475,12.916666666666666,4.361111111111111,2.0,19.27777777777778,1.8888888888888888,2.2777777777777777,9.166666666666666,3.4444444444444446,3.1944444444444446,0.46375084811215295,24.538888888888888,-4.5,1.0,0.25,16.075,3.75,3.625,0.625,8.0,0.375,1.125,4.625,1.75,2.0,0.3837677746010855,9.0375,-4.5,0.0,0.25,24.38181818181818,10.363636363636363,5.2727272727272725,1.8181818181818181,17.454545454545453,1.8181818181818181,2.0,6.7272727272727275,2.5454545454545454,2.8181818181818183,0.3958909336506911,22.87272727272727,9.363636363636363,0.8181818181818182,1.0,25.742424242424242,11.545454545454545,3.878787878787879,1.7272727272727273,17.151515151515152,1.5454545454545454,2.090909090909091,8.878787878787879,3.3333333333333335,3.0303030303030303,0.4669809835966239,21.336363636363636,-9.121212121212121,0.8181818181818182,0.0,6.661674487450147,2.40989854426644,1.3316365172048599,8.005415714446027,6.338457322268223,44,7.699999999999999,-0.40000000000000036,0.19999999999999996,7.572727272727274,4.080000000000002,0.15104453975036308
36.1,38.9,67.6,4.8,24.3,8.2,6.1,6.8,2.29,193,0.6000000000000001,0.5,13,0.30000000000000004,-0.03,99.4,8.0,-18.3,17.1,28.6,2.3,23.1,27.1,3.09,3.1,97.0,0.6000000000000001,2242,2,3.09,97.0,0.59,3423,3,0.35000000000000003,97.0,1.6,1.16,100.0,83.6,0.75,-0.81,100.0,30.3,-2.11,0.25,-0.16,-0.9400000000000001,100.0,15.1,0.22,0.46,5.07,88.9,1.9100000000000001,100.0,93.3,0.32,0.64,0.66,0.98,80.0,89.5,-0.28,100.0,37.0,3.09,97.0,3423,3,-0.02,7.1,-0.13,9.4,105.8,56.4,4.9,0.9400000000000001,28.66071829645366,14.300575347400093,35.7,1.7000000000000002,0.42,126,45,49.0,306,150,4.7,2.9,38.2,85.5,6.9,0.73,117,100,5.7,40,204333,50.0,17.0,0.4,1130,28.3,Natasha Cloud,-4.6,-0.01,14.9,35.6,10.7,-0.22,1.0,101.2,15.4,5.0,3.73,4.1,117,F,9.2,2340,11.1,28.66071829645366,34.01713908309133,23.30429750981599,10.7,1.0,14.300575347400093,23.206578085113556,6.9585948099388215,16.2,0.9300559439547601,74.7,,baseline,19.0,14.1,15.8,445,-0.47000000000000003,39.7,low,,28,11.26,1.56,-2.5,-0.43,-0.045,0.5700000000000001,,True,True,154,8,1.5859999999999999,False,5.2,5.8,4.3,4.8,135,74.1,64.7,26.5,83.7,3.4,2026-27,0.6000000000000001,54.7,-1.4,-1.2,1.1,1.8,1.5,42,1.75,CHI,41.2,2.1,12.9,3.7,3.0,86,62.2,6.2,1.23,17.1,26.19302325581395,10.348837209302326,3.13953488372093,4.488372093023256,17.976744186046513,1.2790697674418605,2.0,7.116279069767442,2.9302325581395348,2.7209302325581395,0.3874531960080256,22.686046511627904,-2.5813953488372094,0.7906976744186046,0.3488372093023256,0.0,0.0,0.0,0.0,0.0,0.0,0.0,0.0,0.0,0.0,,0.0,0.0,0.0,0.3333333333333333,6.92,3.2,0.2,0.6,4.0,0.2,0.0,2.0,0.2,0.4,0.2859253065774805,4.9399999999999995,-4.4,0.2,0.2,18.52,10.7,2.9,2.7,16.3,0.9,1.5,6.5,2.0,2.3,0.4354398344645087,19.43,-4.1,0.5,0.4,27.3090909090909,12.5,3.5,4.7727272727272725,20.772727272727273,1.5454545454545454,2.0,7.363636363636363,3.0454545454545454,3.1363636363636362,0.37876802232494766,26.495454545454546,-0.45454545454545453,0.8181818181818182,0.5,25.023809523809526,8.095238095238095,2.761904761904762,4.190476190476191,15.047619047619047,1.0,2.0,6.857142857142857,2.8095238095238093,2.2857142857142856,0.3970525984998487,18.695238095238096,-4.809523809523809,0.7619047619047619,0.19047619047619047,29.85882352941176,12.117647058823529,3.5,5.088235294117647,20.705882352941178,1.4411764705882353,2.2941176470588234,8.176470588235293,3.323529411764706,3.264705882352941,0.3973306824742107,25.97941176470588,-3.6176470588235294,1.0,0.3235294117647059,12.344444444444443,3.6666666666666665,1.7777777777777777,2.2222222222222223,7.666666666666667,0.6666666666666666,0.8888888888888888,3.111111111111111,1.4444444444444444,0.6666666666666666,0.33148077269964277,10.244444444444445,1.3333333333333333,0.0,0.4444444444444444,27.006666666666668,12.666666666666666,3.8,4.8,21.266666666666666,1.5333333333333334,2.3333333333333335,7.933333333333334,3.6,2.6,0.41482450877283916,26.69333333333333,6.8,0.7333333333333333,1.0,25.757142857142856,9.107142857142858,2.7857142857142856,4.321428571428571,16.214285714285715,1.1428571428571428,1.8214285714285714,6.678571428571429,2.5714285714285716,2.7857142857142856,0.37271479682697223,20.539285714285718,-7.607142857142857,0.8214285714285714,0.0,6.872594716665233,2.455134516233636,2.6310607404913786,10.280560416661153,9.089171876700771,43,-7.8999999999999995,-3.1999999999999997,-4.2,-13.976744186046513,-21.380000000000003,-0.10152788943054508
38.9,7.2,53.0,1.0,6.7,2.4,1.7000000000000002,1.9,0.59,30,0.8,0.6000000000000001,10,0.30000000000000004,-0.18,77.5,5.3,-7.7,28.7,,0.0,1.2,18.9,-1.6400000000000001,-1.65,81.3,-0.32,853,2,-1.6400000000000001,82.5,-0.31,1490,3,1.23,82.5,0.35000000000000003,0.44,100.0,73.1,-0.85,0.22,100.0,84.9,2.04,0.39,0.2,1.35,100.0,87.8,0.26,0.19,-3.5,49.6,-1.65,100.0,1.7000000000000002,-0.11,0.02,-0.02,-0.08,80.0,53.4,-1.88,85.2,8.8,-1.6400000000000001,82.5,1490,3,-0.09,8.0,0.32,11.0,107.6,53.2,1.7000000000000002,0.42,4.108863591478836,2.291045354395753,38.9,4.9,,18,7,51.8,249,129,4.7,2.3,36.9,72.8,-5.8,-0.59,92,67,10.8,30,1642290,42.4,23.7,-3.3,620,20.7,Aaliyah Edwards,-14.3,-0.09,16.7,35.1,9.3,-1.6400000000000001,5.5,93.3,23.3,5.5,4.06,4.5,70,F,10.8,1262,11.1,17.403382253886857,23.186604262153363,11.620160245620351,11.6,0.23609569286804302,9.703884584104806,18.61922204203986,2.371238766865126,16.2,0.069109453398653,22.8,,baseline,26.3,19.3,21.4,332,-0.97,39.0,low,,82,31.81,0.86,-2.81,-0.7000000000000001,-0.274,0.519,,True,True,193,7,1.431,False,8.1,11.1,8.2,9.0,140,68.4,82.7,45.8,37.0,4.7,2026-27,1.5,27.9,0.7000000000000001,-2.8,0.8,1.8,1.5,23,1.92,CON,7.2,1.7000000000000002,9.8,4.1,3.4,52,57.3,1.3,0.42,24.4,15.085365853658539,8.097560975609756,3.4146341463414633,0.7317073170731707,12.24390243902439,0.8048780487804879,1.2682926829268293,6.073170731707317,0.43902439024390244,2.2439024390243905,0.530515612763769,14.439024390243903,-5.121951219512195,0.34146341463414637,0.2682926829268293,24.73333333333333,12.0,7.333333333333333,1.6666666666666667,21.0,1.6666666666666667,3.0,11.0,1.3333333333333333,3.6666666666666665,0.6723111765809225,25.3,-5.333333333333333,0.6666666666666666,0.3333333333333333,23.68,13.8,6.4,1.2,21.4,1.4,2.4,11.4,1.4,4.4,0.6824185575875535,25.08,-13.0,0.6,0.2,19.71,11.5,5.2,1.1,17.8,1.0,2.0,9.3,0.8,3.0,0.6522135190132204,20.39,-10.3,0.6,0.3,16.054545454545455,8.909090909090908,3.590909090909091,0.8636363636363636,13.363636363636363,0.8636363636363636,1.0909090909090908,6.454545454545454,0.2727272727272727,2.409090909090909,0.5357817803017509,16.013636363636365,-3.8636363636363638,0.2727272727272727,0.36363636363636365,13.963157894736844,7.157894736842105,3.210526315789474,0.5789473684210527,10.947368421052632,0.7368421052631579,1.4736842105263157,5.631578947368421,0.631578947368421,2.0526315789473686,0.5236290859833311,12.615789473684211,-6.578947368421052,0.42105263157894735,0.15789473684210525,26.4,14.142857142857142,6.142857142857143,1.0,21.285714285714285,1.4285714285714286,2.5,10.857142857142858,0.9285714285714286,3.7142857142857144,0.5655378481636214,24.8,-7.357142857142857,1.0,0.2857142857142857,9.218518518518518,4.962962962962963,2.0,0.5925925925925926,7.555555555555555,0.48148148148148145,0.6296296296296297,3.5925925925925926,0.18518518518518517,1.4814814814814814,0.4998711567888982,9.066666666666666,-3.962962962962963,0.0,0.25925925925925924,16.927272727272726,11.181818181818182,4.818181818181818,1.0,17.0,0.5454545454545454,1.5454545454545454,7.545454545454546,0.45454545454545453,2.4545454545454546,0.5989669827290591,18.55454545454546,2.3636363636363638,0.36363636363636365,1.0,14.409999999999998,6.966666666666667,2.9,0.6333333333333333,10.5,0.9,1.1666666666666667,5.533333333333333,0.43333333333333335,2.1666666666666665,0.5011793113500734,12.930000000000001,-7.866666666666666,0.3333333333333333,0.0,7.539246905523059,3.0820091641338254,1.0493900667507396,10.403798555827766,10.931549775205932,41,2.700000000000001,1.7000000000000002,0.19999999999999996,9.156097560975608,2.9800000000000004,0.15190294482378452
29.1,29.3,71.1,1.4,5.7,3.1,2.3,2.6,0.87,39,1.0,0.9,13,0.5,-0.14,77.9,3.9,-66.4,6.2,0.0,1.9,2.5,20.6,0.19,-0.02,84.4,-0.28,1314,2,0.19,82.1,-0.07,1314,2,1.1400000000000001,82.1,0.8200000000000001,0.66,100.0,77.7,-0.68,0.2,100.0,84.5,3.7199999999999998,0.49,0.23,2.8,100.0,98.3,-0.07,0.29,-3.3,72.7,-1.13,100.0,10.1,0.16,0.12,0.1,-1.42,80.0,8.0,-0.9500000000000001,100.0,17.6,0.19,82.1,1314,2,-0.08,10.7,-0.2,15.7,111.7,46.5,-5.0,-0.67,12.757259670092713,7.302981157485456,27.4,-6.6,-0.75,84,23,42.2,270,114,6.3,2.2,25.9,64.3,-14.3,-1.46,70,45,13.3,27,1642800,40.6,11.9,-8.3,601,22.3,Aneesah Morrow,-14.5,-0.06,17.1,37.1,11.3,-0.49,5.6,97.2,17.0,4.7,3.5300000000000002,3.9,59,F,16.6,1244,11.0,13.987687050877062,19.770909059143566,8.204465042610558,11.6,0.9120349650153771,8.00734778557785,16.930317981287498,0.682334706112765,16.2,0.41618906304249603,60.1,,baseline,23.8,17.8,19.7,296,-1.03,54.3,medium,,45,16.6,0.19,-2.25,-1.3,0.268,0.323,,True,True,197,-19,0.9530000000000001,False,10.5,18.0,13.4,14.9,224,58.3,65.9,40.0,62.1,8.3,2026-27,2.9,39.5,3.3,4.3,0.9,1.9,1.6,24,2.22,TOR,31.1,1.6,8.4,3.4,2.8,42,49.2,-6.8,-0.91,23.8,12.241379310344826,6.014008620689655,4.506465517241379,0.7564655172413793,11.276939655172413,0.7640086206896552,0.8362068965517241,5.411637931034482,1.6864224137931034,1.5150862068965516,0.5513672429543384,14.01228448275862,-2.7230603448275863,0.31788793103448276,0.1519396551724138,0.0,0.0,0.0,0.0,0.0,0.0,0.0,0.0,0.0,0.0,,0.0,0.0,0.0,0.0,0.0,0.0,0.0,0.0,0.0,0.0,0.0,0.0,0.0,0.0,,0.0,0.0,0.0,0.0,2.98,1.3,1.0,0.0,2.3,0.1,0.1,1.5,0.6,0.5,0.5446165191740413,2.7,-0.9,0.1,0.1,10.376428571428573,4.65,4.621428571428572,0.6642857142857144,9.935714285714285,0.42857142857142855,0.6285714285714286,4.6571428571428575,1.4928571428571429,0.9571428571428571,0.5163342171024249,11.849285714285713,0.6214285714285714,0.2785714285714286,0.24285714285714285,13.66121212121212,6.984848484848485,4.572727272727272,0.8484848484848484,12.406060606060606,0.9424242424242424,1.0060606060606059,5.93030303030303,1.9,1.7545454545454546,0.5598226354171665,15.566060606060605,-5.296969696969697,0.35757575757575755,0.1,26.485897435897435,13.717948717948719,10.833333333333332,1.4615384615384617,26.01282051282051,1.717948717948718,1.5,12.282051282051281,4.0256410256410255,3.3205128205128203,0.5842084679816435,32.56410256410257,-4.384615384615385,1.0,0.038461538461538464,5.447596153846154,2.2572115384615383,1.6322115384615383,0.3653846153846154,4.2548076923076925,0.31009615384615385,0.4423076923076923,2.144230769230769,0.5432692307692308,0.6177884615384616,0.513108612001796,5.251923076923077,-1.7548076923076923,0.0,0.22596153846153846,7.014285714285714,1.4285714285714286,2.357142857142857,0.14285714285714285,3.9285714285714284,0.2857142857142857,0.9285714285714286,2.2142857142857144,0.7857142857142857,0.35714285714285715,0.45911949935169744,4.3999999999999995,0.9285714285714286,0.07142857142857142,1.0,13.741060606060604,6.962121212121213,5.08030303030303,0.9045454545454545,12.946969696969697,0.8454545454545455,0.8696969696969696,6.256060606060606,1.9651515151515153,1.7106060606060605,0.5671276481785059,16.081969696969697,-3.4212121212121214,0.3727272727272727,0.0,6.972311762473858,5.47510435304823,1.2358287613066494,12.673323609579743,12.682340780659052,45,-11.0,-8.3,-1.4,-11.276939655172413,-22.3,
35.7,32.6,74.9,2.4,16.5,4.7,3.5,3.9,1.2,62,0.7000000000000001,0.6000000000000001,9,0.30000000000000004,-0.16,77.7,9.5,14.1,20.0,55.0,9.3,10.2,21.1,2.75,2.33,84.6,-0.33,1079,2,2.75,83.0,0.09,1079,2,1.04,83.0,1.08,0.24,100.0,68.9,-0.17,0.53,100.0,90.8,1.13,0.46,0.44,0.15,100.0,72.3,0.16,0.62,2.09,85.7,-0.13,100.0,47.9,0.36,0.37,0.43,1.31,80.0,94.5,0.23,100.0,76.1,2.75,83.0,1079,2,-0.03,8.5,-0.13,14.0,106.0,58.6,7.1,1.3,,,40.0,6.0,1.03,90,36,50.2,215,108,5.0,2.5,16.3,74.3,-4.3,-0.43,35,26,10.8,26,1642782,40.0,2.3,,643,24.7,Sarah Ashlee Barker,-4.3,-0.13,16.3,35.0,12.8,-2.85,3.5,101.7,22.8,4.9,3.58,4.0,64,G,14.0,1308,10.7,,,,,,,,,,,,,,21.3,15.6,17.3,278,-2.91,43.1,low,prior_heavy,1,0.43,-0.71,-5.11,-3.16,0.244,0.609,,True,True,231,4,1.7189999999999999,False,9.1,8.9,6.6,7.3,117,62.0,49.3,33.0,77.9,4.5,2026-27,1.4,32.4,3.3,5.3,0.9,1.8,1.4,23,1.79,PDX,41.9,2.0,13.9,4.0,3.2,52,60.3,4.3,0.91,19.6,21.403333333333332,9.266666666666667,3.9,2.066666666666667,15.233333333333333,1.0666666666666667,1.7333333333333334,7.166666666666667,3.0,1.1666666666666667,0.44097835975231203,18.513333333333332,-1.7,0.6666666666666666,0.4,0.0,0.0,0.0,0.0,0.0,0.0,0.0,0.0,0.0,0.0,,0.0,0.0,0.0,0.6666666666666666,0.8400000000000001,0.4,0.6,0.4,1.4,0.0,0.2,0.2,0.0,0.0,0.47619047619047616,1.52,1.2,0.0,0.4,13.59,5.4,3.1,1.6,10.1,0.7,0.8,4.2,1.7,0.6,0.3979455989280767,12.819999999999999,1.8,0.5,0.4,17.776470588235295,8.0,3.5294117647058822,1.6470588235294117,13.176470588235293,0.7647058823529411,1.4705882352941178,6.117647058823529,2.764705882352941,0.9411764705882353,0.45684712472704486,15.529411764705882,1.588235294117647,0.5882352941176471,0.47058823529411764,26.146153846153844,10.923076923076923,4.384615384615385,2.6153846153846154,17.923076923076923,1.4615384615384615,2.076923076923077,8.538461538461538,3.3076923076923075,1.4615384615384615,0.42510959477757915,22.415384615384614,-6.0,0.7692307692307693,0.3076923076923077,26.935000000000002,11.3,4.7,2.45,18.45,1.4,2.25,8.85,4.05,1.2,0.4295334285406729,22.564999999999998,-4.0,1.0,0.3,10.34,5.2,2.3,1.3,8.8,0.4,0.7,3.8,0.9,1.1,0.47912813045777586,10.41,2.9,0.0,0.6,19.791666666666668,8.083333333333334,4.583333333333333,1.9166666666666667,14.583333333333334,1.25,1.4166666666666667,6.583333333333333,2.8333333333333335,1.3333333333333333,0.43817051130936086,18.791666666666664,6.25,0.5,1.0,22.477777777777778,10.055555555555555,3.4444444444444446,2.1666666666666665,15.666666666666666,0.9444444444444444,1.9444444444444444,7.555555555555555,3.111111111111111,1.0555555555555556,0.4427332650291565,18.327777777777776,-7.0,0.7777777777777778,0.0,6.2197313021757115,2.550861923296543,1.6386144974533723,8.223948767674402,10.700031689715669,30,-10.299999999999999,-3.9,-2.0,-13.833333333333332,-23.86,0.03521211643816413
23.5,26.7,78.2,2.1,9.9,4.1,3.1,3.4,1.31,67,1.5,1.2,24,0.8,-0.03,87.4,6.3,-29.2,8.8,31.0,9.6,7.4,17.5,-2.47,-2.3,92.8,0.16,1951,2,-2.47,91.5,-0.01,2392,3,0.59,91.5,0.38,-0.47000000000000003,100.0,54.6,0.07,-0.66,100.0,36.6,0.42,-0.09,-0.36,1.22,100.0,86.1,0.24,0.04,-3.2800000000000002,39.1,-0.51,100.0,29.0,-0.05,0.0,-0.01,-0.92,80.0,20.6,-0.77,100.0,22.3,-2.47,91.5,2392,3,-0.03,10.5,0.23,15.0,108.3,47.2,-4.3,-0.56,21.578627194322674,9.469744767491981,25.5,-8.5,-1.02,110,28,42.6,303,129,5.4,3.0,22.4,77.9,-0.7000000000000001,-0.06,68,53,11.3,32,1628922,44.4,8.9,-1.7000000000000002,784,24.5,Azura Stevens,-6.3,0.01,15.8,38.9,9.3,0.21,3.7,102.0,12.9,5.8,4.36,4.8,95,F,15.3,1628,10.6,22.813661634314414,28.170082420952085,17.457240847676744,10.7,0.9458642606439771,10.011737583831161,18.918337990601405,2.670354715426673,16.2,0.9372660787630781,72.4,,baseline,20.8,15.6,17.3,339,0.56,36.2,low,,79,31.92,2.48,-1.35,0.8,-0.23800000000000002,0.541,,True,True,59,17,1.498,False,9.5,12.6,9.4,10.5,205,59.1,64.3,41.9,76.5,6.4,2026-27,1.4,22.5,5.9,8.7,0.8,1.7000000000000002,1.4,27,2.34,CHI,36.3,1.6,9.7,3.2,2.7,52,50.9,-5.1,-0.63,21.2,18.67142857142857,8.071428571428571,4.880952380952381,1.5952380952380953,14.547619047619047,1.2142857142857142,1.2380952380952381,7.214285714285714,2.619047619047619,1.619047619047619,0.4972953380934931,18.726190476190474,-2.261904761904762,0.5476190476190477,0.3333333333333333,0.0,0.0,0.0,0.0,0.0,0.0,0.0,0.0,0.0,0.0,,0.0,0.0,0.0,0.3333333333333333,8.18,2.4,0.8,0.2,3.4,0.8,0.2,2.2,1.2,0.8,0.3368834402834977,5.86,-4.4,0.2,0.2,16.830000000000002,6.3,3.8,0.9,11.0,1.5,0.8,5.2,2.1,0.8,0.3815381110269292,15.91,-1.2,0.6,0.4,16.97272727272727,7.681818181818182,4.363636363636363,1.5909090909090908,13.636363636363637,1.0,1.0909090909090908,7.090909090909091,2.5454545454545454,1.5909090909090908,0.5310190844013607,17.213636363636365,-0.9090909090909091,0.45454545454545453,0.5,20.54,8.5,5.45,1.6,15.55,1.45,1.4,7.35,2.7,1.65,0.4635715917856254,20.39,-3.75,0.65,0.15,26.982608695652175,12.0,7.434782608695652,2.391304347826087,21.82608695652174,1.8695652173913044,1.6521739130434783,9.956521739130435,3.608695652173913,2.608695652173913,0.4727581784812239,28.465217391304346,-1.9565217391304348,1.0,0.34782608695652173,8.610526315789473,3.3157894736842106,1.7894736842105263,0.631578947368421,5.7368421052631575,0.42105263157894735,0.7368421052631579,3.8947368421052633,1.4210526315789473,0.42105263157894735,0.5600014126581807,6.936842105263159,-2.6315789473684212,0.0,0.3157894736842105,17.32142857142857,6.857142857142857,5.142857142857143,2.0714285714285716,14.071428571428571,1.1428571428571428,1.0714285714285714,6.714285714285714,2.4285714285714284,1.5,0.4927769062388267,18.492857142857144,4.571428571428571,0.5714285714285714,1.0,19.34642857142858,8.678571428571429,4.75,1.3571428571428572,14.785714285714286,1.25,1.3214285714285714,7.464285714285714,2.7142857142857144,1.6785714285714286,0.49906342012358,18.842857142857138,-5.678571428571429,0.5357142857142857,0.0,6.485980592853411,3.9583340974386445,1.7951088534087642,10.67982456454152,11.393093451614119,42,-8.2,-5.6000000000000005,-1.9000000000000001,-11.147619047619047,-16.32,-0.16041189780999537
26.8,39.7,77.9,1.6,9.7,2.9,2.1,2.3,2.0,66,1.3,1.0,29,0.7000000000000001,-0.02,97.9,7.4,0.9,20.7,31.7,11.5,12.1,15.6,-1.7000000000000002,-1.8,95.9,-0.28,1833,2,-1.7000000000000002,96.5,-0.18,3012,3,1.28,96.5,1.3599999999999999,-1.48,100.0,26.1,0.09,0.32,100.0,88.7,1.67,0.33,-0.08,0.93,100.0,83.2,0.01,0.30000000000000004,-3.47,48.7,-0.4,100.0,33.2,0.36,0.1,0.24,-0.45,80.0,33.6,-0.28,100.0,36.6,-1.7000000000000002,96.5,3012,3,0.06,13.0,0.45,19.0,104.1,47.3,-4.2,-0.54,,,27.9,-6.1,-0.68,183,51,40.2,358,144,10.9,1.6,32.1,84.3,5.7,0.6000000000000001,115,97,13.0,42,201886,27.8,10.1,,1125,26.8,DeWanna Bonner,-2.3,-0.08,13.9,33.5,9.3,0.23,3.3,101.8,12.0,3.0,2.21,2.5,69,F,21.6,2281,10.4,,,,,,,,,,,,,,19.1,14.0,15.5,436,0.75,34.0,low,volatile_rank,120,48.64,2.75,-1.25,0.62,0.128,0.562,,True,True,51,13,1.561,False,11.3,11.0,8.1,9.0,252,68.8,58.9,26.8,76.4,6.0,2026-27,1.0,21.5,1.8,4.5,1.1,2.0,1.6,46,2.4,PHX,51.1,0.8,7.0,1.5,1.2,34,53.4,-2.6,-0.22,17.6,24.20189189189189,9.610810810810811,5.7405405405405405,1.6702702702702703,17.02162162162162,1.272972972972973,0.8918918918918919,7.2594594594594595,3.77027027027027,2.418918918918919,0.37893662838808806,21.931891891891894,2.3135135135135134,0.7324324324324325,0.6756756756756757,25.46666666666667,11.333333333333334,6.0,2.0,19.333333333333332,0.6666666666666666,1.0,6.666666666666667,3.6666666666666665,3.3333333333333335,0.3599451567161019,22.53333333333333,11.0,1.0,1.0,20.82,8.6,5.4,1.8,15.8,0.6,1.0,5.6,3.0,2.0,0.35434488390445706,18.580000000000002,6.6,0.6,1.0,24.75,10.5,6.0,1.7000000000000002,18.200000000000003,1.2,0.9,7.6,4.1,2.5,0.37647628612167405,22.950000000000003,1.0999999999999996,0.8,0.6,21.70294117647059,9.03921568627451,5.166666666666666,1.4215686274509804,15.627450980392158,1.0490196078431373,0.8333333333333333,7.205882352941177,3.588235294117647,1.6764705882352942,0.39976849680954973,19.68529411764706,2.5,0.5490196078431372,0.6470588235294118,27.86,11.05,6.575,1.925,19.55,1.55,1.05,7.5,3.925,3.7,0.3646246935819851,25.4275,2.025,0.975,0.7,27.339583333333334,11.276041666666668,6.3125,1.8125,19.401041666666664,1.3958333333333333,0.875,8.067708333333334,4.192708333333333,3.182291666666667,0.37489908800964344,24.882291666666667,5.09375,1.0,0.6875,15.505000000000003,5.65,3.55,1.25,10.45,0.65,1.0,4.7,2.7,0.8,0.41849755519866344,12.735,-4.7,0.0,0.6,25.044615384615383,10.607692307692307,6.161538461538462,1.976923076923077,18.746153846153845,1.876923076923077,0.8846153846153846,7.530769230769231,3.923076923076923,3.0,0.38058523557762336,25.713076923076926,8.3,0.7615384615384615,1.0,26.670833333333334,9.541666666666666,5.625,1.2083333333333333,16.375,1.2916666666666667,0.7916666666666666,8.625,4.375,2.2083333333333335,0.4017423817497225,21.1875,-8.458333333333334,0.8333333333333334,0.0,5.639375423609322,2.793721183078313,1.2905445464922303,7.609212583705267,6.401277910309584,42,-1.8000000000000007,-0.5999999999999996,0.19999999999999996,-1.221621621621619,-5.98,-0.024591744483630995
42.3,59.7,79.8,1.6,13.9,4.0,2.9,3.2,1.1400000000000001,26,0.0,0.0,0,0.0,-0.03,60.9,3.7,9.1,18.2,40.0,4.2,7.9,24.0,1.28,1.28,74.5,0.23,321,1,1.28,74.5,0.23,321,1,0.92,74.5,1.53,0.97,94.6,82.8,-0.11,-0.81,91.1,30.7,-2.49,0.13,0.0,-1.22,77.5,6.3,1.03,0.36,3.81,80.7,-0.46,90.4,31.5,0.59,0.29,0.42,1.08,75.4,90.8,1.62,96.2,97.9,1.28,74.5,321,1,-0.03,2.9,0.07,3.4,102.7,55.5,4.0,0.79,0.177736027540658,0.071134427164754,42.1,8.1,1.32,76,32,42.0,119,50,2.8,2.3,31.9,89.5,10.9,1.1400000000000001,38,34,3.7,16,1643505,50.0,10.1,-5.7,321,20.1,Jovana Nogic,2.5,-0.01,14.2,29.2,10.7,-0.19,2.0,105.2,10.1,5.6,4.04,4.5,36,G,1.6,646,10.4,14.383474584165366,20.166696592431872,8.60025257589886,11.6,0.012356960517476001,5.756628182484562,14.550188305816743,0.0,14.6,0.0,13.2,,baseline,25.7,18.6,20.7,166,-0.11,62.9,medium,,64,25.86,0.29,-0.52,-0.14,0.029,0.05,,True,True,101,-3,0.317,False,2.7,2.6,2.0,2.1,17,36.8,47.9,16.0,29.9,1.1,2026-27,0.7000000000000001,46.0,-1.5,1.7000000000000002,0.6000000000000001,1.5,1.2,10,1.12,PHX,63.9,1.4,13.2,3.6,2.9,23,61.2,5.2,1.06,22.1,20.15625,10.375,1.0625,1.625,13.0625,0.625,1.4375,7.4375,4.75,2.375,0.48713017917312135,14.525,0.5,0.5,0.25,17.5,7.666666666666667,1.0,0.6666666666666666,9.333333333333334,0.6666666666666666,1.0,6.333333333333333,4.333333333333333,0.0,0.4138166930019482,10.866666666666667,-3.3333333333333335,0.3333333333333333,0.0,18.4,6.8,1.0,1.8,9.6,0.8,0.8,6.6,4.4,0.8,0.4194709599825436,12.3,-0.8,0.4,0.2,16.66,7.4,1.0,1.3,9.7,0.4,1.3,6.2,4.1,1.2,0.47958656514784376,10.45,-2.5,0.3,0.2,22.785714285714285,11.571428571428571,1.1428571428571428,1.2857142857142858,14.0,0.7142857142857143,1.2857142857142858,8.571428571428571,5.285714285714286,2.7142857142857144,0.46614297533112525,15.72857142857143,-2.0,0.5714285714285714,0.14285714285714285,18.11111111111111,9.444444444444445,1.0,1.8888888888888888,12.333333333333334,0.5555555555555556,1.5555555555555556,6.555555555555555,4.333333333333333,2.111111111111111,0.5034535599391182,13.588888888888889,2.4444444444444446,0.4444444444444444,0.3333333333333333,26.3625,15.25,1.0,2.25,18.5,0.75,1.875,9.75,6.25,3.875,0.5099442970943087,20.2,4.0,1.0,0.375,13.95,5.5,1.125,1.0,7.625,0.5,1.0,5.125,3.25,0.875,0.4643160612519339,8.85,-3.0,0.0,0.125,23.55,14.75,2.0,3.0,19.75,1.0,0.5,8.0,5.25,5.5,0.43480535061919867,24.15,13.75,0.75,1.0,19.025,8.916666666666666,0.75,1.1666666666666667,10.833333333333334,0.5,1.75,7.25,4.583333333333333,1.3333333333333333,0.5045717886910955,11.316666666666668,-3.9166666666666665,0.4166666666666667,0.0,6.642037839900242,1.1236102527122116,1.6683325008322931,7.307245262979294,7.359797891246742,16,-3.6000000000000005,-0.10000000000000009,0.19999999999999996,-3.4625000000000004,-1.7000000000000028,-0.06765921919057777
36.7,50.0,85.7,1.9,8.7,5.4,4.1,4.6,1.12,25,0.4,0.4,2,0.2,0.04,56.9,5.2,16.1,9.7,66.7,3.1,6.5,21.5,2.07,2.04,57.9,0.18,1185,2,2.07,57.9,0.21,1627,3,0.4,57.9,0.77,0.74,75.3,79.0,-0.42,-0.33,67.7,48.7,-0.33,0.01,-0.08,0.12,65.4,69.7,0.22,0.26,2.52,84.0,-0.34,67.9,35.7,0.52,0.12,0.23,0.67,59.1,80.7,1.03,73.1,92.0,2.07,57.9,1627,3,-0.14,0.5,-0.08,7.5,106.3,56.1,4.6,0.89,0.23030730521810203,0.128094954743111,38.5,4.5,0.81,52,20,45.9,98,45,0.9,2.6,29.6,86.2,7.6,0.8,29,25,5.1,13,1630149,16.7,6.1,2.5,217,16.7,Satou Sabally,4.7,0.18,10.8,32.8,8.3,1.12,1.1,111.0,8.2,7.3,5.64,6.3,34,F,2.9,463,10.4,19.158639432608748,24.941861440875254,13.375417424342242,11.6,0.012021067885755,10.655871504968239,19.459014399623058,1.9369559283622961,17.5,0.389062392461256,17.7,,baseline,29.2,22.4,24.9,135,0.89,38.9,low,,25,10.57,2.77,-1.0,0.96,-0.07100000000000001,0.533,,True,True,43,3,1.474,False,4.6,7.8,6.0,6.6,36,68.8,62.3,32.7,33.9,2.8,2026-27,1.8,33.3,4.3,9.0,0.1,0.2,0.2,1,0.5,NYL,53.1,1.7000000000000002,8.4,4.8,4.1,22,60.9,4.9,1.01,26.3,9.465217391304348,5.869565217391305,1.565217391304348,1.0869565217391304,8.521739130434783,0.13043478260869565,0.9565217391304348,4.260869565217392,2.260869565217391,1.2608695652173914,0.6067414583257995,8.81304347826087,1.2173913043478262,0.08695652173913043,0.5652173913043478,0.0,0.0,0.0,0.0,0.0,0.0,0.0,0.0,0.0,0.0,,0.0,0.0,0.0,0.6666666666666666,0.0,0.0,0.0,0.0,0.0,0.0,0.0,0.0,0.0,0.0,,0.0,0.0,0.0,0.6,3.4799999999999995,1.4,0.8,0.8,3.0,0.1,0.3,1.5,1.1,0.2,0.48142306986979644,3.56,1.6,0.1,0.4,12.78,7.6,2.1,1.3,11.0,0.2,1.5,5.7,2.8,2.3,0.6484891462633243,11.17,0.6,0.1,0.6,6.915384615384615,4.538461538461538,1.1538461538461537,0.9230769230769231,6.615384615384615,0.07692307692307693,0.5384615384615384,3.1538461538461537,1.8461538461538463,0.46153846153846156,0.5399451576257597,7.0,1.6923076923076923,0.07692307692307693,0.5384615384615384,26.05,17.0,3.5,4.5,25.0,0.0,2.0,13.0,7.0,3.5,0.635751142562288,25.95,-4.5,1.0,0.0,7.885714285714287,4.809523809523809,1.380952380952381,0.7619047619047619,6.9523809523809526,0.14285714285714285,0.8571428571428571,3.4285714285714284,1.8095238095238095,1.0476190476190477,0.6014669702828015,7.180952380952381,1.7619047619047619,0.0,0.6190476190476191,9.892307692307693,6.230769230769231,1.9230769230769231,1.0,9.153846153846153,0.07692307692307693,1.0,4.230769230769231,2.1538461538461537,1.3846153846153846,0.5751083488860859,9.26923076923077,3.230769230769231,0.0,1.0,8.91,5.4,1.1,1.2,7.7,0.2,0.9,4.3,2.4,1.1,0.6573544334293409,8.22,-1.4,0.2,0.0,7.105083633479284,1.878734752107041,1.8808374217658004,9.418886081685184,9.756145321872873,23,-10.4,-2.8,-1.9,-8.521739130434783,-16.7,
35.3,45.6,69.9,1.8,9.8,3.2,2.3,2.6,1.13,66,1.4,1.1,28,0.8,0.0,98.6,5.4,-30.6,11.1,33.3,2.7,4.8,14.1,-2.33,-2.33,91.2,-0.4,1023,1,-2.33,91.2,-0.4,1023,1,1.23,91.2,0.52,-1.57,100.0,23.9,-0.41000000000000003,-0.28,100.0,51.7,0.67,0.46,0.0,0.75,100.0,81.1,0.48,0.25,-3.02,41.6,-0.91,100.0,15.5,0.03,0.02,-0.01,0.13,80.0,61.3,0.2,100.0,73.9,-2.33,91.2,1023,1,-0.01,9.3,0.0,13.2,104.6,52.9,1.4,0.37,23.367075678506563,8.64742880666113,35.2,1.2,0.35000000000000003,159,56,44.4,329,146,5.7,2.7,12.2,80.0,1.4,0.16,40,32,13.1,37,1643443,45.0,12.2,-3.5,1023,27.6,Awa Fam,-4.7,0.01,16.6,34.1,10.2,0.0,6.5,99.9,17.9,4.9,3.55,3.9,101,F,13.7,2059,10.3,24.062447764861876,29.418868551499546,18.706026978224205,10.7,0.9711013570543411,8.904764413975828,17.811904783360465,1.5639215081857332,16.2,0.42432430497633106,63.3,,baseline,18.5,13.4,14.9,380,0.05,55.4,medium,volatile_rank,113,45.84,1.13,-1.03,-0.13,0.181,0.271,,True,True,89,3,0.84,False,9.8,10.7,7.7,8.6,220,70.4,33.8,21.6,70.7,5.9,2026-27,1.6,15.1,-2.0,-1.3,0.8,1.5,1.2,30,2.04,SEA,48.3,1.6,11.9,3.0,2.4,61,54.8,-1.2,0.01,17.1,26.26666666666667,9.743589743589743,5.641025641025641,1.6923076923076923,17.076923076923077,1.4871794871794872,1.564102564102564,8.435897435897436,4.076923076923077,1.0256410256410255,0.40293064492641195,21.94871794871795,-3.41025641025641,0.7948717948717948,0.1794871794871795,29.133333333333336,12.0,7.333333333333333,1.6666666666666667,21.0,0.6666666666666666,2.3333333333333335,11.666666666666666,6.0,1.3333333333333333,0.5205230222462155,22.96666666666667,-9.0,1.0,0.0,26.020000000000003,10.2,6.8,1.4,18.4,0.8,1.6,9.6,5.2,1.2,0.4601773912113071,21.259999999999998,-7.4,0.8,0.2,23.729999999999997,8.8,5.5,1.1,15.4,1.1,1.2,8.1,4.7,1.0,0.4086937315233074,19.15,-4.4,0.6,0.2,26.71052631578947,11.578947368421053,5.2631578947368425,1.4736842105263157,18.31578947368421,1.5789473684210527,1.368421052631579,8.789473684210526,4.2105263157894735,1.3157894736842106,0.4065206637223704,23.47368421052632,0.42105263157894735,0.7368421052631579,0.3157894736842105,25.845,8.0,6.0,1.9,15.9,1.4,1.75,8.1,3.95,0.75,0.3995295744881356,20.5,-7.05,0.85,0.05,29.609677419354842,10.870967741935484,6.225806451612903,2.032258064516129,19.129032258064516,1.6774193548387097,1.7419354838709677,9.387096774193548,4.419354838709677,0.967741935483871,0.3943464243448437,24.68064516129032,-4.67741935483871,1.0,0.12903225806451613,13.3125,5.375,3.375,0.375,9.125,0.75,0.875,4.75,2.75,1.25,0.44728245126451505,11.362499999999999,1.5,0.0,0.375,19.6,9.0,2.4285714285714284,1.0,12.428571428571429,1.5714285714285714,1.5714285714285714,6.285714285714286,3.2857142857142856,0.7142857142857143,0.41352434603896615,16.557142857142857,8.285714285714286,0.5714285714285714,1.0,27.725,9.90625,6.34375,1.84375,18.09375,1.46875,1.5625,8.90625,4.25,1.09375,0.4008802511626918,23.128124999999997,-5.96875,0.84375,0.0,6.072881691403742,2.9512457627173,1.398379629086656,7.627459449372503,8.413658486223875,39,-0.10000000000000142,0.8999999999999995,-0.40000000000000013,1.323076923076922,-1.5799999999999983,0.05724674628489512
0.0,0.9,53.0,1.6,11.6,3.8,2.7,3.1,1.0,54,1.8,1.5,26,0.8,-0.07,80.0,3.5,-29.6,16.3,,0.0,8.2,18.2,-1.3,-1.3,82.3,-0.16,701,1,-1.3,82.3,-0.16,701,1,0.44,82.3,1.1400000000000001,-0.21,100.0,60.9,0.25,-0.52,100.0,42.0,1.04,-0.12,0.0,1.6,100.0,91.6,0.04,0.26,-2.36,55.9,-0.63,100.0,26.9,0.25,0.55,0.41000000000000003,0.74,80.0,84.0,-2.18,80.4,3.4,-1.3,82.3,701,1,0.02,11.3,0.36,15.4,106.2,57.6,6.1,1.1400000000000001,20.356847397116443,10.936499381117834,0.0,-34.0,,2,0,57.6,217,125,5.2,3.0,56.7,68.3,-10.3,-1.05,123,84,12.9,33,1631135,37.0,12.4,1.4,701,21.2,Olivia Nelson-Ododa,-8.4,-0.09,15.7,37.9,10.0,-0.17,5.4,97.8,34.6,7.0,5.08,5.6,99,C,15.6,1421,10.1,22.555800246179803,27.912221032817474,17.199379459542133,10.7,0.902510537198262,12.117863371511321,21.029029143632158,4.7810458684574275,16.2,0.730323132694192,66.3,,baseline,23.5,17.2,19.1,334,0.44,32.3,low,volatile_rank,129,57.07,2.41,-1.53,0.71,-0.275,0.555,,True,True,63,11,1.5390000000000001,False,10.2,13.7,10.0,11.1,194,70.8,108.8,52.1,64.5,5.9,2026-27,1.5,25.6,3.3,-0.2,0.8,1.8,1.4,25,2.62,CON,0.9,1.6,9.3,3.7,3.0,53,61.6,5.6,1.13,20.1,16.680952380952384,7.9523809523809526,4.619047619047619,1.2857142857142858,13.857142857142858,1.2142857142857142,1.2619047619047619,5.166666666666667,0.047619047619047616,2.9285714285714284,0.4568632967334721,17.804761904761907,-2.380952380952381,0.4523809523809524,0.2619047619047619,0.0,0.0,0.0,0.0,0.0,0.0,0.0,0.0,0.0,0.0,,0.0,0.0,0.0,0.3333333333333333,3.28,2.6,0.8,0.4,3.8,0.0,0.2,1.2,0.0,0.6,0.5073170731707317,3.96,-2.0,0.0,0.2,8.01,4.7,1.7,0.4,6.8,0.4,0.9,3.0,0.1,1.3,0.5279922894108736,7.640000000000001,-3.4,0.2,0.3,16.931818181818183,8.772727272727273,4.954545454545454,1.0454545454545454,14.772727272727273,1.1818181818181819,1.2727272727272727,5.681818181818182,0.0,2.727272727272727,0.4665397300550524,18.55909090909091,-0.18181818181818182,0.45454545454545453,0.36363636363636365,16.405,7.05,4.25,1.55,12.85,1.25,1.25,4.6,0.1,3.15,0.4465820863292931,16.975,-4.8,0.45,0.15,26.05263157894737,12.736842105263158,8.105263157894736,1.7894736842105263,22.63157894736842,2.0526315789473686,2.263157894736842,8.473684210526315,0.10526315789473684,4.421052631578948,0.49076823611928905,29.042105263157897,-2.3157894736842106,1.0,0.2631578947368421,8.939130434782609,4.0,1.7391304347826086,0.8695652173913043,6.608695652173913,0.5217391304347826,0.43478260869565216,2.4347826086956523,0.0,1.6956521739130435,0.41084945042414933,8.521739130434783,-2.4347826086956523,0.0,0.2608695652173913,17.672727272727276,7.636363636363637,5.7272727272727275,1.3636363636363635,14.727272727272727,1.5454545454545454,1.4545454545454546,4.909090909090909,0.0,3.1818181818181817,0.422920969604488,19.736363636363635,4.545454545454546,0.45454545454545453,1.0,16.32903225806452,8.064516129032258,4.225806451612903,1.2580645161290323,13.548387096774194,1.096774193548387,1.1935483870967742,5.258064516129032,0.06451612903225806,2.838709677419355,0.4677248414147471,17.119354838709675,-4.838709677419355,0.45161290322580644,0.0,6.140439250802753,4.327745884025714,1.3843324407887758,10.153868489209778,10.571919503934804,42,-7.5,-5.1000000000000005,-1.2000000000000002,-10.057142857142857,-17.919999999999998,0.05045377643725962
34.4,34.8,71.0,2.1,13.7,4.1,3.1,3.4,1.11,92,2.8,2.3,63,1.4,0.04,99.8,7.5,8.9,10.2,50.0,7.2,5.9,19.3,1.34,1.22,94.5,0.11,1537,2,1.34,94.3,0.23,1920,3,1.3,94.3,0.93,-0.22,100.0,60.5,-0.48,0.8,100.0,96.2,1.98,-0.05,-0.06,0.76,100.0,81.9,0.62,0.33,-0.7000000000000001,81.1,-0.6900000000000001,100.0,23.5,0.28,0.1,0.19,0.32,80.0,71.0,0.09,100.0,70.6,1.34,94.3,1920,3,0.08,18.3,0.17,18.2,108.7,54.3,2.8,0.6000000000000001,22.678689853164045,9.994106568548865,37.1,3.1,0.62,151,56,46.5,359,167,9.1,3.1,21.7,71.8,-6.8,-0.6900000000000001,78,56,14.1,44,1631083,42.9,3.9,-1.3,1085,24.7,Emily Engstler,-3.8,-0.03,15.6,32.5,12.4,0.25,5.1,104.9,25.1,6.0,4.51,5.0,136,F,21.9,2251,10.1,23.40592092816952,28.762341714807192,18.04950014153185,10.7,0.9689296107067401,10.31458473155664,19.223624258100422,2.975640982925694,16.2,1.0,74.7,,baseline,19.8,14.7,16.4,446,0.33,52.9,medium,,18,6.82,2.04,-1.37,0.64,-0.303,0.481,,True,True,73,-17,1.328,False,11.5,11.2,8.3,9.3,252,64.4,50.7,29.0,81.7,5.7,2026-27,1.4,29.3,1.3,2.3,1.4,2.7,2.2,61,4.11,PDX,42.1,1.9,15.3,3.7,3.1,83,56.7,0.7000000000000001,0.32,19.3,24.656818181818185,10.136363636363637,5.7272727272727275,2.090909090909091,17.954545454545453,2.8181818181818183,1.8863636363636365,8.159090909090908,3.4318181818181817,1.7727272727272727,0.44291667369115034,26.713636363636365,-1.9772727272727273,0.8409090909090909,0.38636363636363635,25.133333333333336,8.0,7.666666666666667,1.0,16.666666666666668,1.3333333333333333,2.0,7.333333333333333,2.6666666666666665,3.3333333333333335,0.4457786924475926,20.7,-4.666666666666667,0.3333333333333333,0.3333333333333333,25.639999999999997,11.4,6.8,1.8,20.0,1.6,2.2,8.8,4.0,3.2,0.48807771607905615,24.86,-6.0,0.6,0.2,27.02,13.9,7.3,2.2,23.4,2.5,2.1,10.1,4.3,2.2,0.4865361829850269,31.359999999999996,0.3,0.8,0.3,24.6,10.045454545454545,4.818181818181818,2.0,16.863636363636363,2.6363636363636362,1.9090909090909092,7.7272727272727275,3.772727272727273,1.7272727272727273,0.4282069616528317,24.827272727272728,-2.5454545454545454,0.8636363636363636,0.4090909090909091,24.713636363636365,10.227272727272727,6.636363636363637,2.1818181818181817,19.045454545454547,3.0,1.8636363636363635,8.590909090909092,3.090909090909091,1.8181818181818181,0.4576263857294691,28.6,-1.4090909090909092,0.8181818181818182,0.36363636363636365,25.756756756756758,10.756756756756756,5.783783783783784,2.2972972972972974,18.83783783783784,2.972972972972973,1.7837837837837838,8.513513513513514,3.6486486486486487,1.7837837837837838,0.43195589082057056,28.278378378378378,-0.05405405405405406,1.0,0.4594594594594595,18.842857142857145,6.857142857142857,5.428571428571429,1.0,13.285714285714286,2.0,2.4285714285714284,6.285714285714286,2.2857142857142856,1.7142857142857142,0.5008522402927869,18.442857142857143,-12.142857142857142,0.0,0.0,25.411764705882348,11.0,6.0,2.176470588235294,19.176470588235293,3.2941176470588234,1.6470588235294117,7.882352941176471,3.5294117647058822,1.8235294117647058,0.40925914780550776,29.700000000000003,8.705882352941176,1.0,1.0,24.181481481481484,9.592592592592593,5.555555555555555,2.037037037037037,17.185185185185187,2.5185185185185186,2.037037037037037,8.333333333333334,3.3703703703703702,1.7407407407407407,0.4641084492487773,24.833333333333332,-8.703703703703704,0.7407407407407407,0.0,4.830094173528976,3.0755119548386056,1.6818896047916256,6.761569053677799,4.7285081834117575,44,1.3000000000000007,1.0999999999999996,-0.30000000000000004,2.0454545454545467,0.9399999999999977,0.0451610423879058
32.6,36.5,71.2,1.4,10.6,3.0,2.2,2.5,1.0,60,0.6000000000000001,0.5,11,0.30000000000000004,-0.15,97.6,4.4,-24.4,11.8,32.0,6.6,5.9,19.9,-5.54,-5.51,94.0,-0.71,1341,2,-5.54,93.4,-0.74,1509,3,1.23,93.4,0.53,0.22,100.0,68.5,-0.5,-1.44,100.0,10.9,-2.8200000000000003,0.06,0.03,-0.7000000000000001,100.0,24.8,0.33,-0.04,-2.74,12.2,-0.98,100.0,13.9,-0.14,-0.01,0.01,-1.44,80.0,7.1,0.05,100.0,68.5,-5.54,93.4,1509,3,-0.05,5.6,-0.16,10.5,107.7,43.5,-8.0,-1.16,14.267267154449325,6.220970557183467,32.5,-1.5,-0.03,163,53,36.5,378,138,3.0,3.2,31.2,77.1,-1.5,-0.14,118,91,6.3,43,1641649,31.4,9.3,-6.5,975,22.7,Diamond Miller,-11.7,-0.09,16.5,37.1,8.7,-1.21,1.4,96.0,19.6,7.0,5.1,5.7,138,F,8.4,1972,9.8,16.15427289635613,21.937494904622636,10.371050888089623,11.6,0.8831884446911591,7.043763530396806,15.952391947548007,0.0,16.0,0.9940069081826991,70.7,,baseline,21.3,15.5,17.2,420,-1.49,50.2,medium,,16,5.8,0.36,-3.33,-1.63,0.137,0.522,,True,True,212,4,1.44,False,5.6,5.8,4.3,4.7,115,50.0,59.2,28.0,73.5,2.7,2026-27,0.7000000000000001,31.2,0.6000000000000001,1.7000000000000002,0.7000000000000001,1.5,1.2,30,1.51,CON,43.1,1.4,10.9,3.1,2.5,62,48.8,-7.2,-0.98,22.2,22.16590909090909,9.545454545454545,2.6136363636363638,1.3636363636363635,13.522727272727273,0.9318181818181818,1.4090909090909092,8.590909090909092,3.7045454545454546,2.6818181818181817,0.5012500315144468,16.113636363636367,-5.363636363636363,0.6363636363636364,0.25,24.166666666666668,12.333333333333334,3.0,1.0,16.333333333333332,2.0,1.3333333333333333,10.0,6.0,3.0,0.4876777686026241,22.099999999999998,-7.333333333333333,0.6666666666666666,0.3333333333333333,20.759999999999998,9.0,2.6,0.8,12.4,1.6,1.0,8.8,4.8,2.8,0.5031385181452588,17.12,-8.4,0.6,0.2,19.82,10.0,2.6,1.2,13.8,0.8,1.5,8.9,4.3,3.1,0.5967098693286785,15.819999999999999,-7.7,0.5,0.2,22.450000000000003,9.272727272727273,2.727272727272727,1.5909090909090908,13.590909090909092,0.8636363636363636,1.1363636363636365,8.318181818181818,3.4545454545454546,2.5,0.47372736678485833,16.386363636363637,-3.727272727272727,0.7272727272727273,0.36363636363636365,21.88181818181818,9.818181818181818,2.5,1.1363636363636365,13.454545454545455,1.0,1.6818181818181819,8.863636363636363,3.9545454545454546,2.8636363636363638,0.5300832993263966,15.840909090909092,-7.0,0.5454545454545454,0.13636363636363635,26.12142857142857,11.75,3.3214285714285716,1.6785714285714286,16.75,0.9642857142857143,1.7142857142857142,10.285714285714286,4.25,3.392857142857143,0.518411305932427,19.432142857142857,-6.142857142857143,1.0,0.25,15.24375,5.6875,1.375,0.8125,7.875,0.875,0.875,5.625,2.75,1.4375,0.46921565260088394,10.306249999999999,-4.0,0.0,0.25,23.03636363636364,8.818181818181818,2.4545454545454546,1.8181818181818181,13.090909090909092,1.0909090909090908,0.9090909090909091,8.272727272727273,3.5454545454545454,1.4545454545454546,0.42977703489708113,16.854545454545452,4.2727272727272725,0.6363636363636364,1.0,21.875757575757575,9.787878787878787,2.6666666666666665,1.2121212121212122,13.666666666666666,0.8787878787878788,1.5757575757575757,8.696969696969697,3.757575757575758,3.090909090909091,0.5258188741016662,15.866666666666667,-8.575757575757576,0.6363636363636364,0.0,5.559214205198535,1.8071680156494774,1.1830372635800732,7.043019425045233,6.988460361488892,44,-0.8000000000000007,-0.10000000000000009,-0.5999999999999999,-1.122727272727273,-1.9400000000000013,0.0018884866308119808
50.0,42.1,73.7,1.3,13.4,3.5,2.4,2.7,1.3,4,0.9,0.7000000000000001,1,0.30000000000000004,0.12,14.5,16.1,22.7,11.4,50.0,10.5,12.0,20.0,-0.2,-0.2,31.4,0.01,59,1,-0.2,31.4,0.01,59,1,-0.51,31.4,0.43,-0.07,19.7,64.3,0.09,-0.09,15.5,61.3,-0.53,-0.75,0.0,-0.05,14.9,50.0,0.28,-0.05,0.26,71.8,0.0,16.8,61.8,0.27,0.2,0.19,0.29,15.5,68.5,-0.01,15.3,54.2,-0.2,31.4,59,1,0.13,8.2,0.0,3.9,99.1,60.5,9.0,,,,50.0,16.0,,10,5,47.4,19,9,5.7,2.3,36.8,85.7,7.1,,7,6,4.4,3,1642294,0.0,5.3,,59,19.7,Charisma Osborne,10.6,-0.01,13.4,26.8,9.8,-0.33,2.3,109.7,21.1,6.1,4.27,4.7,7,,4.5,115,9.7,,,,,,,,,,,,,,25.2,17.7,19.7,29,-0.32,37.4,low,low_sample,22,8.15,0.23,-0.88,-0.29,-0.032,0.091,,True,True,129,-13,0.436,False,3.3,4.3,3.1,3.4,5,25.0,57.9,21.1,50.5,1.7000000000000002,2026-27,0.0,33.3,-0.30000000000000004,1.4,1.0,2.6,2.0,3,2.44,PDX,52.6,1.0,8.2,2.6,2.0,3,65.7,9.7,,19.3,14.8,7.25,1.25,1.0,9.5,1.0,0.75,4.75,2.5,1.75,0.4427777007216754,12.5,4.5,0.25,0.25,19.733333333333334,9.666666666666666,1.6666666666666667,1.3333333333333333,12.666666666666666,1.3333333333333333,1.0,6.333333333333333,3.3333333333333335,2.3333333333333335,0.4427777007216754,16.666666666666668,6.0,0.3333333333333333,0.3333333333333333,14.8,7.25,1.25,1.0,9.5,1.0,0.75,4.75,2.5,1.75,0.4427777007216754,12.5,4.5,0.25,0.25,14.8,7.25,1.25,1.0,9.5,1.0,0.75,4.75,2.5,1.75,0.4427777007216754,12.5,4.5,0.25,0.25,13.9,5.5,1.5,0.5,7.5,1.0,0.5,4.0,3.0,0.0,0.3237410071942446,10.55,9.5,0.5,0.5,15.700000000000001,9.0,1.0,1.5,11.5,1.0,1.0,5.5,2.0,3.5,0.5022960474853908,14.45,-0.5,0.0,0.0,27.8,11.0,3.0,1.0,15.0,2.0,1.0,8.0,6.0,0.0,0.3237410071942446,21.1,19.0,1.0,1.0,10.466666666666667,6.0,0.6666666666666666,1.0,7.666666666666667,0.6666666666666666,0.6666666666666666,3.6666666666666665,1.3333333333333333,2.3333333333333335,0.5022960474853908,9.633333333333333,-0.3333333333333333,0.0,0.0,27.8,11.0,3.0,1.0,15.0,2.0,1.0,8.0,6.0,0.0,0.3237410071942446,21.1,19.0,1.0,1.0,10.466666666666667,6.0,0.6666666666666666,1.0,7.666666666666667,0.6666666666666666,0.6666666666666666,3.6666666666666665,1.3333333333333333,2.3333333333333335,0.5022960474853908,9.633333333333333,-0.3333333333333333,0.0,0.0,5.909032633745278,1.2583057392117918,0.816496580927726,7.14142842854285,12.219929077808377,4,-2.4499999999999993,-0.4500000000000002,-0.30000000000000004,0.0,-4.899999999999999,0.0
43.9,28.8,65.2,5.4,24.1,11.3,8.6,9.7,2.5700000000000003,147,0.5,0.5,7,0.30000000000000004,0.12,75.6,6.9,-6.0,13.8,22.2,4.5,27.5,27.3,6.17,6.25,82.1,0.53,732,2,6.17,82.7,0.45,1371,3,1.3,82.7,2.93,2.5300000000000002,100.0,94.1,2.03,-0.48,100.0,45.0,-1.38,0.07,0.23,-0.64,100.0,26.9,0.19,0.47000000000000003,7.84,96.2,3.43,100.0,99.2,0.42,0.61,0.8300000000000001,0.15,80.0,61.8,-0.33,100.0,34.5,6.17,82.7,1371,3,0.01,9.4,0.07,7.8,107.7,52.3,0.8,0.27,21.85034616403713,7.753557281413037,40.9,6.9,1.15,66,27,45.5,198,90,8.6,1.6,32.8,78.5,-0.1,0.0,65,51,5.0,27,202664,35.3,17.2,0.1,607,22.5,Courtney Vandersloot,-5.3,0.11,15.8,36.7,8.7,0.13,1.1,102.4,17.7,3.4,2.61,2.9,44,G,9.7,1299,9.6,22.574063083348136,27.930483869985807,17.217642296710466,10.7,0.9679403341507951,8.010366969794141,16.91685900082547,0.668875725650736,16.2,0.9509159835276491,73.7,,baseline,19.9,15.4,17.0,258,0.21,34.5,low,,27,10.01,2.33,-1.9,0.43,-0.22,0.589,,True,True,81,-8,1.649,False,4.5,6.0,4.6,5.1,78,58.7,64.6,31.8,76.0,2.9,2026-27,0.30000000000000004,50.0,-0.2,-0.6000000000000001,1.1,2.4,2.0,31,2.25,CHI,33.3,2.1,8.6,4.3,3.7,56,56.9,0.9,0.36,19.8,15.127500000000001,6.45,1.95,3.675,12.075,0.95,1.4,4.95,1.65,1.625,0.47431333456742225,15.752500000000001,-1.7,0.475,0.35,25.666666666666668,12.0,3.3333333333333335,7.333333333333333,22.666666666666668,1.3333333333333333,2.6666666666666665,8.666666666666666,3.0,1.0,0.46540290774231213,28.333333333333332,-0.6666666666666666,1.0,0.3333333333333333,24.580000000000005,11.6,3.6,6.6,21.8,1.2,2.6,8.2,2.0,1.4,0.46914945097680893,26.82,-5.2,1.0,0.2,25.869999999999997,10.7,3.1,6.5,20.3,1.4,2.3,8.2,2.7,1.5,0.4323998537961769,26.070000000000004,-3.3,1.0,0.4,15.061904761904762,5.904761904761905,2.0,4.095238095238095,12.0,0.9047619047619048,1.3333333333333333,5.0,1.9523809523809523,1.4285714285714286,0.46934208678713324,15.828571428571427,-0.38095238095238093,0.47619047619047616,0.5238095238095238,15.200000000000001,7.052631578947368,1.894736842105263,3.210526315789474,12.157894736842104,1.0,1.4736842105263157,4.894736842105263,1.3157894736842106,1.8421052631578947,0.4796669860231181,15.668421052631581,-3.1578947368421053,0.47368421052631576,0.15789473684210525,24.726315789473677,10.368421052631579,2.736842105263158,6.0,19.105263157894736,1.5263157894736843,2.1052631578947367,7.894736842105263,2.6315789473684212,2.3157894736842106,0.44525154968388303,25.126315789473683,-3.1052631578947367,1.0,0.3684210526315789,6.442857142857143,2.9047619047619047,1.2380952380952381,1.5714285714285714,5.714285714285714,0.42857142857142855,0.7619047619047619,2.2857142857142856,0.7619047619047619,1.0,0.5433350736658278,7.2714285714285705,-0.42857142857142855,0.0,0.3333333333333333,17.821428571428573,7.214285714285714,2.5,4.0,13.714285714285714,1.1428571428571428,1.6428571428571428,6.0,2.642857142857143,1.7857142857142858,0.4816456960992764,18.0,2.5,0.5,1.0,13.676923076923076,6.038461538461538,1.6538461538461537,3.5,11.192307692307692,0.8461538461538461,1.2692307692307692,4.384615384615385,1.1153846153846154,1.5384615384615385,0.4692723360142725,14.542307692307693,-3.9615384615384617,0.46153846153846156,0.0,5.315434709771737,2.0872015370850647,3.1491757163276386,9.338059700727928,11.248293032893752,40,2.0,0.7000000000000002,1.1999999999999993,9.725000000000001,2.0800000000000054,-0.005163883590613316
29.6,32.3,72.7,1.5,10.5,3.7,2.8,3.1,0.63,46,4.4,3.7,55,1.8,0.03,76.9,2.4,27.6,15.1,38.9,8.2,-2.5,18.4,2.3,2.33,82.1,0.29,797,2,2.3,82.1,0.26,1064,3,0.5700000000000001,82.1,0.01,0.25,100.0,69.3,-1.53,1.57,100.0,98.7,3.8200000000000003,-0.05,0.01,1.4100000000000001,100.0,88.2,0.21,0.27,-1.49,84.9,-1.8,100.0,1.3,0.35000000000000003,-0.04,0.01,0.59,80.0,78.2,-0.29,100.0,36.1,2.3,82.1,1064,3,0.12,17.8,0.52,14.9,105.3,52.7,1.2,0.34,13.762814831742162,5.677676337947327,31.5,-2.5,-0.18,89,28,46.4,220,102,6.8,3.6,37.7,77.1,-1.5,-0.14,83,64,14.3,31,1642287,38.9,8.2,-3.1,596,19.2,Cameron Brink,-2.8,-0.09,16.6,33.6,13.0,-0.89,6.5,102.5,19.1,8.9,6.7,7.4,111,F,17.3,1252,9.5,16.109513338221063,21.89273534648757,10.326291329954557,11.6,0.8543284047624711,6.645777322042671,15.559816995529491,0.0,15.6,0.035621998190449006,50.7,,baseline,23.6,17.8,19.9,296,-0.19,34.7,low,volatile_rank,125,54.6,1.7000000000000002,-2.07,-0.13,-0.056,0.532,,True,True,113,-11,1.47,False,11.1,12.4,9.4,10.4,155,63.4,70.0,32.3,46.4,5.0,2026-27,1.7000000000000002,19.6,2.2,3.6,0.6000000000000001,1.6,1.3,20,4.53,LAS,40.5,2.4,19.4,6.0,5.0,75,57.7,1.7000000000000002,0.49,24.1,17.0,8.457142857142857,4.428571428571429,1.3142857142857143,14.2,2.142857142857143,2.142857142857143,6.285714285714286,2.5428571428571427,2.3714285714285714,0.5585592134580918,20.02857142857143,-1.2285714285714286,0.22857142857142856,0.34285714285714286,25.86666666666667,11.0,5.333333333333333,1.6666666666666667,18.0,3.6666666666666665,2.6666666666666665,13.333333333333334,3.6666666666666665,2.6666666666666665,0.6668364707444292,28.233333333333334,-3.0,1.0,0.6666666666666666,22.86,11.0,5.0,2.0,18.0,3.8,2.8,10.4,3.2,2.6,0.6242005541734128,28.6,-0.8,0.8,0.6,17.669999999999998,8.5,4.4,1.7,14.6,2.6,2.1,7.3,3.0,2.0,0.5754255914564221,22.029999999999998,-1.4,0.5,0.3,18.473333333333336,8.533333333333333,4.6,1.6,14.733333333333333,2.066666666666667,2.3333333333333335,6.4,2.7333333333333334,2.4,0.5357968011278748,20.32,-4.2,0.3333333333333333,0.26666666666666666,15.895000000000001,8.4,4.3,1.1,13.8,2.2,2.0,6.2,2.4,2.35,0.5798989750176701,19.81,1.0,0.15,0.4,24.75,11.25,6.125,2.625,20.0,3.375,2.0,10.0,3.75,3.375,0.5370452101196814,30.6625,-2.625,1.0,0.375,14.703703703703704,7.62962962962963,3.925925925925926,0.9259259259259259,12.481481481481481,1.7777777777777777,2.185185185185185,5.185185185185185,2.185185185185185,2.074074074074074,0.5660423450540605,16.877777777777776,-0.8148148148148148,0.0,0.3333333333333333,19.816666666666666,10.833333333333334,4.833333333333333,1.6666666666666667,17.333333333333332,2.25,2.5,7.333333333333333,2.75,2.9166666666666665,0.5650817891086878,23.38333333333333,4.666666666666667,0.25,1.0,15.530434782608696,7.217391304347826,4.217391304347826,1.1304347826086956,12.565217391304348,2.0869565217391304,1.9565217391304348,5.739130434782608,2.4347826086956523,2.0869565217391304,0.5544396919945573,18.278260869565216,-4.304347826086956,0.21739130434782608,0.0,4.785657844894823,2.7255405754769875,1.3009369603443188,7.451016511780359,7.713166741129781,35,1.5,0.0,0.5,3.8000000000000007,3.66,0.06564134071532102
34.0,18.9,68.2,3.3,23.9,7.1,5.1,5.7,1.94,147,0.30000000000000004,0.2,6,0.1,0.04,97.9,5.4,9.8,20.2,25.0,1.4,20.5,25.8,1.81,1.81,91.2,0.28,1025,1,1.81,91.2,0.28,1025,1,1.23,91.2,2.12,1.26,100.0,84.5,0.8,-1.06,100.0,24.4,-2.11,0.26,0.0,-0.63,100.0,28.2,0.38,0.43,3.93,81.9,1.23,100.0,88.7,0.53,0.35000000000000003,0.6900000000000001,1.3900000000000001,80.0,95.0,-1.2,100.0,14.3,1.81,91.2,1025,1,0.03,5.2,0.2,8.6,104.2,58.0,6.5,1.2,15.397401893741675,5.630157989091441,33.3,-0.7000000000000001,0.08,57,19,54.6,280,153,3.1,3.1,34.3,87.5,8.9,0.9400000000000001,96,84,7.5,44,1631136,36.4,3.9,-6.3,1025,23.3,Pauline Astier,5.0,0.01,13.9,34.3,9.7,-0.11,3.1,109.2,27.9,6.5,4.78,5.3,136,G,6.8,2083,9.3,16.9515915330776,22.734813541344106,11.168369524811094,11.6,0.908316004647514,6.19845732133313,15.102227649792614,0.0,15.1,1.0,72.9,,baseline,19.6,14.4,16.0,409,0.21,55.2,medium,volatile_rank,122,45.73,1.31,-0.88,0.08,0.133,0.277,,True,True,80,0,0.853,False,6.0,5.7,4.2,4.6,119,74.6,82.2,47.9,76.6,2.7,2026-27,0.7000000000000001,48.4,5.5,5.8,0.8,1.7000000000000002,1.4,36,1.48,NYL,20.4,1.7000000000000002,13.9,3.6,2.9,74,63.5,7.5,1.44,17.2,23.343181818181815,9.295454545454545,2.7045454545454546,3.340909090909091,15.340909090909092,0.9545454545454546,1.6818181818181819,6.363636363636363,1.2954545454545454,2.1818181818181817,0.3859211880550926,18.73409090909091,2.340909090909091,0.7727272727272727,0.5909090909090909,22.366666666666664,9.666666666666666,5.333333333333333,3.0,18.0,0.6666666666666666,1.6666666666666667,7.333333333333333,2.3333333333333335,1.3333333333333333,0.4598590862997643,20.9,-0.6666666666666666,0.6666666666666666,0.3333333333333333,23.88,10.2,4.8,3.0,18.0,0.8,1.8,7.4,1.8,1.2,0.4288895177139245,21.06,3.0,0.8,0.6,23.03,8.6,3.5,3.0,15.1,0.7,1.9,6.9,1.7,1.2,0.4203719679557335,17.5,0.9,0.7,0.6,23.12272727272728,8.090909090909092,2.409090909090909,3.3636363636363638,13.863636363636363,0.6818181818181818,1.5909090909090908,5.363636363636363,0.9545454545454546,1.9090909090909092,0.3437116703049187,16.481818181818184,2.5454545454545454,0.7272727272727273,0.6363636363636364,23.563636363636366,10.5,3.0,3.3181818181818183,16.818181818181817,1.2272727272727273,1.7727272727272727,7.363636363636363,1.6363636363636365,2.4545454545454546,0.4281307058052665,20.986363636363638,2.1363636363636362,0.8181818181818182,0.5454545454545454,24.96470588235294,10.058823529411764,2.8823529411764706,3.6470588235294117,16.58823529411765,0.9705882352941176,1.6764705882352942,6.823529411764706,1.3235294117647058,2.323529411764706,0.38145843339352514,20.2235294117647,3.4705882352941178,1.0,0.6176470588235294,17.83,6.7,2.1,2.3,11.1,0.9,1.7,4.8,1.2,1.7,0.40109455390442206,13.669999999999998,-1.5,0.0,0.5,23.899999999999995,9.846153846153847,2.923076923076923,3.6923076923076925,16.46153846153846,0.8076923076923077,1.3846153846153846,6.461538461538462,1.1153846153846154,2.5384615384615383,0.36945913393703506,19.93076923076923,7.769230769230769,0.8076923076923077,1.0,22.53888888888889,8.5,2.388888888888889,2.8333333333333335,13.722222222222221,1.1666666666666667,2.111111111111111,6.222222222222222,1.5555555555555556,1.6666666666666667,0.4096997106700646,17.00555555555556,-5.5,0.7222222222222222,0.0,5.254364942728494,2.0525598929543825,1.6130742254030406,7.106967370182984,4.832419478137736,44,0.8999999999999986,2.0999999999999996,-0.2999999999999998,2.6590909090909083,0.5799999999999983,0.04296832965883185
32.6,32.6,75.3,3.7,23.8,7.5,5.4,6.1,2.06,157,0.4,0.30000000000000004,9,0.2,-0.01,96.9,3.7,-28.7,9.6,16.7,4.1,22.0,26.5,-1.71,-1.83,96.8,-0.48,1977,2,-1.71,95.8,-0.36,2452,3,1.06,95.8,1.7000000000000002,0.62,100.0,76.5,0.97,-1.26,100.0,15.1,-3.06,0.23,0.29,-1.2,100.0,8.0,0.45,0.33,1.62,48.1,1.37,100.0,89.9,0.15,0.45,0.53,-0.26,80.0,41.6,-0.67,100.0,24.8,-1.71,95.8,2452,3,0.01,5.7,0.2,6.7,103.6,49.0,-2.5,-0.27,26.137810833239396,10.380520184307368,30.8,-3.2,-0.27,107,33,43.3,291,126,3.9,2.9,43.0,77.6,-1.0,-0.09,125,97,4.8,42,1631141,27.3,3.8,2.1,1029,24.5,Jade Melbourne,-8.5,-0.02,15.1,32.3,10.4,-2.54,1.5,95.1,21.0,5.7,4.2,4.7,120,G,5.8,2096,9.1,26.57702819721767,31.93344898385534,21.220607410579998,10.7,0.9834737969678541,10.554953488655745,19.46163198428924,3.213648709114513,16.2,1.0,75.3,,baseline,18.2,13.4,14.8,382,-2.18,44.8,low,,60,22.7,-0.43,-3.94,-2.08,-0.107,0.496,,True,True,227,0,1.369,False,4.1,4.3,3.1,3.5,90,62.5,81.5,38.5,76.5,2.1,2026-27,0.6000000000000001,51.6,4.4,6.5,0.9,1.8,1.5,38,1.6400000000000001,SEA,36.8,1.8,12.5,3.5,2.9,74,55.2,-0.8,0.08,17.5,23.402272727272727,8.681818181818182,2.0454545454545454,3.5681818181818183,14.295454545454545,1.0681818181818181,1.6818181818181819,6.613636363636363,2.4318181818181817,2.840909090909091,0.39960853976504296,18.01136363636364,-4.25,0.75,0.18181818181818182,17.166666666666668,3.3333333333333335,2.0,1.6666666666666667,7.0,0.6666666666666666,1.3333333333333333,4.333333333333333,1.6666666666666667,1.0,0.3458064914450086,8.9,-16.333333333333332,0.3333333333333333,0.0,14.66,3.0,1.4,1.6,6.0,0.6,1.0,3.8,1.6,1.0,0.34972184106082066,7.880000000000001,-15.0,0.4,0.0,22.389999999999997,7.8,2.6,2.4,12.8,1.0,1.6,7.5,3.1,1.7,0.42500498968829925,15.919999999999998,-7.6,0.6,0.2,22.145454545454545,7.681818181818182,2.1363636363636362,3.272727272727273,13.090909090909092,1.0909090909090908,1.5,6.090909090909091,2.0,2.3181818181818183,0.3795946912057733,16.927272727272726,-1.4545454545454546,0.5909090909090909,0.2727272727272727,24.659090909090914,9.681818181818182,1.9545454545454546,3.8636363636363638,15.5,1.0454545454545454,1.8636363636363635,7.136363636363637,2.8636363636363638,3.3636363636363638,0.4178029475461974,19.095454545454544,-7.045454545454546,0.9090909090909091,0.09090909090909091,26.642424242424244,10.030303030303031,2.1818181818181817,4.181818181818182,16.393939393939394,1.2121212121212122,1.9393939393939394,7.666666666666667,2.787878787878788,3.3636363636363638,0.41327829844117925,20.618181818181817,-3.1515151515151514,1.0,0.18181818181818182,13.681818181818182,4.636363636363637,1.6363636363636365,1.7272727272727273,8.0,0.6363636363636364,0.9090909090909091,3.4545454545454546,1.3636363636363635,1.2727272727272727,0.34948609128587665,10.190909090909091,-7.545454545454546,0.0,0.18181818181818182,25.15,10.75,2.875,5.0,18.625,1.375,1.25,8.0,2.25,4.125,0.4420605866159074,24.575,8.375,0.75,1.0,23.01388888888889,8.222222222222221,1.8611111111111112,3.25,13.333333333333334,1.0,1.7777777777777777,6.305555555555555,2.4722222222222223,2.5555555555555554,0.38961982285895724,16.55277777777778,-7.055555555555555,0.75,0.0,5.206314266853579,1.3969159628224457,2.128409464810353,6.903250146074759,7.610350621032703,44,-6.1,-0.7000000000000002,-2.1,-8.295454545454545,-9.84,-0.0498866987042223
30.5,44.2,93.4,1.6,8.1,2.7,2.0,2.2,1.23,68,0.6000000000000001,0.5,16,0.4,0.02,98.3,4.1,7.9,11.4,31.0,9.1,3.8,10.9,-5.71,-5.51,96.9,-0.5,2265,2,-5.71,94.1,-0.7000000000000001,2265,2,1.2,94.1,0.77,-2.67,100.0,7.6,-0.11,-1.32,100.0,14.7,-1.57,0.28,-0.22,0.15,100.0,71.4,0.48,0.15,-4.41,11.3,-0.81,100.0,20.2,0.25,-0.02,-0.01,0.43,80.0,74.8,-0.14,100.0,44.5,-5.71,94.1,2265,2,-0.01,6.3,0.03,11.9,101.9,54.2,2.7,0.58,25.724411890530288,7.662342673652537,30.6,-3.4,-0.30000000000000004,170,52,46.1,319,147,4.7,2.1,17.2,81.8,3.2,0.35000000000000003,55,45,10.5,43,1631044,25.0,1.3,-2.9,1236,28.7,Naz Hillmon,7.9,0.03,13.4,36.1,8.2,1.22,4.8,109.8,5.3,3.6,2.62,2.9,90,F,11.7,2527,9.1,25.78386857881428,31.14028936545195,20.427447792176608,10.7,0.997694035396502,7.680052603108307,16.5889773142614,0.34099403908667003,16.2,1.0,76.0,,baseline,15.5,11.4,12.7,391,1.3599999999999999,46.8,low,",collinear_lineup",14,5.7,3.34,-0.62,1.13,0.227,0.557,,True,True,28,-6,1.545,False,8.1,7.8,5.8,6.3,196,65.6,57.3,40.1,81.4,4.6,2026-27,1.0,9.5,8.6,15.2,0.6000000000000001,1.0,0.8,26,1.22,ATL,53.3,1.3,11.5,2.2,1.8,56,57.0,1.0,0.37,13.7,28.09545454545455,8.886363636363637,4.454545454545454,1.5454545454545454,14.886363636363637,0.9545454545454546,1.2727272727272727,7.25,3.8636363636363638,1.25,0.3168026720178273,18.14090909090909,5.909090909090909,0.8863636363636364,0.6818181818181818,23.03333333333333,8.666666666666666,3.6666666666666665,2.3333333333333335,14.666666666666666,0.6666666666666666,0.0,8.0,5.0,1.6666666666666667,0.3645230840584886,18.566666666666666,10.666666666666666,0.3333333333333333,1.0,24.360000000000003,8.4,4.0,2.2,14.6,0.6,0.8,8.2,5.2,1.0,0.3759510027217504,17.5,14.4,0.6,1.0,28.18,9.3,4.9,1.9,16.1,1.1,1.3,8.1,4.8,0.8,0.34739915640066094,20.03,11.9,0.8,0.9,28.763636363636355,8.136363636363637,4.454545454545454,1.7727272727272727,14.363636363636363,0.7727272727272727,1.5909090909090908,7.318181818181818,3.8181818181818183,1.1363636363636365,0.32270980932707893,16.86818181818182,6.136363636363637,0.9545454545454546,0.6818181818181818,27.427272727272726,9.636363636363637,4.454545454545454,1.3181818181818181,15.409090909090908,1.1363636363636365,0.9545454545454546,7.181818181818182,3.909090909090909,1.3636363636363635,0.31061424245575403,19.413636363636364,5.681818181818182,0.8181818181818182,0.6818181818181818,29.84871794871795,9.58974358974359,4.6923076923076925,1.5897435897435896,15.871794871794872,1.0512820512820513,1.4102564102564104,7.769230769230769,4.17948717948718,1.3333333333333333,0.3238284851664799,19.348717948717947,6.743589743589744,1.0,0.717948717948718,14.419999999999998,3.4,2.6,1.2,7.2,0.2,0.2,3.2,1.4,0.6,0.24830099381846454,8.72,-0.6,0.0,0.4,29.046666666666667,9.866666666666667,4.466666666666667,1.7666666666666666,16.1,1.1,1.3,7.6,4.233333333333333,1.2333333333333334,0.3245370715678899,19.876666666666665,13.0,0.9333333333333333,1.0,26.057142857142857,6.785714285714286,4.428571428571429,1.0714285714285714,12.285714285714286,0.6428571428571429,1.2142857142857142,6.5,3.0714285714285716,1.2857142857142858,0.29895405767152883,14.421428571428569,-9.285714285714286,0.7857142857142857,0.0,5.465391788296349,2.1070705494148547,1.1092537918033099,6.820679598857788,6.9812691105009455,44,-0.6999999999999993,-0.5999999999999996,0.6000000000000001,-0.28636363636363704,-4.339999999999996,0.05914833070392311
27.9,31.4,65.7,2.5,27.4,7.7,5.3,6.0,2.08,107,0.7000000000000001,0.6000000000000001,10,0.2,0.15,83.0,4.6,-4.4,20.7,33.3,2.2,27.0,30.4,2.45,2.51,88.5,0.17,1333,2,2.45,88.6,0.11,1980,3,1.2,88.6,2.43,2.24,100.0,91.6,0.85,-0.92,100.0,27.3,-1.96,0.32,0.08,-0.7000000000000001,100.0,25.2,0.48,0.43,4.52,85.3,1.43,100.0,90.8,0.54,0.39,0.64,0.09,80.0,58.0,-0.6000000000000001,100.0,26.9,2.45,88.6,1980,3,0.07,8.0,0.38,8.3,99.0,50.7,-0.8,0.01,17.373030207988677,10.130048725887594,28.3,-5.7,-0.63,92,26,46.0,274,126,4.9,2.0,47.1,78.3,-0.30000000000000004,-0.02,129,101,6.7,42,203026,36.8,6.9,1.0,714,17.0,Tiffany Hayes,8.8,0.08,11.6,27.0,10.8,1.63,2.6,107.8,27.4,6.2,4.34,4.8,86,G,8.2,1387,9.0,18.01566122992025,23.798883238186757,12.232439221653745,11.6,0.9643293124948251,10.504760764432277,18.152306758146956,5.013498200559845,13.1,0.070616321854366,59.0,,baseline,27.3,19.1,21.2,379,2.29,38.8,low,prior_heavy,5,1.92,4.59,-0.01,2.4,-0.111,0.628,,True,True,12,0,1.792,False,5.4,6.1,4.2,4.8,85,63.6,79.2,32.1,50.9,2.0,2026-27,1.3,50.0,0.6000000000000001,0.30000000000000004,0.8,2.3,1.8,32,2.12,GSV,33.6,1.2,10.9,3.7,2.9,51,57.3,1.3,0.42,24.1,16.954761904761902,9.023809523809524,2.0238095238095237,2.5476190476190474,13.595238095238095,1.0,1.2142857142857142,6.523809523809524,2.1904761904761907,3.0714285714285716,0.5253085934604057,17.05952380952381,3.5952380952380953,0.30952380952380953,0.7380952380952381,19.0,8.666666666666666,1.0,3.0,12.666666666666666,0.6666666666666666,2.3333333333333335,7.0,2.6666666666666665,3.3333333333333335,0.6083033979932119,14.033333333333331,-4.0,0.3333333333333333,0.6666666666666666,20.5,11.4,2.4,3.8,17.6,1.2,2.0,9.4,3.4,3.0,0.640057310122803,21.580000000000005,6.0,0.4,0.8,19.160000000000004,11.0,3.1,2.9,17.0,1.4,1.7,8.5,3.0,3.3,0.6563922513467007,21.57,4.8,0.4,0.7,15.88,7.95,1.95,2.8,12.7,1.2,1.15,6.0,2.05,2.7,0.48474891471626413,16.939999999999998,4.45,0.3,0.8,17.93181818181818,10.0,2.090909090909091,2.3181818181818183,14.409090909090908,0.8181818181818182,1.2727272727272727,7.0,2.3181818181818183,3.409090909090909,0.5621810286823526,17.168181818181814,2.8181818181818183,0.3181818181818182,0.6818181818181818,23.984615384615388,13.0,3.5384615384615383,3.4615384615384617,20.0,1.3846153846153846,2.0,10.076923076923077,3.0,4.538461538461538,0.5897368548515037,24.592307692307696,4.076923076923077,1.0,0.5384615384615384,13.803448275862067,7.241379310344827,1.3448275862068966,2.1379310344827585,10.724137931034482,0.8275862068965517,0.8620689655172413,4.931034482758621,1.8275862068965518,2.413793103448276,0.4964269590437066,13.682758620689654,3.3793103448275863,0.0,0.8275862068965517,15.845161290322581,9.129032258064516,1.8064516129032258,2.5161290322580645,13.451612903225806,1.064516129032258,1.2258064516129032,5.967741935483871,2.096774193548387,3.064516129032258,0.5327914139893978,17.038709677419355,6.548387096774194,0.22580645161290322,1.0,20.081818181818182,8.727272727272727,2.6363636363636362,2.6363636363636362,14.0,0.8181818181818182,1.1818181818181819,8.090909090909092,2.4545454545454546,3.090909090909091,0.5042206446968822,17.11818181818182,-4.7272727272727275,0.5454545454545454,0.0,5.394161682367042,1.9937474855168207,1.7136806907566653,7.783846700322606,6.371246475317452,42,2.4000000000000004,0.3999999999999999,1.2999999999999998,4.0047619047619065,3.5,0.11474871666239728
32.9,49.0,71.7,5.0,26.6,9.3,6.9,7.7,2.7800000000000002,217,0.2,0.1,4,0.1,0.0,96.7,5.6,-16.0,19.5,27.3,3.1,28.7,26.7,0.31,0.46,97.0,0.02,2198,2,0.31,95.9,-0.13,2690,3,1.22,95.9,2.46,0.78,100.0,81.1,1.24,-1.46,100.0,9.7,-3.49,0.33,0.17,-1.37,100.0,1.3,0.61,0.29,3.98,73.5,2.5,100.0,95.8,0.41000000000000003,0.30000000000000004,0.54,-0.46,80.0,32.8,0.25,100.0,76.9,0.31,95.9,2690,3,-0.02,4.7,0.12,6.0,107.4,48.7,-2.8,-0.31,18.640647369680885,6.2528560748104525,32.6,-1.4,-0.02,184,60,40.2,353,142,3.6,2.7,13.3,87.2,8.6,0.9,47,41,3.9,43,204365,45.0,11.3,-5.3,1123,26.1,Erica Wheeler,-0.8,0.02,14.6,36.6,9.9,0.29,0.8,106.6,17.0,5.0,3.7199999999999998,4.1,116,G,5.0,2326,9.0,20.78542586533367,26.141846651971342,15.429005078696001,10.7,0.8968133484707721,6.972304867532018,15.881391219572457,0.0,15.9,0.6279478824640351,64.4,,baseline,16.6,12.4,13.7,385,0.43,31.1,low,prior_heavy,31,12.14,2.81,-1.9500000000000002,0.5,-0.066,0.645,,True,True,65,-42,1.857,False,3.5,3.5,2.6,2.9,82,55.1,32.8,19.5,69.3,1.9,2026-27,0.30000000000000004,47.2,-2.1,-0.9,0.9,1.6,1.4,38,1.35,LAS,52.1,1.8,11.3,3.4,2.8,78,51.5,-4.5,-0.53,17.6,25.547727272727276,8.75,1.8636363636363635,4.931818181818182,15.545454545454545,0.9545454545454546,1.7727272727272727,8.022727272727273,4.181818181818182,1.0681818181818181,0.3940663395474107,19.474999999999998,-0.11363636363636363,0.8181818181818182,0.36363636363636365,19.533333333333335,10.0,2.0,4.0,16.0,0.3333333333333333,0.6666666666666666,8.666666666666666,4.0,0.0,0.4539850485319829,18.73333333333333,3.6666666666666665,0.3333333333333333,0.3333333333333333,17.860000000000003,8.4,1.2,4.0,13.6,0.8,0.6,6.4,3.6,0.0,0.36556652907435067,17.64,8.8,0.2,0.4,17.800000000000004,7.1,1.3,3.6,12.0,0.5,1.2,5.6,3.3,0.2,0.37082082997165244,14.36,2.4,0.4,0.4,25.163636363636364,8.136363636363637,1.5909090909090908,4.7727272727272725,14.5,1.0,1.6818181818181819,7.7727272727272725,4.318181818181818,0.9545454545454546,0.3923268593855955,18.52272727272727,0.0,0.8181818181818182,0.36363636363636365,25.931818181818176,9.363636363636363,2.1363636363636362,5.090909090909091,16.59090909090909,0.9090909090909091,1.8636363636363635,8.272727272727273,4.045454545454546,1.1818181818181819,0.39588865209788376,20.427272727272726,-0.22727272727272727,0.8181818181818182,0.36363636363636365,27.733333333333334,9.63888888888889,2.111111111111111,5.222222222222222,16.97222222222222,0.9444444444444444,1.9722222222222223,8.694444444444445,4.361111111111111,1.3055555555555556,0.39955158943521446,20.86666666666666,-0.16666666666666666,1.0,0.3611111111111111,15.712499999999999,4.75,0.75,3.625,9.125,1.0,0.875,5.0,3.375,0.0,0.36585648298156254,13.212499999999999,0.125,0.0,0.375,26.918750000000003,10.6875,1.9375,5.625,18.25,1.1875,1.75,8.0625,4.625,0.875,0.3718646406763075,23.2625,9.5625,0.8125,1.0,24.76428571428571,7.642857142857143,1.8214285714285714,4.535714285714286,14.0,0.8214285714285714,1.7857142857142858,8.0,3.9285714285714284,1.1785714285714286,0.40722290184139776,17.310714285714287,-5.642857142857143,0.8214285714285714,0.0,5.1585332330304,1.5187343122498662,2.366409578191137,7.095542477104726,6.553731003285453,44,-0.5999999999999996,-0.7,-1.0,-1.9454545454545453,-8.239999999999998,-0.02849981047306005
40.0,34.7,79.9,1.7000000000000002,9.9,3.3,2.5,2.7,1.06,67,0.30000000000000004,0.2,6,0.1,-0.05,96.7,7.1,24.1,14.9,38.5,19.0,2.0,15.3,-4.27,-4.33,95.6,-0.8300000000000001,1641,2,-4.27,95.3,-0.77,2175,3,1.27,95.3,0.49,-1.56,100.0,24.4,-0.48,-1.17,100.0,17.6,-2.07,0.47000000000000003,0.32,-0.55,100.0,31.1,0.62,0.12,-1.92,23.5,-0.96,100.0,14.3,0.05,-0.12,-0.18,0.66,80.0,79.4,0.67,100.0,86.6,-4.27,95.3,2175,3,-0.03,2.0,0.01,4.2,100.6,54.4,2.9,0.61,22.442184491225134,7.681557487090192,39.5,5.5,0.96,147,58,43.8,274,120,2.2,2.5,27.4,84.0,5.4,0.5700000000000001,75,63,7.4,40,1630446,0.0,4.7,-1.3,993,24.8,Michaela Onyenwere,5.9,-0.02,16.4,33.2,8.2,-0.04,5.3,106.5,15.3,5.1,3.7,4.1,102,F,2.1,2011,9.0,23.49075182311017,28.84717260974784,18.1343310364725,10.7,0.955362546938431,8.040463289781059,16.945863336368188,0.697880061193457,16.2,0.9787189879228431,73.7,,baseline,18.0,13.1,14.5,361,-0.06,25.0,low,prior_heavy,61,24.46,2.48,-2.6,-0.12,0.059000000000000004,0.674,,True,True,98,-56,1.9809999999999999,False,4.8,5.1,3.6,4.1,102,59.7,53.7,26.3,77.7,2.5,2026-27,1.3,22.5,3.0,6.2,0.4,0.8,0.6000000000000001,16,0.8,WAS,53.6,1.6,15.2,3.2,2.6,65,58.8,2.8,0.67,16.4,23.650000000000002,8.595238095238095,2.4285714285714284,1.5952380952380953,12.619047619047619,0.5238095238095238,1.5476190476190477,6.523809523809524,3.5,1.7857142857142858,0.3780799873935202,13.926190476190476,2.3333333333333335,0.7142857142857143,0.6428571428571429,22.0,9.666666666666666,1.0,0.6666666666666666,11.333333333333334,0.0,1.6666666666666667,7.666666666666667,5.0,1.0,0.4395913154533844,10.2,4.666666666666667,0.3333333333333333,1.0,21.78,9.4,1.0,1.4,11.8,0.0,1.6,7.2,4.8,2.2,0.4464531674623868,11.099999999999998,5.6,0.6,0.8,22.07,9.4,1.0,1.5,11.9,0.3,1.2,6.7,4.6,1.5,0.3834128179420654,12.55,3.3,0.6,0.8,24.568181818181817,8.727272727272727,2.8636363636363638,1.7727272727272727,13.363636363636363,0.6818181818181818,1.5,7.045454545454546,3.772727272727273,1.4545454545454546,0.3784800957390229,15.368181818181814,3.6363636363636362,0.7727272727272727,0.6818181818181818,22.640000000000004,8.45,1.95,1.4,11.8,0.35,1.6,5.95,3.2,2.15,0.37763776238006985,12.34,0.9,0.65,0.6,26.66666666666667,9.533333333333333,2.933333333333333,1.9666666666666666,14.433333333333334,0.5333333333333333,1.6333333333333333,7.133333333333334,3.8666666666666667,2.2,0.3674051075282054,15.969999999999997,1.4,1.0,0.6333333333333333,16.108333333333334,6.25,1.1666666666666667,0.6666666666666666,8.083333333333334,0.5,1.3333333333333333,5.0,2.5833333333333335,0.75,0.4101046269894648,8.816666666666666,4.666666666666667,0.0,0.6666666666666666,24.14074074074074,9.777777777777779,2.5925925925925926,1.7407407407407407,14.11111111111111,0.5555555555555556,1.4814814814814814,7.074074074074074,3.7037037037037037,1.7407407407407407,0.38924163111249743,15.685185185185183,6.37037037037037,0.7037037037037037,1.0,22.766666666666666,6.466666666666667,2.1333333333333333,1.3333333333333333,9.933333333333334,0.4666666666666667,1.6666666666666667,5.533333333333333,3.1333333333333333,1.8666666666666667,0.35735122048684825,10.76,-4.933333333333334,0.7333333333333333,0.0,6.6150586665153766,2.096953157215012,1.449297959728893,8.159843317937352,7.850842738669338,42,0.40000000000000036,-1.5,-0.30000000000000027,-0.8190476190476179,-3.0199999999999996,0.06837318006886656
20.0,2.2,37.1,1.1,8.6,2.5,1.7000000000000002,2.0,1.22,41,2.9,2.3,48,1.3,0.14,87.7,6.5,1.4,14.9,25.0,1.8,6.8,14.5,-0.56,-0.58,88.1,-0.24,884,2,-0.56,87.7,-0.22,884,2,1.23,87.7,1.71,-1.6800000000000002,100.0,21.0,-0.06,0.67,100.0,95.0,3.34,0.08,0.03,2.05,100.0,95.4,0.24,0.39,-3.87,66.8,-0.92,100.0,15.1,0.61,0.2,0.39,1.47,80.0,95.8,-2.17,87.9,3.8,-0.56,87.7,884,2,0.13,16.2,0.52,17.2,104.0,60.7,9.2,1.6400000000000001,17.507308200013227,5.957784435550784,22.2,-11.8,,9,2,60.3,224,135,9.2,2.4,26.3,81.4,2.8,0.30000000000000004,59,48,17.3,36,1630442,45.1,22.8,-3.8,818,22.7,Natasha Mack,-2.0,0.01,15.9,29.0,9.7,0.6900000000000001,8.7,102.0,40.2,5.4,3.87,4.3,88,C,20.4,1633,8.9,18.936831734976984,24.72005374324349,13.153609726710478,11.6,0.9245109448628951,6.444255169347209,15.352946881844009,0.0,15.4,0.12319957834806101,55.8,,baseline,19.6,14.1,15.6,320,1.58,51.9,medium,,4,1.6600000000000001,3.49,-0.33,1.49,0.092,0.539,,True,True,20,5,1.491,False,12.9,14.8,10.6,11.8,241,78.4,59.3,33.0,59.8,6.7,2026-27,2.1,22.2,-5.4,-12.9,0.9,2.0,1.6,33,3.56,PHX,4.0,0.9,8.4,2.1,1.7000000000000002,34,64.0,8.0,1.52,15.7,18.94651162790698,7.441860465116279,5.604651162790698,0.9534883720930233,14.0,1.8837209302325582,0.7906976744186046,5.209302325581396,0.20930232558139536,1.372093023255814,0.3483533243337886,20.45813953488372,-0.9069767441860465,0.46511627906976744,0.37209302325581395,25.666666666666668,13.333333333333334,6.0,0.3333333333333333,19.666666666666668,4.333333333333333,1.3333333333333333,9.333333333333334,0.3333333333333333,2.0,0.4445667401989241,32.699999999999996,-7.666666666666667,1.0,0.3333333333333333,24.6,11.8,6.2,0.6,18.6,3.8,1.2,8.4,0.2,2.2,0.4286964816048207,30.339999999999996,-1.4,0.8,0.6,22.57,10.4,6.1,0.7,17.2,3.3,0.9,7.4,0.1,1.7,0.39160007217523807,27.77,-2.9,0.6,0.4,18.645454545454545,6.863636363636363,6.0,1.0454545454545454,13.909090909090908,2.227272727272727,0.7272727272727273,5.2272727272727275,0.22727272727272727,1.2727272727272727,0.34651363695397297,21.58636363636364,0.36363636363636365,0.5,0.3181818181818182,19.261904761904763,8.047619047619047,5.190476190476191,0.8571428571428571,14.095238095238095,1.5238095238095237,0.8571428571428571,5.190476190476191,0.19047619047619047,1.4761904761904763,0.35019301171360445,19.276190476190475,-2.238095238095238,0.42857142857142855,0.42857142857142855,26.425,10.75,7.95,1.15,19.85,3.35,1.0,7.35,0.3,1.95,0.3489809933694592,31.064999999999998,0.1,1.0,0.35,12.443478260869565,4.565217391304348,3.5652173913043477,0.782608695652174,8.91304347826087,0.6086956521739131,0.6086956521739131,3.347826086956522,0.13043478260869565,0.8695652173913043,0.3475687380392005,11.234782608695651,-1.7826086956521738,0.0,0.391304347826087,17.75625,8.3125,5.0,1.0,14.3125,1.75,0.75,5.375,0.125,2.0,0.3961175390864211,20.3125,6.125,0.4375,1.0,19.651851851851852,6.925925925925926,5.962962962962963,0.9259259259259259,13.814814814814815,1.962962962962963,0.8148148148148148,5.111111111111111,0.25925925925925924,1.0,0.3213561594736052,20.54444444444444,-5.074074074074074,0.48148148148148145,0.0,5.192954593354141,3.8305758294203094,0.9988919664187207,8.414839499926533,9.798137549876003,43,2.9000000000000004,-0.5,-0.5000000000000001,4.600000000000001,1.9000000000000021,0.08034315727103208
34.6,37.4,82.0,2.1,8.1,3.6,2.6,2.9,1.17,44,0.2,0.1,2,0.1,0.0,75.4,3.9,32.6,9.3,51.5,23.7,2.1,11.9,-4.59,-4.61,85.1,-0.42,1572,2,-4.59,84.8,-0.4,2350,3,1.15,84.8,0.11,-2.69,100.0,7.1,-0.32,-0.91,100.0,28.2,-1.83,0.5700000000000001,-0.32,-0.7000000000000001,97.0,24.4,-0.15,0.1,-3.13,20.6,-0.8,100.0,21.4,0.01,-0.21,-0.22,0.8,80.0,85.3,0.67,100.0,86.1,-4.59,84.8,2350,3,0.06,5.5,0.65,4.3,99.3,55.8,4.3,0.84,0.293236489189082,0.125817225297365,41.2,7.2,1.2,85,35,43.2,139,60,5.2,2.4,24.5,85.3,6.7,0.71,34,29,5.9,21,1630142,33.3,2.2,-5.8,602,28.7,Leonie Fiebich,8.0,-0.06,11.0,36.6,9.6,1.32,3.8,107.3,15.8,4.1,2.99,3.3,50,F,4.4,1211,8.8,22.899627531774346,28.256048318412017,17.543206745136676,10.7,0.012805295142124001,9.825406123087246,18.629937008470222,1.107878537209464,17.5,0.461622408488764,19.5,,baseline,15.2,11.0,12.2,184,3.11,43.7,low,,2,0.8300000000000001,5.28,0.9400000000000001,3.83,-0.722,0.602,,True,True,6,1,1.694,False,4.0,5.3,3.8,4.3,64,62.1,45.4,20.9,45.5,3.0,2026-27,1.2,13.3,2.4,6.2,1.1,2.0,1.6,24,1.55,NYL,61.2,1.8,13.4,3.1,2.5,37,59.8,3.8,0.8300000000000001,14.3,21.532142857142855,6.571428571428571,2.2857142857142856,1.5714285714285714,10.428571428571429,0.9285714285714286,1.3214285714285714,4.964285714285714,3.0357142857142856,1.2142857142857142,0.32048956441025556,13.135714285714284,3.357142857142857,0.7142857142857143,0.6071428571428571,23.966666666666665,2.3333333333333335,2.6666666666666665,2.6666666666666665,7.666666666666667,0.6666666666666666,1.6666666666666667,3.0,3.0,0.6666666666666666,0.22022775954517734,9.866666666666667,5.0,0.6666666666666666,0.3333333333333333,25.839999999999996,4.2,3.4,2.6,10.2,1.2,1.8,4.0,2.8,1.2,0.24866585948274594,13.98,8.0,0.8,0.6,19.509999999999998,4.4,2.8,1.8,9.0,0.8,1.2,3.7,2.5,1.0,0.27131842891835417,11.66,3.4,0.6,0.6,27.26923076923077,8.076923076923077,2.6153846153846154,2.3076923076923075,13.0,1.1538461538461537,1.4615384615384615,5.923076923076923,3.5384615384615383,1.6923076923076923,0.2981072302344985,16.676923076923078,4.0,0.8461538461538461,0.6923076923076923,16.56,5.266666666666667,2.0,0.9333333333333333,8.2,0.7333333333333333,1.2,4.133333333333334,2.6,0.8,0.35033267664459816,10.066666666666666,2.8,0.6,0.5333333333333333,29.330000000000002,9.2,3.1,2.2,14.5,1.25,1.7,6.9,4.2,1.7,0.3242441039804616,18.27,4.95,1.0,0.7,2.0375,0.0,0.25,0.0,0.25,0.125,0.375,0.125,0.125,0.0,0.24539877300613497,0.30000000000000004,-0.625,0.0,0.375,23.741176470588233,7.235294117647059,2.823529411764706,1.8823529411764706,11.941176470588236,1.1176470588235294,1.588235294117647,5.588235294117647,3.3529411764705883,1.2352941176470589,0.32994704001217895,15.211764705882354,8.235294117647058,0.8235294117647058,1.0,18.11818181818182,5.545454545454546,1.4545454545454546,1.0909090909090908,8.090909090909092,0.6363636363636364,0.9090909090909091,4.0,2.5454545454545454,1.1818181818181819,0.30157461320640877,9.927272727272728,-4.181818181818182,0.5454545454545454,0.0,6.425807753971892,2.1405631459993377,1.6426846010152705,8.434622525214577,13.216909863852683,28,-4.6000000000000005,0.3999999999999999,0.5,-0.22857142857142954,-2.860000000000003,-0.07182370492750961
32.8,45.9,79.6,1.4,8.0,2.9,2.1,2.4,0.93,53,1.7000000000000002,1.4,30,0.8,0.05,92.6,5.9,-21.6,18.8,25.0,2.9,2.4,15.4,-3.04,-2.89,95.3,-0.29,1588,2,-3.04,94.4,-0.44,1984,3,1.21,94.4,0.76,-1.19,100.0,34.5,-0.04,0.89,100.0,96.6,1.26,0.58,0.05,-0.23,100.0,39.9,0.05,0.22,-4.29,32.4,-1.02,100.0,12.2,0.1,-0.06,-0.13,-0.96,80.0,18.5,-0.06,100.0,50.4,-3.04,94.4,1984,3,0.1,13.1,0.15,8.3,103.9,48.0,-3.5,-0.43,22.398809514134175,9.641192870786234,32.4,-1.6,-0.05,136,44,40.1,279,112,13.8,1.5,28.7,71.3,-7.3,-0.74,80,57,7.8,37,1629568,26.3,6.8,0.1,883,23.9,Kennedy Burke,-6.5,-0.05,14.8,35.1,8.5,-0.74,3.5,97.4,13.6,3.0,2.24,2.5,55,F,12.3,1808,8.8,24.002694080829556,29.359114867467227,18.646273294191886,10.7,0.93317897727254,10.331558152933477,19.24052724910874,2.992543973934009,16.2,0.9609339375757291,72.3,,baseline,18.0,13.3,14.7,325,-0.21,42.7,low,,25,9.14,1.74,-2.15,-0.14,-0.066,0.548,,True,True,116,45,1.5190000000000001,False,6.0,6.6,4.8,5.4,119,57.0,59.5,30.8,76.3,3.2,2026-27,1.1,22.3,2.7,5.9,1.2,2.5,2.1,46,3.1,CON,48.7,1.5,11.7,3.0,2.5,55,51.7,-4.3,-0.5,18.0,20.985714285714284,7.738095238095238,2.8333333333333335,1.2619047619047619,11.833333333333334,1.8095238095238095,1.3095238095238095,6.642857142857143,3.238095238095238,1.9047619047619047,0.41255966785078224,17.15,-2.5476190476190474,0.6666666666666666,0.2619047619047619,0.0,0.0,0.0,0.0,0.0,0.0,0.0,0.0,0.0,0.0,,0.0,0.0,0.0,0.3333333333333333,4.279999999999999,0.4,0.4,0.6,1.4,0.0,0.0,1.0,0.2,0.4,0.27476635514018694,1.78,-1.0,0.2,0.2,15.65,6.7,1.8,0.8,9.3,1.7,0.8,6.1,2.8,1.2,0.46630480585381234,14.36,-2.0,0.6,0.3,21.740909090909085,8.136363636363637,2.8181818181818183,1.3636363636363635,12.318181818181818,1.8181818181818181,1.1818181818181819,6.681818181818182,3.090909090909091,2.6363636363636362,0.4095032425353359,17.836363636363636,-0.6363636363636364,0.7727272727272727,0.36363636363636365,20.155,7.3,2.85,1.15,11.3,1.8,1.45,6.6,3.4,1.1,0.41615546233954276,16.395000000000003,-4.65,0.55,0.15,25.217857142857138,10.357142857142858,3.2857142857142856,1.5714285714285714,15.214285714285714,2.357142857142857,1.4642857142857142,8.321428571428571,4.071428571428571,2.392857142857143,0.4265679286316879,22.26428571428571,-2.4285714285714284,1.0,0.32142857142857145,12.52142857142857,2.5,1.9285714285714286,0.6428571428571429,5.071428571428571,0.7142857142857143,1.0,3.2857142857142856,1.5714285714285714,0.9285714285714286,0.36897841208796467,6.921428571428572,-2.7857142857142856,0.0,0.14285714285714285,21.900000000000002,11.818181818181818,3.6363636363636362,1.1818181818181819,16.636363636363637,2.090909090909091,1.0909090909090908,7.818181818181818,3.909090909090909,2.5454545454545454,0.4583643836738981,23.13636363636364,5.363636363636363,0.8181818181818182,1.0,20.66129032258064,6.290322580645161,2.5483870967741935,1.2903225806451613,10.129032258064516,1.7096774193548387,1.3870967741935485,6.225806451612903,3.0,1.6774193548387097,0.39559495828666524,15.025806451612901,-5.354838709677419,0.6129032258064516,0.0,5.708613619270715,2.0708978454232985,1.3625572050559716,7.231086909046168,8.99068817541771,42,-8.4,-2.8000000000000003,-0.7999999999999999,-10.433333333333334,-19.619999999999997,-0.1377933127105953
28.6,22.3,53.2,0.6000000000000001,1.6,1.8,1.3,1.6,0.75,7,0.5,0.4,2,0.2,-0.16,52.5,7.2,-56.2,11.2,25.0,4.3,2.4,21.3,-2.84,-3.25,49.0,-1.09,802,2,-2.84,49.7,-0.68,1868,3,0.02,49.7,-0.5700000000000001,0.55,65.1,75.6,-0.5,-0.56,55.8,40.8,-0.38,0.08,0.56,0.33,56.5,76.1,-0.24,-0.17,-2.21,34.0,-0.75,58.6,21.8,-0.4,-0.18,-0.14,-1.44,50.9,6.7,-0.18,56.6,42.9,-2.84,49.7,1868,3,-0.03,6.1,0.12,6.1,108.0,36.7,-14.8,-2.27,10.327238457147594,4.98008144198399,28.0,-6.0,-0.67,25,7,33.0,94,31,4.1,2.0,40.4,73.7,-4.9,-0.49,38,28,4.1,11,1630096,33.3,12.8,-3.6,178,16.2,DiJonai Carrington,-1.1,-0.13,13.1,40.0,11.5,-0.6900000000000001,0.6000000000000001,106.9,34.0,5.7,4.45,4.9,22,,5.3,384,8.8,12.639926654540297,18.423148662806803,6.856704646273791,11.6,0.8170330999063211,6.095323974701873,13.746027039915361,0.60721848232825,13.1,0.0,50.9,,baseline,25.3,19.6,21.8,97,-0.42,27.8,low,"low_sample,prior_heavy",25,9.83,1.82,-2.67,-0.53,0.109,0.617,,True,True,145,-26,1.75,True,3.8,8.9,6.9,7.6,34,48.0,67.0,26.6,47.0,3.1,2026-27,1.6,38.7,-3.4,-6.8,0.6000000000000001,1.8,1.6,7,1.82,CHI,26.6,0.8,2.8,2.3,2.0,9,43.8,-12.2,-1.8,28.9,4.938888888888889,2.6944444444444446,0.9444444444444444,0.19444444444444445,3.8333333333333335,0.25,0.25,2.611111111111111,0.6944444444444444,1.0555555555555556,0.7111512734738857,4.6194444444444445,-0.75,0.1111111111111111,0.3888888888888889,0.0,0.0,0.0,0.0,0.0,0.0,0.0,0.0,0.0,0.0,,0.0,0.0,0.0,0.3333333333333333,0.0,0.0,0.0,0.0,0.0,0.0,0.0,0.0,0.0,0.0,,0.0,0.0,0.0,0.2,5.48,1.9,1.4,0.3,3.6,0.1,0.3,3.4,1.1,0.3,0.7711499487478405,4.03,-1.2,0.2,0.4,5.166666666666667,2.857142857142857,0.8095238095238095,0.19047619047619047,3.857142857142857,0.14285714285714285,0.09523809523809523,2.380952380952381,0.7142857142857143,1.1904761904761905,0.6241329020965899,4.447619047619047,0.14285714285714285,0.09523809523809523,0.5238095238095238,4.62,2.466666666666667,1.1333333333333333,0.2,3.8,0.4,0.4666666666666667,2.933333333333333,0.6666666666666666,0.8666666666666667,0.8634334233841532,4.86,-2.0,0.13333333333333333,0.2,22.075000000000003,10.0,3.75,1.0,14.75,1.75,1.5,12.0,2.75,3.5,0.6598219723440828,19.75,-5.0,1.0,0.25,2.796875,1.78125,0.59375,0.09375,2.46875,0.0625,0.09375,1.4375,0.4375,0.75,0.7404823026909159,2.728125,-0.21875,0.0,0.40625,5.757142857142857,2.642857142857143,1.3571428571428572,0.2857142857142857,4.285714285714286,0.14285714285714285,0.14285714285714285,2.7857142857142856,0.7857142857142857,0.7857142857142857,0.5886867238323803,4.985714285714286,0.42857142857142855,0.07142857142857142,1.0,4.418181818181818,2.727272727272727,0.6818181818181818,0.13636363636363635,3.5454545454545454,0.3181818181818182,0.3181818181818182,2.5,0.6363636363636364,1.2272727272727273,0.8132050648418069,4.386363636363637,-1.5,0.13636363636363635,0.0,5.579654082695421,1.7879668332565337,0.46717659215115676,7.27618424332817,8.525366444668114,36,-8.8,-3.1,-0.6000000000000001,-3.8333333333333335,-16.2,
33.1,48.1,56.9,1.7000000000000002,18.7,4.8,3.2,3.6,1.21,64,0.5,0.30000000000000004,6,0.2,0.0,83.0,2.0,-7.8,18.1,16.7,2.0,13.6,24.3,-1.5,-1.42,86.7,-0.1,1067,2,-1.5,86.9,-0.18,1511,3,1.21,86.9,0.99,0.54,100.0,75.2,-0.05,-0.76,100.0,32.4,-1.73,0.43,-0.06,-0.74,100.0,22.7,0.12,0.30000000000000004,0.16,52.3,-0.14,100.0,47.5,0.08,0.08,0.05,-0.9500000000000001,80.0,18.9,0.78,100.0,87.0,-1.5,86.9,1511,3,0.03,8.2,0.33,10.4,94.1,47.5,-4.0,-0.51,18.050276852724725,6.455468688253818,32.4,-1.6,-0.05,148,48,39.3,295,116,5.3,1.9,15.6,82.6,4.0,0.43,46,38,6.1,37,1628508,46.3,22.7,0.5,704,19.0,Cecilia Zandalasini,6.4,-0.03,9.5,27.6,9.1,0.26,1.2,100.5,20.3,5.4,3.68,4.1,72,F,10.6,1330,8.6,19.490916792893316,25.274138801159822,13.70769478462681,11.6,0.9260865994413421,6.970696576484372,15.8800397633549,0.0,15.9,0.5710552822360131,64.3,,baseline,23.9,16.3,18.1,318,0.79,40.5,low,"volatile_rank,collinear_lineup",91,40.49,2.51,-0.93,1.0,-0.20700000000000002,0.486,,True,True,48,13,1.34,False,5.5,5.9,4.0,4.5,79,50.0,22.4,6.8,58.8,2.1,2026-27,0.9,34.5,-9.2,-11.7,0.9,2.4,1.8,32,1.94,GSV,50.2,1.4,12.4,3.8,2.8,50,50.4,-5.6,-0.71,24.1,18.505263157894735,8.368421052631579,2.0789473684210527,1.6842105263157894,12.131578947368421,1.0,1.3157894736842106,7.7631578947368425,3.8947368421052633,1.2105263157894737,0.5245860783065293,15.073684210526318,2.789473684210526,0.3157894736842105,0.7105263157894737,21.46666666666667,9.666666666666666,2.6666666666666665,1.0,13.333333333333334,0.6666666666666666,1.0,8.333333333333334,4.666666666666667,1.6666666666666667,0.438225365973046,15.366666666666667,5.666666666666667,0.3333333333333333,0.6666666666666666,21.02,10.8,2.2,1.4,14.4,1.2,0.8,9.6,4.8,2.0,0.532726987138307,18.34,7.8,0.4,0.8,21.529999999999998,10.0,3.2,1.8,15.0,1.2,0.8,9.6,4.8,1.6,0.5282500189984206,19.34,4.9,0.5,0.7,19.52777777777778,8.11111111111111,2.0,2.2777777777777777,12.38888888888889,0.8888888888888888,1.5555555555555556,7.444444444444445,3.888888888888889,1.5,0.49561473582144466,15.038888888888888,1.8888888888888888,0.3333333333333333,0.7777777777777778,17.584999999999997,8.6,2.15,1.15,11.9,1.1,1.1,8.05,3.9,0.95,0.5520326132923984,15.104999999999999,3.6,0.3,0.65,25.85833333333333,13.666666666666666,3.1666666666666665,1.75,18.583333333333332,1.5,1.5,11.333333333333334,6.25,2.25,0.5297706045583144,23.091666666666665,6.083333333333333,1.0,0.6666666666666666,15.11153846153846,5.923076923076923,1.5769230769230769,1.6538461538461537,9.153846153846153,0.7692307692307693,1.2307692307692308,6.115384615384615,2.8076923076923075,0.7307692307692307,0.5220975057056719,11.373076923076923,1.2692307692307692,0.0,0.7307692307692307,18.196296296296293,7.703703703703703,1.9259259259259258,1.7777777777777777,11.407407407407407,1.1111111111111112,1.2962962962962963,7.222222222222222,3.5185185185185186,1.0,0.5068200653757374,14.718518518518515,4.555555555555555,0.2962962962962963,1.0,19.263636363636365,10.0,2.4545454545454546,1.4545454545454546,13.909090909090908,0.7272727272727273,1.3636363636363635,9.090909090909092,4.818181818181818,1.7272727272727273,0.5725543132196667,15.945454545454544,-1.5454545454545454,0.36363636363636365,0.0,5.479302839021308,1.5662242245219469,1.2756612097451125,6.755062376456273,6.640821642766686,38,2.200000000000001,0.10000000000000009,-0.30000000000000027,2.268421052631579,2.0199999999999996,0.00814090883177776
27.7,44.4,63.4,2.8,15.2,5.1,3.7,4.2,2.0,119,0.7000000000000001,0.6000000000000001,16,0.4,0.06,99.9,5.2,-23.9,4.3,31.8,6.6,14.3,16.6,-3.85,-3.81,96.7,-0.1,2019,2,-3.85,96.9,-0.14,3128,3,1.29,96.9,1.2,-1.13,100.0,36.6,0.16,-0.6900000000000001,100.0,35.7,-1.8900000000000001,0.19,-0.58,-0.87,100.0,17.2,0.42,0.02,-2.58,28.2,0.37,100.0,79.8,0.11,-0.09,0.0,-0.93,80.0,20.2,-0.26,100.0,38.2,-3.85,96.9,3128,3,0.07,10.3,0.41000000000000003,8.5,105.8,45.3,-6.2,-0.87,23.19090086388482,6.979691844930293,28.2,-5.8,-0.64,170,48,38.1,333,127,6.4,3.1,17.7,93.2,14.6,1.52,59,55,6.8,42,1628878,43.1,19.5,-3.0,1130,26.9,Ariel Atkins,-3.1,-0.01,15.0,37.8,9.9,-0.12,2.5,102.7,17.1,5.6,4.17,4.6,131,G,9.7,2333,8.5,23.905419998175773,29.261840784813444,18.548999211538103,10.7,0.970110580180332,7.194738401505576,16.103186542638774,0.0,16.1,0.990957246356685,74.7,,baseline,15.3,11.4,12.6,357,0.65,50.5,medium,,28,11.58,2.32,-1.02,0.85,-0.209,0.47200000000000003,,True,True,57,3,1.303,False,5.5,5.1,3.9,4.2,120,73.2,30.0,12.3,80.6,2.9,2026-27,0.9,19.7,-5.9,-6.8,1.6,2.9,2.4,68,2.68,LAS,51.1,1.4,11.1,2.5,2.1,59,49.7,-6.3,-0.8300000000000001,16.4,26.85238095238095,8.5,2.857142857142857,2.8333333333333335,14.19047619047619,2.0,1.4047619047619047,7.928571428571429,4.0476190476190474,1.4047619047619047,0.37579766353819294,20.773809523809526,-1.6666666666666667,0.8095238095238095,0.35714285714285715,23.900000000000002,10.0,2.6666666666666665,2.3333333333333335,15.0,1.3333333333333333,0.3333333333333333,8.0,3.0,1.0,0.37400010864027666,20.366666666666664,3.6666666666666665,1.0,0.3333333333333333,22.279999999999998,7.6,2.6,2.0,12.2,1.6,0.4,6.2,2.2,1.0,0.3145443608345345,18.12,2.2,0.8,0.4,23.800000000000004,7.6,2.6,2.5,12.7,1.9,0.5,6.2,2.9,1.5,0.319347618619946,19.669999999999998,0.4,0.8,0.4,26.905,9.2,3.4,2.95,15.55,1.85,1.45,8.25,4.1,1.5,0.3972180482002682,21.805,0.2,0.8,0.35,26.80454545454545,7.863636363636363,2.3636363636363638,2.727272727272727,12.954545454545455,2.1363636363636362,1.3636363636363635,7.636363636363637,4.0,1.3181818181818181,0.3563245865726701,19.836363636363632,-3.3636363636363638,0.8181818181818182,0.36363636363636365,28.691176470588232,9.205882352941176,3.1176470588235294,3.0,15.323529411764707,2.0588235294117645,1.4411764705882353,8.205882352941176,4.264705882352941,1.5588235294117647,0.360318370325181,22.182352941176468,-1.3529411764705883,1.0,0.3235294117647059,19.0375,5.5,1.75,2.125,9.375,1.75,1.25,6.75,3.125,0.75,0.4415846596934938,14.7875,-3.0,0.0,0.5,26.073333333333334,9.0,3.0,3.2,15.2,1.8666666666666667,1.2666666666666666,7.666666666666667,3.6,0.9333333333333333,0.36434364547636267,21.733333333333334,7.2,0.7333333333333333,1.0,27.28518518518518,8.222222222222221,2.7777777777777777,2.6296296296296298,13.62962962962963,2.074074074074074,1.4814814814814814,8.074074074074074,4.296296296296297,1.6666666666666667,0.38216100690587645,20.240740740740744,-6.592592592592593,0.8518518518518519,0.0,4.2152452696049405,1.7470732120785233,1.5288552495196333,5.566616940113256,5.58321692807738,42,-0.9000000000000004,-0.2999999999999998,-0.7999999999999998,-1.9904761904761905,-4.620000000000001,-0.06125330270365842
37.5,36.4,54.5,1.6,12.3,5.2,3.7,4.2,2.0,13,0.8,0.6000000000000001,2,0.30000000000000004,0.07,18.1,3.4,-42.7,0.0,50.0,4.5,16.5,23.1,1.26,1.26,37.7,0.2,125,1,1.26,37.7,0.2,125,1,-0.27,37.7,0.64,0.39,46.5,71.0,0.14,0.09,37.7,80.7,0.06,0.43,0.0,-0.23,36.9,40.3,0.19,0.39,1.46,80.3,0.19,40.3,76.9,0.23,0.25,0.45,0.5,36.3,76.1,0.02,38.7,66.8,1.26,37.7,125,1,0.01,3.8,-0.13,5.2,108.8,55.7,4.2,,,,38.9,4.9,,18,7,47.7,44,21,2.6,2.4,47.7,90.5,11.9,1.25,21,19,3.3,8,1643470,0.0,4.5,,125,15.6,Shay Ciezki,-3.8,0.07,16.1,32.8,9.2,-0.36,0.8,105.0,40.9,7.5,5.47,6.1,19,,2.6,252,8.5,,,,,,,,,,,,,,27.0,19.6,21.8,68,-0.51,54.7,medium,low_sample,65,26.25,-0.03,-0.98,-0.58,0.074,0.067,,True,True,159,-13,0.37,False,2.9,4.8,3.5,3.8,12,50.0,61.3,13.6,42.8,1.5,2026-27,0.9,47.6,-6.1,-9.2,0.4,1.2,1.0,3,1.44,PHX,40.9,0.8,4.7,2.4,1.9,6,63.9,7.9,,20.7,11.372727272727273,6.181818181818182,1.0909090909090908,1.1818181818181819,8.454545454545455,0.45454545454545453,0.5454545454545454,4.0,1.6363636363636365,1.9090909090909092,0.4508937520500091,10.081818181818182,-0.6363636363636364,0.2727272727272727,0.45454545454545453,18.266666666666666,7.0,1.0,1.0,9.0,0.0,1.0,5.666666666666667,2.0,2.6666666666666665,0.4114463174284048,8.700000000000001,-5.333333333333333,0.3333333333333333,0.3333333333333333,20.46,11.6,2.0,2.2,15.8,1.0,1.0,7.4,3.0,3.8,0.47468327219891826,19.3,-1.4,0.6,0.6,12.34,6.5,1.2,1.3,9.0,0.5,0.6,4.3,1.7,2.1,0.43127353175463223,10.790000000000001,-1.3,0.3,0.5,14.74,7.8,1.2,1.6,10.6,0.6,0.4,5.6,2.0,2.0,0.4505235383424946,13.040000000000001,-4.0,0.4,0.4,8.566666666666666,4.833333333333333,1.0,0.8333333333333334,6.666666666666667,0.3333333333333333,0.6666666666666666,2.6666666666666665,1.3333333333333333,1.8333333333333333,0.45126396575752364,7.616666666666667,2.1666666666666665,0.16666666666666666,0.5,22.166666666666668,16.666666666666668,2.3333333333333335,3.0,22.0,1.6666666666666667,0.6666666666666666,9.666666666666666,4.0,5.0,0.5684643993943537,28.3,-1.0,1.0,0.6666666666666666,7.324999999999999,2.25,0.625,0.5,3.375,0.0,0.5,1.875,0.75,0.75,0.38035136364340244,3.2499999999999996,-0.5,0.0,0.375,14.079999999999998,8.2,1.6,2.0,11.8,1.0,0.4,4.6,2.0,2.6,0.36450275343392424,15.719999999999999,3.6,0.4,1.0,9.116666666666667,4.5,0.6666666666666666,0.5,5.666666666666667,0.0,0.6666666666666666,3.5,1.3333333333333333,1.3333333333333333,0.537284750666094,5.383333333333333,-4.166666666666667,0.16666666666666666,0.0,7.400245696166876,1.6403990645294488,1.5374122295716148,9.729991123979882,9.881911850354758,11,3.0999999999999996,0.5,0.6000000000000001,7.345454545454546,4.860000000000001,0.02378952014890917
31.8,45.7,73.7,2.5,12.1,4.7,3.4,3.8,1.56,89,0.30000000000000004,0.30000000000000004,6,0.2,-0.12,93.4,2.5,1.5,13.9,45.8,8.3,9.9,15.1,-5.36,-5.36,91.2,-0.89,925,1,-5.36,91.2,-0.89,925,1,1.05,91.2,0.13,-1.29,100.0,31.9,-0.05,-1.43,100.0,11.3,-2.3,0.21,0.0,-0.32,100.0,37.0,-0.41000000000000003,-0.16,-3.11,15.1,-0.07,100.0,51.7,-0.19,-0.22,-0.12,-1.28,80.0,9.2,0.44,100.0,82.8,-5.36,91.2,925,1,-0.12,5.1,-0.43,11.8,114.5,45.2,-6.3,-0.88,8.927797811038571,3.632185978171503,34.0,0.0,0.18,156,53,36.0,289,104,3.6,1.9,14.5,88.1,9.5,1.0,42,37,8.8,35,1629576,30.6,12.5,-1.0,925,26.4,Maria Conde,-9.4,0.0,15.1,40.6,12.6,0.23,2.9,105.1,13.8,3.5,2.61,2.9,67,F,11.1,1909,8.5,25.375336150479416,30.731756937117087,20.018915363841746,10.7,0.35182973569671905,10.323703796607136,19.153343641772118,1.631285170511352,17.5,0.609038230183607,37.7,,baseline,15.6,11.6,12.9,298,-0.35000000000000003,56.9,medium,volatile_rank,112,50.22,0.47000000000000003,-1.16,-0.47000000000000003,0.124,0.17500000000000002,,True,True,136,-10,0.635,False,7.3,8.3,6.1,6.8,158,35.1,34.2,19.7,54.4,4.5,2026-27,0.7000000000000001,15.4,-1.4,0.30000000000000004,0.5,0.9,0.8,18,0.93,TOR,54.0,1.6,10.6,2.9,2.4,56,48.5,-7.5,-1.03,17.2,22.00714285714286,7.095238095238095,3.761904761904762,2.119047619047619,12.976190476190476,0.5714285714285714,1.3333333333333333,6.880952380952381,3.7142857142857144,1.0,0.39314061078693313,15.16904761904762,-4.571428571428571,0.6190476190476191,0.2619047619047619,12.066666666666668,1.6666666666666667,1.6666666666666667,1.0,4.333333333333333,1.3333333333333333,1.0,4.333333333333333,2.0,0.3333333333333333,0.44232022453785846,8.166666666666666,-10.666666666666666,0.3333333333333333,0.0,11.2,1.8,1.8,1.4,5.0,0.8,1.4,3.6,1.8,0.2,0.44639530120705717,7.0600000000000005,-5.8,0.4,0.0,5.6,0.9,0.9,0.7,2.5,0.4,0.7,1.8,0.9,0.1,0.44639530120705717,3.5300000000000002,-2.9,0.2,0.1,22.322727272727274,6.954545454545454,3.8181818181818183,2.227272727272727,13.0,0.6818181818181818,1.2727272727272727,6.818181818181818,3.6363636363636362,1.3181818181818181,0.388762730028286,15.649999999999999,-3.590909090909091,0.6818181818181818,0.3181818181818182,21.66,7.25,3.7,2.0,12.95,0.45,1.4,6.95,3.8,0.65,0.3977760139431479,14.640000000000004,-5.65,0.55,0.2,28.65384615384615,8.73076923076923,4.538461538461538,2.9615384615384617,16.23076923076923,0.6923076923076923,1.7692307692307692,8.961538461538462,4.884615384615385,1.0,0.3914595664908364,18.926923076923075,-7.615384615384615,1.0,0.23076923076923078,11.20625,4.4375,2.5,0.75,7.6875,0.375,0.625,3.5,1.8125,1.0,0.3979969609756572,9.0625,0.375,0.0,0.3125,23.563636363636366,9.090909090909092,4.090909090909091,1.4545454545454546,14.636363636363637,0.8181818181818182,1.0,7.636363636363637,4.636363636363637,1.1818181818181819,0.3850025439045129,17.636363636363637,5.818181818181818,0.5454545454545454,1.0,21.454838709677414,6.387096774193548,3.6451612903225805,2.3548387096774195,12.387096774193548,0.4838709677419355,1.4516129032258065,6.612903225806452,3.3870967741935485,0.9354838709677419,0.3963958375399013,14.293548387096775,-8.258064516129032,0.6451612903225806,0.0,5.954336496425081,2.7568940088574925,2.062468104142207,8.97554426704382,11.335103964301918,42,-6.7,-2.7,-1.1,-7.976190476190476,-15.2,0.05325469042012404
0.0,6.3,87.5,0.0,0.0,0.0,0.0,0.0,0.0,0,1.8,1.5,2,0.7000000000000001,-0.27,14.1,9.8,-14.2,0.0,,0.0,-1.3,16.8,-0.53,-0.53,31.1,-0.02,52,1,-0.53,31.1,-0.02,52,1,-0.55,31.1,-0.65,-0.5,18.4,54.2,-0.47000000000000003,-0.01,16.1,65.1,-0.12,-0.34,0.0,0.04,15.8,68.1,-0.18,-0.1,-0.56,67.2,-0.08,16.2,50.4,0.04,-0.07,-0.08,0.24,14.4,68.1,-0.06,13.4,50.0,-0.53,31.1,52,1,0.07,3.8,-0.05,1.8,106.2,62.5,11.0,,,,0.0,-34.0,,1,0,62.5,16,10,2.5,4.0,50.0,62.5,-16.1,,8,5,1.7000000000000002,3,1643488,50.0,12.5,,52,17.3,Emma Cechova,-6.9,-0.34,15.2,34.6,6.9,-0.29,0.8,99.3,0.0,10.6,8.31,9.2,12,,-2.4,113,8.3,,,,,,,,,,,,,,22.1,17.3,19.2,25,-0.34,35.4,low,low_sample,11,3.94,-0.25,-0.43,-0.31,-0.029,0.003,,True,True,134,-12,0.07100000000000001,False,1.3,9.7,7.7,8.5,11,69.2,131.3,81.3,44.8,3.7,2026-27,1.7000000000000002,40.0,17.4,22.5,0.30000000000000004,0.9,0.8,1,2.08,MIN,6.3,1.3,1.6,3.5,3.1,4,64.0,8.0,,19.6,2.072,1.0,0.44,0.0,1.44,0.12,0.16,0.64,0.04,0.32,0.42445115272340406,1.7279999999999998,-0.4,0.04,0.84,0.0,0.0,0.0,0.0,0.0,0.0,0.0,0.0,0.0,0.0,,0.0,0.0,0.0,1.0,0.0,0.0,0.0,0.0,0.0,0.0,0.0,0.0,0.0,0.0,,0.0,0.0,0.0,1.0,0.0,0.0,0.0,0.0,0.0,0.0,0.0,0.0,0.0,0.0,,0.0,0.0,0.0,0.9,1.2733333333333334,0.8,0.2,0.0,1.0,0.06666666666666667,0.13333333333333333,0.3333333333333333,0.0,0.26666666666666666,0.4586387434554973,1.1066666666666667,0.06666666666666667,0.0,0.7333333333333333,3.2700000000000005,1.3,0.8,0.0,2.1,0.2,0.2,1.1,0.1,0.4,0.40735735735735734,2.66,-1.1,0.1,1.0,21.6,11.0,6.0,0.0,17.0,2.0,2.0,8.0,1.0,4.0,0.5444444444444444,22.2,-3.0,1.0,1.0,1.2583333333333335,0.5833333333333334,0.20833333333333334,0.0,0.7916666666666666,0.041666666666666664,0.08333333333333333,0.3333333333333333,0.0,0.16666666666666666,0.36445450686288383,0.875,-0.2916666666666667,0.0,0.8333333333333334,1.5571428571428574,0.6190476190476191,0.38095238095238093,0.0,1.0,0.09523809523809523,0.09523809523809523,0.5238095238095238,0.047619047619047616,0.19047619047619047,0.40735735735735734,1.2666666666666668,-0.5238095238095238,0.047619047619047616,1.0,4.775,3.0,0.75,0.0,3.75,0.25,0.5,1.25,0.0,1.0,0.4586387434554973,4.15,0.25,0.0,0.0,3.188521078284832,1.3564659966250538,0.0,4.463556130859489,5.941557034986705,25,-8.3,-3.7,0.0,-1.44,-17.3,
36.8,71.0,87.6,2.4,17.9,5.8,4.3,4.7,1.5,98,0.30000000000000004,0.2,5,0.1,-0.01,90.4,4.2,13.5,16.7,46.2,9.2,12.1,22.2,0.4,0.33,93.5,-0.06,1572,2,0.4,91.1,0.01,1572,2,1.16,91.1,1.26,-0.39,100.0,57.1,0.43,-1.08,100.0,22.7,-2.48,0.46,0.08,-1.01,100.0,13.0,-0.15,0.21,2.9699999999999998,76.3,0.32,100.0,79.4,0.24,-0.02,0.15,0.71,80.0,82.4,2.17,100.0,99.6,0.4,91.1,1572,2,0.0,6.6,0.23,8.0,102.0,55.8,4.3,0.84,12.698762394603497,5.14602294535778,37.9,3.9,0.73,227,86,40.6,283,115,5.6,1.6,9.2,84.6,6.0,0.64,26,22,6.0,41,1629546,21.4,4.9,-7.0,828,20.2,Marine Johannes,5.0,-0.01,14.0,34.3,10.3,-0.51,1.6,107.0,7.4,3.8,2.7800000000000002,3.1,64,G,8.4,1684,8.2,13.215836191770537,18.99905820003704,7.4326141835040325,11.6,0.960874681733039,5.355560972921445,13.011149121269789,0.0,13.0,0.13930184718643002,60.3,,baseline,20.1,14.6,16.3,338,-0.32,48.3,low,,78,29.37,1.16,-1.8,-0.17,-0.147,0.41200000000000003,,True,True,128,37,1.153,False,5.2,4.9,3.6,4.0,82,85.7,16.6,7.4,55.6,2.0,2026-27,0.9,35.6,-1.7000000000000002,3.5,0.8,1.8,1.5,31,1.57,NYL,80.2,1.6,14.8,3.9,3.1,65,57.4,1.4,0.44,19.5,20.121951219512198,8.24390243902439,2.0,2.3902439024390243,12.634146341463415,0.8780487804878049,1.5853658536585367,6.902439024390244,5.536585365853658,0.6341463414634146,0.4388418331517955,15.278048780487804,2.317073170731707,0.4878048780487805,0.5609756097560976,15.233333333333334,3.0,1.6666666666666667,2.6666666666666665,7.333333333333333,0.3333333333333333,0.6666666666666666,6.0,5.333333333333333,0.0,0.4414135621032173,9.333333333333334,0.3333333333333333,0.0,0.3333333333333333,11.98,4.4,1.2,1.6,7.2,0.2,1.0,5.6,5.2,0.4,0.6396411946718102,7.839999999999999,-0.2,0.0,0.6,15.919999999999998,5.8,1.4,2.2,9.4,0.5,1.1,5.3,4.4,0.4,0.4710161262651802,11.180000000000001,1.8,0.3,0.6,19.495238095238097,7.238095238095238,2.2857142857142856,2.4761904761904763,12.0,0.8095238095238095,1.619047619047619,6.142857142857143,4.857142857142857,0.42857142857142855,0.41084989654452836,14.504761904761901,2.1904761904761907,0.5238095238095238,0.6190476190476191,20.779999999999998,9.3,1.7,2.3,13.3,0.95,1.55,7.7,6.25,0.85,0.46823336658942594,16.09,2.45,0.45,0.5,25.764999999999997,11.8,2.6,3.05,17.45,1.3,1.85,8.75,6.75,1.05,0.42644550605623194,21.544999999999995,4.2,1.0,0.6,14.74761904761905,4.857142857142857,1.4285714285714286,1.7619047619047619,8.047619047619047,0.47619047619047616,1.3333333333333333,5.142857142857143,4.380952380952381,0.23809523809523808,0.450647858957094,9.309523809523808,0.5238095238095238,0.0,0.5238095238095238,20.091304347826085,9.956521739130435,2.130434782608696,2.4782608695652173,14.565217391304348,0.9565217391304348,1.565217391304348,6.869565217391305,5.565217391304348,0.782608695652174,0.45194232198655077,17.53478260869565,7.130434782608695,0.5217391304347826,1.0,20.16111111111111,6.055555555555555,1.8333333333333333,2.2777777777777777,10.166666666666666,0.7777777777777778,1.6111111111111112,6.944444444444445,5.5,0.4444444444444444,0.42210231964071926,12.394444444444444,-3.8333333333333335,0.4444444444444444,0.0,7.244930944477241,1.3228756555322956,2.1080565549871735,8.08008693505514,7.05466201157511,41,-3.799999999999999,-0.8,-0.7999999999999998,-5.434146341463415,-8.219999999999999,0.20079936152001476
16.7,11.5,82.7,2.0,4.7,5.5,4.3,4.7,2.0,18,1.8,1.6,6,0.7000000000000001,0.26,48.3,3.0,46.9,7.8,,0.0,10.9,14.4,0.39,1.02,46.8,0.47000000000000003,1187,2,0.39,46.6,-0.16,2047,3,-0.18,46.6,0.21,-0.39,54.5,57.6,0.5,-0.06,47.7,63.0,1.4,0.09,0.15,1.26,55.4,86.6,0.03,0.17,-0.77,75.6,0.24,49.0,77.7,0.06,0.12,0.17,0.13,42.6,60.5,-0.68,41.9,24.4,0.39,46.6,2047,3,0.01,7.0,-0.14,6.6,109.6,52.9,1.4,0.37,3.215864594495983,1.32286888121974,16.7,-17.3,,6,1,51.9,52,27,4.1,2.4,40.4,90.5,11.9,1.25,21,19,6.6,9,1628280,0.0,1.9,0.7000000000000001,152,16.9,Brionna Jones,1.5,0.24,18.0,43.6,8.1,1.2,3.8,111.1,15.4,6.7,5.21,5.8,22,,5.6,326,8.2,17.55389474975456,23.337116758021065,11.770672741488053,11.6,0.18319949164221502,7.220920043835475,14.86772899333688,1.72892043574977,13.1,0.014010904639381,22.7,,baseline,22.7,17.5,19.5,74,0.8300000000000001,46.5,low,"low_sample,collinear_lineup",17,6.83,2.51,-0.85,1.1,-0.267,0.47600000000000003,,True,True,45,34,1.313,False,4.7,15.3,11.9,13.2,50,64.9,111.6,71.2,29.0,5.6,2026-27,2.0,22.2,14.5,18.4,0.30000000000000004,0.9,0.8,3,2.13,ATL,11.5,1.0,2.2,2.8,2.4,9,60.4,4.4,0.93,18.4,4.765625,2.3125,1.5625,0.5625,4.4375,0.28125,0.28125,1.625,0.1875,0.65625,0.437898054327855,5.59375,0.5,0.03125,0.71875,0.0,0.0,0.0,0.0,0.0,0.0,0.0,0.0,0.0,0.0,,0.0,0.0,0.0,1.0,0.0,0.0,0.0,0.0,0.0,0.0,0.0,0.0,0.0,0.0,,0.0,0.0,0.0,0.8,8.379999999999999,3.7,2.2,1.2,7.1,0.5,0.7,2.7,0.3,0.7,0.41049963790296423,8.940000000000001,-1.1,0.1,0.7,5.276470588235294,3.1176470588235294,1.7058823529411764,0.5294117647058824,5.352941176470588,0.17647058823529413,0.23529411764705882,1.7058823529411764,0.17647058823529413,1.0,0.45828467491307256,6.252941176470589,-1.0588235294117647,0.0,0.7647058823529411,4.1866666666666665,1.4,1.4,0.6,3.4,0.4,0.3333333333333333,1.5333333333333334,0.2,0.26666666666666666,0.4124147785963331,4.846666666666667,2.2666666666666666,0.06666666666666667,0.6666666666666666,21.5,4.0,7.0,3.0,14.0,1.0,3.0,8.0,1.0,0.0,0.5116279069767442,16.9,-7.0,1.0,0.0,4.225806451612902,2.2580645161290325,1.3870967741935485,0.4838709677419355,4.129032258064516,0.25806451612903225,0.1935483870967742,1.4193548387096775,0.16129032258064516,0.6774193548387096,0.4286818227467438,5.229032258064516,0.7419354838709677,0.0,0.7419354838709677,4.9391304347826095,2.652173913043478,1.565217391304348,0.6521739130434783,4.869565217391305,0.34782608695652173,0.21739130434782608,1.565217391304348,0.17391304347826086,0.8695652173913043,0.41241797804882385,6.334782608695652,1.565217391304348,0.0,1.0,4.322222222222222,1.4444444444444444,1.5555555555555556,0.3333333333333333,3.3333333333333335,0.1111111111111111,0.4444444444444444,1.7777777777777777,0.2222222222222222,0.1111111111111111,0.5270783213044641,3.6999999999999997,-2.2222222222222223,0.1111111111111111,0.0,4.475290583465124,2.8729831635539598,1.3663584756098848,7.733202399707299,8.17417686000919,32,-8.2,-5.6,-2.0,-4.4375,-16.9,
31.0,52.0,78.6,1.4,7.6,2.6,1.9,2.1,1.56,57,0.2,0.2,5,0.1,-0.02,99.1,4.4,-8.2,2.2,40.7,19.4,7.0,13.1,-5.39,-5.58,97.0,-0.56,2250,2,-5.39,97.1,-0.37,3430,3,1.26,97.1,0.27,-2.06,100.0,16.0,0.09,-0.85,100.0,29.4,-2.41,0.41000000000000003,-0.37,-1.21,100.0,7.1,0.12,0.02,-3.41,14.7,-0.72,100.0,22.7,-0.09,-0.17,-0.07,-0.55,80.0,31.1,1.12,100.0,93.3,-5.39,97.1,3430,3,0.04,6.4,0.03,6.7,104.2,48.5,-3.0,-0.35000000000000003,21.779474038780585,6.274246190671055,33.6,-0.4,0.12,217,73,36.5,304,111,5.4,2.2,17.8,79.6,1.0,0.12,54,43,5.4,42,204319,31.3,10.5,-4.2,1091,26.0,Jewell Loyd,9.0,-0.06,11.7,33.5,10.6,0.14,1.8,113.2,10.9,4.2,3.0,3.3,91,G,6.9,2182,8.0,21.779474038780585,27.135894825418255,16.423053252142914,10.7,1.0,6.274246190671055,13.924419872061442,0.7856113144743341,13.1,0.033017147879051,60.2,,baseline,15.5,11.1,12.4,338,0.22,32.0,low,volatile_rank,143,58.0,2.26,-1.82,0.28,-0.062,0.5710000000000001,,True,True,79,5,1.5899999999999999,False,4.5,4.4,3.2,3.5,96,50.0,25.0,7.2,58.5,2.3,2026-27,0.5,18.0,-2.9,0.0,1.0,2.0,1.6,44,1.62,LVA,71.4,0.9,8.6,1.7000000000000002,1.4,37,51.6,-4.4,-0.52,15.2,25.930952380952384,8.047619047619047,2.2857142857142856,1.3571428571428572,11.69047619047619,1.1666666666666667,0.8809523809523809,7.238095238095238,5.166666666666667,1.2857142857142858,0.3326846799740589,15.445238095238093,3.380952380952381,0.9523809523809523,0.6904761904761905,23.100000000000005,12.666666666666666,1.6666666666666667,0.0,14.333333333333334,0.6666666666666666,0.3333333333333333,9.0,6.333333333333333,1.6666666666666667,0.4285869657876635,16.333333333333332,11.0,1.0,1.0,20.639999999999997,10.4,1.6,0.6,12.6,1.0,0.2,8.0,5.8,1.0,0.4046552509476288,16.02,12.8,0.8,1.0,22.400000000000002,8.7,2.2,1.1,12.0,0.9,0.9,7.2,5.4,1.6,0.3867990842159084,14.790000000000001,5.9,0.9,0.8,26.077272727272728,8.363636363636363,2.272727272727273,1.6363636363636365,12.272727272727273,1.0,0.8181818181818182,7.181818181818182,5.2727272727272725,1.6363636363636365,0.33234655863090096,15.727272727272727,3.727272727272727,0.9545454545454546,0.6818181818181818,25.77,7.7,2.3,1.05,11.05,1.35,0.95,7.3,5.05,0.9,0.33305661345153253,15.134999999999996,3.0,0.95,0.7,26.3975,8.25,2.375,1.375,12.0,1.2,0.9,7.4,5.275,1.3,0.3344811823613075,15.8625,3.6,1.0,0.7,16.6,4.0,0.5,1.0,5.5,0.5,0.5,4.0,3.0,1.0,0.2967546322290848,7.1,-1.0,0.0,0.5,25.196551724137933,7.931034482758621,2.5172413793103448,1.4482758620689655,11.89655172413793,1.3103448275862069,0.7241379310344828,7.0344827586206895,5.137931034482759,1.206896551724138,0.3283703805490261,16.331034482758618,9.10344827586207,0.9655172413793104,1.0,27.569230769230767,8.307692307692308,1.7692307692307692,1.1538461538461537,11.23076923076923,0.8461538461538461,1.2307692307692308,7.6923076923076925,5.230769230769231,1.4615384615384615,0.34230888638374696,13.46923076923077,-9.384615384615385,0.9230769230769231,0.0,5.041062513594708,1.4362164774277042,1.0779707351887362,5.620034264447649,4.3271399947612625,42,2.4000000000000004,-0.6999999999999997,-0.7999999999999999,0.9095238095238098,-5.360000000000003,0.0719705709735699
43.1,57.5,91.6,1.2,7.9,2.6,1.9,2.2,1.71,52,0.2,0.2,5,0.1,-0.04,97.3,6.9,0.5,8.2,36.7,13.3,7.9,11.0,-2.46,-2.51,95.8,-0.31,1642,2,-2.46,96.4,-0.26,2666,3,1.16,96.4,1.0,-2.96,100.0,2.1,0.19,-0.78,100.0,31.5,-1.9500000000000002,0.48,-0.05,-0.93,100.0,16.0,0.03,0.26,-0.58,39.5,-0.56,100.0,28.2,0.29,0.05,0.25,2.17,80.0,99.6,1.53,100.0,96.6,-2.46,96.4,2666,3,-0.02,4.5,0.01,8.5,106.2,60.8,9.3,1.6600000000000001,21.448882500574815,5.722605824888759,41.9,7.9,1.29,160,67,46.0,226,104,3.5,1.8,32.7,85.1,6.5,0.6900000000000001,74,63,5.5,43,1629482,22.2,4.0,-0.9,957,22.3,Sophie Cunningham,4.0,-0.02,14.0,38.1,9.7,-0.06,1.1,110.2,4.4,3.9,2.9699999999999998,3.3,79,F,7.6,2008,7.9,21.448882500574815,26.805303287212485,16.092461713937144,10.7,1.0,5.722605824888759,14.628508666754705,0.0,14.6,0.028037078120193,58.4,,baseline,16.8,12.8,14.1,338,0.02,35.9,low,"prior_heavy,large_shrinkage_move",7,2.92,2.6,-2.56,-0.5,0.526,0.681,,True,True,91,120,2.013,False,4.9,4.8,3.7,4.1,97,70.2,53.5,20.8,58.3,2.3,2026-27,1.0,11.5,3.1,9.3,0.5,1.1,1.0,23,1.05,IND,70.8,0.7000000000000001,8.5,1.5,1.3,31,65.4,9.4,1.75,13.2,21.736363636363635,7.681818181818182,2.2045454545454546,1.1818181818181819,11.068181818181818,0.6363636363636364,0.7045454545454546,5.136363636363637,3.6363636363636362,1.6818181818181819,0.30909393246192607,13.304545454545451,1.6818181818181819,0.6363636363636364,0.6363636363636364,17.36666666666667,3.6666666666666665,1.3333333333333333,0.6666666666666666,5.666666666666667,0.0,1.0,4.333333333333333,4.0,0.6666666666666666,0.33053537682273165,5.266666666666667,-4.666666666666667,0.3333333333333333,0.3333333333333333,17.2,3.4,2.0,0.6,6.0,0.6,1.2,4.0,3.4,0.8,0.3363139189799489,7.3,0.6,0.4,0.6,19.96,4.6,2.3,1.2,8.1,0.5,0.7,4.1,3.4,1.0,0.2882927200403972,9.959999999999999,-2.2,0.5,0.6,21.38636363636364,7.363636363636363,2.227272727272727,0.7727272727272727,10.363636363636363,0.6363636363636364,0.8181818181818182,4.7727272727272725,3.227272727272727,2.0,0.31013030951953013,12.286363636363637,3.8181818181818183,0.6363636363636364,0.6818181818181818,22.08636363636364,8.0,2.1818181818181817,1.5909090909090908,11.772727272727273,0.6363636363636364,0.5909090909090909,5.5,4.045454545454546,1.3636363636363635,0.30810466345239484,14.322727272727269,-0.45454545454545453,0.6363636363636364,0.5909090909090909,25.517857142857142,9.857142857142858,2.7857142857142856,1.5357142857142858,14.178571428571429,0.75,0.5714285714285714,6.0,4.142857142857143,2.2142857142857144,0.29897488817930606,17.182142857142857,5.75,1.0,0.6785714285714286,15.118749999999999,3.875,1.1875,0.5625,5.625,0.4375,0.9375,3.625,2.75,0.75,0.3279828151228167,6.51875,-5.4375,0.0,0.5625,21.857142857142858,8.678571428571429,2.5714285714285716,1.0,12.25,0.6071428571428571,0.6071428571428571,5.464285714285714,3.857142857142857,1.8214285714285714,0.3204857985969511,14.478571428571426,6.571428571428571,0.6785714285714286,1.0,21.525,5.9375,1.5625,1.5,9.0,0.6875,0.875,4.5625,3.25,1.4375,0.2898701583590713,11.25,-6.875,0.5625,0.0,5.680536853407214,1.8118414820357132,1.2060453783110543,6.790546531666763,6.491572028374727,44,-4.5,-0.2999999999999998,-0.6,-5.068181818181818,-5.100000000000001,0.02721998651802282
35.5,50.3,76.8,0.7000000000000001,4.3,1.5,1.0,1.1,1.0,30,0.5,0.4,11,0.30000000000000004,0.03,97.1,4.6,5.9,14.0,31.6,12.6,2.5,11.1,-5.96,-5.71,95.2,-0.4,1638,2,-5.96,95.6,-0.65,2387,3,1.18,95.6,0.29,-2.8,100.0,4.6,-0.34,-0.65,100.0,37.0,-0.34,0.5,-0.18,0.31,100.0,75.2,0.09,0.01,-5.86,10.1,-1.3,100.0,5.0,0.04,-0.22,-0.30000000000000004,-0.79,80.0,22.7,0.78,100.0,87.4,-5.96,95.6,2387,3,0.05,7.1,0.55,13.8,93.8,47.0,-4.5,-0.59,19.159950963584354,5.308024390674411,34.7,0.7000000000000001,0.28,190,66,36.1,302,109,4.5,2.0,20.5,90.3,11.7,1.22,62,56,11.6,44,203866,36.0,8.3,-4.2,1068,24.3,Kayla Thornton,10.0,-0.01,9.1,29.3,8.6,-0.81,4.9,103.8,14.9,4.4,3.0,3.3,89,F,13.5,2037,7.7,20.11314410505037,25.46956489168804,14.7567233184127,10.7,0.9526084466711161,5.572094609514817,13.223590625564558,0.084782067977447,13.1,0.585269561012676,69.1,,baseline,16.7,11.4,12.7,340,0.65,34.9,low,volatile_rank,187,79.06,2.59,-1.29,0.67,-0.015,0.547,,True,True,58,-18,1.516,False,9.2,9.7,6.7,7.4,198,61.9,34.4,13.9,67.3,4.5,2026-27,0.9,13.8,-1.8,0.7000000000000001,0.7000000000000001,1.4,1.1,29,1.35,GSV,62.9,0.7000000000000001,7.2,1.4,1.1,29,51.6,-4.4,-0.52,15.3,24.313636363636363,7.7272727272727275,4.5,0.6818181818181818,12.909090909090908,0.9090909090909091,0.6590909090909091,6.863636363636363,4.318181818181818,1.4090909090909092,0.3298724125794299,16.218181818181815,5.318181818181818,0.7954545454545454,0.7272727272727273,27.133333333333336,4.666666666666667,5.0,0.3333333333333333,10.0,2.3333333333333335,1.0,5.666666666666667,3.6666666666666665,1.6666666666666667,0.2754080479800709,17.166666666666664,5.333333333333333,1.0,0.6666666666666666,26.24,8.8,4.2,0.8,13.8,1.8,0.8,7.0,4.8,2.4,0.3427708381110743,19.640000000000004,9.6,1.0,0.8,21.53,5.2,3.0,0.4,8.6,0.9,0.4,5.2,3.0,1.2,0.27677917293892695,11.7,4.6,0.7,0.7,25.268181818181816,8.590909090909092,4.090909090909091,0.6363636363636364,13.318181818181818,1.0,0.45454545454545453,7.545454545454546,5.045454545454546,1.3181818181818181,0.33295230890100386,16.999999999999996,5.7272727272727275,0.7727272727272727,0.7727272727272727,23.359090909090902,6.863636363636363,4.909090909090909,0.7272727272727273,12.5,0.8181818181818182,0.8636363636363636,6.181818181818182,3.590909090909091,1.5,0.326792516257856,15.436363636363632,4.909090909090909,0.8181818181818182,0.6818181818181818,26.617142857142856,9.057142857142857,5.114285714285714,0.7714285714285715,14.942857142857143,1.0285714285714285,0.7142857142857143,7.457142857142857,4.8,1.6285714285714286,0.3284611591117121,18.72285714285714,6.285714285714286,1.0,0.6857142857142857,15.355555555555554,2.5555555555555554,2.111111111111111,0.3333333333333333,5.0,0.4444444444444444,0.4444444444444444,4.555555555555555,2.4444444444444446,0.5555555555555556,0.3353606205094438,6.477777777777778,1.5555555555555556,0.0,0.8888888888888888,24.053125,8.03125,4.40625,0.75,13.1875,1.0,0.71875,6.8125,4.5,1.5625,0.33538931066834915,16.725,9.46875,0.75,1.0,25.008333333333336,6.916666666666667,4.75,0.5,12.166666666666666,0.6666666666666666,0.5,7.0,3.8333333333333335,1.0,0.3151606843423121,14.866666666666667,-5.75,0.9166666666666666,0.0,6.055417088024291,2.7828377686296464,0.8003698933451718,7.6639238896855035,6.171524665907342,44,1.1000000000000005,-0.2999999999999998,0.09999999999999998,0.8909090909090924,1.9399999999999977,0.012898425531644386
36.8,37.6,61.9,2.2,14.5,5.1,3.6,4.1,1.05,67,0.6000000000000001,0.5,8,0.30000000000000004,-0.11,78.8,5.6,9.8,14.7,50.0,5.5,6.3,18.6,-3.8,-3.74,87.0,-0.33,1485,2,-3.8,84.4,-0.39,1485,2,1.22,84.4,0.76,-0.73,100.0,46.6,0.08,-0.88,100.0,29.0,-2.45,0.39,-0.06,-1.2,98.7,7.6,0.35000000000000003,0.08,-1.45,29.0,-0.35000000000000003,100.0,34.9,-0.09,-0.09,-0.02,0.01,80.0,56.3,0.02,100.0,66.4,-3.8,84.4,1485,2,0.04,6.8,0.2,5.6,102.1,49.7,-1.8,-0.15,12.84426048698663,3.624774475484551,38.5,4.5,0.81,78,30,41.4,181,75,4.4,2.8,32.0,84.5,5.9,0.62,58,49,3.6,30,1642777,44.7,21.0,-5.3,653,21.8,Monique Akoa Makani,-5.5,-0.14,16.6,34.1,10.6,0.04,0.7000000000000001,96.6,17.1,6.4,4.63,5.1,84,G,5.0,1320,7.6,16.549066760668953,22.33228876893546,10.765844752402447,11.6,0.7761320123206411,4.67030662045036,12.325347354722334,0.0,12.3,0.330314454212081,56.6,,baseline,17.3,12.6,14.0,229,0.67,35.2,low,prior_heavy,13,4.95,2.96,-1.62,0.9,-0.227,0.626,,True,True,55,-18,1.786,False,3.3,4.2,3.0,3.4,55,70.6,50.8,18.8,56.7,1.8,2026-27,0.6000000000000001,25.3,-4.6,-5.9,1.0,2.2,1.8,29,2.04,PHX,43.1,2.1,15.5,4.7,3.8,62,55.4,-0.6000000000000001,0.11,18.7,16.719047619047622,5.529761904761905,1.3839285714285714,1.6785714285714286,8.592261904761905,0.9345238095238095,1.6488095238095237,4.5,1.9672619047619047,1.4166666666666665,0.40119059087787734,10.863095238095237,-2.0863095238095237,0.39880952380952384,0.3660714285714286,19.766666666666666,6.0,2.0,1.6666666666666667,9.666666666666666,0.6666666666666666,3.3333333333333335,4.333333333333333,2.6666666666666665,2.0,0.4481997166913369,9.566666666666665,5.333333333333333,0.3333333333333333,0.3333333333333333,21.440000000000005,4.8,2.2,1.8,8.8,1.0,3.2,4.4,2.8,1.2,0.39298591440920383,9.94,-0.8,0.6,0.4,17.39,4.1,1.4,1.6,7.1,1.0,2.1,3.7,1.9,1.1,0.35922321475016084,9.080000000000002,-2.9,0.3,0.4,17.89090909090909,5.575757575757576,1.3181818181818183,2.0984848484848486,8.992424242424242,0.9166666666666667,2.037878787878788,4.318181818181818,1.7348484848484849,1.878787878787879,0.3911404736297339,11.01742424242424,-2.4393939393939394,0.2727272727272727,0.4318181818181818,15.832211538461541,5.572115384615385,1.4326923076923077,1.3461538461538463,8.350961538461538,0.9519230769230769,1.3413461538461537,4.677884615384615,2.1730769230769234,1.0576923076923077,0.41188235434725695,10.825,-1.7932692307692308,0.4951923076923077,0.3173076923076923,24.86190476190476,6.964285714285714,2.4761904761904763,2.1547619047619047,11.595238095238095,1.5119047619047619,2.333333333333333,6.2023809523809526,3.0476190476190474,1.380952380952381,0.36540123593806756,15.370238095238093,-5.75,1.0,0.30952380952380953,10.304545454545455,3.159090909090909,0.7136363636363636,1.1863636363636365,5.059090909090909,0.6227272727272727,1.2272727272727273,2.5863636363636364,1.0318181818181817,1.0909090909090908,0.40394667873664447,6.435909090909091,-0.2181818181818182,0.0,0.4318181818181818,17.087777777777777,5.933333333333334,1.7,1.6555555555555557,9.28888888888889,1.2222222222222223,1.4555555555555557,4.555555555555555,1.8555555555555556,1.1,0.3680204158287904,12.66777777777778,4.722222222222222,0.3222222222222222,1.0,16.57111111111111,5.344444444444445,1.2,1.711111111111111,8.255555555555556,0.7666666666666666,1.7666666666666666,4.477777777777778,2.033333333333333,1.6111111111111112,0.42394045653781287,9.884444444444444,-6.011111111111111,0.4444444444444444,0.0,5.55798350612329,1.6056886780654926,1.4965584036303188,7.27615212582717,10.223433114040942,38,-2.8,0.40000000000000013,-0.40000000000000013,0.2077380952380956,-0.3599999999999959,-0.00820467646867351
30.3,34.7,56.5,1.1,11.4,3.5,2.6,2.8,1.0,44,0.1,0.1,1,0.0,-0.16,76.0,4.0,-7.2,23.0,20.0,3.5,7.5,23.9,-4.21,-4.24,82.2,-0.61,836,2,-4.21,82.2,-0.58,1050,3,0.51,82.2,0.49,1.54,100.0,87.4,-0.32,-1.13,100.0,20.2,-2.69,0.51,0.26,-1.15,100.0,10.1,-0.03,0.11,-1.3,24.8,-0.8300000000000001,100.0,18.9,0.05,-0.06,0.07,-1.87,80.0,4.2,-0.02,100.0,52.1,-4.21,82.2,1050,3,-0.06,3.8,-0.30000000000000004,7.0,105.4,40.4,-11.1,-1.67,11.42784088971578,5.281706144819482,29.4,-4.6,-0.47000000000000003,109,32,34.7,285,99,3.0,1.4,34.4,80.6,2.0,0.22,98,79,6.6,41,1641660,21.6,13.0,-2.6,618,15.1,Zia Cooke,-7.0,-0.1,15.6,32.6,12.6,-2.51,3.0,98.4,30.5,4.5,3.26,3.6,56,G,5.7,1240,7.5,12.509138200367119,18.292360208633625,6.725916192100613,11.6,0.9135594080638101,5.78145887196705,13.435405307519126,0.731742195273532,12.7,0.059223298726793,56.9,,baseline,24.9,17.9,20.0,309,-2.96,64.9,medium,,1,0.43,-1.56,-4.36,-3.11,0.15,0.387,,True,True,232,-2,1.096,False,5.1,5.5,4.1,4.4,68,53.8,52.6,18.2,49.5,1.7000000000000002,2026-27,0.5,40.4,-5.2,-7.8,0.4,1.3,1.0,16,0.99,SEA,38.2,1.1,9.9,3.5,2.8,44,47.1,-8.9,-1.26,26.2,14.66904761904762,7.357142857142857,1.619047619047619,1.0476190476190477,10.023809523809524,0.40476190476190477,1.0476190476190477,6.785714285714286,2.5952380952380953,2.3333333333333335,0.6044185850287291,11.038095238095238,-2.261904761904762,0.16666666666666666,0.19047619047619047,12.466666666666667,6.0,1.3333333333333333,1.3333333333333333,8.666666666666666,1.3333333333333333,1.0,7.333333333333333,2.0,1.6666666666666667,0.6666265704357124,12.6,-3.3333333333333335,0.3333333333333333,0.0,13.939999999999998,6.6,1.6,2.4,10.6,1.2,0.8,7.2,2.6,2.6,0.6289997416185982,14.919999999999998,1.8,0.2,0.2,14.440000000000001,7.4,1.3,1.6,10.3,0.8,1.1,6.7,2.2,2.3,0.5797500640818213,12.66,-0.1,0.1,0.2,16.400000000000002,9.227272727272727,1.8181818181818181,1.1363636363636365,12.181818181818182,0.5909090909090909,1.4090909090909092,8.090909090909092,3.0,2.590909090909091,0.653550136983341,13.477272727272727,-1.5454545454545454,0.22727272727272727,0.2727272727272727,12.764999999999999,5.3,1.4,0.95,7.65,0.2,0.65,5.35,2.15,2.05,0.5528304554763863,8.355,-3.05,0.1,0.1,25.142857142857142,15.714285714285714,3.4285714285714284,2.0,21.142857142857142,0.8571428571428571,1.4285714285714286,11.857142857142858,4.142857142857143,5.0,0.6182517609123368,23.97142857142857,1.8571428571428572,1.0,0.14285714285714285,12.574285714285715,5.685714285714286,1.2571428571428571,0.8571428571428571,7.8,0.3142857142857143,0.9714285714285714,5.771428571428571,2.2857142857142856,1.8,0.6015705782291629,8.451428571428572,-3.085714285714286,0.0,0.2,15.737499999999999,10.125,2.125,1.375,13.625,0.625,1.5,8.0,3.375,3.0,0.663129235566599,15.1125,6.125,0.125,1.0,14.417647058823531,6.705882352941177,1.5,0.9705882352941176,9.176470588235293,0.35294117647058826,0.9411764705882353,6.5,2.411764705882353,2.176470588235294,0.5901857000498516,10.079411764705883,-4.235294117647059,0.17647058823529413,0.0,5.350274342505222,1.5133935530646374,1.167703206369206,6.802037339123764,6.317551551624508,42,-0.9000000000000004,-0.10000000000000009,1.2999999999999998,0.5761904761904759,-1.160000000000002,0.024581156589869035
57.1,70.0,90.0,3.0,28.8,9.7,7.2,8.0,1.5,6,0.0,0.0,0,0.0,-0.12,12.9,,,,,0.0,24.0,35.5,0.88,0.88,30.4,0.4,30,1,0.88,30.4,0.4,30,1,-0.58,30.4,0.19,0.73,11.4,78.6,-0.08,0.0,9.2,71.8,-0.11,-0.24,0.0,0.0,8.2,59.9,0.19,0.13,1.29,78.2,0.0,9.5,66.4,0.39,0.19,0.33,0.2,8.9,65.1,0.0,10.1,59.9,0.88,30.4,30,1,-0.28,-1.4,0.2,0.0,131.7,70.0,18.5,,,,57.1,23.1,,7,4,50.0,10,5,0.0,1.0,10.0,100.0,21.4,,1,1,0.0,2,1630154,,0.0,,30,15.0,Kamiah Smalls,-36.6,0.17,10.8,40.8,6.0,-5.83,0.0,95.1,10.0,3.2,2.4,2.7,2,G,-2.4,62,7.5,,,,,,,,,,,,,,24.2,18.0,20.0,15,-5.63,29.0,low,"low_sample,collinear_lineup",0,0.0,-5.5600000000000005,-5.7,-5.63,0.0,0.002,,True,True,237,0,0.056,False,0.0,0.0,0.0,0.0,0,50.0,30.0,20.0,28.8,0.0,2026-27,0.0,80.0,1.8,7.6,0.0,0.0,0.0,0,0.0,PDX,70.0,2.0,13.5,6.5,5.3,4,71.8,15.8,,20.9,10.066666666666668,5.0,0.0,2.0,7.0,0.0,1.3333333333333333,3.3333333333333335,2.3333333333333335,0.3333333333333333,0.49003127615523545,6.666666666666667,-6.333333333333333,0.0,0.3333333333333333,10.066666666666668,5.0,0.0,2.0,7.0,0.0,1.3333333333333333,3.3333333333333335,2.3333333333333335,0.3333333333333333,0.49003127615523545,6.666666666666667,-6.333333333333333,0.0,0.3333333333333333,10.066666666666668,5.0,0.0,2.0,7.0,0.0,1.3333333333333333,3.3333333333333335,2.3333333333333335,0.3333333333333333,0.49003127615523545,6.666666666666667,-6.333333333333333,0.0,0.3333333333333333,10.066666666666668,5.0,0.0,2.0,7.0,0.0,1.3333333333333333,3.3333333333333335,2.3333333333333335,0.3333333333333333,0.49003127615523545,6.666666666666667,-6.333333333333333,0.0,0.3333333333333333,15.100000000000001,7.5,0.0,3.0,10.5,0.0,2.0,5.0,3.5,0.5,0.49003127615523545,10.0,-9.5,0.0,0.5,0.0,0.0,0.0,0.0,0.0,0.0,0.0,0.0,0.0,0.0,,0.0,0.0,0.0,0.0,,,,,,,,,,,,,,,,10.066666666666668,5.0,0.0,2.0,7.0,0.0,1.3333333333333333,3.3333333333333335,2.3333333333333335,0.3333333333333333,0.49003127615523545,6.666666666666667,-6.333333333333333,0.0,0.3333333333333333,14.1,13.0,0.0,2.0,15.0,0.0,2.0,7.0,5.0,1.0,0.6695035460992909,14.0,-12.0,0.0,1.0,8.05,1.0,0.0,2.0,3.0,0.0,1.0,1.5,1.0,0.0,0.3105590062111801,3.0,-3.5,0.0,0.0,7.0,0.0,2.0,7.54983443527075,8.775154319630701,3,-2.5,0.0,-1.0,0.0,-4.933333333333332,0.0
33.3,47.4,73.7,2.0,12.4,6.1,4.7,5.2,1.54,6,0.0,0.0,0,0.0,0.09,13.8,,,,,0.0,8.5,24.0,2.04,1.79,34.2,1.6099999999999999,484,2,2.04,34.4,1.8599999999999999,991,3,-0.55,34.4,-0.67,0.5700000000000001,17.3,76.1,-0.56,-0.03,13.4,64.7,-0.38,-0.7000000000000001,-1.83,-0.01,12.8,53.8,-0.01,-0.18,0.66,83.2,-0.01,14.4,59.2,-0.19,-0.04,-0.05,-0.1,13.5,52.5,-0.01,12.8,53.8,2.04,34.4,991,3,0.04,7.9,0.13,1.6,105.6,34.2,-17.3,,,,33.3,-0.7000000000000001,,9,3,26.3,19,5,7.5,1.3,52.6,90.0,11.4,,10,9,1.9,3,1630462,0.0,15.8,,46,15.3,Aari McDonald,-16.7,0.05,17.2,32.9,7.8,-0.73,1.1,88.9,10.5,4.1,3.13,3.5,4,,3.2,98,7.3,,,,,,,,,,,,,,22.4,17.2,19.1,22,-0.49,33.8,low,low_sample,42,16.78,0.9500000000000001,-1.9300000000000002,-0.35000000000000003,-0.14200000000000002,0.398,,True,True,158,0,1.1219999999999999,False,1.3,2.0,1.6,1.7000000000000002,2,40.0,78.9,26.3,31.7,0.7000000000000001,2026-27,1.0,40.0,-0.5,1.2,1.0,3.1,2.6,3,2.35,MIN,47.4,1.3,12.6,4.1,3.5,4,47.0,-9.0,,25.9,11.5,5.5,0.5,1.5,7.5,0.75,1.0,4.75,2.25,2.5,0.6944660654959658,9.6,-3.5,0.25,0.5,15.333333333333334,7.333333333333333,0.6666666666666666,2.0,10.0,1.0,1.3333333333333333,6.333333333333333,3.0,3.3333333333333335,0.6944660654959658,12.799999999999999,-4.666666666666667,0.3333333333333333,0.6666666666666666,11.5,5.5,0.5,1.5,7.5,0.75,1.0,4.75,2.25,2.5,0.6944660654959658,9.6,-3.5,0.25,0.5,11.5,5.5,0.5,1.5,7.5,0.75,1.0,4.75,2.25,2.5,0.6944660654959658,9.6,-3.5,0.25,0.5,9.8,4.0,0.0,0.5,4.5,1.0,0.0,4.0,3.0,1.0,0.4530612244897959,7.75,-4.5,0.0,0.5,13.2,7.0,1.0,2.5,10.5,0.5,2.0,5.5,1.5,4.0,0.8151684859990508,11.45,-2.5,0.5,0.5,21.5,10.0,2.0,5.0,17.0,1.0,2.0,9.0,3.0,6.0,0.6344186046511628,20.9,-3.0,1.0,0.0,8.166666666666666,4.0,0.0,0.3333333333333333,4.333333333333333,0.6666666666666666,0.6666666666666666,3.3333333333333335,2.0,1.3333333333333333,0.7244897959183674,5.833333333333333,-3.6666666666666665,0.0,0.6666666666666666,12.25,6.0,0.0,0.5,6.5,1.0,1.0,5.0,3.0,2.0,0.7244897959183674,8.75,-5.5,0.0,1.0,10.75,5.0,1.0,2.5,8.5,0.5,1.0,4.5,1.5,3.0,0.6344186046511628,10.45,-1.5,0.5,0.0,4.43471156521669,1.0,2.380476142847616,7.32575365861197,10.6680207473864,4,-1.7999999999999998,-0.20000000000000007,-0.5,0.0,-3.8000000000000007,0.0
33.6,39.9,62.4,3.7,24.3,7.6,5.6,6.2,2.06,161,0.5,0.4,11,0.30000000000000004,-0.07,99.9,4.7,-27.3,8.8,30.0,3.4,20.8,24.5,-1.46,-1.46,91.2,-0.15,1039,1,-1.46,91.2,-0.15,1039,1,1.24,91.2,1.2,0.8300000000000001,100.0,81.9,0.61,-1.16,100.0,18.1,-2.5300000000000002,0.2,0.0,-0.85,100.0,18.5,0.0,0.07,1.05,53.6,1.3599999999999999,100.0,89.5,-0.04,0.2,0.22,-1.22,80.0,10.5,-0.30000000000000004,100.0,35.7,-1.46,91.2,1039,1,-0.04,6.8,-0.49,10.1,109.7,45.1,-6.4,-0.9,21.37986271441578,5.019747504423025,33.3,-0.7000000000000001,0.08,129,43,37.9,298,113,4.7,2.2,20.5,78.7,0.1,0.02,61,48,6.0,44,1643449,31.4,11.7,-1.0,1039,23.6,Charlisse Leger-Walker,-13.4,-0.03,16.3,36.9,8.7,-0.17,1.2,96.3,25.8,4.6,3.4,3.8,98,G,9.9,2117,7.2,22.6089009459178,27.96532173255547,17.25248015928013,10.7,0.9456391872191411,5.308311639648406,12.959547245058193,0.0,13.0,0.9871905925494201,77.0,,baseline,15.0,11.0,12.2,317,-0.98,53.0,medium,,102,37.91,0.29,-2.24,-1.26,0.28,0.338,,True,True,194,-1,0.985,False,5.4,5.3,3.8,4.3,112,54.4,39.6,19.1,76.4,2.5,2026-27,0.8,41.6,-3.9,-5.0,0.8,1.7000000000000002,1.3,35,1.5899999999999999,CON,43.3,1.8,14.7,3.8,3.1,81,48.8,-7.2,-0.98,17.1,23.661363636363635,7.204545454545454,2.5454545454545454,3.659090909090909,13.409090909090908,1.0454545454545454,1.8409090909090908,6.7727272727272725,2.9318181818181817,1.3863636363636365,0.3884271846185942,17.04318181818182,-5.7727272727272725,0.7045454545454546,0.25,24.466666666666665,8.0,5.0,4.0,17.0,1.0,2.3333333333333335,6.666666666666667,2.6666666666666665,1.0,0.38729922787893806,20.666666666666668,-8.0,0.6666666666666666,0.3333333333333333,25.16,9.0,3.2,4.0,16.2,1.2,2.0,8.4,4.2,0.6,0.42129214807978865,20.440000000000005,-14.6,0.8,0.2,24.68,8.9,3.5,4.4,16.8,1.0,1.9,7.8,3.7,1.2,0.4218741478496125,20.8,-11.2,0.8,0.2,22.845454545454547,7.954545454545454,2.8181818181818183,3.772727272727273,14.545454545454545,1.3636363636363635,1.5454545454545454,6.363636363636363,2.727272727272727,1.7272727272727273,0.3767486243033716,19.54090909090909,-1.6363636363636365,0.6363636363636364,0.36363636363636365,24.477272727272727,6.454545454545454,2.272727272727273,3.5454545454545454,12.272727272727273,0.7272727272727273,2.1363636363636362,7.181818181818182,3.1363636363636362,1.0454545454545454,0.40010574493381695,14.545454545454545,-9.909090909090908,0.7727272727272727,0.13636363636363635,26.89677419354838,7.870967741935484,3.0,4.193548387096774,15.064516129032258,1.2258064516129032,2.096774193548387,7.903225806451613,3.5806451612903225,1.3870967741935485,0.3946207661734953,19.34193548387097,-6.225806451612903,1.0,0.2903225806451613,15.946153846153846,5.615384615384615,1.4615384615384615,2.3846153846153846,9.461538461538462,0.6153846153846154,1.2307692307692308,4.076923076923077,1.3846153846153846,1.3846153846153846,0.37365787475690715,11.561538461538463,-4.6923076923076925,0.0,0.15384615384615385,25.918181818181814,7.181818181818182,3.727272727272727,4.909090909090909,15.818181818181818,1.4545454545454546,1.7272727272727273,7.363636363636363,3.0,1.3636363636363635,0.37949371734586224,21.654545454545453,6.181818181818182,0.8181818181818182,1.0,22.90909090909091,7.212121212121212,2.1515151515151514,3.242424242424242,12.606060606060606,0.9090909090909091,1.878787878787879,6.575757575757576,2.909090909090909,1.393939393939394,0.3914050070428383,15.506060606060608,-9.757575757575758,0.6666666666666666,0.0,4.364654787779956,2.005278446762101,1.9282861630025403,5.776126415136391,6.376417887340492,44,1.7999999999999998,0.7000000000000002,0.2999999999999998,2.790909090909091,1.5599999999999987,0.03286496346119444
37.7,25.3,56.0,1.9,24.0,6.4,4.5,5.1,1.58,85,0.1,0.1,1,0.0,-0.05,80.9,1.9,-19.9,19.9,63.6,4.6,19.1,26.6,-1.5,-1.6,84.2,-0.27,879,2,-1.5,83.3,-0.17,879,2,1.21,83.3,1.56,0.49,100.0,74.4,0.43,-1.9,100.0,2.5,-3.8200000000000003,0.24,0.11,-1.08,97.1,11.8,0.28,0.17,2.42,52.3,0.68,100.0,83.6,0.25,0.12,0.35000000000000003,0.8200000000000001,80.0,85.7,-0.2,100.0,42.0,-1.5,83.3,879,2,-0.04,2.7,0.09,5.6,98.3,58.9,7.4,1.35,9.748450800246125,3.630682281604828,41.7,7.7,1.27,72,30,52.7,241,127,2.6,1.2,17.8,72.1,-6.5,-0.66,43,31,4.7,44,1642822,50.0,10.0,-4.8,673,15.3,Kaitlyn Chen,9.2,-0.01,12.2,27.8,10.1,-1.94,2.0,107.5,34.0,4.1,2.89,3.2,54,,4.2,1324,7.2,10.524726964658452,16.307948972924958,4.741504956391947,11.6,0.926242631564787,3.919796128873035,9.908059526977567,0.8923012502853771,9.0,0.024354190378410003,60.9,,baseline,23.8,16.9,18.7,315,-1.7000000000000002,62.8,medium,,5,1.79,-0.27,-3.13,-1.54,-0.161,0.397,,True,True,220,-25,1.118,False,3.7,3.8,2.6,3.0,50,73.0,43.9,26.1,46.5,1.1,2026-27,1.2,43.3,-2.8,-5.5,0.30000000000000004,1.0,0.8,13,0.75,GSV,29.9,1.2,14.0,3.9,3.0,51,60.6,4.6,0.96,21.3,15.3,7.159090909090909,1.1363636363636365,1.9318181818181819,10.227272727272727,0.3181818181818182,1.1590909090909092,5.4772727272727275,1.6363636363636365,0.9772727272727273,0.4442568882002865,11.21590909090909,2.5,0.3409090909090909,0.7272727272727273,19.366666666666667,9.333333333333334,1.6666666666666667,1.6666666666666667,12.666666666666666,0.6666666666666666,1.0,8.666666666666666,3.0,0.3333333333333333,0.4570177935295547,14.833333333333334,3.3333333333333335,0.6666666666666666,0.6666666666666666,22.139999999999997,12.0,1.4,1.8,15.2,0.8,1.0,8.8,4.4,0.8,0.43670720228725585,17.78,8.4,0.8,0.8,18.43,8.2,1.2,1.7,11.1,0.5,1.0,6.7,2.6,0.6,0.39442345256523814,12.690000000000001,5.7,0.6,0.7,14.799999999999999,6.454545454545454,1.3181818181818181,1.7727272727272727,9.545454545454545,0.2727272727272727,1.2272727272727273,4.954545454545454,1.5454545454545454,0.7727272727272727,0.43096211820679603,10.286363636363635,3.090909090909091,0.3181818181818182,0.7727272727272727,15.799999999999995,7.863636363636363,0.9545454545454546,2.090909090909091,10.909090909090908,0.36363636363636365,1.0909090909090908,6.0,1.7272727272727273,1.1818181818181819,0.45755165819377713,12.145454545454545,1.9090909090909092,0.36363636363636365,0.6818181818181818,23.41333333333333,11.933333333333334,1.6666666666666667,2.533333333333333,16.133333333333333,0.7333333333333333,1.6,8.666666666666666,3.0,1.4,0.46475253916068876,18.33333333333333,11.133333333333333,1.0,0.8,11.10344827586207,4.689655172413793,0.8620689655172413,1.6206896551724137,7.172413793103448,0.10344827586206896,0.9310344827586207,3.8275862068965516,0.9310344827586207,0.7586206896551724,0.43365568942766486,7.5344827586206895,-1.9655172413793103,0.0,0.6896551724137931,15.253124999999999,7.3125,1.03125,1.8125,10.15625,0.375,1.15625,5.1875,1.625,1.03125,0.4391211176476232,11.2375,4.78125,0.375,1.0,15.424999999999999,6.75,1.4166666666666667,2.25,10.416666666666666,0.16666666666666666,1.1666666666666667,6.25,1.6666666666666667,0.8333333333333334,0.4579522763407222,11.158333333333333,-3.5833333333333335,0.25,0.0,5.953084726340219,1.249947144759908,1.5003523194411474,6.987908614715208,7.003022603233217,44,4.8,0.2999999999999998,-0.09999999999999987,4.972727272727273,6.839999999999996,-0.007549685913030679
26.7,25.6,66.2,0.9,6.5,2.2,1.7000000000000002,1.8,0.8200000000000001,35,0.1,0.1,2,0.1,-0.13,84.9,4.5,-30.3,6.3,27.3,4.7,-0.30000000000000004,16.6,-6.53,-6.53,86.1,-0.91,760,1,-6.53,86.1,-0.91,760,1,1.13,86.1,-0.02,-1.33,100.0,29.8,-0.37,-0.9400000000000001,100.0,26.9,-1.24,0.38,0.0,-0.07,100.0,48.3,0.39,-0.18,-5.35,6.7,-1.25,100.0,6.3,-0.2,-0.34,-0.26,-0.65,80.0,27.7,-1.02,100.0,16.0,-6.53,86.1,760,1,-0.04,6.4,-0.23,10.4,106.1,48.1,-3.4,-0.41000000000000003,3.493805042615863,0.9122238281922751,26.8,-7.2,-0.84,71,19,44.0,234,103,5.0,1.5,27.8,81.5,2.9,0.31,65,53,8.6,39,1643447,33.3,3.8,-12.4,760,19.5,Gabriela Jaquez,-5.8,-0.08,13.8,36.8,9.4,-0.28,3.5,100.3,29.9,3.7,2.75,3.1,58,F,10.4,1575,7.1,7.082059670315665,12.34525701981012,1.818862320821209,10.5,0.493331771442153,1.849108208712317,7.835198543790854,0.15052829803224801,7.7,0.02544102911758,43.3,,baseline,17.7,13.1,14.6,278,-0.65,50.5,medium,volatile_rank,105,44.95,0.61,-1.92,-0.99,0.335,0.338,,True,True,171,0,0.985,False,6.8,7.4,5.5,6.1,116,63.1,63.7,35.9,41.6,3.0,2026-27,1.1,32.0,2.1,1.9,0.7000000000000001,1.7000000000000002,1.4,27,1.37,CHI,30.3,1.1,12.6,2.8,2.3,44,52.9,-3.1,-0.30000000000000004,17.6,17.297727272727272,6.318181818181818,2.6363636363636362,0.7954545454545454,9.75,0.6590909090909091,1.0,5.318181818181818,1.6136363636363635,1.4772727272727273,0.39641433775993545,11.65227272727273,-3.227272727272727,0.45454545454545453,0.36363636363636365,24.599999999999998,13.333333333333334,3.3333333333333335,1.6666666666666667,18.333333333333332,1.0,1.6666666666666667,9.333333333333334,2.3333333333333335,1.3333333333333333,0.46349985600413923,21.166666666666668,-4.333333333333333,1.0,0.3333333333333333,23.699999999999996,10.8,3.0,1.0,14.8,0.6,1.6,8.4,2.4,1.4,0.4400660971773628,16.1,-8.4,1.0,0.2,17.29,6.6,2.3,0.7,9.6,0.5,1.1,5.7,1.9,0.7,0.3940436173513802,10.81,-5.0,0.6,0.4,15.26818181818182,5.954545454545454,2.1363636363636362,0.9090909090909091,9.0,0.5454545454545454,1.0454545454545454,4.636363636363637,1.5454545454545454,1.3636363636363635,0.4180231208986323,10.472727272727273,-1.7272727272727273,0.4090909090909091,0.5,19.327272727272724,6.681818181818182,3.1363636363636362,0.6818181818181818,10.5,0.7727272727272727,0.9545454545454546,6.0,1.6818181818181819,1.5909090909090908,0.3778925236410523,12.831818181818182,-4.7272727272727275,0.5,0.22727272727272727,24.93,9.6,3.6,1.3,14.5,0.95,1.3,7.45,2.25,2.45,0.39094979535673785,17.420000000000005,-0.25,1.0,0.35,10.9375,3.5833333333333335,1.8333333333333333,0.375,5.791666666666667,0.4166666666666667,0.75,3.5416666666666665,1.0833333333333333,0.6666666666666666,0.402166487658038,6.845833333333334,-5.708333333333333,0.0,0.375,16.675,6.375,2.875,1.0,10.25,0.5625,0.9375,5.1875,1.5625,1.3125,0.4215704281558695,12.075,3.0625,0.4375,1.0,17.65357142857143,6.285714285714286,2.5,0.6785714285714286,9.464285714285714,0.7142857142857143,1.0357142857142858,5.392857142857143,1.6428571428571428,1.5714285714285714,0.3806917812624766,11.410714285714288,-6.821428571428571,0.4642857142857143,0.0,5.651806573792906,2.0241668868015004,0.9296047035501593,7.5054243949850825,9.351221500520507,44,3.700000000000001,0.0,0.09999999999999998,5.050000000000001,4.199999999999996,0.04365175941742733
33.7,62.8,85.5,3.4,22.3,7.4,5.3,5.9,1.7000000000000002,150,0.2,0.2,5,0.1,-0.11,98.3,4.2,27.2,23.0,45.8,8.9,15.0,22.6,-2.5300000000000002,-2.5300000000000002,91.2,-0.41000000000000003,1017,1,-2.5300000000000002,91.2,-0.41000000000000003,1017,1,1.25,91.2,0.77,-0.4,100.0,56.7,0.66,-1.96,100.0,1.7000000000000002,-4.3,0.19,0.0,-1.4,100.0,0.4,-0.01,-0.04,1.74,37.8,1.0,100.0,86.6,-0.04,-0.06,-0.07,-0.24,80.0,43.3,1.32,100.0,95.0,-2.5300000000000002,91.2,1017,1,-0.07,1.7000000000000002,-0.06,4.9,103.2,49.8,-1.7000000000000002,-0.13,22.71226615366225,6.292259840246701,35.2,1.2,0.35000000000000003,193,68,37.2,269,100,1.8,2.4,17.5,85.1,6.5,0.6900000000000001,47,40,3.6,44,1642781,15.4,4.8,0.7000000000000001,1017,23.1,Georgia Amoore,0.9,-0.04,15.8,33.0,8.9,0.42,1.2,104.1,9.7,5.2,3.75,4.2,106,G,2.5,2027,7.0,23.819678986104815,29.176099772742486,18.463258199467145,10.7,0.9535084904759391,6.599060106015366,14.24939669978544,1.110588142198327,13.1,0.9652783316773,76.7,,baseline,15.2,10.9,12.1,308,0.31,50.6,medium,,102,37.17,1.72,-1.11,0.67,-0.359,0.39,,True,True,74,-6,1.103,False,3.0,3.0,2.2,2.4,60,56.8,31.3,13.8,74.9,1.4,2026-27,0.4,37.0,-0.4,4.2,0.30000000000000004,0.7000000000000001,0.6000000000000001,14,0.67,WAS,71.7,2.0,17.6,4.3,3.5,88,53.2,-2.8,-0.25,16.5,23.040909090909093,7.0,1.3636363636363635,3.409090909090909,11.772727272727273,0.4318181818181818,2.0,6.113636363636363,4.386363636363637,1.0681818181818181,0.3713388669562327,13.045454545454549,1.0454545454545454,0.7272727272727273,0.6363636363636364,23.76666666666667,11.0,0.6666666666666666,2.3333333333333335,14.0,0.3333333333333333,1.3333333333333333,6.666666666666667,4.666666666666667,2.0,0.373718153661144,14.966666666666667,2.6666666666666665,1.0,1.0,23.82,10.8,0.8,3.4,15.0,0.4,1.4,7.2,5.8,1.2,0.3826273037470088,16.66,5.2,1.0,0.8,25.21,11.8,2.1,3.3,17.2,0.5,1.5,8.1,6.1,1.1,0.39534166182868824,19.27,5.6,1.0,0.8,21.431818181818183,5.7272727272727275,1.3636363636363635,3.0454545454545454,10.136363636363637,0.3181818181818182,1.7727272727272727,5.2272727272727275,3.772727272727273,1.0454545454545454,0.35423157687143725,11.113636363636363,-0.18181818181818182,0.6363636363636364,0.6818181818181818,24.650000000000002,8.272727272727273,1.3636363636363635,3.772727272727273,13.409090909090908,0.5454545454545454,2.227272727272727,7.0,5.0,1.0909090909090908,0.38844615704102803,14.977272727272725,2.272727272727273,0.8181818181818182,0.5909090909090909,25.225,8.28125,1.625,3.75,13.65625,0.53125,2.125,6.875,4.96875,1.03125,0.3725135618684436,15.325,2.71875,1.0,0.65625,17.216666666666665,3.5833333333333335,0.6666666666666666,2.5,6.75,0.16666666666666666,1.6666666666666667,4.083333333333333,2.8333333333333335,1.1666666666666667,0.3682063471903368,6.966666666666666,-3.4166666666666665,0.0,0.5833333333333334,22.514285714285723,7.714285714285714,1.2142857142857142,3.392857142857143,12.321428571428571,0.39285714285714285,1.8928571428571428,5.928571428571429,4.107142857142857,1.0714285714285714,0.3676640552976046,13.546428571428569,5.821428571428571,0.75,1.0,23.962500000000002,5.75,1.625,3.4375,10.8125,0.5,2.1875,6.4375,4.875,1.0625,0.37776978735883165,12.16875,-7.3125,0.6875,0.0,5.193914148890652,1.20253432172475,2.1384430526010645,6.3277301722807655,5.042577699154319,44,3.8000000000000007,-0.5999999999999999,0.0,3.2272727272727266,0.7199999999999989,0.011288436790776124
32.0,26.9,65.6,1.8,4.4,4.1,3.2,3.5,1.6400000000000001,25,2.8,2.4,17,1.2,0.23,54.8,3.8,19.9,13.3,0.0,1.1,8.2,12.0,-1.5899999999999999,-1.76,66.6,-0.07,1398,2,-1.5899999999999999,66.6,0.1,2466,3,0.8300000000000001,66.6,0.31,-1.29,87.9,31.5,0.1,0.92,76.5,97.1,1.76,0.24,-0.37,0.30000000000000004,80.4,74.8,0.04,0.06,-3.84,51.1,-0.13,80.1,48.3,-0.32,-0.11,-0.2,-1.0,69.8,16.4,-0.56,73.3,28.2,-1.5899999999999999,66.6,2466,3,0.14,12.9,0.32,5.6,102.8,44.1,-7.4,-1.06,19.905950151428463,7.005058479476277,30.8,-3.2,-0.27,26,8,39.8,93,37,8.0,2.5,17.2,87.5,8.9,,16,14,3.7,14,1629496,28.6,7.5,1.2,285,20.4,Ezi Magbegor,-6.5,0.09,13.1,34.6,9.6,0.27,0.9,96.3,26.9,5.8,4.42,4.9,35,C,8.3,608,6.9,21.647408907940996,27.003829694578666,16.290988121303325,10.7,0.91955347802047,7.617891342824471,15.267481668571317,2.128673110984205,13.1,0.7216732644126901,70.3,,baseline,15.8,12.2,13.5,96,0.88,45.3,low,,9,3.63,2.7800000000000002,-1.01,0.98,-0.101,0.535,,True,True,44,7,1.479,False,3.2,9.2,7.1,7.9,56,54.3,54.8,37.6,65.6,4.0,2026-27,1.1,13.5,1.9,1.6,0.8,1.8,1.5,11,3.54,SEA,28.0,1.1,3.4,2.5,2.1,15,48.0,-8.0,-1.11,17.2,6.800000000000001,2.2857142857142856,1.3333333333333333,0.5952380952380952,4.214285714285714,0.6666666666666666,0.35714285714285715,2.2142857142857144,0.6190476190476191,0.38095238095238093,0.40959990653661155,6.421428571428571,-1.0238095238095237,0.19047619047619047,0.19047619047619047,9.466666666666667,3.0,1.6666666666666667,0.3333333333333333,5.0,1.3333333333333333,0.6666666666666666,2.6666666666666665,0.6666666666666666,0.6666666666666666,0.3830985915492958,8.833333333333334,-9.666666666666666,0.3333333333333333,0.0,15.219999999999999,3.4,2.0,1.0,6.4,1.4,0.6,3.6,1.0,0.8,0.2944556005333715,10.9,-10.6,0.6,0.2,19.7,6.6,3.4,1.8,11.8,1.9,1.0,6.4,1.8,1.3,0.40493914175874574,18.080000000000002,-3.1,0.7,0.2,6.454545454545454,2.4545454545454546,1.3181818181818181,0.45454545454545453,4.2272727272727275,0.7272727272727273,0.45454545454545453,2.409090909090909,0.5454545454545454,0.36363636363636365,0.4761574404550711,6.445454545454546,0.2727272727272727,0.22727272727272727,0.2727272727272727,7.18,2.1,1.35,0.75,4.2,0.6,0.25,2.0,0.7,0.4,0.3596817560977668,6.395,-2.45,0.15,0.1,25.125,7.875,4.25,2.5,14.625,2.5,1.375,7.875,2.125,1.375,0.3890825377803474,22.85,-4.875,1.0,0.25,2.488235294117647,0.9705882352941176,0.6470588235294118,0.14705882352941177,1.7647058823529411,0.23529411764705882,0.11764705882352941,0.8823529411764706,0.2647058823529412,0.14705882352941177,0.4369563982116303,2.5558823529411767,-0.11764705882352941,0.0,0.17647058823529413,7.9375,1.375,1.125,0.5,3.0,0.625,0.5,2.0,0.625,0.125,0.2919986934245489,4.85,2.25,0.25,1.0,6.532352941176471,2.5,1.3823529411764706,0.6176470588235294,4.5,0.6764705882352942,0.3235294117647059,2.264705882352941,0.6176470588235294,0.4411764705882353,0.44167296465808314,6.791176470588234,-1.7941176470588236,0.17647058823529413,0.0,4.209662023892261,2.281063794048804,1.2699053893993646,6.7626510687268135,10.346697363964184,42,-3.5000000000000004,-2.0,-0.8,2.185714285714286,-5.18,-0.11514430600324005
13.6,22.0,50.3,3.1,19.1,6.6,4.9,5.4,2.38,116,1.4,1.2,25,0.7000000000000001,-0.03,89.4,3.6,-22.2,11.7,40.0,3.3,21.6,25.9,-4.06,-3.99,95.4,-0.33,1891,2,-4.06,92.6,-0.4,1891,2,1.1400000000000001,92.6,0.89,0.76,100.0,80.7,0.89,0.23,100.0,86.6,-0.46,0.39,-0.07,-0.84,100.0,18.9,-0.25,0.11,-3.71,26.1,1.21,100.0,88.2,-0.26,0.08,0.09,-3.43,80.0,0.4,-1.92,100.0,8.0,-4.06,92.6,1891,2,0.03,11.4,-0.22,8.1,111.2,36.5,-15.0,-2.3,21.856456895981506,7.554870034939869,17.1,-16.9,-2.21,76,13,34.3,300,103,9.9,1.8,25.0,60.0,-18.6,-1.9100000000000001,75,45,5.3,38,1642809,30.8,34.7,0.2,857,22.6,Saniya Rivers,-16.6,-0.06,15.9,37.6,10.2,-1.23,1.5,94.6,15.0,3.8,2.81,3.1,67,G,10.8,1746,6.9,22.76109674066626,28.11751752730393,17.40467595402859,10.7,0.9602549975955911,7.867566483753495,16.77767154688092,0.52968827170619,16.2,0.356720171153424,61.4,,baseline,15.1,11.0,12.3,264,-1.69,48.9,low,,19,7.82,0.12,-3.5,-1.75,0.057,0.511,,True,True,218,7,1.411,False,4.6,5.5,4.0,4.5,96,54.7,50.0,25.0,61.5,2.5,2026-27,0.7000000000000001,52.4,-6.1,-10.3,1.1,2.3,1.9,41,2.77,CON,25.3,1.3,8.8,2.9,2.4,51,39.6,-16.4,-2.49,19.3,19.450000000000003,6.0,2.1818181818181817,2.6363636363636362,10.818181818181818,1.5,1.1590909090909092,6.818181818181818,1.7272727272727273,1.7045454545454546,0.43928052578080934,15.913636363636362,-6.409090909090909,0.5454545454545454,0.25,1.6666666666666667,0.0,0.0,0.3333333333333333,0.3333333333333333,0.0,0.0,0.0,0.0,0.0,0.0,0.5,-2.3333333333333335,0.0,0.3333333333333333,12.959999999999999,3.4,2.4,1.2,7.0,1.0,0.6,5.0,1.2,1.2,0.3400581606688477,10.48,-11.2,0.4,0.2,19.79,6.2,2.8,2.4,11.4,1.4,0.9,6.9,2.0,1.8,0.38538812351312474,16.46,-10.9,0.7,0.2,17.195454545454545,5.090909090909091,1.7272727272727273,2.3636363636363638,9.181818181818182,1.2272727272727273,1.0454545454545454,6.045454545454546,1.5,1.4090909090909092,0.43461673972674664,13.345454545454546,-4.363636363636363,0.45454545454545453,0.36363636363636365,21.704545454545453,6.909090909090909,2.6363636363636362,2.909090909090909,12.454545454545455,1.7727272727272727,1.2727272727272727,7.590909090909091,1.9545454545454546,2.0,0.4434779332294661,18.481818181818184,-8.454545454545455,0.6363636363636364,0.13636363636363635,26.3,8.375,2.8333333333333335,3.5833333333333335,14.791666666666666,1.9166666666666667,1.5,9.375,2.5833333333333335,2.25,0.4500187260185095,21.400000000000002,-10.875,1.0,0.08333333333333333,11.23,3.15,1.4,1.5,6.05,1.0,0.75,3.75,0.7,1.05,0.42087218251618086,9.330000000000002,-1.05,0.0,0.45,14.29090909090909,4.2727272727272725,1.6363636363636365,2.0,7.909090909090909,1.2727272727272727,1.0,4.7272727272727275,0.8181818181818182,0.9090909090909091,0.4047697664939863,12.054545454545455,3.909090909090909,0.18181818181818182,1.0,21.16969696969697,6.575757575757576,2.3636363636363638,2.8484848484848486,11.787878787878787,1.5757575757575757,1.2121212121212122,7.515151515151516,2.0303030303030303,1.9696969696969697,0.4484833949239622,17.2,-9.848484848484848,0.6666666666666666,0.0,4.4145636356296025,2.0490806477679406,2.0126450153260267,7.0257755585224535,10.041784794570392,44,-3.5000000000000004,-0.10000000000000009,-1.9000000000000001,-3.8181818181818183,-9.640000000000002,-0.09922236511196164
29.4,29.6,72.6,1.9,15.4,4.7,3.5,3.8,1.73,78,0.4,0.30000000000000004,6,0.1,-0.11,88.7,5.8,17.3,12.8,33.3,6.5,12.6,22.0,-5.26,-5.26,88.5,-0.75,823,1,-5.26,88.5,-0.75,823,1,1.2,88.5,0.79,-0.66,100.0,48.3,0.21,-1.12,100.0,21.0,-1.85,0.51,0.0,-0.43,100.0,34.9,0.02,0.03,-3.47,15.8,0.11,100.0,73.9,-0.01,-0.08,-0.01,-1.46,80.0,6.3,-0.79,100.0,21.8,-5.26,88.5,823,1,0.02,5.5,0.37,10.8,97.8,46.3,-5.2,-0.7000000000000001,17.382821759387323,5.591417339822802,30.1,-3.9,-0.37,83,25,40.9,230,94,3.4,1.9,47.4,60.6,-18.0,-1.85,109,66,8.0,42,1643430,25.0,5.2,-1.4,823,19.6,Cotie McMahon,1.9,-0.13,15.7,28.8,9.1,-0.49,2.4,99.7,22.2,4.9,3.54,3.9,81,G,9.7,1652,6.6,18.236670082212495,24.019892090479,12.453448073945989,11.6,0.95317959260238,5.866069084166037,13.5165761656075,0.37776760802038906,13.1,0.030566842944204003,57.7,,baseline,16.9,12.1,13.6,279,0.0,48.6,low,,91,35.79,1.45,-1.45,-0.09,0.09,0.402,,True,True,93,-2,1.131,False,6.8,7.3,5.3,5.8,120,57.1,83.9,36.5,54.6,2.9,2026-27,0.30000000000000004,43.6,3.5,4.9,0.5,1.3,1.1,22,1.22,WAS,36.1,1.1,12.1,2.7,2.2,45,50.2,-5.8,-0.75,17.5,19.118604651162787,6.488372093023256,2.7906976744186047,1.813953488372093,11.093023255813954,0.6511627906976745,1.0465116279069768,5.348837209302325,1.930232558139535,2.5348837209302326,0.39033567649879236,13.46511627906977,-0.5813953488372093,0.37209302325581395,0.627906976744186,18.033333333333335,9.333333333333334,1.3333333333333333,1.0,11.666666666666666,0.3333333333333333,1.0,5.0,2.0,4.0,0.42570145903479234,12.433333333333332,3.6666666666666665,0.3333333333333333,1.0,17.540000000000003,7.8,2.0,1.4,11.2,0.4,1.0,4.8,1.4,2.6,0.3888717439715625,12.5,8.0,0.2,0.8,16.55,6.3,1.9,1.5,9.7,0.3,1.2,4.4,1.8,2.2,0.38228453077857777,10.53,2.6,0.1,0.8,20.9,7.409090909090909,3.1363636363636362,1.7272727272727273,12.272727272727273,0.8636363636363636,1.1818181818181819,6.2727272727272725,2.1818181818181817,3.1818181818181817,0.4394716204301514,15.172727272727274,-0.6363636363636364,0.5,0.6818181818181818,17.252380952380957,5.523809523809524,2.4285714285714284,1.9047619047619047,9.857142857142858,0.42857142857142855,0.9047619047619048,4.380952380952381,1.6666666666666667,1.8571428571428572,0.3411997325674334,11.676190476190476,-0.5238095238095238,0.23809523809523808,0.5714285714285714,25.825,8.5,4.125,2.5625,15.1875,0.8125,1.375,7.625,2.4375,2.8125,0.3945154835894699,18.35625,2.0,1.0,0.6875,15.144444444444444,5.296296296296297,2.0,1.3703703703703705,8.666666666666666,0.5555555555555556,0.8518518518518519,4.0,1.6296296296296295,2.3703703703703702,0.3877634875199141,10.566666666666666,-2.111111111111111,0.0,0.5925925925925926,20.174074074074074,7.444444444444445,2.8518518518518516,2.185185185185185,12.481481481481481,0.8518518518518519,0.9629629629629629,5.777777777777778,2.111111111111111,2.740740740740741,0.3830690839460378,15.73703703703704,2.3333333333333335,0.4074074074074074,1.0,17.3375,4.875,2.6875,1.1875,8.75,0.3125,1.1875,4.625,1.625,2.1875,0.4034155430937509,9.631250000000001,-5.5,0.3125,0.0,4.468791745849664,2.121972796545746,1.3497056813826447,5.8951713634302605,7.053477893039497,43,1.2000000000000002,-0.8999999999999999,-0.5,0.10697674418604564,-2.0599999999999987,-0.001463932527229872
25.0,2.2,62.4,1.0,6.6,2.5,1.9,2.0,1.25,41,1.2,1.0,20,0.5,-0.02,87.8,3.0,3.0,7.4,28.6,7.5,-0.4,14.6,-5.22,-5.07,90.4,-0.47000000000000003,1199,2,-5.22,91.3,-0.62,1931,3,1.17,91.3,0.30000000000000004,-2.24,100.0,13.9,-0.21,-0.52,100.0,42.4,1.07,-0.01,0.1,1.58,100.0,90.8,-0.12,-0.06,-6.25,17.2,-1.13,100.0,10.5,0.12,-0.25,-0.16,0.32,80.0,70.6,-2.01,95.3,6.7,-5.22,91.3,1931,3,0.0,11.4,-0.19,15.6,107.6,53.0,1.5,0.39,13.781261255064097,3.81362020294333,27.8,-6.2,,18,5,51.6,186,96,6.1,2.1,57.5,75.7,-2.9,-0.29,107,81,16.8,43,1628881,43.5,12.4,-3.7,806,18.7,Monique Billings,2.0,-0.01,13.0,39.2,9.6,-0.35000000000000003,9.1,109.6,25.3,5.5,4.11,4.6,92,F,16.5,1671,6.5,14.971350883745659,20.754572892012163,9.188128875479155,11.6,0.9205088680425191,4.142947814346502,11.802140822388363,0.0,11.8,0.164673496489458,60.4,,baseline,16.6,12.5,13.8,278,-0.79,20.9,low,"prior_heavy,volatile_rank",140,55.32,1.6600000000000001,-3.25,-1.22,0.432,0.659,,True,True,183,23,1.916,True,12.2,12.3,9.2,10.2,205,58.2,110.2,52.7,49.5,4.8,2026-27,1.6,29.2,5.7,4.6,0.8,2.2,1.8,36,2.5,IND,9.7,0.8,15.0,2.1,1.7000000000000002,35,59.6,3.6,0.8,14.3,18.290909090909096,6.318181818181818,4.659090909090909,0.9318181818181818,11.909090909090908,1.2727272727272727,0.7954545454545454,4.2272727272727275,0.4090909090909091,2.4318181818181817,0.3159132860832418,16.329545454545453,0.6136363636363636,0.36363636363636365,0.6363636363636364,11.966666666666667,4.0,5.333333333333333,0.3333333333333333,9.666666666666666,0.6666666666666666,1.0,3.0,0.0,1.3333333333333333,0.35536898758602115,11.9,0.3333333333333333,0.3333333333333333,0.3333333333333333,9.48,2.4,3.6,0.2,6.2,0.4,0.6,2.0,0.0,0.8,0.23988805921827935,7.62,-3.4,0.2,0.6,12.379999999999999,3.2,3.2,0.4,6.8,1.2,0.8,3.0,0.2,1.2,0.3173400878638066,10.440000000000001,-5.7,0.2,0.6,17.572727272727274,6.318181818181818,4.545454545454546,0.9090909090909091,11.772727272727273,1.1818181818181819,0.5454545454545454,4.2272727272727275,0.2727272727272727,2.5454545454545454,0.315277581546517,16.136363636363633,2.727272727272727,0.3181818181818182,0.6818181818181818,19.009090909090908,6.318181818181818,4.7727272727272725,0.9545454545454546,12.045454545454545,1.3636363636363635,1.0454545454545454,4.2272727272727275,0.5454545454545454,2.3181818181818183,0.31652009495920647,16.52272727272727,-1.5,0.4090909090909091,0.5909090909090909,25.89375,10.5625,6.875,1.4375,18.875,1.625,0.9375,6.375,0.5625,4.0,0.3514098235477587,24.90625,5.5,1.0,0.6875,13.946428571428571,3.892857142857143,3.392857142857143,0.6428571428571429,7.928571428571429,1.0714285714285714,0.7142857142857143,3.0,0.32142857142857145,1.5357142857142858,0.2948783009190837,11.428571428571427,-2.1785714285714284,0.0,0.6071428571428571,18.60357142857143,6.75,4.821428571428571,0.8214285714285714,12.392857142857142,1.3571428571428572,0.8928571428571429,4.607142857142857,0.35714285714285715,2.607142857142857,0.3332009828388628,16.946428571428573,4.5,0.39285714285714285,1.0,17.74375,5.5625,4.375,1.125,11.0625,1.125,0.625,3.5625,0.5,2.125,0.28364291880608267,15.249999999999998,-6.1875,0.3125,0.0,4.8357810137231185,3.034247784781315,0.9250449963343021,7.39835991195969,7.995982077699536,44,-4.1,-1.1999999999999997,-0.8,-5.709090909090908,-9.219999999999999,-0.07602522686496246
54.5,57.9,84.2,0.5,4.1,1.6,1.2,1.3,1.67,2,0.0,0.0,0,0.0,-0.15,14.5,6.6,54.8,9.1,66.7,15.8,8.1,8.0,-1.38,-1.38,31.4,-0.08,60,1,-1.38,31.4,-0.08,60,1,-0.54,31.4,-0.29,-0.9400000000000001,22.8,41.2,-0.01,-0.13,18.4,59.2,-0.6000000000000001,-0.81,0.0,-0.04,18.0,50.8,-0.29,-0.15,-1.18,55.5,-0.04,19.9,54.2,0.01,0.02,0.11,0.11,17.8,59.2,0.06,21.1,69.7,-1.38,31.4,60,1,-0.05,0.9,0.05,2.5,104.6,63.2,11.7,,,,57.1,23.1,,14,8,42.1,19,8,1.7000000000000002,1.5,10.5,100.0,21.4,,2,2,5.0,4,1643454,,0.0,,60,15.0,Kara Dunn,-0.9,-0.1,18.0,25.2,8.4,-0.41000000000000003,3.8,103.7,15.8,4.7,3.6,4.0,6,,0.1,129,6.5,,,,,,,,,,,,,,20.2,15.6,17.3,26,-0.36,37.6,low,low_sample,25,9.92,0.06,-0.79,-0.38,0.017,0.055,,True,True,139,-11,0.334,False,3.1,4.7,3.6,4.0,6,0.0,21.0,10.5,36.1,1.5,2026-27,0.0,0.0,-0.6000000000000001,3.7,0.30000000000000004,0.8,0.7000000000000001,1,0.6000000000000001,PHX,73.7,0.30000000000000004,3.3,0.8,0.7000000000000001,1,65.4,9.4,,14.5,9.933333333333334,4.333333333333333,1.0,0.3333333333333333,5.666666666666667,0.16666666666666666,0.16666666666666666,3.1666666666666665,2.3333333333333335,0.3333333333333333,0.34780038141538416,6.366666666666667,-0.5,0.0,0.5,13.666666666666666,5.666666666666667,1.3333333333333333,0.3333333333333333,7.333333333333333,0.3333333333333333,0.3333333333333333,3.6666666666666665,3.0,0.6666666666666666,0.32036466625993876,8.433333333333332,-2.3333333333333335,0.0,0.6666666666666666,11.92,5.2,1.2,0.4,6.8,0.2,0.2,3.8,2.8,0.4,0.34780038141538416,7.640000000000001,-0.6,0.0,0.6,9.933333333333334,4.333333333333333,1.0,0.3333333333333333,5.666666666666667,0.16666666666666666,0.16666666666666666,3.1666666666666665,2.3333333333333335,0.3333333333333333,0.34780038141538416,6.366666666666667,-0.5,0.0,0.5,11.9,6.666666666666667,1.3333333333333333,0.3333333333333333,8.333333333333334,0.3333333333333333,0.0,4.0,3.0,0.6666666666666666,0.35774382192039234,9.766666666666666,3.6666666666666665,0.0,0.6666666666666666,7.966666666666666,2.0,0.6666666666666666,0.3333333333333333,3.0,0.0,0.3333333333333333,2.3333333333333335,1.6666666666666667,0.0,0.337856940910376,2.966666666666667,-4.666666666666667,0.0,0.3333333333333333,,,,,,,,,,,,,,,,9.933333333333334,4.333333333333333,1.0,0.3333333333333333,5.666666666666667,0.16666666666666666,0.16666666666666666,3.1666666666666665,2.3333333333333335,0.3333333333333333,0.34780038141538416,6.366666666666667,-0.5,0.0,0.5,16.26666666666667,7.666666666666667,2.0,0.6666666666666666,10.333333333333334,0.3333333333333333,0.3333333333333333,5.0,3.6666666666666665,0.6666666666666666,0.34027705176372214,11.733333333333334,2.3333333333333335,0.0,1.0,3.6,1.0,0.0,0.0,1.0,0.0,0.0,1.3333333333333333,1.0,0.0,0.37037037037037035,1.0,-3.3333333333333335,0.0,0.0,4.633213427705082,1.0954451150103321,0.5163977794943222,5.750362307426086,8.180383039116608,6,-1.2999999999999998,-0.30000000000000004,-0.09999999999999998,1.1333333333333329,-3.08,0.0
42.7,34.4,62.4,0.9,8.4,2.9,2.2,2.4,3.0,36,1.2,1.0,15,0.4,0.1,78.4,1.6,14.6,25.5,37.5,3.7,16.2,14.4,-1.6099999999999999,-1.51,84.1,-0.33,1226,2,-1.6099999999999999,84.1,-0.43,1830,3,1.25,84.1,1.48,-1.42,100.0,27.7,0.21,-0.55,100.0,41.2,-0.08,0.29,0.26,0.49,100.0,79.0,-0.09,0.31,-1.28,50.2,-0.30000000000000004,100.0,37.8,0.49,0.15,0.35000000000000003,0.66,80.0,80.3,0.27,100.0,79.0,-1.6099999999999999,84.1,1830,3,0.0,7.7,-0.22,11.2,106.3,55.7,4.2,0.8300000000000001,8.592990792371497,3.97000759444555,42.2,8.2,1.34,83,35,47.7,218,104,4.4,1.7000000000000002,13.8,83.3,4.7,0.5,30,25,9.7,41,1641652,34.6,11.9,-5.6,607,14.8,Maddy Siegrist,5.2,0.09,12.0,35.2,9.2,1.07,4.0,111.5,25.7,5.6,4.15,4.6,70,F,10.7,1249,6.5,9.191424543520501,14.454621893014956,3.928227194026045,10.5,0.934892165157263,4.24648718045223,11.909885892393957,0.0,11.9,0.054621903002857006,59.1,,baseline,21.5,15.8,17.7,268,0.43,30.6,low,,66,23.45,2.52,-1.6600000000000001,0.31,0.114,0.584,,True,True,64,24,1.633,False,7.7,8.8,6.6,7.2,110,69.8,38.1,24.3,43.3,2.7,2026-27,1.5,18.3,-2.4,-3.5,0.4,1.3,1.1,16,1.8399999999999999,DAL,38.1,0.30000000000000004,5.3,1.0,0.9,13,58.0,2.0,0.54,17.4,13.838636363636361,6.090909090909091,2.5,0.8181818181818182,9.409090909090908,0.7045454545454546,0.29545454545454547,4.954545454545454,1.8863636363636365,0.6818181818181818,0.3881997439570318,12.136363636363633,2.3636363636363638,0.1590909090909091,0.6136363636363636,19.599999999999998,7.666666666666667,2.3333333333333335,0.6666666666666666,10.666666666666666,0.0,1.0,6.333333333333333,2.6666666666666665,1.0,0.389171533238101,10.466666666666667,6.333333333333333,0.3333333333333333,0.6666666666666666,19.640000000000004,9.2,2.2,0.8,12.2,0.4,0.6,7.2,3.0,0.6,0.4062963515532356,13.64,7.6,0.4,0.8,18.4,7.8,2.5,1.1,11.4,0.7,0.4,6.6,2.5,0.6,0.3892767973252091,14.15,4.4,0.2,0.7,14.831818181818186,7.045454545454546,3.0,1.0,11.045454545454545,0.5454545454545454,0.3181818181818182,5.409090909090909,1.9545454545454546,0.9545454545454546,0.4050719646025722,13.463636363636363,4.818181818181818,0.13636363636363635,0.7272727272727273,12.845454545454546,5.136363636363637,2.0,0.6363636363636364,7.7727272727272725,0.8636363636363636,0.2727272727272727,4.5,1.8181818181818181,0.4090909090909091,0.37048391227921434,10.80909090909091,-0.09090909090909091,0.18181818181818182,0.5,24.314285714285717,11.142857142857142,5.142857142857143,1.4285714285714286,17.714285714285715,1.5714285714285714,0.5714285714285714,8.285714285714286,2.7142857142857144,1.7142857142857142,0.39658754849663397,23.6,7.571428571428571,1.0,0.7142857142857143,11.856756756756758,5.135135135135135,2.0,0.7027027027027027,7.837837837837838,0.5405405405405406,0.24324324324324326,4.324324324324325,1.7297297297297298,0.4864864864864865,0.38647284302240786,9.967567567567567,1.3783783783783783,0.0,0.5945945945945946,14.822222222222221,6.37037037037037,2.4074074074074074,0.8888888888888888,9.666666666666666,0.8148148148148148,0.37037037037037035,5.185185185185185,2.0,0.4444444444444444,0.36739453707266034,12.666666666666664,4.111111111111111,0.18518518518518517,1.0,12.276470588235295,5.647058823529412,2.6470588235294117,0.7058823529411765,9.0,0.5294117647058824,0.17647058823529413,4.588235294117647,1.7058823529411764,1.0588235294117647,0.42426210255660923,11.294117647058822,-0.4117647058823529,0.11764705882352941,0.0,4.5331758045838315,2.194072352583682,0.9467871564727383,6.35872658678582,6.954410208857797,44,2.6999999999999993,-0.5,-0.09999999999999998,2.790909090909091,4.840000000000003,0.01809660759620385
,0.0,50.9,1.2,12.6,3.3,2.5,2.6,1.33,51,2.4,1.9,37,0.8,0.02,87.5,2.3,23.9,6.0,,0.0,8.4,16.8,-2.52,-2.52,85.2,-0.4,776,1,-2.52,85.2,-0.4,776,1,1.21,85.2,0.91,-1.52,100.0,25.6,-0.23,0.5,100.0,90.3,2.7800000000000002,0.44,0.0,1.63,100.0,92.0,0.30000000000000004,0.38,-5.35,38.2,-0.68,100.0,23.9,0.22,0.13,0.23,-0.12,80.0,51.3,-2.14,81.3,4.2,-2.52,85.2,776,1,0.1,14.3,0.53,17.9,97.2,52.4,0.9,0.29,17.457414694868824,4.46197338993543,0.0,,,0,0,52.4,212,111,10.2,1.4,41.5,69.3,-9.3,-0.9500000000000001,88,61,16.6,44,1643427,31.1,21.2,0.5,776,17.6,Lauren Betts,3.6,-0.08,15.5,28.6,9.2,-0.65,7.0,100.8,27.8,3.9,2.83,3.1,61,C,20.8,1555,6.4,18.084596525818814,23.86781853408532,12.301374517552308,11.6,0.9653195563387561,4.622275971346432,12.274119129385642,0.0,12.3,0.051472748943522,59.6,,baseline,18.2,13.1,14.6,283,0.26,52.1,medium,,72,27.44,1.54,-1.02,0.47000000000000003,-0.212,0.34400000000000003,,True,True,76,-5,0.998,False,13.1,13.1,9.4,10.5,203,72.2,92.4,50.9,49.6,4.6,2026-27,1.5,24.3,2.0,-2.0,0.6000000000000001,1.6,1.3,25,2.88,WAS,0.0,0.9,11.9,2.6,2.1,40,56.4,0.4,0.27,16.8,17.66818181818182,6.431818181818182,4.613636363636363,1.1590909090909092,12.204545454545455,1.4090909090909092,0.9090909090909091,4.818181818181818,0.0,2.0,0.3762309159647675,17.025000000000002,0.8863636363636364,0.18181818181818182,0.6363636363636364,23.433333333333334,6.666666666666667,6.0,2.3333333333333335,15.0,3.3333333333333335,1.3333333333333333,8.0,0.0,2.3333333333333335,0.4417491620539072,26.03333333333333,7.0,0.6666666666666666,1.0,22.28,7.0,6.0,2.2,15.2,2.4,1.0,6.8,0.0,3.4,0.41129127672944293,23.7,6.8,0.6,0.8,20.6,6.6,5.6,1.9,14.1,1.9,0.8,5.5,0.0,2.8,0.3536704989439804,21.07,6.5,0.4,0.8,17.040909090909093,6.954545454545454,4.590909090909091,1.3636363636363635,12.909090909090908,1.4545454545454546,0.9545454545454546,5.5,0.0,1.8181818181818181,0.4220730482014823,17.91818181818182,0.7272727272727273,0.13636363636363635,0.6818181818181818,18.295454545454547,5.909090909090909,4.636363636363637,0.9545454545454546,11.5,1.3636363636363635,0.8636363636363636,4.136363636363637,0.0,2.1818181818181817,0.3303887837280524,16.131818181818183,1.0454545454545454,0.22727272727272727,0.5909090909090909,24.4375,7.625,6.875,1.75,16.25,2.5,1.0,5.875,0.0,3.625,0.34118213898475624,25.0,7.875,1.0,0.875,16.163888888888888,6.166666666666667,4.111111111111111,1.0277777777777777,11.305555555555555,1.1666666666666667,0.8888888888888888,4.583333333333333,0.0,1.6388888888888888,0.3840195330714367,15.252777777777778,-0.6666666666666666,0.0,0.5833333333333334,18.642857142857142,6.928571428571429,5.214285714285714,1.25,13.392857142857142,1.7142857142857142,1.0357142857142858,5.107142857142857,0.0,2.3214285714285716,0.383714025778101,19.167857142857144,3.642857142857143,0.25,1.0,15.962499999999999,5.5625,3.5625,1.0,10.125,0.875,0.6875,4.3125,0.0,1.4375,0.3631354737914336,13.274999999999999,-3.9375,0.0625,0.0,3.266444815639049,2.3349309943581584,0.9386576714124697,4.713067166311648,4.504559588067675,44,0.5999999999999996,1.4000000000000004,1.0000000000000002,2.9954545454545443,4.68,0.03506036076467545
26.9,38.8,77.9,1.8,13.7,4.1,3.1,3.4,1.8,77,0.6000000000000001,0.5,11,0.30000000000000004,0.02,94.8,2.8,0.0,2.9,40.7,11.3,11.7,15.7,-5.23,-5.15,95.6,-0.55,1562,2,-5.23,96.1,-0.63,2403,3,1.18,96.1,0.85,-1.33,100.0,29.4,0.31,-1.07,100.0,23.5,-2.99,0.16,0.0,-1.35,100.0,2.5,-0.12,-0.01,-2.29,16.8,0.08,100.0,72.7,0.05,-0.08,0.08,-0.27,80.0,39.1,-0.16,100.0,44.1,-5.23,96.1,2403,3,0.06,6.1,-0.29,4.8,102.9,50.0,-1.5,-0.1,10.299479849711233,3.373030509943643,30.0,-4.0,-0.39,120,36,42.5,240,102,4.5,2.4,20.4,85.7,7.1,0.75,49,42,4.3,44,1642292,33.3,13.8,-9.4,908,20.6,Jacy Sheldon,-2.4,-0.04,14.7,35.3,10.9,-0.86,1.9,100.5,8.3,5.5,4.16,4.6,105,G,4.4,1898,6.4,11.20835740933372,16.991579417600224,5.425135401067215,11.6,0.918910726484719,3.670683574287055,9.654813757934928,0.639055481242737,9.0,0.09609693734492801,62.0,,baseline,14.9,11.2,12.4,282,-1.34,42.2,low,,14,5.02,0.74,-3.41,-1.23,-0.10200000000000001,0.579,,True,True,206,17,1.617,False,3.4,3.2,2.4,2.7,61,70.1,48.3,27.9,51.8,1.4,2026-27,0.4,21.6,1.8,4.5,0.8,1.9,1.6,36,1.8599999999999999,CHI,50.0,1.0,11.5,2.3,1.9,44,53.9,-2.1,-0.14,14.7,20.611363636363638,6.409090909090909,1.3863636363636365,1.75,9.545454545454545,1.0681818181818181,1.0,5.454545454545454,2.727272727272727,1.1136363636363635,0.3432640283173404,12.90227272727273,-0.7045454545454546,0.4318181818181818,0.36363636363636365,20.099999999999998,8.333333333333334,1.6666666666666667,3.3333333333333335,13.333333333333334,1.0,1.6666666666666667,8.0,3.3333333333333335,0.3333333333333333,0.504638522820341,16.666666666666664,-3.3333333333333335,0.3333333333333333,0.3333333333333333,19.72,6.4,2.0,3.0,11.4,0.8,1.6,6.0,2.6,1.4,0.4250144329433372,14.1,-6.6,0.2,0.2,17.89,4.9,1.7,2.1,8.7,0.6,1.6,5.6,3.0,0.8,0.42793032502947315,10.290000000000001,-5.0,0.2,0.4,19.095454545454547,6.2272727272727275,1.2272727272727273,1.5909090909090908,9.045454545454545,0.8181818181818182,0.7727272727272727,5.454545454545454,2.8636363636363638,1.0,0.3598536684466966,11.768181818181818,0.45454545454545453,0.4090909090909091,0.5,22.127272727272725,6.590909090909091,1.5454545454545454,1.9090909090909092,10.045454545454545,1.3181818181818181,1.2272727272727273,5.454545454545454,2.590909090909091,1.2272727272727273,0.32667438818798394,14.036363636363633,-1.8636363636363635,0.45454545454545453,0.22727272727272727,25.721052631578946,8.842105263157896,1.3157894736842106,2.3157894736842106,12.473684210526315,1.5789473684210527,0.8947368421052632,6.631578947368421,3.1578947368421053,1.3157894736842106,0.3180971213980148,17.736842105263158,2.6315789473684212,1.0,0.42105263157894735,16.727999999999998,4.56,1.44,1.32,7.32,0.68,1.08,4.56,2.4,0.96,0.36239087757602767,9.228,-3.24,0.0,0.32,21.7875,8.0,1.75,2.0,11.75,1.625,0.75,6.375,3.375,1.5625,0.3744512449956944,17.225,6.5625,0.5,1.0,19.939285714285717,5.5,1.1785714285714286,1.6071428571428572,8.285714285714286,0.75,1.1428571428571428,4.928571428571429,2.357142857142857,0.8571428571428571,0.3254427616439951,10.432142857142855,-4.857142857142857,0.39285714285714285,0.0,3.9843775261153533,1.3505538758858124,1.1837072233866255,5.1914712950365205,5.671397674790906,44,0.0,0.6000000000000001,1.2,1.8545454545454554,-0.8800000000000026,0.08175040462599681
27.7,46.4,70.7,1.3,13.9,3.8,2.9,3.1,1.0,44,0.7000000000000001,0.6000000000000001,8,0.2,-0.15,74.8,5.0,3.8,10.1,25.0,2.9,6.7,20.3,-3.8,-3.8,82.1,-0.45,566,1,-3.8,82.1,-0.45,566,1,1.12,82.1,0.30000000000000004,-0.8300000000000001,100.0,43.3,-0.19,-0.92,100.0,27.7,-0.81,0.35000000000000003,0.0,0.29,100.0,74.4,-0.13,0.05,-3.03,29.0,-0.85,100.0,17.6,-0.01,-0.17,-0.17,-0.16,80.0,49.2,-0.55,100.0,28.6,-3.8,82.1,566,1,-0.07,6.6,-0.46,11.1,108.6,43.2,-8.3,-1.21,8.022899171062257,2.90350814576811,27.5,-6.5,-0.74,69,19,36.4,140,51,3.8,1.9,86.4,81.8,3.2,0.35000000000000003,121,99,10.2,35,204468,30.0,7.1,-7.3,566,16.2,Valeriane Ayayi,-8.3,-0.08,16.6,33.1,9.5,-0.66,4.5,100.3,22.1,5.6,4.2,4.7,66,F,10.1,1169,6.3,8.891361047268292,14.154558396762749,3.628163697773836,10.5,0.902325204027919,3.217806765018913,9.211563073774478,0.195804797082288,9.0,0.033225200623501004,60.4,,baseline,18.8,14.0,15.5,220,-1.25,54.4,medium,,99,38.54,-0.27,-2.23,-1.35,0.105,0.23600000000000002,,True,True,202,2,0.765,False,7.9,8.3,6.2,6.9,97,50.0,107.8,21.4,49.9,2.8,2026-27,1.0,35.3,-1.5,-0.6000000000000001,0.5,1.5,1.2,17,1.5899999999999999,PHX,49.3,1.3,14.0,3.9,3.3,46,56.9,0.9,0.36,18.6,13.846341463414632,5.365853658536586,2.3658536585365852,1.0731707317073171,8.804878048780488,0.6097560975609756,1.1219512195121952,3.4146341463414633,1.6829268292682926,2.951219512195122,0.45018423704520677,10.521951219512196,-2.048780487804878,0.2682926829268293,0.34146341463414637,8.166666666666666,3.6666666666666665,2.6666666666666665,0.6666666666666666,7.0,0.3333333333333333,0.3333333333333333,3.3333333333333335,1.6666666666666667,3.6666666666666665,0.6217539552645935,8.533333333333333,-6.333333333333333,0.0,0.3333333333333333,7.26,2.2,1.8,0.8,4.8,0.4,0.2,2.6,1.2,2.2,0.4992483995549268,6.56,-4.4,0.0,0.4,11.070000000000002,3.5,2.0,1.0,6.5,0.6,0.9,2.2,1.2,3.1,0.4284608355557942,8.3,-6.5,0.1,0.3,15.342857142857142,5.904761904761905,2.5238095238095237,1.380952380952381,9.80952380952381,0.6190476190476191,1.1904761904761905,3.5714285714285716,1.8571428571428572,3.3333333333333335,0.41349136794773134,11.67142857142857,-1.4761904761904763,0.3333333333333333,0.2857142857142857,12.275000000000002,4.8,2.2,0.75,7.75,0.6,1.05,3.25,1.5,2.55,0.49375701909845887,9.315000000000001,-2.65,0.2,0.4,25.272727272727273,10.909090909090908,3.909090909090909,1.9090909090909092,16.727272727272727,0.7272727272727273,1.5454545454545454,6.0,3.272727272727273,4.636363636363637,0.3707856335740358,19.099999999999998,-0.36363636363636365,1.0,0.45454545454545453,9.656666666666666,3.3333333333333335,1.8,0.7666666666666667,5.9,0.5666666666666667,0.9666666666666667,2.466666666666667,1.1,2.3333333333333335,0.48657526363616,7.376666666666666,-2.6666666666666665,0.0,0.3,15.435714285714289,8.714285714285714,3.2142857142857144,1.0,12.928571428571429,0.7142857142857143,1.5,5.142857142857143,2.5714285714285716,3.642857142857143,0.5985970661254624,14.714285714285717,4.285714285714286,0.35714285714285715,1.0,13.022222222222224,3.6296296296296298,1.9259259259259258,1.1111111111111112,6.666666666666667,0.5555555555555556,0.9259259259259259,2.5185185185185186,1.2222222222222223,2.5925925925925926,0.37275145665550824,8.348148148148148,-5.333333333333333,0.2222222222222222,0.0,5.756544525846107,2.2556162967244187,1.1043152607484654,7.724051761203839,9.262264775986909,41,-4.1,-0.9999999999999998,-0.5,-4.004878048780488,-8.94,0.04906416250972001
32.1,30.5,64.8,1.4,10.7,3.6,2.5,2.7,1.4,61,0.6000000000000001,0.5,11,0.30000000000000004,0.05,92.5,4.3,-5.7,11.4,10.0,7.8,7.3,17.6,-4.26,-4.23,94.6,-0.58,1426,2,-4.26,92.7,-0.61,1426,2,1.19,92.7,0.62,-1.63,100.0,21.8,-0.17,-0.23,100.0,54.2,1.07,0.36,-0.03,1.07,100.0,84.9,0.11,0.11,-5.4,23.9,-0.53,100.0,28.6,0.2,-0.14,-0.16,-1.15,80.0,11.8,-0.92,100.0,19.3,-4.26,92.7,1426,2,0.07,8.8,0.49,15.4,95.8,45.9,-5.6,-0.77,11.581949883195403,3.102135232511727,27.6,-6.4,-0.73,98,27,40.6,256,104,4.4,2.4,21.9,76.8,-1.8,-0.17,56,43,15.1,44,1630097,11.8,6.6,-8.0,889,20.2,Kaila Charles,12.8,-0.01,10.6,27.2,8.7,0.39,7.4,108.6,28.5,6.1,4.21,4.7,104,G,14.9,1694,6.3,12.162527168407554,17.94574917667406,6.379305160141048,11.6,0.9522650780406711,3.25763834466608,9.242655429600525,0.226897152908335,9.0,0.054023279784024006,62.6,,baseline,16.4,11.2,12.5,278,1.38,41.7,low,,16,6.34,3.42,-0.66,1.5899999999999999,-0.20400000000000001,0.5710000000000001,,True,True,26,-9,1.593,False,11.4,12.2,8.4,9.3,206,58.8,48.5,26.6,53.2,4.7,2026-27,1.0,31.7,-0.6000000000000001,-1.1,0.8,2.1,1.6,35,1.8599999999999999,GSV,38.3,1.0,11.2,2.5,1.9,43,49.5,-6.5,-0.86,16.6,20.213636363636365,6.318181818181818,4.681818181818182,1.3863636363636365,12.386363636363637,1.0454545454545454,0.9772727272727273,5.818181818181818,2.227272727272727,1.2727272727272727,0.35622545228969105,16.175,4.7272727272727275,0.4772727272727273,0.7272727272727273,25.96666666666667,8.333333333333334,7.666666666666667,1.3333333333333333,17.333333333333332,1.6666666666666667,1.0,8.666666666666666,2.3333333333333335,1.3333333333333333,0.37343129379211853,23.53333333333333,-1.3333333333333333,1.0,0.6666666666666666,26.640000000000004,8.6,7.4,2.2,18.2,1.8,1.4,9.2,2.4,2.4,0.423476958093453,24.779999999999998,4.4,1.0,0.8,21.39,7.0,5.7,1.6,14.3,1.2,1.0,6.6,1.9,1.6,0.35587050577757817,18.839999999999996,5.7,0.6,0.7,19.47727272727273,6.5,4.2272727272727275,1.2727272727272727,12.0,1.0909090909090908,1.1363636363636365,6.2727272727272725,2.3636363636363638,1.0454545454545454,0.39497301926955025,15.618181818181817,2.590909090909091,0.4090909090909091,0.7727272727272727,20.95,6.136363636363637,5.136363636363637,1.5,12.772727272727273,1.0,0.8181818181818182,5.363636363636363,2.090909090909091,1.5,0.31747788530983184,16.731818181818184,6.863636363636363,0.5454545454545454,0.6818181818181818,25.080952380952382,8.857142857142858,6.285714285714286,1.4761904761904763,16.61904761904762,1.2380952380952381,1.0,8.142857142857142,2.6666666666666665,1.8095238095238095,0.39695669199672967,21.32857142857143,7.428571428571429,1.0,0.7619047619047619,15.769565217391307,4.0,3.217391304347826,1.3043478260869565,8.521739130434783,0.8695652173913043,0.9565217391304348,3.6956521739130435,1.826086956521739,0.782608695652174,0.31903605951369934,11.469565217391304,2.260869565217391,0.0,0.6956521739130435,20.265625,7.09375,4.6875,1.46875,13.25,1.0,0.96875,6.15625,2.25,1.5625,0.37541137102349914,16.953125,7.0,0.5,1.0,20.075000000000003,4.25,4.666666666666667,1.1666666666666667,10.083333333333334,1.1666666666666667,1.0,4.916666666666667,2.1666666666666665,0.5,0.30506300233286926,14.1,-1.3333333333333333,0.4166666666666667,0.0,4.235908113683382,2.6830451917657077,1.3676649441939963,6.985752640747934,5.795009517382514,44,2.3,2.7,0.8000000000000003,5.813636363636363,6.440000000000005,0.06725150580376194
37.3,39.5,73.3,0.7000000000000001,11.6,2.5,1.8,2.1,1.4,31,2.2,1.9,28,0.6000000000000001,0.2,76.1,3.2,20.7,11.3,55.6,4.3,11.7,16.2,-0.06,-0.06,82.1,-0.08,603,1,-0.06,82.1,-0.08,603,1,1.15,82.1,1.76,-0.8,100.0,45.0,0.14,-0.56,100.0,40.3,-0.12,0.1,0.0,0.55,100.0,79.4,0.43,0.31,0.06,72.3,-0.59,100.0,27.3,0.67,0.17,0.48,1.29,80.0,94.1,0.29,100.0,79.8,-0.06,82.1,603,1,0.05,11.1,0.48,11.2,101.2,58.6,7.1,1.3,10.167992317296068,4.546290660877547,39.1,5.1,0.9,92,36,50.0,210,105,10.0,0.9,17.1,86.1,7.5,0.79,36,31,12.3,44,1629566,31.3,7.6,-2.9,603,13.7,Han Xu,7.3,0.14,11.6,34.5,10.8,-0.16,6.2,108.5,19.0,3.2,2.45,2.7,41,C,13.7,1262,6.3,10.82083871907851,16.604060727345015,5.037616710812006,11.6,0.9396676709882571,4.83818992739866,12.501805359509724,0.0,12.5,0.043277689778889,58.0,,baseline,21.9,16.6,18.4,277,0.49,62.9,medium,,24,8.67,1.45,-0.48,0.67,-0.181,0.23,,True,True,61,8,0.753,False,9.2,8.6,6.6,7.2,109,72.6,46.6,29.5,47.3,2.5,2026-27,1.3,20.0,1.3,2.9,0.30000000000000004,1.0,0.9,13,2.45,NYL,43.8,0.5,6.9,1.6,1.3,20,61.3,5.3,1.08,18.0,13.72272727272727,6.295454545454546,2.477272727272727,0.7045454545454546,9.477272727272727,0.9318181818181818,0.45454545454545453,4.7727272727272725,2.090909090909091,0.8181818181818182,0.4051829453488489,12.66590909090909,2.272727272727273,0.11363636363636363,0.5909090909090909,12.833333333333334,6.666666666666667,1.6666666666666667,1.0,9.333333333333334,0.6666666666666666,0.3333333333333333,6.0,1.6666666666666667,1.0,0.7031171442936149,11.833333333333334,6.333333333333333,0.3333333333333333,0.3333333333333333,12.6,7.8,2.2,0.8,10.8,0.8,0.2,5.4,1.6,1.6,0.567013143719026,13.84,6.4,0.2,0.6,13.75,7.1,2.5,0.6,10.2,0.7,0.3,5.8,2.1,1.2,0.5051595586988706,12.8,4.1,0.2,0.6,12.931818181818182,6.909090909090909,2.590909090909091,0.5454545454545454,10.045454545454545,0.8636363636363636,0.3181818181818182,5.090909090909091,2.0454545454545454,0.8181818181818182,0.46532594599015087,13.109090909090908,2.8636363636363638,0.045454545454545456,0.6363636363636364,14.513636363636367,5.681818181818182,2.3636363636363638,0.8636363636363636,8.909090909090908,1.0,0.5909090909090909,4.454545454545454,2.1363636363636362,0.8181818181818182,0.3450399447075467,12.22272727272727,1.6818181818181819,0.18181818181818182,0.5454545454545454,23.119999999999997,11.6,5.2,0.6,17.4,1.2,1.0,8.8,4.2,2.6,0.482411751856706,21.340000000000003,3.2,1.0,0.6,12.517948717948721,5.615384615384615,2.128205128205128,0.717948717948718,8.461538461538462,0.8974358974358975,0.38461538461538464,4.256410256410256,1.8205128205128205,0.5897435897435898,0.39528181630938,11.553846153846152,2.1538461538461537,0.0,0.5897435897435898,14.350000000000001,7.153846153846154,2.8461538461538463,0.7692307692307693,10.76923076923077,0.9230769230769231,0.4230769230769231,4.846153846153846,2.0,1.0384615384615385,0.3860779451293527,14.069230769230767,4.6923076923076925,0.11538461538461539,1.0,12.816666666666668,5.055555555555555,1.9444444444444444,0.6111111111111112,7.611111111111111,0.9444444444444444,0.5,4.666666666666667,2.2222222222222223,0.5,0.4327790567770099,10.63888888888889,-1.2222222222222223,0.1111111111111111,0.0,4.6634628587665565,2.0172354598891644,0.7649151177880581,5.966919022541236,5.624277261532164,44,1.5,-0.2999999999999998,0.09999999999999998,1.322727272727274,-1.0999999999999996,0.1618301983701771
40.0,39.7,78.8,1.0,7.5,2.8,1.9,2.3,1.0,43,4.7,3.8,72,1.8,0.26,85.5,2.9,-1.6,3.2,28.6,3.7,-0.1,11.0,-0.26,-0.26,86.2,-0.09,762,1,-0.26,86.2,-0.09,762,1,1.3,86.2,1.11,-2.62,100.0,8.4,-0.04,1.76,100.0,99.6,3.41,0.35000000000000003,0.0,0.66,100.0,80.7,-0.21,0.26,-3.68,71.0,-1.0,100.0,13.0,0.45,-0.07,-0.07,1.25,80.0,93.3,-0.28,100.0,37.4,-0.26,86.2,762,1,0.21,20.0,0.63,15.6,101.3,59.3,7.8,1.4100000000000001,23.034211089323108,7.249109518915817,39.0,5.0,0.88,82,32,50.8,189,96,13.6,1.7000000000000002,25.9,71.4,-7.2,-0.73,49,35,12.0,41,1630386,50.0,3.2,4.4,762,18.6,Awak Kuier,9.2,0.06,11.6,34.7,9.2,-0.59,3.9,110.5,18.0,4.6,3.35,3.7,71,F,21.3,1537,6.3,23.034211089323108,28.39063187596078,17.677790302685437,10.7,1.0,7.249109518915817,16.15836961188935,0.0,16.2,0.425243731362869,64.7,,baseline,16.9,12.2,13.6,259,0.34,58.0,medium,,44,16.87,1.42,-0.75,0.45,-0.112,0.273,,True,True,72,-13,0.844,False,10.1,10.4,7.5,8.4,160,64.2,61.3,35.4,60.2,3.9,2026-27,0.7000000000000001,8.3,4.2,7.2,0.6000000000000001,1.6,1.3,24,4.54,DAL,43.4,1.0,14.5,2.7,2.2,41,61.5,5.5,1.11,14.9,18.18095238095238,6.166666666666667,3.8095238095238093,1.0238095238095237,11.0,2.2857142857142856,0.9761904761904762,4.5,1.9523809523809523,1.1666666666666667,0.3314666336333287,18.154761904761905,3.357142857142857,0.5238095238095238,0.5952380952380952,28.7,11.0,4.666666666666667,1.6666666666666667,17.333333333333332,4.333333333333333,1.0,5.333333333333333,3.0,1.0,0.23326213253078018,31.099999999999998,4.666666666666667,1.0,0.6666666666666666,25.72,8.8,5.4,1.4,15.6,4.4,1.2,4.2,2.0,1.6,0.23412235521886324,29.379999999999995,9.2,1.0,0.8,27.169999999999998,8.7,6.7,1.7,17.1,4.7,1.3,5.4,2.9,2.1,0.27417836701485604,32.09,8.4,0.9,0.7,19.11904761904762,6.619047619047619,3.9523809523809526,0.9047619047619048,11.476190476190476,2.619047619047619,1.0,4.809523809523809,1.9523809523809523,1.2380952380952381,0.33138228640425094,19.576190476190476,6.666666666666667,0.5238095238095238,0.7142857142857143,17.24285714285714,5.714285714285714,3.6666666666666665,1.1428571428571428,10.523809523809524,1.9523809523809523,0.9523809523809523,4.190476190476191,1.9523809523809523,1.0952380952380953,0.33155519822386026,16.733333333333334,0.047619047619047616,0.5238095238095238,0.47619047619047616,24.877272727272725,8.681818181818182,5.2727272727272725,1.6818181818181819,15.636363636363637,3.409090909090909,1.1818181818181819,5.954545454545454,2.5,1.6363636363636365,0.31819533246675147,26.577272727272724,6.318181818181818,1.0,0.7272727272727273,10.815,3.4,2.2,0.3,5.9,1.05,0.75,2.9,1.35,0.65,0.34683340340515484,8.89,0.1,0.0,0.45,19.436,7.0,4.24,1.12,12.36,2.56,0.92,4.92,2.16,1.08,0.31857522599289,20.528,6.8,0.64,1.0,16.33529411764706,4.9411764705882355,3.176470588235294,0.8823529411764706,9.0,1.8823529411764706,1.0588235294117647,3.8823529411764706,1.6470588235294117,1.2941176470588236,0.35160945807151406,14.664705882352942,-1.7058823529411764,0.35294117647058826,0.0,4.282218861055999,2.932060752357775,1.4896078259156116,7.146549568267703,8.846888335295597,42,2.500000000000001,1.5000000000000004,0.3999999999999999,4.6,7.119999999999997,-0.09734427841446544
34.9,44.3,74.7,0.7000000000000001,7.8,2.4,1.6,1.9,0.78,29,0.2,0.1,2,0.1,-0.19,76.5,3.0,-2.0,3.9,33.3,6.2,0.5,13.2,-7.25,-7.25,82.1,-1.13,606,1,-7.25,82.1,-1.13,606,1,1.13,82.1,0.1,-2.02,100.0,16.4,-0.6000000000000001,-1.9100000000000001,100.0,2.1,-3.37,-0.06,0.0,-0.55,100.0,30.7,-0.02,-0.14,-3.95,4.2,-1.3,100.0,5.5,-0.09,-0.21,-0.04,0.30000000000000004,80.0,69.3,0.19,100.0,73.5,-7.25,82.1,606,1,-0.13,3.6,-0.53,9.3,111.5,52.1,0.6000000000000001,0.24,9.801224777016374,3.590874457759147,34.7,0.7000000000000001,0.28,98,34,43.3,194,84,2.3,1.6,24.7,87.5,8.9,0.9400000000000001,48,42,8.8,39,1643494,25.0,2.1,-4.7,606,15.5,Frieda Buhner,-10.4,-0.06,17.5,37.8,11.8,-0.46,4.1,101.1,23.2,5.3,3.8,4.2,64,,7.3,1217,6.3,10.75192351439386,16.535145522660365,4.968701506127355,11.6,0.911578729507816,3.939181928584431,9.92343361829009,0.9076753415978991,9.0,0.015497909655346,60.0,,baseline,20.0,14.6,16.1,244,-1.27,65.3,medium,,24,10.47,-0.65,-1.8900000000000001,-1.5,0.228,0.111,,True,True,203,-4,0.486,False,6.7,6.7,4.9,5.3,81,61.7,48.9,24.2,47.8,2.1,2026-27,0.9,10.7,0.6000000000000001,2.5,0.30000000000000004,1.1,0.9,13,0.89,PDX,50.5,0.9,13.0,2.9,2.3,35,56.7,0.7000000000000001,0.32,18.4,14.71951219512195,5.951219512195122,1.975609756097561,0.7073170731707317,8.634146341463415,0.36585365853658536,0.8536585365853658,4.7317073170731705,2.3902439024390243,1.170731707317073,0.4088702879384572,9.626829268292683,-2.8780487804878048,0.14634146341463414,0.3902439024390244,21.200000000000003,7.333333333333333,1.6666666666666667,1.3333333333333333,10.333333333333334,0.3333333333333333,1.0,6.0,3.3333333333333335,0.6666666666666666,0.3398291568675155,11.333333333333334,-6.0,0.6666666666666666,0.3333333333333333,19.56,6.8,1.6,1.0,9.4,0.4,1.0,5.6,3.0,0.8,0.355229026083433,10.420000000000002,-5.8,0.4,0.2,16.55,6.3,1.8,0.7,8.8,0.2,1.3,5.4,2.8,0.4,0.4386611110027966,8.81,-5.2,0.3,0.3,13.495238095238093,4.857142857142857,1.4761904761904763,0.38095238095238093,6.714285714285714,0.2857142857142857,0.9047619047619048,3.9047619047619047,1.7619047619047619,1.0,0.3813273918407211,7.152380952380952,-0.7142857142857143,0.0,0.42857142857142855,16.005000000000003,7.1,2.5,1.05,10.65,0.45,0.8,5.6,3.05,1.35,0.4378628101466004,12.224999999999998,-5.15,0.3,0.35,21.033333333333335,10.5,3.3333333333333335,1.5,15.333333333333334,0.5,0.5,6.833333333333333,3.6666666666666665,2.6666666666666665,0.4061102925664289,17.750000000000004,-9.333333333333334,1.0,0.16666666666666666,13.637142857142855,5.171428571428572,1.7428571428571429,0.5714285714285714,7.485714285714286,0.34285714285714286,0.9142857142857143,4.371428571428571,2.1714285714285713,0.9142857142857143,0.409372105278826,8.234285714285715,-1.7714285714285714,0.0,0.42857142857142855,12.8125,6.0625,2.3125,0.4375,8.8125,0.25,0.5,4.4375,2.4375,0.8125,0.3961554665942379,9.743749999999999,-0.125,0.0625,1.0,15.94,5.88,1.76,0.88,8.52,0.44,1.08,4.92,2.36,1.4,0.41599058789121995,9.552,-4.64,0.2,0.0,4.352879618782233,1.8095276300467034,0.8137537231565944,5.799810762261884,5.013143699924983,41,0.5,-0.5,0.29999999999999993,0.7658536585365852,4.059999999999999,-0.053641261855024214
34.5,36.3,68.8,1.9,10.2,3.9,2.9,3.2,1.9,80,0.4,0.4,9,0.2,0.01,98.4,6.2,1.1,8.0,43.8,13.3,9.4,12.6,-6.61,-6.61,91.2,-1.08,1013,1,-6.61,91.2,-1.08,1013,1,1.33,91.2,0.68,-2.38,100.0,10.5,0.15,-1.53,100.0,7.1,-3.44,0.03,0.0,-1.12,100.0,10.9,0.08,-0.14,-3.23,6.3,-0.19,100.0,44.1,0.05,-0.13,0.01,0.18,80.0,63.9,0.15,100.0,72.7,-6.61,91.2,1013,1,0.05,8.1,0.1,7.4,106.3,54.2,2.7,0.58,22.080313731774975,6.795257646738197,37.0,3.0,0.6000000000000001,119,44,45.0,240,108,8.3,1.5,7.9,68.4,-10.2,,19,13,5.6,43,1643493,40.9,18.3,-0.9,1013,23.6,Noemie Brochant,-0.9,-0.04,13.5,33.3,9.3,0.25,1.8,105.4,12.9,3.2,2.31,2.6,65,F,8.9,2062,6.3,22.71101126279983,28.0674320494375,17.35459047616216,10.7,0.9722294386750651,6.989355985762614,15.896443356944495,0.0,15.9,0.9914300376326671,75.1,,baseline,13.2,9.6,10.8,273,0.35000000000000003,54.1,medium,,31,12.54,1.81,-1.12,0.25,0.093,0.40800000000000003,,True,True,71,-8,1.145,False,4.7,4.3,3.2,3.5,89,69.6,27.1,19.2,79.1,2.1,2026-27,0.4,15.7,-2.4,-1.9,1.0,2.2,1.8,45,1.92,PHX,49.6,1.0,10.5,2.1,1.7000000000000002,44,55.0,-1.0,0.04,13.1,23.029545454545453,6.204545454545454,2.022727272727273,1.8181818181818181,10.045454545454545,1.2272727272727273,1.0,5.454545454545454,2.7045454545454546,0.4318181818181818,0.2775922630927938,14.040909090909093,-0.3181818181818182,0.6363636363636364,0.36363636363636365,28.133333333333336,6.0,3.6666666666666665,2.0,11.666666666666666,0.6666666666666666,1.6666666666666667,8.0,4.0,0.3333333333333333,0.33690057770775256,13.733333333333334,-0.3333333333333333,1.0,0.3333333333333333,28.5,9.4,3.2,2.8,15.4,1.6,1.8,8.4,4.0,1.4,0.37248569306319057,20.440000000000005,10.4,1.0,0.6,28.020000000000003,9.1,2.2,2.3,13.6,1.7,1.8,8.1,3.7,1.0,0.3625118096148281,18.49,6.0,1.0,0.4,21.46818181818182,5.045454545454546,1.6363636363636365,1.4545454545454546,8.136363636363637,1.0,1.0,4.318181818181818,2.1818181818181817,0.3181818181818182,0.23963280581444227,11.19090909090909,-0.13636363636363635,0.6363636363636364,0.3181818181818182,24.59090909090909,7.363636363636363,2.409090909090909,2.1818181818181817,11.954545454545455,1.4545454545454546,1.0,6.590909090909091,3.227272727272727,0.5454545454545454,0.31382629049485655,16.89090909090909,-0.5,0.6363636363636364,0.4090909090909091,26.442857142857143,7.928571428571429,2.0714285714285716,2.4285714285714284,12.428571428571429,1.4285714285714286,1.1071428571428572,6.5,3.2142857142857144,0.5714285714285714,0.2910024627903059,17.235714285714288,1.2142857142857142,1.0,0.39285714285714285,17.05625,3.1875,1.9375,0.75,5.875,0.875,0.8125,3.625,1.8125,0.1875,0.25255989032410453,8.45,-3.0,0.0,0.3125,22.99375,7.6875,2.3125,2.5625,12.5625,1.75,1.0,5.625,2.375,1.0,0.29233174460671835,18.55625,5.0625,0.6875,1.0,23.05,5.357142857142857,1.8571428571428572,1.3928571428571428,8.607142857142858,0.9285714285714286,1.0,5.357142857142857,2.892857142857143,0.10714285714285714,0.26969611228176277,11.460714285714285,-3.392857142857143,0.6071428571428571,0.0,5.087968230916548,1.4384849323626054,2.159594355458184,6.998187624031071,6.53457991551901,44,3.1000000000000005,1.1,0.8999999999999999,5.354545454545455,4.899999999999999,0.09489342997039679
39.4,50.2,84.3,1.8,11.4,3.8,2.9,3.1,2.5700000000000003,77,2.2,1.8,44,1.0,0.15,96.5,5.9,33.7,6.2,35.0,9.2,14.6,12.9,-1.8399999999999999,-1.69,94.3,-0.29,1399,2,-1.8399999999999999,94.5,-0.44,1886,3,1.15,94.5,1.3900000000000001,-2.87,100.0,3.4,0.30000000000000004,0.58,100.0,91.6,1.17,0.38,0.2,0.15,100.0,71.8,0.59,0.34,-2.8200000000000003,46.6,-0.01,100.0,59.7,0.51,0.03,0.09,0.31,80.0,70.2,0.85,100.0,89.1,-1.8399999999999999,94.5,1886,3,0.15,14.1,0.14,14.9,105.7,54.9,3.4,0.7000000000000001,14.74056210308608,3.728394557447853,38.2,4.2,0.77,144,55,43.2,236,102,9.0,2.1,10.2,58.3,-20.3,-2.09,24,14,11.6,44,1628269,27.3,5.1,-7.1,982,22.3,Nia Brodie,-2.5,0.0,12.9,31.4,10.9,-0.24,3.9,103.2,10.6,4.7,3.45,3.8,94,F,17.7,2009,6.2,15.200383276741004,20.98360528500751,9.417161268474498,11.6,0.9697493697834231,3.844699129096133,11.496253329518836,0.0,11.5,0.07461156254205001,61.1,,baseline,13.6,10.0,11.1,273,-0.06,46.9,low,",collinear_lineup",23,8.95,1.8,-1.9300000000000002,-0.17,0.105,0.527,,True,True,97,-40,1.456,False,9.7,9.3,6.9,7.6,187,63.0,35.1,24.9,58.4,4.3,2026-27,0.8,9.8,2.5,6.8,0.9,2.0,1.7000000000000002,41,3.12,MIN,61.0,0.7000000000000001,8.9,1.5,1.3,31,55.4,-0.6000000000000001,0.11,15.5,19.357499999999998,5.325,3.35,1.75,10.425,1.625,0.725,5.0875,3.4875,0.525,0.3299105585325436,16.119999999999997,0.8500000000000001,0.4125,0.6375,16.533333333333335,4.666666666666667,2.3333333333333335,1.6666666666666667,8.666666666666666,0.6666666666666666,0.6666666666666666,5.333333333333333,4.0,0.6666666666666666,0.3985660608849015,11.300000000000002,-3.0,0.3333333333333333,0.6666666666666666,16.825,2.125,3.125,1.375,6.625,1.125,0.375,2.375,1.875,0.25,0.18677570566765894,10.9375,0.5,0.125,0.25,17.725,4.375,2.625,1.2083333333333333,8.208333333333332,1.4583333333333335,0.7083333333333333,4.291666666666667,3.208333333333333,0.25,0.30926518017506166,13.004166666666666,-0.9166666666666666,0.29166666666666663,0.5833333333333333,18.1,5.625,3.675,1.95,11.25,1.85,1.075,4.8,3.75,0.175,0.3612877813465324,17.435000000000002,2.075,0.275,0.6,20.615000000000002,5.025,3.025,1.55,9.6,1.4,0.375,5.375,3.225,0.875,0.2985333357185548,14.805000000000001,-0.375,0.55,0.675,24.247826086956522,5.413043478260869,3.108695652173913,2.108695652173913,10.630434782608695,1.2826086956521738,0.41304347826086957,6.239130434782609,3.9782608695652173,0.2391304347826087,0.2834119360238845,15.741304347826087,-3.1956521739130435,1.0,0.391304347826087,14.907843137254902,4.568627450980392,3.0392156862745097,1.392156862745098,9.0,1.450980392156863,0.7647058823529411,4.166666666666666,2.950980392156863,0.6568627450980392,0.35532366163801826,13.892156862745098,1.2254901960784315,0.0,0.7156862745098038,18.86451612903226,6.39516129032258,3.806451612903226,1.653225806451613,11.85483870967742,1.467741935483871,0.8709677419354839,5.370967741935484,3.629032258064516,0.7580645161290323,0.375002516817014,16.975,3.653225806451613,0.2903225806451613,1.0,19.894444444444446,3.166666666666667,2.6944444444444446,1.7777777777777777,7.638888888888889,1.8611111111111112,0.5277777777777778,4.416666666666666,3.3055555555555554,0.3333333333333333,0.2654020888762984,14.12222222222222,-4.527777777777778,0.5277777777777778,0.0,5.069652276753126,2.363727840155373,1.4487364181597444,7.128650172154303,7.503853837205785,44,-4.075,-1.1749999999999998,-0.42500000000000004,-3.8000000000000007,-5.475000000000001,-0.14313485286488464
23.1,23.7,48.4,1.3,15.5,5.1,4.0,4.3,1.63,50,0.9,0.8,9,0.2,0.2,68.3,5.0,0.0,7.8,33.3,4.1,14.7,25.6,-0.39,-0.6000000000000001,82.1,-0.47000000000000003,1092,2,-0.39,82.1,-0.26,1092,2,1.13,82.1,1.6,0.73,100.0,78.2,0.16,0.58,100.0,91.2,1.87,0.15,0.24,0.85,100.0,82.4,0.42,0.21,-2.02,69.3,0.15,100.0,75.2,0.6000000000000001,0.04,0.2,-1.83,80.0,4.6,-0.89,100.0,20.2,-0.39,82.1,1092,2,0.14,15.3,0.19,17.2,99.1,42.2,-9.3,-1.37,3.07662963135568,1.550130948088922,24.6,-9.4,-1.15,61,15,38.8,219,85,7.4,1.5,31.5,73.9,-4.7,-0.47000000000000003,69,51,14.0,39,1642793,46.2,17.8,1.0,460,11.8,Aziaha James,6.9,0.05,11.1,32.7,7.7,-0.36,5.3,106.0,33.8,6.0,4.62,5.1,59,F,19.5,977,6.1,12.83325509636332,18.616477104629826,7.050033088096815,11.6,0.23973883541265603,6.465915067205197,15.283357988941505,0.0,15.3,0.0,22.6,,baseline,24.2,18.6,20.5,236,-0.16,22.7,low,"prior_heavy,volatile_rank",143,56.52,2.05,-2.38,-0.08,-0.084,0.611,,True,True,110,-61,1.728,True,11.3,9.4,7.3,8.0,92,57.8,52.0,20.5,25.3,2.4,2026-27,0.5,42.4,-6.3,-10.9,0.9,3.6,3.0,35,3.44,DAL,27.9,0.8,9.2,3.1,2.6,30,47.3,-8.7,-1.22,25.9,11.530000000000001,5.9,2.3,1.25,9.45,1.1,0.75,5.475,1.525,1.725,0.5951206766862626,13.085000000000003,1.8,0.1,0.6,12.799999999999999,3.6666666666666665,2.3333333333333335,2.0,8.0,1.6666666666666667,1.3333333333333333,4.666666666666667,0.3333333333333333,1.3333333333333333,0.5098006248641457,13.133333333333333,0.3333333333333333,0.0,0.6666666666666666,13.780000000000001,6.0,2.0,1.8,9.8,2.0,1.4,5.4,1.4,1.2,0.5291430091159213,15.7,7.2,0.0,0.8,12.8,6.7,2.3,1.3,10.3,1.2,1.0,5.5,1.6,2.2,0.5401714724956049,14.01,3.4,0.1,0.5,11.926315789473684,6.0,2.0,0.8947368421052632,8.894736842105264,1.368421052631579,0.7368421052631579,5.894736842105263,1.5789473684210527,2.0,0.6173442692777567,13.110526315789473,2.473684210526316,0.10526315789473684,0.6842105263157895,11.17142857142857,5.809523809523809,2.5714285714285716,1.5714285714285714,9.952380952380953,0.8571428571428571,0.7619047619047619,5.095238095238095,1.4761904761904763,1.4761904761904763,0.5740082637243429,13.06190476190476,1.1904761904761905,0.09523809523809523,0.5238095238095238,25.449999999999996,13.75,4.25,3.75,21.75,2.0,0.75,12.5,4.0,5.75,0.6169399650431279,29.725,-2.25,1.0,0.5,9.983333333333333,5.027777777777778,2.0833333333333335,0.9722222222222222,8.083333333333334,1.0,0.75,4.694444444444445,1.25,1.2777777777777777,0.592627043731192,11.23611111111111,2.25,0.0,0.6111111111111112,11.183333333333332,5.75,2.2083333333333335,1.2916666666666667,9.25,1.0833333333333333,0.7083333333333334,5.208333333333333,1.2083333333333333,1.375,0.5791966053369894,12.879166666666668,3.4583333333333335,0.08333333333333333,1.0,12.05,6.125,2.4375,1.1875,9.75,1.125,0.8125,5.875,2.0,2.25,0.6205991908450994,13.39375,-0.6875,0.125,0.0,5.167948558924741,1.63613051952559,1.5148834261657875,7.239315734770262,6.800723943364128,40,-0.09999999999999964,-0.3999999999999999,0.5,0.3500000000000014,1.9800000000000004,-0.06597766757034129
43.0,61.0,87.9,5.5,23.3,9.5,7.0,7.7,3.24,180,0.6000000000000001,0.5,12,0.4,-0.11,94.0,3.8,-2.0,1.0,28.6,5.0,26.3,22.1,4.48,4.2,96.6,0.09,1804,2,4.48,93.9,0.37,1804,2,1.25,93.9,2.48,-0.52,100.0,53.4,1.47,-0.21,100.0,56.3,-1.3900000000000001,0.51,0.30000000000000004,-1.16,100.0,9.7,0.47000000000000003,0.64,6.22,91.2,2.66,100.0,96.6,0.52,0.5,0.8,2.42,80.0,100.0,0.44,100.0,83.2,4.48,93.9,1804,2,0.03,9.3,-0.32,8.5,111.8,67.0,15.5,2.67,17.470235029471127,4.127772559738406,41.9,7.9,1.29,93,39,53.2,141,75,9.1,1.8,9.9,71.4,-7.2,,14,10,4.8,33,1627700,50.0,7.1,-8.8,936,28.4,Julie Allemand,-8.4,-0.14,14.5,37.8,12.3,0.22,0.7000000000000001,103.4,5.0,3.2,2.35,2.6,61,G,10.5,1904,6.0,19.57485757052257,25.358079578789077,13.791635562256065,11.6,0.8924833790759851,4.625041380615973,12.279036102110911,0.0,12.3,0.9426490086183791,74.1,,baseline,10.5,7.6,8.5,199,-0.5700000000000001,40.7,low,,28,9.94,1.43,-2.5700000000000003,-0.66,0.09,0.561,,True,True,165,14,1.56,False,4.5,5.5,4.1,4.4,104,77.4,31.9,22.0,76.4,3.2,2026-27,0.9,48.0,1.8,7.0,1.3,2.3,1.9,44,2.15,TOR,66.0,1.7000000000000002,12.5,3.0,2.4,57,67.6,11.6,2.11,9.7,23.3375,4.975,2.6,4.5,12.075,1.4,1.425,3.525,2.325,0.35,0.22172496908608588,17.62,-4.025,0.75,0.25,24.76666666666667,3.3333333333333335,3.3333333333333335,4.666666666666667,11.333333333333334,0.6666666666666666,1.6666666666666667,3.3333333333333335,2.0,0.3333333333333333,0.20830916449946402,14.666666666666666,-10.333333333333334,1.0,0.0,23.52,3.6,3.0,4.2,10.8,0.8,1.6,3.4,2.2,0.2,0.2279777445490671,14.3,-8.2,0.8,0.0,20.0,3.0,2.5,3.3,8.8,0.6,1.5,2.6,2.0,0.6,0.22493995245987797,11.25,-8.1,0.7,0.1,25.61363636363636,5.363636363636363,3.590909090909091,4.954545454545454,13.909090909090908,1.3636363636363635,1.5454545454545454,3.8181818181818183,2.4545454545454546,0.4090909090909091,0.22199371456939368,19.65,-2.909090909090909,0.7727272727272727,0.3181818181818182,20.555555555555557,4.5,1.3888888888888888,3.9444444444444446,9.833333333333334,1.4444444444444444,1.2777777777777777,3.1666666666666665,2.1666666666666665,0.2777777777777778,0.22136024307302543,15.13888888888889,-5.388888888888889,0.7222222222222222,0.16666666666666666,29.699999999999996,6.333333333333333,3.3,5.766666666666667,15.4,1.8333333333333333,1.7666666666666666,4.4,2.8666666666666667,0.4,0.21289656192936465,22.676666666666666,-5.566666666666666,1.0,0.23333333333333334,4.25,0.9,0.5,0.7,2.1,0.1,0.4,0.9,0.7,0.2,0.3100090406532983,2.45,0.6,0.0,0.3,23.71,4.4,3.1,5.6,13.1,1.5,1.7,3.3,1.8,0.9,0.23632892528431487,19.32,10.0,0.7,1.0,23.213333333333335,5.166666666666667,2.433333333333333,4.133333333333334,11.733333333333333,1.3666666666666667,1.3333333333333333,3.6,2.5,0.16666666666666666,0.21705170310265268,17.053333333333335,-8.7,0.7666666666666667,0.0,4.251621108622222,2.10980616438621,3.478873970491616,8.3585899313835,12.295500271362565,40,-2.4,-0.20000000000000018,-1.2999999999999998,-1.2749999999999986,-4.879999999999999,0.006252775462981225
40.0,50.0,90.0,0.5,6.3,1.5,1.1,1.3,0.33,1,0.0,0.0,0,0.0,-0.29,13.0,,,,0.0,20.0,-2.4,11.2,-0.86,-0.86,30.5,-0.03,32,1,-0.86,30.5,-0.03,32,1,-0.61,30.5,-1.11,-0.54,11.8,52.9,-0.39,0.0,9.7,71.8,-0.24,-0.53,0.0,0.0,8.5,59.9,-0.23,-0.28,-0.91,64.3,0.0,10.0,60.9,-0.27,-0.19,-0.25,-0.11,9.2,51.7,0.0,10.5,59.9,-0.86,30.5,32,1,-0.07,-2.2,-0.05,0.0,117.6,50.0,-1.5,,,,28.6,-5.4,,7,2,40.0,10,4,1.0,5.0,20.0,100.0,21.4,,2,2,0.0,2,1643525,,0.0,,32,16.0,Alex Fowler,-18.3,-0.22,7.9,33.8,1.1,-0.27,0.0,99.3,10.0,15.2,11.25,12.5,10,,-9.0,66,6.0,,,,,,,,,,,,,,18.2,13.5,15.0,12,-0.32,29.3,low,low_sample,31,11.25,-0.26,-0.37,-0.31,-0.01,0.001,,True,True,131,-13,0.043000000000000003,False,0.0,0.0,0.0,0.0,0,100.0,40.0,20.0,35.1,0.0,2026-27,2.0,0.0,3.4,9.2,0.5,1.5,1.3,1,1.13,NYL,70.0,1.5,12.5,4.5,3.8,3,55.1,-0.9,,20.0,15.65,6.0,0.0,0.5,6.5,0.5,1.5,5.0,3.5,1.0,0.42975165970002455,6.75,-6.0,0.0,0.5,15.65,6.0,0.0,0.5,6.5,0.5,1.5,5.0,3.5,1.0,0.42975165970002455,6.75,-6.0,0.0,0.5,15.65,6.0,0.0,0.5,6.5,0.5,1.5,5.0,3.5,1.0,0.42975165970002455,6.75,-6.0,0.0,0.5,15.65,6.0,0.0,0.5,6.5,0.5,1.5,5.0,3.5,1.0,0.42975165970002455,6.75,-6.0,0.0,0.5,14.7,0.0,0.0,0.0,0.0,1.0,0.0,3.0,2.0,0.0,0.20408163265306123,3.0,-6.0,0.0,0.0,16.6,12.0,0.0,1.0,13.0,0.0,3.0,7.0,5.0,2.0,0.6554216867469879,10.5,-6.0,0.0,1.0,,,,,,,,,,,,,,,,15.65,6.0,0.0,0.5,6.5,0.5,1.5,5.0,3.5,1.0,0.42975165970002455,6.75,-6.0,0.0,0.5,16.6,12.0,0.0,1.0,13.0,0.0,3.0,7.0,5.0,2.0,0.6554216867469879,10.5,-6.0,0.0,1.0,14.7,0.0,0.0,0.0,0.0,1.0,0.0,3.0,2.0,0.0,0.20408163265306123,3.0,-6.0,0.0,0.0,8.48528137423857,0.0,0.7071067811865476,9.192388155425117,1.3435028842544419,2,0.0,0.0,0.0,0.0,-0.34999999999999964,0.0
27.9,37.2,81.1,1.0,6.6,2.9,2.0,2.3,0.8300000000000001,33,1.3,1.0,15,0.5,0.01,74.7,4.0,-4.7,20.3,12.5,4.9,-2.6,11.5,-5.26,-5.26,84.2,0.47000000000000003,1624,2,-5.26,84.1,0.47000000000000003,2581,3,1.13,84.1,-0.07,-2.34,100.0,11.3,-0.28,-0.79,100.0,31.1,-0.26,0.0,-1.1,0.75,100.0,81.5,-0.1,-0.18,-6.16,15.8,-1.25,100.0,6.7,0.02,-0.33,-0.36,-0.31,80.0,38.2,-0.8300000000000001,100.0,21.0,-5.26,84.1,2581,3,0.04,9.9,0.36,12.7,105.0,51.2,-0.30000000000000004,0.09,19.731234441926755,7.114026492609242,26.1,-7.9,-0.9400000000000001,69,18,45.7,164,75,5.0,2.4,22.6,67.6,-11.0,-1.12,37,25,11.4,32,1629501,54.5,6.7,2.2,573,17.9,Alanna Smith,-2.4,-0.03,13.8,33.7,9.7,0.61,4.9,102.6,12.2,6.6,4.77,5.3,76,C,12.7,1146,6.0,20.142104176896343,25.498524963534013,14.785683390258672,10.7,0.979601449214979,7.262164116141506,16.169612497003705,0.0,16.2,0.16190552258656202,58.5,,baseline,16.8,12.1,13.5,193,1.07,23.5,low,prior_heavy,44,17.33,3.58,-1.43,1.44,-0.369,0.667,,True,True,33,3,1.9540000000000002,False,8.9,11.0,7.8,8.8,126,68.8,61.6,39.0,51.7,3.9,2026-27,0.7000000000000001,8.0,5.4,8.9,0.7000000000000001,2.0,1.6,23,2.39,DAL,42.1,1.2,15.6,3.3,2.7,38,53.5,-2.5,-0.2,16.8,15.475675675675673,5.216216216216216,3.4054054054054053,0.8918918918918919,9.513513513513514,1.027027027027027,1.027027027027027,4.4324324324324325,1.864864864864865,1.0,0.37922336894385344,12.694594594594594,-0.2702702702702703,0.35135135135135137,0.6216216216216216,5.6000000000000005,2.3333333333333335,0.6666666666666666,0.0,3.0,0.0,0.0,1.3333333333333333,0.3333333333333333,1.3333333333333333,0.3428571428571428,3.1333333333333333,2.6666666666666665,0.0,0.6666666666666666,12.580000000000002,5.2,2.2,0.4,7.8,0.6,0.6,2.2,0.4,1.6,0.2839714720788455,9.639999999999999,9.0,0.2,0.8,19.759999999999998,7.1,4.4,1.0,12.5,1.0,1.0,5.1,1.7,1.0,0.31071685577519476,15.88,4.2,0.5,0.6,16.6625,5.0,3.4375,1.25,9.6875,1.0,1.375,3.875,1.625,1.25,0.3740011757357816,12.625,1.25,0.375,0.75,14.571428571428571,5.380952380952381,3.380952380952381,0.6190476190476191,9.380952380952381,1.0476190476190477,0.7619047619047619,4.857142857142857,2.0476190476190474,0.8095238095238095,0.38383118648038744,12.747619047619047,-1.4285714285714286,0.3333333333333333,0.5238095238095238,25.846153846153847,9.846153846153847,6.0,1.8461538461538463,17.692307692307693,1.6153846153846154,1.7692307692307692,8.076923076923077,3.4615384615384617,1.8461538461538463,0.4171713747948059,22.892307692307693,-0.07692307692307693,1.0,0.38461538461538464,9.858333333333334,2.7083333333333335,2.0,0.375,5.083333333333333,0.7083333333333334,0.625,2.4583333333333335,1.0,0.5416666666666666,0.35325894388793866,7.170833333333333,-0.375,0.0,0.75,13.195652173913043,4.304347826086956,2.782608695652174,0.8260869565217391,7.913043478260869,0.8695652173913043,0.9565217391304348,3.3043478260869565,1.2608695652173914,0.9130434782608695,0.36995916696453734,10.534782608695652,2.652173913043478,0.21739130434782608,1.0,19.221428571428568,6.714285714285714,4.428571428571429,1.0,12.142857142857142,1.2857142857142858,1.1428571428571428,6.285714285714286,2.857142857142857,1.1428571428571428,0.3946637055760471,16.24285714285714,-5.071428571428571,0.5714285714285714,0.0,4.944891500523743,2.8622005855970665,1.3077500564749405,7.928926022348038,10.00503777008267,37,-0.7999999999999998,-1.6999999999999997,-0.6,-1.7135135135135142,-5.319999999999997,-0.09525189686500796
,0.0,66.7,0.30000000000000004,4.2,2.8,1.9,2.4,0.43,1,5.6,4.7,2,0.7000000000000001,1.29,12.2,,,,,0.0,-17.0,19.5,-1.1400000000000001,-1.16,31.6,-1.58,224,2,-1.1400000000000001,31.2,-1.56,319,3,-0.62,31.2,-0.34,0.13,11.9,67.6,-0.28,0.0,9.0,71.8,-0.25,-0.55,1.56,0.0,9.3,59.9,0.25,-0.09,0.81,58.6,0.0,9.6,66.4,0.2,-0.07,-0.14,0.49,8.9,75.6,0.0,8.0,59.9,-1.1400000000000001,31.2,319,3,0.54,23.0,-0.07,5.5,75.0,77.8,26.3,,,,0.0,,,0,0,77.8,9,7,10.0,1.0,55.6,80.0,1.4,,5,4,19.4,3,1629480,,0.0,,17,5.7,Kalani Brown,52.5,0.75,16.9,33.9,6.4,0.49,18.8,127.5,33.3,8.3,6.35,7.1,3,,11.8,36,6.0,,,,,,,,,,,,,,50.0,37.9,42.4,18,0.37,25.3,low,"low_sample,collinear_lineup",41,16.19,1.87,-1.13,0.53,-0.155,0.419,,True,True,69,87,1.171,False,10.0,13.9,10.7,11.8,5,66.7,122.3,66.7,18.3,1.7000000000000002,2026-27,1.0,14.3,10.6,10.5,0.30000000000000004,2.8,2.4,1,6.35,LVA,0.0,0.7000000000000001,28.6,5.6,4.7,2,80.4,24.4,,33.8,4.4,4.5,1.25,0.25,6.0,0.75,0.5,2.25,0.0,1.25,0.724562513177314,8.125,4.75,0.0,1.0,2.766666666666667,2.6666666666666665,0.6666666666666666,0.0,3.3333333333333335,0.6666666666666666,0.3333333333333333,1.6666666666666667,0.0,0.6666666666666666,0.7470588235294118,5.133333333333333,2.0,0.0,1.0,4.4,4.5,1.25,0.25,6.0,0.75,0.5,2.25,0.0,1.25,0.724562513177314,8.125,4.75,0.0,1.0,4.4,4.5,1.25,0.25,6.0,0.75,0.5,2.25,0.0,1.25,0.724562513177314,8.125,4.75,0.0,1.0,1.7,0.0,0.0,0.0,0.0,0.0,0.5,0.0,0.0,0.0,0.29411764705882354,-0.5,-2.5,0.0,1.0,7.1000000000000005,9.0,2.5,0.5,12.0,1.5,0.5,4.5,0.0,2.5,0.9397849462365591,16.75,12.0,0.0,1.0,,,,,,,,,,,,,,,,4.4,4.5,1.25,0.25,6.0,0.75,0.5,2.25,0.0,1.25,0.724562513177314,8.125,4.75,0.0,1.0,4.4,4.5,1.25,0.25,6.0,0.75,0.5,2.25,0.0,1.25,0.724562513177314,8.125,4.75,0.0,1.0,,,,,,,,,,,,,,,,5.259911279353167,1.5,0.5,7.118052168020874,3.8565960811748665,4,-1.5,-0.4500000000000002,-0.050000000000000044,0.0,-1.2999999999999998,0.0
38.1,17.8,78.0,1.0,6.1,2.6,2.0,2.2,0.77,24,0.9,0.7000000000000001,8,0.30000000000000004,-0.13,69.0,2.5,6.6,9.9,27.3,9.3,0.4,11.8,-7.53,-7.45,80.3,-0.46,1280,2,-7.53,80.3,-0.54,1649,3,1.23,80.3,-0.97,-1.85,100.0,17.6,-0.51,-1.78,99.7,3.8,-2.35,-0.44,-0.28,0.33,100.0,75.6,-0.27,-0.55,-5.59,2.9,-1.32,98.3,4.6,-0.65,-0.53,-0.48,-0.22,80.0,45.0,-0.98,87.0,16.8,-7.53,80.3,1649,3,-0.07,5.9,-0.07,7.6,114.5,54.7,3.2,0.66,11.841465934943171,4.473802740160729,34.4,0.4,0.23,32,11,50.0,118,59,3.6,2.3,27.1,56.3,-22.3,-2.29,32,18,7.4,25,1627701,35.7,11.9,-4.7,444,17.8,Temi Fagbenle,-16.7,-0.07,16.0,37.5,11.5,-1.62,3.8,97.8,10.2,6.3,4.7,5.2,58,C,6.3,919,5.9,13.089364638530451,18.872586646796957,7.306142630263946,11.6,0.9046631568415541,4.945269083113866,13.860060185495756,0.0,13.9,0.36161314132648903,61.3,,baseline,16.0,11.9,13.2,147,-1.8399999999999999,48.3,low,,13,5.12,-0.03,-3.64,-1.98,0.14,0.511,,True,True,222,12,1.4100000000000001,False,5.5,9.2,6.9,7.7,85,65.0,77.9,50.8,54.4,3.4,2026-27,0.8,11.9,8.1,10.9,0.5,1.4,1.2,13,1.7000000000000002,TOR,27.1,1.3,11.0,3.5,2.9,32,55.6,-0.4,0.14,16.3,10.826829268292682,3.5853658536585367,2.073170731707317,0.5853658536585366,6.2439024390243905,0.5121951219512195,0.7804878048780488,2.8780487804878048,0.7804878048780488,0.7804878048780488,0.3691797646732659,7.7073170731707314,-3.926829268292683,0.17073170731707318,0.21951219512195122,6.5,1.3333333333333333,1.0,0.3333333333333333,2.6666666666666665,0.3333333333333333,1.0,2.0,0.0,0.0,0.46153846153846156,3.033333333333333,-7.333333333333333,0.0,0.0,13.36,5.2,2.4,0.6,8.2,0.6,0.8,4.8,1.4,1.6,0.4599960246471874,9.98,-12.6,0.4,0.0,17.9,6.0,2.9,0.8,9.7,1.0,1.4,4.7,1.6,1.6,0.37890177960260524,12.280000000000001,-9.5,0.5,0.1,11.271428571428572,3.9047619047619047,1.7619047619047619,0.7142857142857143,6.380952380952381,0.47619047619047616,0.8095238095238095,3.1904761904761907,0.8095238095238095,0.8571428571428571,0.385684291659296,7.709523809523809,-3.761904761904762,0.14285714285714285,0.2857142857142857,10.36,3.25,2.4,0.45,6.1,0.55,0.75,2.55,0.75,0.7,0.35394481668616107,7.705,-4.1,0.2,0.15,25.914285714285718,10.571428571428571,5.0,1.1428571428571428,16.714285714285715,1.5714285714285714,1.1428571428571428,7.428571428571429,2.2857142857142856,2.5714285714285716,0.37434697644682174,21.857142857142858,-7.714285714285714,1.0,0.2857142857142857,7.720588235294118,2.1470588235294117,1.4705882352941178,0.47058823529411764,4.088235294117647,0.29411764705882354,0.7058823529411765,1.9411764705882353,0.47058823529411764,0.4117647058823529,0.3671702934279941,4.794117647058823,-3.1470588235294117,0.0,0.20588235294117646,8.533333333333335,2.888888888888889,2.111111111111111,0.7777777777777778,5.777777777777778,0.4444444444444444,0.2222222222222222,2.0,0.6666666666666666,0.4444444444444444,0.28352202796355747,7.699999999999999,2.888888888888889,0.2222222222222222,1.0,11.471874999999999,3.78125,2.0625,0.53125,6.375,0.53125,0.9375,3.125,0.8125,0.875,0.38086036513368066,7.709375,-5.84375,0.15625,0.0,5.079249992647033,2.4227076165154457,0.8937452029548903,7.289651870305186,10.352464063937722,41,-0.7000000000000002,-1.0,-0.4,1.9560975609756088,-4.440000000000001,0.09081625997392151
50.0,82.4,94.1,5.4,42.3,15.3,12.0,13.3,2.25,27,0.0,0.0,0,0.0,0.02,15.7,1.9,23.5,0.0,,0.0,33.9,26.6,-0.61,-1.57,36.2,-2.67,489,2,-0.61,37.4,-1.71,1366,3,-0.51,37.4,1.1400000000000001,-0.06,29.6,64.7,0.89,-0.01,26.2,66.0,-0.09,0.07,1.83,-0.09,25.3,45.8,0.56,0.27,1.62,66.4,0.39,26.2,80.3,0.71,0.26,0.44,0.86,23.1,87.0,0.1,26.1,71.0,-0.61,37.4,1366,3,0.04,2.2,-0.13,6.4,93.8,73.5,22.0,,,,50.0,16.0,,14,7,52.9,17,9,1.8,2.2,23.5,100.0,21.4,,4,4,5.1,5,1642210,0.0,5.9,,81,16.2,Julie Vanloo,21.0,-0.02,16.4,36.4,8.9,-1.35,1.3,114.8,0.0,6.2,4.89,5.4,11,,3.3,177,5.8,,,,,,,,,,,,,,16.4,12.9,14.3,29,-1.5899999999999999,35.9,low,"low_sample,prior_heavy",4,1.5,0.65,-3.83,-1.6400000000000001,0.046,0.616,,True,True,217,-34,1.746,False,4.4,5.6,4.4,4.9,10,100.0,35.3,11.8,38.5,2.0,2026-27,0.4,22.2,-0.2,6.6,0.4,1.1,1.0,2,0.89,NYL,82.4,2.4,21.7,6.8,5.9,12,77.3,21.3,,16.3,16.2,5.8,2.0,5.4,13.2,0.4,2.4,3.4,2.8,0.8,0.3716551358314625,15.1,6.4,0.2,0.6,15.233333333333334,4.666666666666667,0.6666666666666666,4.666666666666667,10.0,0.3333333333333333,2.3333333333333335,3.3333333333333335,2.6666666666666665,0.0,0.3613846704504781,11.133333333333333,0.3333333333333333,0.0,0.3333333333333333,16.2,5.8,2.0,5.4,13.2,0.4,2.4,3.4,2.8,0.8,0.3716551358314625,15.1,6.4,0.2,0.6,16.2,5.8,2.0,5.4,13.2,0.4,2.4,3.4,2.8,0.8,0.3716551358314625,15.1,6.4,0.2,0.6,18.95,7.0,4.5,9.5,21.0,0.5,3.5,3.5,2.5,2.0,0.4192166952544311,24.65,13.5,0.5,0.5,14.366666666666667,5.0,0.3333333333333333,2.6666666666666665,8.0,0.3333333333333333,1.6666666666666667,3.3333333333333335,3.0,0.0,0.3399474295494835,8.733333333333333,1.6666666666666667,0.0,0.6666666666666666,22.0,12.0,7.0,11.0,30.0,1.0,3.0,4.0,3.0,4.0,0.3981818181818182,36.9,31.0,1.0,1.0,14.75,4.25,0.75,4.0,9.0,0.25,2.25,3.25,2.75,0.0,0.36502346524387363,9.649999999999999,0.25,0.0,0.5,17.599999999999998,8.0,2.6666666666666665,5.666666666666667,16.333333333333332,0.6666666666666666,2.3333333333333335,4.0,3.6666666666666665,1.3333333333333333,0.3913738892686261,19.366666666666667,11.0,0.3333333333333333,1.0,14.100000000000001,2.5,1.0,5.0,8.5,0.0,2.5,2.5,1.5,0.0,0.34207700567571714,8.7,-0.5,0.0,0.0,4.43846820423443,2.9154759474226504,3.9749213828703582,10.03493896344168,3.841874542459708,5,0.0,0.0,0.0,0.0,0.0,0.0
33.3,52.2,85.5,0.6000000000000001,3.6,1.7000000000000002,1.2,1.4,1.0,18,1.2,1.0,13,0.4,0.07,70.9,4.7,4.4,14.6,62.5,17.4,0.0,10.1,-6.08,-6.31,81.5,-0.9400000000000001,1289,2,-6.08,81.5,-0.71,1670,3,1.15,81.5,0.5,-2.84,100.0,3.8,-0.27,-1.25,100.0,16.0,-2.11,-0.08,0.15,-0.26,95.1,39.1,0.53,-0.08,-3.89,9.2,-1.27,100.0,5.9,0.23,-0.28,-0.26,0.53,80.0,77.3,1.07,100.0,92.4,-6.08,81.5,1670,3,0.0,6.9,-0.19,7.1,108.5,56.2,4.7,0.91,14.79771526486645,5.385652619372589,40.6,6.6,1.11,96,39,42.0,138,58,4.5,2.1,10.9,86.7,8.1,,15,13,5.8,29,204296,12.5,5.8,-2.9,529,18.2,Rebecca Allen,-1.4,0.08,15.1,31.2,7.8,-0.48,2.3,107.1,8.7,5.8,4.22,4.7,62,F,6.7,1078,5.8,15.322105550253756,21.105327558520262,9.53888354198725,11.6,0.965775572837075,5.576505319503603,14.483061847160988,0.0,14.5,0.7454554705824731,71.1,,baseline,15.6,11.5,12.7,168,-0.81,27.3,low,volatile_rank,123,48.45,1.28,-2.89,-0.85,0.039,0.582,,True,True,186,-12,1.626,False,4.6,6.9,5.1,5.6,74,63.6,26.8,15.9,64.5,2.6,2026-27,0.9,13.8,0.9,5.5,0.5,1.4,1.1,15,1.9100000000000001,NYL,69.6,0.6000000000000001,9.5,1.6,1.3,17,58.1,2.1,0.55,13.5,12.237209302325583,3.9069767441860463,1.7209302325581395,0.4186046511627907,6.046511627906977,0.6511627906976745,0.3953488372093023,3.2093023255813953,2.2325581395348837,0.3488372093023256,0.31670776255489685,8.158139534883722,-0.5348837209302325,0.3023255813953488,0.6046511627906976,16.533333333333335,7.666666666666667,3.6666666666666665,0.3333333333333333,11.666666666666666,1.0,0.6666666666666666,5.666666666666667,5.0,0.0,0.4101189542956611,14.9,-2.3333333333333335,0.3333333333333333,0.3333333333333333,17.160000000000004,6.2,3.8,0.6,10.6,0.8,0.8,4.6,4.0,0.4,0.3425828082346024,13.26,1.0,0.2,0.6,20.009999999999998,7.8,3.4,0.5,11.7,0.9,0.8,5.8,4.4,0.4,0.3568459264464158,14.530000000000001,-0.3,0.4,0.6,11.890909090909092,4.0,2.1818181818181817,0.4090909090909091,6.590909090909091,0.6363636363636364,0.45454545454545453,3.5,2.272727272727273,0.4090909090909091,0.36142296852865347,8.686363636363636,1.6818181818181819,0.3181818181818182,0.6363636363636364,12.600000000000001,3.8095238095238093,1.2380952380952381,0.42857142857142855,5.476190476190476,0.6666666666666666,0.3333333333333333,2.9047619047619047,2.1904761904761907,0.2857142857142857,0.2687986132973004,7.604761904761905,-2.857142857142857,0.2857142857142857,0.5714285714285714,25.415384615384614,8.307692307692308,3.3846153846153846,0.6153846153846154,12.307692307692308,1.4615384615384615,0.46153846153846156,6.384615384615385,4.3076923076923075,0.6923076923076923,0.2759104033588301,17.215384615384615,0.6153846153846154,1.0,0.5384615384615384,6.526666666666666,2.0,1.0,0.3333333333333333,3.3333333333333335,0.3,0.36666666666666664,1.8333333333333333,1.3333333333333333,0.2,0.34985561690170097,4.2333333333333325,-1.0333333333333334,0.0,0.6333333333333333,12.27692307692308,4.076923076923077,1.6923076923076923,0.4230769230769231,6.1923076923076925,0.7307692307692307,0.3076923076923077,3.3461538461538463,2.1538461538461537,0.34615384615384615,0.31979215302412506,8.626923076923076,1.5,0.2692307692307692,1.0,12.176470588235293,3.6470588235294117,1.7647058823529411,0.4117647058823529,5.823529411764706,0.5294117647058824,0.5294117647058824,3.0,2.3529411764705883,0.35294117647058826,0.3129115896696927,7.4411764705882355,-3.6470588235294117,0.35294117647058826,0.0,4.878592466257787,2.1305664504489217,0.6630577845799996,6.597089864810497,11.046913450755502,43,0.40000000000000036,1.1999999999999997,-1.1102230246251565e-16,4.553488372093023,-1.0399999999999956,0.025875045679705555
44.4,19.1,74.5,2.7,25.7,7.5,5.9,6.5,1.5899999999999999,32,0.5,0.4,2,0.2,-0.12,54.1,0.9,-117.2,0.0,0.0,4.3,17.9,28.8,-2.51,-2.51,51.4,-0.30000000000000004,198,1,-2.51,51.4,-0.30000000000000004,198,1,0.25,51.4,0.53,0.49,71.8,73.9,0.2,-2.0,58.8,1.3,-4.45,-1.6099999999999999,0.0,-0.76,55.9,21.4,0.0,-0.23,1.62,38.7,0.65,63.6,82.8,0.0,0.19,0.47000000000000003,0.65,56.1,79.0,-0.73,54.1,23.1,-2.51,51.4,198,1,0.03,8.4,0.08,5.1,105.1,61.7,10.2,,8.371642638634029,3.045879147326981,36.4,2.4,,11,4,57.4,47,27,6.2,1.8,34.0,62.5,-16.1,,16,10,4.6,12,1643439,,0.0,-7.6,198,16.5,Tonie Morgan,-11.8,-0.15,19.5,41.5,11.3,-0.65,1.8,93.3,25.5,4.9,3.8200000000000003,4.2,21,G,6.0,426,5.7,8.932924948998785,14.19612229849324,3.669727599504329,10.5,0.9371670182421411,3.250092126630941,10.91759034277894,0.0,10.9,0.126962310799413,61.7,,baseline,16.0,12.4,13.7,68,-0.56,65.1,medium,low_sample,15,5.87,0.13,-1.24,-0.51,-0.049,0.129,,True,True,163,-12,0.532,False,3.7,3.5,2.8,3.0,15,79.2,85.1,51.1,49.0,1.3,2026-27,0.6000000000000001,63.0,8.0,9.9,0.9,2.6,2.2,11,2.36,LAS,23.4,1.7000000000000002,17.7,4.7,4.0,20,62.9,6.9,,16.1,15.192307692307692,5.230769230769231,1.1538461538461537,2.4615384615384617,8.846153846153847,1.0,1.5384615384615385,3.6153846153846154,0.8461538461538461,1.2307692307692308,0.38572210654449884,11.76923076923077,-4.230769230769231,0.23076923076923078,0.3076923076923077,19.966666666666665,8.333333333333334,2.0,3.3333333333333335,13.666666666666666,1.3333333333333333,2.0,4.333333333333333,1.3333333333333333,0.6666666666666666,0.33813692276210183,17.73333333333333,1.6666666666666667,0.6666666666666666,0.3333333333333333,19.419999999999998,7.0,1.6,3.6,12.2,1.6,2.0,4.6,1.6,1.6,0.37804444517285213,17.12,-3.2,0.4,0.4,17.44,5.8,1.4,2.5,9.7,1.3,1.6,4.3,1.0,1.3,0.3685102404282489,13.530000000000001,-4.5,0.3,0.4,15.057142857142859,4.142857142857143,1.7142857142857142,2.2857142857142856,8.142857142857142,0.5714285714285714,1.2857142857142858,3.2857142857142856,0.7142857142857143,1.0,0.36292537396639324,10.057142857142859,-1.8571428571428572,0.42857142857142855,0.42857142857142855,15.35,6.5,0.5,2.6666666666666665,9.666666666666666,1.5,1.8333333333333333,4.0,1.0,1.5,0.41763753215384664,13.766666666666666,-7.0,0.0,0.16666666666666666,19.5,6.333333333333333,2.0,3.6666666666666665,12.0,1.3333333333333333,2.0,3.6666666666666665,0.6666666666666666,1.0,0.32094805866277115,16.23333333333333,-6.0,1.0,0.3333333333333333,13.9,4.9,0.9,2.1,7.9,0.9,1.4,3.6,0.9,1.3,0.40731345583840806,10.43,-3.7,0.0,0.3,16.025,4.25,2.25,2.25,8.75,0.75,1.5,2.5,0.75,1.5,0.29540860013730263,11.075000000000001,-1.0,0.25,1.0,14.82222222222222,5.666666666666667,0.6666666666666666,2.5555555555555554,8.88888888888889,1.1111111111111112,1.5555555555555556,4.111111111111111,0.8888888888888888,1.1111111111111112,0.430878859748097,12.077777777777778,-5.666666666666667,0.2222222222222222,0.0,3.8547340192254977,1.0681880176381129,1.941450686788302,4.651991577918606,6.140638069242958,13,1.2999999999999998,0.30000000000000004,0.8999999999999999,3.3538461538461526,2.919999999999998,-0.007677661371646716
,0.0,75.0,0.5,4.4,1.3,0.9,1.1,0.63,22,2.0,1.7000000000000002,34,0.8,0.03,88.3,5.1,-0.9,8.7,,0.0,-5.0,11.1,-4.25,-4.25,86.9,-0.75,823,1,-4.25,86.9,-0.75,823,1,1.06,86.9,0.08,-2.92,100.0,2.9,-0.32,-0.05,100.0,63.4,1.87,0.43,0.0,1.52,100.0,89.9,0.12,0.02,-6.2,24.4,-1.53,100.0,2.9,0.15,-0.27,-0.15,1.6,80.0,97.9,-2.12,81.0,5.0,-4.25,86.9,823,1,0.07,12.4,0.11,16.9,107.0,64.1,12.6,2.2,25.445564589560433,7.855046596842193,0.0,,,0,0,64.1,156,100,6.9,2.0,39.7,69.4,-9.2,-0.9400000000000001,62,43,17.0,43,1642815,33.3,1.9,6.9,823,19.1,Makayla Timpson,10.6,-0.03,12.8,40.4,9.2,1.51,8.6,117.6,23.1,5.0,3.81,4.2,87,F,18.3,1726,5.7,26.01881725900028,31.37523804563795,20.66239647236261,10.7,0.9779677660312731,8.032009714102385,16.939996757160344,0.6920134819856121,16.2,0.8880520669134081,72.9,,baseline,14.1,10.7,11.8,243,1.58,51.8,medium,,54,21.37,2.98,0.18,1.85,-0.267,0.385,,True,True,21,6,1.091,False,12.7,12.1,9.2,10.2,209,70.9,114.7,75.0,71.4,4.9,2026-27,1.4,22.0,14.3,16.3,0.6000000000000001,1.5,1.3,26,2.62,IND,0.0,0.8,14.9,2.0,1.7000000000000002,34,66.3,10.3,1.9,11.5,18.64772727272727,5.5227272727272725,4.75,0.5,10.772727272727273,1.3636363636363635,0.7727272727272727,3.5454545454545454,0.0,1.4090909090909092,0.24572932317760607,15.29090909090909,3.659090909090909,0.4318181818181818,0.6363636363636364,18.766666666666666,7.666666666666667,5.0,0.0,12.666666666666666,1.6666666666666667,1.0,3.3333333333333335,0.0,3.3333333333333335,0.3147726785477914,17.666666666666668,-5.333333333333333,0.6666666666666666,0.3333333333333333,19.919999999999998,7.4,5.4,0.4,13.2,2.2,0.8,3.6,0.0,3.0,0.29564818094346235,20.280000000000005,1.6,0.6,0.6,24.580000000000002,9.8,6.8,0.5,17.1,1.7,0.8,5.5,0.0,2.4,0.3014662177113908,23.009999999999998,4.3,0.8,0.6,19.009090909090904,4.590909090909091,5.136363636363637,0.2727272727272727,10.0,1.3181818181818181,1.0,3.1363636363636362,0.0,1.5,0.2502191315041483,14.118181818181817,3.6363636363636362,0.45454545454545453,0.6818181818181818,18.286363636363635,6.454545454545454,4.363636363636363,0.7272727272727273,11.545454545454545,1.4090909090909092,0.5454545454545454,3.9545454545454546,0.0,1.3181818181818181,0.2414435970477249,16.46363636363636,3.6818181818181817,0.4090909090909091,0.5909090909090909,27.036842105263162,8.263157894736842,6.684210526315789,0.5789473684210527,15.526315789473685,1.8421052631578947,1.2105263157894737,5.315789473684211,0.0,2.0526315789473686,0.27432585693475176,21.468421052631577,6.7368421052631575,1.0,0.631578947368421,12.271999999999998,3.44,3.28,0.44,7.16,1.0,0.44,2.2,0.0,0.92,0.22309040061986582,10.595999999999998,1.32,0.0,0.64,19.599999999999998,5.214285714285714,4.928571428571429,0.6428571428571429,10.785714285714286,1.3214285714285714,0.8214285714285714,3.5714285714285716,0.0,1.25,0.24058617395512488,15.235714285714286,7.071428571428571,0.42857142857142855,1.0,16.98125,6.0625,4.4375,0.25,10.75,1.4375,0.6875,3.5,0.0,1.6875,0.2553298683929045,15.3875,-2.3125,0.4375,0.0,4.707681186789119,2.8294547095665576,0.8212299340934686,6.740587360935372,9.325171951438216,44,1.7000000000000002,0.5,-0.09999999999999998,2.427272727272726,0.8199999999999967,0.04991885776585628
36.4,36.4,63.6,3.2,29.7,11.8,8.6,9.4,1.28,92,0.1,0.1,1,0.0,-0.2,63.1,3.2,14.4,28.9,40.0,3.3,19.4,35.4,5.15,5.15,80.2,0.88,390,1,5.15,80.2,0.88,390,1,1.2,80.2,1.63,3.45,100.0,97.9,0.62,-0.08,99.2,61.8,-0.81,0.63,0.0,-0.86,90.2,17.6,-0.16,0.51,6.04,93.7,1.57,97.4,91.2,0.42,0.24,0.35000000000000003,-0.68,80.0,26.9,0.01,98.4,66.0,5.15,80.2,390,1,-0.04,6.5,-0.07,6.1,105.7,49.0,-2.5,-0.27,2.538064454570547,0.9863461166389251,36.7,2.7,0.56,60,22,41.7,151,63,4.6,1.5,11.9,72.2,-6.4,,18,13,6.1,29,1643506,35.3,11.3,-7.1,390,13.4,Teja Oblak,-8.4,-0.15,16.7,30.1,11.0,-0.73,2.7,97.3,25.2,5.7,4.06,4.5,44,G,5.7,777,5.6,6.272417595329095,11.53561494482355,1.009220245834639,10.5,0.40463894758228103,2.437595596104493,8.42592673597033,0.0,8.4,0.036236212659856,38.7,,baseline,20.7,15.0,16.5,161,-0.81,56.2,medium,,95,37.96,-0.12,-1.49,-0.8200000000000001,0.014,0.13,,True,True,185,-13,0.534,False,4.7,5.9,4.3,4.7,46,38.9,35.7,23.8,32.9,1.6,2026-27,0.5,65.1,-2.3,-3.1,0.7000000000000001,2.4,1.9,19,1.85,PDX,39.7,2.5,19.3,9.3,7.4,72,50.7,-5.3,-0.66,26.6,10.49189189189189,4.351351351351352,1.2432432432432432,2.4864864864864864,8.08108108108108,0.5405405405405406,1.945945945945946,4.081081081081081,1.6216216216216217,0.4864864864864865,0.6072067571744352,9.248648648648649,-1.7837837837837838,0.05405405405405406,0.40540540540540543,7.3,1.6666666666666667,1.3333333333333333,2.3333333333333335,5.333333333333333,0.3333333333333333,1.0,2.6666666666666665,1.6666666666666667,0.0,0.5022831050228311,6.766666666666667,-5.666666666666667,0.3333333333333333,0.3333333333333333,6.519999999999999,1.0,0.8,1.8,3.6,0.2,0.8,2.6,1.2,0.0,0.5315153842871165,4.46,-3.0,0.2,0.4,7.5,1.8,1.1,2.6,5.5,0.4,1.0,2.7,1.1,0.2,0.49064503348642463,7.220000000000001,-1.5,0.2,0.4,9.466666666666667,4.444444444444445,1.2222222222222223,2.2777777777777777,7.944444444444445,0.7222222222222222,1.6111111111111112,3.388888888888889,1.3888888888888888,0.6666666666666666,0.5753185014512799,9.883333333333333,-1.5,0.1111111111111111,0.3888888888888889,11.463157894736844,4.2631578947368425,1.263157894736842,2.6842105263157894,8.210526315789474,0.3684210526315789,2.263157894736842,4.7368421052631575,1.8421052631578947,0.3157894736842105,0.629716114155486,8.647368421052633,-2.0526315789473686,0.0,0.42105263157894735,21.7,8.0,5.0,8.0,21.0,2.0,2.5,8.5,4.0,1.0,0.5274206222788574,29.5,-4.5,1.0,0.0,9.851428571428572,4.142857142857143,1.0285714285714285,2.1714285714285713,7.3428571428571425,0.45714285714285713,1.9142857142857144,3.8285714285714287,1.4857142857142858,0.45714285714285713,0.6131168412407741,8.09142857142857,-1.6285714285714286,0.0,0.42857142857142855,9.713333333333333,3.533333333333333,0.7333333333333333,2.1333333333333333,6.4,0.3333333333333333,1.6666666666666667,3.3333333333333335,1.2,0.3333333333333333,0.5178478862408422,6.946666666666667,1.6,0.0,1.0,11.022727272727273,4.909090909090909,1.5909090909090908,2.727272727272727,9.227272727272727,0.6818181818181818,2.1363636363636362,4.590909090909091,1.9090909090909092,0.5909090909090909,0.6542377418763262,10.818181818181818,-4.090909090909091,0.09090909090909091,0.0,4.0839538046700135,1.5706581317928376,2.6100406725398573,6.977656317682011,6.610193238828549,37,-4.6,-0.8,-1.4000000000000001,-4.481081081081081,-6.880000000000002,-0.07569137288731864
29.0,27.4,47.8,2.1,15.5,6.4,4.8,5.4,1.75,47,0.5,0.5,4,0.2,0.02,62.0,0.9,0.0,46.0,50.0,5.3,15.8,23.9,-3.54,-3.73,76.8,-0.5700000000000001,655,2,-3.54,76.8,-0.38,655,2,1.02,76.8,0.9400000000000001,0.28,99.4,69.7,0.73,-1.58,93.3,6.3,-3.37,0.02,0.2,-0.99,83.3,13.9,-0.32,-0.1,-0.07,31.5,0.85,94.4,84.9,-0.21,0.08,0.14,-0.8200000000000001,79.5,21.8,-0.5,89.8,29.4,-3.54,76.8,655,2,0.01,7.7,-0.04,4.7,106.5,47.8,-3.7,-0.46,1.070360885015084,0.28140821822976003,32.4,-1.6,-0.05,37,12,42.5,113,48,7.1,1.3,12.4,85.7,7.1,,14,12,3.2,22,1642817,42.1,16.8,-14.1,347,15.8,Hailey Van Lith,-15.6,0.02,16.0,35.9,10.4,-3.03,0.8,90.9,35.4,3.8,2.9,3.2,28,G,5.9,730,5.5,1.7269832832908931,6.990180632785349,0.0,7.0,0.619786477015245,0.454040590857935,6.470481989387972,0.0,6.5,0.06730880564012001,52.6,,baseline,16.4,12.5,13.8,120,-3.06,64.9,medium,,4,1.6600000000000001,-1.9300000000000002,-4.2,-3.09,0.031,0.292,,True,True,234,-6,0.885,False,2.8,4.9,3.6,4.1,36,64.7,27.4,15.0,39.2,1.6,2026-27,0.5,52.1,-7.8,-12.6,0.7000000000000001,2.2,1.8,16,2.07,CON,32.7,1.2,8.4,3.6,3.0,26,50.4,-5.6,-0.71,18.0,9.96857142857143,3.4285714285714284,1.0285714285714285,1.3428571428571427,5.8,0.5714285714285714,0.7428571428571429,3.2285714285714286,1.0571428571428572,0.4,0.4032629719402546,7.648571428571429,-3.0,0.14285714285714285,0.22857142857142856,20.2,5.333333333333333,3.6666666666666665,4.0,13.0,0.3333333333333333,2.3333333333333335,5.0,1.6666666666666667,0.0,0.3472227084370138,14.399999999999999,-4.0,0.3333333333333333,0.3333333333333333,19.6,6.4,3.0,3.0,12.4,1.0,2.0,5.4,1.8,0.4,0.37194034300649426,15.5,-8.0,0.2,0.2,14.419999999999998,3.5,2.2,2.1,7.8,0.8,1.3,4.1,1.6,0.3,0.3649506370843729,10.389999999999999,-4.9,0.1,0.3,8.519047619047617,2.857142857142857,1.1904761904761905,1.3333333333333333,5.380952380952381,0.5238095238095238,0.5714285714285714,2.6666666666666665,1.0476190476190477,0.2857142857142857,0.36591453850311384,7.285714285714286,-1.0952380952380953,0.14285714285714285,0.3333333333333333,12.142857142857142,4.285714285714286,0.7857142857142857,1.3571428571428572,6.428571428571429,0.6428571428571429,1.0,4.071428571428571,1.0714285714285714,0.5714285714285714,0.4343866664712052,8.192857142857145,-5.857142857142857,0.14285714285714285,0.07142857142857142,23.439999999999998,11.0,2.6,3.6,17.2,1.2,1.6,8.2,2.2,1.0,0.435940637603552,21.520000000000003,0.2,1.0,0.2,7.723333333333333,2.1666666666666665,0.7666666666666667,0.9666666666666667,3.9,0.4666666666666667,0.6,2.4,0.8666666666666667,0.3,0.39365189380399057,5.336666666666668,-3.533333333333333,0.0,0.23333333333333334,8.6875,2.25,1.625,1.5,5.375,0.5,0.75,2.375,0.625,0.125,0.35197170077724144,7.199999999999999,3.25,0.125,1.0,10.34814814814815,3.7777777777777777,0.8518518518518519,1.2962962962962963,5.925925925925926,0.5925925925925926,0.7407407407407407,3.4814814814814814,1.1851851851851851,0.48148148148148145,0.41466103219870193,7.7814814814814826,-4.851851851851852,0.14814814814814814,0.0,4.667066809575584,1.8066171554091053,1.7140055793521853,7.1775794707424545,9.172073068273493,35,0.9000000000000004,1.4,0.8999999999999999,6.6000000000000005,3.8000000000000007,-0.031322628933760366
30.7,61.4,83.1,1.0,14.8,3.5,2.5,2.9,2.0,45,0.0,0.0,0,0.0,-0.04,76.7,0.8,-80.1,21.8,43.5,11.1,17.9,15.5,-6.23,-6.24,85.3,-0.9,1519,2,-6.23,85.0,-0.89,2269,3,1.25,85.0,0.66,-1.53,100.0,25.2,0.17,-1.81,100.0,3.4,-4.01,0.33,0.30000000000000004,-1.3900000000000001,92.7,0.8,0.2,-0.14,-2.0,8.2,-0.11,100.0,49.2,-0.15,-0.11,0.1,-0.79,80.0,23.1,1.31,100.0,94.5,-6.23,85.0,2269,3,-0.09,3.3,-0.71,6.2,115.0,45.2,-6.3,-0.88,5.266218456835848,2.556021930679276,32.7,-1.3,-0.01,150,49,33.3,207,69,2.8,1.3,27.1,89.3,10.7,1.12,56,50,5.0,43,1628915,38.1,10.1,-8.5,617,14.3,Kia Nurse,-16.5,0.05,15.8,36.2,13.0,-1.3,2.1,98.5,6.8,4.4,3.27,3.6,56,G,4.8,1278,5.5,5.789802350928389,11.052999700422845,0.5266050014339331,10.5,0.9095679157322901,2.810149617713188,10.480889631350745,0.0,10.5,0.015673661836959,58.8,,baseline,18.5,13.8,15.4,237,-2.39,46.0,low,,5,1.92,-0.37,-4.41,-2.9699999999999998,0.581,0.5660000000000001,,True,True,229,7,1.5750000000000002,False,3.9,3.9,3.0,3.2,50,45.5,37.7,10.6,42.0,1.2,2026-27,0.4,11.6,-1.9,2.1,0.4,1.3,1.0,16,0.93,TOR,72.5,0.5,6.1,1.7000000000000002,1.4,22,51.2,-4.8,-0.58,17.8,13.943181818181818,5.386363636363637,1.1363636363636365,1.0227272727272727,7.545454545454546,0.36363636363636365,0.5,4.704545454545454,3.409090909090909,1.2727272727272727,0.3863306211104649,8.874999999999998,-4.568181818181818,0.1590909090909091,0.25,22.96666666666667,7.0,1.3333333333333333,1.3333333333333333,9.666666666666666,0.6666666666666666,0.6666666666666666,8.333333333333334,6.0,2.0,0.4251566275279841,11.933333333333332,-6.333333333333333,0.6666666666666666,0.0,19.94,5.4,1.2,1.2,7.8,0.6,0.8,6.4,4.4,1.6,0.3863506748746124,9.639999999999999,-12.2,0.4,0.0,20.85,7.6,1.8,1.7,11.1,0.6,1.2,7.5,5.5,1.7,0.4440817162238556,12.91,-9.0,0.4,0.1,13.804545454545455,5.136363636363637,1.1363636363636365,0.8636363636363636,7.136363636363637,0.22727272727272727,0.3181818181818182,4.454545454545454,3.227272727272727,1.3181818181818181,0.37170218609134004,8.159090909090908,-6.2272727272727275,0.09090909090909091,0.3181818181818182,14.081818181818182,5.636363636363637,1.1363636363636365,1.1818181818181819,7.954545454545454,0.5,0.6818181818181818,4.954545454545454,3.590909090909091,1.2272727272727273,0.4016556482733578,9.590909090909092,-2.909090909090909,0.22727272727272727,0.18181818181818182,25.599999999999998,14.428571428571429,2.142857142857143,1.8571428571428572,18.428571428571427,0.42857142857142855,1.0,11.0,8.0,2.142857142857143,0.5063490469189759,20.071428571428573,-8.428571428571429,1.0,0.0,11.737837837837839,3.675675675675676,0.9459459459459459,0.8648648648648649,5.486486486486487,0.35135135135135137,0.40540540540540543,3.5135135135135136,2.5405405405405403,1.1081081081081081,0.36299370498103223,6.756756756756756,-3.8378378378378377,0.0,0.2972972972972973,9.181818181818182,2.8181818181818183,1.0,0.2727272727272727,4.090909090909091,0.18181818181818182,0.36363636363636365,2.6363636363636362,2.090909090909091,1.0909090909090908,0.36803009151102534,4.609090909090909,-1.2727272727272727,0.0,1.0,15.530303030303028,6.242424242424242,1.1818181818181819,1.2727272727272727,8.696969696969697,0.42424242424242425,0.5454545454545454,5.393939393939394,3.8484848484848486,1.3333333333333333,0.3926214281602723,10.296969696969695,-5.666666666666667,0.21212121212121213,0.0,5.516216722941628,1.0909971775571339,1.1307259730879293,6.673287762117362,7.377287512083344,44,-0.09999999999999964,0.0,0.19999999999999996,0.25454545454545396,5.640000000000001,2.0053764147487385e-05
37.3,41.7,67.3,1.4,14.0,4.6,3.3,3.7,1.56,60,0.5,0.4,6,0.1,0.01,79.8,3.7,7.4,13.4,35.3,8.5,12.3,19.0,-5.04,-5.06,84.3,-0.65,1080,2,-5.04,82.7,-0.63,1080,2,1.13,82.7,0.45,-0.58,100.0,51.7,0.17,-1.44,100.0,10.5,-3.46,0.13,0.02,-1.29,94.4,3.8,-0.03,-0.14,-1.62,18.5,-0.02,100.0,57.6,-0.03,-0.2,-0.03,-0.81,80.0,22.3,0.26,100.0,77.7,-5.04,82.7,1080,2,0.02,5.1,0.19,4.1,105.0,48.0,-3.5,-0.43,6.64153761784917,1.9544856364531351,37.0,3.0,0.6000000000000001,100,37,38.7,199,77,4.7,1.4,19.6,87.2,8.6,0.9,39,34,4.8,42,1631118,32.1,14.1,-8.0,646,15.4,Lexi Held,-4.2,-0.01,15.8,30.2,9.8,-1.82,2.8,100.8,18.6,4.3,3.18,3.5,57,G,3.9,1314,5.4,7.405778982857176,12.668976332351631,2.14258163336272,10.5,0.8968047295528171,2.179388190144492,8.185334062186755,0.0,8.2,0.032544642511933,61.0,,baseline,17.1,12.6,13.9,225,-1.57,55.1,medium,,33,12.58,-0.29,-2.86,-1.37,-0.20800000000000002,0.34700000000000003,,True,True,216,-2,1.005,False,3.4,3.5,2.6,2.8,46,55.9,36.7,17.1,47.5,1.1,2026-27,0.5,31.2,-3.3,-3.2,0.5,1.6,1.3,21,1.5,TOR,50.3,0.9,9.9,2.8,2.3,37,52.0,-4.0,-0.45,17.5,12.101428571428572,3.648214285714286,0.9464285714285714,1.1946428571428571,5.789285714285715,0.43392857142857144,0.7214285714285714,3.325,1.6214285714285714,0.6053571428571428,0.2832186026373671,7.15625,-0.39821428571428574,0.23392857142857143,0.45,18.466666666666665,8.666666666666666,1.3333333333333333,2.6666666666666665,12.666666666666666,2.0,1.0,6.0,3.0,2.6666666666666665,0.44128483051807016,19.266666666666666,-4.0,0.6666666666666666,0.3333333333333333,18.699999999999996,9.8,1.0,2.4,13.2,1.8,1.2,6.8,3.8,2.4,0.486899833843076,18.8,3.0,0.6,0.6,16.21,7.3,1.0,1.7,10.0,1.2,1.0,5.4,3.0,2.1,0.4500803431959596,13.649999999999997,0.1,0.4,0.4,10.658333333333335,3.2777777777777777,0.75,0.9444444444444444,4.972222222222222,0.3333333333333333,0.4166666666666667,3.027777777777778,1.6111111111111112,0.3055555555555556,0.23122087210109202,6.177777777777777,0.6388888888888888,0.19444444444444445,0.3333333333333333,12.84941176470588,4.011764705882353,1.1352941176470588,1.335294117647059,6.482352941176471,0.5117647058823529,0.9294117647058824,3.5058823529411764,1.5941176470588236,0.8941176470588235,0.32026057654547707,7.982941176470588,-1.3529411764705883,0.24705882352941178,0.5352941176470588,23.858333333333334,6.708333333333333,1.4583333333333335,2.666666666666667,10.833333333333332,0.8333333333333334,1.1666666666666665,7.375,3.9166666666666665,0.5,0.3625593961587049,13.791666666666666,-3.833333333333333,1.0,0.20833333333333334,8.86583850931677,2.4068322981366457,0.7267080745341614,0.8291925465838509,3.962732919254658,0.20186335403726707,0.5838509316770186,2.111801242236025,0.8975155279503105,0.6366459627329192,0.26931477508951,4.544409937888198,-0.7608695652173914,0.0,0.48136645962732916,11.837499999999999,3.517857142857143,1.0178571428571428,1.1607142857142856,5.696428571428571,0.5892857142857143,0.8392857142857143,3.0357142857142856,1.4642857142857142,0.8035714285714286,0.27094587931563047,7.408928571428571,1.625,0.17857142857142858,1.0,12.639880952380953,3.7976190476190474,0.8988095238095238,1.2380952380952381,5.934523809523809,0.30952380952380953,0.6011904761904762,3.642857142857143,1.8095238095238095,0.4523809523809524,0.28808620612672936,7.060714285714285,-1.8928571428571428,0.29166666666666663,0.0,5.567068174723165,1.1628239197911858,1.3298681439064504,6.703001757283041,8.585752704431982,43,4.4,-0.10000000000000009,1.0,7.410714285714285,3.2999999999999954,0.2036812312057089
12.5,5.1,82.8,0.30000000000000004,4.0,1.4,1.2,1.1,0.25,11,1.5,1.3,12,0.30000000000000004,-0.11,66.0,2.3,16.3,16.3,0.0,0.6000000000000001,-13.8,18.1,-2.7800000000000002,-2.7800000000000002,79.5,-0.33,384,1,-2.7800000000000002,79.5,-0.33,384,1,1.03,79.5,-1.12,-0.65,100.0,49.2,-2.01,-0.68,99.4,36.1,2.74,-0.25,0.0,3.33,100.0,99.6,-0.49,-0.27,-5.57,35.3,-3.0,97.5,0.4,0.01,-0.49,-0.51,0.92,80.0,88.7,-1.96,80.6,7.6,-2.7800000000000002,79.5,384,1,-0.09,11.2,-0.02,21.0,102.6,58.3,6.8,1.25,4.635374374212801,2.277025333409372,11.1,-22.9,,9,1,58.0,157,91,3.8,1.6,35.7,76.8,-1.8,-0.17,56,43,22.3,42,1643431,100.0,0.6000000000000001,-4.0,384,9.1,Madina Okot,-3.2,-0.02,15.0,32.4,8.8,-0.8,11.3,99.4,16.6,8.5,6.38,7.1,68,C,19.5,797,5.4,5.121089786944302,10.384287136438758,0.0,10.4,0.9051538963503851,2.5156223075329223,8.502689855879268,0.0,8.5,0.05964478039425201,61.7,,baseline,28.4,21.4,23.5,226,-0.8200000000000001,54.0,medium,volatile_rank,95,39.37,-0.01,-1.63,-0.84,0.018000000000000002,0.17400000000000002,,True,True,187,-12,0.633,False,16.6,17.6,13.1,14.6,140,66.1,112.8,77.1,40.5,3.3,2026-27,1.4,25.3,16.3,20.3,0.30000000000000004,1.8,1.5,14,2.44,ATL,5.7,1.2,23.5,6.3,5.2,50,62.2,6.2,1.23,25.9,8.674999999999999,5.136363636363637,3.1818181818181817,0.25,8.568181818181818,0.5909090909090909,1.1363636363636365,3.5681818181818183,0.20454545454545456,1.2727272727272727,0.5971436205770891,9.965909090909092,-0.3181818181818182,0.045454545454545456,0.6818181818181818,3.0,2.0,2.3333333333333335,0.0,4.333333333333333,0.6666666666666666,0.0,2.0,0.0,0.0,0.5850191361399671,6.8,-1.0,0.0,1.0,4.92,3.2,2.0,0.2,5.4,0.6,0.2,2.6,0.2,0.0,0.4258429014033169,7.5,1.6,0.0,1.0,7.419999999999999,4.2,2.2,0.4,6.8,0.6,0.9,3.2,0.1,0.8,0.5158080350351499,8.34,1.2,0.0,0.9,9.24090909090909,5.954545454545454,3.6818181818181817,0.22727272727272727,9.863636363636363,0.6818181818181818,1.0909090909090908,4.045454545454546,0.22727272727272727,1.4545454545454546,0.6290171451094463,11.668181818181818,0.5454545454545454,0.045454545454545456,0.6818181818181818,8.109090909090908,4.318181818181818,2.6818181818181817,0.2727272727272727,7.2727272727272725,0.5,1.1818181818181819,3.090909090909091,0.18181818181818182,1.0909090909090908,0.5652700960447318,8.263636363636364,-1.1818181818181819,0.045454545454545456,0.6818181818181818,20.7,17.5,6.5,0.5,24.5,1.5,2.0,11.5,1.0,3.0,0.7073026315789473,28.55,-7.0,1.0,0.0,8.102380952380953,4.5476190476190474,3.0238095238095237,0.23809523809523808,7.809523809523809,0.5476190476190477,1.0952380952380953,3.1904761904761907,0.16666666666666666,1.1904761904761905,0.5916356700269962,9.08095238095238,0.0,0.0,0.7142857142857143,7.569999999999999,4.033333333333333,2.933333333333333,0.23333333333333334,7.2,0.5,1.1333333333333333,2.966666666666667,0.13333333333333333,1.0,0.5955189921976585,8.270000000000001,0.16666666666666666,0.0,1.0,11.042857142857143,7.5,3.7142857142857144,0.2857142857142857,11.5,0.7857142857142857,1.1428571428571428,4.857142857142857,0.35714285714285715,1.8571428571428572,0.6003928773359506,13.6,-1.3571428571428572,0.14285714285714285,0.0,5.372587220891699,2.590436142435058,0.48823364593527946,7.434669656172084,5.578160278534783,44,-2.2,-1.2999999999999998,-0.10000000000000003,-3.168181818181818,-4.18,-0.17130071917377226
53.3,14.2,68.9,0.7000000000000001,5.6,3.1,2.3,2.5,1.17,22,3.3,2.6,23,0.7000000000000001,0.2,60.3,1.2,-62.2,0.0,50.0,1.9,3.5,14.7,-1.46,-1.38,77.9,-0.19,348,1,-1.46,77.9,-0.27,713,2,0.9500000000000001,77.9,0.59,-1.55,99.6,24.8,-0.34,0.24,94.1,87.4,2.09,-0.04,0.08,1.54,98.5,90.3,-0.28,0.03,-3.5,53.6,-0.88,94.2,16.0,0.36,-0.1,-0.03,0.74,79.7,83.6,-1.11,81.1,15.5,-1.46,77.9,713,2,0.14,15.8,-0.05,14.5,104.5,56.1,4.6,0.89,4.10454809974533,1.932732915715233,52.9,18.9,,17,9,51.9,106,55,6.7,1.8,58.5,77.4,-1.2,-0.11,62,48,11.6,31,204323,20.0,4.7,-5.2,348,11.2,Cheyenne Parker-Tyus,7.5,0.06,10.3,33.1,8.6,0.05,5.2,112.0,26.4,8.1,5.9,6.6,57,C,16.5,705,5.4,6.029156008798882,11.292353358293337,0.7659586593044261,10.5,0.680783196479772,2.8389844604113383,8.832942225365464,0.0,8.8,0.09419602942789901,51.8,,baseline,23.7,17.4,19.2,167,-0.12,55.5,medium,,22,8.93,1.1400000000000001,-1.38,0.05,-0.167,0.336,,True,True,103,32,0.982,False,9.0,12.6,9.3,10.2,89,62.5,111.3,52.8,36.4,2.9,2026-27,1.0,20.0,7.0,7.5,0.5,2.1,1.7000000000000002,15,3.93,LVA,16.0,0.6000000000000001,8.5,2.6,2.1,18,62.7,6.7,1.31,19.4,9.168421052631578,4.394736842105263,2.3421052631578947,0.5789473684210527,7.315789473684211,1.0,0.47368421052631576,2.789473684210526,0.4473684210526316,1.631578947368421,0.4109397128169102,10.599999999999998,0.7631578947368421,0.0,0.7105263157894737,14.166666666666666,4.666666666666667,2.3333333333333335,2.0,9.0,2.6666666666666665,0.6666666666666666,3.6666666666666665,0.6666666666666666,2.0,0.33390721050535194,17.8,12.0,0.0,1.0,14.34,6.4,4.2,1.4,12.0,2.4,0.4,4.4,0.6,2.0,0.37767894539675023,20.34,10.6,0.0,1.0,10.48,5.4,3.2,0.8,9.4,1.4,0.6,3.0,0.5,2.1,0.42190463521366467,14.039999999999997,4.2,0.0,0.8,11.047058823529412,6.470588235294118,2.9411764705882355,0.7058823529411765,10.117647058823529,1.0,0.6470588235294118,3.823529411764706,0.8235294117647058,2.4705882352941178,0.4556505888310163,13.411764705882351,0.8823529411764706,0.0,0.6470588235294118,7.647619047619047,2.7142857142857144,1.8571428571428572,0.47619047619047616,5.0476190476190474,1.0,0.3333333333333333,1.9523809523809523,0.14285714285714285,0.9523809523809523,0.3690232665536859,8.323809523809524,0.6666666666666666,0.0,0.7619047619047619,,,,,,,,,,,,,,,,9.168421052631578,4.394736842105263,2.3421052631578947,0.5789473684210527,7.315789473684211,1.0,0.47368421052631576,2.789473684210526,0.4473684210526316,1.631578947368421,0.4109397128169102,10.599999999999998,0.7631578947368421,0.0,0.7105263157894737,9.696296296296296,4.703703703703703,2.6296296296296298,0.7037037037037037,8.037037037037036,1.2222222222222223,0.5185185185185185,2.8518518518518516,0.37037037037037035,1.9259259259259258,0.4053861917520763,12.06296296296296,1.2592592592592593,0.0,1.0,7.872727272727274,3.6363636363636362,1.6363636363636365,0.2727272727272727,5.545454545454546,0.45454545454545453,0.36363636363636365,2.6363636363636362,0.6363636363636364,0.9090909090909091,0.4269060858783079,7.009090909090909,-0.45454545454545453,0.0,0.0,4.994805267335852,2.6126130213697953,0.9192117347876202,7.51972276357096,6.366810277935135,38,1.0,1.3000000000000003,0.6999999999999998,4.684210526315789,3.1400000000000006,-0.03326076742015999
34.2,64.6,80.5,2.1,10.4,5.8,4.3,4.9,1.9100000000000001,45,0.30000000000000004,0.2,2,0.1,0.09,63.3,7.1,12.5,22.2,14.3,12.4,12.7,13.6,-1.98,-1.8900000000000001,78.4,-0.11,1316,2,-1.98,78.4,-0.2,1873,3,1.1,78.4,0.44,-1.22,100.0,34.0,0.36,-0.32,92.1,49.6,-1.08,0.44,-0.02,-0.72,86.9,23.5,0.28,0.09,-0.96,44.1,0.59,94.4,81.9,-0.15,-0.15,-0.11,-1.16,80.0,11.3,1.48,100.0,96.2,-1.98,78.4,1873,3,-0.03,4.8,0.04,4.6,110.6,42.9,-8.6,-1.26,18.817205337476967,5.511483000761896,31.0,-3.0,-0.25,87,27,31.0,113,35,4.0,1.8,13.3,100.0,21.4,,15,15,3.3,21,1628244,28.6,6.2,2.6,368,17.5,Sami Whitcomb,-6.8,0.12,15.3,34.2,8.5,0.03,1.1,103.8,13.3,4.9,3.7199999999999998,4.1,38,G,3.8,773,5.3,20.122091395731545,25.478512182369215,14.765670609093874,10.7,0.93515156886071,5.893678826285348,13.546652199252893,0.407843641665783,13.1,0.931728464257057,75.2,,baseline,14.5,10.9,12.2,112,0.14,35.3,low,,51,18.59,2.08,-1.81,0.12,0.015,0.547,,True,True,85,2,1.514,False,2.7,4.7,3.5,3.9,36,100.0,16.8,3.5,70.5,1.7000000000000002,2026-27,0.4,11.4,-3.9,-0.5,0.6000000000000001,1.7000000000000002,1.4,13,1.47,PHX,77.0,1.1,6.7,3.1,2.6,24,46.8,-9.2,-1.3,17.0,9.15,2.8,0.9,1.125,4.825,0.375,0.6,2.825,2.175,0.375,0.3948818316928348,6.092499999999999,-0.6,0.175,0.375,19.599999999999998,5.0,1.6666666666666667,2.3333333333333335,9.0,0.3333333333333333,1.6666666666666667,7.0,5.0,1.3333333333333333,0.49497218656397096,9.833333333333334,-4.0,0.6666666666666666,0.3333333333333333,20.16,8.0,2.0,2.6,12.6,0.8,1.0,7.6,5.6,0.8,0.46733520460264355,15.700000000000003,2.2,0.6,0.6,21.05,6.8,1.9,2.8,11.5,0.9,1.5,6.8,5.0,1.0,0.42378490664679347,14.48,2.4,0.6,0.4,8.613636363636362,2.5454545454545454,0.8181818181818182,0.9545454545454546,4.318181818181818,0.2727272727272727,0.6363636363636364,2.772727272727273,1.9545454545454546,0.5,0.42308340866708194,5.1409090909090915,-0.22727272727272727,0.13636363636363635,0.3181818181818182,9.805555555555555,3.111111111111111,1.0,1.3333333333333333,5.444444444444445,0.5,0.5555555555555556,2.888888888888889,2.4444444444444446,0.2222222222222222,0.3638600970211629,7.2555555555555555,-1.0555555555555556,0.2222222222222222,0.4444444444444444,23.442857142857143,7.285714285714286,2.0,3.2857142857142856,12.571428571428571,1.0,1.7142857142857142,6.714285714285714,5.571428571428571,0.8571428571428571,0.3687243182164698,15.9,1.4285714285714286,1.0,0.2857142857142857,6.118181818181817,1.8484848484848484,0.6666666666666666,0.6666666666666666,3.1818181818181817,0.24242424242424243,0.36363636363636365,2.0,1.4545454545454546,0.2727272727272727,0.40796058843101735,4.012121212121213,-1.0303030303030303,0.0,0.3939393939393939,8.32,3.2,1.0666666666666667,0.8666666666666667,5.133333333333334,0.4,0.2,3.0,2.2,0.26666666666666666,0.40288381289498804,6.78,2.7333333333333334,0.13333333333333333,1.0,9.648000000000001,2.56,0.8,1.28,4.64,0.36,0.84,2.72,2.16,0.44,0.3908808410917582,5.6800000000000015,-2.6,0.2,0.0,3.936678282186125,1.194002104537938,1.5053324021709098,5.90908687466242,9.535036605956114,40,2.7,0.2999999999999998,0.5,7.7749999999999995,2.66,0.07245337290980874
33.3,37.1,73.7,0.7000000000000001,4.7,1.7000000000000002,1.4,1.5,0.87,30,0.5,0.4,8,0.2,0.06,87.9,4.5,1.0,7.9,34.5,14.9,-1.9,11.2,-7.2,-7.24,94.1,-0.75,1928,2,-7.2,93.2,-0.71,2513,3,1.12,93.2,0.34,-2.75,100.0,5.9,-0.44,-1.32,100.0,13.9,-1.78,0.23,-0.17,-0.01,100.0,52.9,0.2,-0.14,-5.67,5.0,-1.33,100.0,3.8,0.33,-0.32,-0.24,-0.04,80.0,54.2,-0.01,100.0,53.4,-7.2,93.2,2513,3,0.0,5.8,0.02,11.3,104.9,51.5,0.0,0.14,15.213118476675472,3.929609634793697,33.7,-0.30000000000000004,0.14,101,34,42.8,194,83,3.0,2.6,18.0,82.9,4.3,0.46,35,29,10.4,44,1631086,47.8,11.9,-1.4,818,18.6,Lexie Hull,9.4,0.06,13.5,37.0,8.1,0.07,4.6,114.3,14.4,6.6,5.02,5.6,114,F,9.3,1726,5.2,17.18154799973907,22.964770008005576,11.398325991472564,11.6,0.885433517218967,4.438062890521805,12.089373048480628,0.0,12.1,0.9099413489592041,73.4,,baseline,13.3,10.1,11.2,229,0.18,32.4,low,,50,20.41,2.2800000000000002,-1.92,0.7000000000000001,-0.52,0.586,,True,True,83,-30,1.641,False,8.1,7.6,5.8,6.5,132,57.1,39.6,21.6,66.4,3.0,2026-27,1.0,19.3,-0.30000000000000004,1.4,0.6000000000000001,1.5,1.3,26,1.5,IND,52.1,0.8,12.6,1.9,1.6,33,54.7,-1.3,-0.01,12.6,18.60909090909091,5.204545454545454,3.0,0.6818181818181818,8.886363636363637,0.7727272727272727,0.75,4.409090909090909,2.2954545454545454,0.7954545454545454,0.2880267370087712,11.395454545454545,3.7954545454545454,0.4090909090909091,0.6363636363636364,13.133333333333333,3.0,2.0,0.3333333333333333,5.333333333333333,1.6666666666666667,1.0,4.0,2.6666666666666665,0.0,0.35873257640456296,9.9,-2.6666666666666665,0.0,0.3333333333333333,15.4,4.2,2.6,0.6,7.4,1.4,0.6,4.6,2.4,0.4,0.347053030170842,11.819999999999999,4.0,0.2,0.6,16.4,4.8,2.6,0.5,7.9,0.7,0.5,4.6,2.2,0.4,0.3204079580236522,10.27,6.4,0.3,0.6,19.349999999999998,5.590909090909091,3.272727272727273,0.9090909090909091,9.772727272727273,1.0909090909090908,0.9090909090909091,4.2272727272727275,2.1818181818181817,1.2727272727272727,0.2836743896996141,13.245454545454544,4.181818181818182,0.4090909090909091,0.6818181818181818,17.86818181818182,4.818181818181818,2.727272727272727,0.45454545454545453,8.0,0.45454545454545453,0.5909090909090909,4.590909090909091,2.409090909090909,0.3181818181818182,0.2923790843179279,9.545454545454545,3.409090909090909,0.4090909090909091,0.5909090909090909,23.32777777777778,8.222222222222221,4.444444444444445,0.9444444444444444,13.61111111111111,1.0555555555555556,0.8333333333333334,6.055555555555555,3.111111111111111,1.2777777777777777,0.3153633464876986,17.305555555555554,10.722222222222221,1.0,0.6666666666666666,15.342307692307692,3.1153846153846154,2.0,0.5,5.615384615384615,0.5769230769230769,0.6923076923076923,3.269230769230769,1.7307692307692308,0.46153846153846156,0.26910139198489813,7.303846153846154,-1.0,0.0,0.6153846153846154,18.83571428571429,5.714285714285714,3.25,0.75,9.714285714285714,0.75,0.7142857142857143,4.571428571428571,2.392857142857143,1.0,0.2997058913364578,12.274999999999997,6.928571428571429,0.42857142857142855,1.0,18.2125,4.3125,2.5625,0.5625,7.4375,0.8125,0.8125,4.125,2.125,0.4375,0.2675882169353193,9.85625,-1.6875,0.375,0.0,4.229352281238354,2.1781152509708086,0.7707660723373757,5.624762151419586,5.038725299389334,44,-1.0,-0.3999999999999999,-0.10000000000000009,-1.4863636363636363,-3.200000000000001,0.05902629316207081
0.0,12.7,73.6,0.6000000000000001,4.6,2.1,1.6,1.8,0.86,18,0.8,0.7000000000000001,7,0.2,0.06,66.6,2.8,-25.7,9.6,12.5,7.3,-1.7000000000000002,11.8,-5.43,-5.43,79.8,-0.85,405,1,-5.43,79.8,-0.85,405,1,1.18,79.8,-0.18,-1.85,100.0,18.5,-0.35000000000000003,0.18,99.1,83.2,0.93,0.27,0.0,0.48,99.0,78.6,0.01,-0.05,-6.45,13.9,-1.32,97.5,4.2,-0.24,-0.32,-0.29,-0.33,80.0,37.4,-1.69,85.4,10.1,-5.43,79.8,405,1,0.05,10.7,0.24,14.6,104.2,44.1,-7.4,-1.06,7.812612561040423,2.937696970284748,4.5,-29.5,-3.99,22,1,43.6,110,48,5.7,1.6,59.1,89.2,10.6,1.11,65,58,10.3,30,1642786,33.3,5.5,-4.2,405,13.5,Aicha Coulibaly,0.30000000000000004,0.01,13.7,34.8,11.3,-0.12,2.9,104.5,20.9,5.5,4.18,4.6,47,F,15.2,862,5.2,9.281691251313402,14.544888600807859,4.018493901818947,10.5,0.841722952154317,3.490099637613497,9.474050437966612,0.874319171672697,8.6,0.047849464365041006,58.4,,baseline,18.0,13.9,15.3,155,0.2,55.6,medium,,73,27.79,1.0,-0.61,0.1,0.095,0.17300000000000001,,True,True,82,3,0.631,False,8.9,9.2,6.9,7.8,79,55.9,112.7,53.6,43.6,2.6,2026-27,0.30000000000000004,12.5,8.4,10.1,0.7000000000000001,2.3,2.0,20,2.4,CHI,20.0,0.7000000000000001,12.2,2.6,2.2,22,55.9,-0.1,0.19,17.0,10.99189189189189,4.1891891891891895,2.135135135135135,0.4864864864864865,6.8108108108108105,0.7297297297297297,0.5945945945945946,2.972972972972973,0.5945945945945946,1.7567567567567568,0.41504907210353204,9.075675675675674,-0.13513513513513514,0.08108108108108109,0.3783783783783784,4.966666666666667,3.6666666666666665,0.0,0.3333333333333333,4.0,0.0,0.0,2.0,0.3333333333333333,1.6666666666666667,0.5503355704697986,4.166666666666667,-1.3333333333333333,0.0,0.3333333333333333,8.58,4.0,1.2,0.4,5.6,0.2,0.4,3.2,0.6,2.2,0.5279146238102491,6.24,-6.4,0.0,0.2,9.16,3.8,2.0,0.4,6.2,0.4,0.8,2.5,0.4,1.5,0.4478137838457177,7.2,-5.3,0.1,0.4,11.677777777777775,4.666666666666667,1.9444444444444444,0.6666666666666666,7.277777777777778,0.7777777777777778,0.6111111111111112,3.1666666666666665,0.6666666666666666,1.7222222222222223,0.4238391178100871,9.722222222222221,0.6666666666666666,0.1111111111111111,0.5,10.342105263157896,3.736842105263158,2.3157894736842106,0.3157894736842105,6.368421052631579,0.6842105263157895,0.5789473684210527,2.789473684210526,0.5263157894736842,1.7894736842105263,0.40625902639697703,8.463157894736844,-0.8947368421052632,0.05263157894736842,0.2631578947368421,20.76666666666667,9.333333333333334,3.3333333333333335,0.3333333333333333,13.0,1.6666666666666667,0.6666666666666666,4.666666666666667,0.6666666666666666,2.6666666666666665,0.315009329662248,18.166666666666668,-4.333333333333333,1.0,0.3333333333333333,10.129411764705882,3.735294117647059,2.0294117647058822,0.5,6.264705882352941,0.6470588235294118,0.5882352941176471,2.823529411764706,0.5882352941176471,1.6764705882352942,0.4261645990414525,8.273529411764706,0.23529411764705882,0.0,0.38235294117647056,9.757142857142858,3.857142857142857,1.8571428571428572,0.42857142857142855,6.142857142857143,0.7142857142857143,0.5,2.5,0.35714285714285715,1.8571428571428572,0.4267152905751413,8.37142857142857,2.9285714285714284,0.07142857142857142,1.0,11.743478260869564,4.391304347826087,2.3043478260869565,0.5217391304347826,7.217391304347826,0.7391304347826086,0.6521739130434783,3.260869565217391,0.7391304347826086,1.6956521739130435,0.40921596286772743,9.504347826086954,-2.0,0.08695652173913043,0.0,4.101746496838185,1.9883293121244916,0.7681732162019775,5.486538262156029,7.294837534493462,37,-1.2000000000000002,-1.4000000000000001,-0.20000000000000007,-1.2108108108108109,-4.92,0.11286555170671708
,0.0,58.3,1.4,12.8,3.7,2.9,3.2,1.75,60,2.4,2.1,39,0.9,0.03,84.6,4.8,-21.9,14.9,,0.0,11.4,15.1,-6.44,-6.44,84.5,-0.74,757,1,-6.44,84.5,-0.74,757,1,1.11,84.5,0.55,-2.16,100.0,14.7,0.24,0.62,100.0,92.9,1.98,0.28,0.0,0.85,100.0,82.8,0.27,-0.08,-8.53,7.6,-0.38,100.0,34.5,-0.14,-0.27,-0.21,-2.21,80.0,2.5,-2.12,81.8,4.6,-6.44,84.5,757,1,0.08,15.1,0.13,13.3,104.2,46.7,-4.8,-0.64,6.078210820302877,2.294947852764359,0.0,,,0,0,46.7,199,93,11.5,1.4,46.7,45.2,-33.4,-3.44,93,42,13.8,44,204322,20.0,7.5,-10.5,757,17.2,Elizabeth Williams,-3.8,-0.05,14.7,36.2,12.1,-0.9500000000000001,7.3,100.4,34.2,3.8,2.95,3.3,62,F,17.1,1614,5.2,6.683325365928173,11.946522715422628,1.420128016433717,10.5,0.9094590622940201,2.523420732072954,8.506171730817162,0.0,8.5,0.020366990506399,61.0,,baseline,14.1,10.9,12.0,228,-0.78,39.5,low,prior_heavy,8,2.95,1.45,-3.01,-0.8300000000000001,0.048,0.613,,True,True,182,37,1.737,False,10.2,9.8,7.5,8.3,158,55.2,105.0,58.3,49.0,3.6,2026-27,0.8,18.3,6.3,4.1,0.7000000000000001,2.0,1.7000000000000002,32,3.38,CHI,0.0,0.8,10.5,2.0,1.7000000000000002,33,47.5,-8.5,-1.19,15.4,17.21590909090909,5.181818181818182,3.590909090909091,1.3636363636363635,10.136363636363637,1.6136363636363635,0.75,4.5227272727272725,0.0,2.1136363636363638,0.35765834071365554,15.627272727272727,-1.6136363636363635,0.29545454545454547,0.36363636363636365,27.099999999999998,7.333333333333333,5.666666666666667,2.0,15.0,5.0,0.0,6.333333333333333,0.0,1.3333333333333333,0.26033089540658355,32.13333333333333,-0.3333333333333333,1.0,0.3333333333333333,24.46,6.2,5.2,1.4,12.8,3.8,0.4,5.6,0.0,1.2,0.2722346419380367,25.540000000000003,-7.0,1.0,0.2,17.520000000000003,5.0,3.3,0.9,9.2,2.5,0.3,4.0,0.0,1.6,0.2755992316192123,17.509999999999998,-3.8,0.5,0.4,17.96818181818182,5.409090909090909,3.909090909090909,1.4545454545454546,10.772727272727273,1.5909090909090908,0.8181818181818182,4.7272727272727275,0.0,1.8636363636363635,0.3428351975889752,16.236363636363635,1.1818181818181819,0.3181818181818182,0.5,16.463636363636365,4.954545454545454,3.272727272727273,1.2727272727272727,9.5,1.6363636363636365,0.6818181818181818,4.318181818181818,0.0,2.3636363636363638,0.3724814838383359,15.01818181818182,-4.409090909090909,0.2727272727272727,0.22727272727272727,23.684615384615384,7.153846153846154,4.846153846153846,1.7692307692307692,13.76923076923077,3.076923076923077,0.9230769230769231,6.384615384615385,0.0,2.6923076923076925,0.3641788416304884,23.930769230769233,-4.230769230769231,1.0,0.38461538461538464,14.503225806451615,4.354838709677419,3.064516129032258,1.1935483870967742,8.612903225806452,1.0,0.6774193548387096,3.7419354838709675,0.0,1.8709677419354838,0.3549239371033708,12.145161290322578,-0.5161290322580645,0.0,0.3548387096774194,17.1375,5.1875,3.5625,1.375,10.125,1.4375,0.875,4.6875,0.0,1.125,0.33589110740619244,14.962499999999999,3.9375,0.3125,1.0,17.260714285714286,5.178571428571429,3.607142857142857,1.3571428571428572,10.142857142857142,1.7142857142857142,0.6785714285714286,4.428571428571429,0.0,2.6785714285714284,0.3700967597464916,16.00714285714286,-4.785714285714286,0.2857142857142857,0.0,3.5455358585569114,2.2341762106827088,1.1430458919943125,4.878004305474558,5.559150980091323,44,1.0,1.6,0.0,2.663636363636364,7.260000000000002,-0.08542369877561884
30.0,45.5,95.5,0.2,1.2,1.0,0.7000000000000001,0.8,0.5,1,0.0,0.0,0,0.0,-0.06,14.0,1.5,-196.4,0.0,40.0,22.7,1.9,14.9,0.4,0.44,32.1,0.05,151,2,0.4,31.6,0.01,151,2,-0.87,31.6,-0.44,0.02,23.9,66.8,-0.12,0.0,18.3,77.3,0.11,0.2,-0.07,0.02,18.1,66.4,0.01,0.08,0.31,76.3,-0.02,19.5,58.0,0.02,0.05,0.09,0.19,18.3,64.3,0.06,20.6,69.3,0.4,31.6,151,2,0.01,13.4,-0.12,4.5,115.2,52.3,0.8,,1.480727295765051,0.6419677645914661,33.3,-0.7000000000000001,,15,5,40.9,22,9,10.0,1.0,18.2,75.0,-3.6,,4,3,4.0,5,1629539,,0.0,6.1,50,10.0,Amy Okonkwo,-23.2,-0.08,21.6,46.1,11.5,1.4,1.4,92.0,4.5,5.0,3.6,4.0,5,,8.1,101,5.2,16.067228533064046,21.850450541330552,10.28400652479754,11.6,0.09215822708427401,6.965930062916863,15.622178363517135,0.0,15.6,0.0,15.6,,baseline,25.7,18.7,20.8,26,1.22,35.1,low,"low_minutes_high_rank,low_sample",8,2.87,1.6800000000000002,0.76,1.29,-0.065,0.064,,True,True,30,18,0.36,True,3.3,5.9,4.3,4.8,6,66.7,45.5,27.3,17.0,1.2,2026-27,0.4,22.2,6.6,13.7,1.0,5.0,4.0,5,3.6,PDX,68.2,0.4,1.6,2.0,1.6,2,54.7,-1.3,,22.4,2.3708333333333336,1.2916666666666667,0.45833333333333337,0.041666666666666664,1.7916666666666667,0.20833333333333334,0.08333333333333333,1.125,0.8333333333333334,0.5833333333333334,0.9637885262885263,2.4458333333333333,-1.125,0.0,0.41666666666666663,0.0,0.0,0.0,0.0,0.0,0.0,0.0,0.0,0.0,0.0,,0.0,0.0,0.0,0.3333333333333333,5.68,3.0,0.4,0.0,3.4,0.8,0.4,2.2,1.6,0.0,0.4423076923076923,5.4799999999999995,-3.2,0.0,0.2,4.909999999999999,2.5,0.5,0.1,3.1,0.5,0.2,2.1,1.4,0.2,0.4814232064232064,4.549999999999999,-2.7,0.0,0.3,2.84,1.5,0.2,0.0,1.7,0.4,0.2,1.1,0.8,0.0,0.4423076923076923,2.7399999999999998,-1.6,0.0,0.6,2.128571428571429,1.2142857142857144,0.7142857142857143,0.07142857142857142,2.0,0.07142857142857142,0.0,1.2142857142857144,0.9285714285714286,1.1428571428571428,0.9833462833462834,2.3928571428571432,-0.7857142857142857,0.0,0.21428571428571427,,,,,,,,,,,,,,,,2.3708333333333336,1.2916666666666667,0.45833333333333337,0.041666666666666664,1.7916666666666667,0.20833333333333334,0.08333333333333333,1.125,0.8333333333333334,0.5833333333333334,0.9637885262885263,2.4458333333333333,-1.125,0.0,0.41666666666666663,1.2375,0.625,0.125,0.0,0.75,0.0,0.0,0.5,0.25,0.0,0.40404040404040403,0.775,-1.125,0.0,1.0,3.1,1.75,0.75,0.0625,2.5625,0.3125,0.125,1.5625,1.25,1.125,0.9766856600189933,3.55625,-1.125,0.0,0.0,3.034599019440824,0.7559289460184545,0.26726124191242434,3.7541186173863226,5.993971330236099,14,-2.2,-0.7999999999999999,-0.2,1.6083333333333332,-4.32,-0.521480833980834
23.8,32.8,73.4,4.2,40.0,14.5,10.9,12.0,2.1,67,0.4,0.4,2,0.1,-0.1,56.6,2.4,-6.7,6.7,50.0,3.1,36.7,39.1,4.61,4.61,56.5,0.77,223,1,4.61,56.5,0.77,223,1,0.55,56.5,1.83,3.6,76.4,98.7,1.23,-1.52,65.2,7.6,-2.67,-0.23,0.0,-0.36,64.0,36.6,-0.16,0.16,7.77,92.0,2.77,68.8,97.1,0.33,0.35000000000000003,0.7000000000000001,-0.22,60.0,45.4,-0.6000000000000001,62.3,26.5,4.61,56.5,223,1,0.02,6.4,-0.28,5.6,113.3,46.9,-4.6,-0.61,4.006808537095955,1.527346808279797,26.1,-7.9,-0.9400000000000001,23,6,42.2,64,27,3.7,2.2,43.8,75.0,-3.6,-0.36,28,21,7.4,16,1643527,100.0,1.6,-8.3,223,13.9,Jordan Harrison,-10.3,-0.12,15.5,34.5,8.1,-0.37,3.6,103.0,25.0,7.6,5.65,6.3,35,G,4.2,462,5.1,5.617290604077789,10.880487953572246,0.354093254583333,10.5,0.713299136453305,2.141243035669624,8.13491314535371,0.0,8.1,0.041035600380329,53.0,,baseline,17.5,13.2,14.5,81,-0.73,60.6,medium,,37,15.38,-0.11,-1.35,-0.62,-0.108,0.111,,True,True,177,-10,0.486,False,5.6,6.1,4.7,5.0,28,54.2,81.3,37.5,40.6,1.8,2026-27,0.7000000000000001,77.8,3.9,5.5,0.7000000000000001,2.4,2.0,11,2.1,PDX,35.9,2.0,14.6,6.9,5.7,32,53.1,-2.9,-0.27,21.2,10.747619047619049,3.857142857142857,1.3333333333333333,3.1904761904761907,8.380952380952381,0.6190476190476191,1.5238095238095237,3.0476190476190474,1.0952380952380953,1.3333333333333333,0.48461629541077034,10.576190476190478,-1.5238095238095237,0.14285714285714285,0.3333333333333333,14.966666666666669,3.3333333333333335,1.6666666666666667,5.0,10.0,1.6666666666666667,1.6666666666666667,4.0,1.6666666666666667,1.0,0.5052759334618405,16.166666666666668,-0.3333333333333333,0.3333333333333333,0.3333333333333333,18.160000000000004,5.0,1.8,6.2,13.0,1.4,3.2,4.4,2.4,2.2,0.5249088726093989,17.46,-0.8,0.4,0.2,12.680000000000001,4.2,1.3,4.1,9.6,0.9,2.0,3.4,1.6,1.7,0.5126922124718973,12.61,-1.1,0.2,0.3,17.65,7.0,2.125,5.625,14.75,0.875,3.25,5.125,1.875,2.625,0.5647833358335737,17.362499999999997,-3.375,0.25,0.375,6.5,1.9230769230769231,0.8461538461538461,1.6923076923076923,4.461538461538462,0.46153846153846156,0.46153846153846156,1.7692307692307692,0.6153846153846154,0.5384615384615384,0.4044492549879669,6.3999999999999995,-0.38461538461538464,0.07692307692307693,0.3076923076923077,26.433333333333334,7.666666666666667,4.0,6.666666666666667,18.333333333333332,1.6666666666666667,3.3333333333333335,6.333333333333333,2.6666666666666665,2.6666666666666665,0.40088979617221554,24.133333333333336,-1.6666666666666667,1.0,0.3333333333333333,8.133333333333333,3.2222222222222223,0.8888888888888888,2.611111111111111,6.722222222222222,0.4444444444444444,1.2222222222222223,2.5,0.8333333333333334,1.1111111111111112,0.5039377952350522,8.316666666666666,-1.5,0.0,0.3333333333333333,11.271428571428572,5.714285714285714,1.5714285714285714,3.857142857142857,11.142857142857142,0.7142857142857143,1.1428571428571428,3.857142857142857,1.5714285714285714,1.8571428571428572,0.5302629951477003,14.385714285714284,2.2857142857142856,0.14285714285714285,1.0,10.485714285714284,2.9285714285714284,1.2142857142857142,2.857142857142857,7.0,0.5714285714285714,1.7142857142857142,2.642857142857143,0.8571428571428571,1.0714285714285714,0.4638677955303476,8.671428571428573,-3.4285714285714284,0.14285714285714285,0.0,3.6371103129505746,1.7126976771553504,2.9600514796038198,7.310787854097467,8.91333938810921,21,-0.09999999999999964,0.0,2.0,4.619047619047619,4.260000000000003,0.040292577198628554
36.1,58.1,74.2,1.4,14.2,4.6,3.3,3.8,2.8,20,0.0,0.0,0,0.0,0.0,56.6,,,,50.0,9.7,22.4,19.9,0.35000000000000003,0.35000000000000003,55.2,0.05,213,1,0.35000000000000003,55.2,0.05,213,1,0.47000000000000003,55.2,0.97,-0.7000000000000001,74.6,47.9,0.8300000000000001,0.2,61.6,84.0,-0.34,0.65,0.0,-0.8,57.9,19.3,0.19,0.18,0.72,74.2,0.5700000000000001,66.6,81.5,-0.02,0.04,0.28,-0.03,58.5,55.9,1.01,70.6,90.8,0.35000000000000003,55.2,213,1,0.05,6.5,0.11,3.7,98.4,50.0,-1.5,-0.1,11.529266993031131,3.6292030235433552,38.1,4.1,0.76,42,16,37.1,62,23,6.1,1.3,14.5,100.0,21.4,,9,9,3.2,14,1642769,0.0,6.5,-2.6,213,15.2,Mai Yamamoto,13.3,-0.05,10.3,30.4,9.1,-0.11,1.2,111.7,19.4,4.1,3.04,3.4,18,,4.4,434,5.1,12.640751033965392,18.423973042231896,6.857529025698887,11.6,0.9120713604794731,3.979077932712952,11.635458400844787,0.0,11.6,0.048692172045462,57.8,,baseline,16.4,12.1,13.3,71,0.08,63.9,medium,,41,16.45,0.5,-0.35000000000000003,0.14,-0.062,0.054,,True,True,88,5,0.331,False,2.6,3.7,2.6,3.0,16,50.0,21.0,6.5,50.1,1.1,2026-27,0.4,39.1,-4.4,-2.6,0.8,2.5,2.1,11,1.8599999999999999,LVA,67.7,0.5,3.8,1.6,1.3,7,53.8,-2.2,-0.15,15.8,11.173684210526314,3.736842105263158,0.8421052631578947,1.0526315789473684,5.631578947368421,0.5789473684210527,0.3684210526315789,3.263157894736842,2.210526315789474,0.47368421052631576,0.3749449282571611,7.694736842105261,2.210526315789474,0.21052631578947367,0.7368421052631579,15.066666666666668,4.333333333333333,1.0,0.3333333333333333,5.666666666666667,1.0,1.0,4.333333333333333,2.6666666666666665,0.0,0.3592810888363256,8.033333333333333,7.0,0.3333333333333333,1.0,16.439999999999998,3.2,2.2,0.8,6.2,0.8,0.6,4.4,3.0,0.0,0.30587168360482564,8.84,10.2,0.4,1.0,16.8,4.9,1.5,1.2,7.6,0.7,0.5,4.6,3.0,0.9,0.3281638688381484,10.1,6.0,0.3,0.8,13.379999999999999,4.1,0.9,1.0,6.0,0.8,0.4,3.8,2.6,0.8,0.34253556474242697,8.680000000000001,3.8,0.2,0.8,8.722222222222221,3.3333333333333335,0.7777777777777778,1.1111111111111112,5.222222222222222,0.3333333333333333,0.3333333333333333,2.6666666666666665,1.7777777777777777,0.1111111111111111,0.43328178258368233,6.6000000000000005,0.4444444444444444,0.2222222222222222,0.6666666666666666,22.6,9.0,1.75,2.25,13.0,1.25,1.25,7.75,5.75,0.25,0.3986106191691273,16.975,1.5,1.0,0.75,8.126666666666667,2.3333333333333335,0.6,0.7333333333333333,3.6666666666666665,0.4,0.13333333333333333,2.066666666666667,1.2666666666666666,0.5333333333333333,0.3654786518923745,5.220000000000001,2.4,0.0,0.7333333333333333,11.12142857142857,3.2857142857142856,1.0714285714285714,0.7857142857142857,5.142857142857143,0.6428571428571429,0.35714285714285715,3.142857142857143,2.0,0.6428571428571429,0.3892783236651658,7.321428571428571,4.357142857142857,0.21428571428571427,1.0,11.319999999999999,5.0,0.2,1.8,7.0,0.4,0.4,3.6,2.8,0.0,0.32238914509447697,8.74,-3.8,0.2,0.0,4.331308568796347,1.2588865404147536,1.5446568914424659,5.918056421906224,8.975264905113333,19,-1.8999999999999995,1.1,-0.5999999999999999,0.5684210526315789,1.2399999999999984,-0.06907324465233544
18.8,19.6,79.8,1.2,12.1,3.8,2.9,3.2,2.0,50,0.7000000000000001,0.6000000000000001,9,0.2,0.11,76.5,2.2,-13.0,13.0,40.0,9.2,11.8,16.7,-3.5700000000000003,-3.61,83.8,-0.62,1069,2,-3.5700000000000003,82.2,-0.58,1069,2,1.17,82.2,1.48,-1.9100000000000001,100.0,17.2,0.18,-0.31,100.0,50.4,-0.01,0.6000000000000001,0.03,0.13,100.0,70.2,0.43,0.37,-3.56,30.9,-0.23,100.0,40.3,0.48,0.07,0.33,0.54,80.0,77.7,-1.23,100.0,13.9,-3.5700000000000003,82.2,1069,2,0.05,7.0,0.04,8.5,103.2,52.8,1.3,0.35000000000000003,3.210258688486079,1.289335944531033,25.5,-8.5,-1.02,47,12,49.1,163,80,4.6,1.6,26.4,93.0,14.4,1.5,43,40,10.1,42,203822,20.0,3.1,-11.3,621,14.8,Rebekah Gardner,3.0,0.06,13.1,34.0,8.9,0.89,5.8,106.2,17.2,5.2,3.94,4.4,68,F,8.2,1300,5.0,3.478979291314869,8.742176640809324,0.0,8.7,0.9227587805711751,1.397262179107037,7.39161972533368,0.0,7.4,0.013123952446367002,63.4,,baseline,16.3,12.2,13.7,212,0.91,48.7,low,,38,17.12,2.41,-0.58,0.65,0.268,0.41600000000000004,,True,True,42,33,1.164,False,7.2,7.7,5.8,6.4,100,68.7,77.3,50.9,44.7,2.4,2026-27,0.9,28.7,9.1,12.3,0.5,1.7000000000000002,1.4,22,1.8,NYL,28.8,0.6000000000000001,10.4,2.1,1.7000000000000002,27,58.3,2.3,0.59,14.9,14.197727272727274,4.818181818181818,2.272727272727273,1.1363636363636365,8.227272727272727,0.7045454545454546,0.6136363636363636,3.7045454545454546,1.0681818181818181,0.9772727272727273,0.32996668089848835,10.749999999999998,0.3181818181818182,0.1590909090909091,0.5909090909090909,14.033333333333333,2.6666666666666665,0.6666666666666666,0.0,3.3333333333333335,1.0,1.6666666666666667,2.6666666666666665,1.6666666666666667,0.0,0.30745963354659006,4.8,-4.0,0.0,0.3333333333333333,15.559999999999999,4.2,1.4,0.6,6.2,1.2,1.2,3.6,1.4,0.0,0.3017412143797852,9.18,2.4,0.2,0.6,13.74,4.6,1.9,1.0,7.5,0.9,0.6,3.4,1.0,0.4,0.3065543769414028,10.48,0.0,0.1,0.6,15.277272727272726,4.636363636363637,2.1818181818181817,0.6818181818181818,7.5,0.9545454545454546,0.5454545454545454,4.090909090909091,0.9545454545454546,1.1363636363636365,0.33974274787603,10.595454545454544,0.2727272727272727,0.18181818181818182,0.6363636363636364,13.118181818181817,5.0,2.3636363636363638,1.5909090909090908,8.954545454545455,0.45454545454545453,0.6818181818181818,3.3181818181818183,1.1818181818181819,0.8181818181818182,0.3192130072231924,10.904545454545454,0.36363636363636365,0.13636363636363635,0.5454545454545454,22.785714285714285,10.857142857142858,3.5714285714285716,1.8571428571428572,16.285714285714285,1.0,0.7142857142857143,6.571428571428571,1.8571428571428572,2.5714285714285716,0.3793507991089467,20.214285714285715,6.857142857142857,1.0,0.7142857142857143,12.572972972972973,3.675675675675676,2.027027027027027,1.0,6.702702702702703,0.6486486486486487,0.5945945945945946,3.1621621621621623,0.918918918918919,0.6756756756756757,0.3200898572563966,8.95945945945946,-0.918918918918919,0.0,0.5675675675675675,14.48076923076923,5.5,2.3846153846153846,1.1153846153846154,9.0,0.7307692307692307,0.6538461538461539,4.115384615384615,1.1923076923076923,1.1153846153846154,0.361848215612539,11.573076923076922,2.8461538461538463,0.19230769230769232,1.0,13.788888888888888,3.8333333333333335,2.111111111111111,1.1666666666666667,7.111111111111111,0.6666666666666666,0.5555555555555556,3.111111111111111,0.8888888888888888,0.7777777777777778,0.28308207102488453,9.56111111111111,-3.3333333333333335,0.1111111111111111,0.0,3.889596901890557,1.884621192751778,1.3222762102984962,5.72169935873924,6.166393866697041,44,-0.7999999999999998,-1.0,-0.6,-2.0272727272727264,0.759999999999998,-0.02822546651870317
33.3,60.9,78.6,1.3,14.6,4.4,3.4,3.7,1.63,51,0.7000000000000001,0.6000000000000001,8,0.2,-0.02,75.0,0.6000000000000001,-34.1,11.4,27.3,11.5,11.8,17.3,-4.1,-3.91,82.5,-0.30000000000000004,1568,2,-4.1,81.5,-0.49,2066,3,1.19,81.5,0.62,-1.05,100.0,39.1,-0.06,-1.2,100.0,16.8,-2.96,0.23,0.09,-1.19,91.8,8.4,0.39,-0.04,-1.1,25.6,-0.04,100.0,53.8,-0.05,-0.15,-0.02,-0.79,80.0,23.5,1.43,100.0,95.4,-4.1,81.5,2066,3,-0.04,5.1,-0.31,8.6,102.7,48.2,-3.3,-0.4,7.772546786561846,3.371634604893432,32.4,-1.6,-0.05,139,45,36.5,192,70,3.7,1.3,9.9,78.9,0.30000000000000004,,19,15,4.3,40,1627671,46.4,14.6,-5.4,551,13.8,Rachel Banham,-6.1,0.02,13.9,35.4,11.5,-1.33,0.6000000000000001,96.6,6.8,4.4,3.33,3.7,51,F,7.8,1168,5.0,8.421945419100267,13.685142768594723,3.158748069605811,10.5,0.9228920872527101,3.6533356948917,9.646226562255377,0.630468285563186,9.0,0.031172067433922004,61.3,,baseline,17.1,13.0,14.5,200,-1.85,52.8,medium,,2,0.8300000000000001,0.02,-3.73,-2.2800000000000002,0.426,0.529,,True,True,223,9,1.463,False,4.0,3.9,2.9,3.3,46,58.3,16.1,6.3,42.6,1.1,2026-27,0.8,20.0,-4.2,-1.3,0.30000000000000004,0.9,0.8,11,1.24,CHI,72.4,0.8,11.7,2.7,2.3,31,49.9,-6.1,-0.79,18.1,12.490909090909092,4.545454545454546,1.0454545454545454,1.1590909090909092,6.75,0.4318181818181818,0.7045454545454546,4.363636363636363,3.159090909090909,0.4318181818181818,0.4335461710330451,8.129545454545454,-1.3863636363636365,0.09090909090909091,0.36363636363636365,17.900000000000002,7.333333333333333,0.3333333333333333,2.0,9.666666666666666,0.0,1.0,7.0,4.666666666666667,0.0,0.44636230977694397,9.733333333333333,-7.333333333333333,0.0,0.3333333333333333,18.6,7.0,1.0,1.8,9.8,0.2,1.0,7.0,4.2,0.4,0.43969970224449434,10.5,-9.8,0.0,0.2,16.380000000000003,5.9,1.3,1.7,8.9,0.3,0.6,6.0,4.1,0.3,0.40542343942116654,10.309999999999999,-4.6,0.0,0.4,11.936363636363637,4.7272727272727275,1.0909090909090908,1.3181818181818181,7.136363636363637,0.5,0.5909090909090909,4.454545454545454,3.3181818181818183,0.45454545454545453,0.4241615376204627,8.922727272727274,-0.5454545454545454,0.09090909090909091,0.5,13.045454545454545,4.363636363636363,1.0,1.0,6.363636363636363,0.36363636363636365,0.8181818181818182,4.2727272727272725,3.0,0.4090909090909091,0.4429308044456276,7.336363636363635,-2.227272727272727,0.09090909090909091,0.22727272727272727,22.35,7.5,3.0,1.0,11.5,1.0,1.25,8.5,6.0,1.25,0.45802436954407355,14.35,-3.0,1.0,0.5,11.505,4.25,0.85,1.175,6.275,0.375,0.65,3.95,2.875,0.35,0.4308263711984865,7.5074999999999985,-1.225,0.0,0.35,12.19375,4.5,1.0625,1.375,6.9375,0.625,0.5625,4.3125,2.875,0.375,0.39313847395002394,9.15,2.9375,0.125,1.0,12.660714285714286,4.571428571428571,1.0357142857142858,1.0357142857142858,6.642857142857143,0.32142857142857145,0.7857142857142857,4.392857142857143,3.3214285714285716,0.4642857142857143,0.4577907892828578,7.546428571428572,-3.857142857142857,0.07142857142857142,0.0,4.1453506904389945,1.539473565330354,1.1194513153135752,5.135942657073205,6.751599920012695,44,2.0,-0.10000000000000009,0.5,3.0500000000000007,4.800000000000001,0.006153531211449237
40.0,55.6,83.3,0.6000000000000001,3.1,1.9,1.5,1.7000000000000002,3.0,3,1.9,1.7000000000000002,3,0.6000000000000001,0.09,15.1,,,,100.0,5.6,13.7,7.1,-1.8900000000000001,-1.8900000000000001,32.2,-0.11,70,1,-1.8900000000000001,32.2,-0.11,70,1,-0.55,32.2,-0.76,-1.24,27.6,33.2,-0.13,-0.21,21.4,55.9,-0.75,-0.88,0.0,-0.04,21.5,51.7,-0.13,-0.28,-1.6600000000000001,45.8,-0.07,23.0,51.3,-0.26,-0.07,0.01,0.16,21.4,63.0,-0.02,21.4,52.5,-1.8900000000000001,32.2,70,1,-0.02,8.0,-0.2,10.0,116.5,58.3,6.8,,,,45.5,11.5,,11,5,44.4,18,8,4.4,1.8,22.2,100.0,21.4,,4,4,5.2,5,1642835,0.0,5.6,,70,14.0,Morgan Maly,-19.0,0.12,18.5,39.1,14.9,-0.48,0.0,97.5,11.1,5.8,4.63,5.1,9,,9.5,154,5.0,,,,,,,,,,,,,,16.2,12.9,14.3,25,-0.6900000000000001,41.1,low,low_sample,3,1.12,-0.38,-1.0,-0.59,-0.099,0.029,,True,True,175,-16,0.24,False,5.2,9.1,7.2,8.0,14,50.0,44.4,22.2,34.9,2.8,2026-27,0.0,0.0,1.3,5.4,0.2,0.6000000000000001,0.6000000000000001,1,2.06,CHI,61.1,0.2,1.8,0.6000000000000001,0.6000000000000001,1,63.3,7.3,,13.3,11.733333333333334,4.166666666666667,2.3333333333333335,0.5,7.0,0.6666666666666666,0.16666666666666666,3.0,1.8333333333333333,0.6666666666666666,0.1916676705647294,9.549999999999999,-5.0,0.3333333333333333,0.16666666666666666,21.46666666666667,8.333333333333334,4.666666666666667,1.0,14.0,1.3333333333333333,0.3333333333333333,6.0,3.6666666666666665,1.3333333333333333,0.3194461176078823,19.099999999999998,-10.0,0.6666666666666666,0.3333333333333333,13.86,5.0,2.8,0.6,8.4,0.8,0.2,3.6,2.2,0.8,0.23958458820591172,11.459999999999999,-5.8,0.4,0.2,11.733333333333334,4.166666666666667,2.3333333333333335,0.5,7.0,0.6666666666666666,0.16666666666666666,3.0,1.8333333333333333,0.6666666666666666,0.1916676705647294,9.549999999999999,-5.0,0.3333333333333333,0.16666666666666666,11.600000000000001,4.0,2.0,0.5,6.5,1.0,0.5,3.5,1.5,0.0,0.18099547511312217,9.65,-3.0,0.5,0.5,11.8,4.25,2.5,0.5,7.25,0.5,0.0,2.75,2.0,1.0,0.19878246753246753,9.5,-6.0,0.25,0.0,22.6,9.0,5.0,0.5,14.5,1.0,0.5,6.5,4.0,2.0,0.3489608430784901,18.25,-13.0,1.0,0.5,6.3,1.75,1.0,0.5,3.25,0.5,0.0,1.25,0.75,0.0,0.08680555555555557,5.2,-1.0,0.0,0.0,22.1,8.0,4.0,1.0,13.0,2.0,1.0,7.0,3.0,0.0,0.36199095022624433,19.3,-5.0,1.0,1.0,9.66,3.4,2.0,0.4,5.8,0.4,0.0,2.2,1.6,0.8,0.14908685064935065,7.6,-5.0,0.2,0.0,4.665476038590989,2.6583202716502514,0.8366600265340756,7.745966692414834,10.861430231174285,6,0.0,0.0,-1.1102230246251565e-16,1.4000000000000004,-0.14000000000000057,0.04791691764118233
38.1,53.8,89.7,0.9,3.9,3.5,2.7,3.0,0.9,8,1.3,1.1,3,0.30000000000000004,0.16,17.1,1.2,115.2,0.0,28.6,17.9,-2.3,11.6,-1.92,-1.8900000000000001,38.0,-0.25,212,2,-1.92,37.4,-0.28,212,2,-0.27,37.4,-0.84,-0.9500000000000001,45.9,40.3,0.11,-0.28,38.8,52.1,-0.7000000000000001,-0.18,-0.03,-0.19,34.4,42.4,-0.16,-0.31,-1.65,45.4,-0.17,39.6,45.8,-0.37,-0.43,-0.59,-0.27,35.4,41.2,0.26,42.8,78.2,-1.92,37.4,212,2,-0.01,5.8,0.2,4.3,101.7,53.8,2.3,,2.713957808733833,1.152898211833766,35.7,1.7000000000000002,0.42,28,10,41.0,39,16,5.0,1.1,5.1,100.0,21.4,,2,2,2.0,9,1631064,0.0,5.1,-6.8,106,11.8,Chloe Bibby,-3.1,0.16,18.3,36.7,6.8,0.8,0.0,98.6,5.1,4.4,3.4,3.8,10,,4.3,229,4.9,4.982539338048361,10.245736687542816,0.0,10.2,0.54469370427427,2.116599113936602,8.104809947842112,0.0,8.1,0.016976845970014,45.1,,baseline,19.2,14.9,16.6,44,1.03,51.3,medium,low_sample,4,1.48,1.56,0.49,0.98,0.052000000000000005,0.084,,True,True,35,20,0.418,False,2.0,3.9,3.1,3.4,9,71.4,23.0,17.9,31.6,1.0,2026-27,0.30000000000000004,6.3,2.3,8.0,0.2,0.9,0.8,2,1.7000000000000002,MIN,71.8,1.0,12.3,3.9,3.4,9,55.2,-0.8,,20.0,8.373214285714285,3.5357142857142856,0.5,0.8214285714285714,4.857142857142858,0.4464285714285714,0.5,3.178571428571429,2.071428571428571,0.25,0.4445450347328831,6.207142857142857,0.26785714285714285,0.03571428571428571,0.6964285714285714,12.166666666666666,5.0,1.6666666666666667,0.6666666666666666,7.333333333333333,0.0,1.0,4.0,3.6666666666666665,0.0,0.3983299885321101,7.0,-2.0,0.3333333333333333,0.6666666666666666,8.58,3.4,1.2,0.4,5.0,0.2,0.8,2.8,2.4,0.0,0.4218033256880734,5.239999999999999,-1.4,0.2,0.4,5.5600000000000005,2.2,0.7,0.2,3.1,0.2,0.7,1.9,1.6,0.0,0.5014246777177905,3.2399999999999998,-0.3,0.1,0.6,9.040476190476191,4.023809523809524,0.5476190476190476,1.0714285714285714,5.642857142857143,0.5,0.6190476190476191,3.5238095238095237,2.119047619047619,0.3333333333333333,0.48364463977582295,7.169047619047619,1.452380952380952,0.0,0.7857142857142857,5.014285714285714,1.2142857142857142,0.2857142857142857,0.07142857142857142,1.5714285714285714,0.14285714285714285,0.21428571428571427,1.5,1.3571428571428572,0.0,0.350462184698247,1.8785714285714283,-4.5,0.07142857142857142,0.35714285714285715,25.6,15.0,2.0,1.0,18.0,0.0,1.0,10.0,9.0,0.0,0.4296875,17.9,6.0,1.0,0.0,7.541346153846153,3.019230769230769,0.4423076923076923,0.7884615384615384,4.25,0.4519230769230769,0.4807692307692308,2.8461538461538463,1.7692307692307692,0.25,0.4535121819476069,5.607692307692307,0.028846153846153855,0.0,0.7211538461538461,8.633333333333333,3.6666666666666665,0.5555555555555556,1.0555555555555556,5.277777777777778,0.5555555555555556,0.5,3.388888888888889,2.0555555555555554,0.3333333333333333,0.4562351548191682,7.083333333333333,1.611111111111111,0.0,1.0,6.290000000000001,2.2,0.3,0.1,2.6,0.1,0.4,2.0,1.7,0.0,0.3687351746693502,2.61,-4.3,0.1,0.0,4.889631553811201,0.8574929257125442,1.0416176459053665,6.184790537029374,7.9432402305027345,18,-1.5000000000000004,0.19999999999999996,-0.5,0.14285714285714235,-3.2200000000000006,-0.02274170904480971
32.1,65.9,88.6,0.9,7.5,2.7,2.0,2.2,2.25,28,0.30000000000000004,0.2,3,0.1,-0.07,72.4,4.3,-17.9,17.9,23.8,17.1,11.0,11.7,-5.79,-5.93,80.9,-0.86,668,2,-5.79,80.9,-0.72,1316,3,1.2,80.9,0.29,-2.51,100.0,8.8,0.26,-1.51,100.0,8.0,-3.14,0.33,-0.12,-1.0,91.0,13.4,-0.09,-0.07,-2.86,10.9,-0.27,100.0,38.7,-0.13,-0.2,-0.12,0.02,80.0,57.1,1.01,100.0,91.2,-5.79,80.9,1316,3,-0.04,4.8,0.09,5.4,111.9,48.4,-3.1,-0.36,7.68826783163909,2.188075772999746,30.4,-3.6,-0.33,102,31,35.8,123,44,3.7,1.8,30.1,89.2,10.6,1.11,37,33,5.2,32,1628317,75.0,3.3,-7.9,514,16.1,Karlie Samuelson,-9.6,-0.03,18.1,32.2,10.9,0.66,2.4,102.3,8.1,5.4,3.99,4.4,57,F,4.3,1051,4.8,8.16247129006808,13.425668639562534,2.8992739405736243,10.5,0.941904425562146,2.323033753338467,8.313825105565794,0.0,8.3,0.015190403491800002,62.6,,baseline,14.5,10.7,11.8,152,0.79,53.8,medium,,12,4.6,2.4,-0.81,0.97,-0.17500000000000002,0.451,,True,True,47,15,1.251,False,4.0,4.7,3.4,3.8,49,71.4,35.8,5.7,49.5,1.5,2026-27,0.7000000000000001,15.9,-1.3,4.1,0.6000000000000001,1.7000000000000002,1.4,18,1.47,PDX,82.9,0.4,6.9,1.2,1.0,13,54.6,-1.4,-0.02,13.2,13.156410256410254,3.8974358974358974,1.2564102564102564,0.717948717948718,5.871794871794871,0.5384615384615384,0.3333333333333333,3.1538461538461537,2.6153846153846154,0.9487179487179487,0.28700421686939626,7.764102564102563,-2.282051282051282,0.15384615384615385,0.38461538461538464,19.0,3.6666666666666665,2.0,1.3333333333333333,7.0,0.6666666666666666,1.0,5.0,3.6666666666666665,1.6666666666666667,0.3530713874496258,9.066666666666668,-17.0,0.0,0.3333333333333333,20.279999999999998,5.0,1.8,1.4,8.2,1.2,0.8,5.8,4.2,1.8,0.35176617741751065,12.059999999999999,-9.8,0.2,0.2,17.79,5.0,2.0,0.8,7.8,0.8,0.5,5.2,3.9,1.8,0.35061411487035,10.500000000000002,-3.9,0.2,0.3,16.183333333333334,4.611111111111111,1.5,1.1111111111111112,7.222222222222222,0.6666666666666666,0.3888888888888889,3.7222222222222223,3.0555555555555554,0.9444444444444444,0.26465007188506046,9.688888888888888,-2.2222222222222223,0.2777777777777778,0.3888888888888889,10.561904761904762,3.2857142857142856,1.0476190476190477,0.38095238095238093,4.714285714285714,0.42857142857142855,0.2857142857142857,2.6666666666666665,2.238095238095238,0.9523809523809523,0.3123389145183102,6.114285714285715,-2.3333333333333335,0.047619047619047616,0.38095238095238093,20.633333333333333,11.666666666666666,1.8333333333333333,1.1666666666666667,14.666666666666666,1.0,0.5,6.0,4.833333333333333,2.5,0.36401982340362965,18.11666666666667,6.833333333333333,1.0,0.16666666666666666,11.796969696969697,2.484848484848485,1.1515151515151516,0.6363636363636364,4.2727272727272725,0.45454545454545453,0.30303030303030304,2.6363636363636362,2.212121212121212,0.6666666666666666,0.2692313845922655,5.881818181818182,-3.9393939393939394,0.0,0.42424242424242425,11.566666666666668,2.7333333333333334,1.3333333333333333,0.7333333333333333,4.8,0.4,0.5333333333333333,2.8,2.4,0.4666666666666667,0.29155430220341644,6.1000000000000005,1.0666666666666667,0.06666666666666667,1.0,14.15,4.625,1.2083333333333333,0.7083333333333334,6.541666666666667,0.625,0.20833333333333334,3.375,2.75,1.25,0.2842741656689842,8.804166666666667,-4.375,0.20833333333333334,0.0,4.592871317223268,1.2078242447507943,0.8568214807837883,5.336958956576632,7.197726061669714,39,0.20000000000000018,0.30000000000000004,0.4999999999999999,2.328205128205128,4.179999999999996,0.0647619605481144
29.7,35.6,72.8,1.0,10.1,3.8,2.8,3.1,1.25,45,0.30000000000000004,0.30000000000000004,4,0.1,-0.04,75.6,1.6,-7.9,11.9,75.0,2.2,5.9,17.6,-5.12,-5.12,81.7,-0.67,573,1,-5.12,81.7,-0.67,573,1,1.1400000000000001,81.7,0.87,-1.08,100.0,37.4,0.07,-1.1400000000000001,100.0,19.7,-2.31,0.39,0.0,-0.76,96.9,21.0,-0.03,0.1,-2.87,18.1,-0.49,100.0,30.7,0.25,-0.15,0.0,-0.23,80.0,43.7,-0.41000000000000003,100.0,30.7,-5.12,81.7,573,1,-0.04,5.1,-0.31,10.4,107.7,49.4,-2.1,-0.2,7.7765193799022825,2.587508206906183,32.4,-1.6,-0.05,68,22,43.3,180,78,3.4,1.2,21.1,89.5,10.9,1.1400000000000001,38,34,6.9,44,1642302,42.9,3.9,-4.7,573,13.0,Isobel Borlase,-0.9,0.0,15.6,34.2,9.7,-0.59,2.0,106.8,23.3,4.5,3.33,3.7,53,F,9.3,1190,4.8,8.268456743947894,13.531654093442349,3.005259394453438,10.5,0.9405043311854191,2.751192228583219,8.734534179989463,0.0,8.7,0.0009763050017310001,61.8,,baseline,17.8,13.3,14.8,212,-1.0,53.7,medium,,81,29.75,0.08,-2.09,-0.87,-0.137,0.273,,True,True,195,-6,0.845,False,5.9,5.5,4.2,4.5,65,58.7,56.1,35.0,43.0,1.5,2026-27,0.4,32.0,2.8,4.3,0.30000000000000004,1.2,1.0,14,1.13,ATL,37.8,0.8,11.5,2.8,2.3,33,53.9,-2.1,-0.14,16.9,12.995454545454548,4.818181818181818,1.4772727272727273,1.0227272727272727,7.318181818181818,0.4090909090909091,0.75,4.090909090909091,1.5454545454545454,0.8636363636363636,0.39964956187135614,8.602272727272727,0.45454545454545453,0.045454545454545456,0.6818181818181818,13.133333333333333,8.0,1.6666666666666667,0.6666666666666666,10.333333333333334,1.3333333333333333,1.0,4.333333333333333,1.6666666666666667,1.3333333333333333,0.3836270554302618,14.0,0.3333333333333333,0.0,1.0,12.9,6.4,2.0,1.0,9.4,1.0,1.2,3.6,1.4,1.2,0.3992800822051433,12.1,2.8,0.0,1.0,12.6,5.5,1.4,1.2,8.1,0.7,0.8,4.2,1.6,1.0,0.43037031559648475,10.28,2.1,0.0,0.9,13.681818181818182,4.7272727272727275,1.9090909090909092,1.1818181818181819,7.818181818181818,0.45454545454545453,0.6818181818181818,4.0,1.6363636363636365,0.8636363636363636,0.37581639371718883,9.47272727272727,1.1818181818181819,0.09090909090909091,0.6818181818181818,12.309090909090912,4.909090909090909,1.0454545454545454,0.8636363636363636,6.818181818181818,0.36363636363636365,0.8181818181818182,4.181818181818182,1.4545454545454546,0.8636363636363636,0.42348273002552334,7.7318181818181815,-0.2727272727272727,0.0,0.6818181818181818,27.55,9.5,2.5,2.5,14.5,1.0,1.0,5.5,2.5,3.0,0.28601381552214544,18.25,11.5,1.0,0.5,12.30238095238095,4.595238095238095,1.4285714285714286,0.9523809523809523,6.976190476190476,0.38095238095238093,0.7380952380952381,4.023809523809524,1.5,0.7619047619047619,0.4050607878879853,8.142857142857142,-0.07142857142857142,0.0,0.6904761904761905,12.960000000000003,5.6,1.6,0.9666666666666667,8.166666666666666,0.4666666666666667,0.6,4.433333333333334,1.5666666666666667,1.0666666666666667,0.41021388918373825,9.770000000000001,2.6333333333333333,0.03333333333333333,1.0,13.071428571428571,3.142857142857143,1.2142857142857142,1.1428571428571428,5.5,0.2857142857142857,1.0714285714285714,3.357142857142857,1.5,0.42857142857142855,0.3770117176305372,6.1000000000000005,-4.214285714285714,0.07142857142857142,0.0,4.183426476281427,1.1511094014569692,1.266539624948419,4.840587737103003,6.016835084971692,44,1.6000000000000005,0.5,0.0,2.081818181818182,-0.09999999999999964,-0.00036947966621281303
33.3,4.8,59.5,0.8,9.9,3.2,2.3,2.7,0.89,32,1.1,0.9,11,0.30000000000000004,-0.08,69.4,0.30000000000000004,-155.9,0.0,0.0,0.8,0.30000000000000004,16.6,-4.42,-4.42,79.5,-0.61,477,1,-4.42,79.5,-0.61,477,1,1.2,79.5,0.38,-1.13,100.0,35.3,-0.67,-1.15,100.0,19.3,0.65,0.02,0.0,1.98,100.0,94.5,-0.1,-0.02,-5.15,22.3,-1.21,98.9,7.6,0.14,-0.13,-0.1,-0.12,80.0,50.4,-1.82,78.5,9.7,-4.42,79.5,477,1,-0.04,6.9,0.26,14.4,104.2,50.0,-1.5,-0.1,4.925972532594095,1.272783877949075,28.6,-5.4,,7,2,49.2,126,62,2.5,2.8,52.4,71.2,-7.4,-0.75,66,47,16.9,38,1643441,22.2,14.3,-6.9,477,12.6,Raegan Beers,-9.8,-0.03,14.9,34.4,7.9,-0.87,10.2,94.4,26.2,10.9,8.15,9.1,108,C,10.3,987,4.6,5.720638030491459,10.983835379985916,0.457440680997003,10.5,0.8610879601782641,1.47811133915469,7.4732726434688015,0.0,7.5,0.030953332391076,60.2,,baseline,17.5,13.1,14.5,173,-0.48,54.9,medium,,75,31.06,0.49,-1.44,-0.48,0.001,0.229,,True,True,157,-9,0.752,False,11.8,12.5,9.1,10.3,123,72.1,106.4,54.0,39.8,3.2,2026-27,1.0,27.4,4.9,3.0,0.4,1.6,1.3,16,2.04,CON,5.6,0.9,16.5,3.5,2.9,35,55.8,-0.2,0.17,17.1,10.89090909090909,3.9318181818181817,2.7954545454545454,0.7272727272727273,7.454545454545454,0.6136363636363636,0.7954545454545454,2.8636363636363638,0.1590909090909091,1.5,0.40754855006374885,9.422727272727274,-1.7954545454545454,0.11363636363636363,0.25,21.566666666666666,13.0,5.333333333333333,1.0,19.333333333333332,0.6666666666666666,1.0,8.333333333333334,0.6666666666666666,4.0,0.5619637477304303,21.900000000000002,0.6666666666666666,0.6666666666666666,0.3333333333333333,20.84,10.4,4.6,1.0,16.0,1.2,1.4,7.6,0.4,2.6,0.521489656921055,19.619999999999997,-4.8,0.6,0.2,17.46,7.5,4.1,1.1,12.7,1.0,1.2,5.3,0.2,2.9,0.4571103835975426,15.87,-4.6,0.4,0.2,9.290909090909093,3.4545454545454546,2.272727272727273,0.5454545454545454,6.2727272727272725,0.45454545454545453,0.6363636363636364,2.3181818181818183,0.09090909090909091,1.5,0.3892490851019332,7.7272727272727275,0.09090909090909091,0.045454545454545456,0.36363636363636365,12.490909090909092,4.409090909090909,3.3181818181818183,0.9090909090909091,8.636363636363637,0.7727272727272727,0.9545454545454546,3.409090909090909,0.22727272727272727,1.5,0.4240180685293825,11.118181818181817,-3.6818181818181817,0.18181818181818182,0.13636363636363635,24.9,9.6,5.4,1.4,16.4,1.2,0.8,7.8,0.4,2.2,0.3768026738711487,20.98,3.6,1.0,0.4,9.094871794871795,3.2051282051282053,2.4615384615384617,0.6410256410256411,6.3076923076923075,0.5384615384615384,0.7948717948717948,2.230769230769231,0.1282051282051282,1.4102564102564104,0.41220701615353667,7.941025641025642,-2.4871794871794872,0.0,0.23076923076923078,10.618181818181817,4.363636363636363,2.909090909090909,0.6363636363636364,7.909090909090909,0.8181818181818182,0.6363636363636364,2.727272727272727,0.18181818181818182,1.8181818181818181,0.3980196274477931,10.627272727272727,3.5454545454545454,0.18181818181818182,1.0,10.98181818181818,3.787878787878788,2.757575757575758,0.7575757575757576,7.303030303030303,0.5454545454545454,0.8484848484848485,2.909090909090909,0.15151515151515152,1.393939393939394,0.4105058019100798,9.021212121212121,-3.5757575757575757,0.09090909090909091,0.0,3.866358946225387,2.205485185817982,0.8986717941815606,5.820790905480774,7.369321011978637,44,5.800000000000001,1.3999999999999995,0.19999999999999996,8.545454545454547,8.24,0.11394110685730613
30.2,29.1,63.5,2.0,17.2,6.9,5.0,5.6,2.0,70,0.2,0.2,2,0.1,0.04,71.6,2.4,18.3,27.4,28.6,4.7,16.0,22.8,-4.8100000000000005,-5.09,80.7,-0.38,1068,2,-4.8100000000000005,80.7,-0.1,1655,3,1.11,80.7,0.4,-0.55,100.0,52.1,0.62,-1.53,100.0,6.7,-3.5300000000000002,0.11,-0.42,-1.23,88.8,5.9,-0.34,-0.35000000000000003,-1.78,20.2,1.04,100.0,87.4,-0.18,-0.33,-0.24,-1.24,80.0,9.7,-0.73,100.0,23.5,-4.8100000000000005,80.7,1655,3,0.01,5.1,-0.17,4.4,105.0,43.6,-7.9,-1.1400000000000001,6.052036240654986,1.274326045804647,30.0,-4.0,-0.39,50,15,38.5,148,57,5.0,1.1,26.4,84.6,6.0,0.64,39,33,3.2,35,203824,41.2,11.5,-7.7,500,14.3,Odyssey Sims,-0.5,0.03,13.2,35.7,10.1,-0.15,1.0,104.5,25.0,4.0,2.88,3.2,40,G,4.4,1012,4.6,6.559723630457522,11.822920979951977,1.296526280963066,10.5,0.9226053690059001,1.38122548232916,7.376904438417556,0.0,7.4,0.08186147892560201,64.1,,baseline,16.0,11.6,13.0,162,-0.56,31.1,low,,40,14.76,1.56,-2.68,-0.7000000000000001,0.14,0.59,,True,True,164,-9,1.654,False,2.7,3.3,2.3,2.6,33,61.4,56.1,29.7,44.1,0.9,2026-27,0.8,43.9,-0.6000000000000001,-1.5,0.5,1.8,1.4,18,1.44,DAL,33.8,1.0,11.5,3.5,2.8,35,49.0,-7.0,-0.9400000000000001,17.7,13.173684210526316,4.2631578947368425,0.868421052631579,1.8421052631578947,6.973684210526316,0.5263157894736842,0.9210526315789473,3.8947368421052633,1.3157894736842106,1.0263157894736843,0.394185720829825,8.726315789473684,-0.2894736842105263,0.2631578947368421,0.631578947368421,13.066666666666668,4.0,1.0,1.6666666666666667,6.666666666666667,0.6666666666666666,0.6666666666666666,3.3333333333333335,0.6666666666666666,1.0,0.38292208749528517,9.033333333333333,-2.3333333333333335,0.3333333333333333,0.6666666666666666,10.279999999999998,2.8,0.8,1.6,5.2,0.4,0.8,2.4,0.6,0.6,0.32170727548567685,6.56,-0.6,0.2,0.8,11.239999999999998,2.7,0.7,1.5,4.9,0.4,0.8,2.8,1.3,0.7,0.33332877789082904,6.1899999999999995,-0.7,0.2,0.7,14.405555555555553,3.7222222222222223,0.8333333333333334,2.0555555555555554,6.611111111111111,0.5555555555555556,1.0555555555555556,3.8333333333333335,1.1666666666666667,1.2222222222222223,0.37084824274386263,8.416666666666666,0.3888888888888889,0.3333333333333333,0.7222222222222222,12.065000000000001,4.75,0.9,1.65,7.3,0.5,0.8,3.95,1.45,0.85,0.4188959917443734,9.004999999999999,-0.9,0.2,0.55,23.07,9.8,1.6,3.6,15.0,1.4,1.7,7.6,2.3,2.0,0.43418990871546825,19.619999999999997,-0.7,1.0,0.5,9.639285714285716,2.2857142857142856,0.6071428571428571,1.2142857142857142,4.107142857142857,0.21428571428571427,0.6428571428571429,2.5714285714285716,0.9642857142857143,0.6785714285714286,0.37818404567556774,4.8357142857142845,-0.14285714285714285,0.0,0.6785714285714286,11.612499999999999,3.8333333333333335,0.625,1.5416666666666667,6.0,0.625,1.0416666666666667,3.625,1.0833333333333333,1.0833333333333333,0.4319198173708264,7.729166666666667,0.7916666666666666,0.20833333333333334,1.0,15.850000000000003,5.0,1.2857142857142858,2.357142857142857,8.642857142857142,0.35714285714285715,0.7142857142857143,4.357142857142857,1.7142857142857142,0.9285714285714286,0.3218620357929057,10.435714285714285,-2.142857142857143,0.35714285714285715,0.0,5.107938763026421,0.9634132068392957,1.8384234695752402,6.569737508044657,8.836554428500516,38,-1.7999999999999998,-0.09999999999999998,-0.3999999999999999,-1.7736842105263158,-4.020000000000003,-0.07247844534414816
22.0,35.0,59.8,1.9,14.1,5.6,4.2,4.6,1.58,56,0.4,0.30000000000000004,4,0.1,-0.08,68.1,4.4,10.2,6.8,41.2,14.5,12.0,20.0,-5.42,-5.71,81.5,-0.88,487,1,-5.42,81.5,-0.59,1263,2,1.1,81.5,0.77,-1.09,100.0,37.0,0.21,-1.37,100.0,12.2,-2.76,0.35000000000000003,-0.29,-0.85,95.2,18.1,0.23,-0.1,-3.02,14.3,0.30000000000000004,100.0,79.0,0.07,-0.25,-0.11,-1.05,80.0,13.9,-0.51,100.0,29.0,-5.42,81.5,1263,2,-0.02,4.7,0.16,6.9,100.1,44.4,-7.1,-1.01,13.050369208623028,3.183959486510463,27.6,-6.4,-0.73,58,16,37.6,117,44,4.0,1.3,31.6,81.1,2.5,0.27,37,30,5.2,30,204335,45.8,20.5,-2.3,487,16.2,Betnijah Laney-Hamilton,10.1,-0.05,17.7,34.7,9.4,1.78,1.6,110.2,19.7,4.0,2.96,3.3,40,F,6.3,1002,4.5,13.93012397501939,19.713345983285894,8.146901966752885,11.6,0.936845158882002,3.398597362994422,9.382012500099176,0.36625422340698705,9.0,0.039487333466136004,61.7,,baseline,13.4,10.0,11.0,134,1.97,53.4,medium,,12,4.26,3.61,0.33,2.1,-0.124,0.463,,True,True,16,3,1.2810000000000001,False,4.4,5.6,4.2,4.6,56,66.7,41.9,10.3,50.0,1.9,2026-27,0.30000000000000004,40.9,-6.5,-8.3,0.4,1.2,1.0,12,1.18,WAS,49.6,1.2,10.5,3.5,2.9,35,50.3,-5.7,-0.73,15.4,13.054415954415955,3.5584045584045585,1.5156695156695157,1.6353276353276351,6.7094017094017095,0.45584045584045585,0.8276353276353277,3.123931623931624,1.492877492877493,0.9045584045584045,0.33878438762769,8.37008547008547,3.0754985754985755,0.09401709401709402,0.6794871794871795,12.9,2.6666666666666665,1.3333333333333333,1.0,5.0,0.6666666666666666,0.0,3.3333333333333335,1.6666666666666667,0.0,0.2592239185750636,7.766666666666667,3.0,0.0,1.0,14.939999999999998,3.6,1.6,1.6,6.8,0.6,0.4,3.2,1.0,0.4,0.2540209677978121,9.32,1.8,0.0,0.8,15.579999999999998,4.5,1.9,2.4,8.8,0.6,0.7,3.6,1.2,1.1,0.3042464879714363,11.48,4.6,0.1,0.8,11.45090909090909,3.172727272727273,0.9636363636363636,1.190909090909091,5.327272727272727,0.5272727272727272,0.5090909090909091,3.290909090909091,1.6454545454545455,0.9363636363636363,0.37898556087106217,7.188181818181818,4.1,0.045454545454545456,0.8545454545454545,14.071875,3.78125,1.875,1.90625,7.5625,0.40625,1.03125,3.0,1.40625,0.875,0.3099945188982109,9.078125,2.34375,0.125,0.5625,23.383333333333333,7.166666666666667,4.166666666666667,4.666666666666667,16.0,0.5,2.0,5.166666666666666,2.1666666666666665,2.0,0.33997447585184537,18.666666666666668,7.833333333333333,1.0,0.6666666666666666,11.897916666666667,3.145833333333333,1.25,1.3541666666666667,5.75,0.45833333333333337,0.6875,2.875,1.375,0.7916666666666667,0.33607673383005593,7.364583333333333,2.75,0.0,0.6875,13.16388888888889,3.8611111111111107,1.4166666666666667,1.7222222222222223,7.0,0.6111111111111112,0.7222222222222222,3.3055555555555554,1.5,1.2777777777777777,0.3677596738703438,9.255555555555556,5.888888888888889,0.08333333333333333,1.0,12.794444444444444,2.9305555555555554,1.7361111111111112,1.4444444444444444,6.111111111111111,0.125,1.0416666666666665,2.7222222222222223,1.4722222222222223,0.1111111111111111,0.27997547089787145,6.513888888888889,-2.7916666666666665,0.1111111111111111,0.0,3.9193798567552065,1.6140409552202215,1.5157294934901469,5.744785818684984,8.174649682763015,40,-0.8999999999999999,-0.2999999999999998,-0.2999999999999998,0.09059829059829028,-1.2600000000000016,-0.0847634198298779
21.7,26.0,60.5,1.3,10.3,3.6,2.7,2.9,1.08,47,1.4,1.1,18,0.5,-0.01,79.8,1.5,-101.7,7.5,20.0,8.5,2.6,17.8,-6.75,-6.9,82.1,-0.79,650,1,-6.75,84.3,-0.64,1460,2,1.21,84.3,-0.63,-1.44,100.0,26.9,-0.31,0.26,100.0,87.8,1.07,0.16,-0.15,0.55,100.0,79.8,-0.5700000000000001,-0.26,-8.04,5.5,-0.98,100.0,13.4,-0.39,-0.47000000000000003,-0.62,-2.55,80.0,1.7000000000000002,-1.45,100.0,12.6,-6.75,84.3,1460,2,0.06,13.5,0.24,13.9,104.3,39.8,-11.7,-1.76,11.668883135961575,4.141691637016357,21.3,-12.7,-1.62,61,13,36.2,177,64,8.5,1.8,20.9,67.6,-11.0,-1.12,37,25,10.9,37,1641651,35.7,7.9,-4.9,650,17.6,Jordan Horston,-7.4,-0.07,13.2,32.1,9.7,-1.52,4.7,96.9,31.6,5.0,3.6,4.0,65,F,16.4,1305,4.5,12.694298860187507,18.47752086845401,6.911076851921002,11.6,0.9192223426027971,4.505647268417205,12.157223701901714,0.0,12.2,0.6389088787977311,69.4,,baseline,12.7,9.2,10.2,166,-1.12,42.0,low,,38,15.51,0.71,-2.96,-1.09,-0.036000000000000004,0.52,,True,True,200,-8,1.434,False,8.6,10.0,7.2,8.1,131,52.2,46.9,26.0,58.3,3.5,2026-27,1.0,34.4,-1.6,-3.2,1.0,2.8,2.3,37,3.05,SEA,34.5,1.2,15.0,3.5,2.8,46,42.9,-13.1,-1.9500000000000002,16.3,14.743181818181817,3.772727272727273,2.977272727272727,1.0681818181818181,7.818181818181818,1.25,1.0454545454545454,4.0227272727272725,1.3863636363636365,0.8409090909090909,0.3659776917610111,11.652272727272726,-2.727272727272727,0.22727272727272727,0.18181818181818182,13.133333333333333,0.0,2.0,0.3333333333333333,2.3333333333333335,0.0,1.3333333333333333,2.0,1.0,0.0,0.25216156923474,1.5666666666666664,-13.333333333333334,0.3333333333333333,0.0,10.52,0.6,2.0,0.4,3.0,0.4,1.2,2.0,0.6,0.4,0.34184508656053375,3.6,-11.8,0.2,0.0,13.970000000000002,3.1,3.3,0.8,7.2,1.3,1.1,3.9,1.8,0.9,0.382922356212388,11.06,-8.1,0.3,0.2,15.081818181818182,3.909090909090909,3.590909090909091,1.1818181818181819,8.681818181818182,1.3181818181818181,0.8636363636363636,4.454545454545454,1.7272727272727273,0.7727272727272727,0.3782989377147767,13.081818181818182,-1.6818181818181819,0.36363636363636365,0.2727272727272727,14.404545454545454,3.6363636363636362,2.3636363636363638,0.9545454545454546,6.954545454545454,1.1818181818181819,1.2272727272727273,3.590909090909091,1.0454545454545454,0.9090909090909091,0.354304932436391,10.22272727272727,-3.772727272727273,0.09090909090909091,0.09090909090909091,23.71,6.6,5.1,1.7,13.4,1.8,0.9,7.5,3.1,1.5,0.3818109507922912,19.77,-1.9,1.0,0.2,12.105882352941178,2.9411764705882355,2.3529411764705883,0.8823529411764706,6.176470588235294,1.088235294117647,1.088235294117647,3.0,0.8823529411764706,0.6470588235294118,0.36011352174942574,9.264705882352942,-2.9705882352941178,0.0,0.17647058823529413,13.975000000000001,4.125,2.75,0.75,7.625,1.875,1.0,4.125,1.5,0.875,0.3927103105121681,13.175,3.0,0.25,1.0,14.913888888888888,3.6944444444444446,3.0277777777777777,1.1388888888888888,7.861111111111111,1.1111111111111112,1.0555555555555556,4.0,1.3611111111111112,0.8333333333333334,0.36080363651885156,11.31388888888889,-4.0,0.2222222222222222,0.0,4.280098001288551,2.24632657614176,1.1890533125671237,6.161669689420408,7.95728122692122,44,-3.9,-1.5,-0.9,-4.818181818181818,-7.080000000000002,-0.02413260520047733
29.8,47.0,71.0,1.3,8.0,3.9,2.8,3.1,1.44,27,1.2,0.9,8,0.4,-0.21,60.4,4.8,19.6,6.5,25.0,8.0,5.9,11.9,-6.09,-5.96,80.8,-0.5,917,2,-6.09,80.8,-0.63,917,2,0.62,80.8,-0.49,-1.97,99.6,16.8,0.1,-0.56,98.3,39.9,-0.91,0.05,-0.14,-0.12,95.5,44.5,-0.29,-0.24,-5.41,8.8,-0.48,97.6,31.1,-0.12,-0.4,-0.5,-1.71,79.7,5.5,0.19,99.7,73.1,-6.09,80.8,917,2,-0.05,5.5,0.30000000000000004,10.5,108.6,41.0,-10.5,-1.57,0.285705740773165,0.057156020872613005,29.1,-4.9,-0.51,55,16,33.0,100,33,2.8,2.5,15.0,80.0,1.4,,15,12,6.9,21,1630143,20.0,5.0,-6.5,348,16.6,Luisa Geiselsoder,-8.1,-0.16,15.3,31.2,12.5,-0.72,1.9,100.5,24.0,7.7,5.48,6.1,53,C,8.1,689,4.5,10.140109950497633,15.923331958764138,4.356887942231128,11.6,0.028175803040394003,2.028549844370769,10.818130756030083,0.0,10.8,0.0,18.0,,baseline,13.6,9.8,10.8,94,-0.39,54.8,medium,,19,7.5,0.99,-1.77,-0.27,-0.11800000000000001,0.378,,True,True,141,1,1.075,False,5.9,8.0,5.6,6.3,55,56.3,31.0,16.0,27.5,2.6,2026-27,0.30000000000000004,9.1,-2.4,-1.4,0.30000000000000004,1.0,0.8,7,1.55,PDX,55.0,0.9,9.8,2.8,2.2,19,44.1,-11.9,-1.75,16.2,11.216129032258062,3.032258064516129,1.7741935483870968,0.8709677419354839,5.67741935483871,0.4838709677419355,0.6129032258064516,3.225806451612903,1.7741935483870968,0.4838709677419355,0.3664320166757373,7.306451612903226,-0.8387096774193549,0.25806451612903225,0.3870967741935484,0.0,0.0,0.0,0.0,0.0,0.0,0.0,0.0,0.0,0.0,,0.0,0.0,0.0,0.3333333333333333,0.64,0.0,0.4,0.0,0.4,0.0,0.2,0.2,0.2,0.0,0.625,0.27999999999999997,0.2,0.0,0.2,3.6400000000000006,0.4,0.6,0.1,1.1,0.0,0.2,0.8,0.7,0.2,0.3788929573178799,1.0699999999999998,-0.3,0.0,0.3,12.44375,3.6875,1.75,1.3125,6.75,0.5,0.75,3.6875,2.125,0.6875,0.3774101089828532,8.50625,0.0,0.375,0.4375,9.906666666666666,2.3333333333333335,1.8,0.4,4.533333333333333,0.4666666666666667,0.4666666666666667,2.7333333333333334,1.4,0.26666666666666666,0.35435611513791004,6.026666666666668,-1.7333333333333334,0.13333333333333333,0.3333333333333333,22.700000000000003,6.0,3.25,2.125,11.375,1.125,1.125,6.75,3.625,1.125,0.3642469043809807,15.337499999999999,-1.0,1.0,0.5,7.221739130434782,2.0,1.2608695652173914,0.43478260869565216,3.6956521739130435,0.2608695652173913,0.43478260869565216,2.0,1.1304347826086956,0.2608695652173913,0.3677767011648185,4.513043478260871,-0.782608695652174,0.0,0.34782608695652173,12.608333333333334,3.1666666666666665,1.9166666666666667,1.1666666666666667,6.25,0.6666666666666666,0.5833333333333334,3.6666666666666665,1.9166666666666667,0.5,0.3439145838734674,8.633333333333335,5.0,0.3333333333333333,1.0,10.336842105263157,2.9473684210526314,1.6842105263157894,0.6842105263157895,5.315789473684211,0.3684210526315789,0.631578947368421,2.9473684210526314,1.6842105263157894,0.47368421052631576,0.38028889840021124,6.46842105263158,-4.526315789473684,0.21052631578947367,0.0,3.4203690928294264,2.028294479266671,1.2039361966447382,5.775737163769336,9.33024103919413,31,-4.5,-2.2,-1.3,-5.27741935483871,-15.96,0.2585679833242627
29.7,55.2,86.2,0.8,6.0,2.6,1.9,2.1,1.6,26,0.30000000000000004,0.2,3,0.1,0.02,69.5,0.5,41.0,41.0,41.2,14.7,6.8,9.4,-5.25,-5.16,81.9,-0.6000000000000001,489,1,-5.25,81.9,-0.6900000000000001,1118,2,1.13,81.9,0.61,-2.74,100.0,6.3,0.16,-0.6900000000000001,100.0,35.3,-1.65,0.42,0.09,-0.75,97.8,21.8,-0.15,0.21,-3.5700000000000003,16.4,-0.64,100.0,26.1,0.01,0.05,0.07,0.24,80.0,67.2,0.8200000000000001,100.0,88.2,-5.25,81.9,1118,2,0.02,9.4,-0.4,8.7,106.2,51.7,0.2,0.17,7.571017423303771,1.943817957008017,32.1,-1.9,-0.09,81,26,40.5,116,47,9.6,0.9,24.1,78.6,0.0,0.01,28,22,5.9,32,1629478,33.3,7.8,-5.6,489,15.3,Katie Lou Samuelson,-14.8,-0.01,16.1,35.9,12.6,-0.31,1.8,91.4,6.0,3.0,2.21,2.5,30,F,10.8,995,4.4,9.656619725690849,14.919817075185303,4.393422376196393,10.5,0.784023565012251,2.479285118142644,8.459343662901428,0.0,8.5,0.012277608222284,55.3,,baseline,14.3,10.4,11.6,142,-1.1,47.5,low,volatile_rank,157,64.88,0.1,-2.31,-0.98,-0.124,0.317,,True,True,198,-1,0.9400000000000001,False,5.0,6.7,4.9,5.5,67,73.7,40.5,16.4,39.5,2.1,2026-27,0.4,8.5,0.7000000000000001,5.5,0.8,2.6,2.1,26,2.13,SEA,69.8,0.5,7.0,1.5,1.2,15,55.3,-0.7000000000000001,0.09,12.5,11.695238095238095,3.380952380952381,1.5952380952380953,0.6190476190476191,5.595238095238095,0.6904761904761905,0.35714285714285715,2.761904761904762,1.9285714285714286,0.6666666666666666,0.2963953496593233,7.938095238095237,-3.3333333333333335,0.07142857142857142,0.19047619047619047,5.6000000000000005,1.3333333333333333,0.0,0.6666666666666666,2.0,0.3333333333333333,0.0,1.3333333333333333,1.0,0.6666666666666666,0.29047619047619044,3.3333333333333335,0.3333333333333333,0.0,0.0,11.080000000000002,3.0,1.8,1.0,5.8,1.2,0.2,3.4,2.2,0.6,0.3693674484719261,10.06,0.8,0.2,0.2,8.870000000000001,2.4,1.2,0.6,4.2,0.8,0.4,2.6,1.6,0.3,0.37191992248711014,6.74,-2.8,0.1,0.2,11.181818181818182,3.1363636363636362,1.5454545454545454,0.7727272727272727,5.454545454545454,0.8181818181818182,0.36363636363636365,2.4545454545454546,1.8181818181818181,0.8181818181818182,0.29594938025636763,8.240909090909092,-1.4545454545454546,0.045454545454545456,0.2727272727272727,12.260000000000002,3.65,1.65,0.45,5.75,0.55,0.35,3.1,2.05,0.5,0.29684131906227884,7.6049999999999995,-5.4,0.1,0.1,23.933333333333334,7.333333333333333,4.666666666666667,2.0,14.0,3.0,0.0,7.0,4.333333333333333,0.3333333333333333,0.29866332497911446,24.933333333333337,-4.666666666666667,1.0,0.3333333333333333,10.753846153846153,3.076923076923077,1.358974358974359,0.5128205128205128,4.948717948717949,0.5128205128205128,0.38461538461538464,2.4358974358974357,1.7435897435897436,0.6923076923076923,0.2961607315227931,6.630769230769231,-3.230769230769231,0.0,0.1794871794871795,11.125,3.0,2.5,1.25,6.75,0.625,0.25,2.25,1.625,0.375,0.231372909301602,9.5,3.875,0.125,1.0,11.829411764705881,3.4705882352941178,1.3823529411764706,0.47058823529411764,5.323529411764706,0.7058823529411765,0.38235294117647056,2.8823529411764706,2.0,0.7352941176470589,0.30843654231816053,7.570588235294118,-5.029411764705882,0.058823529411764705,0.0,3.1541871586548984,1.767725889377867,0.9615125521390877,4.685522714987059,7.611382758927816,42,-1.4000000000000004,-0.30000000000000004,0.19999999999999996,0.20476190476190492,-4.219999999999999,0.0729720988126028
27.8,52.9,83.8,1.9,19.5,7.4,5.6,6.2,1.73,40,0.0,0.0,0,0.0,-0.13,57.2,5.5,5.0,2.5,50.0,5.9,13.2,27.7,-0.9,-0.9,64.5,-0.09,259,1,-0.9,64.5,-0.09,259,1,0.61,64.5,0.58,0.65,83.1,77.3,0.32,-1.87,76.0,2.9,-2.84,0.08,0.0,-0.2,74.7,42.0,0.30000000000000004,-0.08,1.88,63.0,0.77,77.4,84.0,0.12,-0.13,-0.02,-0.22,65.7,44.5,0.25,77.7,76.5,-0.9,64.5,259,1,-0.12,2.8,-0.02,10.8,104.8,50.0,-1.5,-0.1,8.345940662739416,2.65131786309954,30.0,-4.0,-0.39,40,12,41.2,68,28,1.6,0.9,50.0,70.6,-8.0,-0.81,34,24,6.8,21,1630469,0.0,4.4,-3.1,259,12.3,Marine Fauthoux,0.7000000000000001,-0.01,15.4,32.2,7.9,-0.41000000000000003,1.5,105.5,11.8,3.5,2.64,2.9,19,,9.0,539,4.4,9.158321387347648,14.421518736842103,3.895124037853192,10.5,0.9112958925278001,2.909392969768772,10.54790930349944,0.0,10.5,0.0,58.4,,baseline,17.1,12.9,14.2,92,-0.44,64.8,medium,,41,15.27,-0.03,-0.84,-0.36,-0.08,0.051000000000000004,,True,True,148,-11,0.32,False,6.1,7.8,5.9,6.5,42,82.4,75.0,25.0,47.4,2.0,2026-27,0.4,64.3,2.2,6.4,0.1,0.6000000000000001,0.5,3,0.42,NYL,58.8,1.1,16.5,4.5,3.7,24,55.4,-0.6000000000000001,0.11,17.8,10.862499999999999,3.8333333333333335,1.75,1.6666666666666667,7.25,0.125,1.0,2.8333333333333335,1.6666666666666667,1.4166666666666667,0.4220825274209766,7.808333333333334,0.875,0.125,0.7083333333333334,8.233333333333333,7.666666666666667,1.6666666666666667,1.6666666666666667,11.0,0.0,0.6666666666666666,3.6666666666666665,1.6666666666666667,3.0,0.6810077519379845,11.5,4.666666666666667,0.0,0.3333333333333333,5.9799999999999995,5.4,1.2,1.2,7.8,0.0,0.4,2.6,1.4,2.2,0.4874426514791963,8.24,2.6,0.0,0.6,6.260000000000001,3.6,1.1,0.9,5.6,0.0,0.5,2.3,1.2,1.8,0.5366574464136039,5.7700000000000005,0.4,0.0,0.6,9.990909090909092,2.909090909090909,1.7272727272727273,1.9090909090909092,6.545454545454546,0.0,0.8181818181818182,2.6363636363636362,1.6363636363636365,1.5454545454545454,0.4966829782820651,7.027272727272728,0.9090909090909091,0.09090909090909091,0.7272727272727273,11.600000000000001,4.615384615384615,1.7692307692307692,1.4615384615384615,7.846153846153846,0.23076923076923078,1.1538461538461537,3.0,1.6923076923076923,1.3076923076923077,0.3661321892751604,8.469230769230771,0.8461538461538461,0.15384615384615385,0.6923076923076923,23.633333333333336,8.333333333333334,5.333333333333333,4.0,17.666666666666668,0.6666666666666666,1.6666666666666667,4.333333333333333,3.0,2.6666666666666665,0.3038432952271956,21.066666666666666,11.666666666666666,1.0,1.0,9.038095238095238,3.1904761904761907,1.2380952380952381,1.3333333333333333,5.761904761904762,0.047619047619047616,0.9047619047619048,2.619047619047619,1.4761904761904763,1.2380952380952381,0.44178906611994023,5.9142857142857155,-0.6666666666666666,0.0,0.6666666666666666,10.717647058823529,3.4705882352941178,1.9411764705882353,1.5294117647058822,6.9411764705882355,0.11764705882352941,0.9411764705882353,2.5294117647058822,1.588235294117647,1.1176470588235294,0.36405732697132287,7.505882352941177,2.5294117647058822,0.17647058823529413,1.0,11.214285714285714,4.714285714285714,1.2857142857142858,2.0,8.0,0.14285714285714285,1.1428571428571428,3.5714285714285716,1.8571428571428572,2.142857142857143,0.5671455285451114,8.542857142857143,-3.142857142857143,0.0,0.0,4.439610898213517,2.231201664925252,2.098999071331208,6.873072852427989,7.839133298366932,24,1.0,-0.8,-0.7,0.5499999999999998,-6.320000000000001,0.06536012405821967
24.6,34.9,86.0,0.8,6.4,2.1,1.6,1.7000000000000002,1.33,32,0.4,0.30000000000000004,6,0.1,-0.07,87.4,3.0,-23.1,4.6,24.0,13.4,3.2,12.3,-10.0,-10.0,86.7,-1.38,775,1,-10.0,86.7,-1.38,775,1,1.17,86.7,-0.47000000000000003,-2.71,100.0,6.7,-0.21,-0.6900000000000001,100.0,34.9,-1.67,0.49,0.0,-0.8,100.0,19.7,0.02,-0.31,-8.54,0.8,-1.06,100.0,11.3,-0.36,-0.51,-0.49,-2.01,80.0,3.8,-0.75,100.0,22.7,-10.0,86.7,775,1,-0.02,5.9,-0.23,7.4,110.6,42.5,-9.0,-1.32,14.25274741941891,3.65968395931153,24.4,-9.6,-1.18,90,22,36.6,186,68,3.8,2.3,19.4,63.9,-14.7,-1.51,36,23,8.3,42,1642296,50.0,1.1,-2.9,775,18.5,Nyadiew Puoch,-9.4,-0.04,15.2,35.6,11.4,-0.47000000000000003,4.5,101.2,12.9,6.1,4.41,4.9,95,F,6.3,1554,4.3,15.551324073661192,21.334546081927698,9.768102065394686,11.6,0.9164973575181521,3.993120033888418,11.645119858111768,0.0,11.6,0.9967108562804431,77.0,,baseline,11.6,8.4,9.3,181,-0.85,48.7,low,,82,33.31,0.58,-2.2800000000000002,-1.1,0.243,0.396,,True,True,189,-4,1.118,False,6.0,5.9,4.3,4.7,91,52.9,57.0,37.6,68.7,2.2,2026-27,0.4,20.6,7.0,11.8,0.7000000000000001,1.9,1.5,30,1.67,PDX,48.4,0.6000000000000001,10.7,1.7000000000000002,1.4,27,44.8,-11.2,-1.63,13.2,17.625000000000004,4.113636363636363,2.0681818181818183,0.7272727272727273,6.909090909090909,0.8181818181818182,0.6136363636363636,4.2272727272727275,2.0454545454545454,0.8181818181818182,0.27752578750401935,9.52727272727273,-3.2045454545454546,0.4318181818181818,0.38636363636363635,19.099999999999998,6.0,3.6666666666666665,1.3333333333333333,11.0,0.6666666666666666,1.6666666666666667,6.333333333333333,3.6666666666666665,0.6666666666666666,0.42706119142878185,12.733333333333334,-6.666666666666667,0.6666666666666666,0.3333333333333333,21.740000000000002,6.6,3.4,1.2,11.2,0.8,1.2,6.0,3.6,1.2,0.34739143315281457,13.680000000000001,-9.6,0.8,0.2,20.58,5.1,3.3,1.0,9.4,0.7,1.0,5.1,2.6,1.0,0.30568577350183607,11.66,-4.4,0.7,0.3,17.081818181818182,4.590909090909091,1.6818181818181819,0.5909090909090909,6.863636363636363,0.8181818181818182,0.6363636363636364,3.9545454545454546,1.8636363636363635,1.0909090909090908,0.2880370552706472,9.313636363636363,-3.4545454545454546,0.4090909090909091,0.4090909090909091,18.168181818181818,3.6363636363636362,2.4545454545454546,0.8636363636363636,6.954545454545454,0.8181818181818182,0.5909090909090909,4.5,2.227272727272727,0.5454545454545454,0.2679700895343579,9.740909090909092,-2.9545454545454546,0.45454545454545453,0.36363636363636365,23.378947368421052,6.631578947368421,2.8947368421052633,0.8947368421052632,10.421052631578947,0.8947368421052632,0.8421052631578947,5.842105263157895,2.8947368421052633,1.368421052631579,0.30332074460572117,13.289473684210526,-1.7894736842105263,1.0,0.3684210526315789,13.251999999999999,2.2,1.44,0.6,4.24,0.76,0.44,3.0,1.4,0.4,0.25621690989826584,6.667999999999999,-4.28,0.0,0.4,16.75294117647059,4.352941176470588,1.8823529411764706,0.5294117647058824,6.764705882352941,1.1176470588235294,0.5294117647058824,4.470588235294118,2.0,1.0,0.3156955178468403,10.229411764705882,0.4117647058823529,0.4117647058823529,1.0,18.174074074074074,3.962962962962963,2.185185185185185,0.8518518518518519,7.0,0.6296296296296297,0.6666666666666666,4.074074074074074,2.074074074074074,0.7037037037037037,0.25632038175800786,9.085185185185184,-5.481481481481482,0.4444444444444444,0.0,4.341342141046208,1.5157733044091415,0.8453329153910616,5.446646853343046,6.802261080990165,44,2.3,1.1999999999999997,0.3999999999999999,4.29090909090909,3.240000000000002,0.06986564564879522
0.0,0.8,68.3,0.5,5.7,1.7000000000000002,1.4,1.4,0.63,18,1.6,1.2,16,0.4,-0.22,70.0,2.4,5.9,2.9,100.0,0.8,-4.5,12.0,-7.22,-7.22,79.6,-1.06,513,1,-7.22,79.6,-1.06,513,1,1.11,79.6,-0.34,-2.3,100.0,11.8,-0.42,-0.5,100.0,43.3,0.5700000000000001,0.32,0.0,0.99,100.0,84.0,-0.46,-0.16,-7.93,4.6,-1.63,100.0,2.1,-0.29,-0.47000000000000003,-0.41000000000000003,-0.4,80.0,35.7,-2.04,78.0,6.3,-7.22,79.6,513,1,-0.04,10.4,-0.32,14.9,106.9,54.9,3.4,0.7000000000000001,15.667205473608231,3.846015571758205,50.0,16.0,,2,1,54.5,123,67,4.7,1.9,42.3,61.5,-17.1,-1.75,52,32,14.3,39,1643436,0.0,1.6,3.6,513,13.2,Serah Williams,-5.0,-0.19,16.2,34.0,8.9,-0.42,6.4,101.9,30.1,7.3,5.26,5.8,75,C,14.6,1030,4.3,16.753638940454675,22.53686094872118,10.970416932188169,11.6,0.9351523886417861,4.112715337597708,13.015423660096813,0.0,13.0,0.036095133357692,57.1,,baseline,16.2,11.7,13.0,167,-0.84,60.4,medium,,37,13.58,-0.04,-1.6400000000000001,-0.88,0.044,0.17,,True,True,188,-12,0.625,False,11.1,10.3,7.4,8.3,106,65.9,109.0,66.7,45.4,2.7,2026-27,0.6000000000000001,14.9,10.9,11.2,0.5,1.8,1.5,19,2.46,PDX,1.6,0.8,15.9,3.0,2.4,31,57.2,1.2,0.41000000000000003,15.6,12.195238095238093,3.9761904761904763,2.5238095238095237,0.42857142857142855,6.928571428571429,0.8333333333333334,0.7380952380952381,2.9285714285714284,0.047619047619047616,1.2380952380952381,0.34664490170083906,9.40952380952381,-1.4761904761904763,0.09523809523809523,0.40476190476190477,13.0,2.0,2.6666666666666665,0.0,4.666666666666667,1.3333333333333333,1.3333333333333333,3.0,0.0,0.0,0.3266258754063632,7.866666666666666,1.3333333333333333,0.0,0.3333333333333333,16.240000000000002,4.8,4.0,0.0,8.8,1.4,0.8,4.2,0.0,1.4,0.34090271032243785,13.0,1.0,0.2,0.2,15.150000000000002,4.0,3.5,0.2,7.7,1.5,0.7,3.4,0.0,1.3,0.2952932918881624,12.3,-3.2,0.1,0.4,10.572727272727274,2.8636363636363638,2.3181818181818183,0.5,5.681818181818182,0.5454545454545454,0.8181818181818182,2.272727272727273,0.045454545454545456,1.0,0.3340155923314389,7.213636363636363,-2.5454545454545454,0.09090909090909091,0.4090909090909091,13.98,5.2,2.75,0.35,8.3,1.15,0.65,3.65,0.05,1.5,0.358642745601769,11.825,-0.3,0.1,0.4,23.949999999999996,7.5,5.0,1.0,13.5,1.75,1.0,6.25,0.25,1.5,0.3268064929881222,19.25,5.75,1.0,0.25,10.957894736842107,3.6052631578947367,2.263157894736842,0.3684210526315789,6.2368421052631575,0.7368421052631579,0.7105263157894737,2.5789473684210527,0.02631578947368421,1.2105263157894737,0.34891214841086376,8.373684210526315,-2.236842105263158,0.0,0.42105263157894735,11.241176470588236,3.235294117647059,2.0,0.29411764705882354,5.529411764705882,0.8235294117647058,0.5882352941176471,2.0588235294117645,0.0,1.7058823529411764,0.3012997483833519,7.958823529411764,-1.2352941176470589,0.058823529411764705,1.0,12.844000000000001,4.48,2.88,0.52,7.88,0.84,0.84,3.52,0.08,0.92,0.3749856225242683,10.395999999999999,-1.64,0.12,0.0,3.8476352904982525,1.94105949492382,0.5902813361009553,4.910878204422907,6.008122647450368,42,0.5,1.2999999999999998,-0.5,1.8714285714285719,3.0400000000000027,-0.005742191378401207
19.4,19.9,64.7,0.9,9.5,3.4,2.6,2.8,1.13,35,1.0,0.8,10,0.30000000000000004,-0.09,71.3,1.7000000000000002,12.8,8.5,0.0,3.2,3.1,18.2,-7.44,-7.44,80.1,-1.07,503,1,-7.44,80.1,-1.07,503,1,1.22,80.1,-0.42,-1.32,100.0,30.7,-0.6900000000000001,-0.46,100.0,46.2,-0.68,0.16,0.0,-0.09,96.1,46.6,-0.27,-0.26,-6.88,3.8,-0.87,99.9,16.4,-0.32,-0.39,-0.45,-1.77,80.0,5.0,-1.6,86.4,10.9,-7.44,80.1,503,1,-0.04,8.0,0.16,8.2,104.1,41.7,-9.8,-1.45,4.461023892463647,1.170345057627872,16.7,-17.3,-2.27,36,6,39.7,156,62,4.3,1.9,43.6,64.7,-13.9,-1.42,68,44,8.7,40,1643448,8.3,7.7,-7.6,503,12.6,Nell Angloma,-7.9,-0.05,12.3,33.2,10.0,-0.64,4.7,96.2,27.6,7.3,5.37,6.0,75,F,7.4,1027,4.3,4.990250331060895,10.25344768055535,0.0,10.3,0.893947917742086,1.309187072759118,7.312051566203765,0.0,7.3,0.0,61.3,,baseline,16.9,12.3,13.8,174,-0.41000000000000003,54.4,medium,,86,30.55,0.58,-1.4100000000000001,-0.42,0.009000000000000001,0.241,,True,True,144,-4,0.777,False,6.3,7.5,5.4,6.1,77,56.9,85.3,41.7,41.6,1.9,2026-27,0.6000000000000001,32.2,3.1,2.5,0.6000000000000001,2.1,1.7000000000000002,22,2.29,CON,23.1,0.8,13.6,3.0,2.5,31,46.8,-9.2,-1.3,18.7,12.285365853658535,4.2439024390243905,1.8780487804878048,0.8536585365853658,6.975609756097561,0.7804878048780488,0.7560975609756098,3.8048780487804876,0.8780487804878049,1.6585365853658536,0.40132350096584846,9.363414634146341,-1.829268292682927,0.14634146341463414,0.2682926829268293,21.133333333333333,6.0,3.3333333333333335,1.6666666666666667,11.0,0.6666666666666666,0.6666666666666666,8.0,2.0,1.3333333333333333,0.452359259586649,13.833333333333334,3.3333333333333335,0.6666666666666666,0.3333333333333333,21.339999999999996,5.2,3.4,2.2,10.8,0.4,0.6,6.8,1.8,2.0,0.3962515092721534,13.180000000000001,-1.2,0.6,0.2,19.0,6.4,3.1,1.7,11.2,0.9,0.9,6.4,1.8,1.9,0.4210016489200674,14.469999999999999,-5.6,0.5,0.2,12.39,3.95,1.8,0.8,6.55,0.75,0.85,3.55,0.95,1.9,0.40306640820720574,8.71,-0.55,0.15,0.4,12.185714285714287,4.523809523809524,1.9523809523809523,0.9047619047619048,7.380952380952381,0.8095238095238095,0.6666666666666666,4.0476190476190474,0.8095238095238095,1.4285714285714286,0.3997465848903347,9.985714285714286,-3.0476190476190474,0.14285714285714285,0.14285714285714285,25.066666666666666,10.0,4.333333333333333,1.3333333333333333,15.666666666666666,1.8333333333333333,0.6666666666666666,9.5,2.3333333333333335,2.5,0.44109147542075927,22.03333333333333,-4.666666666666667,1.0,0.3333333333333333,10.094285714285714,3.257142857142857,1.457142857142857,0.7714285714285715,5.485714285714286,0.6,0.7714285714285715,2.8285714285714287,0.6285714285714286,1.5142857142857142,0.3943056231208641,7.19142857142857,-1.3428571428571427,0.0,0.2571428571428571,11.127272727272727,3.272727272727273,1.6363636363636365,0.36363636363636365,5.2727272727272725,1.0,0.6363636363636364,3.1818181818181817,0.5454545454545454,0.9090909090909091,0.3063358582239972,8.145454545454546,2.0,0.18181818181818182,1.0,12.709999999999997,4.6,1.9666666666666666,1.0333333333333334,7.6,0.7,0.8,4.033333333333333,1.0,1.9333333333333333,0.4373532964886196,9.809999999999999,-3.2333333333333334,0.13333333333333333,0.0,4.004875077982321,2.014883643677961,1.1739032244984273,6.080657056922585,7.297484531522137,41,0.9000000000000004,1.5,1.3000000000000003,3.8243902439024398,8.739999999999997,-0.005071991693695044
36.9,50.8,68.8,2.0,19.3,7.1,5.3,5.9,4.0,79,0.6000000000000001,0.5,7,0.2,0.01,73.4,1.2,27.8,50.1,16.7,4.7,27.6,22.1,-2.36,-2.37,81.1,-0.30000000000000004,532,1,-2.36,81.1,-0.29,1567,2,1.1,81.1,1.24,-1.07,100.0,37.8,1.11,-1.48,100.0,8.8,-3.24,0.33,-0.01,-1.13,92.2,10.5,0.1,-0.11,0.84,40.8,1.79,100.0,92.4,0.03,-0.21,-0.03,-0.04,80.0,55.0,0.11,100.0,71.4,-2.36,81.1,1567,2,-0.04,4.4,0.36,4.9,103.0,52.0,0.5,0.22,7.713205256006651,1.860021482538213,35.2,1.2,0.35000000000000003,71,25,42.2,128,54,4.4,1.1,22.7,86.2,7.6,0.8,29,25,3.8,39,1630112,45.0,15.6,-5.2,532,13.6,Tyasha Harris,9.7,0.05,13.2,38.8,9.5,-0.14,1.2,112.7,15.6,3.7,2.77,3.1,41,G,4.6,1109,4.1,8.362321807371982,13.625519156866439,3.099124457877526,10.5,0.9223760378615071,2.016554427032384,8.007437297758472,0.0,8.0,0.063773022632978,63.0,,baseline,14.2,10.9,11.9,158,0.39,42.1,low,,43,17.58,2.14,-1.37,0.64,-0.251,0.497,,True,True,66,-12,1.37,False,3.2,3.8,2.9,3.2,42,58.8,36.0,13.3,42.7,1.1,2026-27,0.4,46.3,-4.6,-4.1,0.30000000000000004,1.0,0.8,11,1.22,IND,55.5,0.5,9.6,1.8,1.5,20,56.1,0.1,0.22,13.5,12.10681818181818,3.590909090909091,0.9545454545454546,1.7954545454545454,6.340909090909091,0.4090909090909091,0.45454545454545453,2.909090909090909,1.6136363636363635,0.6590909090909091,0.3106100709336111,8.202272727272728,2.272727272727273,0.11363636363636363,0.6363636363636364,10.266666666666667,1.3333333333333333,1.3333333333333333,2.3333333333333335,5.0,1.0,0.6666666666666666,2.0,1.6666666666666667,0.6666666666666666,0.3410629232131774,8.766666666666667,-0.3333333333333333,0.0,0.3333333333333333,11.36,3.4,1.0,2.4,6.8,0.6,0.4,2.6,1.6,0.6,0.3193592032204291,9.6,0.0,0.0,0.6,12.120000000000001,2.8,1.0,1.8,5.6,0.5,0.2,2.6,1.6,0.3,0.26091054129766167,8.0,-0.9,0.0,0.6,11.886363636363637,3.6818181818181817,1.0909090909090908,1.7727272727272727,6.545454545454546,0.45454545454545453,0.5,3.0,1.5,0.5909090909090909,0.33445554325741605,8.513636363636362,4.090909090909091,0.09090909090909091,0.6818181818181818,12.32727272727273,3.5,0.8181818181818182,1.8181818181818181,6.136363636363637,0.36363636363636365,0.4090909090909091,2.8181818181818183,1.7272727272727273,0.7272727272727273,0.2879568722259964,7.890909090909091,0.45454545454545453,0.13636363636363635,0.5909090909090909,26.759999999999998,9.0,2.2,4.8,16.0,1.0,0.8,6.4,3.2,2.6,0.31484084611871044,21.04,11.0,1.0,0.8,10.22820512820513,2.8974358974358974,0.7948717948717948,1.4102564102564104,5.102564102564102,0.3333333333333333,0.41025641025641024,2.4615384615384617,1.4102564102564104,0.41025641025641024,0.30998789811227295,6.556410256410255,1.1538461538461537,0.0,0.6153846153846154,13.453571428571427,4.428571428571429,1.0714285714285714,2.3214285714285716,7.821428571428571,0.5714285714285714,0.35714285714285715,3.4642857142857144,1.75,0.6785714285714286,0.31759266450810325,10.55357142857143,5.142857142857143,0.14285714285714285,1.0,9.75,2.125,0.75,0.875,3.75,0.125,0.625,1.9375,1.375,0.625,0.29814115383630385,4.0875,-2.75,0.0625,0.0,4.6721250671087695,1.1998942870984164,1.8118414820357134,6.364666935578455,7.897258803998775,44,-0.6999999999999997,-0.10000000000000009,0.3999999999999999,0.459090909090909,-2.24,0.008749132286818007
25.4,63.0,79.0,1.2,12.5,4.4,3.3,3.7,1.5,29,0.2,0.1,1,0.0,-0.07,61.8,2.2,-58.0,0.0,75.0,4.0,6.6,20.2,-4.53,-4.51,72.3,-0.5,385,2,-4.53,72.3,-0.52,385,2,0.75,72.3,0.1,-0.75,92.8,46.2,-0.17,-1.33,87.6,13.4,-3.24,0.39,-0.01,-1.34,73.7,2.9,-0.01,-0.11,-1.49,21.4,-0.2,87.4,43.3,-0.08,-0.26,-0.12,-0.9400000000000001,73.9,19.3,1.02,94.9,91.6,-4.53,72.3,385,2,-0.04,3.7,-0.08,3.3,110.0,44.5,-7.0,-1.0,,,28.4,-5.6,-0.61,67,19,35.0,100,35,3.9,1.1,12.0,75.0,-3.6,,12,9,1.6,24,1630461,25.0,4.0,,311,13.0,Kiana Williams,-13.2,-0.03,15.4,37.7,11.9,-1.4100000000000001,0.2,96.8,17.0,3.9,3.01,3.3,26,,2.6,662,4.1,,,,,,,,,,,,,,14.8,11.4,12.6,98,-1.48,59.0,medium,,25,10.96,-0.65,-2.32,-1.47,-0.014,0.182,,True,True,210,-9,0.651,False,1.5,1.5,1.1,1.3,10,58.3,24.0,12.0,47.7,0.4,2026-27,0.6000000000000001,40.0,-2.3,0.7000000000000001,0.4,1.4,1.2,9,1.16,TOR,67.0,0.8,14.9,3.0,2.6,20,46.5,-9.5,-1.35,17.4,13.273638344226578,4.230936819172114,0.3398692810457516,1.0043572984749456,5.575163398692811,0.3747276688453159,0.8627450980392156,4.457516339869281,2.75599128540305,0.6884531590413943,0.4091557841970879,6.406753812636166,-3.7581699346405224,0.1111111111111111,0.17211328976034856,19.599999999999998,6.0,0.3333333333333333,1.3333333333333333,7.666666666666667,0.3333333333333333,1.3333333333333333,7.0,3.6666666666666665,1.3333333333333333,0.46049516730309453,8.066666666666666,-8.0,0.3333333333333333,0.0,12.75,3.0,0.9166666666666666,0.6666666666666666,4.583333333333334,0.16666666666666666,1.1666666666666665,4.0,2.333333333333333,0.6666666666666666,0.3904077438117074,4.433333333333334,-5.25,0.16666666666666666,0.0,12.085714285714285,3.928571428571429,0.38095238095238093,0.9523809523809523,5.261904761904762,0.16666666666666666,0.8095238095238095,4.357142857142857,2.4047619047619047,0.738095238095238,0.4309174905714542,5.504761904761905,-5.285714285714286,0.16666666666666666,0.14285714285714285,10.912500000000001,3.375,0.125,1.375,4.875,0.25,0.625,3.4375,2.3125,0.3125,0.37788311592406404,5.7125,-1.5,0.0,0.3125,12.792592592592591,4.2,0.45925925925925926,0.6888888888888888,5.348148148148148,0.4518518518518519,0.8666666666666666,4.311111111111111,2.7407407407407405,0.7185185185185184,0.4215240261227373,6.273333333333333,-3.859259259259259,0.1111111111111111,0.14074074074074075,22.0,6.0,0.0,3.0,9.0,1.0,1.0,9.0,4.0,4.0,0.5345454545454545,12.5,-10.0,1.0,0.0,12.873638344226578,4.230936819172114,0.3954248366013072,0.7265795206971678,5.352941176470588,0.26361655773420484,0.9183006535947712,4.124183006535948,2.7004357298474946,0.24400871459694992,0.39681406965669463,5.667864923747277,-3.4248366013071894,0.0,0.17211328976034856,10.885,3.95,0.35,1.25,5.55,0.6,0.95,3.3,2.6,0.5,0.37708933961772556,7.095,-1.0,0.0,1.0,13.185317460317462,4.162698412698412,0.3452380952380952,0.8928571428571428,5.400793650793651,0.33730158730158727,0.8095238095238094,4.484126984126984,2.7261904761904763,0.6706349206349206,0.4093925632740496,6.118650793650794,-4.007936507936508,0.1111111111111111,0.0,3.3531839145105087,0.5526470114022355,1.3363062095621219,4.043482866858876,7.0416669824428375,29,-1.0999999999999996,0.5166666666666666,-0.5333333333333333,-0.9918300653594772,-0.25,-0.018748040385380527
37.0,42.9,70.6,1.1,11.1,3.7,2.8,3.1,1.57,48,0.5,0.4,7,0.2,0.07,78.5,1.7000000000000002,51.1,0.0,33.3,7.1,8.7,15.1,-5.44,-5.32,85.3,-0.5,1306,2,-5.44,84.4,-0.62,1662,3,1.19,84.4,0.96,-2.26,100.0,13.4,0.14,-0.64,100.0,37.4,-0.77,0.42,-0.01,-0.05,100.0,49.6,0.31,0.05,-4.74,13.4,-0.32,100.0,37.0,0.35000000000000003,-0.21,-0.09,-1.04,80.0,14.3,0.21,100.0,74.8,-5.44,84.4,1662,3,0.04,8.4,0.54,10.3,97.4,46.2,-5.3,-0.72,11.833509204419725,2.758895989367848,36.5,2.5,0.53,85,31,37.1,170,63,5.6,1.4,15.9,81.5,2.9,0.31,27,22,10.4,44,1630471,35.7,16.5,-1.2,628,14.3,Maya Caldwell,8.8,0.02,13.1,27.4,10.0,-0.64,5.3,106.2,12.9,4.9,3.61,4.0,63,G,10.7,1281,4.1,13.08559367137369,18.868815679640196,7.302371663107185,11.6,0.904315807261152,3.050810311193777,10.699810904874472,0.0,10.7,0.31470177457829,63.8,,baseline,14.0,10.3,11.4,179,0.24,38.3,low,prior_heavy,10,4.15,2.44,-1.96,0.8200000000000001,-0.579,0.608,,True,True,77,-36,1.716,False,7.8,8.1,6.0,6.6,104,45.7,36.5,20.6,48.2,2.4,2026-27,0.7000000000000001,22.2,-2.1,-1.2,0.6000000000000001,2.2,1.8,28,2.01,MIN,50.0,0.7000000000000001,10.9,2.5,2.0,32,49.2,-6.8,-0.91,15.0,14.30454545454546,4.068181818181818,2.3636363636363638,1.0909090909090908,7.5227272727272725,0.7954545454545454,0.7272727272727273,3.8636363636363638,1.9318181818181819,0.6136363636363636,0.33827002830194297,10.200000000000001,2.0454545454545454,0.09090909090909091,0.75,19.2,4.666666666666667,4.0,1.6666666666666667,10.333333333333334,0.6666666666666666,1.3333333333333333,5.666666666666667,2.6666666666666665,0.0,0.37948368504735264,12.633333333333333,8.0,0.3333333333333333,0.6666666666666666,17.5,4.2,4.0,1.6,9.8,0.6,0.8,5.4,2.4,0.0,0.36957037842659474,12.4,5.4,0.2,0.4,15.7,3.7,2.7,1.1,7.5,0.4,0.8,3.8,1.9,0.2,0.29542500422515966,8.989999999999998,0.5,0.2,0.6,14.159090909090908,4.818181818181818,2.227272727272727,1.2272727272727273,8.272727272727273,0.7272727272727273,0.5909090909090909,4.045454545454546,2.090909090909091,0.7727272727272727,0.3537023001564602,10.922727272727272,1.1363636363636365,0.09090909090909091,0.6818181818181818,14.45,3.3181818181818183,2.5,0.9545454545454546,6.7727272727272725,0.8636363636363636,0.8636363636363636,3.6818181818181817,1.7727272727272727,0.45454545454545453,0.3228377564474258,9.477272727272727,2.9545454545454546,0.09090909090909091,0.8181818181818182,26.374999999999996,7.25,5.0,2.25,14.5,1.0,1.5,5.75,3.75,1.0,0.2934567699981171,18.125,10.5,1.0,0.75,13.097500000000002,3.75,2.1,0.975,6.825,0.775,0.65,3.675,1.75,0.575,0.34275135413232555,9.4075,1.2,0.0,0.75,14.157575757575756,4.121212121212121,2.4242424242424243,1.0606060606060606,7.606060606060606,0.9090909090909091,0.8181818181818182,3.909090909090909,1.9393939393939394,0.7272727272727273,0.3490289981257575,10.530303030303031,3.696969696969697,0.09090909090909091,1.0,14.745454545454544,3.909090909090909,2.1818181818181817,1.1818181818181819,7.2727272727272725,0.45454545454545453,0.45454545454545453,3.727272727272727,1.9090909090909092,0.2727272727272727,0.3059931188304996,9.20909090909091,-2.909090909090909,0.09090909090909091,0.0,3.208982503903598,1.8437942312034248,1.1168515093193552,4.844025984431085,5.771620809211889,44,0.10000000000000053,1.6,0.5,2.2772727272727282,3.1999999999999993,0.031300350124651766
28.9,26.2,73.1,1.0,7.9,3.0,2.1,2.4,1.43,46,0.9,0.7000000000000001,13,0.30000000000000004,0.08,85.3,2.1,-2.2,0.0,30.8,26.9,2.3,11.4,-6.23,-6.27,89.6,-0.72,1242,2,-6.23,89.8,-0.68,1789,3,1.21,89.8,0.05,-3.04,100.0,1.7000000000000002,0.21,-0.58,100.0,39.5,-0.96,0.33,0.01,-0.25,100.0,39.5,-0.41000000000000003,0.02,-5.32,8.2,-0.63,100.0,26.5,0.02,-0.19,-0.18,0.36,80.0,71.8,-0.66,100.0,25.2,-6.23,89.8,1789,3,0.11,8.9,0.48,10.1,100.6,56.2,4.7,0.91,11.878956873564324,2.136163217484513,29.9,-4.1,-0.4,77,23,48.3,145,70,6.3,1.6,13.1,68.4,-10.2,,19,13,8.9,44,203855,40.0,6.9,-3.9,761,17.3,Stephanie Talbot,7.4,-0.04,11.4,33.7,9.3,-0.7000000000000001,3.8,108.0,20.0,4.6,3.31,3.7,70,F,10.9,1527,4.0,13.381819457668566,19.165041465935072,7.598597449402061,11.6,0.887693703471465,2.4064192515174,10.058117814235889,0.0,10.1,1.0,77.5,,baseline,11.5,8.3,9.3,176,0.01,26.3,low,"prior_heavy,collinear_lineup",39,15.61,2.43,-2.4,0.29,-0.278,0.652,,True,True,92,-53,1.8860000000000001,False,7.0,7.5,5.4,6.0,115,82.8,33.1,20.0,63.6,2.6,2026-27,0.5,18.6,0.5,2.0,0.7000000000000001,2.0,1.6,31,2.08,LVA,53.1,0.7000000000000001,14.2,2.0,1.6,30,57.4,1.4,0.44,10.9,17.352272727272727,4.0,2.6136363636363638,1.0454545454545454,7.659090909090909,1.0,0.6818181818181818,3.2954545454545454,1.75,0.4318181818181818,0.24194772495334665,11.022727272727275,2.022727272727273,0.20454545454545456,0.7045454545454546,23.933333333333334,10.0,3.3333333333333335,0.3333333333333333,13.666666666666666,2.0,0.6666666666666666,5.333333333333333,1.6666666666666667,0.3333333333333333,0.25925046837936977,19.833333333333332,8.0,0.6666666666666666,1.0,22.56,8.2,3.4,1.2,12.8,1.4,1.0,5.0,2.0,0.2,0.2743969758236838,17.28,12.2,0.6,1.0,19.25,6.2,2.8,1.0,10.0,1.5,0.7,3.9,1.5,0.2,0.25111460307536054,14.860000000000003,10.2,0.4,0.8,17.636363636363637,3.3636363636363638,2.4545454545454546,0.9090909090909091,6.7272727272727275,1.0,0.6818181818181818,3.272727272727273,1.8636363636363635,0.13636363636363635,0.2259614746226399,9.990909090909089,1.9545454545454546,0.22727272727272727,0.6818181818181818,17.068181818181817,4.636363636363637,2.772727272727273,1.1818181818181819,8.590909090909092,1.0,0.6818181818181818,3.3181818181818183,1.6363636363636365,0.7272727272727273,0.25793397528405326,12.054545454545455,2.090909090909091,0.18181818181818182,0.7272727272727273,26.12222222222222,7.222222222222222,4.777777777777778,1.0,13.0,1.8888888888888888,0.6666666666666666,4.777777777777778,2.2222222222222223,1.0,0.22408010943775258,19.45555555555556,15.777777777777779,1.0,1.0,15.097142857142856,3.1714285714285713,2.057142857142857,1.0571428571428572,6.285714285714286,0.7714285714285715,0.6857142857142857,2.914285714285714,1.6285714285714286,0.2857142857142857,0.2465422546573565,8.854285714285716,-1.5142857142857142,0.0,0.6285714285714286,18.98064516129032,4.645161290322581,2.806451612903226,1.2580645161290323,8.709677419354838,1.2580645161290323,0.7419354838709677,3.6129032258064515,1.8709677419354838,0.41935483870967744,0.24231429321913922,12.932258064516132,6.967741935483871,0.2903225806451613,1.0,13.46923076923077,2.4615384615384617,2.1538461538461537,0.5384615384615384,5.153846153846154,0.38461538461538464,0.5384615384615384,2.5384615384615383,1.4615384615384615,0.46153846153846156,0.24107360062722566,6.46923076923077,-9.76923076923077,0.0,0.0,3.4439025997085153,2.1804193013752484,1.3969159628224455,5.343734352374998,6.2722900619761255,44,4.199999999999999,0.7999999999999998,0.19999999999999996,5.1409090909090915,5.259999999999998,0.03244925087033712
19.2,48.6,72.9,1.8,20.0,7.6,5.7,6.2,1.6400000000000001,51,0.1,0.1,1,0.0,-0.06,61.8,1.5,22.1,22.1,0.0,0.9,19.1,21.8,-2.55,-2.55,73.1,-0.27,327,1,-2.55,73.1,-0.27,327,1,0.86,73.1,1.2,-0.03,95.7,65.1,1.1400000000000001,-1.33,86.3,13.0,-2.5300000000000002,0.22,0.0,-0.65,80.6,26.5,-0.04,0.04,-0.12,37.4,1.19,88.4,87.8,0.05,0.03,0.22,-1.0,76.4,16.8,-0.32,87.1,35.3,-2.55,73.1,327,1,-0.02,7.0,-0.22,6.6,110.9,43.9,-7.6,-1.1,5.240841949330742,1.890653330635097,18.9,-15.1,-1.96,53,10,39.3,107,42,5.3,1.1,22.4,91.7,13.1,1.37,24,22,5.3,29,1641683,0.0,0.9,-5.6,327,11.3,Holly Winterburn,-14.3,-0.04,17.8,34.8,9.4,-0.7000000000000001,2.0,96.6,26.2,4.8,3.52,3.9,32,G,6.8,670,4.0,5.719367356439092,10.982564705933548,0.45617000694463705,10.5,0.916332458244772,2.063283160629961,8.056619793331906,0.0,8.1,0.030755046300688003,62.0,,baseline,17.3,12.7,14.2,116,-1.01,53.8,medium,volatile_rank,108,40.76,-0.24,-1.78,-0.8200000000000001,-0.185,0.16,,True,True,196,-14,0.602,False,4.3,6.0,4.5,4.9,40,68.0,45.8,23.4,41.3,1.4,2026-27,0.2,28.6,-0.30000000000000004,1.2,0.6000000000000001,2.4,2.0,16,1.87,PDX,49.5,1.1,9.3,4.6,3.8,31,49.3,-6.7,-0.89,20.2,4.06625,1.45,0.5,0.6375,2.5875,0.2125,0.3875,1.3375,0.6625,0.3,0.4599266828014626,3.25625,-1.2625,0.0375,0.7,15.566666666666668,8.666666666666666,2.0,1.0,11.666666666666666,1.0,2.3333333333333335,6.333333333333333,3.3333333333333335,3.0,0.64581342350952,13.233333333333334,-3.3333333333333335,0.3333333333333333,0.3333333333333333,15.780000000000001,7.8,1.8,1.2,10.8,1.2,1.6,6.0,3.6,1.8,0.5279344884223591,13.760000000000002,-1.2,0.2,0.4,14.430000000000001,6.7,2.3,1.4,10.4,1.0,1.3,5.4,2.8,1.4,0.4716557511261407,13.26,-1.1,0.2,0.4,8.91578947368421,2.789473684210526,1.0,1.5263157894736843,5.315789473684211,0.47368421052631576,0.9473684210526315,2.3684210526315788,1.0526315789473684,0.631578947368421,0.3926652367612892,6.752631578947369,-3.736842105263158,0.05263157894736842,0.42105263157894735,3.711904761904762,1.5,0.5,0.5238095238095238,2.5238095238095237,0.19047619047619047,0.30952380952380953,1.4761904761904763,0.7857142857142857,0.2857142857142857,0.5145766077091034,3.1476190476190475,-0.7142857142857143,0.047619047619047616,0.6904761904761905,24.5,11.333333333333334,4.333333333333333,4.333333333333333,20.0,2.0,2.6666666666666665,10.666666666666666,4.0,1.3333333333333333,0.5857591266270239,26.366666666666664,-4.333333333333333,1.0,0.3333333333333333,3.4027027027027024,1.1081081081081081,0.36486486486486486,0.5135135135135135,1.9864864864864864,0.14864864864864866,0.3108108108108108,1.0135135135135136,0.5540540540540541,0.2702702702702703,0.445407554667744,2.451351351351351,-1.1891891891891893,0.0,0.7027027027027027,3.825,1.59375,0.5,0.78125,2.875,0.25,0.34375,1.25,0.65625,0.21875,0.4117450958961444,3.7718749999999996,-0.15625,0.03125,1.0,8.454166666666666,2.7083333333333335,1.0,1.0833333333333333,4.791666666666667,0.375,0.8333333333333334,2.7916666666666665,1.3333333333333333,0.7083333333333334,0.4893709859102682,5.825,-4.0,0.08333333333333333,0.0,4.4322817996173836,1.422810684491243,1.7857839707657537,6.734059769233545,7.8064591767361975,41,3.8,0.40000000000000013,-0.6000000000000001,8.2125,4.48,0.06800780562089653
,0.0,0.0,2.0,10.0,16.7,12.0,13.3,,2,0.0,0.0,0,0.0,0.12,11.6,,,,,0.0,10.0,31.0,0.35000000000000003,0.35000000000000003,29.6,0.02,6,1,0.35000000000000003,29.6,0.02,6,1,-0.63,29.6,0.56,0.38,4.0,70.6,0.05,0.0,2.9,71.8,-0.2,-0.44,0.0,0.0,2.7,59.9,0.13,0.33,0.68,74.2,0.0,3.0,66.4,0.54,0.46,0.59,0.11,3.0,59.7,0.0,2.6,59.9,0.35000000000000003,29.6,6,1,0.06,0.0,-0.02,0.0,93.2,100.0,48.5,,,,0.0,,,0,0,100.0,2,2,,0.0,0.0,0.0,,,0,0,0.0,1,1643424,100.0,100.0,,6,6.0,Costanza Verona,-20.5,0.06,12.0,24.0,0.0,-0.25,0.0,72.7,0.0,0.0,0.0,0.0,0,,0.0,12,4.0,,,,,,,,,,,,,,33.3,24.0,26.7,4,-0.27,21.7,low,"low_sample,collinear_lineup",11,4.21,-0.25,-0.29,-0.27,-0.002,0.0,,True,True,122,-10,0.014,False,0.0,0.0,0.0,0.0,0,,0.0,0.0,14.1,0.0,2026-27,0.0,100.0,-26.9,-43.6,0.0,0.0,0.0,0,0.0,DAL,0.0,0.0,0.0,0.0,0.0,0,100.0,44.0,,16.7,0.58,0.4,0.0,0.2,0.6,0.0,0.0,0.2,0.0,0.0,0.3448275862068966,0.7,-0.4,0.0,0.5,0.0,0.0,0.0,0.0,0.0,0.0,0.0,0.0,0.0,0.0,,0.0,0.0,0.0,0.0,0.0,0.0,0.0,0.0,0.0,0.0,0.0,0.0,0.0,0.0,,0.0,0.0,0.0,0.4,0.58,0.4,0.0,0.2,0.6,0.0,0.0,0.2,0.0,0.0,0.3448275862068966,0.7,-0.4,0.0,0.5,0.0,0.0,0.0,0.0,0.0,0.0,0.0,0.0,0.0,0.0,,0.0,0.0,0.0,0.5,0.725,0.5,0.0,0.25,0.75,0.0,0.0,0.25,0.0,0.0,0.3448275862068966,0.875,-0.5,0.0,0.5,,,,,,,,,,,,,,,,0.58,0.4,0.0,0.2,0.6,0.0,0.0,0.2,0.0,0.0,0.3448275862068966,0.7,-0.4,0.0,0.5,0.0,0.0,0.0,0.0,0.0,0.0,0.0,0.0,0.0,0.0,,0.0,0.0,0.0,1.0,1.16,0.8,0.0,0.4,1.2,0.0,0.0,0.4,0.0,0.0,0.3448275862068966,1.4,-0.8,0.0,0.0,1.2649110640673518,0.0,0.6324555320336759,1.8973665961010275,1.8341210428976598,10,-4.0,0.0,-2.0,-0.6,-6.0,
28.6,12.3,71.9,1.0,10.8,4.3,3.1,3.3,1.25,38,3.4,2.6,30,0.8,0.16,67.4,1.1,14.1,0.0,100.0,2.6,3.7,16.3,-3.61,-3.52,80.1,-0.24,786,2,-3.61,80.1,-0.33,786,2,1.08,80.1,0.37,-2.1,100.0,15.1,0.17,0.44,100.0,89.9,2.47,0.04,-0.09,1.5899999999999999,100.0,91.2,0.12,-0.15,-6.23,30.3,-0.65,100.0,24.8,-0.04,-0.34,-0.4,-0.71,80.0,25.2,-1.49,81.8,12.2,-3.61,80.1,786,2,0.15,15.4,0.22,12.3,95.7,52.2,0.7000000000000001,0.26,6.32443400762289,2.110820242735742,41.2,7.2,,17,7,49.1,114,56,8.0,1.5,50.0,57.9,-20.7,-2.13,57,33,14.6,39,1641656,0.0,3.5,-3.6,455,11.7,Laeticia Amihere,11.4,0.01,10.4,29.1,9.7,-0.87,8.2,107.1,24.6,6.7,4.75,5.3,60,C,15.1,893,3.9,8.11814432611371,13.381341675608166,2.854946976619254,10.5,0.779049220309994,2.709482517543395,8.694810147879627,0.7811941427368541,7.9,0.08700391387514601,57.1,,baseline,17.0,12.0,13.4,152,-0.65,49.1,low,,25,9.67,0.93,-2.23,-0.43,-0.216,0.444,,True,True,170,-16,1.232,False,10.5,13.1,9.2,10.3,117,61.5,107.0,57.0,38.4,3.0,2026-27,0.8,25.0,8.8,10.0,0.5,2.0,1.6,18,3.8,GSV,14.9,0.8,15.1,3.4,2.6,30,54.6,-1.4,-0.02,16.8,10.397727272727272,3.4545454545454546,2.659090909090909,0.8636363636363636,6.9772727272727275,1.0909090909090908,0.6818181818181818,2.590909090909091,0.38636363636363635,1.2954545454545454,0.32050730202253996,10.531818181818183,2.0454545454545454,0.06818181818181818,0.7272727272727273,10.766666666666667,5.333333333333333,1.6666666666666667,0.3333333333333333,7.333333333333333,1.0,0.3333333333333333,3.6666666666666665,0.0,2.3333333333333335,0.4657163163772971,10.5,-3.0,0.0,0.6666666666666666,15.220000000000002,8.2,2.2,1.0,11.4,1.8,1.0,5.4,1.0,2.4,0.48139908221623146,16.740000000000002,1.0,0.2,0.8,12.459999999999999,6.1,2.2,0.7,9.0,1.3,0.7,3.7,0.7,1.4,0.3508333396164459,12.989999999999998,2.4,0.2,0.7,10.209090909090907,3.227272727272727,2.590909090909091,1.1818181818181819,7.0,1.2727272727272727,0.6363636363636364,2.6818181818181817,0.2727272727272727,1.5909090909090908,0.30496684822764475,11.29090909090909,3.0454545454545454,0.045454545454545456,0.7727272727272727,10.586363636363636,3.6818181818181817,2.727272727272727,0.5454545454545454,6.954545454545454,0.9090909090909091,0.7272727272727273,2.5,0.5,1.0,0.3368656744382193,9.772727272727273,1.0454545454545454,0.09090909090909091,0.6818181818181818,21.399999999999995,11.0,4.0,1.6666666666666667,16.666666666666668,1.6666666666666667,1.0,6.0,0.6666666666666666,2.3333333333333335,0.37707341386221466,22.3,5.333333333333333,1.0,0.6666666666666666,9.59268292682927,2.902439024390244,2.5609756097560976,0.8048780487804879,6.2682926829268295,1.048780487804878,0.6585365853658537,2.341463414634146,0.36585365853658536,1.2195121951219512,0.31579345936923375,9.670731707317072,1.8048780487804879,0.0,0.7317073170731707,11.003125,3.0625,2.84375,1.0,6.90625,1.15625,0.8125,2.46875,0.375,1.09375,0.26864533077689956,10.63125,2.65625,0.0625,1.0,8.783333333333333,4.5,2.1666666666666665,0.5,7.166666666666667,0.9166666666666666,0.3333333333333333,2.9166666666666665,0.4166666666666667,1.8333333333333333,0.4933805395080082,10.266666666666667,0.4166666666666667,0.08333333333333333,0.0,4.597545075234833,2.1668021858198254,1.1121090186418816,6.571568912398447,7.0203520959989625,44,4.299999999999999,-0.7999999999999998,0.0,4.422727272727273,3.520000000000003,0.1608917801936915
43.5,56.1,87.8,0.30000000000000004,2.8,2.0,1.5,1.8,0.37,6,0.7000000000000001,0.6000000000000001,2,0.1,-0.15,18.7,,,,100.0,4.9,-2.3,11.4,-0.93,-0.98,43.8,-0.28,302,2,-0.93,43.8,-0.23,302,2,0.13,43.8,-0.24,-0.9500000000000001,59.9,40.8,-1.28,-0.39,50.2,48.3,-0.59,0.06,0.07,-0.06,48.0,49.2,-0.09,0.1,-0.41000000000000003,62.6,-0.81,51.1,20.6,0.2,-0.05,0.08,1.22,46.1,92.4,0.41000000000000003,52.8,81.9,-0.93,43.8,302,2,-0.1,-0.7000000000000001,-0.21,3.0,103.8,63.4,11.9,,4.985950074453645,1.871061447410977,48.0,14.0,2.16,25,12,48.8,41,20,1.0,1.6,61.0,76.0,-2.6,-0.25,25,19,3.9,18,1628242,0.0,2.4,-1.3,134,7.4,Emma Cannon,-2.6,-0.05,16.4,45.1,13.4,1.03,2.4,101.2,9.8,9.9,7.79,8.7,29,C,-3.2,294,3.9,6.146583862616535,11.40978121211099,0.883386513122079,10.5,0.811174171848227,2.306608755981272,8.275689439743733,0.0,8.3,0.012943890367116,56.7,,baseline,24.1,19.0,21.2,71,0.78,57.1,medium,low_sample,9,3.67,1.77,-0.22,0.59,0.182,0.24,,True,True,49,21,0.775,False,2.7,8.8,6.8,7.8,26,63.6,87.8,26.8,36.0,1.4,2026-27,0.5,5.0,3.5,8.7,0.1,0.30000000000000004,0.30000000000000004,1,0.81,LAS,61.0,0.8,8.2,4.8,4.2,14,68.3,12.3,,21.0,3.0954545454545452,1.6136363636363635,0.5909090909090909,0.13636363636363635,2.340909090909091,0.06818181818181818,0.3181818181818182,0.9318181818181818,0.5681818181818182,0.5681818181818182,0.5128033215294625,2.413636363636364,-0.1590909090909091,0.0,0.36363636363636365,8.700000000000001,3.3333333333333335,1.3333333333333333,0.3333333333333333,5.0,0.0,0.0,1.6666666666666667,1.6666666666666667,2.0,0.28997885338345863,5.433333333333334,-1.3333333333333333,0.0,0.3333333333333333,5.220000000000001,2.0,0.8,0.2,3.0,0.0,0.0,1.0,1.0,1.2,0.28997885338345863,3.2600000000000002,-0.8,0.0,0.4,4.88,1.9,1.1,0.1,3.1,0.1,0.7,1.3,0.8,0.9,0.5526675450882107,2.9699999999999998,-0.4,0.0,0.4,3.036363636363636,1.8181818181818181,0.7272727272727273,0.22727272727272727,2.772727272727273,0.045454545454545456,0.36363636363636365,1.0,0.5909090909090909,0.36363636363636365,0.6368143754428143,2.804545454545455,1.1818181818181819,0.0,0.36363636363636365,3.1545454545454543,1.4090909090909092,0.45454545454545453,0.045454545454545456,1.9090909090909092,0.09090909090909091,0.2727272727272727,0.8636363636363636,0.5454545454545454,0.7727272727272727,0.41359447839878094,2.0227272727272725,-1.5,0.0,0.36363636363636365,,,,,,,,,,,,,,,,3.0954545454545452,1.6136363636363635,0.5909090909090909,0.13636363636363635,2.340909090909091,0.06818181818181818,0.3181818181818182,0.9318181818181818,0.5681818181818182,0.5681818181818182,0.5128033215294625,2.413636363636364,-0.1590909090909091,0.0,0.36363636363636365,2.6125,1.5625,0.6875,0.0625,2.3125,0.0,0.25,0.8125,0.4375,0.375,0.3604207165667758,2.23125,1.4375,0.0,1.0,3.371428571428571,1.6428571428571428,0.5357142857142857,0.17857142857142858,2.357142857142857,0.10714285714285714,0.35714285714285715,1.0,0.6428571428571429,0.6785714285714286,0.5714120157458804,2.5178571428571432,-1.0714285714285714,0.0,0.0,2.8302018096415136,1.2260388441469925,0.5099434118587055,3.9646295572760715,4.953737350937358,44,-1.9,-0.5999999999999999,-0.10000000000000003,0.6590909090909092,-2.1799999999999997,-0.22282446814600387
45.0,76.9,88.5,1.1,15.8,3.6,2.7,3.0,1.1,11,0.30000000000000004,0.30000000000000004,1,0.1,-0.29,19.4,5.3,4.5,9.1,,0.0,6.6,14.2,-2.18,-2.47,42.9,-0.8,309,2,-2.18,43.4,-0.51,619,3,-0.19,43.4,0.11,-1.8399999999999999,56.8,18.9,-0.14,0.04,51.7,79.8,-0.32,0.2,0.35000000000000003,-0.41000000000000003,46.4,36.1,0.21,0.24,-1.8,42.9,-0.30000000000000004,51.5,38.2,0.42,0.08,0.04,0.73,44.2,83.2,0.25,51.0,77.3,-2.18,43.4,619,3,-0.01,5.6,0.32,6.9,110.5,63.5,12.0,,,,45.0,11.0,1.73,20,9,46.2,26,12,4.6,1.3,23.1,83.3,4.7,,6,5,4.1,10,1628882,0.0,3.8,,149,14.9,Lexie Brown,-12.8,-0.27,18.6,36.2,7.7,-0.98,0.4,97.7,7.7,4.3,3.14,3.5,13,,6.7,305,3.8,,,,,,,,,,,,,,12.5,9.2,10.2,38,-0.47000000000000003,59.5,medium,low_sample,21,7.92,0.28,-1.21,-0.5700000000000001,0.106,0.151,,True,True,153,-9,0.582,False,3.9,4.3,3.1,3.5,13,66.7,34.6,11.5,49.1,1.3,2026-27,0.0,16.7,-1.1,4.3,0.5,1.6,1.3,5,1.45,SEA,76.9,1.0,17.0,3.3,2.7,10,66.3,10.3,,11.9,12.316666666666668,3.1666666666666665,1.0833333333333333,0.9166666666666666,5.166666666666667,0.5,0.8333333333333334,2.1666666666666665,1.6666666666666667,0.5,0.24405630954982255,6.508333333333333,-3.3333333333333335,0.16666666666666666,0.25,1.5999999999999999,0.0,0.3333333333333333,0.3333333333333333,0.6666666666666666,0.3333333333333333,0.0,0.0,0.0,0.0,0.0,1.9000000000000001,-0.6666666666666666,0.0,0.0,5.9399999999999995,0.6,0.2,0.6,1.4,0.2,0.2,1.0,1.0,0.0,0.1620249869859448,2.1399999999999997,-2.2,0.0,0.0,10.440000000000001,2.1,1.1,0.7,3.9,0.5,0.6,1.7,1.2,0.6,0.2299689056289662,5.369999999999999,-2.6,0.1,0.2,12.666666666666666,3.0,0.8333333333333334,1.1666666666666667,5.0,0.6666666666666666,0.8333333333333334,2.1666666666666665,1.3333333333333333,1.0,0.278526501263094,6.916666666666667,-4.333333333333333,0.16666666666666666,0.3333333333333333,11.966666666666667,3.3333333333333335,1.3333333333333333,0.6666666666666666,5.333333333333333,0.3333333333333333,0.8333333333333334,2.1666666666666665,2.0,0.0,0.209586117836551,6.1000000000000005,-2.3333333333333335,0.16666666666666666,0.16666666666666666,21.4,11.0,1.0,1.5,13.5,1.5,0.0,6.5,3.5,0.5,0.31426387402537836,18.95,2.5,1.0,0.5,10.5,1.6,1.1,0.8,3.5,0.3,1.0,1.3,1.3,0.5,0.2265044184309335,4.0200000000000005,-4.5,0.0,0.2,13.933333333333335,9.0,0.3333333333333333,0.6666666666666666,10.0,1.0,0.3333333333333333,3.0,2.6666666666666665,1.6666666666666667,0.2976889485472034,13.066666666666668,1.6666666666666667,0.3333333333333333,1.0,11.777777777777779,1.2222222222222223,1.3333333333333333,1.0,3.5555555555555554,0.3333333333333333,1.0,1.8888888888888888,1.3333333333333333,0.1111111111111111,0.22107089283665923,4.322222222222222,-5.0,0.1111111111111111,0.0,4.951277765905637,1.378954368902449,0.90033663737852,5.006056937411525,7.84402880405139,12,-3.1999999999999997,-1.1,-0.5000000000000001,-3.766666666666667,-8.96,-0.08203132256387774
37.5,66.7,80.6,0.4,2.6,2.2,1.6,1.8,1.33,4,1.7000000000000002,1.4,3,0.30000000000000004,0.1,16.0,,,,33.3,8.3,7.2,10.3,-1.94,-1.94,36.1,-0.14,88,1,-1.94,36.1,-0.14,88,1,-0.8,36.1,-0.84,-1.26,45.5,32.4,0.11,-0.11,38.1,59.7,-0.39,-0.12,0.0,-0.16,35.4,43.3,-0.58,-0.11,-1.94,44.7,-0.11,39.0,49.6,-0.25,-0.12,-0.07,-0.27,34.7,39.9,0.33,46.0,81.1,-1.94,36.1,88,1,-0.03,6.0,-0.19,3.9,121.7,50.0,-1.5,,1.478391450995125,0.6574501746368471,37.0,3.0,0.6000000000000001,27,10,36.1,36,13,3.9,1.3,5.6,100.0,21.4,,2,2,2.3,10,1643495,33.3,16.7,-6.2,88,8.8,Justine Pissott,-17.7,0.13,13.9,43.4,14.3,-0.32,0.0,104.0,2.8,7.2,5.32,5.9,13,,2.7,181,3.8,2.597718336026661,7.8609156855211175,0.0,7.9,0.569111527794194,1.155222030355003,7.144689372301178,0.0,7.1,0.0,47.9,,baseline,21.0,15.5,17.3,38,-0.52,45.9,low,low_sample,41,19.31,-0.18,-0.86,-0.5,-0.019,0.036000000000000004,,True,True,161,-14,0.267,False,2.3,5.5,4.1,4.5,10,50.0,11.2,5.6,30.4,1.0,2026-27,0.0,0.0,-4.4,-1.0,0.2,1.1,0.9,2,2.05,LVA,75.0,0.30000000000000004,0.9,1.7000000000000002,1.4,3,51.5,-4.5,,20.9,1.9704545454545452,0.8636363636363636,0.22727272727272727,0.09090909090909091,1.1818181818181819,0.11363636363636363,0.06818181818181818,0.8181818181818182,0.6136363636363636,0.045454545454545456,0.4100847587804598,1.5454545454545454,-0.8863636363636364,0.022727272727272728,0.5909090909090908,0.0,0.0,0.0,0.0,0.0,0.0,0.0,0.0,0.0,0.0,,0.0,0.0,0.0,1.0,1.24,0.0,0.2,0.0,0.2,0.2,0.0,0.2,0.2,0.0,0.14285714285714285,0.8400000000000001,0.2,0.0,1.0,1.28,0.2,0.2,0.0,0.4,0.2,0.0,0.3,0.3,0.2,0.3078947368421052,1.04,-0.2,0.0,0.8,3.909090909090909,2.1818181818181817,0.6363636363636364,0.18181818181818182,3.0,0.18181818181818182,0.09090909090909091,1.3636363636363635,1.0909090909090908,0.18181818181818182,0.3703196059365171,3.6727272727272733,-1.0909090909090908,0.0,0.7272727272727273,1.9863636363636366,0.6363636363636364,0.13636363636363635,0.09090909090909091,0.8636363636363636,0.13636363636363635,0.09090909090909091,0.9545454545454546,0.6818181818181818,0.0,0.44984991162440247,1.2545454545454546,-1.2272727272727273,0.045454545454545456,0.5681818181818181,25.1,11.0,3.0,1.0,15.0,1.0,2.0,14.0,8.0,0.0,0.6374501992031872,17.1,-28.0,1.0,0.0,1.4666666666666668,0.6428571428571429,0.16666666666666666,0.07142857142857142,0.8809523809523809,0.09523809523809523,0.023809523809523808,0.5238095238095238,0.4523809523809524,0.047619047619047616,0.3848219320668234,1.2119047619047618,-0.2619047619047619,0.0,0.6071428571428572,1.603333333333333,0.8333333333333334,0.2,0.1,1.1333333333333333,0.1,0.03333333333333333,0.5666666666666667,0.5333333333333333,0.06666666666666667,0.38662837727888,1.49,0.43333333333333335,0.0,1.0,2.757142857142857,0.9285714285714286,0.2857142857142857,0.07142857142857142,1.2857142857142858,0.14285714285714285,0.14285714285714285,1.3571428571428572,0.7857142857142857,0.0,0.5039102847867788,1.6642857142857144,-3.7142857142857144,0.07142857142857142,0.0,4.042348291543534,0.8297022339981069,0.48154341234307674,5.138657130170222,6.239308246216431,24,-3.8,-0.8,-0.4,-0.9818181818181819,-7.5600000000000005,-0.26722761592331695
29.4,14.3,78.2,1.5,15.9,5.1,3.9,4.3,1.25,56,1.3,1.1,14,0.4,-0.1,70.6,4.9,-7.0,4.2,37.5,6.7,6.1,19.5,-2.6,-2.7199999999999998,80.8,-0.12,1313,2,-2.6,80.8,0.0,1959,3,1.15,80.8,0.47000000000000003,-1.03,100.0,39.5,0.15,-0.51,100.0,42.9,0.63,0.08,-0.24,1.15,100.0,85.7,-0.09,0.04,-3.52,36.6,-0.26,100.0,39.5,0.23,-0.23,-0.11,-0.27,80.0,40.8,-1.3599999999999999,89.1,13.0,-2.6,80.8,1959,3,0.03,9.4,-0.08,15.4,103.1,52.1,0.6000000000000001,0.24,6.999504252810543,2.019826146044402,32.0,-2.0,-0.1,25,8,48.7,119,58,4.1,2.1,27.7,60.6,-18.0,-1.85,33,20,13.9,38,1628899,11.1,7.6,-4.2,525,13.8,Myisha Hines-Allen,3.8,-0.13,16.3,35.4,10.1,-0.53,5.5,106.9,14.3,7.0,5.35,5.9,78,F,14.4,1108,3.8,9.561531428552776,14.82472877804723,4.2983340790583195,10.5,0.732048449049545,2.759142716123287,8.749018657819768,0.0,8.7,0.057296542984335,53.5,,baseline,13.0,9.9,11.0,144,-0.7000000000000001,27.9,low,prior_heavy,25,10.31,1.6800000000000002,-3.09,-1.05,0.34400000000000003,0.645,,True,True,176,20,1.859,False,11.2,11.3,8.6,9.5,125,61.8,84.8,57.1,41.1,3.3,2026-27,0.4,36.2,10.0,12.8,0.5,1.6,1.4,18,2.19,IND,21.0,1.2,18.5,4.0,3.4,44,53.9,-2.1,-0.14,14.8,11.981818181818182,3.272727272727273,2.840909090909091,1.2727272727272727,7.386363636363637,0.7272727272727273,1.0,2.7045454545454546,0.5681818181818182,0.75,0.3408853404653739,9.772727272727273,1.2272727272727273,0.1590909090909091,0.6363636363636364,15.166666666666666,3.6666666666666665,3.3333333333333335,1.3333333333333333,8.333333333333334,0.6666666666666666,2.3333333333333335,3.3333333333333335,0.6666666666666666,0.6666666666666666,0.3760699971226287,9.333333333333334,-12.666666666666666,0.3333333333333333,0.3333333333333333,13.48,4.0,3.8,1.0,8.8,0.6,1.6,3.2,0.8,0.8,0.3563888106597338,10.26,-3.8,0.4,0.6,10.870000000000001,3.1,3.4,1.2,7.7,0.4,0.9,2.4,0.6,1.0,0.32536205428138126,9.28,-1.9,0.2,0.6,13.168181818181818,3.772727272727273,3.227272727272727,1.5909090909090908,8.590909090909092,1.0,1.0,3.090909090909091,0.6363636363636364,0.9545454545454546,0.3463213622083373,12.031818181818181,3.590909090909091,0.22727272727272727,0.6818181818181818,10.795454545454545,2.772727272727273,2.4545454545454546,0.9545454545454546,6.181818181818182,0.45454545454545453,1.0,2.3181818181818183,0.5,0.5454545454545454,0.33484531630652536,7.513636363636365,-1.1363636363636365,0.09090909090909091,0.5909090909090909,21.728571428571428,7.571428571428571,5.285714285714286,2.5714285714285716,15.428571428571429,1.1428571428571428,1.5714285714285714,5.571428571428571,1.1428571428571428,1.7142857142857142,0.3761597856756061,19.62857142857143,7.285714285714286,1.0,0.42857142857142855,10.13783783783784,2.4594594594594597,2.3783783783783785,1.027027027027027,5.864864864864865,0.6486486486486487,0.8918918918918919,2.1621621621621623,0.4594594594594595,0.5675675675675675,0.33292014315983753,7.908108108108109,0.08108108108108109,0.0,0.6756756756756757,11.707142857142857,3.0714285714285716,3.107142857142857,1.4642857142857142,7.642857142857143,0.75,0.8571428571428571,2.392857142857143,0.5,0.75,0.3158713515482851,10.38928571428571,3.1785714285714284,0.10714285714285714,1.0,12.4625,3.625,2.375,0.9375,6.9375,0.6875,1.25,3.25,0.6875,0.75,0.38898916530592903,8.69375,-2.1875,0.25,0.0,3.172290173856401,2.2919797659135854,1.3005121775247102,5.670059714590229,6.987040253287301,44,0.20000000000000018,0.5,-0.5,1.413636363636364,-0.3200000000000003,0.015503470194359936
34.2,62.2,77.2,1.4,16.2,5.6,4.3,4.7,2.8,48,0.4,0.30000000000000004,3,0.1,0.01,64.2,2.0,17.8,22.2,60.0,3.9,22.0,17.0,-3.68,-3.51,80.8,-0.17,1079,2,-3.68,80.8,-0.34,1079,2,1.09,80.8,1.06,-1.26,100.0,32.8,0.55,-1.65,100.0,5.5,-3.5300000000000002,0.14,-0.18,-1.09,89.4,11.3,-0.25,0.12,-0.39,29.8,0.9400000000000001,100.0,85.3,0.2,0.08,0.25,-0.74,80.0,24.8,1.13,100.0,93.7,-3.68,80.8,1079,2,-0.07,2.1,-0.17,4.3,106.1,47.2,-4.3,-0.56,0.0,0.0,35.7,1.7000000000000002,0.42,84,30,35.4,127,45,2.2,1.1,7.9,90.0,11.4,,10,9,2.7,35,1642804,50.0,1.6,-11.6,405,11.6,Te-Hina Paopao,-6.6,0.08,14.0,36.1,10.1,0.92,0.6000000000000001,99.5,21.3,4.7,3.56,4.0,40,G,2.3,856,3.7,0.0,5.263197349494455,0.0,5.3,0.7935911687107201,0.0,5.981398890105288,0.0,6.0,0.051359788190616006,61.3,,baseline,15.1,11.5,12.7,129,0.67,47.7,low,,31,12.51,2.23,-0.88,0.7000000000000001,-0.025,0.436,,True,True,56,2,1.212,False,2.4,3.2,2.5,2.7,27,50.0,18.9,11.0,38.9,0.8,2026-27,0.8,22.2,-2.7,-0.1,0.2,0.7000000000000001,0.6000000000000001,6,0.8,ATL,66.1,0.5,6.8,2.0,1.7000000000000002,17,49.1,-6.9,-0.93,15.2,9.635714285714284,3.0714285714285716,0.6428571428571429,1.1428571428571428,4.857142857142857,0.21428571428571427,0.40476190476190477,3.0238095238095237,2.0,0.23809523809523808,0.3771275587929158,5.795238095238095,-0.6904761904761905,0.047619047619047616,0.6666666666666666,12.299999999999999,2.6666666666666665,0.3333333333333333,1.0,4.0,0.0,0.0,3.3333333333333335,2.6666666666666665,0.0,0.2756547227701074,4.566666666666666,3.0,0.0,1.0,12.280000000000001,3.6,0.6,1.4,5.6,0.0,0.0,3.2,2.4,0.0,0.2641733214669425,6.419999999999999,6.8,0.0,1.0,9.48,3.3,0.5,1.0,4.8,0.1,0.1,2.8,1.8,0.2,0.3396657026435961,5.6,3.1,0.0,0.9,10.047619047619047,3.7142857142857144,0.5238095238095238,1.1904761904761905,5.428571428571429,0.23809523809523808,0.3333333333333333,2.9047619047619047,1.9523809523809523,0.38095238095238093,0.362964156986638,6.509523809523809,0.5714285714285714,0.047619047619047616,0.6666666666666666,9.223809523809523,2.4285714285714284,0.7619047619047619,1.0952380952380953,4.285714285714286,0.19047619047619047,0.47619047619047616,3.142857142857143,2.0476190476190474,0.09523809523809523,0.3905041049432894,5.080952380952381,-1.9523809523809523,0.047619047619047616,0.6666666666666666,27.0,11.0,1.0,3.0,15.0,1.5,0.0,10.0,7.0,3.0,0.39869262735210353,21.2,4.0,1.0,0.0,8.7675,2.675,0.625,1.05,4.35,0.15,0.425,2.675,1.75,0.1,0.37582058494084386,5.025,-0.925,0.0,0.7,9.278571428571428,3.0714285714285716,0.75,1.0714285714285714,4.892857142857143,0.14285714285714285,0.42857142857142855,2.8214285714285716,1.8571428571428572,0.14285714285714285,0.365582337351262,5.578571428571428,-0.21428571428571427,0.0,1.0,10.35,3.0714285714285716,0.42857142857142855,1.2857142857142858,4.785714285714286,0.35714285714285715,0.35714285714285715,3.4285714285714284,2.2857142857142856,0.42857142857142855,0.3992558998894191,6.228571428571429,-1.6428571428571428,0.14285714285714285,0.0,3.859690731594179,1.0551020889555982,1.1597188172965196,5.063361597004593,7.354700551963976,42,-0.10000000000000009,-0.20000000000000007,0.0,0.7428571428571429,0.6800000000000015,-0.11295423732597332
35.7,44.4,55.6,2.1,12.0,6.6,4.9,5.4,1.9100000000000001,29,0.5,0.4,2,0.1,-0.19,56.5,1.3,120.4,0.0,66.7,4.8,12.0,22.0,-4.44,-4.52,56.7,-0.4,932,2,-4.44,56.7,-0.32,1624,3,0.41000000000000003,56.7,-0.66,-0.17,74.7,61.3,0.25,-1.16,67.0,18.9,-2.75,0.06,0.04,-0.99,61.9,14.3,-0.9,-0.33,-2.1,21.8,0.59,68.3,82.4,-0.56,-0.32,-0.33,-2.13,58.6,3.4,0.11,68.4,71.8,-4.44,56.7,1624,3,-0.15,3.3,-0.75,5.2,118.7,38.1,-13.4,-2.04,3.60179826358974,0.8134890498185641,38.7,4.7,0.84,31,12,28.6,63,18,3.8,0.9,9.5,50.0,-28.6,,6,3,2.5,14,1630389,20.0,15.9,8.2,214,15.3,Dana Evans,-17.0,-0.04,13.5,35.0,12.3,-1.25,0.0,101.7,28.6,3.0,2.19,2.4,13,G,4.7,438,3.6,23.54480172841927,28.90122251505694,18.1883809417816,10.7,0.152976368420306,5.317743245044762,14.110436617039607,0.0,14.1,0.432758643837977,29.0,,baseline,11.6,8.5,9.5,51,-2.38,46.9,low,,23,9.3,-0.76,-4.01,-2.22,-0.165,0.458,,True,True,228,3,1.268,False,2.5,4.3,3.3,3.6,19,0.0,15.8,6.3,33.1,1.4,2026-27,0.2,50.0,-8.8,-11.6,0.2,0.7000000000000001,0.6000000000000001,3,0.84,LVA,49.2,1.1,9.5,3.4,2.8,15,38.8,-17.2,-2.62,17.4,9.32608695652174,2.217391304347826,0.8260869565217391,1.2608695652173914,4.304347826086956,0.21739130434782608,0.6521739130434783,2.739130434782609,1.3478260869565217,0.2608695652173913,0.3867931144523052,5.1000000000000005,-3.0869565217391304,0.0,0.7391304347826086,6.233333333333333,1.0,0.0,1.0,2.0,0.0,0.6666666666666666,0.6666666666666666,0.6666666666666666,0.0,0.3916256157635468,1.8333333333333333,-3.6666666666666665,0.0,1.0,9.78,3.4,0.2,1.8,5.4,0.4,0.8,2.4,1.4,0.4,0.4090418640853789,6.74,1.8,0.0,1.0,11.209999999999999,3.2,0.8,1.7,5.7,0.3,0.8,3.3,1.6,0.2,0.3960042197748194,6.81,-3.4,0.0,0.8,12.542857142857143,2.857142857142857,0.7142857142857143,1.7142857142857142,5.285714285714286,0.42857142857142855,1.0,3.2857142857142856,1.5714285714285714,0.5714285714285714,0.39793626761119066,6.571428571428571,-4.714285714285714,0.0,0.7142857142857143,7.91875,1.9375,0.875,1.0625,3.875,0.125,0.5,2.5,1.25,0.125,0.3784357495831412,4.45625,-2.375,0.0,0.75,,,,,,,,,,,,,,,,9.32608695652174,2.217391304347826,0.8260869565217391,1.2608695652173914,4.304347826086956,0.21739130434782608,0.6521739130434783,2.739130434782609,1.3478260869565217,0.2608695652173913,0.3867931144523052,5.1000000000000005,-3.0869565217391304,0.0,0.7391304347826086,7.6529411764705895,1.7647058823529411,0.4117647058823529,1.1176470588235294,3.2941176470588234,0.23529411764705882,0.47058823529411764,2.0,1.0,0.23529411764705882,0.36223629900144977,4.170588235294118,0.23529411764705882,0.0,1.0,14.066666666666665,3.5,2.0,1.6666666666666667,7.166666666666667,0.16666666666666666,1.1666666666666667,4.833333333333333,2.3333333333333335,0.3333333333333333,0.4309953822638451,7.733333333333334,-12.5,0.0,0.0,3.3972786132851374,1.2667845448236068,1.2510864843424485,5.2174077733600415,8.1942450643066,23,-0.20000000000000018,-1.2,-0.30000000000000004,1.0956521739130443,-5.520000000000001,0.022248749633073717
30.2,29.7,74.5,1.3,9.3,3.0,2.1,2.3,2.6,55,4.1,3.1,74,1.7000000000000002,0.15,94.4,3.4,-6.5,5.5,26.9,17.9,12.1,9.1,-3.89,-3.8,93.5,-0.67,1241,2,-3.89,94.5,-0.76,1864,3,1.21,94.5,0.39,-3.42,100.0,0.8,0.38,1.37,100.0,98.3,3.43,0.06,0.37,1.27,100.0,87.0,-0.06,0.09,-6.98,27.7,-0.26,100.0,39.1,0.06,-0.14,-0.30000000000000004,-0.63,80.0,28.6,-0.98,100.0,17.2,-3.89,94.5,1864,3,0.18,17.7,0.43,20.1,92.4,50.3,-1.2,-0.05,15.709810839593938,1.69281260752918,29.0,-5.0,-0.53,69,20,43.4,145,63,10.1,2.3,13.1,42.1,-36.5,,19,8,15.1,43,204329,25.0,2.8,-4.6,958,22.3,Kiah Stokes,6.4,-0.03,9.5,26.1,9.5,-2.23,5.2,98.8,22.8,5.4,3.68,4.1,98,C,23.9,1812,3.6,17.72049713994167,23.503719148208177,11.937275131675165,11.6,0.8865333018329551,1.909474358187333,7.89098395723448,0.0,7.9,0.278940262448276,65.4,,baseline,8.5,5.8,6.4,154,-1.44,34.6,low,prior_heavy,10,3.84,1.15,-4.04,-1.25,-0.19,0.683,,True,True,209,-25,2.024,False,12.5,13.7,9.4,10.4,248,71.8,40.0,26.9,56.2,5.8,2026-27,0.7000000000000001,9.5,2.3,4.2,0.6000000000000001,1.4,1.0,25,3.7199999999999998,GSV,47.6,0.5,9.5,1.3,1.0,23,50.2,-5.8,-0.75,8.7,22.25813953488372,3.5813953488372094,5.767441860465116,1.2790697674418605,10.627906976744185,2.302325581395349,0.5348837209302325,3.372093023255814,1.6046511627906976,0.4418604651162791,0.1889918278804941,18.793023255813953,2.5348837209302326,0.6046511627906976,0.7209302325581395,26.0,4.0,9.333333333333334,2.3333333333333335,15.666666666666666,2.3333333333333335,1.0,3.6666666666666665,1.3333333333333333,1.3333333333333333,0.22819211385134652,24.7,9.333333333333334,0.6666666666666666,0.6666666666666666,22.84,2.8,7.6,1.6,12.0,2.0,0.8,2.8,1.0,0.8,0.17038807165808825,19.52,9.2,0.4,0.8,21.270000000000003,2.7,7.2,1.5,11.4,1.8,0.7,2.8,1.3,0.4,0.19069842562254985,18.29,5.5,0.4,0.7,23.30952380952381,3.4761904761904763,5.857142857142857,0.9047619047619048,10.238095238095237,2.7142857142857144,0.5238095238095238,3.2857142857142856,1.5238095238095237,0.7619047619047619,0.17630361861044216,19.48095238095238,2.3333333333333335,0.6190476190476191,0.7619047619047619,21.254545454545458,3.6818181818181817,5.681818181818182,1.6363636363636365,11.0,1.9090909090909092,0.5454545454545454,3.4545454545454546,1.6818181818181819,0.13636363636363635,0.20110330036554372,18.136363636363633,2.727272727272727,0.5909090909090909,0.6818181818181818,25.38076923076923,4.346153846153846,6.538461538461538,1.6538461538461537,12.538461538461538,2.8846153846153846,0.46153846153846156,4.0,1.9615384615384615,0.5,0.186803166429407,22.86538461538461,4.6923076923076925,1.0,0.8076923076923077,17.482352941176472,2.411764705882353,4.588235294117647,0.7058823529411765,7.705882352941177,1.411764705882353,0.6470588235294118,2.411764705882353,1.0588235294117647,0.35294117647058826,0.19233919245274492,12.564705882352941,-0.7647058823529411,0.0,0.5882352941176471,23.04516129032258,3.967741935483871,5.870967741935484,1.4193548387096775,11.258064516129032,2.6129032258064515,0.5806451612903226,3.3548387096774195,1.6774193548387097,0.45161290322580644,0.186020791441102,20.4,6.709677419354839,0.6774193548387096,1.0,20.224999999999998,2.5833333333333335,5.5,0.9166666666666666,9.0,1.5,0.4166666666666667,3.4166666666666665,1.4166666666666667,0.4166666666666667,0.19666700534892367,14.641666666666667,-8.25,0.4166666666666667,0.0,2.8050342340626733,2.5896976225616033,1.1407094992517937,4.776047657764303,5.266526485090689,43,-0.8000000000000003,1.7999999999999998,0.30000000000000004,1.3720930232558146,0.5399999999999991,-0.018603756222405843
50.0,2.4,64.6,0.7000000000000001,5.6,3.1,2.4,2.6,1.17,20,1.9,1.6,12,0.4,0.30000000000000004,57.8,2.8,71.0,16.7,100.0,1.2,5.0,16.1,-4.87,-4.87,71.2,-0.76,308,1,-4.87,71.2,-0.76,308,1,0.64,71.2,0.55,-2.08,92.2,15.5,-0.06,0.23,87.6,86.1,0.65,-0.17,0.0,0.35000000000000003,88.6,76.5,-0.12,-0.01,-5.75,19.3,-0.84,87.7,18.1,0.4,-0.11,0.02,-0.12,73.4,50.8,-1.55,69.5,11.3,-4.87,71.2,308,1,0.22,11.9,0.03,3.6,99.2,48.8,-2.7,-0.30000000000000004,0.0063678548564140005,0.0013373328666510002,66.7,32.7,,3,2,47.6,82,39,7.8,1.2,40.2,84.8,6.2,0.66,33,28,8.7,30,1642797,0.0,4.9,-10.3,308,10.3,Anastasiia Olairi Kosu,19.0,0.08,15.8,27.8,13.6,0.07,7.3,118.2,30.5,5.8,4.32,4.8,37,,6.1,639,3.6,0.011962298028747001,5.275159647523203,0.0,5.3,0.5323270529718881,0.0025122391567090003,5.9119842245216425,0.0,5.9,0.0,48.6,,baseline,16.9,12.6,14.0,108,0.11,56.5,medium,volatile_rank,115,48.56,0.7000000000000001,-0.48,0.05,0.062,0.101,,True,True,87,2,0.461,False,5.0,9.2,7.0,7.7,59,58.0,101.2,61.0,32.0,2.0,2026-27,1.0,33.3,8.4,7.8,0.6000000000000001,2.7,2.2,17,3.39,MIN,3.7,0.6000000000000001,6.6,3.0,2.5,19,55.9,-0.1,0.19,16.6,6.984090909090909,2.4545454545454546,1.3409090909090908,0.45454545454545453,4.25,0.6590909090909091,0.4318181818181818,1.8636363636363635,0.06818181818181818,0.75,0.31002341925048,6.290909090909091,2.4318181818181817,0.0,0.75,0.0,0.0,0.0,0.0,0.0,0.0,0.0,0.0,0.0,0.0,,0.0,0.0,0.0,0.6666666666666666,0.18,0.0,0.0,0.0,0.0,0.0,0.0,0.0,0.0,0.0,0.0,0.0,0.4,0.0,0.4,1.06,0.0,0.0,0.1,0.1,0.0,0.0,0.0,0.0,0.0,0.0,0.15,-0.2,0.0,0.6,7.531818181818182,2.6818181818181817,1.2727272727272727,0.4090909090909091,4.363636363636363,0.6818181818181818,0.5,2.090909090909091,0.09090909090909091,0.8636363636363636,0.3221519961589006,6.368181818181818,3.227272727272727,0.0,0.6818181818181818,6.436363636363637,2.227272727272727,1.4090909090909092,0.5,4.136363636363637,0.6363636363636364,0.36363636363636365,1.6363636363636365,0.045454545454545456,0.6363636363636364,0.2978948423420594,6.213636363636363,1.6363636363636365,0.0,0.8181818181818182,,,,,,,,,,,,,,,,6.984090909090909,2.4545454545454546,1.3409090909090908,0.45454545454545453,4.25,0.6590909090909091,0.4318181818181818,1.8636363636363635,0.06818181818181818,0.75,0.31002341925048,6.290909090909091,2.4318181818181817,0.0,0.75,7.463636363636364,2.696969696969697,1.606060606060606,0.48484848484848486,4.787878787878788,0.7575757575757576,0.5757575757575758,2.0303030303030303,0.09090909090909091,0.8484848484848485,0.3368072134607823,7.048484848484849,2.6363636363636362,0.0,1.0,5.545454545454545,1.7272727272727273,0.5454545454545454,0.36363636363636365,2.6363636363636362,0.36363636363636365,0.0,1.3636363636363635,0.0,0.45454545454545453,0.2363679851721484,4.0181818181818185,1.8181818181818181,0.0,0.0,3.238249207228869,1.928286163002541,0.8748300952529318,5.447956732403401,6.67065573924658,44,-3.6,-2.0,-0.7000000000000001,-4.25,-10.120000000000001,-0.31002341925048
27.7,58.0,77.8,1.4,8.2,4.5,3.3,3.8,2.0,30,2.0,1.6,13,0.6000000000000001,0.12,56.9,3.9,52.4,26.2,40.0,6.2,11.7,10.2,-3.99,-4.06,75.4,-0.34,319,1,-3.99,75.4,-0.27,803,2,0.79,75.4,0.11,-2.66,94.2,8.0,0.56,0.02,88.7,79.4,0.2,0.14,-0.07,0.09,89.4,68.9,-0.67,-0.18,-4.39,26.7,0.2,89.7,77.3,-0.30000000000000004,-0.37,-0.4,-1.11,75.1,12.6,0.54,95.9,84.9,-3.99,75.4,803,2,-0.03,8.9,0.05,9.1,105.9,46.3,-5.2,-0.7000000000000001,6.237849816890261,1.791980624411548,28.8,-5.2,-0.56,52,15,37.0,81,30,8.2,1.0,4.9,25.0,-53.6,,4,1,5.8,21,1641657,30.0,12.3,-8.3,319,15.2,Dorka Juhasz,-10.1,0.15,13.4,35.2,11.3,-1.4,1.4,95.8,9.9,3.3,2.48,2.8,22,,10.7,661,3.6,6.949642146699336,12.21283949619379,1.6864447972048802,10.5,0.8975785637902041,1.996461030491363,7.985861795756418,0.0,8.0,0.033245117918076,61.3,,baseline,11.5,8.5,9.5,76,-1.42,37.6,low,volatile_rank,154,64.54,0.24,-3.09,-1.15,-0.273,0.47100000000000003,,True,True,208,14,1.301,False,5.1,10.0,7.3,8.3,66,72.7,18.5,13.6,45.8,3.1,2026-27,0.6000000000000001,6.7,-2.5,0.2,0.2,0.8,0.6000000000000001,5,2.03,MIN,64.2,0.7000000000000001,5.6,2.1,1.8,14,45.9,-10.1,-1.45,13.3,8.65135135135135,2.054054054054054,1.7837837837837838,0.8108108108108109,4.648648648648648,0.4864864864864865,0.3783783783783784,2.189189189189189,1.4054054054054055,0.10810810810810811,0.29676537217837956,6.491891891891893,-2.0,0.10810810810810811,0.7837837837837838,19.733333333333334,3.6666666666666665,5.666666666666667,2.3333333333333335,11.666666666666666,0.6666666666666666,1.3333333333333333,5.333333333333333,2.3333333333333335,0.0,0.3459161397400579,14.633333333333333,-7.333333333333333,0.3333333333333333,0.6666666666666666,16.979999999999997,3.2,4.8,1.8,9.8,0.6,1.0,4.6,2.4,0.0,0.33759395961886085,12.459999999999999,-7.0,0.2,0.4,13.910000000000002,2.6,3.4,1.0,7.0,0.4,0.7,3.3,1.9,0.0,0.3005691840874575,8.68,-4.3,0.1,0.7,6.836363636363638,1.3181818181818181,1.0909090909090908,0.7727272727272727,3.1818181818181817,0.36363636363636365,0.3181818181818182,1.7727272727272727,1.0909090909090908,0.09090909090909091,0.29815104809130255,4.559090909090909,-2.5454545454545454,0.09090909090909091,0.6818181818181818,11.313333333333333,3.1333333333333333,2.8,0.8666666666666667,6.8,0.6666666666666666,0.4666666666666667,2.8,1.8666666666666667,0.13333333333333333,0.29524112867416413,9.326666666666666,-1.2,0.13333333333333333,0.9333333333333333,24.375,8.0,6.75,3.75,18.5,1.0,1.25,8.25,5.0,0.0,0.3949321903954181,23.475,-3.0,1.0,0.5,6.745454545454546,1.3333333333333333,1.1818181818181819,0.45454545454545453,2.9696969696969697,0.42424242424242425,0.2727272727272727,1.4545454545454546,0.9696969696969697,0.12121212121212122,0.2736672973037822,4.433333333333334,-1.878787878787879,0.0,0.8181818181818182,7.910344827586207,2.1724137931034484,1.4827586206896552,0.6206896551724138,4.275862068965517,0.5172413793103449,0.3103448275862069,1.9310344827586208,1.1724137931034482,0.13793103448275862,0.2900046836475946,6.124137931034483,-1.1724137931034482,0.06896551724137931,1.0,11.337499999999999,1.625,2.875,1.5,6.0,0.375,0.625,3.125,2.25,0.0,0.3183995754768914,7.824999999999999,-5.0,0.25,0.0,3.535109191665372,2.518102627146249,1.4305755997312923,6.549877930228998,9.07342338987948,37,-0.3999999999999999,1.6999999999999997,0.40000000000000013,5.1513513513513525,1.7799999999999976,0.04082858744048129
18.5,46.6,67.2,0.6000000000000001,6.3,2.6,2.1,2.2,2.0,20,0.4,0.30000000000000004,3,0.1,-0.06,64.9,0.6000000000000001,-139.7,0.0,60.0,4.3,9.7,15.9,-7.45,-7.45,78.5,-0.9400000000000001,368,1,-7.45,78.5,-0.9400000000000001,368,1,1.07,78.5,0.62,-1.71,100.0,20.6,0.06,-2.11,94.5,0.8,-3.14,0.19,0.0,-0.21,89.2,41.2,0.07,-0.15,-4.47,3.4,-0.31,94.1,37.4,-0.12,-0.05,0.08,-1.02,80.0,15.5,-0.34,95.2,33.6,-7.45,78.5,368,1,-0.06,3.2,0.06,7.6,105.3,43.5,-8.0,-1.16,2.937687764288447,0.789669034837937,22.0,-12.0,-1.52,59,13,37.9,116,44,2.1,1.4,22.4,96.2,17.6,1.83,26,25,7.3,36,1643429,53.3,12.9,-6.7,368,10.2,Gianna Kneepkens,-13.0,0.0,16.7,34.2,8.9,-0.99,3.8,92.3,19.8,6.8,5.09,5.7,52,G,4.7,766,3.5,3.524730390586874,8.78792774008133,0.0,8.8,0.833450346197774,0.947469802418862,6.934930248719082,0.0,6.9,0.0,59.6,,baseline,16.4,12.4,13.7,126,-0.87,52.3,medium,,56,19.99,0.30000000000000004,-2.03,-0.91,0.041,0.303,,True,True,190,-9,0.91,False,5.4,6.5,4.9,5.4,50,68.4,38.8,16.4,36.3,1.4,2026-27,0.5,31.8,-3.8,-3.7,0.2,1.0,0.9,8,1.08,CON,50.9,0.30000000000000004,5.7,1.6,1.3,12,49.4,-6.6,-0.88,16.3,8.338636363636367,2.8636363636363638,1.1363636363636365,0.45454545454545453,4.454545454545454,0.25,0.2727272727272727,2.6363636363636362,1.3409090909090908,0.5909090909090909,0.48627820446647074,5.386363636363637,-2.25,0.06818181818181818,0.25,21.53333333333333,10.333333333333334,3.0,2.0,15.333333333333334,1.3333333333333333,2.0,6.0,3.0,1.6666666666666667,0.39210808963003885,18.933333333333334,5.666666666666667,0.3333333333333333,0.3333333333333333,19.259999999999998,6.6,2.8,1.4,10.8,0.8,1.2,5.4,3.0,1.0,0.35240096442062746,13.26,-5.2,0.4,0.2,16.35,4.6,2.3,0.9,7.8,0.7,0.8,5.1,2.6,0.8,0.3691275867338747,10.009999999999998,-2.6,0.3,0.2,8.145454545454546,2.909090909090909,1.0454545454545454,0.5454545454545454,4.5,0.4090909090909091,0.4090909090909091,2.590909090909091,1.3636363636363635,0.4090909090909091,0.3531622929556443,5.800000000000001,-1.0,0.045454545454545456,0.36363636363636365,8.531818181818181,2.8181818181818183,1.2272727272727273,0.36363636363636365,4.409090909090909,0.09090909090909091,0.13636363636363635,2.6818181818181817,1.3181818181818181,0.7727272727272727,0.5927709336751323,4.972727272727273,-3.5,0.09090909090909091,0.13636363636363635,21.566666666666666,6.0,3.0,1.3333333333333333,10.333333333333334,1.0,1.3333333333333333,6.666666666666667,2.6666666666666665,1.6666666666666667,0.3991423520107982,13.266666666666666,-6.333333333333333,1.0,0.3333333333333333,7.370731707317074,2.6341463414634148,1.0,0.3902439024390244,4.024390243902439,0.1951219512195122,0.1951219512195122,2.341463414634146,1.2439024390243902,0.5121951219512195,0.4941996455988048,4.809756097560975,-1.951219512195122,0.0,0.24390243902439024,5.409090909090909,2.272727272727273,0.6363636363636364,0.18181818181818182,3.090909090909091,0.18181818181818182,0.2727272727272727,1.6363636363636365,0.8181818181818182,0.8181818181818182,0.37971196988245104,3.5818181818181825,0.7272727272727273,0.09090909090909091,1.0,9.315151515151516,3.0606060606060606,1.303030303030303,0.5454545454545454,4.909090909090909,0.2727272727272727,0.2727272727272727,2.9696969696969697,1.5151515151515151,0.5151515151515151,0.5167257000619052,5.987878787878787,-3.242424242424242,0.06060606060606061,0.0,3.461354144819082,1.30456994768942,0.8478302115714426,4.761544333485334,6.811454644664484,44,3.0999999999999996,1.4,0.7999999999999998,6.345454545454547,9.059999999999999,-0.13387724004584328
27.8,34.0,81.1,0.4,3.8,1.9,1.5,1.6,0.5700000000000001,7,0.30000000000000004,0.2,1,0.1,-0.26,51.4,1.5,13.5,0.0,100.0,3.8,-2.4,16.2,-4.2,-4.2,50.6,-0.55,178,1,-4.2,50.6,-0.55,178,1,0.34,50.6,-1.15,-1.13,68.1,36.1,-0.74,-0.98,59.7,25.2,-1.33,-0.27,0.0,0.16,56.8,72.7,-0.24,-0.34,-3.41,25.2,-0.9400000000000001,60.6,14.7,-0.45,-0.37,-0.44,-0.27,53.0,40.3,-0.25,56.8,39.1,-4.2,50.6,178,1,-0.2,1.1,-0.24,7.2,117.2,51.9,0.4,0.21,4.182425578967616,0.974379437859038,35.0,1.0,0.32,20,7,45.3,53,24,1.3,2.1,30.2,68.8,-9.8,,16,11,7.2,19,1643438,,0.0,2.3,178,9.4,Marta Suarez,-12.9,-0.07,17.8,35.2,8.7,-0.38,3.3,104.3,18.9,10.7,7.89,8.8,39,,1.3,363,3.5,11.69379958891187,17.477021597178375,5.910577580645365,11.6,0.357661814465626,2.724303793276992,10.357422001016651,0.0,10.4,0.0,33.3,,baseline,18.2,13.4,14.8,66,-0.68,65.0,medium,low_sample,28,11.06,-0.25,-1.12,-0.65,-0.032,0.056,,True,True,173,-13,0.337,False,5.5,7.7,5.7,6.3,28,47.8,73.6,43.4,26.1,1.5,2026-27,0.7000000000000001,33.3,7.0,10.5,0.2,1.1,0.9,4,1.01,PHX,37.7,0.7000000000000001,10.6,3.6,2.9,13,55.0,-1.0,0.04,18.3,5.719354838709678,2.129032258064516,0.9032258064516129,0.22580645161290322,3.2580645161290325,0.16129032258064516,0.41935483870967744,1.7096774193548387,0.6451612903225806,0.5161290322580645,0.41759633841193905,3.6161290322580646,-1.4516129032258065,0.0,0.3870967741935484,9.466666666666667,2.6666666666666665,2.0,0.0,4.666666666666667,0.0,0.6666666666666666,2.6666666666666665,1.6666666666666667,0.6666666666666666,0.3044465132774748,4.3999999999999995,-2.6666666666666665,0.0,0.3333333333333333,11.700000000000001,4.2,2.2,0.2,6.6,0.4,0.8,3.4,1.6,1.0,0.3338682649499744,7.540000000000001,-2.4,0.0,0.6,6.8,2.2,1.3,0.2,3.7,0.2,0.6,1.8,0.9,0.7,0.3831819028986519,4.06,-1.9,0.0,0.4,5.3,3.0625,1.25,0.0,4.3125,0.25,0.4375,2.1875,0.875,0.8125,0.5845235743467548,4.875,-1.5,0.0,0.3125,6.166666666666668,1.1333333333333333,0.5333333333333333,0.4666666666666667,2.1333333333333333,0.06666666666666667,0.4,1.2,0.4,0.2,0.26736182607060466,2.2733333333333334,-1.4,0.0,0.4666666666666667,,,,,,,,,,,,,,,,5.719354838709678,2.129032258064516,0.9032258064516129,0.22580645161290322,3.2580645161290325,0.16129032258064516,0.41935483870967744,1.7096774193548387,0.6451612903225806,0.5161290322580645,0.41759633841193905,3.6161290322580646,-1.4516129032258065,0.0,0.3870967741935484,7.583333333333332,2.5833333333333335,1.1666666666666667,0.25,4.0,0.16666666666666666,0.5833333333333334,2.4166666666666665,0.6666666666666666,0.6666666666666666,0.4387239601730138,4.2749999999999995,-0.5833333333333334,0.0,1.0,4.542105263157895,1.8421052631578947,0.7368421052631579,0.21052631578947367,2.789473684210526,0.15789473684210525,0.3157894736842105,1.263157894736842,0.631578947368421,0.42105263157894735,0.40223079531297545,3.2,-2.0,0.0,0.0,3.4033506576497126,1.2207876886032072,0.5603378397214095,4.171072938988911,5.520834439034177,31,0.7000000000000002,0.7000000000000002,-0.2,3.341935483870967,2.3000000000000007,-0.08372807346196465
25.0,25.8,64.5,0.2,1.1,0.9,0.8,0.8,0.5,2,1.8,1.5,4,0.30000000000000004,-0.03,17.0,0.8,-180.0,0.0,0.0,6.5,-6.0,17.1,-0.8300000000000001,-1.01,39.5,-0.43,173,2,-0.8300000000000001,39.5,-0.25,173,2,-0.09,39.5,-0.12,-0.61,54.3,51.3,-0.6900000000000001,0.18,45.8,83.6,0.71,0.09,0.19,0.36,48.0,76.9,-0.12,0.17,-1.46,65.1,-0.51,46.2,29.4,0.28,0.0,0.08,0.23,41.3,66.4,-0.23,41.9,39.5,-0.8300000000000001,39.5,173,2,0.12,13.3,-0.15,10.1,102.7,54.8,3.3,,0.129666929692265,0.035201491390233,20.0,-14.0,,10,2,51.6,31,16,6.7,1.3,48.4,53.3,-25.3,,15,8,11.3,12,1642820,66.7,9.7,1.7000000000000002,104,8.7,Liatu King,-6.7,-0.15,20.8,33.2,6.6,0.01,6.3,96.0,25.8,6.8,5.19,5.8,15,,11.8,219,3.5,10.405965720771277,16.189187729037783,4.622743712504772,11.6,0.012460826142588002,2.824972516864102,10.436015383439894,0.0,10.4,0.0,17.7,,baseline,19.2,14.5,16.2,42,-0.15,50.8,medium,low_sample,19,8.04,0.43,-0.72,-0.19,0.041,0.095,,True,True,107,-2,0.448,False,8.1,12.8,9.5,10.8,28,70.0,80.7,32.3,14.5,2.3,2026-27,1.1,43.8,0.5,-0.1,0.5,2.7,2.3,6,3.46,MIN,32.3,0.4,11.4,2.3,1.9,5,55.9,-0.1,,17.6,6.5375,2.625,1.75,0.125,4.5,0.625,0.3125,1.9375,0.625,0.9375,0.4460974528474905,6.475,-1.3125,0.0625,0.6875,10.100000000000001,5.333333333333333,1.6666666666666667,0.6666666666666666,7.666666666666667,1.0,0.0,4.666666666666667,1.3333333333333333,1.6666666666666667,0.612830402868974,11.333333333333334,-3.3333333333333335,0.3333333333333333,0.6666666666666666,6.779999999999999,3.6,1.0,0.4,5.0,0.6,0.0,3.0,0.8,1.0,0.5899204639436066,7.2,-2.6,0.2,0.6,4.720000000000001,2.4,0.9,0.2,3.5,0.4,0.1,1.8,0.4,0.5,0.5052719867170887,4.880000000000001,-1.8,0.1,0.6,7.960000000000001,2.8,1.8,0.0,4.6,0.2,0.2,2.2,1.0,0.8,0.2690574605577225,5.359999999999999,-1.6,0.0,0.8,5.890909090909091,2.5454545454545454,1.7272727272727273,0.18181818181818182,4.454545454545454,0.8181818181818182,0.36363636363636365,1.8181818181818181,0.45454545454545453,1.0,0.5346174489923745,6.9818181818181815,-1.1818181818181819,0.09090909090909091,0.6363636363636364,20.1,12.0,4.0,2.0,18.0,3.0,0.0,8.0,2.0,5.0,0.5074626865671641,28.8,1.0,1.0,0.0,5.633333333333334,2.0,1.6,0.0,3.6,0.4666666666666667,0.3333333333333333,1.5333333333333334,0.5333333333333333,0.6666666666666666,0.4405187952366111,4.986666666666666,-1.4666666666666666,0.0,0.7333333333333333,6.118181818181818,1.6363636363636365,1.6363636363636365,0.0,3.272727272727273,0.5454545454545454,0.45454545454545453,1.5454545454545454,0.6363636363636364,0.5454545454545454,0.36271539158142063,4.781818181818182,-2.1818181818181817,0.0,1.0,7.459999999999999,4.8,2.0,0.4,7.2,0.8,0.0,2.8,0.6,1.8,0.6128615753796303,10.2,0.6,0.2,0.0,3.5753787678137448,2.1134489978863145,0.5,5.549774770204643,6.502909605194688,16,0.10000000000000009,-1.2999999999999998,0.2,0.5,-1.92,0.14382301109611612
20.5,32.0,70.5,1.9,20.2,8.0,5.7,6.5,1.58,68,0.6000000000000001,0.5,5,0.1,-0.04,66.8,8.6,2.0,10.9,16.7,4.9,14.8,29.4,-3.8,-3.8,81.6,-0.5,421,1,-3.8,81.6,-0.5,421,1,1.09,81.6,0.51,0.43,100.0,71.8,0.66,-0.46,100.0,45.4,-1.23,0.28,0.0,-0.62,96.0,28.6,-0.65,-0.02,-2.61,29.0,0.99,100.0,86.1,-0.15,-0.15,-0.13,-2.5700000000000003,80.0,1.3,-1.18,100.0,14.7,-3.8,81.6,421,1,0.09,8.2,-0.01,8.0,101.0,40.6,-10.9,-1.63,5.852278369850806,0.9455896990252941,20.0,-14.0,-1.8,45,9,36.9,122,45,4.9,1.5,32.8,55.0,-23.6,-2.43,40,22,5.8,35,1643644,40.0,8.2,-5.3,421,12.0,Alicia Florez,-2.9,-0.13,16.5,32.5,9.1,-0.89,2.0,98.1,21.3,6.2,4.53,5.0,53,,7.9,851,3.5,6.733335533200933,11.996532882695387,1.470138183706477,10.5,0.8691499689855371,1.087947687703396,7.080556354730769,0.0,7.1,0.013398869542928,60.6,,baseline,14.2,10.5,11.5,121,-0.89,57.7,medium,,70,25.71,-0.17,-1.6099999999999999,-0.85,-0.041,0.14200000000000002,,True,True,191,-14,0.56,False,4.8,5.6,4.2,4.6,48,63.4,66.4,33.6,49.3,1.4,2026-27,0.5,68.9,1.9,2.8,0.6000000000000001,2.5,2.0,21,2.22,WAS,36.9,1.2,14.7,4.8,3.9,41,43.3,-12.7,-1.88,18.9,13.315277777777778,4.125,1.3333333333333335,2.388888888888889,7.847222222222222,0.6944444444444444,0.6805555555555556,4.472222222222222,1.9583333333333333,1.4444444444444444,0.43328876982947984,10.711111111111112,-0.6805555555555556,0.3055555555555556,0.5833333333333333,11.133333333333333,3.6666666666666665,0.6666666666666666,1.6666666666666667,6.0,0.3333333333333333,1.3333333333333333,1.6666666666666667,0.3333333333333333,0.0,0.2093933463796477,6.633333333333333,5.0,0.0,1.0,10.92,4.2,0.8,1.6,6.6,0.6,1.0,2.0,0.2,0.4,0.23937351615557007,8.360000000000001,2.4,0.0,0.8,8.799999999999999,3.1,0.9,1.2,5.2,0.8,1.2,2.1,0.5,1.0,0.4596582942369765,7.18,0.3,0.0,0.8,13.130701754385964,3.6666666666666665,1.0614035087719298,2.5087719298245617,7.2368421052631575,0.5087719298245614,0.5526315789473685,4.087719298245614,1.9473684210526316,1.912280701754386,0.41158270196566615,9.677192982456141,-0.8771929824561404,0.24561403508771928,0.5350877192982456,15.388235294117647,5.735294117647059,2.735294117647059,2.1764705882352944,10.647058823529411,1.2941176470588236,1.0588235294117647,5.764705882352941,1.9705882352941178,0.29411764705882354,0.46492128390126075,15.105882352941176,1.7352941176470589,0.5294117647058824,0.7941176470588236,24.4625,7.625,3.375,4.75,15.75,1.375,1.75,7.875,3.0,2.25,0.4407072786440137,21.175,1.25,1.0,0.5,8.859375,3.03125,0.421875,1.328125,4.78125,0.5,0.4375,2.84375,1.390625,1.34375,0.4359528539590559,6.5921875,-1.359375,0.0,0.59375,15.404166666666669,5.6875,1.7708333333333335,2.3333333333333335,9.791666666666666,1.125,0.75,5.291666666666667,2.1875,1.4166666666666667,0.4326916756058016,13.9375,1.7083333333333333,0.2916666666666667,1.0,11.3125,2.5,0.9583333333333334,2.375,5.833333333333334,0.20833333333333334,0.6666666666666666,3.708333333333333,1.75,1.5,0.43426187798295524,7.170833333333333,-4.208333333333334,0.3333333333333333,0.0,3.2144505452242234,1.505545305418162,2.0025624610124924,5.690241308929362,8.339753040062442,40,0.7000000000000002,-0.5999999999999999,-0.2999999999999998,-1.2472222222222227,-1.08,-0.19391525367390977
31.1,68.2,83.3,0.8,4.6,3.0,2.1,2.5,2.0,16,0.2,0.2,1,0.1,-0.06,58.1,2.1,6.5,13.0,25.0,6.1,10.4,12.3,-3.45,-3.45,62.1,-0.38,258,1,-3.45,62.1,-0.38,258,1,0.6900000000000001,62.1,-0.2,-2.27,82.9,13.0,0.17,0.62,71.9,92.4,0.42,0.59,0.0,-0.64,67.2,27.3,-0.47000000000000003,-0.05,-4.15,31.9,-0.23,74.8,40.8,-0.49,-0.24,-0.31,-1.19,65.5,10.9,0.88,75.1,89.9,-3.45,62.1,258,1,-0.04,6.1,-0.09,6.9,106.7,47.7,-3.8,-0.48,1.795593741016578,0.425252451291855,30.6,-3.4,-0.30000000000000004,49,15,36.4,66,24,6.7,0.8,6.1,25.0,-53.6,,4,1,3.0,19,1643437,33.3,9.1,-11.4,258,13.6,Ashlon Jackson,-23.7,-0.02,15.6,38.8,8.4,-1.05,0.2,83.0,7.6,2.8,2.09,2.3,15,,7.6,534,3.4,2.1846900973920462,7.447887446886502,0.0,7.4,0.8218986039072781,0.5174025716435331,6.517536013938598,0.0,6.5,0.027191097444415002,60.6,,baseline,12.0,9.0,9.9,64,-1.1,56.8,medium,,50,20.67,-0.34,-1.8599999999999999,-1.07,-0.037,0.157,,True,True,199,-12,0.595,False,2.9,4.5,3.4,3.7,24,83.3,15.2,9.1,42.0,1.3,2026-27,0.30000000000000004,25.0,-2.6,1.5,0.5,1.7000000000000002,1.4,9,1.4,CON,74.2,0.4,2.8,1.3,1.1,7,47.2,-8.8,-1.24,12.6,7.465714285714286,1.8285714285714285,0.6857142857142857,0.45714285714285713,2.9714285714285715,0.2857142857142857,0.2,1.8857142857142857,1.4,0.11428571428571428,0.33567883592268793,3.9942857142857138,-3.2285714285714286,0.05714285714285714,0.22857142857142856,19.599999999999998,8.0,1.6666666666666667,1.6666666666666667,11.333333333333334,0.3333333333333333,0.3333333333333333,5.0,4.0,0.6666666666666666,0.2480442629741405,13.166666666666666,2.6666666666666665,0.3333333333333333,0.3333333333333333,20.76,6.6,2.0,1.4,10.0,0.4,0.6,4.8,4.0,0.4,0.25223607445739554,11.7,-7.8,0.4,0.2,17.64,5.2,1.8,1.0,8.0,0.3,0.4,4.9,3.6,0.2,0.29922000940769505,9.360000000000001,-6.0,0.2,0.2,4.540000000000001,1.75,0.3,0.25,2.3,0.05,0.05,1.7,1.2,0.1,0.3604604936432079,2.585,-0.75,0.05,0.35,11.366666666666667,1.9333333333333333,1.2,0.7333333333333333,3.8666666666666667,0.6,0.4,2.1333333333333333,1.6666666666666667,0.13333333333333333,0.32122286891905144,5.873333333333334,-6.533333333333333,0.06666666666666667,0.06666666666666667,28.799999999999997,13.5,3.0,2.0,18.5,0.0,1.0,8.0,7.0,1.0,0.33818252540477467,19.1,-10.0,1.0,0.5,6.172727272727273,1.121212121212121,0.5454545454545454,0.36363636363636365,2.0303030303030303,0.30303030303030304,0.15151515151515152,1.5151515151515151,1.0606060606060606,0.06060606060606061,0.3353842842189131,3.0787878787878786,-2.8181818181818183,0.0,0.21212121212121213,8.05,3.625,0.375,0.5,4.5,0.375,0.0,2.625,1.75,0.25,0.3098034535921466,5.949999999999999,-1.125,0.125,1.0,7.292592592592592,1.2962962962962963,0.7777777777777778,0.4444444444444444,2.5185185185185186,0.25925925925925924,0.25925925925925924,1.6666666666666667,1.2962962962962963,0.07407407407407407,0.3449200438978814,3.4148148148148154,-3.8518518518518516,0.037037037037037035,0.0,3.674120257131705,1.2781288844941072,0.7800021547050611,4.889879790930233,8.747064813818568,35,3.1999999999999997,0.7,0.5999999999999999,7.0285714285714285,7.160000000000002,-0.08344276146529239
27.3,29.7,55.4,2.0,25.3,9.3,6.9,7.7,2.5,50,0.4,0.30000000000000004,2,0.1,0.03,57.1,4.4,0.0,6.3,25.0,5.4,24.5,32.1,-1.01,-0.68,64.8,0.09,1304,2,-1.01,64.8,-0.24,1614,3,0.54,64.8,1.29,0.31,83.3,70.2,1.32,-1.25,80.1,15.5,-2.77,0.11,0.29,-0.91,70.1,16.8,-0.21,0.09,1.99,61.3,2.07,79.7,93.7,0.25,0.14,0.35000000000000003,-0.38,65.9,36.1,-0.61,76.7,26.1,-1.01,64.8,1614,3,0.01,5.6,-0.2,5.1,106.6,50.7,-0.8,0.01,0.806652894011727,0.189049653848152,26.9,-7.1,-0.8300000000000001,26,7,45.9,74,34,5.2,0.8,18.9,64.3,-14.3,,14,9,3.4,25,1630134,42.9,9.5,-9.5,260,10.4,Sug Sutton,-4.3,0.03,13.3,28.8,8.6,-1.65,0.7000000000000001,102.3,35.1,3.9,2.91,3.2,21,G,5.2,539,3.4,0.9307938655890241,6.193991215083479,0.0,6.2,0.8666289323912361,0.218143713857462,6.326926841803519,0.0,6.3,0.047448315744265,63.8,,baseline,15.6,11.8,12.9,84,-1.97,49.7,low,,13,4.61,-0.29,-3.64,-2.17,0.20800000000000002,0.47200000000000003,,True,True,226,-5,1.305,False,3.0,3.9,2.8,3.2,21,60.0,39.2,20.3,42.6,0.8,2026-27,0.0,76.5,-4.4,-7.3,0.4,1.7000000000000002,1.4,9,1.52,PDX,35.1,0.8,13.5,3.9,3.2,21,52.4,-3.6,-0.38,17.7,14.916666666666666,6.592592592592593,1.1296296296296298,3.4444444444444446,11.166666666666668,0.5,1.2777777777777777,5.962962962962964,1.6666666666666665,1.740740740740741,0.4654798218418509,13.337037037037035,-2.481481481481482,0.5185185185185185,0.4629629629629629,11.633333333333335,3.6666666666666665,1.3333333333333333,1.3333333333333333,6.333333333333333,0.6666666666666666,1.0,3.3333333333333335,1.3333333333333333,0.6666666666666666,0.36857219939966074,8.266666666666666,7.0,0.0,1.0,8.38,2.6,0.8,1.2,4.6,0.4,1.0,2.2,0.8,0.4,0.34880289410788157,5.56,4.6,0.0,0.8,6.3,2.0,0.4,1.0,3.4,0.4,0.8,1.5,0.5,0.2,0.32585136505196693,4.380000000000001,1.2,0.0,0.5,15.382142857142856,6.0,1.4285714285714286,4.0,11.428571428571429,0.5357142857142857,1.0,6.821428571428571,2.1785714285714284,2.0714285714285716,0.4890724762148564,14.32142857142857,-1.2142857142857142,0.5357142857142857,0.6071428571428572,14.73076923076923,7.846153846153846,0.6538461538461539,2.4615384615384617,10.961538461538462,0.5384615384615384,1.8076923076923077,4.5,0.7307692307692308,1.0769230769230769,0.4119998758157274,12.13076923076923,-4.846153846153846,0.5,0.23076923076923078,22.266666666666666,6.666666666666667,1.3333333333333335,6.333333333333334,14.333333333333334,0.3333333333333333,1.0,7.666666666666667,2.833333333333333,1.6666666666666667,0.42358382067272704,17.766666666666666,-5.833333333333334,1.0,0.16666666666666666,6.434615384615384,1.8461538461538463,0.5769230769230769,1.0,3.423076923076923,0.34615384615384615,0.5769230769230769,1.4615384615384615,0.5769230769230769,0.15384615384615385,0.3181968442314669,4.499999999999999,-0.038461538461538464,0.0,0.6153846153846154,15.571875,6.78125,0.90625,3.03125,10.71875,0.6875,1.21875,5.71875,1.25,2.0625,0.433207444438149,13.259374999999999,5.53125,0.5,1.0,14.806818181818182,6.636363636363637,1.1363636363636362,3.7272727272727275,11.5,0.38636363636363635,1.3636363636363638,6.159090909090909,1.9545454545454546,1.5909090909090908,0.48411551926928403,13.386363636363635,-7.136363636363637,0.5454545454545454,0.0,3.8809881429240725,1.0875470659652644,2.1063669217862784,5.772009351519017,7.6484879431226105,30,-0.7999999999999998,0.0,-0.8,-6.566666666666668,-2.0199999999999996,-0.11667692773396932
27.3,29.7,78.4,1.1,8.7,3.5,2.7,2.9,2.75,15,0.0,0.0,0,0.0,-0.16,55.6,,,,80.0,13.5,13.3,13.2,-5.65,-5.65,53.5,-0.55,208,1,-5.65,53.5,-0.55,208,1,0.52,53.5,0.03,-2.27,73.6,12.6,-0.27,-2.14,60.5,0.4,-3.2,0.14,0.0,-0.2,60.8,41.6,0.23,-0.27,-3.11,11.8,-0.04,64.8,55.5,-0.22,-0.05,0.1,0.34,57.7,71.4,-0.27,58.2,37.8,-5.65,53.5,208,1,-0.14,-1.2,-0.37,7.3,115.9,55.4,3.9,,0.468939881511689,0.17500748884619102,43.8,9.8,,16,7,45.9,37,17,0.5,3.1,18.9,85.7,7.1,,7,6,8.5,14,1643706,0.0,8.1,-14.3,208,14.9,Ornella Bankole,-21.0,-0.02,19.9,38.1,12.1,-0.96,5.0,94.9,13.5,10.0,7.44,8.3,43,,0.6000000000000001,430,3.4,0.560355458760046,5.823552808254502,0.0,5.8,0.8368614496044331,0.209123611714835,6.262340147606118,0.0,6.3,0.060745354651272,62.9,,baseline,10.9,8.2,9.0,47,-1.31,52.8,medium,,42,16.32,-0.19,-2.43,-1.32,0.016,0.28700000000000003,,True,True,205,3,0.875,False,6.0,7.4,5.6,6.2,32,69.2,54.0,35.1,47.0,2.3,2026-27,0.6000000000000001,29.4,4.4,7.3,0.1,0.5,0.4,2,0.35000000000000003,TOR,43.2,0.4,8.0,1.2,1.0,5,58.6,2.6,,9.4,13.780000000000001,3.1333333333333333,2.1333333333333333,1.0,6.266666666666667,0.13333333333333333,0.3333333333333333,2.466666666666667,1.0666666666666667,0.4666666666666667,0.2133551726651202,7.260000000000001,-6.466666666666667,0.0,0.13333333333333333,17.466666666666665,3.3333333333333335,3.0,1.0,7.333333333333333,0.0,0.3333333333333333,3.3333333333333335,1.6666666666666667,0.0,0.19489811332599616,8.1,-14.666666666666666,0.0,0.0,18.580000000000002,3.4,2.6,1.8,7.8,0.0,0.6,2.8,1.2,0.6,0.18876304381977352,8.62,-14.8,0.0,0.0,17.720000000000002,4.2,2.7,1.5,8.4,0.0,0.4,3.3,1.2,0.5,0.2186580362557926,9.290000000000001,-8.8,0.0,0.1,13.299999999999999,2.7142857142857144,1.5714285714285714,1.1428571428571428,5.428571428571429,0.2857142857142857,0.42857142857142855,1.7142857142857142,0.7142857142857143,0.5714285714285714,0.1601753384011448,6.742857142857143,-3.0,0.0,0.2857142857142857,14.2,3.5,2.625,0.875,7.0,0.0,0.25,3.125,1.375,0.375,0.2665350069290956,7.7125,-9.5,0.0,0.0,,,,,,,,,,,,,,,,13.780000000000001,3.1333333333333333,2.1333333333333333,1.0,6.266666666666667,0.13333333333333333,0.3333333333333333,2.466666666666667,1.0666666666666667,0.4666666666666667,0.2133551726651202,7.260000000000001,-6.466666666666667,0.0,0.13333333333333333,9.0,3.0,0.5,0.5,4.0,0.0,0.5,2.0,1.0,0.0,0.16129032258064516,3.8499999999999996,6.0,0.0,1.0,14.515384615384617,3.1538461538461537,2.3846153846153846,1.0769230769230769,6.615384615384615,0.15384615384615385,0.3076923076923077,2.5384615384615383,1.0769230769230769,0.5384615384615384,0.22203264767919936,7.7846153846153845,-8.384615384615385,0.0,0.0,2.2949219304078006,2.0307165050320353,1.1952286093343936,4.4475782602392036,6.930285502261588,15,0.0,0.30000000000000027,0.7,1.5333333333333332,3.6800000000000015,-0.024592128845346672
41.2,49.5,73.8,1.2,11.8,3.8,2.9,3.1,1.33,51,1.4,1.2,19,0.4,-0.09,80.4,1.3,8.3,8.3,33.3,5.8,4.7,10.6,-5.87,-6.34,86.1,-0.68,1235,2,-5.87,86.9,-0.21,2174,3,1.1,86.9,0.09,-3.11,100.0,1.3,-0.08,-1.34,100.0,12.6,-2.27,-0.08,-0.42,-0.29,100.0,37.8,-0.18,-0.14,-4.08,10.5,-0.5700000000000001,100.0,27.7,-0.06,-0.23,-0.18,0.88,80.0,87.8,-0.07,100.0,49.6,-5.87,86.9,2174,3,-0.05,6.8,-0.18,12.6,107.3,55.8,4.3,0.84,5.332946464022503,0.614703839468659,40.4,6.4,1.08,57,23,44.7,103,46,3.2,2.2,33.0,85.3,6.7,0.71,34,29,9.6,44,203828,22.2,8.7,-9.0,658,15.0,Stefanie Dolson,-12.6,-0.05,13.6,31.8,12.0,0.29,3.7,94.7,17.5,7.3,5.31,5.9,97,C,10.7,1331,3.3,6.021374572318206,11.284571921812661,0.7581772228237501,10.5,0.885669277001868,0.6940557332524041,6.680592021916402,0.0,6.7,0.026024644303792,62.1,,baseline,10.8,7.9,8.8,144,-0.04,23.2,low,"prior_heavy,volatile_rank",142,55.68,2.22,-2.31,-0.41000000000000003,0.368,0.622,,True,True,96,106,1.767,True,7.7,8.0,5.8,6.4,106,68.4,51.4,18.4,40.6,2.4,2026-27,0.4,8.7,-1.6,0.1,0.30000000000000004,0.9,0.7000000000000001,12,1.7000000000000002,SEA,55.3,0.9,15.5,2.9,2.3,38,61.0,5.0,1.03,10.5,14.954545454545455,3.272727272727273,2.409090909090909,1.1590909090909092,6.840909090909091,0.7045454545454546,0.8636363636363636,2.340909090909091,1.2954545454545454,0.7727272727272727,0.22872280013012497,9.152272727272727,-3.9318181818181817,0.22727272727272727,0.18181818181818182,10.366666666666667,1.6666666666666667,2.3333333333333335,1.0,5.0,0.6666666666666666,1.0,1.0,0.3333333333333333,0.6666666666666666,0.16310460372960373,6.966666666666668,-11.333333333333334,0.0,0.0,13.4,3.2,3.0,1.4,7.6,0.6,1.2,2.0,1.4,0.8,0.21274301147512187,9.500000000000002,-8.4,0.0,0.0,11.459999999999999,2.4,2.5,1.3,6.2,0.4,1.1,2.0,1.2,0.4,0.2534455838371466,7.450000000000001,-5.7,0.0,0.2,15.44090909090909,3.227272727272727,2.5454545454545454,1.5,7.2727272727272725,0.5454545454545454,0.9545454545454546,2.272727272727273,1.3181818181818181,0.8181818181818182,0.22380280465553695,9.213636363636363,-1.9545454545454546,0.2727272727272727,0.2727272727272727,14.468181818181819,3.3181818181818183,2.272727272727273,0.8181818181818182,6.409090909090909,0.8636363636363636,0.7727272727272727,2.409090909090909,1.2727272727272727,0.7272727272727273,0.23364279560471302,9.090909090909092,-5.909090909090909,0.18181818181818182,0.09090909090909091,24.509999999999998,6.5,3.6,1.8,11.9,1.6,1.3,3.9,1.9,1.6,0.24254820989903028,17.020000000000003,-1.3,1.0,0.2,12.144117647058824,2.323529411764706,2.0588235294117645,0.9705882352941176,5.352941176470588,0.4411764705882353,0.7352941176470589,1.8823529411764706,1.1176470588235294,0.5294117647058824,0.22465650313927052,6.838235294117647,-4.705882352941177,0.0,0.17647058823529413,16.15,5.5,3.125,1.875,10.5,0.5,1.25,2.75,1.25,1.75,0.32404546961526715,12.3125,7.25,0.25,1.0,14.688888888888888,2.7777777777777777,2.25,1.0,6.027777777777778,0.75,0.7777777777777778,2.25,1.3055555555555556,0.5555555555555556,0.2075399846889823,8.45,-6.416666666666667,0.2222222222222222,0.0,3.823815435141921,1.6610193258495416,1.0984805958460608,5.107874367061398,6.783168448976347,44,-0.09999999999999964,0.6000000000000001,0.19999999999999996,0.7590909090909088,-1.5999999999999996,-0.015979788655003102
16.7,37.0,82.7,0.5,3.6,2.1,1.8,1.8,0.8300000000000001,15,1.5,1.3,11,0.30000000000000004,0.1,62.6,8.6,29.7,14.8,60.0,6.2,-1.8,11.6,-5.52,-5.32,77.4,-0.48,809,2,-5.52,77.4,-0.68,1311,3,0.89,77.4,0.05,-1.82,97.6,19.7,-0.38,-1.12,91.1,20.6,0.46,-0.12,0.05,1.83,98.1,93.7,0.01,-0.2,-6.06,12.6,-1.34,91.7,3.4,0.08,-0.35000000000000003,-0.36,-0.6900000000000001,78.0,26.1,-0.87,89.3,20.6,-5.52,77.4,1311,3,-0.02,7.2,-0.17,15.2,105.2,43.2,-8.3,-1.21,3.2708614880028,1.002196560276862,22.9,-11.1,-1.3900000000000001,35,8,38.3,81,31,3.2,1.4,65.4,75.5,-3.1,-0.31,53,40,13.4,33,1629574,0.0,2.5,-5.3,337,10.2,Li Yueru,3.5,0.13,12.9,32.5,8.5,-0.31,5.9,108.7,14.8,6.5,5.02,5.6,47,,13.4,720,3.3,4.920274228629948,10.183471578124404,0.0,10.2,0.664772192771371,1.507578943846613,7.497147191359293,0.0,7.5,0.006922382808983001,51.0,,baseline,15.3,11.6,13.1,110,-0.61,51.3,medium,,12,4.74,1.05,-2.27,-0.35000000000000003,-0.259,0.467,,True,True,167,21,1.292,False,10.4,12.9,9.9,11.0,93,65.6,104.9,39.5,41.8,2.8,2026-27,0.6000000000000001,16.1,6.2,10.1,0.1,0.6000000000000001,0.5,4,1.6,DAL,43.2,0.6000000000000001,10.9,2.9,2.5,21,52.7,-3.3,-0.33,15.8,7.934883720930232,2.558139534883721,2.1627906976744184,0.3488372093023256,5.069767441860465,0.3488372093023256,0.4883720930232558,1.8837209302325582,0.813953488372093,1.2325581395348837,0.4456193296133004,6.234883720930232,1.0930232558139534,0.11627906976744186,0.6046511627906976,10.200000000000001,3.0,3.6666666666666665,0.6666666666666666,7.333333333333333,0.6666666666666666,0.6666666666666666,2.0,0.3333333333333333,1.6666666666666667,0.3419346197223092,9.733333333333333,5.0,0.0,0.6666666666666666,11.26,3.2,3.8,0.6,7.6,1.0,1.0,2.4,0.4,1.8,0.372461318281473,10.66,4.2,0.0,0.8,7.480000000000001,2.4,2.3,0.3,5.0,0.6,0.7,1.8,0.4,1.3,0.4170766262033533,6.709999999999999,2.0,0.0,0.7,8.463636363636365,2.9545454545454546,2.6363636363636362,0.22727272727272727,5.818181818181818,0.6363636363636364,0.6818181818181818,2.1363636363636362,0.9090909090909091,1.4545454545454546,0.5145474085087043,7.686363636363635,1.7727272727272727,0.13636363636363635,0.7272727272727273,7.380952380952381,2.142857142857143,1.6666666666666667,0.47619047619047616,4.285714285714286,0.047619047619047616,0.2857142857142857,1.619047619047619,0.7142857142857143,1.0,0.3723832457869337,4.714285714285714,0.38095238095238093,0.09523809523809523,0.47619047619047616,21.78,5.4,6.6,1.0,13.0,1.0,1.0,3.6,2.2,3.0,0.28278226192162836,16.82,4.2,1.0,0.6,6.113157894736842,2.1842105263157894,1.5789473684210527,0.2631578947368421,4.026315789473684,0.2631578947368421,0.42105263157894735,1.6578947368421053,0.631578947368421,1.0,0.47469737741538465,4.842105263157895,0.6842105263157895,0.0,0.6052631578947368,7.8961538461538465,3.0384615384615383,2.6538461538461537,0.34615384615384615,6.038461538461538,0.5,0.5384615384615384,1.9615384615384615,0.8846153846153846,1.5384615384615385,0.4883162844314445,7.703846153846153,2.3076923076923075,0.11538461538461539,1.0,7.9941176470588236,1.8235294117647058,1.411764705882353,0.35294117647058826,3.588235294117647,0.11764705882352941,0.4117647058823529,1.7647058823529411,0.7058823529411765,0.7647058823529411,0.37089965868154806,3.988235294117647,-0.7647058823529411,0.11764705882352941,0.0,2.9220208726267587,2.515951325879958,0.6860418191554519,5.1842037954008,7.2504805660409986,43,-0.09999999999999964,1.0,0.09999999999999998,2.5302325581395344,1.0600000000000005,-0.07315801133182742
35.3,53.1,84.4,0.30000000000000004,1.9,1.8,1.3,1.6,0.37,4,0.9,0.8,2,0.2,-0.37,16.7,1.3,-168.3,0.0,33.3,9.4,-0.6000000000000001,10.6,-2.34,-3.12,40.7,-2.24,479,2,-2.34,40.0,-1.46,643,3,-0.14,40.0,-0.09,-0.84,53.4,42.9,-0.6900000000000001,-0.07,44.3,62.6,0.15,0.19,1.3900000000000001,0.14,41.4,71.0,0.05,0.09,-1.28,41.2,-0.44,44.9,32.4,0.42,-0.05,-0.02,0.2,40.6,64.7,0.22,47.1,75.2,-2.34,40.0,643,3,-0.09,2.6,-0.06,6.6,115.7,51.6,0.1,,,,35.0,1.0,0.32,20,7,40.6,32,13,1.8,1.8,28.1,77.8,-0.8,,9,7,6.2,12,203024,33.3,9.4,,99,8.3,Damiris Dantas,-8.1,-0.28,17.8,49.5,9.1,0.13,2.6,107.6,6.3,10.1,8.0,8.9,22,,1.5,218,3.3,,,,,,,,,,,,,,18.3,14.3,16.2,40,-0.02,49.4,low,low_sample,19,7.78,1.23,-1.27,-0.08,0.053,0.333,,True,True,94,-13,0.975,False,4.9,8.3,6.5,7.3,18,57.1,50.0,21.9,41.3,1.5,2026-27,0.4,7.7,1.4,5.8,0.2,0.9,0.8,2,1.45,IND,62.5,0.8,5.0,4.1,3.6,9,55.6,-0.4,,18.6,3.06875,1.25,0.5625,0.125,1.9375,0.125,0.28125,1.0,0.625,0.28125,0.5178165426753517,2.20625,-0.46875,0.03125,0.625,0.0,0.0,0.0,0.0,0.0,0.0,0.0,0.0,0.0,0.0,,0.0,0.0,0.0,0.3333333333333333,0.0,0.0,0.0,0.0,0.0,0.0,0.0,0.0,0.0,0.0,,0.0,0.0,0.0,0.6,0.9299999999999999,0.0,0.3,0.0,0.3,0.0,0.0,0.1,0.0,0.0,0.06578947368421052,0.36,0.5,0.0,0.7,2.7058823529411766,1.1176470588235294,0.47058823529411764,0.11764705882352941,1.7058823529411764,0.17647058823529413,0.23529411764705882,0.9411764705882353,0.5294117647058824,0.23529411764705882,0.6001157513789386,2.152941176470588,-0.29411764705882354,0.0,0.6470588235294118,3.48,1.4,0.6666666666666666,0.13333333333333333,2.2,0.06666666666666667,0.3333333333333333,1.0666666666666667,0.7333333333333333,0.3333333333333333,0.40259765049033014,2.2666666666666666,-0.6666666666666666,0.06666666666666667,0.6,21.6,12.0,4.0,2.0,18.0,0.0,2.0,6.0,3.0,2.0,0.41111111111111104,17.8,-7.0,1.0,0.0,2.4709677419354836,0.9032258064516129,0.45161290322580644,0.06451612903225806,1.4193548387096775,0.12903225806451613,0.22580645161290322,0.8387096774193549,0.5483870967741935,0.22580645161290322,0.527517036453919,1.7032258064516128,-0.25806451612903225,0.0,0.6451612903225806,2.465,0.75,0.4,0.05,1.2,0.1,0.2,0.85,0.55,0.2,0.5364770503164324,1.405,-0.3,0.0,1.0,4.075,2.0833333333333335,0.8333333333333334,0.25,3.1666666666666665,0.16666666666666666,0.4166666666666667,1.25,0.75,0.4166666666666667,0.48049552739319057,3.5416666666666665,-0.75,0.08333333333333333,0.0,2.590304503210933,0.981687158630159,0.42121176958711604,3.7238334393298214,5.1838108724460925,32,-3.3,-1.5,-0.30000000000000004,-1.9375,-8.3,
0.0,13.0,43.5,0.9,8.6,5.3,4.0,4.5,1.29,9,0.0,0.0,0,0.0,-0.27,15.5,1.0,88.2,0.0,,0.0,8.6,20.9,-2.62,-1.73,38.8,-1.34,586,2,-2.62,39.2,-2.23,1225,3,-0.31,39.2,0.13,-0.15,44.0,62.6,-0.12,-0.16,36.7,58.4,-0.2,-0.36,2.32,0.17,35.7,73.1,-0.07,-0.02,-0.17,36.1,-0.03,37.3,56.3,0.28,0.06,0.22,0.23,33.4,66.8,-0.21,32.2,40.8,-2.62,39.2,1225,3,-0.09,5.6,-0.2,11.4,113.3,56.5,5.0,,1.038678135457515,0.26482540239586,0.0,-34.0,,3,0,56.5,23,13,3.0,1.0,34.8,75.0,-3.6,,8,6,11.3,10,1641650,,0.0,0.30000000000000004,80,8.0,Haley Jones,-12.8,-0.17,13.0,28.8,7.2,-1.43,2.8,100.5,56.5,5.9,4.5,5.0,10,,9.6,170,3.2,8.250863353875118,13.514060703369573,2.987666004380663,10.5,0.125887206090946,2.103672093608457,10.898673565006954,0.0,10.9,0.0,22.7,,baseline,18.8,14.4,16.0,32,-1.79,43.3,low,low_sample,8,3.0,-0.14,-3.44,-2.11,0.316,0.465,,True,True,221,-11,1.286,False,9.9,10.0,7.6,8.5,17,71.4,65.2,30.4,16.2,1.7000000000000002,2026-27,0.4,46.2,-3.4,-9.3,0.30000000000000004,1.8,1.5,3,1.35,PDX,13.0,0.7000000000000001,6.5,4.1,3.5,7,60.3,4.3,,19.2,6.4242857142857135,2.8142857142857145,1.3142857142857143,0.6428571428571428,4.771428571428571,0.2357142857142857,0.6357142857142857,1.9142857142857141,0.3,0.8,0.4956526840403259,5.427142857142857,-1.3571428571428572,0.0,0.41428571428571426,2.2666666666666666,0.6666666666666666,0.3333333333333333,0.0,1.0,0.3333333333333333,0.0,0.3333333333333333,0.0,0.0,0.14705882352941177,2.066666666666667,-2.0,0.0,0.6666666666666666,3.72,0.8,1.0,0.8,2.6,0.2,0.2,1.0,0.0,0.0,0.3341540573611484,3.6,-1.8,0.0,0.8,2.14,0.6,0.6,0.4,1.6,0.1,0.1,0.6,0.0,0.0,0.5338257677500224,2.12,-1.0,0.0,0.4,6.654999999999999,2.7,1.4,0.9,5.0,0.25,0.85,2.025,0.25,0.75,0.45211933734515175,5.630000000000001,-2.3,0.0,0.55,6.933333333333334,3.2222222222222223,1.6111111111111112,0.5,5.333333333333333,0.05555555555555555,0.0,2.111111111111111,0.5,1.0,0.4929125816993464,6.072222222222222,2.611111111111111,0.0,0.16666666666666666,,,,,,,,,,,,,,,,6.4242857142857135,2.8142857142857145,1.3142857142857143,0.6428571428571428,4.771428571428571,0.2357142857142857,0.6357142857142857,1.9142857142857141,0.3,0.8,0.4956526840403259,5.427142857142857,-1.3571428571428572,0.0,0.41428571428571426,7.25,1.8333333333333333,1.6666666666666667,0.8333333333333333,4.333333333333333,0.3333333333333333,1.0833333333333333,1.4166666666666667,0.25,0.0,0.34478113784717657,5.0,-0.75,0.0,1.0,5.808333333333333,3.4583333333333335,1.0625,0.5,5.020833333333333,0.16666666666666666,0.3333333333333333,2.2291666666666665,0.3333333333333333,1.3333333333333333,0.6794302608311229,5.65,-1.7291666666666667,0.0,0.0,2.849027740182164,1.594948165026941,1.0202625507753482,4.684177672530821,5.172198510005256,19,-2.4000000000000004,-0.7000000000000002,-0.09999999999999998,-2.1714285714285713,-4.279999999999999,-0.16149862667917753
29.2,43.6,74.5,1.2,19.9,5.9,4.5,4.9,1.71,22,0.0,0.0,0,0.0,-0.13,53.2,2.5,-32.3,0.0,50.0,3.6,13.6,19.7,-2.96,-2.96,50.5,-0.39,180,1,-2.96,50.5,-0.39,180,1,-0.03,50.5,-0.15,-0.45,68.4,55.0,0.25,-0.76,60.1,31.9,-1.94,-0.01,0.0,-0.75,54.2,22.3,0.07,-0.05,-1.4,32.8,0.28,60.6,78.2,0.0,-0.08,0.01,-0.7000000000000001,53.3,25.6,-0.22,58.2,40.3,-2.96,50.5,180,1,-0.12,1.0,-0.19,6.6,120.8,41.8,-9.7,-1.44,,,30.8,-3.2,-0.27,26,8,34.5,55,19,1.3,1.7000000000000002,32.7,77.8,-0.8,,18,14,6.4,19,1643647,28.6,12.7,,180,9.5,Tima Pouye,-15.1,-0.01,14.2,34.4,16.2,-0.24,3.2,105.7,12.7,8.6,6.4,7.1,32,G,1.8,371,3.2,,,,,,,,,,,,,,16.2,12.1,13.3,60,-0.44,61.6,medium,low_sample,78,30.04,-0.1,-0.77,-0.38,-0.057,0.035,,True,True,150,-12,0.261,False,4.8,4.3,3.0,3.6,16,46.7,60.0,27.3,45.1,0.8,2026-27,0.2,21.0,0.4,2.3,0.2,1.1,0.9,4,0.8,TOR,47.3,0.7000000000000001,16.4,3.8,3.1,14,47.7,-8.3,-1.16,18.9,8.9,3.0,0.8,1.1,4.9,0.2,0.7,2.75,1.3,0.9,0.42403911146923956,5.51,-2.25,0.0,0.3,4.066666666666666,3.0,0.6666666666666666,0.3333333333333333,4.0,0.3333333333333333,0.6666666666666666,2.0,0.6666666666666666,1.0,0.8288288288288288,4.633333333333333,-5.0,0.0,0.0,5.300000000000001,2.8,0.4,0.6,3.8,0.2,0.6,1.8,0.8,0.6,0.5716621794208001,4.18,-2.6,0.0,0.0,9.959999999999999,3.6,0.7,1.0,5.3,0.2,0.8,3.4,1.8,0.3,0.4766450734051541,5.739999999999999,-2.2,0.0,0.1,9.428571428571429,3.2857142857142856,0.8571428571428571,1.1428571428571428,5.285714285714286,0.21428571428571427,0.8571428571428571,2.857142857142857,1.3571428571428572,0.8571428571428571,0.43446520722273807,5.814285714285715,-2.357142857142857,0.0,0.35714285714285715,7.666666666666667,2.3333333333333335,0.6666666666666666,1.0,4.0,0.16666666666666666,0.3333333333333333,2.5,1.1666666666666667,1.0,0.3948460433594438,4.8,-2.0,0.0,0.16666666666666666,,,,,,,,,,,,,,,,8.9,3.0,0.8,1.1,4.9,0.2,0.7,2.75,1.3,0.9,0.42403911146923956,5.51,-2.25,0.0,0.3,7.25,2.5,1.1666666666666667,1.0,4.666666666666667,0.0,1.0,1.8333333333333333,0.6666666666666666,1.5,0.4010351160134442,4.3999999999999995,-1.0,0.0,1.0,9.607142857142858,3.2142857142857144,0.6428571428571429,1.1428571428571428,5.0,0.2857142857142857,0.5714285714285714,3.142857142857143,1.5714285714285714,0.6428571428571429,0.4346563401411452,5.985714285714287,-2.7857142857142856,0.0,0.0,3.1288134626740733,0.8335087534664907,1.1652874052533586,4.423620807961684,5.890134481531497,20,-0.40000000000000036,-0.4,-0.6,-1.1000000000000005,-4.199999999999999,0.14762306795156055
50.0,50.0,58.3,0.2,1.2,1.8,1.3,1.5,,1,0.0,0.0,0,0.0,-0.09,12.7,,,,,0.0,1.2,17.3,-0.21,-0.21,30.3,0.38,27,1,-0.21,30.3,0.38,27,1,-0.89,30.3,-0.46,-0.16,19.6,62.2,-0.04,0.0,15.1,71.8,0.0,0.0,0.0,0.0,13.8,59.9,0.19,-0.09,-0.28,71.4,0.0,15.5,66.4,-0.06,-0.04,0.08,-0.04,14.7,54.6,0.0,14.2,59.9,-0.21,30.3,27,1,0.03,0.6000000000000001,0.25,2.4,92.3,62.5,11.0,,0.050715646288279,0.013198558974735,50.0,16.0,,6,3,50.0,12,6,,0.0,41.7,20.0,-58.6,,5,1,1.6,5,1642788,33.3,25.0,2.0,27,5.4,Bree Hall,10.2,-0.12,14.7,32.0,13.3,-6.89,0.4,102.5,16.7,0.0,0.0,0.0,0,,2.4,57,3.2,7.353503112857894,12.61670046235235,2.090305763363439,10.5,0.006896800818592,1.9137219301962962,9.45398597158903,0.0,9.5,0.0,19.0,,baseline,28.1,21.3,23.7,16,-6.65,28.1,low,low_sample,0,0.0,-6.54,-6.76,-6.66,0.017,0.004,,True,True,238,0,0.08600000000000001,False,1.4,10.5,8.0,8.9,6,100.0,50.0,8.3,10.1,1.2,2026-27,0.0,33.4,-8.8,-11.0,0.0,0.0,0.0,0,0.0,IND,50.0,0.0,0.0,0.0,0.0,0,56.3,0.30000000000000004,,22.7,1.9214285714285713,1.1428571428571428,0.42857142857142855,0.07142857142857142,1.6428571428571428,0.0,0.0,0.8571428571428571,0.42857142857142855,0.35714285714285715,0.5033554097677808,1.7642857142857142,0.35714285714285715,0.0,0.6428571428571429,4.5,2.6666666666666665,1.6666666666666667,0.3333333333333333,4.666666666666667,0.0,0.0,2.0,1.3333333333333333,1.0,0.5422222222222223,5.166666666666667,4.666666666666667,0.0,0.3333333333333333,3.02,1.6,1.0,0.2,2.8,0.0,0.0,1.2,0.8,1.0,0.5461111111111111,3.1,2.2,0.0,0.6,1.72,1.1,0.5,0.1,1.7,0.0,0.0,0.7,0.5,0.5,0.5003282828282828,1.85,0.9,0.0,0.6,2.26,1.0,0.2,0.0,1.2,0.0,0.0,1.0,0.2,0.4,0.5327319587628866,1.24,-1.4,0.0,0.8,1.7333333333333334,1.2222222222222223,0.5555555555555556,0.1111111111111111,1.8888888888888888,0.0,0.0,0.7777777777777778,0.5555555555555556,0.3333333333333333,0.4837710437710438,2.0555555555555554,1.3333333333333333,0.0,0.5555555555555556,,,,,,,,,,,,,,,,1.9214285714285713,1.1428571428571428,0.42857142857142855,0.07142857142857142,1.6428571428571428,0.0,0.0,0.8571428571428571,0.42857142857142855,0.35714285714285715,0.5033554097677808,1.7642857142857142,0.35714285714285715,0.0,0.6428571428571429,1.3777777777777775,0.8888888888888888,0.1111111111111111,0.0,1.0,0.0,0.0,0.6666666666666666,0.2222222222222222,0.2222222222222222,0.6581849422055607,1.0222222222222221,-0.6666666666666666,0.0,1.0,2.9,1.6,1.0,0.2,2.8,0.0,0.0,1.2,0.8,0.6,0.27111111111111114,3.1,2.2,0.0,0.0,2.476260917566671,1.3424596091494905,0.2672612419124244,3.95371573736253,4.200948349238185,14,-1.6,-0.19999999999999996,0.0,1.157142857142857,-2.3800000000000003,0.04275570134333029
38.2,66.7,91.2,1.0,13.3,4.1,3.2,3.6,1.67,41,0.1,0.1,1,0.0,-0.14,68.1,1.0,-15.4,0.0,20.0,9.8,11.2,13.6,-6.04,-6.04,80.9,-0.6900000000000001,457,1,-6.04,80.9,-0.6900000000000001,457,1,1.1400000000000001,80.9,0.11,-2.3,100.0,12.2,0.03,-1.74,100.0,4.6,-3.8,0.2,0.0,-1.24,91.7,5.0,-0.09,-0.19,-2.33,9.7,-0.12,99.1,48.7,-0.30000000000000004,-0.28,-0.14,0.13,80.0,60.9,0.91,100.0,90.3,-6.04,80.9,457,1,-0.1,2.3,-0.28,6.4,108.8,51.0,-0.5,0.06,5.981291373358496,1.5214616542317039,35.9,1.9,0.45,78,28,37.3,102,38,2.3,0.8,22.5,87.0,8.4,0.88,23,20,5.0,40,1643462,,0.0,-4.9,457,11.4,Chance Gray,-14.2,-0.05,17.2,41.1,13.5,-1.44,1.8,94.6,8.8,3.1,2.44,2.7,31,,5.1,990,3.1,6.471992223090152,11.735189572584607,1.208794873595696,10.5,0.9241808653630671,1.646281275942663,7.6380604449239335,0.0,7.6,0.021851602528230003,62.7,,baseline,12.5,9.8,10.9,124,-1.85,52.7,medium,,102,36.53,-0.78,-2.93,-2.02,0.165,0.27,,True,True,224,-4,0.838,False,4.1,4.3,3.5,3.8,43,60.0,37.2,14.7,40.7,1.1,2026-27,0.30000000000000004,15.8,1.3,7.4,0.1,0.6000000000000001,0.5,6,0.55,LAS,76.5,0.6000000000000001,11.0,2.5,2.2,25,55.3,-0.7000000000000001,0.09,12.9,10.434090909090909,2.8181818181818183,0.9772727272727273,0.9318181818181818,4.7272727272727275,0.1590909090909091,0.5681818181818182,2.3181818181818183,1.7727272727272727,0.5227272727272727,0.3012980959680747,5.297727272727272,-3.8863636363636362,0.022727272727272728,0.36363636363636365,14.033333333333333,5.0,0.6666666666666666,1.3333333333333333,7.0,0.3333333333333333,1.0,3.3333333333333335,3.0,1.0,0.3483301871700528,7.8,-1.6666666666666667,0.0,0.3333333333333333,11.82,4.2,0.4,1.0,5.6,0.4,0.6,2.6,2.4,0.6,0.30536528743636315,6.779999999999999,-3.6,0.0,0.4,13.6,3.8,0.6,1.2,5.6,0.3,0.5,2.8,2.1,0.5,0.2679725984492174,6.720000000000001,-3.2,0.1,0.4,11.068181818181818,2.8181818181818183,0.9545454545454546,0.5454545454545454,4.318181818181818,0.13636363636363635,0.6363636363636364,2.409090909090909,1.8636363636363635,0.5909090909090909,0.3101085797083948,4.554545454545456,-4.863636363636363,0.0,0.36363636363636365,9.799999999999999,2.8181818181818183,1.0,1.3181818181818181,5.136363636363637,0.18181818181818182,0.5,2.227272727272727,1.6818181818181819,0.45454545454545453,0.29248761222775477,6.040909090909093,-2.909090909090909,0.045454545454545456,0.36363636363636365,20.1,4.0,2.0,3.0,9.0,1.0,0.0,6.0,3.0,0.0,0.29850746268656714,13.9,6.0,1.0,0.0,10.209302325581394,2.7906976744186047,0.9534883720930233,0.8837209302325582,4.627906976744186,0.13953488372093023,0.5813953488372093,2.2325581395348837,1.744186046511628,0.5348837209302325,0.3013696506676005,5.097674418604651,-4.116279069767442,0.0,0.37209302325581395,8.775,2.5625,0.8125,0.75,4.125,0.25,0.625,1.8125,1.5,0.6875,0.32441594669138,4.7875000000000005,-0.625,0.0,1.0,11.382142857142854,2.9642857142857144,1.0714285714285714,1.0357142857142858,5.071428571428571,0.10714285714285714,0.5357142857142857,2.607142857142857,1.9285714285714286,0.42857142857142855,0.29016727895315003,5.589285714285714,-5.75,0.03571428571428571,0.0,2.943441485765744,1.067242401001157,1.1693314980021163,3.8238154351419213,5.552076635664131,44,1.1,-0.7000000000000001,0.0,0.8727272727272721,0.41999999999999993,0.004067191468288434
39.1,50.0,67.4,1.1,10.8,6.5,5.0,5.3,1.57,17,0.4,0.30000000000000004,1,0.1,0.02,18.4,3.4,16.7,0.0,66.7,6.5,11.6,16.7,-0.42,-0.42,42.3,-0.04,128,1,-0.42,42.3,-0.04,128,1,0.07,42.3,-0.11,0.1,58.8,67.2,0.16,-0.19,48.7,57.1,-0.48,0.27,0.0,-0.29,44.1,37.4,-0.38,0.09,-0.01,68.9,0.16,49.9,75.6,-0.03,-0.01,0.04,-0.46,45.1,33.2,0.23,50.7,75.6,-0.42,42.3,128,1,0.04,3.1,0.15,2.3,94.6,48.9,-2.6,,0.0,0.0,42.3,8.3,1.35,26,11,37.0,46,17,3.3,0.8,13.0,83.3,4.7,,6,5,1.7000000000000002,16,1642794,28.6,15.2,-8.0,128,8.0,Juste Jocyte,7.4,-0.02,11.5,27.6,7.3,-0.24,0.6000000000000001,102.0,17.4,4.6,3.38,3.8,12,,1.2,260,3.1,0.0,5.263197349494455,0.0,5.3,0.127955058832254,0.0,5.981560458808764,0.0,6.0,0.017028085212293,30.7,,baseline,19.2,14.0,15.6,50,-0.08,55.7,medium,low_sample,26,9.55,0.19,-0.35000000000000003,-0.02,-0.061,0.022,,True,True,99,-3,0.209,False,1.4,4.6,3.6,3.8,12,40.0,23.9,10.9,20.7,0.8,2026-27,0.4,17.6,-5.3,-5.2,0.2,1.2,0.9,3,1.13,GSV,56.5,0.7000000000000001,6.8,4.2,3.4,11,51.4,-4.6,,20.9,3.312820512820513,1.2820512820512822,0.3076923076923077,0.4358974358974359,2.0256410256410255,0.10256410256410256,0.28205128205128205,1.1794871794871795,0.6666666666666666,0.15384615384615385,0.46185664510583463,2.330769230769231,0.20512820512820512,0.0,0.717948717948718,4.466666666666667,3.6666666666666665,1.0,1.0,5.666666666666667,0.3333333333333333,0.3333333333333333,2.3333333333333335,1.0,0.0,0.5970149253731343,7.033333333333334,0.3333333333333333,0.0,0.6666666666666666,10.379999999999999,4.4,1.4,1.2,7.0,0.6,0.6,3.8,2.4,0.0,0.4436891101500722,9.08,-0.2,0.0,0.8,6.839999999999999,2.4,0.7,1.0,4.1,0.3,0.4,2.0,1.2,0.0,0.24548521701357037,5.24,-0.4,0.0,0.7,4.031578947368422,2.263157894736842,0.42105263157894735,0.5789473684210527,3.263157894736842,0.21052631578947367,0.42105263157894735,1.5789473684210527,1.0,0.21052631578947367,0.5151328132735564,3.8473684210526313,1.1578947368421053,0.0,0.7894736842105263,2.63,0.35,0.2,0.3,0.85,0.0,0.15,0.8,0.35,0.1,0.3933587146044783,0.89,-0.7,0.0,0.65,,,,,,,,,,,,,,,,3.312820512820513,1.2820512820512822,0.3076923076923077,0.4358974358974359,2.0256410256410255,0.10256410256410256,0.28205128205128205,1.1794871794871795,0.6666666666666666,0.15384615384615385,0.46185664510583463,2.330769230769231,0.20512820512820512,0.0,0.717948717948718,3.9642857142857144,1.5,0.32142857142857145,0.5357142857142857,2.357142857142857,0.14285714285714285,0.39285714285714285,1.2857142857142858,0.75,0.07142857142857142,0.4196708999500403,2.725,-0.25,0.0,1.0,1.6545454545454545,0.7272727272727273,0.2727272727272727,0.18181818181818182,1.1818181818181819,0.0,0.0,0.9090909090909091,0.45454545454545453,0.36363636363636365,0.6446615407809437,1.3272727272727274,1.3636363636363635,0.0,0.0,2.7236654670220264,0.7661883152417267,0.8520832611550475,4.081325761686935,5.8033646994961146,39,1.3000000000000003,0.5999999999999999,0.09999999999999987,4.9743589743589745,2.379999999999999,-0.018167534955762454
21.2,26.4,62.4,1.2,10.5,5.3,3.9,4.4,1.71,47,0.7000000000000001,0.6000000000000001,6,0.2,0.02,68.0,1.7000000000000002,-123.6,9.9,28.6,11.2,8.9,19.3,-4.39,-4.39,82.1,-0.73,429,1,-4.39,82.1,-0.73,429,1,0.98,82.1,0.7000000000000001,-0.88,100.0,42.4,0.37,-0.39,100.0,47.5,-0.9500000000000001,0.36,0.0,-0.49,100.0,33.6,-0.1,-0.06,-3.48,22.7,0.03,100.0,71.8,0.19,-0.19,0.05,-1.02,80.0,16.0,-0.9500000000000001,100.0,18.1,-4.39,82.1,429,1,0.03,6.9,0.14,7.8,105.3,45.2,-6.3,-0.88,0.0,0.0,23.4,-10.6,-1.32,47,11,40.8,125,51,4.6,1.2,10.4,69.2,-9.4,,13,9,7.8,39,1643433,33.3,7.2,-11.0,429,11.0,Raven Johnson,0.4,-0.01,12.6,35.7,10.7,-0.38,4.0,105.7,30.4,5.4,4.03,4.5,48,,7.5,892,3.1,0.0,5.263197349494455,0.0,5.3,0.259804915524787,0.0,5.981611422968527,0.0,6.0,0.0,36.3,,baseline,13.7,10.1,11.4,122,-0.17,61.8,medium,,65,23.99,0.36,-0.6900000000000001,-0.21,0.04,0.08,,True,True,112,-6,0.40700000000000003,False,5.8,7.5,5.6,6.2,67,67.7,35.2,24.8,25.0,1.7000000000000002,2026-27,0.4,41.2,-1.3,-2.4,0.4,1.8,1.5,16,1.85,IND,37.6,0.7000000000000001,10.5,3.1,2.6,28,46.7,-9.3,-1.32,16.4,9.649999999999999,2.772727272727273,1.5227272727272727,1.0681818181818181,5.363636363636363,0.5,0.6363636363636364,2.840909090909091,1.0681818181818181,0.29545454545454547,0.4339752690782176,7.0659090909090905,-0.09090909090909091,0.1590909090909091,0.6363636363636364,18.833333333333332,4.666666666666667,2.6666666666666665,1.6666666666666667,9.0,2.6666666666666665,0.0,5.0,0.6666666666666666,0.3333333333333333,0.24392578092322106,18.366666666666667,6.333333333333333,0.6666666666666666,0.3333333333333333,13.060000000000002,3.4,1.6,1.0,6.0,1.8,0.2,3.2,0.4,0.6,0.32357769077615484,12.02,3.2,0.4,0.6,7.590000000000001,1.7,0.8,0.6,3.1,0.9,0.1,1.9,0.4,0.3,0.30288017911834964,6.16,0.5,0.2,0.6,10.277272727272727,2.4545454545454546,1.5,1.1363636363636365,5.090909090909091,0.6363636363636364,0.7272727272727273,2.5454545454545454,1.0454545454545454,0.18181818181818182,0.4813602782640496,7.140909090909091,0.8636363636363636,0.13636363636363635,0.6818181818181818,9.022727272727272,3.090909090909091,1.5454545454545454,1.0,5.636363636363637,0.36363636363636365,0.5454545454545454,3.1363636363636362,1.0909090909090908,0.4090909090909091,0.3840963120404996,6.990909090909091,-1.0454545454545454,0.18181818181818182,0.5909090909090909,22.900000000000002,6.714285714285714,4.285714285714286,2.0,13.0,1.5714285714285714,1.1428571428571428,7.571428571428571,2.857142857142857,0.42857142857142855,0.39302621301727875,18.428571428571427,2.142857142857143,1.0,0.5714285714285714,7.143243243243243,2.027027027027027,1.0,0.8918918918918919,3.918918918918919,0.2972972972972973,0.5405405405405406,1.945945945945946,0.7297297297297297,0.2702702702702703,0.44293287509154794,4.916216216216216,-0.5135135135135135,0.0,0.6486486486486487,8.978571428571428,2.3214285714285716,1.2857142857142858,0.8571428571428571,4.464285714285714,0.35714285714285715,0.6428571428571429,2.4642857142857144,1.0714285714285714,0.14285714285714285,0.4011561095432569,5.578571428571428,1.0714285714285714,0.14285714285714285,1.0,10.825,3.5625,1.9375,1.4375,6.9375,0.75,0.625,3.5,1.0625,0.5625,0.49961358814813867,9.66875,-2.125,0.1875,0.0,3.381644270233297,1.898452691421222,1.5461539270633313,5.791296232342113,8.472952863822513,44,0.2999999999999998,-0.10000000000000009,-0.19999999999999996,0.6363636363636367,2.0600000000000023,-0.11039757830206276
33.3,17.1,65.7,0.4,3.8,3.0,2.5,2.6,0.67,7,0.4,0.4,1,0.1,-0.33,17.1,,,,50.0,11.4,-2.2,18.9,-0.52,-0.52,39.1,0.02,108,1,-0.52,39.1,0.02,108,1,0.01,39.1,-0.63,-0.01,55.1,66.0,-0.89,-0.27,45.2,52.5,-0.33,0.33,0.0,-0.09,43.3,47.1,-0.22,-0.1,-0.27,67.6,-0.43,46.4,32.8,-0.03,-0.17,-0.15,0.37,42.0,72.3,-0.18,41.8,43.3,-0.52,39.1,108,1,-0.19,1.7000000000000002,-0.13,4.7,113.6,51.4,-0.1,,0.13002639332059002,0.058272817822363,40.0,6.0,,10,4,45.7,35,16,1.8,0.6000000000000001,85.7,76.7,-1.9,-0.18,30,23,3.9,19,1643444,0.0,2.9,-5.3,108,5.7,Ta'Niya Latson,-17.4,-0.14,13.0,42.0,9.0,-0.6000000000000001,1.6,96.2,31.4,4.8,3.67,4.1,11,,2.4,230,3.1,0.379085937703936,5.642283287198392,0.0,5.6,0.342999780229621,0.16989170600445502,6.198091597319362,0.0,6.2,0.0,39.6,,baseline,25.7,19.6,21.9,59,-0.74,51.1,medium,low_sample,29,11.32,-0.42,-1.06,-0.71,-0.03,0.032,,True,True,179,-15,0.25,False,3.1,6.5,5.1,5.6,15,69.2,122.8,37.1,21.2,0.8,2026-27,0.4,31.2,3.0,2.7,0.1,0.4,0.4,1,0.67,LVA,28.6,0.6000000000000001,10.9,5.2,4.4,12,61.2,5.2,,25.1,3.7430555555555554,2.208333333333333,0.48611111111111116,0.25,2.9444444444444446,0.08333333333333333,0.4027777777777778,1.3055555555555556,0.3611111111111111,1.0416666666666667,0.5959986956353904,3.013888888888889,-1.8333333333333335,0.041666666666666664,0.6388888888888888,2.1333333333333333,3.6666666666666665,0.0,0.0,3.6666666666666665,0.0,0.3333333333333333,1.3333333333333333,0.3333333333333333,1.0,1.016470588235294,3.3333333333333335,0.3333333333333333,0.0,1.0,2.82,2.4,0.0,0.0,2.4,0.0,0.4,1.4,0.4,1.0,0.8674189675870347,2.0,-2.4,0.0,0.8,5.29,3.9,0.5,0.4,4.8,0.2,0.4,2.2,0.6,1.5,0.7064320268811595,5.3,-3.3,0.1,0.8,3.4896825396825393,1.8412698412698414,0.40476190476190477,0.30952380952380953,2.5555555555555554,0.07142857142857142,0.42063492063492064,1.2777777777777777,0.45238095238095233,0.8253968253968255,0.6387619476507862,2.5849206349206346,-1.0158730158730158,0.0,0.5952380952380952,4.1466666666666665,2.7444444444444445,0.6222222222222222,0.2,3.5666666666666664,0.1,0.4111111111111111,1.3333333333333333,0.25555555555555554,1.422222222222222,0.5459000196569856,3.68,-2.988888888888889,0.1,0.6777777777777778,24.0,20.0,4.0,2.0,26.0,1.0,2.0,9.0,2.0,8.0,0.605,28.8,-24.0,1.0,0.0,2.866161616161616,1.4545454545454546,0.32323232323232326,0.17424242424242425,1.952020202020202,0.045454545454545456,0.3308080808080808,0.9873737373737373,0.29292929292929293,0.7348484848484849,0.6032194563880474,1.9093434343434343,-0.8712121212121212,0.0,0.6767676767676767,1.8050000000000002,1.2375,0.05,0.1,1.3875,0.05,0.2125,0.7125,0.15,0.6,0.5997193376800665,1.385,-0.775,0.0,1.0,9.385,5.75,1.5,0.65,7.9,0.25,0.8,3.25,0.95,2.55,0.49573435612197625,8.475,-8.0,0.25,0.0,3.9695681458274295,1.0085838484282528,0.6260623155792925,5.2335126991738345,4.9431771159852245,30,-0.7000000000000002,-0.8,-0.4,-0.5444444444444447,-2.8800000000000003,0.2714202719516443
40.4,51.1,82.6,1.1,9.1,4.4,3.4,3.7,2.2,42,0.0,0.0,0,0.0,0.02,69.7,2.4,54.6,38.5,46.7,16.3,6.9,9.9,-4.84,-4.84,80.5,-0.74,459,1,-4.84,80.5,-0.74,459,1,1.09,80.5,0.62,-2.96,100.0,2.5,0.68,-0.98,100.0,25.6,-2.58,0.38,0.0,-1.19,87.2,8.8,-0.13,-0.1,-2.34,19.7,0.19,100.0,76.5,0.16,-0.37,-0.28,0.85,80.0,86.6,0.52,100.0,84.0,-4.84,80.5,459,1,0.06,4.2,0.30000000000000004,4.7,96.6,59.8,8.3,1.49,0.0,0.0,41.9,7.9,1.29,62,26,45.7,92,42,3.9,1.1,7.6,100.0,21.4,,7,7,3.9,39,1643489,42.9,7.6,-11.8,459,11.8,Antonia Delaere,10.6,-0.04,14.3,27.6,9.3,-0.8300000000000001,1.6,107.2,9.8,4.3,3.22,3.6,41,,4.0,949,3.0,0.0,5.263197349494455,0.0,5.3,0.655750869512158,0.0,5.98153752295209,0.0,6.0,0.0,54.1,,baseline,12.3,9.2,10.2,117,-0.32,58.4,medium,,61,25.35,0.38,-1.03,-0.09,-0.233,0.136,,True,True,130,-7,0.547,False,3.1,3.4,2.4,2.8,32,57.1,22.8,15.2,36.2,0.8,2026-27,0.30000000000000004,9.5,-0.1,3.8,0.4,1.7000000000000002,1.4,16,1.25,MIN,67.4,0.5,13.7,2.0,1.7000000000000002,19,61.5,5.5,1.11,10.8,10.651162790697674,2.7209302325581395,0.7441860465116279,0.9767441860465116,4.441860465116279,0.37209302325581395,0.4418604651162791,2.1627906976744184,1.4651162790697674,0.16279069767441862,0.24114074303580457,5.753488372093023,1.8604651162790697,0.09302325581395349,0.7674418604651163,11.666666666666666,3.3333333333333335,1.6666666666666667,0.6666666666666666,5.666666666666667,0.0,1.6666666666666667,2.6666666666666665,1.6666666666666667,0.3333333333333333,0.3962988573874675,4.666666666666667,-3.0,0.0,0.6666666666666666,8.459999999999999,2.0,1.2,0.6,3.8,0.0,1.0,2.0,1.2,0.2,0.35552343917155366,3.34,-1.4,0.0,0.4,5.9,1.2,0.7,0.3,2.2,0.1,0.5,1.5,1.0,0.1,0.28276687954449714,2.29,-0.3,0.0,0.7,11.340909090909092,2.3181818181818183,0.9090909090909091,1.0454545454545454,4.2727272727272725,0.5,0.2727272727272727,2.090909090909091,1.5909090909090908,0.13636363636363635,0.21413607627484127,6.204545454545454,2.1363636363636362,0.09090909090909091,0.6818181818181818,9.928571428571429,3.142857142857143,0.5714285714285714,0.9047619047619048,4.619047619047619,0.23809523809523808,0.6190476190476191,2.238095238095238,1.3333333333333333,0.19047619047619047,0.27264618759026193,5.280952380952381,1.5714285714285714,0.09523809523809523,0.8571428571428571,25.075000000000003,9.25,1.25,3.25,13.75,1.5,0.75,5.75,4.0,0.5,0.27316290573133967,19.375,13.75,1.0,0.75,9.171794871794873,2.051282051282051,0.6923076923076923,0.7435897435897436,3.4871794871794872,0.2564102564102564,0.41025641025641024,1.794871794871795,1.205128205128205,0.1282051282051282,0.23748106729917207,4.356410256410256,0.6410256410256411,0.0,0.7692307692307693,10.612121212121211,2.727272727272727,0.7575757575757576,1.0303030303030303,4.515151515151516,0.3939393939393939,0.3939393939393939,2.1515151515151514,1.393939393939394,0.18181818181818182,0.24178832643257228,5.969696969696969,2.5454545454545454,0.09090909090909091,1.0,10.780000000000001,2.7,0.7,0.8,4.2,0.3,0.6,2.2,1.7,0.1,0.23898213171324567,5.04,-0.4,0.1,0.0,3.692499356129478,1.0931175002370395,1.535118610168876,5.048820350581648,7.005384734787378,43,-1.0,0.3999999999999999,-0.5000000000000001,-0.6418604651162791,-3.3400000000000016,0.11438269613574908
0.0,5.3,52.6,0.4,6.5,2.3,1.6,1.9,0.5700000000000001,3,0.0,0.0,0,0.0,-0.24,14.7,1.2,0.0,0.0,0.0,5.3,-9.1,12.9,-1.6099999999999999,-1.6099999999999999,32.6,-0.19,63,1,-1.6099999999999999,32.6,-0.19,63,1,-0.51,32.6,-1.22,-0.8,32.1,44.5,-0.43,-0.1,26.6,60.9,-0.31,-0.29,0.0,-0.03,24.6,52.1,-0.49,-0.27,-1.72,50.2,-0.14,27.0,47.1,-0.26,-0.26,-0.36,-0.23,24.5,44.1,-0.11,22.8,47.9,-1.6099999999999999,32.6,63,1,-0.25,0.0,-0.05,9.7,113.1,47.4,-4.1,,,,0.0,-34.0,,2,0,47.4,19,9,0.0,1.0,21.1,75.0,-3.6,,4,3,7.0,7,1631263,33.3,15.8,,63,9.0,Nikolina Milic,-9.4,0.01,14.9,42.3,13.7,0.75,2.6,103.7,31.6,5.3,4.0,4.4,7,C,5.7,133,3.0,,,,,,,,,,,,,,15.8,12.0,13.3,21,0.71,38.7,low,low_sample,3,1.3,0.84,0.5700000000000001,0.72,-0.015,0.006,,True,True,53,13,0.108,False,5.7,6.8,5.2,5.7,9,87.5,63.2,42.1,30.3,1.3,2026-27,0.6000000000000001,11.1,0.7000000000000001,-2.9,0.0,0.0,0.0,0,0.0,TOR,10.5,0.7000000000000001,22.3,3.8,3.2,5,50.6,-5.4,,18.6,7.8875,2.625,1.125,0.375,4.125,0.0,0.625,2.375,0.25,0.5,0.41244498357177006,3.9125,-1.75,0.0,0.5,5.3,2.0,1.0,0.3333333333333333,3.3333333333333335,0.0,0.0,2.0,0.0,0.6666666666666666,0.4366518706404565,3.6999999999999997,3.3333333333333335,0.0,0.6666666666666666,7.5,3.0,1.2,0.4,4.6,0.0,0.2,2.8,0.4,0.8,0.45404224737696586,4.84,0.0,0.0,0.4,7.8875,2.625,1.125,0.375,4.125,0.0,0.625,2.375,0.25,0.5,0.41244498357177006,3.9125,-1.75,0.0,0.5,5.866666666666667,1.0,1.0,0.3333333333333333,2.3333333333333335,0.0,0.6666666666666666,1.0,0.3333333333333333,0.6666666666666666,0.3576765676567657,2.033333333333333,1.3333333333333333,0.0,0.6666666666666666,9.100000000000001,3.6,1.2,0.4,5.2,0.0,0.6,3.2,0.2,0.4,0.4343523499377717,5.04,-3.6,0.0,0.4,,,,,,,,,,,,,,,,7.8875,2.625,1.125,0.375,4.125,0.0,0.625,2.375,0.25,0.5,0.41244498357177006,3.9125,-1.75,0.0,0.5,7.2,2.0,1.5,0.25,3.75,0.0,0.5,1.75,0.0,0.5,0.34192566151888587,3.6750000000000003,0.75,0.0,1.0,8.575,3.25,0.75,0.5,4.5,0.0,0.75,3.0,0.5,0.5,0.4653344751114331,4.15,-4.25,0.0,0.0,2.669269563007828,1.1259916264596033,0.5175491695067657,3.2705394924123103,4.143648323467066,8,0.0,-0.10000000000000009,0.0,0.47499999999999964,-1.5,0.041597263805195794
20.0,50.0,60.0,0.0,0.0,0.0,0.0,0.0,0.0,0,1.1,1.0,1,0.30000000000000004,-0.08,13.4,,,,0.0,10.0,-14.6,15.0,-5.19,-6.76,34.8,-5.5,622,2,-5.19,32.7,-3.93,622,2,-0.6000000000000001,32.7,-1.8,-0.26,18.9,59.7,-0.5,0.0,15.0,71.8,-0.31,-0.71,3.89,0.01,15.8,65.1,-0.29,-0.47000000000000003,-1.38,17.6,-0.04,16.1,54.6,-0.63,-0.4,-0.61,-0.76,14.5,24.4,0.01,17.7,65.5,-5.19,32.7,622,2,-0.33,0.8,0.06,6.1,98.3,30.0,-21.5,,,,16.7,-17.3,,12,2,25.0,20,5,1.2,2.0,0.0,0.0,,,0,0,8.1,4,1629490,28.6,35.0,,39,9.8,Kitija Laksa,-9.6,0.25,16.6,33.2,8.3,-0.58,5.1,88.7,5.0,9.2,7.38,8.2,8,,0.6000000000000001,87,3.0,,,,,,,,,,,,,,13.8,11.0,12.3,12,-0.48,31.7,low,low_sample,18,6.94,0.8200000000000001,-1.79,-0.5,0.016,0.352,,True,True,156,-31,1.016,False,5.5,8.0,6.6,7.2,7,,0.0,0.0,26.4,1.8,2026-27,2.3,20.0,-10.8,-12.5,0.0,0.0,0.0,0,0.92,DAL,60.0,1.0,18.2,4.6,4.1,4,30.0,-26.0,,24.4,9.899999999999999,3.0,1.75,0.0,4.75,0.25,1.0,5.0,3.0,0.0,0.6089093701996928,4.8500000000000005,-3.5,0.0,0.75,8.200000000000001,0.6666666666666666,1.0,0.0,1.6666666666666667,0.0,1.0,4.0,2.6666666666666665,0.0,0.6118791602662571,0.8666666666666668,-6.333333333333333,0.0,0.6666666666666666,9.899999999999999,3.0,1.75,0.0,4.75,0.25,1.0,5.0,3.0,0.0,0.6089093701996928,4.8500000000000005,-3.5,0.0,0.75,9.899999999999999,3.0,1.75,0.0,4.75,0.25,1.0,5.0,3.0,0.0,0.6089093701996928,4.8500000000000005,-3.5,0.0,0.75,12.15,6.0,3.0,0.0,9.0,0.5,1.0,6.5,3.5,0.0,0.6225806451612903,10.100000000000001,1.0,0.0,1.0,7.65,0.0,0.5,0.0,0.5,0.0,1.0,3.5,2.5,0.0,0.5952380952380952,-0.4,-8.0,0.0,0.5,,,,,,,,,,,,,,,,9.899999999999999,3.0,1.75,0.0,4.75,0.25,1.0,5.0,3.0,0.0,0.6089093701996928,4.8500000000000005,-3.5,0.0,0.75,10.200000000000001,4.0,2.0,0.0,6.0,0.3333333333333333,1.0,5.333333333333333,3.3333333333333335,0.0,0.6266939750810718,6.400000000000001,-4.333333333333333,0.0,1.0,9.0,0.0,1.0,0.0,1.0,0.0,1.0,4.0,2.0,0.0,0.5555555555555556,0.19999999999999996,-1.0,0.0,0.0,4.760952285695233,1.707825127659933,0.0,6.3966136874651625,3.6578682316343767,4,0.0,-0.050000000000000044,0.0,0.0,0.09999999999999787,0.0
10.0,66.7,93.3,0.8,4.1,2.5,2.0,2.1,1.6,3,0.8,0.7000000000000001,1,0.30000000000000004,-0.06,14.4,4.0,0.0,0.0,100.0,6.7,8.7,12.6,-1.82,-1.82,31.3,-0.12,58,1,-1.82,31.3,-0.12,58,1,-0.56,31.3,-1.05,-1.01,22.4,39.9,0.04,-0.07,19.8,62.2,-0.29,-0.31,0.0,-0.04,18.6,51.3,-0.14,-0.23,-2.07,47.1,-0.04,19.9,55.9,-0.36,-0.11,-0.19,-0.47000000000000003,17.4,32.4,0.02,20.7,67.6,-1.82,31.3,58,1,-0.03,0.30000000000000004,-0.02,1.8,101.4,33.3,-18.2,,,,18.2,-15.8,,11,2,26.7,15,4,1.4,1.8,20.0,66.7,-11.9,,3,2,3.6,4,1642775,,0.0,,58,14.5,Alex Wilson,-14.3,-0.04,18.0,21.1,14.3,-0.34,2.5,87.1,6.7,5.8,4.34,4.8,7,,-1.3,120,3.0,,,,,,,,,,,,,,10.0,7.4,8.3,12,-0.36,37.3,low,low_sample,35,14.41,-0.30000000000000004,-0.42,-0.34,-0.017,0.001,,True,True,138,-11,0.046,False,2.4,5.8,4.5,4.8,7,66.7,40.0,20.0,32.5,1.8,2026-27,0.5,25.0,2.9,9.5,0.0,0.0,0.0,0,0.62,WAS,73.3,0.5,2.2,1.7000000000000002,1.4,2,36.8,-19.2,,13.6,8.285714285714286,1.7142857142857142,1.0,0.42857142857142855,3.142857142857143,0.14285714285714285,0.2857142857142857,2.142857142857143,1.5714285714285714,0.42857142857142855,0.2846220448164828,3.7,-2.857142857142857,0.14285714285714285,0.42857142857142855,0.0,0.0,0.0,0.0,0.0,0.0,0.0,0.0,0.0,0.0,,0.0,0.0,0.0,0.3333333333333333,3.4,1.0,0.2,0.0,1.2,0.2,0.0,0.6,0.6,0.6,0.25094235033259427,1.8399999999999999,-3.2,0.0,0.4,8.285714285714286,1.7142857142857142,1.0,0.42857142857142855,3.142857142857143,0.14285714285714285,0.2857142857142857,2.142857142857143,1.5714285714285714,0.42857142857142855,0.2846220448164828,3.7,-2.857142857142857,0.14285714285714285,0.42857142857142855,11.9,2.5,2.0,1.0,5.5,0.0,1.0,4.5,3.0,0.0,0.4621848739495798,5.4,0.0,0.5,0.0,6.840000000000001,1.4,0.6,0.2,2.2,0.2,0.0,1.2,1.0,0.6,0.22543443510545044,3.0200000000000005,-4.0,0.0,0.6,23.8,5.0,4.0,2.0,11.0,0.0,2.0,9.0,6.0,0.0,0.4621848739495798,10.8,0.0,1.0,0.0,5.7,1.1666666666666667,0.5,0.16666666666666666,1.8333333333333333,0.16666666666666666,0.0,1.0,0.8333333333333334,0.5,0.22543443510545044,2.516666666666667,-3.3333333333333335,0.0,0.5,8.666666666666666,1.6666666666666667,1.0,0.3333333333333333,3.0,0.3333333333333333,0.0,2.0,1.6666666666666667,0.0,0.25766384778012685,4.366666666666667,-3.6666666666666665,0.0,1.0,8.0,1.75,1.0,0.5,3.25,0.0,0.5,2.25,1.5,0.75,0.3115802418528387,3.2,-2.25,0.25,0.0,1.889822365046136,1.5275252316519465,0.7867957924694432,4.0178174601214955,9.366505675620369,7,-2.0,-1.6,-0.8,-1.9428571428571428,-11.1,-0.03367969448388852
31.6,32.8,65.5,0.6000000000000001,4.9,2.9,2.0,2.4,1.0,12,3.3,2.8,14,0.7000000000000001,0.17,51.8,,,,14.3,12.1,4.7,11.5,-2.16,-2.16,55.0,0.08,201,1,-2.16,55.0,0.08,201,1,-0.14,55.0,-0.6900000000000001,-1.43,72.3,27.3,-0.17,1.08,64.6,97.5,2.25,-0.05,0.0,0.65,65.2,80.3,-0.26,-0.07,-4.65,43.3,-0.64,64.9,25.6,-0.09,-0.23,-0.4,-1.3,56.6,8.8,-0.13,63.6,45.0,-2.16,55.0,201,1,0.16,15.5,0.23,6.1,105.5,38.8,-12.7,-1.9300000000000002,0.752059804515364,0.180846796170982,26.9,-7.1,-0.8300000000000001,26,7,32.8,58,19,8.0,1.6,29.3,70.6,-8.0,,17,12,6.1,19,1642768,20.0,17.2,-6.6,201,10.6,Kyara Linskens,-12.5,0.01,13.6,33.0,9.0,-3.48,3.0,93.0,17.2,7.2,5.37,6.0,30,C,9.3,419,3.0,4.036512973224883,9.299710322719339,0.0,9.3,0.186314229510458,0.970654773101112,6.97658559509696,0.0,7.0,0.041650775755311,31.1,,baseline,13.6,10.2,11.3,57,-3.22,70.1,medium,,3,1.12,-2.62,-3.8200000000000003,-3.17,-0.052000000000000005,0.10300000000000001,,True,True,235,-6,0.468,False,4.6,10.7,8.2,9.0,45,50.0,50.0,20.7,26.4,2.4,2026-27,0.4,10.5,-2.6,-3.0,0.5,2.4,2.0,10,4.3,PHX,44.8,0.6000000000000001,5.2,2.6,2.2,11,43.5,-12.5,-1.85,17.1,4.814285714285715,1.3571428571428572,1.0714285714285714,0.2857142857142857,2.7142857142857144,0.5714285714285714,0.2619047619047619,1.380952380952381,0.6190476190476191,0.40476190476190477,0.4037308820787098,4.523809523809524,-1.2857142857142858,0.0,0.35714285714285715,0.0,0.0,0.0,0.0,0.0,0.0,0.0,0.0,0.0,0.0,,0.0,0.0,0.0,0.3333333333333333,3.04,0.4,0.2,0.0,0.6,0.0,0.2,0.6,0.4,0.0,0.2631578947368421,0.44000000000000006,-1.4,0.0,0.4,3.63,0.5,0.9,0.3,1.7,0.4,0.1,0.8,0.5,0.0,0.3253707427936103,3.13,-1.0,0.0,0.3,4.569999999999999,1.25,0.9,0.15,2.3,0.4,0.25,1.3,0.7,0.3,0.39009842946192336,3.5050000000000003,-2.2,0.0,0.3,5.036363636363637,1.4545454545454546,1.2272727272727273,0.4090909090909091,3.090909090909091,0.7272727272727273,0.2727272727272727,1.4545454545454546,0.5454545454545454,0.5,0.4160000894338176,5.45,-0.45454545454545453,0.0,0.4090909090909091,,,,,,,,,,,,,,,,4.814285714285715,1.3571428571428572,1.0714285714285714,0.2857142857142857,2.7142857142857144,0.5714285714285714,0.2619047619047619,1.380952380952381,0.6190476190476191,0.40476190476190477,0.4037308820787098,4.523809523809524,-1.2857142857142858,0.0,0.35714285714285715,4.1,0.6,0.8,0.4,1.8,0.6,0.2,1.1333333333333333,0.3333333333333333,0.5333333333333333,0.3763508373542242,3.7600000000000002,-0.6666666666666666,0.0,1.0,5.21111111111111,1.7777777777777777,1.2222222222222223,0.2222222222222222,3.2222222222222223,0.5555555555555556,0.2962962962962963,1.5185185185185186,0.7777777777777778,0.3333333333333333,0.4163678257977032,4.948148148148148,-1.6296296296296295,0.0,0.0,2.3973708014368325,1.8530509732351308,0.6357524554958396,4.151319004527587,6.241895093271009,42,-2.6,-2.1999999999999997,-0.6000000000000001,-2.1142857142857143,-7.56,-0.14057298734186768
50.0,17.9,69.6,0.6000000000000001,7.8,3.0,2.2,2.4,1.5,17,1.1,0.8,6,0.2,0.02,58.5,1.9,-32.2,12.9,33.3,5.4,9.4,11.1,-2.25,-2.25,70.6,-0.65,289,1,-2.25,70.6,-0.65,289,1,0.61,70.6,0.58,-2.46,88.7,9.2,-0.29,0.09,86.2,81.1,1.99,-0.1,0.0,1.6600000000000001,91.3,92.4,-0.22,0.12,-4.35,42.2,-0.68,85.8,24.4,0.39,0.11,0.18,0.8,70.4,84.9,-1.0,73.2,16.4,-2.25,70.6,289,1,0.12,13.3,0.21,13.4,103.4,60.7,9.2,1.6400000000000001,0.0,0.0,46.2,12.2,,13,6,55.4,56,31,6.5,1.4,30.4,70.6,-8.0,,17,12,12.2,29,1642307,50.0,3.6,-10.0,289,10.0,Mackenzie Holmes,-15.8,-0.1,15.1,35.1,9.8,1.82,6.5,87.6,26.8,7.0,4.98,5.5,40,,14.9,571,2.8,0.0,5.263197349494455,0.0,5.3,0.52542697288907,0.0,5.981615502378451,0.0,6.0,0.014811801587391002,48.5,,baseline,14.0,10.1,11.1,80,2.05,67.9,medium,,12,4.47,2.69,1.42,2.1,-0.049,0.114,,True,True,15,14,0.494,False,8.9,14.9,10.4,11.8,85,65.4,76.8,46.4,31.9,2.9,2026-27,0.6000000000000001,16.1,5.7,6.4,0.7000000000000001,3.5,2.8,20,3.24,SEA,23.2,0.4,5.5,2.3,1.8,13,63.0,7.0,1.3599999999999999,11.5,6.574999999999999,1.8181818181818181,1.9318181818181819,0.38636363636363635,4.136363636363637,0.5909090909090909,0.29545454545454547,1.2727272727272727,0.29545454545454547,0.38636363636363635,0.26870154428233034,6.193181818181818,-1.7272727272727273,0.06818181818181818,0.18181818181818182,12.333333333333334,3.3333333333333335,3.6666666666666665,1.3333333333333333,8.333333333333334,1.6666666666666667,0.3333333333333333,3.0,0.6666666666666666,0.0,0.22884131719015033,14.4,0.6666666666666666,0.0,0.0,10.06,3.4,3.0,0.8,7.2,1.2,0.4,2.6,0.4,0.4,0.41940875071012973,11.4,-1.6,0.0,0.0,5.54,1.7,1.6,0.5,3.8,0.7,0.3,1.5,0.3,0.2,0.4649215944225795,6.17,-1.2,0.0,0.2,6.722727272727272,2.0,2.1363636363636362,0.36363636363636365,4.5,0.7272727272727273,0.2727272727272727,1.2727272727272727,0.18181818181818182,0.5909090909090909,0.30307555010499465,7.018181818181819,-2.590909090909091,0.09090909090909091,0.2727272727272727,6.427272727272728,1.6363636363636365,1.7272727272727273,0.4090909090909091,3.772727272727273,0.45454545454545453,0.3181818181818182,1.2727272727272727,0.4090909090909091,0.18181818181818182,0.23661913884784358,5.368181818181818,-0.8636363636363636,0.045454545454545456,0.09090909090909091,22.766666666666666,10.333333333333334,7.333333333333333,1.3333333333333333,19.0,2.0,1.6666666666666667,6.0,2.0,1.6666666666666667,0.3693778587134681,25.46666666666667,-3.0,1.0,0.3333333333333333,5.390243902439025,1.1951219512195121,1.5365853658536586,0.3170731707317073,3.048780487804878,0.4878048780487805,0.1951219512195122,0.926829268292683,0.17073170731707318,0.2926829268292683,0.25708504646335284,4.782926829268293,-1.6341463414634145,0.0,0.17073170731707318,7.4125,1.25,2.125,0.375,3.75,0.75,0.25,1.25,0.375,0.75,0.27665685537081697,6.362500000000001,-1.625,0.125,1.0,6.388888888888888,1.9444444444444444,1.8888888888888888,0.3888888888888889,4.222222222222222,0.5555555555555556,0.3055555555555556,1.2777777777777777,0.2777777777777778,0.3055555555555556,0.2670441878055622,6.155555555555556,-1.75,0.05555555555555555,0.0,3.2441197413791496,2.5279620183407348,0.6893174612381908,5.651058386528074,7.409959514059439,44,0.6000000000000001,0.10000000000000009,0.19999999999999996,3.0636363636363635,0.0600000000000005,0.1507072064277994
11.1,29.3,76.1,0.6000000000000001,8.4,3.3,2.5,2.7,1.0,22,1.1,0.8,7,0.2,-0.17,63.2,1.8,0.0,6.2,20.0,5.4,4.8,13.7,-6.72,-6.72,78.6,-0.93,331,1,-6.72,78.6,-0.93,331,1,0.81,78.6,-0.59,-2.35,96.5,10.9,-0.25,-0.64,95.8,37.8,0.36,-0.01,0.0,1.11,97.3,85.3,-0.49,-0.16,-7.23,5.9,-1.01,96.0,12.6,-0.27,-0.23,-0.24,-0.97,77.0,18.1,-1.34,92.0,13.4,-6.72,78.6,331,1,-0.04,10.6,-0.23,18.6,107.0,45.7,-5.8,-0.8,1.442227389141376,0.004691207048486,12.5,-21.5,-2.86,32,4,43.5,92,40,5.4,0.9,27.2,68.0,-10.6,-1.08,25,17,13.7,38,1643455,75.0,4.3,-6.9,331,8.7,Angela Dugalic,-12.1,-0.13,18.7,34.2,9.6,-1.03,4.4,94.9,19.6,5.3,3.81,4.2,35,F,18.9,664,2.7,1.842393107294524,7.105590456788979,0.0,7.1,0.7828011206898321,0.005992846617736001,6.007019807272898,0.0,6.0,0.021178294636387002,59.4,,baseline,15.2,11.2,12.2,101,-1.3,59.9,medium,,71,26.73,-0.76,-1.8399999999999999,-1.1,-0.199,0.085,,True,True,204,-6,0.419,False,11.5,12.7,9.1,10.2,84,63.2,68.5,41.3,36.3,2.2,2026-27,0.6000000000000001,15.0,5.4,7.7,0.30000000000000004,1.8,1.5,12,2.07,WAS,34.8,0.6000000000000001,9.5,3.5,2.8,23,49.0,-7.0,-0.9400000000000001,17.2,7.5227272727272725,2.2954545454545454,1.9090909090909092,0.5,4.704545454545454,0.4318181818181818,0.5227272727272727,2.090909090909091,0.7272727272727273,0.5681818181818182,0.6087093701559118,6.1090909090909085,-2.1363636363636362,0.045454545454545456,0.6363636363636364,2.3333333333333335,0.6666666666666666,0.0,0.0,0.6666666666666666,0.0,0.0,0.3333333333333333,0.0,0.0,0.20833333333333334,0.6666666666666666,-1.0,0.0,1.0,2.7,0.8,0.6,0.2,1.6,0.0,0.0,0.6,0.2,0.0,0.23928571428571427,1.8200000000000003,0.8,0.0,0.8,2.13,0.8,0.4,0.1,1.3,0.0,0.0,0.7,0.3,0.2,1.326953601953602,1.4300000000000002,-0.2,0.0,0.8,6.89090909090909,2.272727272727273,1.7272727272727273,0.4090909090909091,4.409090909090909,0.5454545454545454,0.5454545454545454,1.6818181818181819,0.5909090909090909,1.0,0.31581860654326543,6.05,-2.227272727272727,0.0,0.6818181818181818,8.154545454545454,2.3181818181818183,2.090909090909091,0.5909090909090909,5.0,0.3181818181818182,0.5,2.5,0.8636363636363636,0.13636363636363635,0.8723110574072936,6.168181818181818,-2.0454545454545454,0.09090909090909091,0.5909090909090909,26.25,5.0,4.0,1.5,10.5,1.0,2.5,9.0,3.5,0.0,0.44261152416356875,12.55,-8.0,1.0,0.5,6.630952380952381,2.1666666666666665,1.8095238095238095,0.4523809523809524,4.428571428571429,0.40476190476190477,0.42857142857142855,1.7619047619047619,0.5952380952380952,0.5952380952380952,0.6179370282665976,5.802380952380952,-1.8571428571428572,0.0,0.6428571428571429,6.264285714285713,1.6785714285714286,1.5,0.5,3.6785714285714284,0.17857142857142858,0.42857142857142855,1.8214285714285714,0.6785714285714286,0.42857142857142855,0.771774258818779,4.335714285714286,-1.4642857142857142,0.03571428571428571,1.0,9.725000000000001,3.375,2.625,0.5,6.5,0.875,0.6875,2.5625,0.8125,0.8125,0.3844951482444695,9.2125,-3.3125,0.0625,0.0,3.107227474659875,2.1974422956487687,0.7313574508612275,5.119863485891484,6.89164859057563,44,-1.9000000000000001,-1.6,-0.4000000000000001,-3.104545454545454,-5.999999999999999,-0.3694236558701975
0.0,25.0,75.0,1.0,7.5,4.3,3.7,4.1,,3,1.4,1.4,1,0.30000000000000004,0.05,12.9,,,,0.0,12.5,7.5,8.2,-1.06,-1.06,30.3,-0.04,29,1,-1.06,30.3,-0.04,29,1,-0.6000000000000001,30.3,-0.04,-0.76,14.1,45.8,0.2,0.0,11.6,71.8,-0.11,-0.25,0.0,0.0,10.7,59.9,0.0,-0.02,-1.3,60.3,0.0,11.7,66.4,0.13,0.0,0.03,-0.17,10.8,48.7,0.0,10.6,59.9,-1.06,30.3,29,1,0.01,7.8,-0.05,6.5,119.6,37.5,-14.0,,,,0.0,-34.0,,3,0,37.5,8,3,4.0,1.7000000000000002,37.5,66.7,-11.9,,3,2,3.9,3,1643461,,0.0,,29,9.7,Laura Ziegler,-14.1,0.05,12.4,32.3,18.6,-0.29,1.2,105.5,25.0,7.2,6.21,6.9,5,,5.3,69,2.7,,,,,,,,,,,,,,11.6,10.0,11.0,8,-0.34,28.7,low,low_sample,28,10.92,-0.25,-0.43,-0.32,-0.025,0.003,,True,True,133,-12,0.07100000000000001,False,3.3,5.8,4.8,5.5,4,100.0,75.0,37.5,23.9,1.3,2026-27,0.0,0.0,5.0,7.0,0.30000000000000004,1.4,1.4,1,2.48,LAS,37.5,0.0,0.0,0.0,0.0,0,42.9,-13.1,,12.4,5.839999999999999,1.6,0.8,0.6,3.0,0.4,0.0,1.6,0.6,0.6,0.31942435899130633,4.66,-1.0,0.0,0.4,9.733333333333333,2.6666666666666665,1.3333333333333333,1.0,5.0,0.6666666666666666,0.0,2.6666666666666665,1.0,1.0,0.31942435899130633,7.766666666666667,-1.6666666666666667,0.0,0.3333333333333333,5.839999999999999,1.6,0.8,0.6,3.0,0.4,0.0,1.6,0.6,0.6,0.31942435899130633,4.66,-1.0,0.0,0.4,5.839999999999999,1.6,0.8,0.6,3.0,0.4,0.0,1.6,0.6,0.6,0.31942435899130633,4.66,-1.0,0.0,0.4,3.3666666666666667,1.3333333333333333,0.3333333333333333,0.3333333333333333,2.0,0.0,0.0,0.6666666666666666,0.0,0.3333333333333333,0.24158415841584158,2.2333333333333334,0.3333333333333333,0.0,0.6666666666666666,9.55,2.0,1.5,1.0,4.5,1.0,0.0,3.0,1.5,1.0,0.3583444592790387,8.3,-3.0,0.0,0.0,,,,,,,,,,,,,,,,5.839999999999999,1.6,0.8,0.6,3.0,0.4,0.0,1.6,0.6,0.6,0.31942435899130633,4.66,-1.0,0.0,0.4,5.05,2.0,0.5,0.5,3.0,0.0,0.0,1.0,0.0,0.5,0.24158415841584158,3.35,0.5,0.0,1.0,6.366666666666667,1.3333333333333333,1.0,0.6666666666666666,3.0,0.6666666666666666,0.0,2.0,1.0,0.6666666666666666,0.3583444592790387,5.533333333333334,-2.0,0.0,0.0,2.1908902300206647,0.8366600265340756,0.8944271909999159,2.8284271247461903,5.397499421028223,5,-1.1,-0.5,-0.4,0.0,-3.8600000000000003,0.0
37.9,49.2,83.1,0.7000000000000001,5.3,2.8,2.2,2.3,1.4,20,1.1,0.9,8,0.30000000000000004,-0.06,62.9,2.9,25.7,14.7,27.3,18.6,3.5,11.1,-6.52,-6.8100000000000005,75.9,-1.06,1088,2,-6.52,75.9,-0.77,1998,3,0.81,75.9,-0.15,-2.83,98.5,4.2,-0.6000000000000001,-1.19,90.2,17.2,-1.98,0.02,0.02,-0.26,86.3,38.7,-0.21,-0.21,-4.73,7.1,-0.8300000000000001,91.9,19.3,0.15,-0.30000000000000004,-0.24,0.16,78.7,63.4,0.14,88.8,72.3,-6.52,75.9,1998,3,-0.01,4.5,0.15,8.2,102.1,52.5,1.0,0.31,9.738348742085723,1.802141748735317,35.0,1.0,0.32,40,14,40.7,59,24,2.5,1.8,44.1,65.4,-13.2,-1.35,26,17,6.8,30,202252,100.0,1.7000000000000002,-0.9,342,11.4,Alysha Clark,2.8,-0.06,11.5,28.2,8.6,-0.74,2.3,104.9,15.3,7.8,5.79,6.4,55,F,5.3,702,2.6,10.509495087340927,16.292717095607433,4.7262730790744225,11.6,0.9266238445475771,1.944847155984002,7.931563035808217,0.0,7.9,0.09939938801061801,63.6,,baseline,11.3,8.2,9.2,79,-0.5700000000000001,50.2,medium,,19,6.87,1.03,-2.18,-0.29,-0.28500000000000003,0.451,,True,True,166,28,1.251,False,5.7,7.3,5.4,6.0,51,66.7,59.4,15.3,44.3,1.7000000000000002,2026-27,0.2,20.8,0.7000000000000001,4.7,0.2,0.9,0.7000000000000001,6,1.47,DAL,67.8,0.5,9.2,2.1,1.8,15,56.1,0.1,0.22,11.2,8.142857142857142,1.880952380952381,1.2142857142857142,0.47619047619047616,3.5714285714285716,0.3333333333333333,0.35714285714285715,1.4047619047619047,0.9523809523809523,0.6190476190476191,0.2745453923811309,4.6952380952380945,0.16666666666666666,0.16666666666666666,0.6190476190476191,7.533333333333332,1.3333333333333333,1.3333333333333333,0.3333333333333333,3.0,1.0,0.0,2.0,2.0,0.6666666666666666,0.4066789215686275,6.433333333333334,-1.0,0.3333333333333333,0.6666666666666666,10.36,4.2,2.2,0.6,7.0,1.0,0.0,2.4,1.8,1.4,0.3595165810391039,10.74,6.2,0.4,0.8,14.470000000000002,3.6,2.6,1.0,7.2,0.7,0.5,2.4,1.6,1.3,0.28846777834957354,9.819999999999999,0.0,0.5,0.7,10.735,2.55,1.8,0.65,5.0,0.4,0.3,1.9,1.2,1.0,0.2590802865994522,6.585000000000001,1.95,0.2,0.75,5.786363636363636,1.2727272727272727,0.6818181818181818,0.3181818181818182,2.272727272727273,0.2727272727272727,0.4090909090909091,0.9545454545454546,0.7272727272727273,0.2727272727272727,0.29774305105364895,2.977272727272727,-1.4545454545454546,0.13636363636363635,0.5,20.314285714285713,4.428571428571429,2.5714285714285716,1.4285714285714286,8.428571428571429,0.5714285714285714,0.8571428571428571,3.0,2.142857142857143,1.1428571428571428,0.21870519112287964,10.514285714285716,1.8571428571428572,1.0,0.7142857142857143,5.708571428571429,1.3714285714285714,0.9428571428571428,0.2857142857142857,2.6,0.2857142857142857,0.2571428571428571,1.0857142857142856,0.7142857142857143,0.5142857142857142,0.2915402362423378,3.531428571428571,-0.17142857142857143,0.0,0.6,8.576923076923077,2.5,1.3076923076923077,0.5384615384615384,4.346153846153846,0.34615384615384615,0.3076923076923077,1.6153846153846154,1.0769230769230769,0.7692307692307693,0.2898245274965021,5.607692307692308,1.8076923076923077,0.19230769230769232,1.0,7.4375,0.875,1.0625,0.375,2.3125,0.3125,0.4375,1.0625,0.75,0.375,0.24815415900003532,3.2125000000000004,-2.5,0.125,0.0,2.7779829579661373,1.6310360957515928,0.706696030770716,4.067376796778071,7.768891776985229,42,1.6,0.5,-0.10000000000000009,3.4285714285714284,-1.040000000000001,0.08497118865797298
28.6,51.2,82.9,0.4,4.4,2.6,1.9,2.2,2.0,8,1.0,0.8,3,0.2,0.03,19.3,0.1,981.8,0.0,44.4,22.0,9.8,10.3,-3.99,-3.87,46.5,-0.86,773,2,-3.99,46.0,-0.98,1131,3,0.2,46.0,0.04,-1.82,61.9,19.3,-0.17,-0.63,53.6,38.2,-1.24,-0.11,0.85,-0.26,49.2,38.2,-0.2,-0.17,-2.36,26.7,-0.18,54.1,45.4,0.09,-0.09,0.07,0.02,47.8,56.7,0.42,57.4,82.4,-3.99,46.0,1131,3,-0.02,5.9,-0.26,5.0,119.3,53.7,2.2,,3.709687291073403,0.9523146636308961,33.3,-0.7000000000000001,0.08,30,10,41.5,41,17,3.6,1.2,19.5,62.5,-16.1,,8,5,3.4,19,1642324,100.0,2.4,2.1,145,7.6,Kate Martin,-10.0,0.04,16.4,40.7,10.4,-0.87,1.2,109.3,14.6,7.1,5.46,6.1,22,,3.5,312,2.6,9.737287582550078,15.000484932044532,4.474090233055622,10.5,0.38097748059956904,2.499661297912348,10.153613896511525,0.0,10.2,0.018413108790289002,35.4,,baseline,15.7,12.3,13.5,49,-1.51,45.3,low,low_sample,23,8.17,0.17,-3.19,-1.4100000000000001,-0.096,0.47500000000000003,,True,True,214,-5,1.311,False,2.8,6.1,4.7,5.2,19,75.0,29.3,9.8,21.7,1.0,2026-27,0.2,11.8,-0.7000000000000001,3.3,0.30000000000000004,1.6,1.4,5,1.99,LAS,73.2,0.2,3.2,1.3,1.1,4,55.0,-1.0,,14.3,8.337096774193549,3.129032258064516,0.3064516129032258,0.5967741935483871,4.032258064516129,0.12903225806451613,0.29838709677419356,2.064516129032258,1.4193548387096775,0.12903225806451613,0.31639579695846365,4.480645161290322,-3.6774193548387095,0.0,0.4274193548387097,6.4,2.5,0.0,0.5,3.0,0.0,0.25,1.5,1.0,0.0,0.286047286047286,3.0,-3.5,0.0,0.75,6.4,2.5,0.0,0.5,3.0,0.0,0.25,1.5,1.0,0.0,0.286047286047286,3.0,-3.5,0.0,0.5833333333333333,7.425000000000001,2.6875,0.3125,0.5625,3.5625,0.1875,0.3125,1.625,1.125,0.0,0.30969030969030964,4.15625,-3.5,0.0,0.375,10.446875,3.5625,0.34375,0.5625,4.46875,0.125,0.09375,2.9375,2.1875,0.25,0.38503120942735763,5.1,-7.625,0.0,0.6875,6.21,2.6666666666666665,0.26666666666666666,0.6333333333333333,3.5666666666666664,0.13333333333333333,0.5,1.1666666666666667,0.6333333333333333,0.0,0.2364545177045177,3.836666666666667,0.3,0.0,0.16666666666666666,,,,,,,,,,,,,,,,8.337096774193549,3.129032258064516,0.3064516129032258,0.5967741935483871,4.032258064516129,0.12903225806451613,0.29838709677419356,2.064516129032258,1.4193548387096775,0.12903225806451613,0.31639579695846365,4.480645161290322,-3.6774193548387095,0.0,0.4274193548387097,9.618181818181817,2.8181818181818183,0.13636363636363635,0.6363636363636364,3.590909090909091,0.09090909090909091,0.0,2.4545454545454546,1.7727272727272727,0.045454545454545456,0.260161701044054,4.209090909090909,-7.2727272727272725,0.0,1.0,6.800000000000001,3.3,0.4,0.575,4.275,0.15,0.575,1.625,1.0,0.175,0.3569832682806515,4.5175,-0.125,0.0,0.0,2.7285666122665497,1.3469944095629869,0.5018903659106633,3.609751103650088,5.624284466274422,33,-0.10000000000000009,-1.0,0.09999999999999998,-1.032258064516129,-1.1999999999999993,-0.03034851091117763
28.6,45.2,61.3,0.6000000000000001,7.9,2.4,1.8,2.0,0.75,6,0.8,0.7000000000000001,2,0.2,-0.14,17.9,0.9,-171.4,0.0,,0.0,-4.5,14.4,-4.96,-5.36,40.9,-1.1400000000000001,402,2,-4.96,39.8,-0.74,402,2,-0.15,39.8,-1.44,-1.5899999999999999,51.8,22.7,-0.28,-0.54,42.7,41.6,-0.89,-0.08,0.47000000000000003,-0.08,41.7,47.5,-0.26,-0.51,-4.43,18.9,-0.39,44.7,34.0,-0.74,-0.52,-0.71,-1.23,40.0,10.1,-0.1,42.3,48.3,-4.96,39.8,402,2,-0.04,7.1,-0.23,10.8,111.6,32.3,-19.2,,0.0,0.0,28.6,-5.4,,14,4,25.8,31,8,3.2,2.2,19.4,100.0,21.4,,6,6,9.6,10,1642818,25.0,12.9,-12.2,122,12.2,Maddy Westbeld,-13.7,-0.1,14.2,37.8,8.9,-1.37,4.9,97.9,25.8,8.9,6.49,7.2,22,,8.5,248,2.6,0.0,5.263197349494455,0.0,5.3,0.07873852288970801,0.0,5.9816070657798734,0.0,6.0,0.0,28.1,,baseline,10.5,7.7,8.5,26,-1.69,53.9,medium,low_sample,5,2.05,-0.54,-2.84,-1.83,0.138,0.297,,True,True,219,-2,0.897,False,7.1,7.3,5.3,5.9,18,20.0,35.5,16.1,19.9,1.8,2026-27,0.0,25.0,-5.3,-6.7,0.5,2.0,1.6,5,2.07,PHX,45.2,0.8,19.2,3.2,2.6,8,38.6,-17.4,,14.7,10.477083333333333,1.9375,1.5416666666666665,0.5833333333333333,4.0625,0.4375,0.6041666666666666,2.5625,1.3958333333333335,0.375,0.29230658434089496,5.370833333333334,-3.0625,0.0625,0.1875,11.566666666666668,3.0,1.3333333333333333,0.3333333333333333,4.666666666666667,0.6666666666666666,0.3333333333333333,3.0,1.0,0.6666666666666666,0.2787347931873479,6.766666666666667,-3.6666666666666665,0.0,0.3333333333333333,13.219999999999999,4.2,2.0,0.4,6.6,0.8,0.6,4.0,1.4,1.2,0.3745368140168575,9.0,0.0,0.2,0.6,10.39375,2.1875,1.625,0.5,4.3125,0.4375,0.4375,2.8125,1.5625,0.375,0.299840937113343,5.7625,-4.8125,0.0625,0.1875,12.333333333333334,3.8333333333333335,1.8333333333333333,0.6666666666666666,6.333333333333333,1.0,0.8333333333333334,3.5,1.3333333333333333,1.0,0.3628922004464262,9.200000000000001,-2.1666666666666665,0.16666666666666666,0.3333333333333333,9.208333333333332,0.5,1.4166666666666665,0.3333333333333333,2.25,0.25,0.6666666666666666,2.0,1.0833333333333335,0.0,0.276683989956533,2.7833333333333337,-3.0,0.0,0.25,22.0,12.0,4.0,1.0,17.0,1.0,0.0,7.0,3.0,4.0,0.3981818181818182,21.3,13.0,1.0,1.0,9.726190476190476,1.2857142857142856,1.380952380952381,0.5476190476190476,3.2142857142857144,0.42857142857142855,0.6666666666666666,2.2857142857142856,1.2619047619047619,0.14285714285714285,0.28832427657065485,4.383333333333334,-4.142857142857142,0.0,0.14285714285714285,15.033333333333331,4.666666666666667,2.3333333333333335,0.3333333333333333,7.333333333333333,1.0,0.6666666666666666,5.0,1.6666666666666667,2.0,0.46422802336142915,10.3,3.0,0.3333333333333333,1.0,9.413333333333334,1.4,1.3666666666666667,0.6333333333333333,3.4,0.4,0.6666666666666666,2.0,1.2333333333333334,0.0,0.24961887243246028,4.523333333333333,-4.6,0.0,0.0,3.854159500402838,1.1200649331826502,0.6875516509523286,5.047051344372005,5.638842563376412,11,1.6,0.19999999999999996,-0.20000000000000007,2.5374999999999996,1.0199999999999996,0.08223022967596255
33.3,40.9,63.6,0.8,7.5,6.1,4.4,5.0,1.6,18,0.30000000000000004,0.30000000000000004,1,0.0,-0.06,19.2,2.7,-9.1,0.0,66.7,6.8,8.1,18.4,-2.08,-2.56,46.1,-1.16,587,2,-2.08,46.1,-0.68,587,2,0.12,46.1,0.28,-0.71,61.9,47.1,0.34,-0.49,55.3,44.1,-1.19,0.11,0.59,-0.48,49.1,34.0,-0.15,0.04,-0.51,43.7,0.13,55.5,74.4,0.13,0.01,0.06,0.21,47.8,66.0,0.06,53.8,68.9,-2.08,46.1,587,2,0.06,3.1,0.12,3.3,97.6,52.3,0.8,,0.518439416463065,0.104748104546086,38.1,4.1,0.76,21,8,43.2,44,19,2.8,0.8,25.0,81.8,3.2,,11,9,1.8,22,1642802,50.0,13.6,-3.8,145,6.6,Lucy Olsen,2.0,-0.11,19.4,28.8,9.9,-0.87,0.2,99.6,22.7,6.1,4.47,5.0,18,,1.3,297,2.5,2.7970506006613762,8.060247950155832,0.0,8.1,0.18535217644631702,0.5651301568418551,6.66350294689948,0.0,6.7,0.011399240378061,31.3,,baseline,18.5,13.6,15.2,55,-0.6900000000000001,54.9,medium,low_sample,31,14.31,0.31,-1.69,-0.5,-0.192,0.244,,True,True,174,-17,0.782,False,1.7000000000000002,3.7,2.7,3.0,11,42.9,40.9,15.9,19.8,0.5,2026-27,0.4,36.8,-4.4,-5.2,0.2,1.3,1.1,4,1.24,WAS,47.7,0.5,7.2,3.7,3.0,11,56.3,0.30000000000000004,,18.7,3.290909090909091,1.25,0.25,0.4090909090909091,1.9090909090909092,0.11363636363636363,0.25,1.0,0.4772727272727273,0.25,0.40629587413583024,2.2545454545454544,0.18181818181818182,0.0,0.6363636363636364,0.6666666666666666,0.0,0.0,0.0,0.0,0.0,0.0,0.0,0.0,0.0,0.0,0.0,-0.6666666666666666,0.0,1.0,1.26,0.6,0.0,0.0,0.6,0.2,0.2,0.4,0.2,0.2,0.26666666666666666,1.0,0.4,0.0,0.8,0.9,0.3,0.0,0.0,0.3,0.1,0.2,0.2,0.1,0.1,0.3418181818181818,0.4,-0.4,0.0,0.8,2.85,1.2727272727272727,0.22727272727272727,0.36363636363636365,1.8636363636363635,0.045454545454545456,0.13636363636363635,0.9090909090909091,0.5454545454545454,0.2727272727272727,0.4455423425111694,2.090909090909091,0.8181818181818182,0.0,0.6818181818181818,3.7318181818181815,1.2272727272727273,0.2727272727272727,0.45454545454545453,1.9545454545454546,0.18181818181818182,0.36363636363636365,1.0909090909090908,0.4090909090909091,0.22727272727272727,0.37359048382304766,2.418181818181818,-0.45454545454545453,0.0,0.5909090909090909,,,,,,,,,,,,,,,,3.290909090909091,1.25,0.25,0.4090909090909091,1.9090909090909092,0.11363636363636363,0.25,1.0,0.4772727272727273,0.25,0.40629587413583024,2.2545454545454544,0.18181818181818182,0.0,0.6363636363636364,3.4,1.1785714285714286,0.25,0.32142857142857145,1.75,0.14285714285714285,0.39285714285714285,0.9642857142857143,0.42857142857142855,0.17857142857142858,0.4096852515068437,1.9964285714285717,-0.03571428571428571,0.0,1.0,3.1000000000000005,1.375,0.25,0.5625,2.1875,0.0625,0.0,1.0625,0.5625,0.375,0.40036446373655676,2.7062500000000003,0.5625,0.0,0.0,2.1687527226710337,0.6147413901342466,0.7870516610266035,2.9556267333498285,4.872362407847328,44,-1.9,-0.5,-0.8,-1.309090909090909,-5.34,-0.13962920746916357
,0.0,42.9,0.5,6.5,2.4,1.8,2.0,0.5,2,1.2,1.0,1,0.30000000000000004,-0.2,13.5,0.7000000000000001,-381.2,0.0,,0.0,-4.9,15.3,-0.75,-0.75,30.8,-0.07,40,1,-0.75,30.8,-0.07,40,1,-0.56,30.8,-1.0,-0.9,19.1,42.0,-0.27,0.0,15.5,71.8,-0.02,-0.07,0.0,0.01,15.2,64.7,0.08,-0.15,-0.96,65.5,-0.03,15.9,56.7,-0.25,-0.2,-0.34,0.29,14.6,68.9,-0.02,13.1,51.7,-0.75,30.8,40,1,-0.31,8.0,-0.04,11.7,131.3,42.9,-8.6,,,,0.0,,,0,0,42.9,7,3,5.0,1.0,57.1,75.0,-3.6,,4,3,10.7,4,203405,0.0,14.3,,40,10.0,Kayla Alexander,-39.6,0.11,18.0,34.2,9.9,0.27,5.0,91.7,42.9,4.9,3.6,4.0,4,,11.7,82,2.3,,,,,,,,,,,,,,11.0,8.3,9.0,9,0.23,32.1,low,low_sample,20,7.63,0.38,0.08,0.25,-0.014,0.007,,True,True,78,8,0.117,False,8.2,13.4,10.1,11.0,11,66.7,100.0,42.9,23.8,2.8,2026-27,0.8,33.3,-1.2,-7.2,0.30000000000000004,1.2,1.0,1,1.8,TOR,0.0,1.0,16.7,4.9,4.0,4,51.4,-4.6,,14.1,8.08,1.8,2.2,0.4,4.4,0.4,0.8,1.4,0.0,0.8,0.23316168826184946,5.4399999999999995,-6.6,0.0,0.2,10.1,2.6666666666666665,3.0,0.6666666666666666,6.333333333333333,0.6666666666666666,1.0,2.0,0.0,0.6666666666666666,0.21583274606530423,8.266666666666666,-8.0,0.0,0.0,8.08,1.8,2.2,0.4,4.4,0.4,0.8,1.4,0.0,0.8,0.23316168826184946,5.4399999999999995,-6.6,0.0,0.2,8.08,1.8,2.2,0.4,4.4,0.4,0.8,1.4,0.0,0.8,0.23316168826184946,5.4399999999999995,-6.6,0.0,0.2,8.08,1.8,2.2,0.4,4.4,0.4,0.8,1.4,0.0,0.8,0.23316168826184946,5.4399999999999995,-6.6,0.0,0.2,,,,,,,,,,,,,,,,,,,,,,,,,,,,,,,8.08,1.8,2.2,0.4,4.4,0.4,0.8,1.4,0.0,0.8,0.23316168826184946,5.4399999999999995,-6.6,0.0,0.2,0.0,0.0,0.0,0.0,0.0,0.0,0.0,0.0,0.0,0.0,,0.0,0.0,0.0,1.0,10.1,2.25,2.75,0.5,5.5,0.5,1.0,1.75,0.0,1.0,0.23316168826184946,6.8,-8.25,0.0,0.0,2.4899799195977463,2.4899799195977463,0.5477225575051662,5.412947441089743,7.332257496842293,5,-0.4999999999999998,-0.5999999999999996,-0.09999999999999998,0.0,-1.92,0.0
,0.0,50.0,0.7000000000000001,11.1,4.4,3.6,3.8,0.54,2,0.0,0.0,0,0.0,-0.53,12.4,0.9,0.0,0.0,,0.0,-11.2,14.1,-0.51,-0.51,30.0,-0.01,21,1,-0.51,30.0,-0.01,21,1,-0.62,30.0,-1.16,-0.32,12.6,58.8,-0.37,0.0,9.9,71.8,-0.17,-0.38,0.0,0.0,9.3,59.9,-0.34,-0.2,-0.5,68.1,0.0,10.1,66.4,-0.23,-0.13,-0.2,-0.04,9.6,55.5,0.0,8.5,59.9,-0.51,30.0,21,1,-0.32,-3.8,-0.05,9.3,112.2,50.0,-1.5,,,,0.0,,,0,0,50.0,6,3,0.0,2.0,33.3,50.0,-28.6,,2,1,13.6,3,1629581,0.0,16.7,,21,7.0,Emese Hof,-35.5,-0.21,24.0,44.6,18.9,-0.29,9.4,76.7,33.3,13.3,10.29,11.4,6,,-1.0,45,2.3,,,,,,,,,,,,,,15.6,11.8,13.3,7,-0.34,26.1,low,low_sample,56,23.17,-0.26,-0.42,-0.33,-0.012,0.002,,True,True,132,-12,0.062,False,8.9,11.1,8.7,9.5,5,100.0,83.3,50.0,18.5,1.7000000000000002,2026-27,0.0,0.0,1.9,-2.3,0.0,0.0,0.0,0,0.0,MIN,0.0,1.3,30.6,8.9,7.6,4,50.9,-5.1,,22.8,6.866666666666666,2.3333333333333335,1.6666666666666667,0.6666666666666666,4.666666666666667,0.0,1.3333333333333333,2.0,0.0,0.6666666666666666,0.5181929892131665,4.0,-6.0,0.0,0.3333333333333333,6.866666666666666,2.3333333333333335,1.6666666666666667,0.6666666666666666,4.666666666666667,0.0,1.3333333333333333,2.0,0.0,0.6666666666666666,0.5181929892131665,4.0,-6.0,0.0,0.3333333333333333,6.866666666666666,2.3333333333333335,1.6666666666666667,0.6666666666666666,4.666666666666667,0.0,1.3333333333333333,2.0,0.0,0.6666666666666666,0.5181929892131665,4.0,-6.0,0.0,0.3333333333333333,6.866666666666666,2.3333333333333335,1.6666666666666667,0.6666666666666666,4.666666666666667,0.0,1.3333333333333333,2.0,0.0,0.6666666666666666,0.5181929892131665,4.0,-6.0,0.0,0.3333333333333333,7.3999999999999995,2.5,1.5,1.0,5.0,0.0,1.0,2.5,0.0,1.0,0.5186687941645772,4.8,-7.0,0.0,0.0,5.8,2.0,2.0,0.0,4.0,0.0,2.0,1.0,0.0,0.0,0.5172413793103449,2.4000000000000004,-4.0,0.0,1.0,,,,,,,,,,,,,,,,6.866666666666666,2.3333333333333335,1.6666666666666667,0.6666666666666666,4.666666666666667,0.0,1.3333333333333333,2.0,0.0,0.6666666666666666,0.5181929892131665,4.0,-6.0,0.0,0.3333333333333333,5.8,2.0,2.0,0.0,4.0,0.0,2.0,1.0,0.0,0.0,0.5172413793103449,2.4000000000000004,-4.0,0.0,1.0,7.3999999999999995,2.5,1.5,1.0,5.0,0.0,1.0,2.5,0.0,1.0,0.5186687941645772,4.8,-7.0,0.0,0.0,0.5773502691896258,1.5275252316519468,1.1547005383792517,3.0550504633038935,3.4268547289509272,3,0.03333333333333366,-0.03333333333333344,-0.03333333333333344,0.0,-0.13333333333333375,0.0
27.6,40.8,66.2,0.6000000000000001,6.9,2.8,2.4,2.4,2.0,20,0.1,0.1,1,0.0,0.03,62.5,0.6000000000000001,20.0,0.0,16.7,8.5,10.2,12.5,-8.25,-8.25,74.2,-1.28,327,1,-8.25,74.2,-1.28,327,1,0.8300000000000001,74.2,-0.26,-2.79,95.7,5.0,0.15,-1.06,90.2,23.9,-2.13,0.03,0.0,-0.56,83.5,29.8,-0.23,-0.49,-6.42,2.1,-0.32,90.3,36.6,-0.36,-0.51,-0.49,-1.15,76.4,12.2,-0.5700000000000001,86.1,27.7,-8.25,74.2,327,1,0.01,5.7,-0.01,5.1,107.8,47.2,-4.3,-0.56,1.198402048107466,0.17603899132345102,25.7,-8.3,-1.0,35,9,40.8,71,29,4.0,1.1,32.4,56.5,-22.1,-2.27,23,13,6.6,36,1630148,20.0,14.1,-7.8,327,9.1,Jihyun Park,-5.3,0.02,16.6,40.3,8.0,-0.4,4.2,102.5,19.7,5.6,4.4,4.9,40,,4.2,720,2.2,1.3205949938605661,6.583792343355022,0.0,6.6,0.9074712941354661,0.19398849579166003,6.194593520546652,0.0,6.2,0.0,64.6,,baseline,11.1,8.7,9.8,80,-0.41000000000000003,58.6,medium,volatile_rank,87,40.72,0.12,-0.93,-0.5,0.08700000000000001,0.081,,True,True,143,-10,0.40900000000000003,False,4.5,5.1,4.0,4.5,37,83.3,49.3,16.9,37.8,1.0,2026-27,0.1,24.1,-3.6,-3.8,0.4,2.1,1.8,15,1.76,LAS,49.3,0.30000000000000004,5.9,1.4,1.2,10,49.3,-6.7,-0.89,11.7,7.500000000000001,1.8181818181818181,0.8409090909090909,0.45454545454545453,3.1136363636363638,0.36363636363636365,0.22727272727272727,1.6136363636363635,0.7954545454545454,0.5227272727272727,0.2606828569545388,4.372727272727273,-0.7272727272727273,0.045454545454545456,0.36363636363636365,10.200000000000001,2.3333333333333335,1.3333333333333333,1.3333333333333333,5.0,0.3333333333333333,0.3333333333333333,1.6666666666666667,0.6666666666666666,0.6666666666666666,0.1818295739348371,6.6000000000000005,-1.6666666666666667,0.0,0.3333333333333333,6.12,1.4,0.8,0.8,3.0,0.2,0.2,1.0,0.4,0.4,0.1818295739348371,3.96,-1.0,0.0,0.4,6.639999999999999,0.9,0.8,0.5,2.2,0.3,0.2,0.8,0.3,0.6,0.17668363051046748,3.31,-0.2,0.0,0.4,5.945454545454546,1.3181818181818181,0.5,0.36363636363636365,2.1818181818181817,0.2727272727272727,0.22727272727272727,1.3181818181818181,0.5,0.45454545454545453,0.275147787422342,3.0545454545454547,-0.7272727272727273,0.0,0.36363636363636365,9.054545454545455,2.3181818181818183,1.1818181818181819,0.5454545454545454,4.045454545454546,0.45454545454545453,0.22727272727272727,1.9090909090909092,1.0909090909090908,0.5909090909090909,0.24774055074650442,5.6909090909090905,-0.7272727272727273,0.09090909090909091,0.36363636363636365,21.5,6.5,3.0,1.0,10.5,1.0,0.5,6.0,4.0,0.5,0.31837719298245615,14.100000000000001,-11.0,1.0,0.0,6.833333333333335,1.5952380952380953,0.7380952380952381,0.42857142857142855,2.761904761904762,0.3333333333333333,0.21428571428571427,1.4047619047619047,0.6428571428571429,0.5238095238095238,0.2572890724823083,3.90952380952381,-0.23809523809523808,0.0,0.38095238095238093,5.59375,1.1875,0.75,0.5625,2.5,0.4375,0.1875,0.875,0.375,0.5,0.20171746913459943,4.0562499999999995,1.625,0.0,1.0,8.589285714285714,2.1785714285714284,0.8928571428571429,0.39285714285714285,3.4642857142857144,0.32142857142857145,0.25,2.0357142857142856,1.0357142857142858,0.5357142857142857,0.29016555086450846,4.553571428571429,-2.0714285714285716,0.07142857142857142,0.0,3.119874231757959,1.1194513153135752,0.8199417294822238,4.177547456153476,6.060700703982651,44,-0.8000000000000003,-0.19999999999999996,0.19999999999999996,-0.11363636363636376,-2.9799999999999995,-0.07885328301970171
11.1,10.1,80.9,0.5,9.3,2.2,1.6,1.8,0.8300000000000001,20,2.1,1.8,19,0.5,-0.06,67.8,0.7000000000000001,-49.4,0.0,16.7,13.5,1.8,15.8,-8.9,-8.9,79.2,-1.11,433,1,-8.9,79.2,-1.11,433,1,1.22,79.2,-0.23,-2.45,100.0,9.7,-0.59,-0.11,98.0,60.5,0.29,-0.07,0.0,0.42,97.2,77.7,-0.28,-0.34,-9.36,1.7000000000000002,-1.2,96.6,8.4,-0.13,-0.41000000000000003,-0.32,-2.17,80.0,2.9,-1.55,85.1,11.8,-8.9,79.2,433,1,-0.03,10.9,-0.26,7.8,116.1,39.9,-11.6,-1.75,0.0,0.0,14.3,-19.7,-2.61,21,3,38.2,89,34,6.5,1.4,27.0,54.2,-24.4,-2.51,24,13,10.8,39,1643457,0.0,3.4,-11.1,433,11.1,Teonni Key,-18.2,-0.03,16.3,38.4,13.6,-1.11,6.7,97.9,15.7,6.0,4.49,5.0,54,C,9.1,896,2.2,0.0,5.263197349494455,0.0,5.3,0.7872193367558931,0.0,5.981623466019722,0.0,6.0,0.076950344400025,61.5,,baseline,9.4,7.1,7.8,84,-1.48,51.3,medium,,84,33.53,-0.38,-2.59,-1.52,0.041,0.281,,True,True,211,4,0.863,False,7.5,9.2,6.8,7.6,82,54.9,84.3,57.3,37.6,2.1,2026-27,0.6000000000000001,35.3,11.4,14.9,0.4,1.8,1.5,16,2.91,TOR,23.6,0.6000000000000001,13.5,2.6,2.1,23,42.2,-13.8,-2.06,12.2,9.840909090909092,1.9090909090909092,1.8636363636363635,0.45454545454545453,4.2272727272727275,0.7954545454545454,0.5227272727272727,2.022727272727273,0.4772727272727273,0.5454545454545454,0.2703283657329324,6.690909090909091,-3.340909090909091,0.045454545454545456,0.25,20.76666666666667,4.333333333333333,5.0,1.0,10.333333333333334,0.6666666666666666,1.3333333333333333,4.333333333333333,0.6666666666666666,1.3333333333333333,0.3011724989369343,12.5,-17.0,0.3333333333333333,0.0,20.46,4.0,5.2,0.6,9.8,0.8,1.0,3.2,0.4,1.4,0.2340468389494026,12.540000000000001,-14.2,0.2,0.0,19.689999999999998,3.9,3.9,1.0,8.8,1.1,0.9,4.5,0.7,1.3,0.32018999948287524,12.48,-7.7,0.2,0.1,8.622727272727273,1.3181818181818181,1.4090909090909092,0.4090909090909091,3.1363636363636362,0.6363636363636364,0.4090909090909091,1.7272727272727273,0.36363636363636365,0.45454545454545453,0.22490199528921961,5.122727272727272,-2.590909090909091,0.045454545454545456,0.3181818181818182,11.05909090909091,2.5,2.3181818181818183,0.5,5.318181818181818,0.9545454545454546,0.6363636363636364,2.3181818181818183,0.5909090909090909,0.6363636363636364,0.31348341765445953,8.259090909090908,-4.090909090909091,0.045454545454545456,0.18181818181818182,22.3,4.0,5.5,2.0,11.5,1.0,0.5,5.0,0.5,3.0,0.31043148028442147,16.1,-13.0,1.0,0.0,9.247619047619047,1.8095238095238095,1.6904761904761905,0.38095238095238093,3.880952380952381,0.7857142857142857,0.5238095238095238,1.880952380952381,0.47619047619047616,0.42857142857142855,0.26816062981123034,6.242857142857143,-2.880952380952381,0.0,0.2619047619047619,8.781818181818183,1.7272727272727273,1.8181818181818181,0.09090909090909091,3.6363636363636362,0.7272727272727273,0.45454545454545453,2.272727272727273,0.7272727272727273,0.5454545454545454,0.2782872699395913,5.7727272727272725,-1.2727272727272727,0.0,1.0,10.193939393939393,1.9696969696969697,1.878787878787879,0.5757575757575758,4.424242424242424,0.8181818181818182,0.5454545454545454,1.9393939393939394,0.3939393939393939,0.5454545454545454,0.2675839160064982,6.996969696969696,-4.03030303030303,0.06060606060606061,0.0,2.1761731059114244,2.0299032980851983,0.7910706743643854,4.010820459843517,7.487922622519926,44,1.7999999999999998,3.1,0.09999999999999998,5.572727272727273,9.360000000000001,-0.036281526783529805
18.2,32.0,78.6,0.4,6.2,2.3,1.5,1.9,0.67,17,0.4,0.30000000000000004,3,0.1,-0.11,64.2,7.8,8.9,3.8,20.0,9.7,-1.0,15.8,-10.0,-10.0,80.9,-1.57,363,1,-10.0,80.9,-1.57,363,1,0.91,80.9,-1.32,-1.78,100.0,20.2,-0.66,-1.76,100.0,4.2,-3.54,0.05,0.0,-0.93,91.7,16.4,-0.53,-0.62,-9.34,0.8,-1.23,100.0,7.1,-0.53,-0.61,-0.65,-3.34,80.0,0.8,-0.9400000000000001,98.6,18.9,-10.0,80.9,363,1,0.0,1.8,0.23,3.2,101.2,34.0,-17.5,-2.71,1.985359467635342,0.070699385975294,18.6,-15.4,-2.0,43,8,30.1,103,31,1.9,1.7000000000000002,17.5,50.0,-28.6,,18,9,5.3,38,1643467,28.6,6.8,-7.3,363,9.6,Cassandre Prosper,-5.2,-0.11,15.2,29.4,10.7,-1.04,3.8,96.0,14.6,8.6,6.25,6.9,63,F,-0.7000000000000001,735,2.1,2.315811071588742,7.5790084210831985,0.0,7.6,0.8573063200156921,0.082466889983967,6.070917038939683,0.0,6.1,0.0,62.1,,baseline,10.7,7.9,8.7,79,-0.78,61.5,medium,,71,26.62,-0.28,-1.28,-0.71,-0.073,0.074,,True,True,181,-13,0.391,False,3.4,5.2,3.8,4.2,38,55.3,54.4,36.9,45.9,1.0,2026-27,0.30000000000000004,32.3,4.8,7.7,0.2,1.2,1.0,9,1.19,WAS,41.7,0.6000000000000001,12.4,3.0,2.4,22,35.6,-20.4,-3.15,16.0,8.263636363636364,1.7954545454545454,0.8636363636363636,0.38636363636363635,3.0454545454545454,0.2727272727272727,0.5,2.340909090909091,0.9772727272727273,0.4090909090909091,0.3620127553518918,3.7295454545454536,-1.2954545454545454,0.09090909090909091,0.6363636363636364,0.9333333333333332,0.0,0.0,0.0,0.0,0.0,0.0,1.0,0.6666666666666666,0.0,1.1458333333333335,0.0,0.0,0.0,1.0,3.44,1.2,0.2,0.2,1.6,0.0,0.4,1.8,0.8,0.2,0.9419062137049943,1.3399999999999999,1.0,0.0,0.8,2.27,0.6,0.2,0.2,1.0,0.0,0.2,0.9,0.4,0.1,0.47095310685249714,0.9399999999999998,-0.7,0.0,0.8,8.499999999999998,2.1818181818181817,0.9545454545454546,0.3181818181818182,3.4545454545454546,0.45454545454545453,0.45454545454545453,2.3181818181818183,0.9090909090909091,0.6818181818181818,0.37292442122817243,4.713636363636364,-1.0,0.045454545454545456,0.6818181818181818,8.027272727272727,1.4090909090909092,0.7727272727272727,0.45454545454545453,2.6363636363636362,0.09090909090909091,0.5454545454545454,2.3636363636363638,1.0454545454545454,0.13636363636363635,0.3511010894756113,2.745454545454545,-1.5909090909090908,0.13636363636363635,0.5909090909090909,24.950000000000003,4.5,1.75,1.25,7.5,0.5,1.25,6.75,2.0,0.5,0.3306723355735816,8.725,-5.5,1.0,0.25,6.595000000000001,1.525,0.775,0.3,2.6,0.25,0.425,1.9,0.875,0.4,0.3656998635611048,3.2300000000000004,-0.875,0.0,0.675,8.021428571428572,1.7142857142857142,1.0357142857142858,0.39285714285714285,3.142857142857143,0.39285714285714285,0.5357142857142857,2.392857142857143,1.0357142857142858,0.42857142857142855,0.38418809290629746,4.189285714285715,-0.03571428571428571,0.03571428571428571,1.0,8.6875,1.9375,0.5625,0.375,2.875,0.0625,0.4375,2.25,0.875,0.375,0.32399789097291076,2.925,-3.5,0.1875,0.0,2.5019020248746515,1.2684161354226076,0.7222673952732752,3.659676853535629,7.879915325630858,44,-0.9000000000000001,-0.8,-0.2,-1.4454545454545453,-6.16,0.5798934583531025
20.0,50.0,95.0,0.1,2.9,0.7000000000000001,0.4,0.6000000000000001,0.17,1,0.0,0.0,0,0.0,-0.14,14.9,,,,25.0,20.0,-23.5,11.1,-2.64,-2.64,32.8,-0.16,67,1,-2.64,32.8,-0.16,67,1,-0.43,32.8,-1.8399999999999999,-1.18,32.9,34.9,-0.45,-0.21,25.4,55.0,-0.86,-0.99,0.0,-0.09,24.2,46.2,-0.32,-0.59,-2.46,35.7,-0.2,27.2,42.9,-0.81,-0.47000000000000003,-0.67,-0.44,25.1,34.0,0.03,25.7,68.1,-2.64,32.8,67,1,-0.11,0.9,-0.14,5.4,113.4,37.5,-14.0,,,,21.4,-12.6,,14,3,30.0,20,6,1.3,1.1,0.0,0.0,,,0,0,4.7,7,1642791,100.0,5.0,,67,9.6,Zaay Green,-23.6,-0.02,21.5,43.0,19.3,-0.62,1.6,89.8,0.0,5.6,4.3,4.8,8,,2.2,143,2.1,,,,,,,,,,,,,,10.5,7.9,9.0,15,-0.75,39.9,low,low_sample,3,1.22,-0.25,-1.26,-0.73,-0.028,0.075,,True,True,180,-14,0.392,False,3.9,4.9,3.8,4.2,7,40.0,25.0,25.0,33.2,1.0,2026-27,0.30000000000000004,16.7,5.3,12.3,0.1,0.7000000000000001,0.6000000000000001,1,0.54,TOR,70.0,0.6000000000000001,33.8,2.8,2.4,4,37.5,-18.5,,14.9,9.542857142857144,2.142857142857143,1.0,0.14285714285714285,3.2857142857142856,0.14285714285714285,0.5714285714285714,2.857142857142857,2.0,0.0,0.3418000206644945,3.414285714285714,-4.285714285714286,0.0,0.0,11.600000000000001,2.6666666666666665,1.6666666666666667,0.0,4.333333333333333,0.0,0.3333333333333333,4.0,3.0,0.0,0.32969099658334594,4.333333333333333,-10.333333333333334,0.0,0.0,10.58,2.6,1.0,0.0,3.6,0.0,0.6,3.4,2.4,0.0,0.388632388480854,3.2,-6.0,0.0,0.0,9.542857142857144,2.142857142857143,1.0,0.14285714285714285,3.2857142857142856,0.14285714285714285,0.5714285714285714,2.857142857142857,2.0,0.0,0.3418000206644945,3.414285714285714,-4.285714285714286,0.0,0.0,2.8,0.0,0.0,0.0,0.0,0.0,1.0,0.0,0.0,0.0,0.4223227752639518,-1.0,-7.0,0.0,0.0,12.239999999999998,3.0,1.4,0.2,4.6,0.2,0.4,4.0,2.8,0.0,0.30959091882471157,5.18,-3.2,0.0,0.0,,,,,,,,,,,,,,,,9.542857142857144,2.142857142857143,1.0,0.14285714285714285,3.2857142857142856,0.14285714285714285,0.5714285714285714,2.857142857142857,2.0,0.0,0.3418000206644945,3.414285714285714,-4.285714285714286,0.0,0.0,,,,,,,,,,,,,,,,9.542857142857144,2.142857142857143,1.0,0.14285714285714285,3.2857142857142856,0.14285714285714285,0.5714285714285714,2.857142857142857,2.0,0.0,0.3418000206644945,3.414285714285714,-4.285714285714286,0.0,0.0,2.2677868380553634,1.1547005383792515,0.37796447300922725,3.0394235042348474,7.012573741230139,7,0.5,0.0,-0.1,0.3142857142857145,0.9800000000000004,0.04683236781635952
0.0,25.0,75.0,1.0,2.0,3.6,2.4,2.7,0.5,1,10.7,8.0,3,3.0,0.58,12.1,,,,,0.0,0.7000000000000001,8.5,-2.25,-1.08,29.7,0.03,15,1,-2.25,30.5,-1.1400000000000001,192,2,-0.59,30.5,-1.0,-0.52,5.7,53.8,-0.19,0.0,4.2,71.8,-0.18,-0.39,1.17,0.0,4.0,59.9,-0.24,-0.18,-1.3,42.2,0.0,4.4,66.4,-0.08,-0.19,-0.45,-0.44,4.4,34.5,0.0,3.8,59.9,-2.25,30.5,192,2,0.58,28.1,0.15,3.0,73.1,25.0,-26.5,,,,0.0,-34.0,,1,0,25.0,4,1,30.0,1.0,0.0,0.0,,,0,0,2.1,1,1630115,,0.0,,15,15.0,Joyner Holmes,-5.6,0.0,19.2,33.6,7.2,-1.74,0.7000000000000001,67.5,25.0,3.6,2.4,2.7,1,,15.0,28,2.0,,,,,,,,,,,,,,7.1,4.8,5.3,2,-1.57,24.4,low,"low_sample,collinear_lineup",4,1.48,-0.9,-2.24,-1.53,-0.037,0.125,,True,True,215,-8,0.522,False,1.8,17.9,12.0,13.3,5,0.0,50.0,50.0,26.2,5.0,2026-27,0.0,0.0,7.5,9.5,0.0,0.0,0.0,0,7.2,SEA,25.0,2.0,4.1,7.1,5.3,2,25.0,-31.0,,17.3,2.1,0.2857142857142857,0.7142857142857143,0.14285714285714285,1.1428571428571428,0.42857142857142855,0.2857142857142857,0.5714285714285714,0.14285714285714285,0.0,0.40816326530612246,2.357142857142857,-0.2857142857142857,0.0,0.2857142857142857,0.0,0.0,0.0,0.0,0.0,0.0,0.0,0.0,0.0,0.0,,0.0,0.0,0.0,0.0,0.0,0.0,0.0,0.0,0.0,0.0,0.0,0.0,0.0,0.0,,0.0,0.0,0.0,0.0,2.1,0.2857142857142857,0.7142857142857143,0.14285714285714285,1.1428571428571428,0.42857142857142855,0.2857142857142857,0.5714285714285714,0.14285714285714285,0.0,0.40816326530612246,2.357142857142857,-0.2857142857142857,0.0,0.2857142857142857,3.675,0.5,1.25,0.25,2.0,0.75,0.5,1.0,0.25,0.0,0.40816326530612246,4.125,-0.5,0.0,0.5,0.0,0.0,0.0,0.0,0.0,0.0,0.0,0.0,0.0,0.0,,0.0,0.0,0.0,0.0,,,,,,,,,,,,,,,,2.1,0.2857142857142857,0.7142857142857143,0.14285714285714285,1.1428571428571428,0.42857142857142855,0.2857142857142857,0.5714285714285714,0.14285714285714285,0.0,0.40816326530612246,2.357142857142857,-0.2857142857142857,0.0,0.2857142857142857,7.35,1.0,2.5,0.5,4.0,1.5,1.0,2.0,0.5,0.0,0.40816326530612246,8.25,-1.0,0.0,1.0,0.0,0.0,0.0,0.0,0.0,0.0,0.0,0.0,0.0,0.0,,0.0,0.0,0.0,0.0,0.7559289460184545,1.8898223650461359,0.37796447300922725,3.023715784073818,5.55607775323564,7,-2.0,-5.0,-1.0,-1.1428571428571428,-15.0,
50.0,33.3,58.3,0.8,6.0,4.6,3.7,4.1,1.0,4,0.0,0.0,0,0.0,-0.13,13.4,,,,,0.0,-6.6,14.8,-2.5700000000000003,-1.74,31.4,-0.73,88,2,-2.5700000000000003,31.6,-1.56,181,3,-0.54,31.6,-1.56,-0.55,21.8,52.5,-0.16,0.0,17.4,71.8,-0.04,-0.12,1.54,0.01,17.7,66.0,-0.29,-0.35000000000000003,-1.29,37.0,-0.02,17.8,58.4,-0.58,-0.36,-0.54,-0.38,16.5,36.6,0.0,15.7,54.6,-2.5700000000000003,31.6,181,3,-0.08,1.9,0.15,8.2,102.5,41.7,-9.8,,2.470852860880436,0.820548049070256,50.0,16.0,,4,2,33.3,12,4,1.4,1.4,16.7,0.0,-78.6,,2,0,12.0,5,1642293,0.0,16.7,1.0,39,7.8,Alissa Pili,-13.1,-0.05,8.3,44.3,4.6,-0.8,6.8,89.4,25.0,8.0,6.46,7.2,7,,3.6,87,2.0,8.81862056879909,14.081817918293545,3.555423219304635,10.5,0.280185868255006,2.928584707646451,10.5736945572211,0.0,10.6,0.0,30.0,,baseline,11.5,9.2,10.3,10,-0.67,31.8,low,low_sample,8,2.87,-0.11,-1.23,-0.58,-0.085,0.092,,True,True,172,-9,0.44,False,8.6,12.6,10.2,11.3,11,33.3,41.7,25.0,20.4,2.2,2026-27,0.0,25.0,-3.6,-5.8,0.2,1.1,1.0,1,0.92,LAS,33.3,0.8,20.8,4.6,4.1,4,38.8,-17.2,,17.2,5.642857142857143,1.4285714285714286,1.5714285714285714,0.5714285714285714,3.5714285714285716,0.14285714285714285,0.5714285714285714,1.7142857142857142,0.5714285714285714,0.2857142857142857,0.4725231528017906,4.0285714285714285,-1.1428571428571428,0.0,0.2857142857142857,7.233333333333333,2.0,1.6666666666666667,0.6666666666666666,4.333333333333333,0.3333333333333333,1.0,2.6666666666666665,1.0,0.6666666666666666,0.6670995670995671,5.0,-0.3333333333333333,0.0,0.0,5.5200000000000005,1.2,1.2,0.4,2.8,0.2,0.8,1.8,0.8,0.4,0.5276287309182046,3.04,-2.4,0.0,0.2,5.642857142857143,1.4285714285714286,1.5714285714285714,0.5714285714285714,3.5714285714285716,0.14285714285714285,0.5714285714285714,1.7142857142857142,0.5714285714285714,0.2857142857142857,0.4725231528017906,4.0285714285714285,-1.1428571428571428,0.0,0.2857142857142857,5.3,1.3333333333333333,1.6666666666666667,0.6666666666666666,3.6666666666666665,0.0,0.0,1.3333333333333333,0.3333333333333333,0.0,0.2510504201680672,4.333333333333333,-0.3333333333333333,0.0,0.6666666666666666,5.9,1.5,1.5,0.5,3.5,0.25,1.0,2.0,0.75,0.5,0.6201716412242728,3.8000000000000003,-1.75,0.0,0.0,,,,,,,,,,,,,,,,5.642857142857143,1.4285714285714286,1.5714285714285714,0.5714285714285714,3.5714285714285716,0.14285714285714285,0.5714285714285714,1.7142857142857142,0.5714285714285714,0.2857142857142857,0.4725231528017906,4.0285714285714285,-1.1428571428571428,0.0,0.2857142857142857,7.95,2.0,2.5,1.0,5.5,0.0,0.0,2.0,0.5,0.0,0.2510504201680672,6.5,-0.5,0.0,1.0,4.720000000000001,1.2,1.2,0.4,2.8,0.2,0.8,1.6,0.6,0.4,0.6201716412242728,3.04,-1.4,0.0,0.0,2.5071326821120348,2.0701966780270626,0.9759000729485333,4.429339411136566,5.988560523436091,7,-0.8,-1.0000000000000002,-0.4,-0.7714285714285718,-2.2799999999999994,0.055105578116414033
50.0,33.3,66.7,1.0,8.3,4.3,3.4,3.8,2.0,2,0.0,0.0,0,0.0,0.09,12.4,,,,,0.0,9.7,9.4,-1.17,-1.17,30.0,-0.06,21,1,-1.17,30.0,-0.06,21,1,-0.61,30.0,-0.9400000000000001,-0.62,9.7,50.4,-0.22,0.0,7.4,71.8,-0.26,-0.5700000000000001,0.0,0.0,7.4,59.9,0.04,-0.31,-1.31,57.6,0.0,7.9,66.4,-0.33,-0.24,-0.36,-0.34,7.5,37.0,0.0,7.0,59.9,-1.17,30.0,21,1,0.13,12.1,0.05,10.0,93.7,25.0,-26.5,,,,50.0,16.0,,2,1,16.7,6,1,5.0,2.0,33.3,50.0,-28.6,,2,1,5.0,2,1642811,0.0,16.7,,21,10.5,Shyanne Sellers,13.8,-0.03,10.3,30.9,6.9,-0.21,0.0,107.5,16.7,8.5,6.86,7.6,4,,10.0,47,2.0,,,,,,,,,,,,,,8.5,6.9,7.6,4,-0.16,26.3,low,low_sample,3,1.09,0.1,-0.41000000000000003,-0.18,0.022,0.02,,True,True,111,-8,0.197,False,5.0,4.3,3.4,3.8,2,0.0,66.6,33.3,22.6,1.0,2026-27,0.5,0.0,0.2,0.1,1.0,4.3,3.8,2,3.43,LAS,33.3,0.5,8.3,2.1,1.9,1,29.1,-26.9,,14.5,10.5,2.0,1.0,1.0,4.0,1.0,0.5,3.0,1.0,1.0,0.3843889716840536,7.2,4.5,0.0,0.5,10.5,2.0,1.0,1.0,4.0,1.0,0.5,3.0,1.0,1.0,0.3843889716840536,7.2,4.5,0.0,0.5,10.5,2.0,1.0,1.0,4.0,1.0,0.5,3.0,1.0,1.0,0.3843889716840536,7.2,4.5,0.0,0.5,10.5,2.0,1.0,1.0,4.0,1.0,0.5,3.0,1.0,1.0,0.3843889716840536,7.2,4.5,0.0,0.5,12.2,0.0,0.0,2.0,2.0,1.0,1.0,3.0,1.0,0.0,0.3278688524590164,5.0,11.0,0.0,1.0,8.8,4.0,2.0,0.0,6.0,1.0,0.0,3.0,1.0,2.0,0.44090909090909086,9.4,-2.0,0.0,0.0,,,,,,,,,,,,,,,,10.5,2.0,1.0,1.0,4.0,1.0,0.5,3.0,1.0,1.0,0.3843889716840536,7.2,4.5,0.0,0.5,12.2,0.0,0.0,2.0,2.0,1.0,1.0,3.0,1.0,0.0,0.3278688524590164,5.0,11.0,0.0,1.0,8.8,4.0,2.0,0.0,6.0,1.0,0.0,3.0,1.0,2.0,0.44090909090909086,9.4,-2.0,0.0,0.0,2.8284271247461903,1.4142135623730951,1.4142135623730951,2.8284271247461903,2.4041630560342604,2,0.0,0.0,0.0,0.0,0.0,0.0
,0.0,100.0,0.0,0.0,0.0,0.0,0.0,0.0,0,0.0,0.0,0,0.0,-0.43,12.0,,,,,0.0,-5.8,9.9,-1.19,-1.19,29.6,-0.05,13,1,-1.19,29.6,-0.05,13,1,-0.89,29.6,-0.88,-0.7000000000000001,8.2,47.5,-0.13,0.0,5.9,71.8,-0.25,-0.54,0.0,0.0,5.5,59.9,0.25,-0.25,-1.3599999999999999,57.1,0.0,6.3,66.4,-0.26,-0.19,-0.31,-0.29,6.2,38.7,0.0,5.4,59.9,-1.19,29.6,13,1,0.05,-0.6000000000000001,0.08,4.2,46.2,33.3,-18.2,,,,0.0,,,0,0,33.3,3,1,0.0,0.5,166.7,40.0,-38.6,,5,2,5.7,2,1642803,,0.0,,13,6.5,Michelle Onyiah,62.0,-0.49,0.0,16.6,0.0,-0.22,3.6,108.2,0.0,3.8,2.77,3.1,1,,1.4,26,2.0,,,,,,,,,,,,,,15.4,11.1,12.3,4,-0.14,23.9,low,"low_sample,collinear_lineup",3,1.09,-0.02,-0.26,-0.17,0.026000000000000002,0.005,,True,True,105,-4,0.093,False,3.9,19.2,13.8,15.4,5,33.3,266.7,100.0,17.1,2.5,2026-27,0.0,0.0,25.7,34.0,0.0,0.0,0.0,0,0.0,IND,0.0,1.0,7.2,7.7,6.2,2,38.5,-17.5,,22.0,3.25,1.0,1.25,0.0,2.25,0.0,0.5,0.75,0.0,1.25,0.3025210084033613,2.0,4.5,0.0,0.5,4.333333333333333,1.3333333333333333,1.6666666666666667,0.0,3.0,0.0,0.6666666666666666,1.0,0.0,1.6666666666666667,0.3025210084033613,2.6666666666666665,6.0,0.0,0.6666666666666666,3.25,1.0,1.25,0.0,2.25,0.0,0.5,0.75,0.0,1.25,0.3025210084033613,2.0,4.5,0.0,0.5,3.25,1.0,1.25,0.0,2.25,0.0,0.5,0.75,0.0,1.25,0.3025210084033613,2.0,4.5,0.0,0.5,,,,,,,,,,,,,,,,3.25,1.0,1.25,0.0,2.25,0.0,0.5,0.75,0.0,1.25,0.3025210084033613,2.0,4.5,0.0,0.5,,,,,,,,,,,,,,,,3.25,1.0,1.25,0.0,2.25,0.0,0.5,0.75,0.0,1.25,0.3025210084033613,2.0,4.5,0.0,0.5,0.55,0.0,0.0,0.0,0.0,0.0,0.0,0.0,0.0,0.0,0.0,0.0,0.5,0.0,1.0,5.95,2.0,2.5,0.0,4.5,0.0,1.0,1.5,0.0,2.5,0.6050420168067226,4.0,8.5,0.0,0.0,2.0,2.5,0.0,4.5,5.789933793519001,4,-1.0,-1.25,0.0,0.0,-3.25,0.0
,0.0,50.0,0.5,10.0,9.1,6.0,6.7,,1,0.0,0.0,0,0.0,0.13,11.6,,,,,0.0,10.0,23.3,-0.37,-0.37,29.6,-0.05,6,1,-0.37,29.6,-0.05,6,1,-0.65,29.6,-0.18,-0.30000000000000004,6.9,59.2,0.36,0.0,5.0,71.8,-0.27,-0.59,0.0,0.0,4.6,59.9,-0.12,-0.17,-0.23,69.7,0.0,5.3,66.4,-0.1,0.01,0.18,0.15,5.1,62.2,0.0,4.5,59.9,-0.37,29.6,6,1,-0.03,0.0,-0.32,0.0,120.0,100.0,48.5,,,,0.0,,,0,0,100.0,2,2,,0.0,50.0,0.0,-78.6,,1,0,0.0,2,1642810,,0.0,,6,3.0,Madison Scott,66.3,0.17,0.0,36.0,24.0,1.03,0.0,186.3,50.0,0.0,0.0,0.0,0,,0.0,11,2.0,,,,,,,,,,,,,,36.4,24.0,26.7,4,0.71,21.6,low,"low_sample,collinear_lineup",3,1.09,0.86,0.55,0.7000000000000001,0.008,0.008,,True,True,54,13,0.121,False,0.0,0.0,0.0,0.0,0,100.0,100.0,50.0,12.3,0.0,2026-27,0.0,50.0,3.1,-1.1,0.0,0.0,0.0,0,0.0,NYL,0.0,0.0,0.0,0.0,0.0,0,82.0,26.0,,21.8,2.75,2.0,0.0,0.5,2.5,0.0,0.0,1.0,0.0,0.5,0.3128205128205128,2.75,3.5,0.0,0.5,2.75,2.0,0.0,0.5,2.5,0.0,0.0,1.0,0.0,0.5,0.3128205128205128,2.75,3.5,0.0,0.5,2.75,2.0,0.0,0.5,2.5,0.0,0.0,1.0,0.0,0.5,0.3128205128205128,2.75,3.5,0.0,0.5,2.75,2.0,0.0,0.5,2.5,0.0,0.0,1.0,0.0,0.5,0.3128205128205128,2.75,3.5,0.0,0.5,1.6,0.0,0.0,0.0,0.0,0.0,0.0,0.0,0.0,0.0,0.0,0.0,-5.0,0.0,0.0,3.9,4.0,0.0,1.0,5.0,0.0,0.0,2.0,0.0,1.0,0.6256410256410256,5.5,12.0,0.0,1.0,,,,,,,,,,,,,,,,2.75,2.0,0.0,0.5,2.5,0.0,0.0,1.0,0.0,0.5,0.3128205128205128,2.75,3.5,0.0,0.5,3.9,4.0,0.0,1.0,5.0,0.0,0.0,2.0,0.0,1.0,0.6256410256410256,5.5,12.0,0.0,1.0,1.6,0.0,0.0,0.0,0.0,0.0,0.0,0.0,0.0,0.0,0.0,0.0,-5.0,0.0,0.0,2.8284271247461903,0.0,0.7071067811865476,3.5355339059327378,1.6263455967290592,2,0.0,0.0,0.0,0.0,-0.25,0.0
20.0,58.0,78.3,0.6000000000000001,5.2,2.9,2.2,2.3,1.2,16,1.8,1.5,10,0.4,0.13,56.9,0.2,-172.8,0.0,40.0,14.5,-1.5,9.4,-7.85,-7.8,68.1,-0.74,650,2,-7.85,68.1,-0.79,650,2,0.51,68.1,-1.16,-2.76,85.7,5.5,-0.15,-0.21,81.7,55.5,-0.84,0.22,-0.05,-0.56,77.3,30.3,-0.61,-0.41000000000000003,-7.53,2.5,-0.86,81.5,17.2,-0.49,-0.66,-0.8300000000000001,-2.33,67.9,2.1,0.47000000000000003,86.6,83.6,-7.85,68.1,650,2,0.07,7.9,0.09,6.6,106.2,36.2,-15.3,-2.35,1.392569743397314,0.36563112624293403,24.0,-10.0,-1.24,50,12,27.5,69,19,5.7,1.0,5.8,75.0,-3.6,,4,3,6.8,28,1631006,25.0,5.8,-7.3,273,9.8,Kierstan Bell,0.0,0.06,12.9,36.4,12.7,-0.86,3.2,106.2,15.9,5.1,3.69,4.1,28,,7.1,545,1.9,2.508810061904212,7.772007411398667,0.0,7.8,0.55507181055402,0.658709592688549,6.655616620752075,0.0,6.7,0.0,47.8,,baseline,9.7,7.0,7.8,53,-0.74,44.5,low,large_shrinkage_move,81,29.99,0.72,-2.2,-0.74,-0.003,0.406,,True,True,178,-54,1.1400000000000001,False,5.2,7.3,5.1,5.9,40,100.0,11.6,5.8,27.8,1.4,2026-27,0.1,5.3,-3.4,-0.6000000000000001,0.2,1.1,0.9,6,2.11,LVA,72.5,0.5,14.4,2.6,2.1,14,37.5,-18.5,-2.83,14.4,7.092105263157895,1.394736842105263,1.0526315789473684,0.42105263157894735,2.8684210526315788,0.42105263157894735,0.3684210526315789,1.8157894736842106,1.3157894736842106,0.10526315789473684,0.3330195367058294,4.184210526315788,-0.868421052631579,0.05263157894736842,0.7105263157894737,0.6666666666666666,0.0,0.3333333333333333,0.0,0.3333333333333333,0.0,0.0,0.3333333333333333,0.3333333333333333,0.0,0.5,0.39999999999999997,1.0,0.0,1.0,1.64,0.6,0.4,0.0,1.0,0.0,0.6,0.6,0.6,0.0,0.6992945326278659,0.4800000000000001,0.8,0.0,1.0,3.56,1.1,0.7,0.0,1.8,0.1,0.4,1.0,0.8,0.0,0.4854434876364701,1.8400000000000003,-1.1,0.1,0.7,7.34375,1.8125,1.375,0.5625,3.75,0.25,0.5,2.375,1.625,0.0,0.43113011512508476,4.55625,-1.25,0.0,0.6875,6.909090909090909,1.0909090909090908,0.8181818181818182,0.3181818181818182,2.227272727272727,0.5454545454545454,0.2727272727272727,1.4090909090909092,1.0909090909090908,0.18181818181818182,0.24799036874247485,3.913636363636364,-0.5909090909090909,0.09090909090909091,0.7272727272727273,21.200000000000003,5.5,3.5,0.0,9.0,1.0,0.0,6.0,5.0,0.0,0.2831196581196581,12.7,-6.0,1.0,0.5,6.308333333333333,1.1666666666666667,0.9166666666666666,0.4444444444444444,2.5277777777777777,0.3888888888888889,0.3888888888888889,1.5833333333333333,1.1111111111111112,0.1111111111111111,0.33685798890476565,3.7111111111111104,-0.5833333333333334,0.0,0.7222222222222222,6.785185185185185,1.7037037037037037,0.9259259259259259,0.3333333333333333,2.962962962962963,0.37037037037037035,0.3333333333333333,1.8518518518518519,1.4444444444444444,0.14814814814814814,0.36046615038732727,4.0925925925925934,0.18518518518518517,0.037037037037037035,1.0,7.845454545454545,0.6363636363636364,1.3636363636363635,0.6363636363636364,2.6363636363636362,0.5454545454545454,0.45454545454545453,1.7272727272727273,1.0,0.0,0.2506796956613358,4.409090909090909,-3.4545454545454546,0.09090909090909091,0.0,2.3657405409838637,1.5587134060561167,0.9192117347876201,3.5349303493392825,6.659615343933967,38,-1.2999999999999998,-0.9999999999999999,-0.6000000000000001,-1.8684210526315788,-8.16,0.3662749959220365
16.7,18.8,65.6,1.1,18.4,7.0,5.1,5.6,2.2,14,1.0,0.8,2,0.2,0.24,16.7,0.4,-191.2,0.0,100.0,3.1,19.7,22.6,-1.88,-2.18,38.7,-0.61,205,2,-1.88,38.1,-0.31,205,2,-0.03,38.1,-0.34,-0.25,53.6,60.1,0.78,0.23,42.6,85.7,0.30000000000000004,0.24,0.33,-0.12,40.2,45.0,-0.48,-0.24,-2.13,46.2,0.29,44.6,78.6,-0.45,-0.35000000000000003,-0.44,-1.52,40.7,5.9,-0.2,39.9,41.6,-1.88,38.1,205,2,0.22,16.1,-0.05,7.4,122.1,28.1,-23.4,,4.041993140211124,0.632130297585284,28.6,-5.4,,7,2,25.0,32,8,8.6,1.1,21.9,100.0,21.4,,7,7,5.5,13,1642320,0.0,12.5,8.9,100,7.7,Jaylyn Sherrod,-21.7,0.03,11.2,33.1,6.1,-1.81,1.1,100.4,21.9,7.0,5.04,5.6,14,G,11.0,200,1.9,16.64235179119493,22.425573799461436,10.859129782928424,11.6,0.24287391535309602,2.602709709135615,11.50333191571007,0.0,11.5,0.367444159865143,34.2,,baseline,12.5,8.9,10.0,25,-1.9100000000000001,49.5,low,low_sample,19,7.89,-1.15,-2.67,-2.06,0.15,0.156,,True,True,225,-13,0.593,False,4.9,6.0,4.2,4.8,12,35.7,65.7,43.8,26.1,0.9,2026-27,0.0,37.5,3.4,3.1,0.8,5.0,4.0,10,4.32,SEA,21.9,0.5,9.4,3.5,2.8,7,35.6,-20.4,,19.3,6.730681818181818,1.2954545454545454,0.7840909090909092,0.875,2.9545454545454546,0.9431818181818181,0.6363636363636364,2.090909090909091,0.4772727272727273,0.3181818181818182,0.428936326144194,5.742045454545455,-5.363636363636363,0.0,0.36363636363636365,3.533333333333333,0.0,0.6666666666666666,0.0,0.6666666666666666,0.0,0.3333333333333333,1.0,0.3333333333333333,0.0,0.3851851851851852,0.4666666666666666,-8.333333333333334,0.0,0.0,3.5125,0.25,0.375,0.375,1.0,0.625,0.5,1.0,0.25,0.0,0.4091710758377425,2.6374999999999997,-5.0,0.0,0.5,6.754166666666666,0.8333333333333334,0.875,0.7083333333333333,2.416666666666667,0.7916666666666666,0.5833333333333334,1.8333333333333335,0.41666666666666663,0.16666666666666666,0.37995185986545243,4.7375,-5.25,0.0,0.3333333333333333,7.966666666666667,2.083333333333333,0.8333333333333334,1.25,4.166666666666666,1.5833333333333333,1.0,2.583333333333333,0.5833333333333333,0.4166666666666667,0.4967049506201353,8.708333333333332,-3.5,0.0,0.3333333333333333,5.42,0.4,0.7,0.5,1.6,0.3,0.25,1.55,0.35,0.2,0.3512692800828394,2.64,-7.35,0.0,0.4,,,,,,,,,,,,,,,,6.730681818181818,1.2954545454545454,0.7840909090909092,0.875,2.9545454545454546,0.9431818181818181,0.6363636363636364,2.090909090909091,0.4772727272727273,0.3181818181818182,0.428936326144194,5.742045454545455,-5.363636363636363,0.0,0.36363636363636365,6.2125,2.0,0.875,1.125,4.0,0.75,0.375,2.0,0.5,0.5,0.45071025835178563,6.612500000000001,-0.125,0.0,1.0,7.029166666666667,1.4166666666666667,0.7083333333333333,0.7083333333333333,2.833333333333333,0.7916666666666666,0.5,2.333333333333333,0.41666666666666663,0.5,0.4265928639261972,5.204166666666667,-6.166666666666667,0.0,0.0,2.5260547066428276,0.9411239481143203,0.9611501047232549,3.4805582475065284,4.603642450226104,15,-1.65,-0.525,-0.7250000000000001,-1.9545454545454546,-4.1875,-0.019765250306451543
41.7,38.7,64.5,0.5,2.7,2.4,1.8,1.9,2.5,8,0.0,0.0,0,0.0,-0.16,51.0,1.1,151.2,0.0,25.0,12.9,10.6,7.0,-5.46,-5.46,47.1,-0.29,166,1,-5.46,47.1,-0.29,166,1,0.23,47.1,-0.87,-2.44,65.8,10.1,-0.24,-1.02,53.2,24.8,-1.56,-0.33,0.0,0.03,53.3,67.2,-0.56,-0.45,-4.68,13.0,-0.34,55.8,36.1,-0.42,-0.29,-0.31,-0.51,51.1,31.9,-0.13,51.0,45.4,-5.46,47.1,166,1,-0.08,2.0,0.21,2.8,103.0,45.2,-6.3,,0.851872059800965,0.067374659866111,37.5,3.5,,16,6,35.5,31,11,2.4,1.0,19.4,83.3,4.7,,6,5,5.3,17,1642814,50.0,6.5,-7.6,166,9.8,Taylor Thierry,-6.0,-0.08,16.5,31.7,11.1,-4.27,3.6,97.0,29.0,5.0,3.69,4.1,17,,0.9,337,1.9,2.177362252627516,7.440559602121971,0.0,7.4,0.391240391337259,0.17220783272357001,6.158746058957861,0.0,6.2,0.05892450144064901,42.3,,baseline,9.8,7.0,8.0,33,-4.06,62.8,medium,low_sample,1,0.43,-3.61,-4.5,-4.26,0.202,0.059000000000000004,,True,True,236,-3,0.34500000000000003,False,3.5,8.6,6.2,7.0,29,50.0,32.3,12.9,27.7,1.7000000000000002,2026-27,0.2,9.1,-4.0,-4.6,0.2,1.2,1.0,4,0.87,SEA,51.6,0.2,2.6,0.9,0.7000000000000001,3,49.0,-7.0,,9.4,4.583333333333332,0.9166666666666666,0.8055555555555556,0.2222222222222222,1.9444444444444444,0.1111111111111111,0.08333333333333333,0.8611111111111112,0.4444444444444444,0.16666666666666666,0.216437475880724,2.466666666666667,-0.3611111111111111,0.08333333333333333,0.16666666666666666,20.333333333333332,5.333333333333333,2.3333333333333335,1.3333333333333333,9.0,0.6666666666666666,0.3333333333333333,4.333333333333333,2.0,0.6666666666666666,0.21560412708332585,11.800000000000002,-0.6666666666666666,0.3333333333333333,0.0,19.94,4.0,3.0,0.8,7.8,0.4,0.2,3.6,1.6,0.8,0.1732430732649209,9.8,-1.6,0.4,0.0,12.67,2.7,2.1,0.8,5.6,0.3,0.2,2.3,1.2,0.6,0.2823237276623691,7.12,0.7,0.3,0.2,5.3999999999999995,1.1111111111111112,1.0555555555555556,0.2777777777777778,2.4444444444444446,0.1111111111111111,0.05555555555555555,0.8333333333333334,0.5,0.2222222222222222,0.2167826397003967,3.072222222222222,0.2222222222222222,0.1111111111111111,0.2777777777777778,3.7666666666666666,0.7222222222222222,0.5555555555555556,0.16666666666666666,1.4444444444444444,0.1111111111111111,0.1111111111111111,0.8888888888888888,0.3888888888888889,0.1111111111111111,0.21604916658359216,1.8611111111111112,-0.9444444444444444,0.05555555555555555,0.05555555555555555,26.599999999999998,6.0,4.333333333333333,1.6666666666666667,12.0,0.6666666666666666,0.3333333333333333,5.333333333333333,2.3333333333333335,1.3333333333333333,0.22861539163743738,15.366666666666667,-2.0,1.0,0.3333333333333333,2.5818181818181816,0.45454545454545453,0.48484848484848486,0.09090909090909091,1.0303030303030303,0.06060606060606061,0.06060606060606061,0.45454545454545453,0.2727272727272727,0.06060606060606061,0.21382792250428545,1.293939393939394,-0.21212121212121213,0.0,0.15151515151515152,6.233333333333334,1.1666666666666667,1.5,0.5,3.1666666666666665,0.16666666666666666,0.0,0.6666666666666666,0.3333333333333333,0.3333333333333333,0.06892966360856269,4.216666666666666,1.3333333333333333,0.16666666666666666,1.0,4.253333333333333,0.8666666666666667,0.6666666666666666,0.16666666666666666,1.7,0.1,0.1,0.9,0.4666666666666667,0.13333333333333333,0.27789906432745787,2.1166666666666667,-0.7,0.06666666666666667,0.0,2.169595090597058,1.470071804746663,0.6808025143109149,3.905632887762015,8.002981587240738,36,2.1,1.2999999999999998,0.30000000000000004,5.855555555555555,10.14,-0.043194402615803124
66.7,21.4,85.7,0.2,1.9,2.0,1.5,1.7000000000000002,1.0,4,2.0,1.7000000000000002,4,0.2,0.06,16.4,,,,,0.0,0.30000000000000004,13.3,-1.6600000000000001,-1.6600000000000001,37.3,-0.14,94,1,-1.6600000000000001,37.3,-0.14,94,1,-0.46,37.3,-0.35000000000000003,-1.85,52.5,18.1,-0.25,0.05,44.6,80.3,-0.11,-0.02,0.0,-0.15,40.8,44.1,0.24,-0.07,-1.8599999999999999,49.2,-0.24,44.7,39.9,0.19,-0.14,-0.02,1.01,39.8,89.9,-0.22,38.8,39.9,-1.6600000000000001,37.3,94,1,0.11,11.1,-0.03,2.8,108.3,85.7,34.2,,0.0,0.0,66.7,32.7,,3,2,78.6,14,11,10.0,0.4,107.1,66.7,-11.9,,15,10,1.9,19,1643453,,0.0,-4.9,94,4.9,Grace VanSlooten,-9.1,-0.05,20.3,41.4,10.7,-0.35000000000000003,0.4,99.2,14.3,4.0,3.06,3.4,8,,5.9,199,1.8,0.0,5.263197349494455,0.0,5.3,0.10075748203319801,0.0,5.98161210647537,0.0,6.0,0.0,29.1,,baseline,17.1,13.2,14.5,34,-0.38,47.7,low,low_sample,27,11.07,-0.14,-0.63,-0.37,-0.019,0.019,,True,True,140,-10,0.19,False,1.7000000000000002,6.0,4.4,5.1,12,77.8,171.4,64.3,13.7,0.6000000000000001,2026-27,0.30000000000000004,36.4,13.3,18.0,0.2,2.0,1.7000000000000002,4,3.06,SEA,21.4,0.2,7.0,2.0,1.7000000000000002,4,82.5,26.5,,11.9,6.5346153846153845,2.342948717948718,0.8269230769230769,0.38782051282051283,3.5576923076923075,0.8878205128205128,0.16346153846153846,1.0769230769230769,0.375,1.0897435897435896,0.215544651186672,6.41698717948718,-2.253205128205128,0.0,0.44551282051282054,3.3333333333333335,3.0,0.6666666666666666,0.0,3.6666666666666665,0.0,0.0,0.6666666666666666,0.0,2.3333333333333335,0.508,3.8000000000000003,5.0,0.0,0.3333333333333333,2.32,1.8,0.4,0.0,2.2,0.0,0.0,0.4,0.0,1.4,0.254,2.2800000000000002,2.4,0.0,0.6,1.27,0.9,0.2,0.0,1.1,0.0,0.0,0.2,0.0,0.7,0.16933333333333334,1.1400000000000001,1.3,0.0,0.6,4.191666666666666,2.6666666666666665,0.05555555555555555,0.027777777777777776,2.75,0.027777777777777776,0.05555555555555555,1.0833333333333333,0.5,1.0,0.2943506835630123,2.8027777777777776,-1.8888888888888888,0.0,0.3611111111111111,7.338095238095237,2.261904761904762,1.0952380952380953,0.5,3.857142857142857,1.1666666666666667,0.19047619047619047,1.0714285714285714,0.3333333333333333,1.1666666666666667,0.17734427209619025,7.635714285714286,-2.238095238095238,0.0,0.45238095238095233,,,,,,,,,,,,,,,,6.5346153846153845,2.342948717948718,0.8269230769230769,0.38782051282051283,3.5576923076923075,0.8878205128205128,0.16346153846153846,1.0769230769230769,0.375,1.0897435897435896,0.215544651186672,6.41698717948718,-2.253205128205128,0.0,0.44551282051282054,5.502,2.62,1.04,0.02,3.68,0.52,0.04,1.06,0.5,0.0,0.17061120697484333,5.418,0.86,0.0,1.0,6.9988095238095225,2.392857142857143,0.8095238095238095,0.5,3.702380952380952,1.0,0.20238095238095238,1.1071428571428572,0.3333333333333333,1.5833333333333333,0.2588942335502613,6.911904761904761,-3.2738095238095237,0.0,0.0,1.9341312745973098,0.6663897542282751,0.47878583980593137,2.698590748256963,4.0482636448489835,43,0.0,-0.20000000000000007,-0.2,-1.3576923076923073,-2.5800000000000005,0.038455348813328016
21.1,31.1,78.7,0.2,4.1,2.0,1.4,1.6,0.67,7,0.0,0.0,0,0.0,-0.11,53.7,,,,20.0,16.4,1.1,12.4,-4.5600000000000005,-4.5,51.0,-0.66,174,1,-4.5600000000000005,51.0,-0.72,311,2,0.24,51.0,-1.2,-1.37,67.3,28.2,-0.62,-0.63,59.5,38.7,-0.25,0.28,0.06,0.45,59.7,78.2,-0.43,-0.25,-4.82,21.0,-0.84,59.9,18.5,-0.36,-0.4,-0.49,-1.31,52.3,8.4,-0.12,60.7,46.6,-4.5600000000000005,51.0,311,2,-0.07,0.4,-0.05,12.0,103.7,39.3,-12.2,-1.85,0.083880995291275,0.022980422152655,20.7,-13.3,-1.7000000000000002,29,6,34.4,61,21,0.6000000000000001,1.0,34.4,71.4,-7.2,-0.73,21,15,9.0,35,1631021,0.0,9.8,-4.8,174,5.0,Sika Kone,-0.2,-0.03,12.8,32.3,10.1,0.4,2.6,103.5,11.5,9.6,7.03,7.8,34,F,5.8,355,1.8,0.21427773197469502,5.477475081469151,0.0,5.5,0.39145922685601703,0.058704510140741004,6.091534114431175,0.0,6.1,0.0,42.0,,baseline,17.7,13.0,14.5,63,0.36,63.5,medium,low_sample,13,5.36,1.16,-0.44,0.34,0.015,0.17,,True,True,70,8,0.625,False,7.7,10.1,7.2,8.3,36,68.4,65.5,31.1,22.7,1.0,2026-27,0.4,9.5,3.5,6.4,0.1,0.6000000000000001,0.5,2,0.41000000000000003,ATL,47.5,0.30000000000000004,7.1,2.5,2.1,9,44.8,-11.2,-1.63,20.2,3.959090909090909,1.4318181818181819,0.8181818181818182,0.1590909090909091,2.409090909090909,0.045454545454545456,0.20454545454545456,1.3863636363636365,0.6590909090909091,0.4772727272727273,0.43487446890002623,2.584090909090909,-0.25,0.0,0.6818181818181818,2.466666666666667,1.3333333333333333,0.6666666666666666,0.0,2.0,0.0,0.3333333333333333,1.3333333333333333,0.0,0.0,0.38461538461538464,1.8,-0.3333333333333333,0.0,1.0,2.92,1.8,0.8,0.2,2.8,0.0,0.2,1.6,0.2,0.0,0.7226107226107226,2.8600000000000003,1.6,0.0,1.0,2.38,1.5,0.5,0.1,2.1,0.0,0.1,1.1,0.3,0.2,0.5585662054840137,2.15,0.0,0.0,0.9,4.127272727272726,1.6818181818181819,0.8636363636363636,0.18181818181818182,2.727272727272727,0.09090909090909091,0.18181818181818182,1.8181818181818181,0.7727272727272727,0.4090909090909091,0.5207359491784492,3.0818181818181816,-0.7727272727272727,0.0,0.6818181818181818,3.790909090909091,1.1818181818181819,0.7727272727272727,0.13636363636363635,2.090909090909091,0.0,0.22727272727272727,0.9545454545454546,0.5454545454545454,0.5454545454545454,0.3329139610693992,2.0863636363636364,0.2727272727272727,0.0,0.6818181818181818,,,,,,,,,,,,,,,,3.959090909090909,1.4318181818181819,0.8181818181818182,0.1590909090909091,2.409090909090909,0.045454545454545456,0.20454545454545456,1.3863636363636365,0.6590909090909091,0.4772727272727273,0.43487446890002623,2.584090909090909,-0.25,0.0,0.6818181818181818,3.026666666666666,0.9666666666666667,0.6,0.13333333333333333,1.7,0.03333333333333333,0.23333333333333334,1.0666666666666667,0.4666666666666667,0.3,0.41570055232705644,1.7533333333333332,-0.7666666666666667,0.0,1.0,5.957142857142857,2.4285714285714284,1.2857142857142858,0.21428571428571427,3.9285714285714284,0.07142857142857142,0.14285714285714285,2.0714285714285716,1.0714285714285714,0.8571428571428571,0.476708468695597,4.364285714285715,0.8571428571428571,0.0,0.0,2.653630486121049,1.3515319004009003,0.4794949774542018,4.144585606789713,4.466897272980127,44,0.0,-0.19999999999999996,0.0,0.39090909090909065,-2.08,0.28773625371069633
66.7,33.3,77.8,0.5,2.5,3.4,2.5,2.7,0.42,3,4.5,3.6,4,0.7000000000000001,-0.23,13.6,,,,0.0,33.3,-4.5,8.7,-0.89,-0.89,31.1,-0.04,44,1,-0.89,31.1,-0.04,44,1,-0.93,31.1,-1.45,-0.76,25.7,45.4,-0.6000000000000001,0.01,20.3,77.7,0.09,0.09,0.0,0.03,21.1,66.8,-0.47000000000000003,-0.04,-1.23,63.4,-0.06,21.5,52.1,-0.25,-0.25,-0.45,-0.07,19.4,53.8,0.01,20.5,65.1,-0.89,31.1,44,1,0.13,13.1,0.05,8.4,87.4,44.4,-7.1,,,,33.3,-0.7000000000000001,,6,2,33.3,9,3,4.5,1.8,33.3,100.0,21.4,,3,3,9.0,6,1641695,0.0,22.2,,44,7.3,Ashten Prechtel,-3.6,-0.36,19.6,22.9,7.4,-0.33,2.1,83.8,0.0,12.4,9.0,10.0,11,,7.6,89,1.8,,,,,,,,,,,,,,12.4,8.9,10.0,11,-0.28,33.0,low,low_sample,26,9.76,-0.11,-0.45,-0.26,-0.017,0.009000000000000001,,True,True,123,-10,0.13,False,7.9,12.4,8.9,10.0,11,100.0,44.4,11.1,27.4,1.8,2026-27,0.0,0.0,-1.7000000000000002,1.0,0.2,1.1,0.9,1,4.09,GSV,66.7,1.2,10.9,7.9,6.4,7,53.3,-2.7,,17.4,2.893333333333334,0.7333333333333333,0.7333333333333333,0.2,1.6666666666666667,0.3333333333333333,0.4666666666666667,0.6,0.4,0.2,0.5289686739312999,2.4466666666666668,-0.26666666666666666,0.0,0.8,0.0,0.0,0.0,0.0,0.0,0.0,0.0,0.0,0.0,0.0,,0.0,0.0,0.0,0.6666666666666666,1.7600000000000002,0.0,0.2,0.0,0.2,0.2,0.0,0.4,0.2,0.0,0.23504273504273504,0.8400000000000001,-2.2,0.0,0.8,3.8600000000000003,0.6,1.0,0.3,1.9,0.5,0.6,0.6,0.4,0.3,0.4680957420508932,3.15,-0.2,0.0,0.8,3.785714285714286,1.1428571428571428,0.7142857142857143,0.2857142857142857,2.142857142857143,0.14285714285714285,0.42857142857142855,0.8571428571428571,0.5714285714285714,0.42857142857142855,0.4683445876816042,2.4285714285714284,0.0,0.0,0.8571428571428571,2.1125,0.375,0.75,0.125,1.25,0.5,0.5,0.375,0.25,0.0,0.5895927601809955,2.4625000000000004,-0.5,0.0,0.75,,,,,,,,,,,,,,,,2.893333333333334,0.7333333333333333,0.7333333333333333,0.2,1.6666666666666667,0.3333333333333333,0.4666666666666667,0.6,0.4,0.2,0.5289686739312999,2.4466666666666668,-0.26666666666666666,0.0,0.8,3.616666666666667,0.9166666666666666,0.9166666666666666,0.25,2.0833333333333335,0.4166666666666667,0.5833333333333334,0.75,0.5,0.25,0.5289686739312999,3.058333333333334,-0.3333333333333333,0.0,1.0,0.0,0.0,0.0,0.0,0.0,0.0,0.0,0.0,0.0,0.0,,0.0,0.0,0.0,0.0,1.5796322658258455,1.2798809468443688,0.560611910581388,2.7945525240230875,5.126745927927754,15,-1.8,-1.6,-0.5,-1.4666666666666668,-5.539999999999999,-0.29392593888856483
0.0,26.1,82.6,1.1,14.1,10.1,7.5,8.2,2.2,23,1.3,1.1,3,0.1,-0.02,17.4,1.7000000000000002,151.6,37.9,,0.0,14.2,22.9,-0.87,-0.87,40.4,-0.05,112,1,-0.87,40.4,-0.05,112,1,0.06,40.4,0.09,-0.93,55.8,41.6,0.17,0.09,47.5,81.5,0.23,0.15,0.0,0.03,46.5,67.6,0.08,0.06,-1.25,63.9,0.4,48.1,80.7,0.12,-0.12,-0.1,-0.08,42.6,52.9,-0.34,42.1,33.2,-0.87,40.4,112,1,0.1,6.4,-0.07,7.9,99.7,43.5,-8.0,,0.0,0.0,0.0,-34.0,,6,0,43.5,23,10,3.5,0.8,91.3,76.2,-2.4,-0.23,21,16,8.1,21,1643490,,0.0,-5.3,112,5.3,Eliska Joklova,15.2,-0.12,14.5,27.6,13.8,-0.38,3.3,114.9,17.4,7.5,5.46,6.1,17,,6.3,228,1.7000000000000002,0.0,5.263197349494455,0.0,5.3,0.583829761040733,0.0,5.9815418505267,0.0,6.0,0.0,50.8,,baseline,15.8,11.5,12.9,36,-0.45,52.4,medium,low_sample,59,22.19,-0.17,-0.74,-0.34,-0.114,0.026000000000000002,,True,True,152,-11,0.224,False,6.4,9.6,6.8,7.9,22,69.2,147.8,56.5,26.8,1.0,2026-27,0.1,50.0,10.6,14.5,0.1,1.3,1.1,3,1.9300000000000002,MIN,26.1,0.5,10.9,4.8,3.9,11,55.8,-0.2,,17.7,3.3578947368421055,0.9947368421052631,0.6736842105263158,0.7,2.3684210526315788,0.20526315789473684,0.3131578947368421,0.6526315789473685,0.20526315789473684,0.6473684210526316,0.349734794535029,3.1557894736842105,0.29210526315789465,0.0,0.7447368421052631,2.6999999999999997,0.0,0.3333333333333333,1.3333333333333333,1.6666666666666667,0.3333333333333333,0.3333333333333333,0.0,0.0,0.0,0.050505050505050504,3.0666666666666664,-0.6666666666666666,0.0,0.3333333333333333,1.6199999999999999,0.0,0.2,0.8,1.0,0.2,0.2,0.0,0.0,0.0,0.050505050505050504,1.8399999999999999,-0.4,0.0,0.6,1.7,0.2,0.4,0.4,1.0,0.2,0.1,0.2,0.2,0.4,0.2971823498139288,1.7799999999999998,-1.1,0.0,0.7,3.9999999999999996,1.3,0.8,0.8500000000000001,2.9499999999999997,0.30000000000000004,0.44999999999999996,0.7,0.2,0.7,0.3325066835940177,3.9850000000000003,-0.19999999999999996,0.0,0.6499999999999999,2.703333333333333,0.6666666666666666,0.5444444444444444,0.5555555555555556,1.7666666666666668,0.1111111111111111,0.16666666666666666,0.6,0.2111111111111111,0.5888888888888889,0.35771568565492995,2.3200000000000003,0.7555555555555555,0.0,0.8444444444444444,,,,,,,,,,,,,,,,3.3578947368421055,0.9947368421052631,0.6736842105263158,0.7,2.3684210526315788,0.20526315789473684,0.3131578947368421,0.6526315789473685,0.20526315789473684,0.6473684210526316,0.349734794535029,3.1557894736842105,0.29210526315789465,0.0,0.7447368421052631,3.2657142857142856,1.2095238095238094,0.6761904761904762,0.5333333333333333,2.419047619047619,0.13333333333333333,0.3333333333333333,0.7714285714285714,0.20476190476190476,0.7857142857142857,0.45096970456749824,2.8876190476190478,0.5523809523809524,0.0,1.0,3.1166666666666667,0.25,0.5833333333333333,1.0416666666666665,1.875,0.3333333333333333,0.16666666666666666,0.16666666666666666,0.16666666666666666,0.25,0.1004626092861387,3.345833333333333,-0.20833333333333326,0.0,0.0,2.1490059564796975,1.4554128627249456,1.3464055413482965,3.9855032873154137,4.075001888844798,29,-1.7000000000000002,-0.8,-0.30000000000000004,-1.3684210526315788,-3.6799999999999997,-0.2992297440299785
33.3,26.1,87.0,0.5,10.1,3.4,2.8,2.8,1.67,11,0.6000000000000001,0.5,2,0.1,0.03,52.6,,,,33.3,13.0,12.1,11.2,-3.5700000000000003,-3.5700000000000003,46.2,-0.4,155,1,-3.5700000000000003,46.2,-0.4,155,1,0.25,46.2,0.11,-2.18,63.8,14.3,0.33,-0.49,54.1,43.7,-0.78,-0.18,0.0,0.0,53.4,55.0,0.04,-0.13,-3.32,30.9,-0.22,55.2,41.2,0.05,-0.14,-0.05,0.38,49.4,72.7,-0.43,48.2,30.3,-3.5700000000000003,46.2,155,1,0.02,4.6,-0.17,6.0,105.7,67.4,15.9,,2.512509247821802,0.512784395879986,33.3,-0.7000000000000001,,9,3,60.9,23,14,3.3,0.8,60.9,64.3,-14.3,,14,9,4.7,24,1630384,,0.0,-2.6,155,6.5,Raquel Carrera,3.0,0.01,15.8,30.2,10.9,-0.35000000000000003,1.6,108.7,13.0,5.6,4.18,4.6,18,F,4.6,320,1.7000000000000002,3.940966986638627,9.204164336133083,0.0,9.2,0.637536233198644,0.8043219650548271,6.80136939002419,0.0,6.8,0.016084381827922,51.1,,baseline,12.5,9.4,10.3,40,-0.55,57.7,medium,low_sample,52,20.72,0.11,-1.22,-0.5700000000000001,0.021,0.124,,True,True,162,-12,0.518,False,3.9,9.1,6.6,7.5,29,81.8,108.7,47.8,30.6,1.2,2026-27,0.2,14.3,10.0,15.0,0.2,1.3,1.0,4,1.3900000000000001,NYL,39.1,0.30000000000000004,5.8,2.5,2.1,8,68.6,12.6,,10.6,3.9666666666666672,1.0256410256410255,0.7435897435897436,0.28205128205128205,2.051282051282051,0.15384615384615385,0.20512820512820512,0.5897435897435898,0.23076923076923078,0.358974358974359,0.20520546718033902,2.5974358974358975,0.4358974358974359,0.02564102564102564,0.5897435897435898,11.6,3.0,1.6666666666666667,1.3333333333333333,6.0,0.6666666666666666,0.6666666666666666,1.0,0.3333333333333333,0.6666666666666666,0.10352112676056338,8.333333333333334,-3.3333333333333335,0.3333333333333333,0.3333333333333333,7.619999999999999,1.8,1.4,0.8,4.0,0.4,0.4,0.6,0.2,0.4,0.06901408450704226,5.4799999999999995,-1.6,0.2,0.6,4.720000000000001,0.9,0.8,0.4,2.1,0.3,0.2,0.5,0.2,0.2,0.1378067557889711,3.16,-1.7,0.1,0.6,3.35,0.85,0.55,0.45,1.85,0.1,0.15,0.45,0.15,0.2,0.18651915172426795,2.335,-0.25,0.05,0.65,4.615789473684211,1.2105263157894737,0.9473684210526315,0.10526315789473684,2.263157894736842,0.21052631578947367,0.2631578947368421,0.7368421052631579,0.3157894736842105,0.5263157894736842,0.2185528353632469,2.873684210526316,1.1578947368421053,0.0,0.5263157894736842,28.4,9.0,5.0,4.0,18.0,1.0,2.0,3.0,1.0,2.0,0.20704225352112676,22.0,-25.0,1.0,0.0,3.323684210526316,0.8157894736842105,0.631578947368421,0.18421052631578946,1.631578947368421,0.13157894736842105,0.15789473684210525,0.5263157894736842,0.21052631578947367,0.3157894736842105,0.20512560690465256,2.086842105263158,1.105263157894737,0.0,0.6052631578947368,2.8260869565217392,0.782608695652174,0.5217391304347826,0.21739130434782608,1.5217391304347827,0.08695652173913043,0.13043478260869565,0.4782608695652174,0.17391304347826086,0.2608695652173913,0.2192499871302802,1.8652173913043477,2.217391304347826,0.0,1.0,5.606249999999999,1.375,1.0625,0.375,2.8125,0.25,0.3125,0.75,0.3125,0.5,0.19116094723039778,3.65,-2.125,0.0625,0.0,2.288267322982719,1.5680686866996056,0.7591102114254679,4.12915639369796,5.9509545158002,39,0.09999999999999987,0.19999999999999996,0.30000000000000004,1.948717948717949,1.1199999999999992,-0.13619138267329678
,0.0,11.1,0.7000000000000001,6.8,5.8,4.3,4.6,1.4,4,2.9,2.3,2,0.30000000000000004,-0.01,13.2,,,,,0.0,7.3,23.1,-0.31,-0.31,30.6,0.15,35,1,-0.31,30.6,0.15,35,1,-0.9,30.6,-1.15,-0.13,21.1,63.0,-0.77,0.0,16.0,71.8,-0.08,-0.18,0.0,0.0,16.1,59.9,0.05,-0.1,-0.33,70.4,-0.01,17.0,58.8,-0.16,-0.01,-0.05,-0.1,15.9,52.1,0.0,14.2,59.9,-0.31,30.6,35,1,-0.14,7.1,-0.16,5.3,121.0,33.3,-18.2,,2.43928128234406,0.598870894879727,0.0,,,0,0,33.3,9,3,5.0,0.7000000000000001,66.7,66.7,-11.9,,6,4,8.3,6,1642796,0.0,11.1,2.2,35,5.8,Rayah Marshall,-33.6,0.12,18.5,35.0,8.2,-2.58,5.4,87.4,77.8,5.8,4.11,4.6,4,,5.3,69,1.7000000000000002,8.01802581578623,13.281223165280686,2.754828466291774,10.5,0.304224673053745,1.968515205779933,9.593425972143242,0.0,9.6,0.0,32.2,,baseline,14.5,10.6,11.4,10,-2.73,30.6,low,low_sample,0,0.0,-2.47,-3.0,-2.77,0.034,0.023,,True,True,230,-6,0.21,False,5.6,13.0,9.3,10.3,9,100.0,77.8,11.1,18.3,1.5,2026-27,1.0,66.7,-15.2,-29.2,0.0,0.0,0.0,0,2.06,CON,0.0,0.5,6.4,4.3,3.4,3,43.0,-13.0,,16.4,3.190909090909091,0.9090909090909091,0.8181818181818182,0.36363636363636365,2.090909090909091,0.18181818181818182,0.2727272727272727,0.8181818181818182,0.0,0.5454545454545454,0.43460720206650216,2.709090909090909,-1.4545454545454546,0.0,0.36363636363636365,2.6333333333333333,0.6666666666666666,1.0,1.0,2.6666666666666665,0.3333333333333333,0.0,0.3333333333333333,0.0,0.0,0.06666666666666667,4.366666666666666,-2.3333333333333335,0.0,0.3333333333333333,3.6,0.8,0.8,0.6,2.2,0.4,0.0,0.6,0.0,0.0,0.11045104510451047,3.8600000000000003,-1.6,0.0,0.2,3.15,1.0,0.8,0.4,2.2,0.2,0.1,0.7,0.0,0.6,0.2993064202575803,3.06,-0.9,0.0,0.4,2.3857142857142857,0.42857142857142855,0.2857142857142857,0.0,0.7142857142857143,0.14285714285714285,0.14285714285714285,0.7142857142857143,0.0,0.2857142857142857,0.32837219205791546,1.0571428571428572,-1.5714285714285714,0.0,0.5714285714285714,4.6,1.75,1.75,1.0,4.5,0.25,0.5,1.0,0.0,1.0,0.5408422120750888,5.6,-1.25,0.0,0.0,,,,,,,,,,,,,,,,3.190909090909091,0.9090909090909091,0.8181818181818182,0.36363636363636365,2.090909090909091,0.18181818181818182,0.2727272727272727,0.8181818181818182,0.0,0.5454545454545454,0.43460720206650216,2.709090909090909,-1.4545454545454546,0.0,0.36363636363636365,0.1,0.0,0.0,0.0,0.0,0.0,0.0,0.0,0.0,0.0,0.0,0.0,-0.5,0.0,1.0,4.957142857142857,1.4285714285714286,1.2857142857142858,0.5714285714285714,3.2857142857142856,0.2857142857142857,0.42857142857142855,1.2857142857142858,0.0,0.8571428571428571,0.5215286424798026,4.257142857142857,-2.0,0.0,0.0,1.5782614139961386,1.1677484162422844,0.9244162777371754,3.330301651638946,3.88727527850924,11,-0.9000000000000001,-0.7,-0.10000000000000009,0.10909090909090935,-2.1999999999999997,-0.3241561569619917
,0.0,69.6,0.2,1.6,0.8,0.5,0.7000000000000001,0.33,9,2.2,1.8,24,0.6000000000000001,0.05,74.0,1.2,-28.4,11.4,,0.0,-14.0,4.4,-10.0,-10.0,79.5,-1.34,545,1,-10.0,79.5,-1.34,545,1,1.16,79.5,-0.8200000000000001,-4.5,100.0,0.4,-0.6000000000000001,-0.46,100.0,45.8,-0.43,0.23,0.0,0.1,100.0,69.3,-0.41000000000000003,-0.37,-11.42,0.8,-2.22,100.0,0.8,-0.27,-0.75,-0.77,-0.21,80.0,46.2,-1.9,77.1,8.4,-10.0,79.5,545,1,0.06,9.8,0.5700000000000001,11.7,99.4,55.4,3.9,0.78,6.423408887596893,0.113339047882009,0.0,,,0,0,55.4,56,31,5.9,1.4,3.6,100.0,21.4,,2,2,9.6,41,1629488,0.0,8.9,-6.4,545,13.3,Brianna Turner,5.6,-0.01,12.5,32.2,10.0,-1.34,3.6,105.0,21.4,5.3,3.9,4.3,59,C,12.4,1107,1.6,6.88340532485357,12.146602674348024,1.620207975359114,10.5,0.9331731293527361,0.12145554165348,6.104939915151585,0.0,6.1,0.009629933952614,64.5,,baseline,5.8,4.3,4.7,64,-0.12,52.4,medium,,18,7.0,1.45,-1.69,-0.11,-0.008,0.44,,True,True,102,43,1.223,False,7.8,8.5,6.2,6.9,94,64.1,73.2,69.6,42.7,2.3,2026-27,0.1,3.2,11.3,12.0,0.30000000000000004,1.0,0.8,11,2.31,LVA,0.0,0.6000000000000001,21.1,2.3,1.8,25,56.3,0.30000000000000004,0.26,7.1,12.295454545454545,1.4545454545454546,2.1363636363636362,0.20454545454545456,3.7954545454545454,0.7954545454545454,0.5681818181818182,1.2727272727272727,0.0,0.045454545454545456,0.1343646334265157,6.1431818181818185,0.22727272727272727,0.11363636363636363,0.7045454545454546,14.266666666666666,0.6666666666666666,2.6666666666666665,0.3333333333333333,3.6666666666666665,1.6666666666666667,0.0,1.3333333333333333,0.0,0.0,0.09700176366843033,9.366666666666667,4.333333333333333,0.0,1.0,16.18,1.2,2.8,0.2,4.2,1.4,0.4,2.2,0.0,0.0,0.15348641800254703,8.66,7.4,0.2,1.0,14.170000000000002,0.8,2.4,0.2,3.4,0.8,0.9,1.2,0.0,0.0,0.13480209821194916,5.48,4.3,0.1,0.8,12.622727272727273,1.4545454545454546,2.0454545454545454,0.2727272727272727,3.772727272727273,0.6363636363636364,0.6363636363636364,1.3181818181818181,0.0,0.09090909090909091,0.14296733107743703,5.590909090909091,0.9545454545454546,0.13636363636363635,0.6818181818181818,11.968181818181819,1.4545454545454546,2.227272727272727,0.13636363636363635,3.8181818181818183,0.9545454545454546,0.5,1.2272727272727273,0.0,0.0,0.12617158804468584,6.695454545454544,-0.5,0.09090909090909091,0.7272727272727273,26.139999999999997,4.4,3.2,0.6,8.2,2.0,1.4,3.4,0.0,0.0,0.18134141264594628,13.74,-2.0,1.0,0.6,10.520512820512822,1.0769230769230769,2.0,0.15384615384615385,3.230769230769231,0.6410256410256411,0.46153846153846156,1.0,0.0,0.05128205128205128,0.12784008075715034,5.1692307692307695,0.5128205128205128,0.0,0.717948717948718,11.970967741935487,1.2258064516129032,2.2580645161290325,0.22580645161290322,3.7096774193548385,0.8709677419354839,0.5161290322580645,1.3225806451612903,0.0,0.0,0.13236864241734655,6.370967741935483,4.193548387096774,0.0967741935483871,1.0,13.069230769230769,2.0,1.8461538461538463,0.15384615384615385,4.0,0.6153846153846154,0.6923076923076923,1.1538461538461537,0.0,0.15384615384615385,0.13980824526970423,5.6,-9.23076923076923,0.15384615384615385,0.0,1.9936474164559914,1.7332709914522095,0.40803245735839216,3.3728019230069415,7.569920725383027,44,-0.40000000000000013,0.5,0.0,0.40454545454545476,2.879999999999999,0.019121784576031337
,0.0,37.5,0.6000000000000001,2.0,2.9,2.2,2.4,6.0,4,0.0,0.0,0,0.0,-0.12,15.0,,,,,0.0,22.6,4.8,-1.52,-1.52,32.7,-0.09,68,1,-1.52,32.7,-0.09,68,1,-0.47000000000000003,32.7,-0.9400000000000001,-1.07,33.0,38.2,-0.21,-0.23,25.1,54.6,-0.89,-0.98,0.0,-0.1,23.9,45.4,0.23,-0.52,-1.02,51.7,-0.01,26.8,60.5,-0.42,-0.29,-0.25,0.53,25.3,76.9,-0.17,22.4,43.7,-1.52,32.7,68,1,-0.2,6.1,0.29,4.4,110.3,25.0,-26.5,,0.0,0.0,0.0,,,0,0,25.0,8,2,3.6,1.6,125.0,70.0,-8.6,,10,7,2.8,7,1628920,100.0,12.5,-9.7,68,9.7,Mercedes Russell,17.7,0.08,7.9,47.6,12.2,-0.5,0.4,128.0,50.0,7.9,5.82,6.5,11,,2.8,139,1.6,0.0,5.263197349494455,0.0,5.3,0.624122363725182,0.0,5.981611931923671,0.0,6.0,0.009923002699698001,52.8,,baseline,7.9,5.9,6.5,11,-0.04,40.2,low,low_sample,14,5.36,1.42,-1.51,-0.1,0.057,0.40800000000000003,,True,True,95,-5,1.1440000000000001,False,2.6,5.8,4.1,4.7,8,33.3,162.5,37.5,32.6,1.1,2026-27,0.0,0.0,-3.4,-10.8,0.6000000000000001,2.9,2.4,4,2.12,IND,0.0,0.1,4.2,0.7000000000000001,0.6000000000000001,1,44.4,-11.6,,9.0,5.650000000000001,0.9166666666666666,0.6666666666666666,0.3333333333333333,1.9166666666666667,0.3333333333333333,0.08333333333333333,0.6666666666666666,0.0,0.8333333333333334,0.22938443671390324,3.133333333333333,1.25,0.0,0.6666666666666666,6.033333333333334,0.0,1.0,0.0,1.0,0.3333333333333333,0.0,1.3333333333333333,0.0,0.0,0.22099447513812154,2.1999999999999997,-2.6666666666666665,0.0,0.3333333333333333,9.32,1.2,1.4,0.2,2.8,0.8,0.0,1.2,0.0,0.8,0.16267110432442186,5.58,2.0,0.0,0.6,6.69,1.1,0.8,0.4,2.3,0.4,0.1,0.8,0.0,1.0,0.26761517616622044,3.7599999999999993,1.8,0.0,0.6,6.340000000000001,0.6,1.2,0.2,2.0,0.4,0.0,1.0,0.0,0.4,0.1230086570670379,3.54,2.6,0.0,0.8,5.157142857142857,1.1428571428571428,0.2857142857142857,0.42857142857142855,1.8571428571428572,0.2857142857142857,0.14285714285714285,0.42857142857142855,0.0,1.1428571428571428,0.3091662714490523,2.8428571428571425,0.2857142857142857,0.0,0.5714285714285714,,,,,,,,,,,,,,,,5.650000000000001,0.9166666666666666,0.6666666666666666,0.3333333333333333,1.9166666666666667,0.3333333333333333,0.08333333333333333,0.6666666666666666,0.0,0.8333333333333334,0.22938443671390324,3.133333333333333,1.25,0.0,0.6666666666666666,5.875,1.375,0.625,0.5,2.5,0.375,0.125,0.375,0.0,1.25,0.2028652422977662,3.8749999999999996,3.375,0.0,1.0,5.2,0.0,0.75,0.0,0.75,0.25,0.0,1.25,0.0,0.0,0.29568242275424594,1.65,-3.0,0.0,0.0,1.3789543689024493,1.1547005383792515,0.8876253645985945,2.7455197664338145,7.241107398985073,12,-0.40000000000000013,0.2999999999999998,-0.4000000000000001,0.8833333333333331,-0.379999999999999,-0.06671333238948138
,0.0,46.7,0.30000000000000004,4.5,2.2,1.6,1.8,0.5,3,3.6,2.9,5,0.5,0.18,15.0,,,,,0.0,-3.9,10.8,-1.5899999999999999,-2.23,35.5,0.14,195,2,-1.5899999999999999,36.1,0.78,500,3,-0.32,36.1,-0.92,-1.57,41.8,23.5,-0.59,0.11,34.0,81.9,0.46,0.07,-0.92,0.24,36.8,73.5,-0.15,-0.13,-3.5300000000000002,51.1,-0.19,34.7,44.5,-0.04,-0.29,-0.48,-0.68,31.5,26.5,-0.19,28.6,42.4,-1.5899999999999999,36.1,500,3,0.16,11.3,-0.24,18.3,85.5,46.7,-4.8,,,,0.0,,,0,0,46.7,15,7,3.2,1.9,20.0,0.0,-78.6,,3,0,19.3,10,1629479,0.0,20.0,,68,6.8,Teaira McCowan,24.8,0.03,13.2,22.2,5.8,0.96,8.1,110.3,33.3,13.9,10.06,11.2,19,,14.6,137,1.4,,,,,,,,,,,,,,10.2,7.4,8.2,14,0.47000000000000003,34.9,low,low_sample,33,12.85,2.38,-1.44,0.34,0.134,0.539,,True,True,62,70,1.491,False,15.2,17.5,12.7,14.1,24,71.4,66.7,46.7,35.2,2.4,2026-27,0.2,14.3,0.1,-5.0,0.1,0.7000000000000001,0.6000000000000001,1,3.18,MIN,0.0,0.6000000000000001,13.0,4.4,3.5,6,42.9,-13.1,,14.1,6.218181818181819,1.2727272727272727,2.1818181818181817,0.2727272727272727,3.727272727272727,0.5454545454545454,0.5454545454545454,1.3636363636363635,0.0,0.2727272727272727,0.30262943717678337,5.3909090909090915,3.8181818181818183,0.0,0.8181818181818182,4.1000000000000005,0.6666666666666666,1.0,0.0,1.6666666666666667,0.6666666666666666,0.0,0.6666666666666666,0.0,0.0,0.1684931506849315,3.866666666666667,3.3333333333333335,0.0,0.6666666666666666,5.14,0.8,1.6,0.2,2.6,0.6,0.2,1.0,0.0,0.6,0.29196086105675145,4.619999999999999,3.2,0.0,0.8,5.88,1.4,2.0,0.2,3.6,0.4,0.4,1.3,0.0,0.3,0.28995863390012966,4.9,3.1,0.0,0.8,5.68,1.2,2.4,0.4,4.0,0.4,0.2,1.4,0.0,0.4,0.3214565826330532,5.68,3.2,0.0,0.8,6.666666666666667,1.3333333333333333,2.0,0.16666666666666666,3.5,0.6666666666666666,0.8333333333333334,1.3333333333333333,0.0,0.16666666666666666,0.28380229172051347,5.1499999999999995,4.333333333333333,0.0,0.8333333333333334,,,,,,,,,,,,,,,,6.218181818181819,1.2727272727272727,2.1818181818181817,0.2727272727272727,3.727272727272727,0.5454545454545454,0.5454545454545454,1.3636363636363635,0.0,0.2727272727272727,0.30262943717678337,5.3909090909090915,3.8181818181818183,0.0,0.8181818181818182,6.8,1.3333333333333333,2.4444444444444446,0.3333333333333333,4.111111111111111,0.5555555555555556,0.6666666666666666,1.5555555555555556,0.0,0.3333333333333333,0.3532867964709792,5.7666666666666675,4.888888888888889,0.0,1.0,3.6,1.0,1.0,0.0,2.0,0.5,0.0,0.5,0.0,0.0,0.1,3.7,-1.0,0.0,0.0,2.053821272209882,1.8877596148970779,0.4670993664969138,3.6902820784029258,4.3150476664385025,11,-0.5999999999999999,-0.7999999999999998,-0.10000000000000003,-1.127272727272727,-1.6600000000000001,-0.010668576120031914
,0.0,60.0,0.30000000000000004,2.8,3.2,2.2,2.7,0.43,1,6.5,5.3,2,0.7000000000000001,0.04,12.1,,,,,0.0,-10.8,9.3,-1.25,-1.25,29.7,-0.06,15,1,-1.25,29.7,-0.06,15,1,-0.63,29.7,-1.12,-0.81,11.5,44.1,-0.55,0.0,8.7,71.8,0.04,0.09,0.0,0.0,8.3,59.9,0.09,-0.11,-1.71,56.3,0.0,9.0,66.4,-0.04,-0.22,-0.5,-0.44,8.6,34.9,0.0,7.6,59.9,-1.25,29.7,15,1,0.15,27.8,-0.03,25.0,133.2,40.0,-11.5,,,,0.0,,,0,0,40.0,5,2,6.0,1.7000000000000002,0.0,0.0,,,0,0,21.2,3,1630108,0.0,20.0,,15,5.0,Mariella Fasoula,-33.1,-0.11,21.6,9.6,19.2,-0.23,1.1,100.1,20.0,16.1,12.0,13.3,5,,27.4,31,1.3,,,,,,,,,,,,,,12.9,9.4,10.7,4,-0.26,24.6,low,low_sample,37,14.3,-0.25,-0.27,-0.26,0.001,0.0,,True,True,119,-10,0.009000000000000001,False,20.6,9.7,7.2,8.0,3,33.3,60.0,60.0,17.3,1.0,2026-27,0.7000000000000001,0.0,6.1,4.4,0.30000000000000004,3.2,2.7,1,7.2,TOR,0.0,0.7000000000000001,19.1,6.5,5.3,2,40.0,-16.0,,18.4,2.5500000000000003,0.6666666666666666,0.5,0.16666666666666666,1.3333333333333333,0.5,0.3333333333333333,0.8333333333333334,0.0,0.0,0.2951227089158124,2.683333333333333,-0.3333333333333333,0.0,0.5,4.666666666666667,1.3333333333333333,0.6666666666666666,0.3333333333333333,2.3333333333333335,1.0,0.6666666666666666,1.6666666666666667,0.0,0.0,0.4426840633737186,4.966666666666666,0.0,0.0,0.3333333333333333,2.8,0.8,0.4,0.2,1.4,0.6,0.4,1.0,0.0,0.0,0.4426840633737186,2.9799999999999995,0.0,0.0,0.6,2.5500000000000003,0.6666666666666666,0.5,0.16666666666666666,1.3333333333333333,0.5,0.3333333333333333,0.8333333333333334,0.0,0.0,0.2951227089158124,2.683333333333333,-0.3333333333333333,0.0,0.5,1.4000000000000001,0.0,0.6666666666666666,0.0,0.6666666666666666,0.0,0.3333333333333333,0.0,0.0,0.0,0.1724137931034483,0.4666666666666666,0.0,0.0,0.3333333333333333,3.6999999999999997,1.3333333333333333,0.3333333333333333,0.3333333333333333,2.0,1.0,0.3333333333333333,1.6666666666666667,0.0,0.0,0.5405405405405406,4.8999999999999995,-0.6666666666666666,0.0,0.6666666666666666,,,,,,,,,,,,,,,,2.5500000000000003,0.6666666666666666,0.5,0.16666666666666666,1.3333333333333333,0.5,0.3333333333333333,0.8333333333333334,0.0,0.0,0.2951227089158124,2.683333333333333,-0.3333333333333333,0.0,0.5,0.0,0.0,0.0,0.0,0.0,0.0,0.0,0.0,0.0,0.0,,0.0,0.0,0.0,1.0,5.1000000000000005,1.3333333333333333,1.0,0.3333333333333333,2.6666666666666665,1.0,0.6666666666666666,1.6666666666666667,0.0,0.0,0.2951227089158124,5.366666666666666,-0.6666666666666666,0.0,0.0,1.632993161855452,0.5477225575051662,0.408248290463863,2.3380903889000244,4.342695015770737,6,-0.5,-0.6,-0.10000000000000003,0.06666666666666665,-2.2,0.1475613544579062
33.3,47.4,68.4,0.5,14.7,4.9,3.5,3.8,1.25,5,1.0,0.8,1,0.1,0.09,14.1,,,,,0.0,14.6,19.1,-1.3900000000000001,-1.3900000000000001,32.9,-0.08,52,1,-1.3900000000000001,32.9,-0.08,52,1,-0.77,32.9,-0.77,-0.4,38.8,56.3,0.36,0.02,29.6,78.6,0.18,0.46,0.0,-0.05,27.5,50.4,-0.47000000000000003,-0.09,-1.9,55.0,-0.01,30.9,60.1,-0.42,-0.21,-0.30000000000000004,-1.03,29.0,15.1,0.0,28.9,55.0,-1.3900000000000001,32.9,52,1,-0.12,0.2,-0.04,1.3,114.2,28.9,-22.6,,1.163433433873248,0.31636599830226403,33.3,-0.7000000000000001,,9,3,21.1,19,4,1.4,0.7000000000000001,10.5,100.0,21.4,,2,2,2.2,10,1643473,0.0,10.5,-3.1,52,5.2,Taina Mair,-30.6,0.21,19.4,40.2,6.9,-0.37,1.6,83.6,21.1,6.8,4.85,5.4,7,,-2.2,103,1.3,2.119278645020594,7.38247599451505,0.0,7.4,0.5489761512044781,0.576283683012719,6.565455758492416,0.0,6.6,0.021231689486755002,48.2,,baseline,12.6,9.0,10.0,13,-0.42,35.2,low,low_sample,24,9.6,-0.16,-0.67,-0.43,0.009000000000000001,0.021,,True,True,146,-12,0.2,False,1.4,3.9,2.8,3.1,4,25.0,31.6,21.1,24.5,0.4,2026-27,0.0,25.0,-2.5,-2.1,0.0,0.0,0.0,0,0.6900000000000001,SEA,47.4,0.4,6.4,3.9,3.1,4,32.7,-23.3,,19.8,3.42,0.8666666666666667,0.26666666666666666,0.3333333333333333,1.4666666666666666,0.06666666666666667,0.26666666666666666,1.2666666666666666,0.6,0.13333333333333333,0.4385565702566466,1.62,-1.9333333333333333,0.0,0.13333333333333333,4.5,0.0,0.3333333333333333,0.3333333333333333,0.6666666666666666,0.3333333333333333,0.0,1.0,0.6666666666666666,0.0,0.1865079365079365,1.9000000000000001,4.333333333333333,0.0,0.3333333333333333,6.18,1.2,0.4,0.4,2.0,0.2,0.4,2.2,1.2,0.0,0.34980055684528794,2.4799999999999995,-1.8,0.0,0.2,4.8100000000000005,1.3,0.4,0.4,2.1,0.1,0.4,1.8,0.9,0.2,0.4525628558407184,2.28,-2.8,0.0,0.1,3.8857142857142857,0.2857142857142857,0.42857142857142855,0.42857142857142855,1.1428571428571428,0.14285714285714285,0.2857142857142857,1.0,0.14285714285714285,0.2857142857142857,0.2802678037377473,1.5857142857142859,-1.8571428571428572,0.0,0.14285714285714285,3.0125,1.375,0.125,0.25,1.75,0.0,0.25,1.5,1.0,0.0,0.6759897200349956,1.65,-2.0,0.0,0.125,,,,,,,,,,,,,,,,3.42,0.8666666666666667,0.26666666666666666,0.3333333333333333,1.4666666666666666,0.06666666666666667,0.26666666666666666,1.2666666666666666,0.6,0.13333333333333333,0.4385565702566466,1.62,-1.9333333333333333,0.0,0.13333333333333333,3.5,0.0,0.5,0.0,0.5,0.5,0.0,0.5,0.0,0.0,0.14285714285714285,2.1,2.5,0.0,1.0,3.4076923076923076,1.0,0.23076923076923078,0.38461538461538464,1.6153846153846154,0.0,0.3076923076923077,1.3846153846153846,0.6923076923076923,0.15384615384615385,0.4714120621899249,1.5461538461538462,-2.6153846153846154,0.0,0.0,1.9591057240729095,0.5936168397046636,0.48795003647426666,2.474633209954462,3.7183329598087367,15,-0.10000000000000009,0.0,-0.09999999999999998,0.5333333333333334,0.9799999999999995,-0.08875601341135869
0.0,11.1,55.6,0.4,5.8,3.0,2.3,2.7,0.44,3,0.0,0.0,0,0.0,-0.66,13.7,,,,33.3,33.3,-2.6,19.6,-1.71,-1.71,31.3,-0.11,45,1,-1.71,31.3,-0.11,45,1,-0.51,31.3,-1.22,-1.31,28.8,31.1,-0.01,-0.01,21.7,65.5,0.03,0.15,0.0,-0.02,20.3,52.5,-0.49,-0.21,-2.21,48.1,-0.03,22.6,57.1,-0.44,-0.34,-0.47000000000000003,-0.24,21.7,42.9,-0.01,19.9,52.9,-1.71,31.3,45,1,-0.24,1.5,0.03,4.7,104.1,27.8,-23.7,,,,25.0,-9.0,,4,1,22.2,9,2,1.7000000000000002,0.9,66.7,66.7,-11.9,,6,4,5.8,7,1643479,0.0,11.1,,45,6.4,Ndjakalenga Mwenentanda,8.6,-0.42,27.2,38.4,12.0,-0.18,3.5,112.7,33.3,5.9,4.8,5.3,6,,1.5,101,1.3,,,,,,,,,,,,,,8.9,7.3,8.0,9,-0.15,33.3,low,low_sample,49,20.14,-0.02,-0.28,-0.15,-0.001,0.006,,True,True,108,-4,0.10300000000000001,False,4.1,8.9,7.3,8.0,9,100.0,77.8,11.1,28.3,1.3,2026-27,0.30000000000000004,50.0,-4.8,-7.6,0.1,1.0,0.9,1,0.8,LAS,44.4,0.9,12.7,5.9,5.3,6,38.7,-17.3,,16.8,8.486363636363636,2.25,1.8409090909090908,0.34090909090909094,4.431818181818182,0.25,1.2954545454545454,2.0454545454545454,0.7954545454545454,1.5,0.2860269934769786,4.425,0.6363636363636364,0.25,0.5227272727272727,7.9,2.25,1.75,0.25,4.25,0.25,1.25,2.0,0.75,1.5,0.4801347950347652,4.225,0.5,0.25,0.25,8.116666666666667,2.25,1.75,0.41666666666666663,4.416666666666667,0.25,1.25,2.0,0.75,1.5,0.2400673975173826,4.475,0.6666666666666666,0.25,0.41666666666666663,8.64375,2.25,1.875,0.375,4.5,0.25,1.3125,2.0625,0.8125,1.5,0.29751689246687757,4.5,0.8125,0.25,0.5,10.716666666666667,3.0,1.1666666666666667,0.6666666666666666,4.833333333333333,0.5,1.5833333333333333,2.5833333333333335,1.0833333333333333,3.0,0.34665008802064645,5.316666666666666,2.1666666666666665,0.5,0.8333333333333333,6.2,1.5,2.5,0.0,4.0,0.0,1.0,1.5,0.5,0.0,0.21008403361344538,3.5,-1.0,0.0,0.2,19.7,6.0,2.0,1.0,9.0,1.0,3.0,5.0,2.0,6.0,0.5401015228426397,9.9,3.0,1.0,1.0,6.536363636363637,1.5,2.590909090909091,0.09090909090909091,4.181818181818182,0.0,1.0454545454545454,1.5454545454545454,0.5454545454545454,0.0,0.25604362957304133,3.7,-0.36363636363636365,0.0,0.2727272727272727,10.625,3.0,1.0833333333333333,0.6666666666666666,4.75,0.5,1.5,2.5833333333333335,1.0833333333333333,3.0,0.29277803414859255,5.3,1.1666666666666667,0.5,1.0,6.3100000000000005,1.5,2.6,0.0,4.1,0.0,1.1,1.5,0.5,0.0,0.34897292250233425,3.52,0.19999999999999996,0.0,0.0,1.797434068545834,1.4366984945013914,0.4385290096535146,3.1235252930639534,5.954851501948341,13,0.95,0.44999999999999996,0.016666666666666607,-0.015151515151514694,1.7166666666666668,-0.04595959595959598
,0.0,66.7,0.0,0.0,0.0,0.0,0.0,,0,0.0,0.0,0,0.0,-0.08,11.6,3.5,0.0,0.0,100.0,33.3,0.0,9.4,-1.06,-1.06,29.6,-0.03,7,1,-1.06,29.6,-0.03,7,1,-0.92,29.6,-0.64,-0.62,10.0,50.8,-0.04,0.0,7.1,71.8,-0.28,-0.6000000000000001,0.0,0.0,6.5,59.9,-0.21,-0.19,-1.16,60.3,0.0,7.5,66.4,-0.04,-0.06,0.02,-0.22,7.4,45.8,0.0,6.5,59.9,-1.06,29.6,7,1,-0.19,0.2,-0.02,0.9,129.0,83.3,31.8,,,,100.0,66.0,,1,1,66.7,3,2,,0.0,0.0,0.0,,,0,0,0.6000000000000001,4,1643440,0.0,33.3,,7,1.8,Darianna Littlepage-Buggs,-32.0,0.11,20.6,20.6,10.3,-0.24,0.0,97.0,0.0,0.0,0.0,0.0,0,,0.9,15,1.3,,,,,,,,,,,,,,33.3,26.0,28.6,5,-0.26,22.2,low,"low_sample,collinear_lineup",24,8.5,-0.18,-0.34,-0.27,0.005,0.002,,True,True,121,-10,0.061,False,0.6000000000000001,6.7,6.0,5.7,1,100.0,33.3,33.3,18.4,0.30000000000000004,2026-27,0.0,0.0,1.6,1.5,0.0,0.0,0.0,0,0.0,WAS,33.3,0.0,0.0,0.0,0.0,0,83.3,27.3,,20.8,0.3318181818181818,0.22727272727272727,0.045454545454545456,0.0,0.2727272727272727,0.0,0.0,0.13636363636363635,0.045454545454545456,0.0,0.27252906976744184,0.2818181818181818,-0.09090909090909091,0.0,0.7272727272727273,1.4333333333333333,1.6666666666666667,0.3333333333333333,0.0,2.0,0.0,0.0,0.6666666666666666,0.3333333333333333,0.0,0.46511627906976744,2.066666666666667,1.3333333333333333,0.0,0.6666666666666666,1.1800000000000002,1.0,0.2,0.0,1.2,0.0,0.0,0.6,0.2,0.0,0.5450581395348837,1.24,0.0,0.0,0.8,0.7,0.5,0.1,0.0,0.6,0.0,0.0,0.3,0.1,0.0,0.3633720930232558,0.62,-0.2,0.0,0.9,0.1,0.0,0.0,0.0,0.0,0.0,0.0,0.0,0.0,0.0,0.0,0.0,-0.18181818181818182,0.0,0.8181818181818182,0.5636363636363636,0.45454545454545453,0.09090909090909091,0.0,0.5454545454545454,0.0,0.0,0.2727272727272727,0.09090909090909091,0.0,0.3633720930232558,0.5636363636363636,0.0,0.0,0.6363636363636364,,,,,,,,,,,,,,,,0.3318181818181818,0.22727272727272727,0.045454545454545456,0.0,0.2727272727272727,0.0,0.0,0.13636363636363635,0.045454545454545456,0.0,0.27252906976744184,0.2818181818181818,-0.09090909090909091,0.0,0.7272727272727273,0.4375,0.3125,0.0625,0.0,0.375,0.0,0.0,0.1875,0.0625,0.0,0.3633720930232558,0.3875,-0.125,0.0,1.0,0.049999999999999996,0.0,0.0,0.0,0.0,0.0,0.0,0.0,0.0,0.0,0.0,0.0,0.0,0.0,0.0,1.0660035817780522,0.21320071635561044,0.0,1.2792042981336627,0.9741352031106328,22,-0.30000000000000004,-0.10000000000000003,0.0,0.9272727272727272,-0.6199999999999999,0.27252906976744184
0.0,33.3,66.7,0.5,8.4,4.3,2.9,3.5,2.5,7,0.0,0.0,0,0.0,-0.18,15.7,1.2,0.0,0.0,0.0,16.7,16.0,9.6,-2.94,-2.94,36.1,-0.26,81,1,-2.94,36.1,-0.26,81,1,-0.14,36.1,-1.06,-1.45,50.0,26.5,0.17,-0.04,40.7,63.9,-0.23,-0.01,0.0,-0.15,37.4,43.7,-0.5,-0.33,-3.29,33.2,0.01,41.3,70.6,-0.45,-0.30000000000000004,-0.39,-0.9,37.7,21.0,-0.09,37.4,49.2,-2.94,36.1,81,1,0.02,7.1,-0.02,4.7,111.2,16.7,-34.8,,,,0.0,-34.0,,9,0,16.7,18,3,4.5,0.8,88.9,56.3,-22.3,,16,9,4.1,13,1643487,0.0,5.6,,81,6.2,Quionche Carter,-12.2,-0.2,14.7,35.6,15.1,-0.26,1.7000000000000002,99.0,27.8,6.7,4.89,5.4,11,,4.3,164,1.2,,,,,,,,,,,,,,9.1,7.0,7.4,15,-0.28,44.0,low,low_sample,29,10.31,-0.07,-0.48,-0.31,0.032,0.013000000000000001,,True,True,124,-10,0.16,False,3.3,5.5,4.1,4.4,9,33.3,105.6,16.7,38.7,0.7000000000000001,2026-27,0.0,0.0,-2.3,-2.4,0.4,3.0,2.5,5,2.22,PHX,50.0,0.2,3.0,1.2,1.0,2,30.0,-26.0,,14.8,3.6636363636363645,0.6818181818181818,0.4090909090909091,0.3181818181818182,1.4090909090909092,0.22727272727272727,0.09090909090909091,0.8181818181818182,0.4090909090909091,0.7272727272727273,0.31283418176795813,2.2409090909090916,-1.0909090909090908,0.0,0.36363636363636365,7.466666666666666,1.0,0.6666666666666666,1.0,2.6666666666666665,0.3333333333333333,0.0,1.6666666666666667,1.0,2.6666666666666665,0.38108452950558214,4.3,6.0,0.0,0.6666666666666666,5.220000000000001,0.6,0.4,0.6,1.6,0.2,0.0,1.2,0.6,1.6,0.33760108828220287,2.5799999999999996,4.2,0.0,0.6,4.35,0.5,0.4,0.4,1.3,0.3,0.0,1.1,0.7,1.0,0.35184527718583447,2.4799999999999995,0.1,0.0,0.4,3.31,0.7,0.2,0.3,1.2,0.2,0.0,0.9,0.5,0.7,0.279573782942204,1.9899999999999998,-1.4,0.0,0.3,3.9583333333333335,0.6666666666666666,0.5833333333333334,0.3333333333333333,1.5833333333333333,0.25,0.16666666666666666,0.75,0.3333333333333333,0.75,0.33362193103405446,2.4499999999999997,-0.8333333333333334,0.0,0.4166666666666667,,,,,,,,,,,,,,,,3.6636363636363645,0.6818181818181818,0.4090909090909091,0.3181818181818182,1.4090909090909092,0.22727272727272727,0.09090909090909091,0.8181818181818182,0.4090909090909091,0.7272727272727273,0.31283418176795813,2.2409090909090916,-1.0909090909090908,0.0,0.36363636363636365,6.1,0.875,0.875,0.5,2.25,0.375,0.25,1.25,0.625,1.125,0.3636154746386567,3.55,0.5,0.0,1.0,2.2714285714285714,0.5714285714285714,0.14285714285714285,0.21428571428571427,0.9285714285714286,0.14285714285714285,0.0,0.5714285714285714,0.2857142857142857,0.5,0.26930735930735933,1.4928571428571427,-2.0,0.0,0.0,1.4271638086766831,0.7341396590302414,0.6463349888014092,2.2394533965125314,4.438955846179258,22,-0.6,-0.30000000000000004,0.09999999999999998,0.19090909090909092,-0.9799999999999995,0.024766906514244735
33.3,50.0,83.3,0.2,4.8,3.0,2.2,2.4,2.0,2,0.0,0.0,0,0.0,-0.23,13.0,,,,,0.0,10.2,11.9,-0.9400000000000001,-0.9400000000000001,31.4,-0.03,33,1,-0.9400000000000001,31.4,-0.03,33,1,-0.8,31.4,-0.58,-1.23,35.3,33.6,0.04,0.0,26.2,71.8,0.06,0.12,0.0,0.0,24.4,59.9,-0.64,0.06,-1.23,62.2,0.0,27.2,62.2,0.06,0.04,0.14,0.4,26.0,73.1,0.0,24.1,59.9,-0.9400000000000001,31.4,33,1,-0.09,-0.2,0.01,1.8,90.7,75.0,23.5,,0.0,0.0,33.3,-0.7000000000000001,,3,1,66.7,6,4,0.0,0.1,33.3,100.0,21.4,,2,2,2.4,10,1643686,100.0,16.7,-3.3,33,3.3,Nadia Fingall,-29.1,-0.14,25.1,24.0,5.5,-0.45,1.8,61.6,0.0,1.5,1.09,1.2,1,,0.7000000000000001,66,1.1,0.0,5.263197349494455,0.0,5.3,0.140785850888449,0.0,5.981565614567175,0.0,6.0,0.033180029170116004,31.6,,baseline,16.7,12.0,13.3,11,-0.44,29.6,low,"low_sample,collinear_lineup",42,15.14,-0.32,-0.56,-0.39,-0.046,0.004,,True,True,151,-12,0.09,False,1.5,7.6,5.5,6.1,5,100.0,66.6,33.3,11.5,0.5,2026-27,0.4,25.0,3.1,7.2,0.0,0.0,0.0,0,0.0,GSV,50.0,0.1,3.2,1.5,1.2,1,79.9,23.9,,11.5,1.032258064516129,0.3548387096774194,0.16129032258064516,0.06451612903225806,0.5806451612903226,0.0,0.03225806451612903,0.1935483870967742,0.0967741935483871,0.06451612903225806,0.20777982645704052,0.6129032258064516,-0.7741935483870968,0.0,0.8064516129032258,2.4,0.6666666666666666,0.6666666666666666,0.0,1.3333333333333333,0.0,0.0,0.3333333333333333,0.3333333333333333,0.6666666666666666,0.26111111111111107,1.4666666666666668,-3.6666666666666665,0.0,1.0,3.78,1.2,0.8,0.2,2.2,0.0,0.2,0.8,0.4,0.4,0.3526143790849673,2.2600000000000002,-2.4,0.0,1.0,2.2,0.6,0.4,0.2,1.2,0.0,0.1,0.4,0.2,0.2,0.23507625272331154,1.28,-1.3,0.0,0.8,0.49375,0.0,0.0,0.0625,0.0625,0.0,0.0,0.0,0.0,0.0,0.0,0.09375,-0.875,0.0,0.8125,1.6066666666666665,0.7333333333333333,0.3333333333333333,0.06666666666666667,1.1333333333333333,0.0,0.06666666666666667,0.4,0.2,0.13333333333333333,0.2968283235100579,1.1666666666666667,-0.6666666666666666,0.0,0.8,,,,,,,,,,,,,,,,1.032258064516129,0.3548387096774194,0.16129032258064516,0.06451612903225806,0.5806451612903226,0.0,0.03225806451612903,0.1935483870967742,0.0967741935483871,0.06451612903225806,0.20777982645704052,0.6129032258064516,-0.7741935483870968,0.0,0.8064516129032258,1.1079999999999999,0.36,0.16,0.08,0.6,0.0,0.04,0.2,0.12,0.08,0.20502668055950238,0.632,-1.12,0.0,1.0,0.7166666666666667,0.3333333333333333,0.16666666666666666,0.0,0.5,0.0,0.0,0.16666666666666666,0.0,0.0,0.23255813953488372,0.5333333333333333,0.6666666666666666,0.0,0.0,0.9848311901632073,0.522607194334227,0.24973103811470745,1.5657627225176254,2.0949760693580237,31,0.09999999999999987,0.30000000000000004,0.0,1.6193548387096777,0.48,0.14483455262792677
100.0,10.0,60.0,0.5,5.6,8.3,5.8,7.0,1.67,8,0.0,0.0,0,0.0,-0.14,13.7,,,,,0.0,7.5,19.1,-2.83,-3.64,35.2,-2.54,312,2,-2.83,36.7,-1.73,1125,3,-0.12,36.7,-0.24,-1.34,43.5,29.0,0.11,0.01,32.5,78.2,0.19,0.4,1.69,-0.01,30.2,53.4,-0.38,0.06,-1.58,34.7,0.04,34.0,72.3,-0.1,-0.16,-0.09,0.24,32.2,67.6,-0.04,29.1,51.3,-2.83,36.7,1125,3,0.03,7.7,0.12,9.4,118.9,65.0,13.5,,0.0,0.0,100.0,66.0,,1,1,60.0,10,6,10.0,0.1,40.0,100.0,21.4,,4,4,4.8,15,1628278,25.0,40.0,-3.1,46,3.1,Shatori Walker-Kimbrough,-15.1,-0.18,21.9,26.6,12.5,-0.53,0.0,103.8,0.0,2.1,1.57,1.7000000000000002,2,,11.0,96,1.1,0.0,5.263197349494455,0.0,5.3,0.34662137383725505,0.0,5.981615502378451,0.0,6.0,0.010770905148758001,40.4,,baseline,17.7,12.8,14.8,17,-0.35000000000000003,33.6,low,low_sample,9,3.19,1.13,-1.83,-0.41000000000000003,0.061,0.41200000000000003,,True,True,135,-6,1.155,False,4.8,6.3,4.6,5.2,6,80.0,90.0,50.0,16.3,0.4,2026-27,0.2,50.0,1.9,0.2,0.1,2.1,1.7000000000000002,2,1.57,IND,10.0,0.30000000000000004,6.0,4.2,3.5,4,72.3,16.3,,15.8,1.4956521739130435,0.3695652173913043,0.13043478260869565,0.17391304347826086,0.6739130434782609,0.043478260869565216,0.16521739130434782,0.2956521739130435,0.021739130434782608,0.08695652173913043,0.24391889118633303,0.7521739130434781,-1.4217391304347826,0.0,0.691304347826087,1.7333333333333334,0.0,1.0,0.0,1.0,0.0,0.6666666666666666,0.0,0.0,0.0,0.23255813953488372,0.5333333333333333,0.0,0.0,1.0,2.48,0.8,0.6,0.4,1.8,0.0,0.6,0.6,0.0,0.0,0.2677942212825934,1.52,1.8,0.0,1.0,2.0999999999999996,0.9,0.4,0.6,1.9,0.1,0.3,0.5,0.1,0.0,0.22614852847410985,2.2800000000000002,0.3,0.0,0.9,1.6201923076923077,0.38461538461538464,0.11538461538461539,0.15384615384615385,0.6538461538461539,0.038461538461538464,0.2403846153846154,0.3942307692307692,0.0,0.07692307692307693,0.28722692036645525,0.6288461538461537,-1.7884615384615385,0.0,0.5961538461538461,0.8949999999999999,0.35,0.15,0.2,0.7,0.05,0.0,0.1,0.05,0.1,0.07428571428571429,0.9799999999999999,0.0,0.0,0.95,,,,,,,,,,,,,,,,1.4956521739130435,0.3695652173913043,0.13043478260869565,0.17391304347826086,0.6739130434782609,0.043478260869565216,0.16521739130434782,0.2956521739130435,0.021739130434782608,0.08695652173913043,0.24391889118633303,0.7521739130434781,-1.4217391304347826,0.0,0.691304347826087,1.8833333333333333,0.3055555555555556,0.1388888888888889,0.16666666666666666,0.6111111111111112,0.027777777777777776,0.25,0.3055555555555556,0.027777777777777776,0.05555555555555555,0.23209455854223296,0.5555555555555556,-2.138888888888889,0.0,1.0,1.01,0.6,0.1,0.2,0.9,0.1,0.0,0.4,0.0,0.2,0.25416666666666665,1.3199999999999998,-0.8,0.0,0.0,1.617938462279968,0.4986754943620637,0.8967902788460658,2.67137481201036,2.294495368203866,28,-0.30000000000000004,0.19999999999999996,-0.09999999999999998,1.126086956521739,-0.6200000000000001,0.02387533009626036
0.0,33.3,33.3,1.0,2.2,7.7,5.5,6.2,,2,3.8,3.1,1,0.5,-0.16,11.9,,,,,0.0,2.2,26.1,-1.15,-1.4100000000000001,33.0,-1.06,482,2,-1.15,31.3,-0.8,482,2,-0.63,31.3,-0.21,-0.13,8.2,63.4,0.32,0.0,6.5,71.8,-0.06,-0.14,0.8200000000000001,0.0,6.0,59.9,-0.2,-0.01,-0.38,58.0,0.0,6.7,66.4,0.05,0.06,0.11,-0.15,6.2,49.6,0.0,6.0,59.9,-1.15,31.3,482,2,-0.01,11.3,-0.43,0.7000000000000001,108.9,33.3,-18.2,,,,0.0,-34.0,,1,0,33.3,3,1,,0.0,0.0,0.0,,,0,0,0.4,2,1642808,0.0,33.3,,13,6.5,JJ Quinerly,-14.6,-0.14,11.1,33.2,0.0,-0.56,0.0,94.3,33.3,0.0,0.0,0.0,0,,6.2,26,1.0,,,,,,,,,,,,,,7.7,5.5,6.2,2,-1.16,23.5,low,"low_sample,collinear_lineup",10,3.64,0.04,-2.36,-1.08,-0.083,0.316,,True,True,201,4,0.937,False,0.4,3.8,2.8,3.1,1,,0.0,0.0,17.0,0.5,2026-27,0.0,100.0,-16.1,-24.5,0.0,0.0,0.0,0,2.77,DAL,33.3,0.0,0.0,0.0,0.0,0,33.3,-22.7,,11.8,0.9538461538461539,0.15384615384615385,0.07692307692307693,0.15384615384615385,0.38461538461538464,0.07692307692307693,0.0,0.23076923076923078,0.07692307692307693,0.0,0.2943485086342229,0.7076923076923076,-0.3076923076923077,0.0,0.6153846153846154,4.133333333333334,0.6666666666666666,0.3333333333333333,0.6666666666666666,1.6666666666666667,0.3333333333333333,0.0,1.0,0.3333333333333333,0.0,0.2943485086342229,3.0666666666666664,-1.3333333333333333,0.0,0.3333333333333333,2.48,0.4,0.2,0.4,1.0,0.2,0.0,0.6,0.2,0.0,0.2943485086342229,1.8399999999999999,-0.8,0.0,0.6,1.24,0.2,0.1,0.2,0.5,0.1,0.0,0.3,0.1,0.0,0.2943485086342229,0.9199999999999999,-0.4,0.0,0.7,0.43333333333333335,0.3333333333333333,0.0,0.0,0.3333333333333333,0.0,0.0,0.16666666666666666,0.0,0.0,0.3846153846153846,0.3333333333333333,0.0,0.0,0.6666666666666666,1.4000000000000001,0.0,0.14285714285714285,0.2857142857142857,0.42857142857142855,0.14285714285714285,0.0,0.2857142857142857,0.14285714285714285,0.0,0.2040816326530612,1.0285714285714287,-0.5714285714285714,0.0,0.5714285714285714,,,,,,,,,,,,,,,,0.9538461538461539,0.15384615384615385,0.07692307692307693,0.15384615384615385,0.38461538461538464,0.07692307692307693,0.0,0.23076923076923078,0.07692307692307693,0.0,0.2943485086342229,0.7076923076923076,-0.3076923076923077,0.0,0.6153846153846154,0.325,0.25,0.0,0.0,0.25,0.0,0.0,0.125,0.0,0.0,0.3846153846153846,0.25,0.0,0.0,1.0,1.9600000000000002,0.0,0.2,0.4,0.6,0.2,0.0,0.4,0.2,0.0,0.2040816326530612,1.44,-0.8,0.0,0.0,0.554700196225229,0.2773500981126145,0.554700196225229,0.9607689228305228,2.7533662380848725,13,-0.6,-0.3,-0.6,0.6153846153846154,-4.02,0.0
75.0,19.0,76.2,0.30000000000000004,9.0,5.6,3.7,4.8,1.5,8,1.4,1.2,2,0.1,0.15,15.0,1.0,-157.7,0.0,,0.0,6.2,22.7,-1.1400000000000001,-1.1400000000000001,35.0,-0.09,67,1,-1.1400000000000001,35.0,-0.09,67,1,-0.06,35.0,0.16,-0.66,47.4,48.7,0.26,0.15,38.4,82.4,0.47000000000000003,0.2,0.0,0.14,39.8,70.6,0.03,0.15,-1.8399999999999999,58.6,0.03,38.8,71.4,0.28,-0.1,-0.14,-0.65,35.5,28.2,-0.11,34.2,47.5,-1.1400000000000001,35.0,67,1,0.21,13.3,0.1,13.8,88.3,50.0,-1.5,,0.069620360896586,0.014148865621787,75.0,41.0,,4,3,42.9,21,9,4.4,0.7000000000000001,61.9,7.7,-70.9,,13,1,6.8,23,1643469,,0.0,2.4,67,2.9,Indya Nivar,17.7,-0.06,8.1,25.8,5.4,-0.23,1.1,106.0,23.8,11.3,8.6,9.6,16,,12.7,142,1.0,5.339293273799211,10.602490623293667,0.07609592430475501,10.5,0.013039246455748001,1.0850984119216651,8.597602505536365,0.0,8.6,0.0,20.2,,baseline,15.5,12.4,13.1,22,-0.13,40.3,low,low_sample,51,20.46,-0.03,-0.24,-0.15,0.014,0.003,,True,True,104,-4,0.082,False,6.2,12.7,9.9,10.7,18,33.3,119.0,57.1,8.3,0.8,2026-27,0.1,55.6,9.7,12.0,0.2,3.5,3.0,5,3.76,ATL,19.0,0.2,11.0,2.8,2.4,4,41.2,-14.8,,18.7,2.3448275862068972,0.7586206896551724,0.6206896551724138,0.27586206896551724,1.6551724137931034,0.2413793103448276,0.13793103448275862,0.7241379310344828,0.13793103448275862,0.4482758620689655,0.4095125727301926,2.5034482758620693,0.6206896551724138,0.0,0.6206896551724138,0.7000000000000001,0.0,0.3333333333333333,0.3333333333333333,0.6666666666666666,0.0,0.0,0.3333333333333333,0.0,0.0,0.5555555555555556,0.9,1.3333333333333333,0.0,1.0,1.34,1.0,0.2,0.2,1.4,0.0,0.0,0.6,0.2,0.0,0.5152979066022545,1.54,2.0,0.0,1.0,1.34,0.5,0.2,0.1,0.8,0.0,0.1,0.4,0.1,0.0,0.44704289269506664,0.79,0.7,0.0,0.6,3.1000000000000005,1.1538461538461537,0.9230769230769231,0.38461538461538464,2.4615384615384617,0.23076923076923078,0.15384615384615385,0.9230769230769231,0.3076923076923077,0.5384615384615384,0.35992694871942216,3.3769230769230774,-0.07692307692307693,0.0,0.6923076923076923,1.73125,0.4375,0.375,0.1875,1.0,0.25,0.125,0.5625,0.0,0.375,0.46360598074194215,1.79375,1.1875,0.0,0.5625,,,,,,,,,,,,,,,,2.3448275862068972,0.7586206896551724,0.6206896551724138,0.27586206896551724,1.6551724137931034,0.2413793103448276,0.13793103448275862,0.7241379310344828,0.13793103448275862,0.4482758620689655,0.4095125727301926,2.5034482758620693,0.6206896551724138,0.0,0.6206896551724138,1.7333333333333332,1.0555555555555556,0.3888888888888889,0.16666666666666666,1.6111111111111112,0.16666666666666666,0.05555555555555555,0.7222222222222222,0.2222222222222222,0.16666666666666666,0.41467052850094366,2.216666666666667,-0.16666666666666666,0.0,1.0,3.3454545454545457,0.2727272727272727,1.0,0.45454545454545453,1.7272727272727273,0.36363636363636365,0.2727272727272727,0.7272727272727273,0.0,0.9090909090909091,0.4028072302282163,2.972727272727273,1.9090909090909092,0.0,0.0,1.4054783734117287,1.2653004471961893,0.6489855668732951,2.30334945659833,3.006491335058735,29,0.0,-0.6000000000000001,-0.10000000000000003,-0.2551724137931035,-1.5599999999999998,0.1057853338720619
41.7,70.6,82.4,0.2,3.8,3.1,2.6,2.9,2.0,4,0.8,0.7000000000000001,1,0.1,0.04,14.4,,,,0.0,5.9,8.8,8.3,-4.28,-5.93,38.0,-4.49,674,2,-4.28,35.9,-2.84,674,2,-0.58,35.9,-0.35000000000000003,-1.13,45.4,35.7,0.33,-0.03,33.8,64.3,-0.01,0.25,2.84,-0.07,30.7,48.7,-0.02,-0.1,-1.75,23.1,0.0,35.1,61.3,-0.02,-0.17,-0.2,-0.13,33.8,50.0,0.02,31.9,67.2,-4.28,35.9,674,2,-0.1,5.5,0.15,1.4,108.7,50.0,-1.5,,0.0,0.0,38.5,4.5,,13,5,35.3,17,6,,0.0,17.6,100.0,21.4,,3,3,1.0,20,1642801,0.0,5.9,-2.8,56,2.8,Aaliyah Nye,13.2,0.15,10.9,25.7,14.8,-1.77,0.1,121.9,11.8,0.0,0.0,0.0,0,,4.0,127,1.0,0.0,5.263197349494455,0.0,5.3,0.407345343005857,0.0,5.981615502378451,0.0,6.0,0.0,42.9,,baseline,15.7,12.9,14.3,20,-1.5,36.6,low,low_sample,7,2.95,-0.37,-2.62,-1.2,-0.299,0.29,,True,True,213,-10,0.88,False,0.9,4.7,3.9,4.3,6,100.0,23.5,5.9,17.5,0.30000000000000004,2026-27,0.30000000000000004,0.0,-3.4,0.5,0.1,0.8,0.7000000000000001,1,1.29,LAS,76.5,0.1,3.7,2.4,2.1,3,54.6,-1.4,,15.6,4.041666666666667,1.6944444444444444,0.7916666666666666,0.2916666666666667,2.7777777777777777,0.027777777777777776,0.2777777777777778,1.4166666666666667,1.125,0.041666666666666664,0.34561663042236346,2.8875,0.4861111111111111,0.0,0.5972222222222222,3.45,1.5,0.75,0.25,2.5,0.0,0.25,1.25,1.0,0.0,0.43478260869565216,2.525,0.25,0.0,0.75,5.466666666666667,2.0,0.75,0.25,3.0,0.0,0.41666666666666663,1.75,1.5,0.0,0.38268056054617317,2.8583333333333334,1.9166666666666667,0.0,0.75,4.78125,2.0625,0.9375,0.3125,3.3125,0.0625,0.3125,1.625,1.375,0.1875,0.393687933465906,3.53125,1.375,0.0,0.625,0.8222222222222222,0.2777777777777778,0.05555555555555555,0.05555555555555555,0.3888888888888889,0.05555555555555555,0.0,0.3333333333333333,0.2222222222222222,0.0,0.26080246913580246,0.5944444444444444,-0.2222222222222222,0.0,0.6666666666666666,4.222222222222222,1.75,0.8055555555555556,0.3055555555555556,2.861111111111111,0.027777777777777776,0.3055555555555556,1.4166666666666667,1.1388888888888888,0.08333333333333333,0.3434407219289996,2.9527777777777775,0.8333333333333334,0.0,0.6111111111111112,,,,,,,,,,,,,,,,4.041666666666667,1.6944444444444444,0.7916666666666666,0.2916666666666667,2.7777777777777777,0.027777777777777776,0.2777777777777778,1.4166666666666667,1.125,0.041666666666666664,0.34561663042236346,2.8875,0.4861111111111111,0.0,0.5972222222222222,0.63,0.24,0.04,0.04,0.32,0.02,0.04,0.18,0.14,0.06,0.26686874392070814,0.368,0.48,0.0,1.0,7.404545454545455,3.090909090909091,1.5454545454545454,0.5454545454545454,5.181818181818182,0.045454545454545456,0.5,2.6363636363636362,2.090909090909091,0.0,0.3374309868875086,5.3999999999999995,0.18181818181818182,0.0,0.0,1.5020138212424725,0.593947663063032,0.3110117477759048,2.2197868748055596,3.0909218703381764,38,1.0,0.44999999999999996,0.04999999999999999,0.22222222222222232,2.666666666666667,0.03706393012380971
20.0,45.5,54.5,0.9,7.6,9.3,6.4,7.3,1.13,14,0.0,0.0,0,0.0,-0.11,15.4,17.1,-5.5,2.7,,0.0,7.6,24.3,-1.05,-1.05,35.9,-0.06,77,1,-1.05,35.9,-0.06,77,1,-0.03,35.9,-0.43,-0.63,49.3,50.0,-0.21,0.02,42.2,79.0,-0.09,0.16,0.0,-0.17,38.5,42.9,-0.18,-0.14,-1.17,60.9,0.09,42.2,73.5,-0.1,-0.16,-0.13,-0.2,37.1,47.1,-0.13,37.8,45.8,-1.05,35.9,77,1,0.18,6.7,0.05,2.7,100.8,40.9,-10.6,,0.182570809178828,0.063054445693842,20.0,-14.0,,5,1,36.4,11,4,4.2,0.8,36.4,75.0,-3.6,,4,3,1.4,15,1643450,,0.0,-4.1,77,5.1,Rori Harmon,-13.0,-0.29,22.4,22.4,12.6,-0.45,0.0,87.8,45.5,7.9,5.61,6.2,12,,1.8,151,0.8,1.016050064008636,6.279247413503092,0.0,6.3,0.179686824149716,0.350913017647328,6.395245862185943,0.0,6.4,0.039905500711445004,32.6,,baseline,7.9,5.6,6.2,12,-0.4,42.3,low,low_sample,5,1.79,-0.24,-0.5700000000000001,-0.4,-0.001,0.008,,True,True,142,-11,0.127,False,1.4,5.3,3.5,4.2,8,100.0,45.5,9.1,29.3,0.5,2026-27,0.0,75.0,-7.4,-10.5,0.30000000000000004,3.3,2.6,5,2.34,WAS,45.5,0.8,5.6,7.9,6.2,12,47.0,-9.0,,14.7,1.9461538461538463,0.3076923076923077,0.20512820512820512,0.358974358974359,0.8717948717948718,0.1282051282051282,0.3076923076923077,0.28205128205128205,0.1282051282051282,0.10256410256410256,0.2847302495316122,1.1692307692307693,-0.6666666666666666,0.02564102564102564,0.6666666666666666,0.6666666666666666,0.0,0.0,0.0,0.0,0.0,0.0,0.0,0.0,0.0,0.0,0.0,-0.6666666666666666,0.0,1.0,1.1,0.0,0.0,0.6,0.6,0.0,0.0,0.0,0.0,0.0,0.0,0.9,0.8,0.0,0.8,0.82,0.2,0.0,0.3,0.5,0.0,0.0,0.1,0.0,0.0,0.125,0.65,-0.2,0.0,0.9,1.4789473684210526,0.2631578947368421,0.15789473684210525,0.2631578947368421,0.6842105263157895,0.05263157894736842,0.3157894736842105,0.21052631578947367,0.15789473684210525,0.0,0.28398912915041946,0.6894736842105263,-0.21052631578947367,0.0,0.6842105263157895,2.3899999999999997,0.35,0.25,0.45,1.05,0.2,0.3,0.35,0.1,0.2,0.2851008097222086,1.625,-1.1,0.05,0.65,19.6,0.0,2.0,2.0,4.0,3.0,3.0,2.0,0.0,0.0,0.25510204081632654,11.4,-13.0,1.0,1.0,1.4815789473684209,0.3157894736842105,0.15789473684210525,0.3157894736842105,0.7894736842105263,0.05263157894736842,0.23684210526315788,0.23684210526315788,0.13157894736842105,0.10526315789473684,0.28684655015413263,0.9,-0.34210526315789475,0.0,0.6578947368421053,1.5115384615384617,0.11538461538461539,0.11538461538461539,0.2692307692307692,0.5,0.15384615384615385,0.19230769230769232,0.11538461538461539,0.0,0.07692307692307693,0.1945685037299944,0.926923076923077,-0.5769230769230769,0.038461538461538464,1.0,2.8153846153846156,0.6923076923076923,0.38461538461538464,0.5384615384615384,1.6153846153846154,0.07692307692307693,0.5384615384615384,0.6153846153846154,0.38461538461538464,0.15384615384615385,0.41997286823403895,1.6538461538461537,-0.8461538461538461,0.0,0.0,0.7661883152417268,0.6147094812094565,0.9028370339388787,1.9759006897520133,4.770184049955026,39,-0.8,-0.5,-0.30000000000000004,-0.27179487179487183,-3.9999999999999996,-0.2847302495316122
25.0,26.7,73.3,0.4,2.6,2.4,1.9,1.9,4.0,4,0.6000000000000001,0.5,1,0.1,-0.12,15.8,8.6,-75.9,0.0,0.0,13.3,17.2,5.4,-3.91,-3.91,35.4,-0.59,83,1,-3.91,35.4,-0.59,83,1,-0.31,35.4,-1.25,-1.6600000000000001,44.6,21.4,-0.2,-0.15,36.9,58.8,-0.30000000000000004,-0.17,0.0,-0.01,35.4,54.2,-0.32,-0.49,-4.44,27.3,-0.1,37.7,50.0,-0.53,-0.45,-0.58,-1.43,33.9,7.6,-0.12,33.9,47.1,-3.91,35.4,83,1,0.05,7.9,0.33,5.7,98.8,10.0,-41.5,,3.7436337791092162,0.692871832546968,16.7,-17.3,,6,1,6.7,15,1,4.0,1.4,40.0,83.3,4.7,,6,5,4.5,11,1630993,0.0,20.0,-1.9,83,7.5,Anneli Maley,14.5,-0.17,11.7,32.1,10.4,1.92,1.8,113.3,6.7,9.0,6.51,7.2,15,,4.4,167,0.7000000000000001,5.576215344741302,10.839412694235758,0.31301799524684604,10.5,0.6713574615872181,1.032046074097227,7.00503811639324,0.0,7.0,0.032535777875502,52.2,,baseline,4.8,3.4,3.9,8,2.25,44.5,low,"low_minutes_high_rank,low_sample",4,1.5,2.44,2.06,2.23,0.015,0.011,,True,True,13,13,0.146,True,3.6,7.2,5.3,5.8,12,0.0,73.3,33.3,39.2,1.1,2026-27,0.2,0.0,2.2,3.8,0.5,3.0,2.4,5,2.6,PHX,40.0,0.1,1.8,0.6000000000000001,0.5,1,22.7,-33.3,,9.9,3.305833333333333,0.35833333333333334,0.5833333333333333,0.13333333333333333,1.075,0.2,0.03333333333333333,0.6833333333333333,0.2,0.3833333333333333,0.23439057746028266,1.8250000000000002,0.32499999999999996,0.0,0.45,4.233333333333333,0.6666666666666666,0.3333333333333333,0.6666666666666666,1.6666666666666667,0.0,0.0,0.0,0.0,0.6666666666666666,0.0846153846153846,2.066666666666667,4.0,0.0,0.3333333333333333,3.5200000000000005,0.4,0.2,0.4,1.0,0.0,0.2,0.4,0.0,0.4,0.2604918890633176,1.04,2.2,0.0,0.6,4.3,0.7,0.7,0.4,1.8,0.2,0.1,1.0,0.4,0.4,0.2858469568664173,2.6399999999999997,0.2,0.0,0.5,3.22,0.2,0.3,0.0,0.5,0.3,0.1,0.4,0.2,0.2,0.24041396184253325,1.3599999999999999,-0.1,0.0,0.35,3.7299999999999995,0.5,0.85,0.2,1.55,0.15,0.0,0.95,0.2,0.6,0.2264271098639093,2.27,0.3500000000000001,0.0,0.5,,,,,,,,,,,,,,,,3.305833333333333,0.35833333333333334,0.5833333333333333,0.13333333333333333,1.075,0.2,0.03333333333333333,0.6833333333333333,0.2,0.3833333333333333,0.23439057746028266,1.8250000000000002,0.32499999999999996,0.0,0.45,3.1166666666666667,0.25,0.75,0.3333333333333333,1.3333333333333335,0.08333333333333333,0.08333333333333333,0.8333333333333333,0.0,0.5,0.3941763275183031,1.8166666666666669,0.8333333333333333,0.0,1.0,3.202777777777778,0.3888888888888889,0.3888888888888889,0.0,0.7777777777777778,0.2777777777777778,0.0,0.5,0.3333333333333333,0.2222222222222222,0.09242873691403104,1.6888888888888889,-0.05555555555555558,0.0,0.0,1.2163602113447687,1.0651304727481081,0.6306035352846115,2.1302609454962163,4.79400210057848,19,-0.30000000000000004,-0.9000000000000001,0.0,-0.07499999999999996,-3.9799999999999995,0.026101311603034943
,0.0,0.0,0.0,0.0,0.0,0.0,0.0,0.0,0,0.0,0.0,0,0.0,-0.68,11.7,,,,,0.0,-10.0,24.8,-0.7000000000000001,-0.7000000000000001,29.6,-0.02,7,1,-0.7000000000000001,29.6,-0.02,7,1,-0.64,29.6,-0.5700000000000001,-0.65,7.1,49.6,-0.43,0.0,5.3,71.8,-0.17,-0.36,0.0,0.0,4.7,59.9,0.15,-0.11,-0.79,66.0,0.0,5.5,66.4,0.23,-0.08,-0.02,0.1,5.3,58.8,0.0,4.7,59.9,-0.7000000000000001,29.6,7,1,0.03,0.0,-0.02,12.5,107.6,100.0,48.5,,,,0.0,,,0,0,100.0,1,1,0.0,0.30000000000000004,0.0,0.0,,,0,0,5.0,4,1642826,,0.0,,7,1.8,Aubrey Griffin,15.4,-0.7000000000000001,51.4,30.9,30.9,-0.24,0.0,123.0,100.0,4.5,5.14,5.7,1,,7.4,22,0.5,,,,,,,,,,,,,,9.1,10.0,11.4,2,-0.26,22.3,low,"low_sample,collinear_lineup",15,5.72,-0.25,-0.28,-0.26,-0.006,0.0,,True,True,120,-10,0.015,False,5.0,4.5,6.0,5.7,1,,0.0,0.0,14.9,0.30000000000000004,2026-27,0.0,100.0,-19.4,-36.1,0.0,0.0,0.0,0,0.0,NYL,0.0,0.30000000000000004,12.5,4.5,5.7,1,100.0,44.0,,10.6,1.95,0.5,0.25,0.0,0.75,0.0,0.25,0.25,0.0,0.0,0.09615384615384615,0.55,0.25,0.0,0.75,0.8666666666666667,0.0,0.3333333333333333,0.0,0.3333333333333333,0.0,0.0,0.0,0.0,0.0,0.0,0.39999999999999997,-1.6666666666666667,0.0,0.6666666666666666,1.95,0.5,0.25,0.0,0.75,0.0,0.25,0.25,0.0,0.0,0.09615384615384615,0.55,0.25,0.0,0.75,1.95,0.5,0.25,0.0,0.75,0.0,0.25,0.25,0.0,0.0,0.09615384615384615,0.55,0.25,0.0,0.75,5.2,2.0,0.0,0.0,2.0,0.0,1.0,1.0,0.0,0.0,0.3846153846153846,1.0,6.0,0.0,1.0,0.8666666666666667,0.0,0.3333333333333333,0.0,0.3333333333333333,0.0,0.0,0.0,0.0,0.0,0.0,0.39999999999999997,-1.6666666666666667,0.0,0.6666666666666666,,,,,,,,,,,,,,,,1.95,0.5,0.25,0.0,0.75,0.0,0.25,0.25,0.0,0.0,0.09615384615384615,0.55,0.25,0.0,0.75,2.5,0.6666666666666666,0.3333333333333333,0.0,1.0,0.0,0.3333333333333333,0.3333333333333333,0.0,0.0,0.1282051282051282,0.7333333333333334,1.3333333333333333,0.0,1.0,0.3,0.0,0.0,0.0,0.0,0.0,0.0,0.0,0.0,0.0,0.0,0.0,-3.0,0.0,0.0,1.0,0.5,0.0,0.9574271077563382,2.310122651866491,4,0.0,-0.050000000000000044,0.0,0.0,0.1499999999999999,0.0
14.3,77.8,100.0,0.1,1.2,1.0,0.5,0.8,1.0,1,0.0,0.0,0,0.0,0.08,13.9,,,,0.0,22.2,2.9,4.7,-2.42,-2.42,31.6,-0.16,48,1,-2.42,31.6,-0.16,48,1,-0.87,31.6,-0.98,-1.6099999999999999,29.3,22.3,-0.06,-0.01,22.8,66.4,0.0,0.0,0.0,0.01,22.3,65.5,-0.26,-0.15,-3.08,40.3,-0.04,23.5,55.0,-0.14,-0.16,-0.25,-0.58,22.1,29.4,0.0,21.7,64.7,-2.42,31.6,48,1,0.25,8.5,0.04,7.1,100.0,16.7,-34.8,,8.793345302851879,1.124259547086838,11.1,-22.9,,9,1,11.1,9,1,6.0,0.7000000000000001,0.0,0.0,,,0,0,4.8,7,1643458,,0.0,4.0,48,6.9,Saylor Poffenbarger,-8.3,-0.17,14.3,43.5,9.0,-0.30000000000000004,1.0,91.7,0.0,5.1,3.75,4.2,5,,7.8,99,0.4,10.89033171012034,16.673553718386845,5.107109701853834,11.6,0.8074451299477181,1.392366496977489,7.371798337512927,0.0,7.4,0.0,56.8,,baseline,3.0,2.1,2.5,3,-0.25,34.2,low,low_sample,18,6.69,-0.13,-0.37,-0.30000000000000004,0.05,0.005,,True,True,118,-10,0.093,False,4.3,10.1,7.3,8.3,10,,0.0,0.0,32.7,1.4,2026-27,0.0,0.0,-0.2,8.1,0.4,3.0,2.5,3,2.25,PHX,100.0,0.1,2.9,1.0,0.8,1,16.7,-39.3,,9.5,2.882142857142857,0.21428571428571427,0.5857142857142856,0.05,0.85,0.17142857142857143,0.07142857142857142,0.5571428571428572,0.5571428571428572,0.0,0.18901467743770622,1.435,-0.7,0.0,0.2642857142857143,0.0,0.0,0.0,0.0,0.0,0.0,0.0,0.0,0.0,0.0,,0.0,0.0,0.0,0.3333333333333333,4.5,0.6,0.8,0.0,1.4,0.2,0.2,1.0,1.0,0.0,0.2608915906788247,1.9600000000000002,-1.4,0.0,0.6,2.4571428571428573,0.21428571428571427,0.2857142857142857,0.0,0.5,0.07142857142857142,0.07142857142857142,0.5238095238095238,0.5238095238095238,0.0,0.22848501102568688,0.7000000000000001,-0.16666666666666669,0.0,0.21428571428571427,2.12,0.0,0.2,0.0,0.2,0.1,0.0,0.4,0.4,0.0,0.14184397163120568,0.54,-1.1,0.0,0.30000000000000004,3.94,0.75,1.1,0.1,1.95,0.35,0.25,0.65,0.65,0.0,0.2166624225447755,3.02,0.3,0.0,0.25,,,,,,,,,,,,,,,,2.882142857142857,0.21428571428571427,0.5857142857142856,0.05,0.85,0.17142857142857143,0.07142857142857142,0.5571428571428572,0.5571428571428572,0.0,0.18901467743770622,1.435,-0.7,0.0,0.2642857142857143,6.75,0.5,0.6666666666666666,0.0,1.1666666666666667,0.6666666666666666,0.16666666666666666,0.8333333333333334,0.8333333333333334,0.0,0.13044579533941236,3.1333333333333337,-2.166666666666667,0.0,1.0,1.0833333333333333,0.0,0.3333333333333333,0.05555555555555555,0.3888888888888889,0.05555555555555555,0.0,0.2222222222222222,0.2222222222222222,0.0,0.14642220524573468,0.6499999999999999,-0.1111111111111111,0.0,0.0,0.7276068751089989,1.1213175023946031,0.24253562503633297,1.629236558853834,4.240508432335194,17,0.19999999999999996,-0.5999999999999999,-0.1,0.5499999999999999,-2.4000000000000004,0.0718769132411185
0.0,25.0,25.0,0.30000000000000004,2.5,3.8,2.9,3.6,,1,3.8,3.6,1,0.30000000000000004,0.04,11.9,,,,,0.0,2.5,11.1,-0.96,-0.96,29.6,0.0,11,1,-0.96,29.6,0.0,11,1,-0.9,29.6,-1.26,-0.37,7.9,58.4,-0.03,0.0,5.8,71.8,-0.24,-0.53,0.0,0.0,5.6,59.9,-0.18,-0.32,-1.06,61.8,0.0,6.1,66.4,-0.48,-0.26,-0.43,-0.42,5.9,35.3,0.0,5.7,59.9,-0.96,29.6,11,1,0.12,14.8,-0.16,6.7,98.3,0.0,-51.5,,14.880424930747951,4.280276260646281,0.0,-34.0,,1,0,0.0,4,0,,0.0,50.0,50.0,-28.6,,2,1,3.5,3,1631090,0.0,75.0,11.5,11,3.7,Christyn Williams,5.9,-0.09,6.5,26.2,0.0,-0.74,0.0,104.2,0.0,0.0,0.0,0.0,0,,13.2,26,0.30000000000000004,15.175348583857481,20.958570592123987,9.392126575590975,11.6,0.980565609318309,4.365109504117665,11.987053170163888,0.0,12.0,0.07500688545186701,61.1,,baseline,3.8,2.9,3.6,1,-0.9,23.4,low,"low_sample,collinear_lineup",9,3.27,-0.73,-1.07,-0.86,-0.035,0.01,,True,True,192,-19,0.135,False,3.5,7.7,6.8,7.3,2,,50.0,0.0,33.2,0.7000000000000001,2026-27,0.0,,-20.7,-31.2,0.0,0.0,0.0,0,3.27,DAL,25.0,0.0,0.0,0.0,0.0,0,10.2,-45.8,,18.1,2.3,0.2,0.4,0.2,0.8,0.2,0.0,0.8,0.2,0.4,0.30122964440013295,1.58,0.6,0.0,0.8,0.16666666666666666,0.0,0.0,0.0,0.0,0.0,0.0,0.0,0.0,0.0,0.0,0.0,0.0,0.0,0.6666666666666666,2.3,0.2,0.4,0.2,0.8,0.2,0.0,0.8,0.2,0.4,0.30122964440013295,1.58,0.6,0.0,0.8,2.3,0.2,0.4,0.2,0.8,0.2,0.0,0.8,0.2,0.4,0.30122964440013295,1.58,0.6,0.0,0.8,3.6666666666666665,0.3333333333333333,0.6666666666666666,0.3333333333333333,1.3333333333333333,0.3333333333333333,0.0,1.3333333333333333,0.3333333333333333,0.6666666666666666,0.4518444666001994,2.6333333333333333,1.0,0.0,1.0,0.25,0.0,0.0,0.0,0.0,0.0,0.0,0.0,0.0,0.0,0.0,0.0,0.0,0.0,0.5,,,,,,,,,,,,,,,,2.3,0.2,0.4,0.2,0.8,0.2,0.0,0.8,0.2,0.4,0.30122964440013295,1.58,0.6,0.0,0.8,2.875,0.25,0.5,0.25,1.0,0.25,0.0,1.0,0.25,0.5,0.30122964440013295,1.975,0.75,0.0,1.0,0.0,0.0,0.0,0.0,0.0,0.0,0.0,0.0,0.0,0.0,,0.0,0.0,0.0,0.0,0.447213595499958,0.5477225575051661,0.447213595499958,1.0954451150103321,2.94193813667113,5,-0.10000000000000003,-0.30000000000000004,-0.10000000000000003,0.0,-1.4000000000000004,0.0
0.0,70.0,90.0,0.0,0.0,0.0,0.0,0.0,0.0,0,0.0,0.0,0,0.0,-0.89,12.6,,,,0.0,10.0,-5.7,31.9,-1.48,-1.48,30.2,-0.05,25,1,-1.48,30.2,-0.05,25,1,-0.89,30.2,-2.23,-0.44,25.1,55.5,-0.45,0.0,18.6,71.8,-0.05,-0.1,0.0,0.0,17.7,59.9,-0.65,-0.46,-1.87,52.9,0.0,19.4,66.4,-0.78,-0.44,-0.7000000000000001,-0.97,18.5,17.6,0.0,19.7,59.9,-1.48,30.2,25,1,-0.22,-1.7000000000000002,0.02,3.7,98.5,10.0,-41.5,,,,0.0,-34.0,,8,0,10.0,10,1,0.0,0.4,0.0,0.0,,,0,0,5.0,7,1631039,,0.0,,25,3.6,Miela Sowah,-56.7,-0.66,18.7,25.9,2.9,-0.44,1.4,41.8,10.0,5.9,4.32,4.8,3,,-0.6000000000000001,51,0.30000000000000004,,,,,,,,,,,,,,3.9,3.0,3.2,2,-0.43,27.1,low,"low_sample,collinear_lineup",36,14.15,-0.30000000000000004,-0.55,-0.38,-0.049,0.005,,True,True,147,-11,0.097,False,4.3,9.8,7.0,8.0,5,100.0,10.0,10.0,24.0,0.7000000000000001,2026-27,0.0,100.0,-0.2,5.6,0.0,0.0,0.0,0,0.0,GSV,80.0,0.6000000000000001,7.1,7.8,6.4,4,10.0,-46.0,,26.5,1.6857142857142857,0.14285714285714285,0.35714285714285715,0.0,0.5,0.0,0.2857142857142857,0.7142857142857143,0.5714285714285714,0.0,0.6066118598784104,0.2857142857142857,-2.2142857142857144,0.0,0.7857142857142857,0.0,0.0,0.0,0.0,0.0,0.0,0.0,0.0,0.0,0.0,,0.0,0.0,0.0,0.6666666666666666,1.44,0.4,0.2,0.0,0.6,0.0,0.4,0.6,0.4,0.0,0.6944444444444444,0.24000000000000005,-2.2,0.0,0.8,1.7799999999999998,0.2,0.5,0.0,0.7,0.0,0.4,0.8,0.6,0.0,0.7098335269066975,0.4,-2.1,0.0,0.8,0.9,0.0,0.0,0.0,0.0,0.0,0.5,0.25,0.25,0.0,0.8333333333333333,-0.5,-2.0,0.0,0.75,2.0,0.2,0.5,0.0,0.7,0.0,0.2,0.9,0.7,0.0,0.5688249476359233,0.6,-2.3,0.0,0.8,,,,,,,,,,,,,,,,1.6857142857142857,0.14285714285714285,0.35714285714285715,0.0,0.5,0.0,0.2857142857142857,0.7142857142857143,0.5714285714285714,0.0,0.6066118598784104,0.2857142857142857,-2.2142857142857144,0.0,0.7857142857142857,2.1454545454545455,0.18181818181818182,0.45454545454545453,0.0,0.6363636363636364,0.0,0.36363636363636365,0.9090909090909091,0.7272727272727273,0.0,0.6066118598784104,0.36363636363636365,-2.8181818181818183,0.0,1.0,0.0,0.0,0.0,0.0,0.0,0.0,0.0,0.0,0.0,0.0,,0.0,0.0,0.0,0.0,0.5345224838248488,0.8418973861410954,0.0,1.0919284281983377,2.3819375251308275,14,0.09999999999999998,-0.5,0.0,0.09999999999999998,-2.16,0.08783258456603404
,0.0,0.0,2.0,25.0,16.7,12.0,13.3,,2,8.3,6.7,1,1.0,1.21,11.6,,,,,0.0,25.0,15.5,-1.08,-1.08,29.6,-0.03,6,1,-1.08,29.6,-0.03,6,1,-0.63,29.6,-1.06,-0.38,4.0,58.0,-0.01,0.0,2.9,71.8,-0.21,-0.46,0.0,0.0,2.7,59.9,-0.32,-0.30000000000000004,-1.27,59.7,0.0,3.0,66.4,-0.33,-0.13,-0.21,-0.5700000000000001,3.0,29.8,0.0,2.6,59.9,-1.08,29.6,6,1,0.39,24.0,-0.02,0.0,119.5,0.0,-51.5,,,,0.0,,,0,0,0.0,1,0,,0.0,0.0,0.0,,,0,0,0.0,1,1630138,,0.0,,6,6.0,Peyton Williams,-26.3,0.8300000000000001,0.0,60.0,6.0,-0.23,0.0,93.2,100.0,0.0,0.0,0.0,0,,12.0,12,0.0,,,,,,,,,,,,,,0.0,0.0,0.0,0,-0.25,21.7,low,"low_sample,collinear_lineup",16,6.53,-0.25,-0.26,-0.25,0.0,0.0,,True,True,117,-10,0.004,False,0.0,0.0,0.0,0.0,0,,0.0,0.0,14.1,0.0,2026-27,0.0,,-19.4,-36.1,0.0,0.0,0.0,0,6.0,PHX,0.0,0.0,0.0,0.0,0.0,0,0.0,-56.0,,7.8,2.9,0.0,0.0,1.0,1.0,0.5,0.0,0.5,0.0,0.0,0.1724137931034483,3.0,-0.5,0.0,0.5,2.9,0.0,0.0,1.0,1.0,0.5,0.0,0.5,0.0,0.0,0.1724137931034483,3.0,-0.5,0.0,0.5,2.9,0.0,0.0,1.0,1.0,0.5,0.0,0.5,0.0,0.0,0.1724137931034483,3.0,-0.5,0.0,0.5,2.9,0.0,0.0,1.0,1.0,0.5,0.0,0.5,0.0,0.0,0.1724137931034483,3.0,-0.5,0.0,0.5,,,,,,,,,,,,,,,,2.9,0.0,0.0,1.0,1.0,0.5,0.0,0.5,0.0,0.0,0.1724137931034483,3.0,-0.5,0.0,0.5,,,,,,,,,,,,,,,,2.9,0.0,0.0,1.0,1.0,0.5,0.0,0.5,0.0,0.0,0.1724137931034483,3.0,-0.5,0.0,0.5,5.8,0.0,0.0,2.0,2.0,1.0,0.0,1.0,0.0,0.0,0.1724137931034483,6.0,-1.0,0.0,1.0,0.0,0.0,0.0,0.0,0.0,0.0,0.0,0.0,0.0,0.0,,0.0,0.0,0.0,0.0,0.0,0.0,1.4142135623730951,1.4142135623730951,4.1012193308819755,2,0.0,0.0,-1.0,0.0,-3.1,0.0
,0.0,0.0,0.0,0.0,0.0,0.0,0.0,0.0,0,0.0,0.0,0,0.0,-1.45,11.4,,,,,0.0,-20.0,15.7,-1.11,-1.11,29.6,-0.04,4,1,-1.11,29.6,-0.04,4,1,-0.64,29.6,-1.8900000000000001,-0.4,3.7,55.9,-0.44,0.0,2.6,71.8,-0.23,-0.51,0.0,0.0,2.4,59.9,-0.44,-0.32,-1.29,59.2,0.0,2.7,66.4,-0.72,-0.45,-0.68,-0.56,2.7,30.3,0.0,2.4,59.9,-1.11,29.6,4,1,-0.49,-10.8,-0.01,0.0,91.3,0.0,-51.5,,,,0.0,,,0,0,0.0,1,0,0.0,2.0,0.0,0.0,,,0,0,0.0,1,1643832,,0.0,,4,4.0,Aminata Gueye,-5.6,-0.96,18.0,18.0,18.0,-0.26,0.0,85.7,100.0,25.0,18.0,20.0,2,,-18.0,8,0.0,,,,,,,,,,,,,,0.0,0.0,0.0,0,-0.28,21.1,low,"low_sample,collinear_lineup",50,19.98,-0.25,-0.31,-0.30000000000000004,0.021,0.0,,True,True,125,-10,0.023,False,0.0,0.0,0.0,0.0,0,,0.0,0.0,11.4,0.0,2026-27,0.0,,-19.4,-36.1,0.0,0.0,0.0,0,0.0,GSV,0.0,1.0,25.0,12.5,10.0,1,0.0,-56.0,,28.6,1.8,0.0,0.0,0.0,0.0,0.0,0.5,0.5,0.0,0.0,0.5555555555555556,-0.5,-1.0,0.0,0.5,1.8,0.0,0.0,0.0,0.0,0.0,0.5,0.5,0.0,0.0,0.5555555555555556,-0.5,-1.0,0.0,0.5,1.8,0.0,0.0,0.0,0.0,0.0,0.5,0.5,0.0,0.0,0.5555555555555556,-0.5,-1.0,0.0,0.5,1.8,0.0,0.0,0.0,0.0,0.0,0.5,0.5,0.0,0.0,0.5555555555555556,-0.5,-1.0,0.0,0.5,,,,,,,,,,,,,,,,1.8,0.0,0.0,0.0,0.0,0.0,0.5,0.5,0.0,0.0,0.5555555555555556,-0.5,-1.0,0.0,0.5,,,,,,,,,,,,,,,,1.8,0.0,0.0,0.0,0.0,0.0,0.5,0.5,0.0,0.0,0.5555555555555556,-0.5,-1.0,0.0,0.5,3.6,0.0,0.0,0.0,0.0,0.0,1.0,1.0,0.0,0.0,0.5555555555555556,-1.0,-2.0,0.0,1.0,0.0,0.0,0.0,0.0,0.0,0.0,0.0,0.0,0.0,0.0,,0.0,0.0,0.0,0.0,0.0,0.0,0.0,0.0,2.545584412271571,2,0.0,0.0,0.0,0.0,-2.2,0.0
,0.0,100.0,0.7000000000000001,4.2,7.7,7.6,8.0,,2,0.0,0.0,0,0.0,-0.47000000000000003,11.8,,,,,0.0,4.2,4.0,-1.72,-1.72,29.6,0.05,10,1,-1.72,29.6,0.05,10,1,-0.63,29.6,-1.05,-1.06,10.6,38.7,-0.03,0.0,7.8,71.8,-0.11,-0.25,0.0,0.0,7.2,59.9,-0.30000000000000004,-0.24,-2.2,47.5,0.0,8.0,66.4,-0.37,-0.11,-0.18,-0.54,7.8,31.5,0.0,6.9,59.9,-1.72,29.6,10,1,-0.09,-5.4,0.02,4.2,120.6,0.0,-51.5,,0.556213272656738,0.14447353529615,0.0,,,0,0,0.0,1,0,0.0,1.0,0.0,0.0,,,0,0,2.8,3,1642790,,0.0,2.7,10,3.3,Sania Feagin,-15.1,-0.38,46.8,79.2,28.8,-2.99,0.0,105.5,0.0,11.5,10.8,12.0,3,,-6.6,26,0.0,6.035416373061377,11.298613722555832,0.7722190235669211,10.5,0.09215822708427401,1.567668344618173,9.12624023070414,0.0,9.1,0.0,23.1,,baseline,0.0,0.0,0.0,0,-2.9699999999999998,23.1,low,"low_sample,collinear_lineup",3,1.12,-2.7800000000000002,-3.16,-3.01,0.039,0.012,,True,True,233,-7,0.15,False,2.8,3.8,3.3,4.0,1,0.0,100.0,100.0,8.9,0.30000000000000004,2026-27,0.0,,25.7,34.0,0.0,0.0,0.0,0,0.0,LAS,0.0,0.0,0.0,0.0,0.0,0,0.0,-56.0,,3.8,0.51,0.0,0.05,0.1,0.15,0.0,0.0,0.05,0.0,0.0,0.05649717514124294,0.21000000000000002,-0.4,0.0,0.45,2.95,0.0,0.0,1.0,1.0,0.0,0.0,0.5,0.0,0.0,0.1694915254237288,1.5,-1.0,0.0,0.25,1.2,0.0,0.16666666666666666,0.3333333333333333,0.5,0.0,0.0,0.16666666666666666,0.0,0.0,0.0847457627118644,0.7000000000000001,-0.6666666666666666,0.0,0.41666666666666663,0.45,0.0,0.0625,0.125,0.1875,0.0,0.0,0.0625,0.0,0.0,0.0847457627118644,0.2625,-0.25,0.0,0.4375,1.78,0.0,0.0,0.4,0.4,0.0,0.0,0.2,0.0,0.0,0.0847457627118644,0.6,-1.2,0.0,0.2,0.13,0.0,0.1,0.0,0.1,0.0,0.0,0.0,0.0,0.0,0.0,0.12,-0.2,0.0,0.55,,,,,,,,,,,,,,,,0.51,0.0,0.05,0.1,0.15,0.0,0.0,0.05,0.0,0.0,0.05649717514124294,0.21000000000000002,-0.4,0.0,0.45,0.0,0.0,0.0,0.0,0.0,0.0,0.0,0.0,0.0,0.0,,0.0,0.0,0.0,1.0,0.85,0.0,0.08333333333333333,0.16666666666666666,0.25,0.0,0.0,0.08333333333333333,0.0,0.0,0.05649717514124294,0.35000000000000003,-0.6666666666666666,0.0,0.0,0.0,0.28867513459481287,0.5773502691896257,0.621581560508061,1.8298037649381473,12,0.0,-0.1333333333333334,-0.36666666666666675,0.35,-2.0999999999999996,0.028248587570621465
