season,game_id,date,month,team,opponent,home_away,result,team_pts,opp_pts,margin,pace,game_total,players_used,min,pts,reb,ast,stl,blk,tov,fgm,fga,fg3m,fg3a,ftm,fta,efg,tov_rate_proxy,three_rate,ft_rate
2026-27,1022600010,2026-05-09,May,ATL,MIN,away,W,91,90,1,86.5,181,13,200.1,91.0,46.0,22.0,9.0,6.0,20.0,31.0,73.0,7.0,29.0,22.0,30.0,0.4726027397260274,0.18832391713747645,0.3972602739726027,0.410958904109589
2026-27,1022600012,2026-05-12,May,ATL,DAL,away,W,77,72,5,78.0,149,11,200.00000000000003,77.0,44.0,13.0,5.0,3.0,9.0,26.0,69.0,9.0,33.0,16.0,17.0,0.4420289855072464,0.10528778661675245,0.4782608695652174,0.2463768115942029
2026-27,1022600026,2026-05-17,May,ATL,LVA,home,L,84,85,-1,85.0,169,10,200.1,84.0,45.0,15.0,9.0,5.0,13.0,27.0,73.0,5.0,23.0,25.0,37.0,0.4041095890410959,0.12710207274149393,0.3150684931506849,0.5068493150684932
2026-27,1022600038,2026-05-22,May,ATL,DAL,home,W,86,69,17,78.0,155,12,200.0,86.0,35.0,22.0,6.0,4.0,17.0,34.0,62.0,6.0,15.0,12.0,13.0,0.5967741935483871,0.20066100094428707,0.24193548387096775,0.20967741935483872
2026-27,1022600044,2026-05-24,May,ATL,PHX,home,W,82,80,2,76.5,162,12,200.1,82.0,38.0,22.0,9.0,3.0,14.0,30.0,68.0,11.0,26.0,11.0,21.0,0.5220588235294118,0.15344147303814118,0.38235294117647056,0.3088235294117647
2026-27,1022600051,2026-05-27,May,ATL,MIN,away,L,81,96,-15,77.0,177,12,200.0,81.0,27.0,23.0,5.0,2.0,16.0,29.0,65.0,11.0,31.0,12.0,16.0,0.5307692307692308,0.1817355747387551,0.47692307692307695,0.24615384615384617
2026-27,1022600059,2026-05-29,May,ATL,PDX,away,W,86,66,20,77.5,152,12,200.10000000000002,86.0,29.0,22.0,16.0,1.0,15.0,30.0,68.0,9.0,30.0,17.0,20.0,0.5073529411764706,0.16339869281045752,0.4411764705882353,0.29411764705882354
2026-27,1022600066,2026-06-02,Jun,ATL,CON,home,W,91,75,16,77.5,166,12,199.90000000000003,91.0,35.0,22.0,10.0,1.0,13.0,32.0,68.0,14.0,37.0,13.0,18.0,0.5735294117647058,0.14619883040935672,0.5441176470588235,0.2647058823529412
2026-27,1022600072,2026-06-04,Jun,ATL,IND,away,L,71,83,-12,77.5,154,12,200.0,71.0,30.0,14.0,9.0,3.0,11.0,23.0,67.0,6.0,21.0,19.0,24.0,0.3880597014925373,0.12420957542908762,0.31343283582089554,0.3582089552238806
2026-27,1022600079,2026-06-06,Jun,ATL,WAS,home,W,109,77,32,77.5,186,12,200.1,109.0,42.0,21.0,16.0,4.0,11.0,32.0,66.0,13.0,25.0,32.0,41.0,0.5833333333333334,0.11574074074074076,0.3787878787878788,0.6212121212121212
2026-27,1022600086,2026-06-09,Jun,ATL,CHI,away,W,82,75,7,77.0,157,12,199.99999999999997,82.0,36.0,18.0,9.0,0.0,16.0,31.0,70.0,5.0,26.0,15.0,16.0,0.4785714285714286,0.17196904557179707,0.37142857142857144,0.22857142857142856
2026-27,1022600092,2026-06-11,Jun,ATL,NYL,home,L,90,104,-14,80.5,194,12,200.0,90.0,24.0,22.0,11.0,2.0,5.0,33.0,75.0,9.0,29.0,15.0,27.0,0.5,0.0544188071397475,0.38666666666666666,0.36
2026-27,1022600102,2026-06-14,Jun,ATL,TOR,away,W,102,77,25,81.0,179,12,200.0,102.0,44.0,22.0,8.0,4.0,8.0,36.0,82.0,14.0,36.0,16.0,20.0,0.524390243902439,0.08097165991902834,0.43902439024390244,0.24390243902439024
2026-27,1022600113,2026-06-18,Jun,ATL,IND,away,W,108,101,7,87.5,209,12,200.0,108.0,29.0,21.0,11.0,3.0,12.0,37.0,69.0,7.0,18.0,27.0,35.0,0.5869565217391305,0.12448132780082986,0.2608695652173913,0.5072463768115942
2026-27,1022600117,2026-06-20,Jun,ATL,IND,home,W,113,96,17,84.5,209,12,200.00000000000003,113.0,35.0,25.0,10.0,5.0,8.0,40.0,80.0,12.0,26.0,21.0,31.0,0.575,0.07870916961826052,0.325,0.3875
2026-27,1022600124,2026-06-22,Jun,ATL,TOR,home,W,94,87,7,84.5,181,13,200.0,94.0,32.0,23.0,8.0,1.0,11.0,34.0,78.0,9.0,29.0,17.0,21.0,0.4935897435897436,0.11197068403908796,0.3717948717948718,0.2692307692307692
2026-27,1022600131,2026-06-24,Jun,ATL,GSV,away,L,66,77,-11,73.5,143,10,199.90000000000003,66.0,34.0,16.0,6.0,3.0,11.0,25.0,64.0,4.0,18.0,12.0,22.0,0.421875,0.12990080302314594,0.28125,0.34375
2026-27,1022600137,2026-06-26,Jun,ATL,GSV,away,L,75,78,-3,81.0,153,10,200.1,75.0,27.0,10.0,14.0,4.0,14.0,23.0,67.0,6.0,20.0,23.0,27.0,0.3880597014925373,0.15073212747631354,0.29850746268656714,0.40298507462686567
2026-27,1022600140,2026-06-27,Jun,ATL,SEA,away,L,90,105,-15,83.0,195,13,199.90000000000003,90.0,26.0,22.0,7.0,0.0,13.0,30.0,70.0,7.0,29.0,23.0,26.0,0.4785714285714286,0.1376535366370182,0.4142857142857143,0.37142857142857144
2026-27,1022600145,2026-07-02,Jul,ATL,WAS,away,L,76,81,-5,82.0,157,12,200.0,76.0,33.0,19.0,13.0,3.0,15.0,29.0,80.0,7.0,31.0,11.0,18.0,0.40625,0.14574426739214924,0.3875,0.225
2026-27,1022600150,2026-07-04,Jul,ATL,GSV,home,L,83,88,-5,79.0,171,12,199.9,83.0,37.0,18.0,6.0,1.0,17.0,26.0,66.0,8.0,26.0,23.0,33.0,0.45454545454545453,0.17432321575061527,0.3939393939393939,0.5
2026-27,1022600162,2026-07-09,Jul,ATL,SEA,home,W,89,78,11,89.5,167,12,200.0,89.0,37.0,18.0,14.0,4.0,15.0,30.0,72.0,6.0,26.0,23.0,26.0,0.4583333333333333,0.152377082486794,0.3611111111111111,0.3611111111111111
2026-27,1022600170,2026-07-11,Jul,ATL,PDX,home,L,92,102,-10,82.5,194,11,200.09999999999997,92.0,32.0,25.0,8.0,3.0,12.0,33.0,75.0,6.0,30.0,20.0,24.0,0.48,0.12300123001230012,0.4,0.32
2026-27,1022600175,2026-07-13,Jul,ATL,LAS,home,W,101,92,9,84.5,193,11,200.0,101.0,35.0,22.0,11.0,1.0,17.0,36.0,73.0,9.0,28.0,20.0,23.0,0.5547945205479452,0.1697962445065921,0.3835616438356164,0.3150684931506849
2026-27,1022600185,2026-07-17,Jul,ATL,TOR,away,W,111,92,19,81.0,203,13,200.3,111.0,28.0,28.0,11.0,1.0,10.0,39.0,71.0,9.0,28.0,24.0,28.0,0.6126760563380281,0.10715816545220747,0.39436619718309857,0.39436619718309857
2026-27,1022600192,2026-07-19,Jul,ATL,CHI,home,W,93,91,2,81.0,184,12,199.89999999999998,93.0,39.0,24.0,5.0,5.0,11.0,31.0,74.0,8.0,28.0,23.0,27.0,0.47297297297297297,0.11354252683732453,0.3783783783783784,0.36486486486486486
2026-27,1022600208,2026-07-29,Jul,ATL,DAL,away,W,82,81,1,83.0,163,12,200.20000000000002,82.0,37.0,22.0,11.0,4.0,15.0,31.0,70.0,1.0,16.0,19.0,25.0,0.45,0.15625,0.22857142857142856,0.35714285714285715
2026-27,1022600213,2026-07-31,Jul,ATL,SEA,home,W,98,89,9,87.5,187,13,200.10000000000002,98.0,33.0,24.0,14.0,7.0,17.0,27.0,64.0,10.0,26.0,34.0,39.0,0.5,0.17318663406682966,0.40625,0.609375
2026-27,1022600222,2026-08-03,Aug,ATL,LVA,home,L,87,109,-22,80.5,196,13,200.1,87.0,34.0,19.0,5.0,2.0,11.0,33.0,75.0,4.0,24.0,17.0,20.0,0.4666666666666667,0.1160337552742616,0.32,0.26666666666666666
2026-27,1022600226,2026-08-05,Aug,ATL,PHX,home,W,96,82,14,82.5,178,13,200.0,96.0,38.0,29.0,3.0,6.0,12.0,33.0,70.0,14.0,33.0,16.0,17.0,0.5714285714285714,0.13410818059901652,0.4714285714285714,0.24285714285714285
2026-27,1022600234,2026-08-07,Aug,ATL,WAS,away,L,74,79,-5,85.5,153,14,200.1,74.0,40.0,16.0,5.0,7.0,16.0,25.0,77.0,6.0,21.0,18.0,27.0,0.36363636363636365,0.15255530129672007,0.2727272727272727,0.35064935064935066
2026-27,1022600243,2026-08-10,Aug,ATL,TOR,home,W,107,95,12,84.5,202,13,200.20000000000002,107.0,39.0,29.0,7.0,3.0,12.0,36.0,70.0,14.0,32.0,21.0,30.0,0.6142857142857143,0.12605042016806722,0.45714285714285713,0.42857142857142855
2026-27,1022600251,2026-08-13,Aug,ATL,CON,away,W,104,69,35,77.5,173,14,199.9,104.0,45.0,19.0,8.0,9.0,10.0,29.0,67.0,14.0,26.0,32.0,36.0,0.5373134328358209,0.10771219302024988,0.3880597014925373,0.5373134328358209
2026-27,1022600261,2026-08-16,Aug,ATL,IND,home,L,91,95,-4,90.5,186,13,224.9,91.0,40.0,21.0,2.0,4.0,14.0,29.0,82.0,8.0,32.0,25.0,26.0,0.4024390243902439,0.1303052866716307,0.3902439024390244,0.3170731707317073
2026-27,1022600266,2026-08-18,Aug,ATL,LVA,away,W,97,82,15,84.5,179,12,199.90000000000003,97.0,32.0,18.0,15.0,3.0,11.0,32.0,71.0,8.0,23.0,25.0,27.0,0.5070422535211268,0.11717085641244142,0.323943661971831,0.38028169014084506
2026-27,1022600006,2026-05-09,May,CHI,PDX,away,W,98,83,15,82.0,181,9,199.9,98.0,46.0,22.0,4.0,8.0,9.0,33.0,69.0,6.0,17.0,26.0,34.0,0.5217391304347826,0.096815834767642,0.2463768115942029,0.4927536231884058
2026-27,1022600017,2026-05-13,May,CHI,GSV,away,W,69,63,6,75.5,132,10,200.0,69.0,39.0,19.0,7.0,8.0,8.0,25.0,69.0,6.0,20.0,13.0,21.0,0.4057971014492754,0.0927643784786642,0.2898550724637681,0.30434782608695654
2026-27,1022600024,2026-05-15,May,CHI,PHX,away,L,83,91,-8,83.0,174,13,200.00000000000003,83.0,27.0,16.0,5.0,7.0,11.0,29.0,68.0,6.0,22.0,19.0,26.0,0.47058823529411764,0.12162759840778417,0.3235294117647059,0.38235294117647056
2026-27,1022600025,2026-05-17,May,CHI,MIN,away,W,86,79,7,84.5,165,13,200.1,86.0,39.0,17.0,7.0,4.0,14.0,30.0,67.0,6.0,20.0,20.0,25.0,0.4925373134328358,0.15217391304347827,0.29850746268656714,0.373134328358209
2026-27,1022600033,2026-05-20,May,CHI,DAL,home,L,89,99,-10,79.5,188,13,199.8,89.0,30.0,20.0,4.0,5.0,9.0,32.0,67.0,5.0,21.0,20.0,24.0,0.5149253731343284,0.10397412199630314,0.31343283582089554,0.3582089552238806
2026-27,1022600041,2026-05-23,May,CHI,MIN,home,L,75,85,-10,86.5,160,12,199.89999999999998,75.0,28.0,14.0,11.0,2.0,11.0,23.0,73.0,6.0,29.0,23.0,30.0,0.3561643835616438,0.11316872427983539,0.3972602739726027,0.410958904109589
2026-27,1022600050,2026-05-27,May,CHI,TOR,home,L,104,111,-7,84.0,215,14,200.1,104.0,27.0,31.0,7.0,3.0,9.0,36.0,75.0,7.0,31.0,25.0,29.0,0.5266666666666666,0.09301364200082678,0.41333333333333333,0.38666666666666666
2026-27,1022600058,2026-05-29,May,CHI,MIN,home,L,58,79,-21,86.0,137,14,200.0,58.0,41.0,15.0,6.0,6.0,17.0,20.0,70.0,5.0,30.0,13.0,18.0,0.32142857142857145,0.17909818794774546,0.42857142857142855,0.2571428571428571
2026-27,1022600067,2026-06-02,Jun,CHI,WAS,away,L,72,90,-18,82.5,162,13,199.99999999999997,72.0,29.0,19.0,9.0,10.0,18.0,28.0,64.0,6.0,16.0,10.0,16.0,0.484375,0.20215633423180593,0.25,0.25
2026-27,1022600074,2026-06-05,Jun,CHI,CON,home,W,85,80,5,77.0,165,13,200.0,85.0,28.0,21.0,9.0,7.0,12.0,31.0,67.0,6.0,16.0,17.0,22.0,0.5074626865671642,0.13531799729364005,0.23880597014925373,0.3283582089552239
2026-27,1022600081,2026-06-07,Jun,CHI,TOR,away,L,68,85,-17,84.5,153,13,200.2,68.0,37.0,15.0,4.0,5.0,16.0,23.0,65.0,6.0,25.0,16.0,26.0,0.4,0.17308524448290782,0.38461538461538464,0.4
2026-27,1022600086,2026-06-09,Jun,CHI,ATL,home,L,75,82,-7,77.0,157,13,200.0,75.0,25.0,17.0,6.0,7.0,15.0,24.0,53.0,8.0,15.0,19.0,25.0,0.5283018867924528,0.189873417721519,0.2830188679245283,0.4716981132075472
2026-27,1022600091,2026-06-11,Jun,CHI,IND,away,L,106,114,-8,96.5,220,14,225.0,106.0,34.0,22.0,6.0,7.0,16.0,34.0,77.0,7.0,24.0,31.0,38.0,0.487012987012987,0.14582573824279985,0.3116883116883117,0.4935064935064935
2026-27,1022600108,2026-06-17,Jun,CHI,NYL,home,L,95,96,-1,80.5,191,11,200.00000000000003,95.0,28.0,23.0,10.0,4.0,10.0,35.0,71.0,12.0,23.0,13.0,15.0,0.5774647887323944,0.11415525114155252,0.323943661971831,0.2112676056338028
2026-27,1022600119,2026-06-20,Jun,CHI,DAL,away,L,92,93,-1,83.0,185,11,199.90000000000003,92.0,43.0,22.0,9.0,3.0,15.0,33.0,70.0,7.0,23.0,19.0,29.0,0.5214285714285715,0.1534369885433715,0.32857142857142857,0.4142857142857143
2026-27,1022600123,2026-06-22,Jun,CHI,CON,away,L,63,92,-29,84.5,155,15,200.10000000000002,63.0,28.0,10.0,6.0,2.0,13.0,17.0,73.0,4.0,30.0,25.0,32.0,0.2602739726027397,0.1298960831334932,0.410958904109589,0.4383561643835616
2026-27,1022600130,2026-06-24,Jun,CHI,PDX,home,W,101,78,23,79.5,179,13,199.9,101.0,38.0,27.0,6.0,6.0,12.0,36.0,69.0,6.0,19.0,23.0,29.0,0.5652173913043478,0.12798634812286688,0.2753623188405797,0.42028985507246375
2026-27,1022600136,2026-06-26,Jun,CHI,PDX,home,W,124,94,30,83.0,218,12,200.00000000000003,124.0,32.0,38.0,2.0,9.0,14.0,45.0,68.0,15.0,28.0,19.0,24.0,0.7720588235294118,0.1512532411408816,0.4117647058823529,0.35294117647058826
2026-27,1022600143,2026-06-28,Jun,CHI,LVA,home,L,99,107,-8,86.0,206,12,200.0,99.0,36.0,27.0,8.0,1.0,11.0,37.0,80.0,9.0,24.0,16.0,25.0,0.51875,0.10784313725490197,0.3,0.3125
2026-27,1022600149,2026-07-03,Jul,CHI,LVA,away,L,90,98,-8,90.0,188,11,225.0,90.0,32.0,20.0,8.0,4.0,18.0,28.0,65.0,7.0,20.0,27.0,31.0,0.4846153846153846,0.18625827814569537,0.3076923076923077,0.47692307692307695
2026-27,1022600158,2026-07-07,Jul,CHI,PHX,away,W,77,66,11,80.0,143,12,200.0,77.0,35.0,21.0,11.0,5.0,17.0,26.0,62.0,11.0,27.0,14.0,20.0,0.5080645161290323,0.19362186788154898,0.43548387096774194,0.3225806451612903
2026-27,1022600167,2026-07-10,Jul,CHI,LAS,away,L,87,102,-15,87.0,189,10,200.2,87.0,36.0,21.0,5.0,3.0,15.0,31.0,71.0,6.0,25.0,19.0,22.0,0.4788732394366197,0.1567725752508361,0.352112676056338,0.30985915492957744
2026-27,1022600173,2026-07-12,Jul,CHI,DAL,away,L,91,96,-5,78.5,187,13,200.0,91.0,36.0,16.0,3.0,1.0,6.0,36.0,75.0,7.0,22.0,12.0,13.0,0.5266666666666666,0.06918819188191883,0.29333333333333333,0.17333333333333334
2026-27,1022600179,2026-07-15,Jul,CHI,SEA,home,W,95,90,5,85.0,185,13,200.0,95.0,29.0,27.0,11.0,4.0,13.0,35.0,74.0,11.0,32.0,14.0,19.0,0.5472972972972973,0.1363255033557047,0.43243243243243246,0.25675675675675674
2026-27,1022600186,2026-07-17,Jul,CHI,LAS,home,W,96,82,14,85.0,178,13,200.1,96.0,34.0,27.0,5.0,3.0,9.0,37.0,80.0,11.0,32.0,11.0,16.0,0.53125,0.0937109537692628,0.4,0.2
2026-27,1022600192,2026-07-19,Jul,CHI,ATL,away,L,91,93,-2,81.0,184,11,199.99999999999997,91.0,27.0,18.0,9.0,4.0,11.0,35.0,67.0,6.0,21.0,15.0,21.0,0.5671641791044776,0.12608895002292528,0.31343283582089554,0.31343283582089554
2026-27,1022600199,2026-07-22,Jul,CHI,NYL,away,L,94,95,-1,84.5,189,10,200.00000000000003,94.0,30.0,27.0,8.0,6.0,9.0,34.0,71.0,7.0,21.0,19.0,21.0,0.528169014084507,0.10085163603765128,0.29577464788732394,0.29577464788732394
2026-27,1022600211,2026-07-30,Jul,CHI,CON,home,W,94,88,6,85.0,182,13,200.0,94.0,28.0,21.0,10.0,4.0,13.0,32.0,67.0,7.0,22.0,23.0,26.0,0.5298507462686567,0.14216972878390202,0.3283582089552239,0.3880597014925373
2026-27,1022600216,2026-08-01,Aug,CHI,LVA,home,W,84,83,1,85.5,167,12,200.1,84.0,32.0,19.0,9.0,4.0,13.0,31.0,77.0,8.0,20.0,14.0,22.0,0.45454545454545453,0.13041733547351525,0.2597402597402597,0.2857142857142857
2026-27,1022600224,2026-08-03,Aug,CHI,PHX,home,L,101,106,-5,85.0,207,12,199.89999999999998,101.0,36.0,29.0,5.0,1.0,8.0,37.0,76.0,10.0,26.0,17.0,25.0,0.5526315789473685,0.08421052631578947,0.34210526315789475,0.32894736842105265
2026-27,1022600229,2026-08-05,Aug,CHI,LAS,home,W,95,88,7,82.5,183,12,200.0,95.0,29.0,28.0,7.0,6.0,12.0,35.0,66.0,9.0,20.0,16.0,19.0,0.5984848484848485,0.13895321908290875,0.30303030303030304,0.2878787878787879
2026-27,1022600237,2026-08-08,Aug,CHI,IND,home,L,86,90,-4,79.5,176,12,200.0,86.0,30.0,25.0,10.0,2.0,12.0,31.0,68.0,9.0,22.0,15.0,20.0,0.5220588235294118,0.13513513513513514,0.3235294117647059,0.29411764705882354
2026-27,1022600244,2026-08-10,Aug,CHI,SEA,away,L,88,97,-9,86.5,185,12,200.0,88.0,35.0,18.0,9.0,3.0,15.0,30.0,72.0,6.0,20.0,22.0,28.0,0.4583333333333333,0.15102698348771648,0.2777777777777778,0.3888888888888889
2026-27,1022600249,2026-08-12,Aug,CHI,GSV,away,L,71,91,-20,79.0,162,10,200.1,71.0,29.0,19.0,10.0,2.0,17.0,27.0,63.0,6.0,19.0,11.0,15.0,0.47619047619047616,0.19630484988452657,0.30158730158730157,0.23809523809523808
2026-27,1022600259,2026-08-16,Aug,CHI,SEA,away,W,82,80,2,91.5,162,12,200.0,82.0,47.0,17.0,11.0,7.0,17.0,27.0,75.0,6.0,23.0,22.0,27.0,0.4,0.16365036580670003,0.30666666666666664,0.36
2026-27,1022600265,2026-08-18,Aug,CHI,NYL,home,W,93,86,7,88.0,179,12,200.00000000000003,93.0,44.0,24.0,8.0,2.0,13.0,35.0,79.0,7.0,28.0,16.0,22.0,0.4873417721518987,0.12785208497246262,0.35443037974683544,0.27848101265822783
2026-27,1022600001,2026-05-08,May,CON,NYL,away,L,75,106,-31,88.5,181,13,200.0,75.0,32.0,21.0,5.0,2.0,16.0,32.0,83.0,4.0,22.0,7.0,15.0,0.40963855421686746,0.15151515151515152,0.26506024096385544,0.18072289156626506
2026-27,1022600007,2026-05-10,May,CON,SEA,home,L,82,89,-7,86.5,171,13,200.1,82.0,41.0,18.0,7.0,3.0,16.0,29.0,73.0,8.0,23.0,16.0,22.0,0.4520547945205479,0.16214025131738954,0.3150684931506849,0.3013698630136986
2026-27,1022600016,2026-05-13,May,CON,LVA,home,L,69,98,-29,83.0,167,13,200.0,69.0,29.0,16.0,6.0,3.0,13.0,23.0,70.0,3.0,13.0,20.0,24.0,0.35,0.13894826849080805,0.18571428571428572,0.34285714285714286
2026-27,1022600021,2026-05-15,May,CON,LVA,home,L,94,101,-7,84.5,195,12,200.1,94.0,32.0,24.0,11.0,2.0,13.0,36.0,81.0,9.0,25.0,13.0,15.0,0.5,0.12922465208747516,0.30864197530864196,0.18518518518518517
2026-27,1022600030,2026-05-18,May,CON,PDX,away,L,82,83,-1,74.5,165,12,200.10000000000002,82.0,32.0,23.0,9.0,6.0,17.0,32.0,63.0,7.0,20.0,11.0,20.0,0.5634920634920635,0.19144144144144146,0.31746031746031744,0.31746031746031744
2026-27,1022600034,2026-05-20,May,CON,SEA,away,W,80,78,2,78.0,158,13,200.10000000000002,80.0,38.0,14.0,10.0,3.0,11.0,32.0,72.0,5.0,20.0,11.0,17.0,0.4791666666666667,0.12157382847038019,0.2777777777777778,0.2361111111111111
2026-27,1022600040,2026-05-22,May,CON,SEA,away,L,59,77,-18,75.5,136,13,200.0,59.0,33.0,15.0,9.0,3.0,12.0,23.0,62.0,4.0,17.0,9.0,14.0,0.4032258064516129,0.14970059880239522,0.27419354838709675,0.22580645161290322
2026-27,1022600048,2026-05-25,May,CON,GSV,away,L,70,97,-27,80.0,167,13,200.00000000000006,70.0,32.0,13.0,10.0,4.0,18.0,22.0,57.0,6.0,18.0,20.0,28.0,0.43859649122807015,0.2061383417315621,0.3157894736842105,0.49122807017543857
2026-27,1022600052,2026-05-27,May,CON,PDX,away,L,61,71,-10,75.5,132,13,200.10000000000002,61.0,33.0,17.0,9.0,3.0,17.0,24.0,62.0,1.0,21.0,12.0,22.0,0.3951612903225806,0.19170049616599005,0.3387096774193548,0.3548387096774194
2026-27,1022600061,2026-05-30,May,CON,LAS,home,W,84,81,3,83.0,165,12,200.0,84.0,37.0,18.0,11.0,9.0,16.0,28.0,67.0,6.0,22.0,22.0,31.0,0.4626865671641791,0.16556291390728478,0.3283582089552239,0.4626865671641791
2026-27,1022600066,2026-06-02,Jun,CON,ATL,away,L,75,91,-16,77.5,166,12,200.1,75.0,28.0,17.0,8.0,5.0,14.0,26.0,55.0,4.0,17.0,19.0,29.0,0.509090909090909,0.17123287671232876,0.3090909090909091,0.5272727272727272
2026-27,1022600074,2026-06-05,Jun,CON,CHI,away,L,80,85,-5,77.0,165,14,200.1,80.0,40.0,19.0,6.0,7.0,15.0,30.0,71.0,4.0,18.0,16.0,21.0,0.4507042253521127,0.15749685006299874,0.2535211267605634,0.29577464788732394
2026-27,1022600083,2026-06-08,Jun,CON,NYL,home,L,80,89,-9,82.0,169,14,200.0,80.0,28.0,21.0,8.0,3.0,10.0,32.0,70.0,3.0,13.0,13.0,23.0,0.4785714285714286,0.11096316023080337,0.18571428571428572,0.32857142857142857
2026-27,1022600089,2026-06-10,Jun,CON,TOR,away,L,102,106,-4,89.5,208,12,224.99999999999997,102.0,42.0,21.0,3.0,6.0,18.0,34.0,74.0,9.0,25.0,25.0,37.0,0.5202702702702703,0.16623568526043592,0.33783783783783783,0.5
2026-27,1022600097,2026-06-13,Jun,CON,IND,home,L,75,85,-10,76.5,160,14,200.09999999999997,75.0,26.0,24.0,7.0,4.0,9.0,32.0,75.0,5.0,17.0,6.0,9.0,0.46,0.10231923601637108,0.22666666666666666,0.12
2026-27,1022600107,2026-06-17,Jun,CON,WAS,home,L,81,88,-7,76.0,169,14,199.89999999999998,81.0,26.0,16.0,8.0,3.0,5.0,31.0,68.0,4.0,20.0,15.0,23.0,0.4852941176470588,0.06015399422521655,0.29411764705882354,0.3382352941176471
2026-27,1022600114,2026-06-19,Jun,CON,TOR,home,L,97,101,-4,84.0,198,14,200.00000000000003,97.0,35.0,21.0,9.0,4.0,8.0,35.0,76.0,6.0,22.0,21.0,26.0,0.5,0.08382229673093043,0.2894736842105263,0.34210526315789475
2026-27,1022600123,2026-06-22,Jun,CON,CHI,home,W,92,63,29,84.5,155,14,200.0,92.0,49.0,21.0,10.0,9.0,16.0,34.0,67.0,4.0,13.0,20.0,26.0,0.5373134328358209,0.16941973739940702,0.19402985074626866,0.3880597014925373
2026-27,1022600135,2026-06-26,Jun,CON,WAS,home,W,68,57,11,77.0,125,14,200.00000000000003,68.0,27.0,18.0,12.0,6.0,9.0,28.0,68.0,5.0,12.0,7.0,10.0,0.4485294117647059,0.11056511056511056,0.17647058823529413,0.14705882352941177
2026-27,1022600146,2026-07-02,Jul,CON,DAL,home,L,83,86,-3,80.0,169,14,200.0,83.0,34.0,16.0,7.0,4.0,14.0,29.0,64.0,3.0,9.0,22.0,35.0,0.4765625,0.14989293361884368,0.140625,0.546875
2026-27,1022600155,2026-07-06,Jul,CON,MIN,away,W,90,89,1,80.5,179,12,200.0,90.0,32.0,21.0,11.0,6.0,12.0,33.0,66.0,7.0,15.0,17.0,29.0,0.553030303030303,0.13221683561040104,0.22727272727272727,0.4393939393939394
2026-27,1022600160,2026-07-08,Jul,CON,MIN,home,L,80,86,-6,78.5,166,14,200.1,80.0,36.0,20.0,9.0,7.0,18.0,26.0,65.0,6.0,23.0,22.0,27.0,0.4461538461538462,0.1897133220910624,0.35384615384615387,0.4153846153846154
2026-27,1022600165,2026-07-10,Jul,CON,GSV,home,L,64,79,-15,73.5,143,14,200.0,64.0,23.0,19.0,10.0,3.0,20.0,24.0,58.0,4.0,16.0,12.0,17.0,0.4482758620689655,0.2339728591483388,0.27586206896551724,0.29310344827586204
2026-27,1022600177,2026-07-14,Jul,CON,PDX,home,W,90,87,3,80.0,177,14,200.10000000000002,90.0,31.0,28.0,11.0,4.0,14.0,35.0,67.0,3.0,14.0,17.0,20.0,0.5447761194029851,0.155902004454343,0.208955223880597,0.29850746268656714
2026-27,1022600187,2026-07-17,Jul,CON,PHX,away,W,96,83,13,83.5,179,12,200.00000000000003,96.0,34.0,24.0,7.0,5.0,11.0,36.0,69.0,6.0,20.0,18.0,23.0,0.5652173913043478,0.1220594762538837,0.2898550724637681,0.3333333333333333
2026-27,1022600193,2026-07-19,Jul,CON,PHX,away,L,63,72,-9,77.5,135,13,200.10000000000002,63.0,35.0,13.0,6.0,4.0,21.0,22.0,58.0,4.0,14.0,15.0,19.0,0.41379310344827586,0.2403846153846154,0.2413793103448276,0.3275862068965517
2026-27,1022600201,2026-07-22,Jul,CON,IND,away,L,88,123,-35,86.5,211,12,199.90000000000003,88.0,28.0,21.0,8.0,4.0,14.0,35.0,79.0,8.0,20.0,10.0,15.0,0.4936708860759494,0.14056224899598393,0.25316455696202533,0.189873417721519
2026-27,1022600203,2026-07-28,Jul,CON,WAS,away,L,84,92,-8,80.0,176,14,200.0,84.0,29.0,24.0,6.0,8.0,10.0,31.0,75.0,11.0,25.0,11.0,18.0,0.4866666666666667,0.1076194575979337,0.3333333333333333,0.24
2026-27,1022600211,2026-07-30,Jul,CON,CHI,away,L,88,94,-6,85.0,182,13,199.90000000000003,88.0,34.0,20.0,10.0,6.0,16.0,31.0,70.0,7.0,22.0,19.0,24.0,0.4928571428571429,0.16570008285004142,0.3142857142857143,0.34285714285714286
2026-27,1022600220,2026-08-02,Aug,CON,DAL,away,L,63,83,-20,79.5,146,11,200.20000000000002,63.0,31.0,14.0,6.0,3.0,15.0,23.0,67.0,9.0,23.0,8.0,13.0,0.41044776119402987,0.17099863201094392,0.34328358208955223,0.19402985074626866
2026-27,1022600233,2026-08-07,Aug,CON,PHX,home,W,75,72,3,78.5,147,14,200.1,75.0,34.0,19.0,5.0,5.0,18.0,27.0,57.0,7.0,20.0,14.0,20.0,0.5350877192982456,0.21479713603818618,0.3508771929824561,0.3508771929824561
2026-27,1022600251,2026-08-13,Aug,CON,ATL,home,L,69,104,-35,77.5,173,14,200.00000000000003,69.0,36.0,15.0,6.0,8.0,10.0,21.0,70.0,8.0,20.0,19.0,25.0,0.35714285714285715,0.10989010989010989,0.2857142857142857,0.35714285714285715
2026-27,1022600256,2026-08-15,Aug,CON,NYL,home,L,75,82,-7,77.0,157,13,199.89999999999998,75.0,35.0,17.0,4.0,7.0,10.0,24.0,67.0,8.0,29.0,19.0,22.0,0.417910447761194,0.11536686663590216,0.43283582089552236,0.3283582089552239
2026-27,1022600263,2026-08-18,Aug,CON,LAS,home,W,85,77,8,81.0,162,14,199.99999999999997,85.0,33.0,23.0,12.0,3.0,17.0,36.0,71.0,4.0,12.0,9.0,11.0,0.5352112676056338,0.1831107281344248,0.16901408450704225,0.15492957746478872
2026-27,1022600004,2026-05-09,May,DAL,IND,away,W,107,104,3,89.0,211,13,200.09999999999997,107.0,27.0,26.0,9.0,2.0,15.0,39.0,66.0,12.0,23.0,17.0,24.0,0.6818181818181818,0.163826998689384,0.3484848484848485,0.36363636363636365
2026-27,1022600012,2026-05-12,May,DAL,ATL,home,L,72,77,-5,78.0,149,11,200.0,72.0,34.0,15.0,3.0,4.0,8.0,28.0,73.0,4.0,26.0,12.0,14.0,0.410958904109589,0.09178522257916476,0.3561643835616438,0.1917808219178082
2026-27,1022600019,2026-05-14,May,DAL,MIN,home,L,86,90,-4,78.0,176,12,200.1,86.0,26.0,22.0,9.0,3.0,11.0,31.0,67.0,5.0,17.0,19.0,22.0,0.5,0.12545620437956204,0.2537313432835821,0.3283582089552239
2026-27,1022600029,2026-05-18,May,DAL,WAS,home,W,92,69,23,73.5,161,12,200.20000000000002,92.0,31.0,30.0,10.0,1.0,8.0,33.0,70.0,11.0,24.0,15.0,17.0,0.55,0.09358914365933552,0.34285714285714286,0.24285714285714285
2026-27,1022600033,2026-05-20,May,DAL,CHI,away,W,99,89,10,79.5,188,12,199.89999999999998,99.0,36.0,28.0,5.0,1.0,8.0,36.0,72.0,9.0,21.0,18.0,23.0,0.5625,0.08877052818464269,0.2916666666666667,0.3194444444444444
2026-27,1022600038,2026-05-22,May,DAL,ATL,away,L,69,86,-17,78.0,155,12,199.9,69.0,26.0,21.0,9.0,8.0,14.0,28.0,74.0,7.0,28.0,6.0,12.0,0.42567567567567566,0.15008576329331047,0.3783783783783784,0.16216216216216217
2026-27,1022600045,2026-05-24,May,DAL,NYL,away,W,91,76,15,77.0,167,14,200.2,91.0,34.0,22.0,6.0,5.0,8.0,30.0,65.0,15.0,35.0,16.0,19.0,0.5769230769230769,0.09832841691248771,0.5384615384615384,0.2923076923076923
2026-27,1022600054,2026-05-28,May,DAL,LVA,home,W,95,87,8,78.5,182,12,199.89999999999998,95.0,39.0,23.0,1.0,5.0,10.0,33.0,67.0,10.0,22.0,19.0,22.0,0.5671641791044776,0.11536686663590216,0.3283582089552239,0.3283582089552239
2026-27,1022600064,2026-06-01,Jun,DAL,SEA,home,W,79,56,23,79.0,135,11,200.0,79.0,48.0,19.0,7.0,1.0,8.0,29.0,81.0,5.0,25.0,16.0,24.0,0.3888888888888889,0.08035355564483729,0.30864197530864196,0.2962962962962963
2026-27,1022600075,2026-06-05,Jun,DAL,LAS,away,W,104,96,8,83.5,200,10,200.1,104.0,33.0,30.0,10.0,2.0,12.0,41.0,77.0,10.0,25.0,12.0,18.0,0.5974025974025974,0.12381345439537762,0.3246753246753247,0.23376623376623376
2026-27,1022600087,2026-06-09,Jun,DAL,MIN,away,L,76,100,-24,84.0,176,13,199.90000000000003,76.0,31.0,19.0,9.0,3.0,12.0,29.0,77.0,8.0,28.0,10.0,10.0,0.42857142857142855,0.1284796573875803,0.36363636363636365,0.12987012987012986
2026-27,1022600093,2026-06-11,Jun,DAL,PHX,home,W,85,70,15,82.5,155,11,200.00000000000003,85.0,37.0,24.0,9.0,4.0,16.0,37.0,71.0,4.0,18.0,7.0,8.0,0.5492957746478874,0.17675651789659744,0.2535211267605634,0.11267605633802817
2026-27,1022600099,2026-06-13,Jun,DAL,PDX,away,L,83,84,-1,78.5,167,13,200.0,83.0,41.0,18.0,7.0,4.0,10.0,29.0,74.0,7.0,28.0,18.0,26.0,0.4391891891891892,0.10477787091366304,0.3783783783783784,0.35135135135135137
2026-27,1022600103,2026-06-15,Jun,DAL,LVA,home,W,96,66,30,80.0,162,11,199.9,96.0,41.0,30.0,10.0,3.0,7.0,35.0,71.0,10.0,28.0,16.0,21.0,0.5633802816901409,0.08023842274186153,0.39436619718309857,0.29577464788732394
2026-27,1022600109,2026-06-17,Jun,DAL,GSV,away,L,80,91,-11,77.5,171,11,200.1,80.0,25.0,19.0,10.0,3.0,8.0,30.0,64.0,9.0,22.0,11.0,16.0,0.5390625,0.10121457489878542,0.34375,0.25
2026-27,1022600119,2026-06-20,Jun,DAL,CHI,home,W,93,92,1,83.0,185,11,200.0,93.0,35.0,17.0,7.0,7.0,13.0,33.0,73.0,10.0,25.0,17.0,21.0,0.5205479452054794,0.1364972700545989,0.3424657534246575,0.2876712328767123
2026-27,1022600126,2026-06-22,Jun,DAL,SEA,away,W,112,110,2,91.5,222,13,224.89999999999998,112.0,34.0,30.0,9.0,2.0,8.0,48.0,89.0,9.0,24.0,7.0,9.0,0.5898876404494382,0.0792393026941363,0.2696629213483146,0.10112359550561797
2026-27,1022600133,2026-06-25,Jun,DAL,LVA,away,L,84,99,-15,84.0,183,10,200.00000000000003,84.0,24.0,18.0,7.0,2.0,12.0,34.0,70.0,2.0,21.0,14.0,16.0,0.5,0.1347708894878706,0.3,0.22857142857142856
2026-27,1022600141,2026-06-28,Jun,DAL,MIN,home,L,77,85,-8,81.5,162,11,200.0,77.0,38.0,13.0,7.0,3.0,15.0,28.0,74.0,7.0,23.0,14.0,15.0,0.42567567567567566,0.1569037656903766,0.3108108108108108,0.20270270270270271
2026-27,1022600146,2026-07-02,Jul,DAL,CON,away,W,86,83,3,80.0,169,14,199.89999999999998,86.0,31.0,18.0,4.0,3.0,14.0,33.0,68.0,9.0,26.0,11.0,16.0,0.5514705882352942,0.15723270440251572,0.38235294117647056,0.23529411764705882
2026-27,1022600152,2026-07-05,Jul,DAL,TOR,away,W,89,76,13,76.0,165,12,200.00000000000003,89.0,42.0,16.0,7.0,6.0,11.0,33.0,75.0,10.0,28.0,13.0,14.0,0.5066666666666667,0.1193576388888889,0.37333333333333335,0.18666666666666668
2026-27,1022600157,2026-07-07,Jul,DAL,NYL,away,W,88,77,11,81.0,165,14,200.0,88.0,38.0,29.0,3.0,5.0,9.0,35.0,76.0,6.0,23.0,12.0,12.0,0.5,0.09968985378821445,0.3026315789473684,0.15789473684210525
2026-27,1022600166,2026-07-10,Jul,DAL,TOR,away,W,108,95,13,78.5,203,12,200.1,108.0,32.0,22.0,5.0,1.0,6.0,39.0,74.0,11.0,25.0,19.0,21.0,0.6013513513513513,0.06723442402510085,0.33783783783783783,0.28378378378378377
2026-27,1022600173,2026-07-12,Jul,DAL,CHI,home,W,96,91,5,78.5,187,12,199.89999999999998,96.0,33.0,23.0,4.0,3.0,5.0,36.0,75.0,9.0,25.0,15.0,19.0,0.54,0.056586690810321416,0.3333333333333333,0.25333333333333335
2026-27,1022600191,2026-07-19,Jul,DAL,LAS,home,W,90,82,8,81.0,172,11,200.1,90.0,34.0,21.0,8.0,2.0,16.0,34.0,69.0,7.0,19.0,15.0,19.0,0.5434782608695652,0.1713796058269066,0.2753623188405797,0.2753623188405797
2026-27,1022600183,2026-07-20,Jul,DAL,NYL,home,L,98,99,-1,84.0,197,12,225.0,98.0,34.0,27.0,1.0,7.0,7.0,36.0,76.0,11.0,21.0,15.0,19.0,0.5460526315789473,0.0766199649737303,0.27631578947368424,0.25
2026-27,1022600202,2026-07-22,Jul,DAL,PDX,away,W,101,97,4,81.5,198,12,200.0,101.0,35.0,28.0,7.0,2.0,13.0,35.0,72.0,12.0,30.0,19.0,24.0,0.5694444444444444,0.13604018417748012,0.4166666666666667,0.3333333333333333
2026-27,1022600208,2026-07-29,Jul,DAL,ATL,home,L,81,82,-1,83.0,163,12,200.00000000000003,81.0,32.0,19.0,9.0,5.0,16.0,34.0,69.0,4.0,15.0,9.0,14.0,0.5217391304347826,0.17551557700745943,0.21739130434782608,0.2028985507246377
2026-27,1022600214,2026-07-31,Jul,DAL,WAS,away,L,75,81,-6,74.0,156,14,200.0,75.0,32.0,19.0,3.0,7.0,6.0,28.0,70.0,8.0,33.0,11.0,13.0,0.45714285714285713,0.07342143906020558,0.4714285714285714,0.18571428571428572
2026-27,1022600220,2026-08-02,Aug,DAL,CON,home,W,83,63,20,79.5,146,12,199.9,83.0,38.0,22.0,10.0,4.0,14.0,33.0,69.0,7.0,18.0,10.0,12.0,0.5289855072463768,0.158586316266425,0.2608695652173913,0.17391304347826086
2026-27,1022600228,2026-08-05,Aug,DAL,WAS,away,L,92,96,-4,80.5,188,14,200.00000000000003,92.0,32.0,23.0,6.0,6.0,9.0,34.0,68.0,9.0,23.0,15.0,21.0,0.5661764705882353,0.10435992578849722,0.3382352941176471,0.3088235294117647
2026-27,1022600235,2026-08-07,Aug,DAL,GSV,home,L,76,94,-18,76.0,170,10,200.1,76.0,39.0,8.0,7.0,3.0,13.0,21.0,62.0,7.0,25.0,27.0,38.0,0.3951612903225806,0.141735717400785,0.4032258064516129,0.6129032258064516
2026-27,1022600241,2026-08-09,Aug,DAL,MIN,away,L,90,103,-13,82.0,193,13,200.10000000000002,90.0,34.0,24.0,5.0,0.0,18.0,37.0,68.0,6.0,20.0,10.0,11.0,0.5882352941176471,0.19815059445178335,0.29411764705882354,0.16176470588235295
2026-27,1022600248,2026-08-12,Aug,DAL,TOR,home,W,94,88,6,80.0,182,10,199.99999999999997,94.0,30.0,24.0,9.0,5.0,9.0,31.0,70.0,9.0,26.0,23.0,26.0,0.5071428571428571,0.09951348960636887,0.37142857142857144,0.37142857142857144
2026-27,1022600254,2026-08-14,Aug,DAL,IND,away,L,87,98,-11,81.0,185,13,200.0,87.0,31.0,18.0,3.0,6.0,10.0,31.0,72.0,7.0,29.0,18.0,20.0,0.4791666666666667,0.11013215859030838,0.4027777777777778,0.2777777777777778
2026-27,1022600262,2026-08-17,Aug,DAL,GSV,away,L,70,78,-8,76.5,148,11,200.0,70.0,33.0,15.0,7.0,4.0,16.0,26.0,58.0,5.0,22.0,13.0,15.0,0.49137931034482757,0.19851116625310175,0.3793103448275862,0.25862068965517243
2026-27,1022600003,2026-05-08,May,GSV,SEA,away,W,91,80,11,75.0,171,12,199.8,91.0,35.0,22.0,5.0,5.0,9.0,31.0,74.0,15.0,37.0,14.0,22.0,0.5202702702702703,0.09710832973672852,0.5,0.2972972972972973
2026-27,1022600011,2026-05-10,May,GSV,PHX,home,W,95,79,16,76.5,174,10,200.0,95.0,30.0,25.0,10.0,4.0,9.0,33.0,67.0,13.0,33.0,16.0,18.0,0.5895522388059702,0.10724499523355577,0.4925373134328358,0.26865671641791045
2026-27,1022600017,2026-05-13,May,GSV,CHI,home,L,63,69,-6,75.5,132,11,199.9,63.0,42.0,10.0,3.0,9.0,11.0,22.0,75.0,7.0,26.0,12.0,16.0,0.34,0.11822871883061048,0.3466666666666667,0.21333333333333335
2026-27,1022600035,2026-05-21,May,GSV,NYL,away,W,87,70,17,76.0,157,12,200.09999999999997,87.0,36.0,18.0,5.0,3.0,5.0,28.0,71.0,13.0,35.0,18.0,25.0,0.4859154929577465,0.05747126436781609,0.49295774647887325,0.352112676056338
2026-27,1022600039,2026-05-22,May,GSV,IND,away,L,82,90,-8,83.0,172,12,199.99999999999997,82.0,28.0,11.0,9.0,3.0,14.0,26.0,70.0,7.0,22.0,23.0,27.0,0.42142857142857143,0.14601585314977056,0.3142857142857143,0.38571428571428573
2026-27,1022600048,2026-05-25,May,GSV,CON,home,W,97,70,27,80.0,167,13,200.00000000000003,97.0,35.0,24.0,7.0,2.0,12.0,34.0,73.0,13.0,33.0,16.0,23.0,0.5547945205479452,0.1261564339781329,0.4520547945205479,0.3150684931506849
2026-27,1022600055,2026-05-28,May,GSV,IND,home,W,90,88,2,82.5,178,13,200.09999999999997,90.0,37.0,24.0,5.0,11.0,11.0,31.0,68.0,8.0,21.0,20.0,28.0,0.5147058823529411,0.12045554095488394,0.3088235294117647,0.4117647058823529
2026-27,1022600063,2026-05-31,May,GSV,LVA,home,L,81,91,-10,80.0,172,12,200.1,81.0,33.0,16.0,9.0,0.0,12.0,25.0,74.0,16.0,35.0,15.0,17.0,0.44594594594594594,0.12836970474967907,0.47297297297297297,0.22972972972972974
2026-27,1022600068,2026-06-02,Jun,GSV,PDX,home,W,95,77,18,73.5,172,12,199.90000000000003,95.0,28.0,25.0,9.0,4.0,7.0,32.0,69.0,18.0,40.0,13.0,18.0,0.5942028985507246,0.08341277407054337,0.5797101449275363,0.2608695652173913
2026-27,1022600073,2026-06-04,Jun,GSV,MIN,away,L,84,87,-3,75.5,171,12,200.1,84.0,31.0,21.0,6.0,7.0,7.0,30.0,76.0,14.0,37.0,10.0,10.0,0.4868421052631579,0.08009153318077802,0.4868421052631579,0.13157894736842105
2026-27,1022600078,2026-06-06,Jun,GSV,LVA,away,L,79,84,-5,76.5,163,12,199.79999999999998,79.0,38.0,14.0,4.0,1.0,9.0,28.0,72.0,11.0,35.0,12.0,17.0,0.4652777777777778,0.10171790235081374,0.4861111111111111,0.2361111111111111
2026-27,1022600088,2026-06-09,Jun,GSV,PHX,home,W,87,81,6,74.5,168,12,200.0,87.0,27.0,18.0,8.0,2.0,9.0,27.0,61.0,10.0,29.0,23.0,28.0,0.5245901639344263,0.10932944606413995,0.47540983606557374,0.45901639344262296
2026-27,1022600096,2026-06-12,Jun,GSV,SEA,away,W,76,72,4,75.0,148,12,200.00000000000003,76.0,33.0,18.0,6.0,6.0,13.0,24.0,66.0,8.0,37.0,20.0,23.0,0.42424242424242425,0.14587073608617593,0.5606060606060606,0.3484848484848485
2026-27,1022600105,2026-06-15,Jun,GSV,LAS,home,W,78,58,20,73.5,136,12,199.89999999999998,78.0,33.0,19.0,13.0,4.0,9.0,28.0,66.0,7.0,21.0,15.0,19.0,0.4772727272727273,0.10796545105566219,0.3181818181818182,0.2878787878787879
2026-27,1022600109,2026-06-17,Jun,GSV,DAL,home,W,91,80,11,77.5,171,12,200.2,91.0,41.0,20.0,4.0,3.0,13.0,29.0,63.0,12.0,25.0,21.0,27.0,0.5555555555555556,0.14792899408284024,0.3968253968253968,0.42857142857142855
2026-27,1022600116,2026-06-19,Jun,GSV,MIN,home,L,75,81,-6,78.5,156,12,200.0,75.0,38.0,17.0,8.0,3.0,13.0,26.0,74.0,12.0,40.0,11.0,17.0,0.43243243243243246,0.1375952582557155,0.5405405405405406,0.22972972972972974
2026-27,1022600120,2026-06-21,Jun,GSV,LVA,away,L,73,92,-19,72.5,165,12,200.00000000000003,73.0,31.0,10.0,7.0,1.0,10.0,28.0,67.0,5.0,30.0,12.0,18.0,0.4552238805970149,0.11775788977861516,0.44776119402985076,0.26865671641791045
2026-27,1022600131,2026-06-24,Jun,GSV,ATL,home,W,77,66,11,73.5,143,12,200.0,77.0,32.0,20.0,5.0,7.0,12.0,27.0,60.0,15.0,32.0,8.0,12.0,0.575,0.15527950310559005,0.5333333333333333,0.2
2026-27,1022600137,2026-06-26,Jun,GSV,ATL,home,W,78,75,3,81.0,153,12,200.0,78.0,32.0,14.0,6.0,9.0,18.0,27.0,62.0,5.0,22.0,19.0,25.0,0.47580645161290325,0.1978021978021978,0.3548387096774194,0.4032258064516129
2026-27,1022600144,2026-06-28,Jun,GSV,NYL,home,W,76,67,9,69.0,143,12,200.00000000000003,76.0,30.0,20.0,5.0,2.0,8.0,28.0,65.0,7.0,28.0,13.0,18.0,0.4846153846153846,0.09886307464162135,0.4307692307692308,0.27692307692307694
2026-27,1022600150,2026-07-04,Jul,GSV,ATL,away,W,88,83,5,79.0,171,12,200.0,88.0,30.0,19.0,15.0,4.0,14.0,31.0,67.0,13.0,34.0,13.0,17.0,0.5597014925373134,0.1582278481012658,0.5074626865671642,0.2537313432835821
2026-27,1022600154,2026-07-06,Jul,GSV,WAS,away,W,62,49,13,68.0,111,12,200.0,62.0,30.0,14.0,10.0,5.0,5.0,26.0,74.0,6.0,34.0,4.0,4.0,0.3918918918918919,0.06191183754333828,0.4594594594594595,0.05405405405405406
2026-27,1022600159,2026-07-08,Jul,GSV,TOR,away,W,83,75,8,76.0,158,12,200.09999999999997,83.0,31.0,18.0,7.0,3.0,14.0,26.0,58.0,11.0,30.0,20.0,25.0,0.5431034482758621,0.1686746987951807,0.5172413793103449,0.43103448275862066
2026-27,1022600165,2026-07-10,Jul,GSV,CON,away,W,79,64,15,73.5,143,14,200.0,79.0,30.0,19.0,11.0,6.0,15.0,31.0,60.0,8.0,18.0,9.0,13.0,0.5833333333333334,0.18582755203171458,0.3,0.21666666666666667
2026-27,1022600181,2026-07-15,Jul,GSV,IND,away,W,88,75,13,78.5,163,12,200.00000000000003,88.0,30.0,16.0,9.0,4.0,14.0,30.0,58.0,8.0,24.0,20.0,23.0,0.5862068965517241,0.17048222113979541,0.41379310344827586,0.39655172413793105
2026-27,1022600190,2026-07-18,Jul,GSV,WAS,home,W,74,69,5,68.0,143,11,200.20000000000002,74.0,26.0,21.0,8.0,2.0,8.0,24.0,59.0,12.0,33.0,14.0,20.0,0.5084745762711864,0.10554089709762533,0.559322033898305,0.3389830508474576
2026-27,1022600195,2026-07-20,Jul,GSV,WAS,home,L,82,90,-8,76.5,172,12,200.0,82.0,23.0,21.0,10.0,4.0,8.0,31.0,72.0,12.0,33.0,8.0,11.0,0.5138888888888888,0.0942951438000943,0.4583333333333333,0.1527777777777778
2026-27,1022600209,2026-07-29,Jul,GSV,PHX,away,L,89,91,-2,77.5,180,12,200.2,89.0,33.0,24.0,7.0,1.0,7.0,31.0,76.0,12.0,33.0,15.0,19.0,0.4868421052631579,0.0766199649737303,0.4342105263157895,0.25
2026-27,1022600221,2026-08-02,Aug,GSV,TOR,home,W,96,79,17,76.0,175,13,200.0,96.0,26.0,26.0,8.0,5.0,7.0,33.0,67.0,14.0,29.0,16.0,18.0,0.5970149253731343,0.08544921875,0.43283582089552236,0.26865671641791045
2026-27,1022600225,2026-08-04,Aug,GSV,TOR,home,W,92,81,11,75.0,173,12,200.0,92.0,38.0,21.0,9.0,2.0,12.0,31.0,68.0,12.0,33.0,18.0,23.0,0.5441176470588235,0.13315579227696403,0.4852941176470588,0.3382352941176471
2026-27,1022600235,2026-08-07,Aug,GSV,DAL,away,W,94,76,18,76.0,170,12,199.99999999999997,94.0,38.0,27.0,8.0,5.0,7.0,33.0,71.0,12.0,34.0,16.0,18.0,0.5492957746478874,0.08147113594040968,0.4788732394366197,0.2535211267605634
2026-27,1022600242,2026-08-09,Aug,GSV,LAS,away,W,84,78,6,71.5,162,12,200.1,84.0,36.0,22.0,7.0,2.0,13.0,32.0,69.0,12.0,34.0,8.0,9.0,0.5507246376811594,0.15123313168915775,0.4927536231884058,0.13043478260869565
2026-27,1022600249,2026-08-12,Aug,GSV,CHI,home,W,91,71,20,79.0,162,11,199.9,91.0,30.0,17.0,16.0,3.0,13.0,32.0,63.0,8.0,21.0,19.0,24.0,0.5714285714285714,0.15018484288354897,0.3333333333333333,0.38095238095238093
2026-27,1022600262,2026-08-17,Aug,GSV,DAL,home,W,78,70,8,76.5,148,12,199.9,78.0,30.0,17.0,7.0,1.0,11.0,27.0,72.0,12.0,36.0,12.0,14.0,0.4583333333333333,0.12337371018393899,0.5,0.19444444444444445
2026-27,1022600268,2026-08-19,Aug,GSV,MIN,home,L,66,77,-11,73.0,143,12,200.0,66.0,33.0,18.0,8.0,2.0,9.0,25.0,77.0,7.0,37.0,9.0,11.0,0.37012987012987014,0.09907529722589167,0.4805194805194805,0.14285714285714285
2026-27,1022600004,2026-05-09,May,IND,DAL,home,L,104,107,-3,89.0,211,12,199.9,104.0,28.0,23.0,4.0,2.0,14.0,40.0,77.0,7.0,24.0,17.0,21.0,0.564935064935065,0.13966480446927376,0.3116883116883117,0.2727272727272727
2026-27,1022600018,2026-05-13,May,IND,LAS,away,W,87,78,9,82.0,165,12,200.1,87.0,33.0,23.0,7.0,3.0,16.0,31.0,63.0,9.0,30.0,16.0,19.0,0.5634920634920635,0.18315018315018314,0.47619047619047616,0.30158730158730157
2026-27,1022600022,2026-05-15,May,IND,WAS,home,L,102,104,-2,94.5,206,12,225.0,102.0,29.0,23.0,13.0,4.0,11.0,36.0,92.0,17.0,42.0,13.0,19.0,0.483695652173913,0.09877873563218391,0.45652173913043476,0.20652173913043478
2026-27,1022600027,2026-05-17,May,IND,SEA,home,W,89,78,11,84.0,167,12,199.9,89.0,38.0,22.0,5.0,6.0,17.0,31.0,67.0,5.0,21.0,22.0,22.0,0.5,0.18146883005977796,0.31343283582089554,0.3283582089552239
2026-27,1022600032,2026-05-20,May,IND,PDX,home,W,90,73,17,82.0,163,12,200.1,90.0,36.0,21.0,6.0,5.0,14.0,28.0,62.0,9.0,28.0,25.0,29.0,0.5241935483870968,0.15772870662460567,0.45161290322580644,0.46774193548387094
2026-27,1022600039,2026-05-22,May,IND,GSV,home,W,90,82,8,83.0,172,12,199.9,90.0,34.0,22.0,7.0,2.0,18.0,29.0,63.0,10.0,26.0,22.0,29.0,0.5396825396825397,0.19197952218430034,0.4126984126984127,0.4603174603174603
2026-27,1022600055,2026-05-28,May,IND,GSV,away,L,88,90,-2,82.5,178,12,200.0,88.0,34.0,22.0,7.0,5.0,11.0,30.0,73.0,9.0,28.0,19.0,21.0,0.4726027397260274,0.11797511797511798,0.3835616438356164,0.2876712328767123
2026-27,1022600062,2026-05-30,May,IND,PDX,away,L,84,100,-16,80.0,184,12,200.00000000000003,84.0,26.0,21.0,6.0,3.0,17.0,24.0,58.0,5.0,22.0,31.0,35.0,0.45689655172413796,0.18805309734513273,0.3793103448275862,0.603448275862069
2026-27,1022600072,2026-06-04,Jun,IND,ATL,home,W,83,71,12,77.5,154,12,200.1,83.0,35.0,16.0,6.0,7.0,14.0,30.0,63.0,11.0,25.0,12.0,15.0,0.5634920634920635,0.1674641148325359,0.3968253968253968,0.23809523809523808
2026-27,1022600080,2026-06-06,Jun,IND,NYL,away,L,75,83,-8,85.0,158,14,200.00000000000003,75.0,41.0,20.0,4.0,5.0,14.0,29.0,72.0,8.0,25.0,9.0,15.0,0.4583333333333333,0.1511879049676026,0.3472222222222222,0.20833333333333334
2026-27,1022600084,2026-06-08,Jun,IND,WAS,away,W,78,76,2,81.0,154,12,200.1,78.0,28.0,19.0,8.0,4.0,17.0,29.0,66.0,10.0,29.0,10.0,14.0,0.5151515151515151,0.19066846119336026,0.4393939393939394,0.21212121212121213
2026-27,1022600091,2026-06-11,Jun,IND,CHI,home,W,114,106,8,96.5,220,13,225.10000000000002,114.0,46.0,22.0,8.0,6.0,15.0,39.0,87.0,7.0,28.0,29.0,31.0,0.4885057471264368,0.12971290210999653,0.3218390804597701,0.3563218390804598
2026-27,1022600097,2026-06-13,Jun,IND,CON,away,W,85,75,10,76.5,160,14,200.0,85.0,38.0,19.0,4.0,5.0,17.0,30.0,61.0,12.0,29.0,13.0,19.0,0.5901639344262295,0.1968503937007874,0.47540983606557374,0.3114754098360656
2026-27,1022600106,2026-06-16,Jun,IND,TOR,home,W,113,91,22,88.5,204,12,200.19999999999996,113.0,43.0,25.0,4.0,5.0,16.0,36.0,69.0,13.0,30.0,28.0,33.0,0.6159420289855072,0.1607717041800643,0.43478260869565216,0.4782608695652174
2026-27,1022600113,2026-06-18,Jun,IND,ATL,home,L,101,108,-7,87.5,209,12,199.99999999999997,101.0,26.0,16.0,7.0,3.0,18.0,35.0,63.0,8.0,17.0,23.0,29.0,0.6190476190476191,0.19197952218430034,0.2698412698412698,0.4603174603174603
2026-27,1022600117,2026-06-20,Jun,IND,ATL,away,L,96,113,-17,84.5,209,12,200.1,96.0,30.0,20.0,1.0,3.0,19.0,33.0,67.0,13.0,30.0,17.0,21.0,0.5895522388059702,0.19949601007979842,0.44776119402985076,0.31343283582089554
2026-27,1022600125,2026-06-22,Jun,IND,PHX,home,W,86,77,9,80.5,163,12,200.1,86.0,39.0,15.0,6.0,2.0,14.0,27.0,64.0,10.0,34.0,22.0,29.0,0.5,0.1542529748788012,0.53125,0.453125
2026-27,1022600128,2026-06-24,Jun,IND,PHX,home,L,109,111,-2,84.0,220,12,199.89999999999998,109.0,26.0,30.0,6.0,1.0,16.0,39.0,66.0,13.0,27.0,18.0,19.0,0.6893939393939394,0.17706949977866313,0.4090909090909091,0.2878787878787879
2026-27,1022600139,2026-06-27,Jun,IND,LAS,home,W,111,87,24,85.5,198,13,199.99999999999997,111.0,41.0,23.0,6.0,6.0,12.0,37.0,67.0,10.0,19.0,27.0,33.0,0.6268656716417911,0.1283147989734816,0.2835820895522388,0.4925373134328358
2026-27,1022600153,2026-07-05,Jul,IND,LVA,away,W,84,68,16,72.5,152,12,200.1,84.0,39.0,18.0,5.0,3.0,7.0,30.0,70.0,9.0,23.0,15.0,20.0,0.4928571428571429,0.08158508158508158,0.32857142857142857,0.2857142857142857
2026-27,1022600161,2026-07-08,Jul,IND,LAS,away,L,92,106,-14,91.5,198,12,200.10000000000002,92.0,41.0,18.0,8.0,5.0,16.0,33.0,77.0,11.0,34.0,15.0,21.0,0.5,0.1564945226917058,0.44155844155844154,0.2727272727272727
2026-27,1022600163,2026-07-09,Jul,IND,PHX,away,W,92,89,3,78.5,181,13,199.9,92.0,30.0,18.0,8.0,4.0,10.0,35.0,70.0,12.0,27.0,10.0,10.0,0.5857142857142857,0.11848341232227487,0.38571428571428573,0.14285714285714285
2026-27,1022600174,2026-07-12,Jul,IND,LVA,away,W,109,75,34,79.0,184,12,199.99999999999997,109.0,35.0,18.0,6.0,1.0,9.0,38.0,68.0,15.0,31.0,18.0,19.0,0.6691176470588235,0.10543580131208997,0.45588235294117646,0.27941176470588236
2026-27,1022600181,2026-07-15,Jul,IND,GSV,home,L,75,88,-13,78.5,163,12,199.9,75.0,26.0,14.0,8.0,2.0,15.0,27.0,67.0,9.0,25.0,12.0,16.0,0.4701492537313433,0.16846361185983827,0.373134328358209,0.23880597014925373
2026-27,1022600184,2026-07-17,Jul,IND,SEA,home,W,110,107,3,85.0,217,12,200.09999999999997,110.0,26.0,21.0,12.0,3.0,12.0,36.0,72.0,10.0,23.0,28.0,31.0,0.5694444444444444,0.12290045063498566,0.3194444444444444,0.4305555555555556
2026-27,1022600188,2026-07-18,Jul,IND,NYL,home,W,108,88,20,83.5,196,12,199.90000000000003,108.0,32.0,22.0,7.0,5.0,16.0,37.0,69.0,14.0,28.0,20.0,27.0,0.6376811594202898,0.16515276630883569,0.4057971014492754,0.391304347826087
2026-27,1022600201,2026-07-22,Jul,IND,CON,home,W,123,88,35,86.5,211,12,200.09999999999997,123.0,35.0,29.0,7.0,7.0,13.0,45.0,73.0,11.0,22.0,22.0,27.0,0.6917808219178082,0.13281569268492033,0.3013698630136986,0.3698630136986301
2026-27,1022600205,2026-07-28,Jul,IND,SEA,away,W,105,95,10,80.5,200,12,200.0,105.0,36.0,16.0,3.0,3.0,11.0,33.0,64.0,13.0,24.0,26.0,26.0,0.6171875,0.12725590004627488,0.375,0.40625
2026-27,1022600215,2026-07-31,Jul,IND,PDX,away,W,112,98,14,87.5,210,12,200.10000000000002,112.0,30.0,24.0,14.0,4.0,13.0,36.0,68.0,10.0,29.0,30.0,34.0,0.6029411764705882,0.13547311379741558,0.4264705882352941,0.5
2026-27,1022600218,2026-08-02,Aug,IND,MIN,away,L,100,108,-8,80.5,208,12,200.0,100.0,23.0,27.0,4.0,2.0,12.0,39.0,68.0,11.0,24.0,11.0,15.0,0.6544117647058824,0.13856812933025406,0.35294117647058826,0.22058823529411764
2026-27,1022600230,2026-08-06,Aug,IND,LVA,home,L,84,86,-2,93.0,170,12,225.0,84.0,38.0,16.0,10.0,4.0,21.0,31.0,67.0,7.0,20.0,15.0,20.0,0.5149253731343284,0.21694214876033058,0.29850746268656714,0.29850746268656714
2026-27,1022600237,2026-08-08,Aug,IND,CHI,away,W,90,86,4,79.5,176,12,200.0,90.0,34.0,23.0,8.0,7.0,13.0,35.0,68.0,9.0,22.0,11.0,16.0,0.5808823529411765,0.14766015447523853,0.3235294117647059,0.23529411764705882
2026-27,1022600245,2026-08-11,Aug,IND,NYL,home,W,106,92,14,82.0,198,12,199.79999999999998,106.0,27.0,22.0,7.0,4.0,11.0,37.0,69.0,16.0,25.0,16.0,19.0,0.6521739130434783,0.12449071978270711,0.36231884057971014,0.2753623188405797
2026-27,1022600254,2026-08-14,Aug,IND,DAL,home,W,98,87,11,81.0,185,12,200.09999999999997,98.0,34.0,14.0,4.0,2.0,9.0,39.0,74.0,9.0,24.0,11.0,13.0,0.5878378378378378,0.10144274120829576,0.32432432432432434,0.17567567567567569
2026-27,1022600261,2026-08-16,Aug,IND,ATL,away,W,95,91,4,90.5,186,12,225.00000000000003,95.0,40.0,18.0,8.0,6.0,9.0,36.0,81.0,6.0,24.0,17.0,23.0,0.48148148148148145,0.0898921294446664,0.2962962962962963,0.2839506172839506
2026-27,1022600264,2026-08-18,Aug,IND,TOR,away,W,101,95,6,85.5,196,12,200.2,101.0,32.0,20.0,7.0,3.0,15.0,37.0,70.0,11.0,25.0,16.0,19.0,0.6071428571428571,0.16066838046272494,0.35714285714285715,0.2714285714285714
2026-27,1022600009,2026-05-10,May,LAS,LVA,home,L,78,105,-27,83.0,183,12,200.2,78.0,32.0,11.0,8.0,0.0,19.0,29.0,78.0,9.0,31.0,11.0,16.0,0.42948717948717946,0.18262206843521722,0.3974358974358974,0.20512820512820512
2026-27,1022600018,2026-05-13,May,LAS,IND,home,L,78,87,-9,82.0,165,11,200.09999999999997,78.0,24.0,13.0,12.0,4.0,19.0,28.0,57.0,2.0,15.0,20.0,25.0,0.5087719298245614,0.21839080459770116,0.2631578947368421,0.43859649122807015
2026-27,1022600023,2026-05-15,May,LAS,TOR,home,W,99,95,4,80.0,194,11,200.0,99.0,24.0,26.0,6.0,1.0,16.0,37.0,58.0,9.0,21.0,16.0,20.0,0.7155172413793104,0.1932367149758454,0.3620689655172414,0.3448275862068966
2026-27,1022600028,2026-05-17,May,LAS,TOR,home,L,96,106,-10,80.0,202,11,199.8,96.0,26.0,26.0,6.0,3.0,13.0,33.0,64.0,7.0,23.0,23.0,30.0,0.5703125,0.1441241685144124,0.359375,0.46875
2026-27,1022600037,2026-05-21,May,LAS,PHX,away,W,97,88,9,81.0,185,13,200.00000000000006,97.0,31.0,23.0,8.0,4.0,17.0,31.0,64.0,15.0,32.0,20.0,22.0,0.6015625,0.1874724305249228,0.5,0.34375
2026-27,1022600043,2026-05-23,May,LAS,LVA,away,W,101,95,6,84.0,196,11,200.1,101.0,30.0,26.0,8.0,1.0,17.0,37.0,67.0,14.0,29.0,13.0,15.0,0.6567164179104478,0.18763796909492275,0.43283582089552236,0.22388059701492538
2026-27,1022600057,2026-05-29,May,LAS,WAS,away,W,92,87,5,81.0,179,10,199.89999999999998,92.0,29.0,23.0,8.0,2.0,14.0,33.0,66.0,6.0,20.0,20.0,28.0,0.5454545454545454,0.1516464471403813,0.30303030303030304,0.42424242424242425
2026-27,1022600061,2026-05-30,May,LAS,CON,away,L,81,84,-3,83.0,165,13,199.9,81.0,29.0,16.0,9.0,7.0,16.0,27.0,66.0,8.0,25.0,19.0,26.0,0.4696969696969697,0.17123287671232876,0.3787878787878788,0.3939393939393939
2026-27,1022600069,2026-06-02,Jun,LAS,LVA,home,L,69,79,-10,78.5,148,11,199.9,69.0,38.0,13.0,4.0,4.0,11.0,20.0,65.0,6.0,23.0,23.0,27.0,0.35384615384615387,0.12517068730086484,0.35384615384615387,0.4153846153846154
2026-27,1022600075,2026-06-05,Jun,LAS,DAL,home,L,96,104,-8,83.5,200,13,199.9,96.0,30.0,25.0,5.0,2.0,17.0,36.0,67.0,9.0,28.0,15.0,21.0,0.6044776119402985,0.18232518232518233,0.417910447761194,0.31343283582089554
2026-27,1022600082,2026-06-07,Jun,LAS,PDX,home,W,89,72,17,81.0,161,14,199.9,89.0,42.0,17.0,11.0,4.0,12.0,32.0,75.0,8.0,30.0,17.0,22.0,0.48,0.12412081092263136,0.4,0.29333333333333333
2026-27,1022600090,2026-06-10,Jun,LAS,SEA,away,W,88,83,5,80.5,171,12,200.20000000000002,88.0,38.0,20.0,10.0,4.0,9.0,29.0,75.0,9.0,35.0,21.0,25.0,0.44666666666666666,0.09473684210526316,0.4666666666666667,0.3333333333333333
2026-27,1022600100,2026-06-13,Jun,LAS,PHX,away,W,111,102,9,88.5,213,13,225.10000000000002,111.0,37.0,21.0,8.0,8.0,11.0,38.0,79.0,15.0,34.0,20.0,23.0,0.5759493670886076,0.10986815821014782,0.43037974683544306,0.2911392405063291
2026-27,1022600105,2026-06-15,Jun,LAS,GSV,away,L,58,78,-20,73.5,136,13,199.80000000000004,58.0,33.0,16.0,4.0,4.0,15.0,20.0,60.0,3.0,21.0,15.0,20.0,0.35833333333333334,0.17899761336515513,0.35,0.3333333333333333
2026-27,1022600110,2026-06-17,Jun,LAS,MIN,home,L,83,99,-16,86.5,182,12,199.9,83.0,26.0,20.0,8.0,1.0,18.0,25.0,60.0,7.0,26.0,26.0,32.0,0.475,0.19548218940052128,0.43333333333333335,0.5333333333333333
2026-27,1022600122,2026-06-21,Jun,LAS,NYL,home,W,98,97,1,83.5,195,12,200.0,98.0,26.0,28.0,5.0,2.0,9.0,40.0,77.0,9.0,27.0,9.0,12.0,0.577922077922078,0.0985977212971078,0.35064935064935066,0.15584415584415584
2026-27,1022600132,2026-06-25,Jun,LAS,TOR,away,L,97,125,-28,86.5,222,13,199.99999999999997,97.0,30.0,20.0,7.0,2.0,8.0,33.0,77.0,11.0,38.0,20.0,26.0,0.5,0.0829531314807134,0.4935064935064935,0.33766233766233766
2026-27,1022600139,2026-06-27,Jun,LAS,IND,away,L,87,111,-24,85.5,198,13,200.00000000000003,87.0,25.0,21.0,4.0,4.0,9.0,33.0,77.0,4.0,20.0,17.0,21.0,0.45454545454545453,0.09449811003779925,0.2597402597402597,0.2727272727272727
2026-27,1022600156,2026-07-06,Jul,LAS,SEA,home,L,64,82,-18,85.0,146,11,200.10000000000002,64.0,35.0,18.0,7.0,1.0,18.0,22.0,65.0,5.0,29.0,15.0,20.0,0.3769230769230769,0.19607843137254902,0.4461538461538462,0.3076923076923077
2026-27,1022600161,2026-07-08,Jul,LAS,IND,home,W,106,92,14,91.5,198,11,200.0,106.0,37.0,25.0,11.0,0.0,11.0,40.0,79.0,9.0,20.0,17.0,20.0,0.5632911392405063,0.11133603238866398,0.25316455696202533,0.25316455696202533
2026-27,1022600167,2026-07-10,Jul,LAS,CHI,home,W,102,87,15,87.0,189,11,200.0,102.0,32.0,32.0,11.0,4.0,11.0,39.0,76.0,14.0,31.0,10.0,15.0,0.6052631578947368,0.11752136752136753,0.40789473684210525,0.19736842105263158
2026-27,1022600175,2026-07-13,Jul,LAS,ATL,away,L,92,101,-9,84.5,193,11,199.99999999999997,92.0,25.0,18.0,11.0,3.0,18.0,35.0,67.0,9.0,24.0,13.0,16.0,0.5895522388059702,0.19556714471968709,0.3582089552238806,0.23880597014925373
2026-27,1022600180,2026-07-15,Jul,LAS,MIN,away,L,87,96,-9,83.0,183,12,200.00000000000003,87.0,31.0,22.0,6.0,1.0,17.0,31.0,65.0,9.0,28.0,16.0,19.0,0.5461538461538461,0.18813634351482958,0.4307692307692308,0.2923076923076923
2026-27,1022600186,2026-07-17,Jul,LAS,CHI,away,L,82,96,-14,85.0,178,12,200.10000000000002,82.0,34.0,20.0,4.0,5.0,17.0,29.0,65.0,6.0,26.0,18.0,23.0,0.49230769230769234,0.18454190186712982,0.4,0.35384615384615387
2026-27,1022600191,2026-07-19,Jul,LAS,DAL,away,L,82,90,-8,81.0,172,10,199.8,82.0,30.0,23.0,9.0,6.0,13.0,33.0,68.0,6.0,21.0,10.0,11.0,0.5294117647058824,0.15144454799627213,0.3088235294117647,0.16176470588235295
2026-27,1022600197,2026-07-22,Jul,LAS,PHX,home,L,82,86,-4,83.0,168,11,199.9,82.0,37.0,20.0,5.0,5.0,18.0,28.0,70.0,9.0,28.0,17.0,21.0,0.4642857142857143,0.18510900863842042,0.4,0.3
2026-27,1022600207,2026-07-28,Jul,LAS,NYL,home,L,109,113,-4,86.0,222,11,200.0,109.0,21.0,35.0,10.0,1.0,15.0,44.0,73.0,16.0,31.0,5.0,7.0,0.7123287671232876,0.16469038208168643,0.4246575342465753,0.0958904109589041
2026-27,1022600219,2026-08-02,Aug,LAS,PDX,away,W,106,101,5,86.5,207,11,200.0,106.0,32.0,33.0,8.0,5.0,13.0,39.0,75.0,16.0,29.0,12.0,14.0,0.6266666666666667,0.13806287170773152,0.38666666666666666,0.18666666666666668
2026-27,1022600229,2026-08-05,Aug,LAS,CHI,away,L,88,95,-7,82.5,183,12,200.10000000000002,88.0,35.0,27.0,6.0,5.0,14.0,32.0,68.0,9.0,24.0,15.0,20.0,0.5367647058823529,0.15418502202643172,0.35294117647058826,0.29411764705882354
2026-27,1022600231,2026-08-06,Aug,LAS,MIN,away,W,89,82,7,78.5,171,12,200.1,89.0,35.0,27.0,6.0,4.0,13.0,34.0,68.0,9.0,24.0,12.0,16.0,0.5661764705882353,0.14766015447523853,0.35294117647058826,0.23529411764705882
2026-27,1022600242,2026-08-09,Aug,LAS,GSV,home,L,78,84,-6,71.5,162,11,199.99999999999997,78.0,28.0,18.0,6.0,1.0,11.0,32.0,70.0,10.0,31.0,4.0,9.0,0.5285714285714286,0.12947269303201508,0.44285714285714284,0.12857142857142856
2026-27,1022600247,2026-08-11,Aug,LAS,PHX,home,L,87,94,-7,88.5,181,12,200.0,87.0,33.0,25.0,11.0,2.0,17.0,32.0,74.0,7.0,32.0,16.0,22.0,0.4797297297297297,0.1688518077075884,0.43243243243243246,0.2972972972972973
2026-27,1022600252,2026-08-13,Aug,LAS,NYL,away,L,81,85,-4,80.0,166,14,199.99999999999997,81.0,36.0,22.0,7.0,5.0,14.0,32.0,68.0,10.0,30.0,7.0,13.0,0.5441176470588235,0.15959872321021432,0.4411764705882353,0.19117647058823528
2026-27,1022600257,2026-08-15,Aug,LAS,WAS,away,L,70,80,-10,78.5,150,13,200.10000000000002,70.0,27.0,20.0,11.0,2.0,14.0,24.0,61.0,9.0,26.0,13.0,16.0,0.4672131147540984,0.1706484641638225,0.4262295081967213,0.26229508196721313
2026-27,1022600263,2026-08-18,Aug,LAS,CON,away,L,77,85,-8,81.0,162,13,200.00000000000003,77.0,29.0,18.0,12.0,4.0,16.0,29.0,64.0,2.0,16.0,17.0,23.0,0.46875,0.17754105636928538,0.25,0.359375
2026-27,1022600005,2026-05-09,May,LVA,PHX,home,L,66,99,-33,83.0,165,10,200.20000000000002,66.0,35.0,19.0,5.0,8.0,17.0,29.0,71.0,4.0,19.0,4.0,8.0,0.43661971830985913,0.18575174825174826,0.2676056338028169,0.11267605633802817
2026-27,1022600009,2026-05-10,May,LVA,LAS,away,W,105,78,27,83.0,183,10,199.9,105.0,31.0,28.0,11.0,10.0,14.0,43.0,69.0,7.0,20.0,12.0,17.0,0.6739130434782609,0.15473032714412024,0.2898550724637681,0.2463768115942029
2026-27,1022600016,2026-05-13,May,LVA,CON,away,W,98,69,29,83.0,167,12,199.60000000000002,98.0,46.0,21.0,9.0,6.0,15.0,39.0,72.0,5.0,16.0,15.0,21.0,0.5763888888888888,0.15586034912718205,0.2222222222222222,0.2916666666666667
2026-27,1022600021,2026-05-15,May,LVA,CON,away,W,101,94,7,84.5,195,12,200.0,101.0,28.0,24.0,6.0,6.0,17.0,35.0,58.0,6.0,13.0,25.0,32.0,0.6551724137931034,0.19083969465648856,0.22413793103448276,0.5517241379310345
2026-27,1022600026,2026-05-17,May,LVA,ATL,away,W,85,84,1,85.0,169,10,200.0,85.0,38.0,21.0,5.0,8.0,13.0,31.0,73.0,10.0,27.0,13.0,17.0,0.4931506849315068,0.13906718014548566,0.3698630136986301,0.2328767123287671
2026-27,1022600043,2026-05-23,May,LVA,LAS,home,L,95,101,-6,84.0,196,11,200.0,95.0,36.0,21.0,6.0,9.0,14.0,34.0,76.0,10.0,29.0,17.0,21.0,0.5131578947368421,0.1410721483272874,0.3815789473684211,0.27631578947368424
2026-27,1022600054,2026-05-28,May,LVA,DAL,away,L,87,95,-8,78.5,182,11,200.0,87.0,33.0,21.0,5.0,3.0,5.0,36.0,82.0,8.0,20.0,7.0,12.0,0.4878048780487805,0.054182921543129606,0.24390243902439024,0.14634146341463414
2026-27,1022600063,2026-05-31,May,LVA,GSV,away,W,91,81,10,80.0,172,10,200.0,91.0,45.0,26.0,5.0,8.0,15.0,33.0,69.0,8.0,22.0,17.0,21.0,0.5362318840579711,0.16087516087516088,0.3188405797101449,0.30434782608695654
2026-27,1022600069,2026-06-02,Jun,LVA,LAS,away,W,79,69,10,78.5,148,9,199.79999999999998,79.0,44.0,24.0,7.0,8.0,10.0,31.0,69.0,8.0,24.0,9.0,16.0,0.5072463768115942,0.11622501162250115,0.34782608695652173,0.2318840579710145
2026-27,1022600078,2026-06-06,Jun,LVA,GSV,home,W,84,79,5,76.5,163,10,200.09999999999997,84.0,36.0,22.0,3.0,2.0,11.0,27.0,63.0,13.0,30.0,17.0,22.0,0.5317460317460317,0.13145315487571702,0.47619047619047616,0.3492063492063492
2026-27,1022600085,2026-06-08,Jun,LVA,SEA,home,W,101,91,10,18.5,192,10,200.0,101.0,39.0,27.0,4.0,5.0,12.0,35.0,70.0,10.0,28.0,21.0,24.0,0.5714285714285714,0.12964563526361278,0.4,0.34285714285714286
2026-27,1022600094,2026-06-11,Jun,LVA,PDX,away,W,105,89,16,79.5,194,12,199.99999999999997,105.0,42.0,25.0,6.0,4.0,14.0,36.0,72.0,14.0,28.0,19.0,29.0,0.5972222222222222,0.14175779667881733,0.3888888888888889,0.4027777777777778
2026-27,1022600098,2026-06-13,Jun,LVA,MIN,home,W,100,97,3,77.5,197,11,200.0,100.0,33.0,24.0,8.0,3.0,11.0,36.0,67.0,11.0,25.0,17.0,19.0,0.6194029850746269,0.12737378415933304,0.373134328358209,0.2835820895522388
2026-27,1022600103,2026-06-15,Jun,LVA,DAL,away,L,66,96,-30,80.0,162,10,200.0,66.0,31.0,24.0,5.0,3.0,14.0,27.0,68.0,5.0,21.0,7.0,9.0,0.4338235294117647,0.16286644951140067,0.3088235294117647,0.1323529411764706
2026-27,1022600111,2026-06-17,Jun,LVA,PHX,away,W,86,76,10,77.0,162,12,200.09999999999997,86.0,29.0,25.0,18.0,6.0,9.0,31.0,68.0,5.0,21.0,19.0,25.0,0.49264705882352944,0.10227272727272728,0.3088235294117647,0.36764705882352944
2026-27,1022600120,2026-06-21,Jun,LVA,GSV,home,W,92,73,19,72.5,165,9,199.9,92.0,25.0,21.0,5.0,3.0,11.0,36.0,58.0,11.0,24.0,9.0,10.0,0.7155172413793104,0.14986376021798364,0.41379310344827586,0.1724137931034483
2026-27,1022600127,2026-06-23,Jun,LVA,NYL,home,L,76,87,-11,77.5,163,12,200.2,76.0,32.0,23.0,9.0,4.0,7.0,31.0,72.0,8.0,27.0,6.0,8.0,0.4861111111111111,0.08482792050412022,0.375,0.1111111111111111
2026-27,1022600133,2026-06-25,Jun,LVA,DAL,home,W,99,84,15,84.0,183,9,200.0,99.0,35.0,20.0,5.0,2.0,15.0,32.0,60.0,8.0,18.0,27.0,33.0,0.6,0.1675603217158177,0.3,0.55
2026-27,1022600143,2026-06-28,Jun,LVA,CHI,away,W,107,99,8,86.0,206,12,200.0,107.0,32.0,20.0,9.0,4.0,11.0,33.0,63.0,10.0,25.0,31.0,37.0,0.6031746031746031,0.12184315463003988,0.3968253968253968,0.5873015873015873
2026-27,1022600149,2026-07-03,Jul,LVA,CHI,home,W,98,90,8,90.0,188,9,225.10000000000002,98.0,34.0,17.0,10.0,6.0,13.0,35.0,69.0,4.0,22.0,24.0,30.0,0.5362318840579711,0.13655462184873948,0.3188405797101449,0.43478260869565216
2026-27,1022600153,2026-07-05,Jul,LVA,IND,home,L,68,84,-16,72.5,152,9,200.1,68.0,30.0,14.0,5.0,1.0,13.0,22.0,55.0,4.0,19.0,20.0,25.0,0.43636363636363634,0.16455696202531644,0.34545454545454546,0.45454545454545453
2026-27,1022600164,2026-07-09,Jul,LVA,PDX,away,W,88,80,8,77.0,168,12,200.0,88.0,27.0,23.0,13.0,5.0,12.0,31.0,61.0,8.0,20.0,18.0,22.0,0.5737704918032787,0.14513788098693758,0.32786885245901637,0.36065573770491804
2026-27,1022600169,2026-07-11,Jul,LVA,PHX,home,W,106,58,48,81.5,164,10,199.99999999999997,106.0,47.0,31.0,8.0,2.0,8.0,39.0,77.0,14.0,35.0,14.0,16.0,0.5974025974025974,0.0869187309865276,0.45454545454545453,0.2077922077922078
2026-27,1022600174,2026-07-12,Jul,LVA,IND,home,L,75,109,-34,79.0,184,10,199.99999999999997,75.0,28.0,17.0,4.0,4.0,11.0,27.0,69.0,4.0,17.0,17.0,20.0,0.42028985507246375,0.12387387387387387,0.2463768115942029,0.2898550724637681
2026-27,1022600194,2026-07-20,Jul,LVA,TOR,away,W,109,83,26,81.0,192,12,199.99999999999997,109.0,31.0,29.0,6.0,7.0,7.0,45.0,78.0,14.0,38.0,5.0,6.0,0.6666666666666666,0.07987220447284345,0.48717948717948717,0.07692307692307693
2026-27,1022600200,2026-07-22,Jul,LVA,WAS,away,L,99,100,-1,79.0,199,11,200.0,99.0,24.0,18.0,10.0,6.0,8.0,34.0,62.0,5.0,14.0,26.0,29.0,0.5887096774193549,0.09666505558240696,0.22580645161290322,0.46774193548387094
2026-27,1022600206,2026-07-28,Jul,LVA,PDX,home,W,98,83,15,79.5,181,10,200.1,98.0,30.0,21.0,7.0,3.0,12.0,33.0,57.0,9.0,22.0,23.0,26.0,0.6578947368421053,0.14917951268025859,0.38596491228070173,0.45614035087719296
2026-27,1022600212,2026-07-30,Jul,LVA,NYL,home,W,104,99,5,84.0,203,11,200.1,104.0,26.0,25.0,5.0,4.0,10.0,33.0,64.0,13.0,28.0,25.0,27.0,0.6171875,0.11644154634373545,0.4375,0.421875
2026-27,1022600216,2026-08-01,Aug,LVA,CHI,away,L,83,84,-1,85.5,167,12,200.0,83.0,40.0,21.0,5.0,8.0,16.0,32.0,74.0,5.0,22.0,14.0,18.0,0.46621621621621623,0.16339869281045752,0.2972972972972973,0.24324324324324326
2026-27,1022600222,2026-08-03,Aug,LVA,ATL,away,W,109,87,22,80.5,196,13,200.0,109.0,30.0,24.0,5.0,6.0,9.0,44.0,71.0,10.0,19.0,11.0,14.0,0.6901408450704225,0.10445682451253482,0.2676056338028169,0.19718309859154928
2026-27,1022600230,2026-08-06,Aug,LVA,IND,away,W,86,84,2,93.0,170,13,224.9,86.0,39.0,24.0,9.0,4.0,16.0,35.0,86.0,5.0,22.0,11.0,14.0,0.436046511627907,0.14792899408284024,0.2558139534883721,0.16279069767441862
2026-27,1022600236,2026-08-08,Aug,LVA,MIN,away,L,87,98,-11,82.0,185,12,200.0,87.0,37.0,17.0,3.0,4.0,16.0,30.0,69.0,10.0,27.0,17.0,18.0,0.5072463768115942,0.17219113215669393,0.391304347826087,0.2608695652173913
2026-27,1022600239,2026-08-09,Aug,LVA,NYL,away,L,71,111,-40,81.0,182,9,199.9,71.0,24.0,17.0,6.0,2.0,14.0,25.0,63.0,10.0,29.0,11.0,14.0,0.47619047619047616,0.16835016835016836,0.4603174603174603,0.2222222222222222
2026-27,1022600246,2026-08-11,Aug,LVA,WAS,home,W,86,76,10,75.0,162,9,200.1,86.0,30.0,20.0,9.0,5.0,8.0,32.0,70.0,9.0,23.0,13.0,14.0,0.5214285714285715,0.09505703422053233,0.32857142857142857,0.2
2026-27,1022600253,2026-08-13,Aug,LVA,WAS,home,W,83,76,7,79.5,159,10,200.1,83.0,27.0,19.0,3.0,4.0,12.0,24.0,59.0,10.0,25.0,25.0,27.0,0.4915254237288136,0.1447876447876448,0.423728813559322,0.4576271186440678
2026-27,1022600258,2026-08-15,Aug,LVA,MIN,home,L,87,92,-5,78.0,179,9,200.0,87.0,29.0,20.0,7.0,2.0,13.0,31.0,69.0,9.0,28.0,16.0,18.0,0.5144927536231884,0.1445729537366548,0.4057971014492754,0.2608695652173913
2026-27,1022600266,2026-08-18,Aug,LVA,ATL,home,L,82,97,-15,84.5,179,12,200.10000000000002,82.0,33.0,15.0,4.0,12.0,17.0,25.0,63.0,10.0,28.0,22.0,25.0,0.47619047619047616,0.18681318681318682,0.4444444444444444,0.3968253968253968
2026-27,1022600010,2026-05-09,May,MIN,ATL,home,L,90,91,-1,86.5,181,13,200.1,90.0,25.0,20.0,10.0,7.0,15.0,35.0,70.0,5.0,18.0,15.0,22.0,0.5357142857142857,0.15842839036755385,0.2571428571428571,0.3142857142857143
2026-27,1022600013,2026-05-12,May,MIN,PHX,away,W,88,84,4,81.0,172,12,199.9,88.0,43.0,20.0,5.0,4.0,15.0,32.0,64.0,7.0,19.0,17.0,24.0,0.5546875,0.16748548459133542,0.296875,0.375
2026-27,1022600019,2026-05-14,May,MIN,DAL,away,W,90,86,4,78.0,176,11,200.0,90.0,31.0,20.0,6.0,7.0,16.0,35.0,58.0,6.0,13.0,14.0,18.0,0.6551724137931034,0.1953125,0.22413793103448276,0.3103448275862069
2026-27,1022600025,2026-05-17,May,MIN,CHI,home,L,79,86,-7,84.5,165,13,200.1,79.0,35.0,20.0,10.0,3.0,15.0,32.0,73.0,7.0,22.0,8.0,12.0,0.4863013698630137,0.16080617495711835,0.3013698630136986,0.1643835616438356
2026-27,1022600036,2026-05-21,May,MIN,TOR,home,W,100,72,28,77.5,172,13,200.10000000000002,100.0,46.0,24.0,7.0,3.0,14.0,38.0,69.0,10.0,24.0,14.0,21.0,0.6231884057971014,0.1517779705117086,0.34782608695652173,0.30434782608695654
2026-27,1022600041,2026-05-23,May,MIN,CHI,away,W,85,75,10,86.5,160,14,200.10000000000002,85.0,54.0,19.0,7.0,7.0,19.0,32.0,74.0,4.0,16.0,17.0,21.0,0.4594594594594595,0.18583724569640064,0.21621621621621623,0.28378378378378377
2026-27,1022600051,2026-05-27,May,MIN,ATL,home,W,96,81,15,77.0,177,12,199.9,96.0,24.0,26.0,10.0,2.0,14.0,40.0,67.0,7.0,19.0,9.0,10.0,0.6492537313432836,0.16393442622950818,0.2835820895522388,0.14925373134328357
2026-27,1022600058,2026-05-29,May,MIN,CHI,away,W,79,58,21,86.0,137,13,199.89999999999998,79.0,43.0,20.0,13.0,7.0,14.0,28.0,71.0,8.0,28.0,15.0,18.0,0.4507042253521127,0.15066724063710718,0.39436619718309857,0.2535211267605634
2026-27,1022600065,2026-06-01,Jun,MIN,PHX,away,W,111,77,34,79.0,188,12,200.1,111.0,35.0,28.0,10.0,5.0,11.0,44.0,69.0,10.0,17.0,13.0,13.0,0.7101449275362319,0.12832477834811012,0.2463768115942029,0.18840579710144928
2026-27,1022600073,2026-06-04,Jun,MIN,GSV,home,W,87,84,3,75.5,171,12,200.1,87.0,43.0,18.0,4.0,7.0,12.0,29.0,73.0,13.0,26.0,16.0,19.0,0.4863013698630137,0.12853470437017994,0.3561643835616438,0.2602739726027397
2026-27,1022600077,2026-06-06,Jun,MIN,SEA,home,W,88,68,20,80.0,156,12,200.10000000000002,88.0,36.0,27.0,13.0,4.0,12.0,37.0,77.0,8.0,27.0,6.0,8.0,0.5324675324675324,0.1297016861219196,0.35064935064935066,0.1038961038961039
2026-27,1022600087,2026-06-09,Jun,MIN,DAL,home,W,100,76,24,84.0,176,12,200.0,100.0,41.0,21.0,9.0,3.0,12.0,38.0,71.0,7.0,14.0,17.0,18.0,0.5845070422535211,0.13198416190057194,0.19718309859154928,0.2535211267605634
2026-27,1022600098,2026-06-13,Jun,MIN,LVA,away,L,97,100,-3,77.5,197,10,200.0,97.0,31.0,16.0,8.0,3.0,10.0,36.0,74.0,9.0,21.0,16.0,18.0,0.5472972972972973,0.10879025239338555,0.28378378378378377,0.24324324324324326
2026-27,1022600104,2026-06-15,Jun,MIN,PDX,home,W,107,74,33,81.5,181,13,199.9,107.0,40.0,31.0,14.0,5.0,13.0,42.0,77.0,10.0,23.0,13.0,22.0,0.6103896103896104,0.13041733547351525,0.2987012987012987,0.2857142857142857
2026-27,1022600110,2026-06-17,Jun,MIN,LAS,away,W,99,83,16,86.5,182,11,200.0,99.0,34.0,21.0,11.0,3.0,20.0,40.0,72.0,9.0,21.0,10.0,14.0,0.6180555555555556,0.20374898125509372,0.2916666666666667,0.19444444444444445
2026-27,1022600116,2026-06-19,Jun,MIN,GSV,away,W,81,75,6,78.5,156,10,199.9,81.0,42.0,18.0,8.0,9.0,13.0,27.0,68.0,6.0,13.0,21.0,23.0,0.4411764705882353,0.14266900790166812,0.19117647058823528,0.3382352941176471
2026-27,1022600121,2026-06-21,Jun,MIN,WAS,home,L,79,84,-5,82.0,163,12,200.0,79.0,27.0,18.0,11.0,7.0,12.0,31.0,71.0,4.0,21.0,13.0,14.0,0.4647887323943662,0.13458950201884254,0.29577464788732394,0.19718309859154928
2026-27,1022600129,2026-06-24,Jun,MIN,WAS,away,W,78,76,2,86.0,154,12,200.2,78.0,37.0,19.0,7.0,6.0,13.0,27.0,71.0,8.0,30.0,16.0,22.0,0.43661971830985913,0.13877028181041842,0.4225352112676056,0.30985915492957744
2026-27,1022600141,2026-06-28,Jun,MIN,DAL,away,W,85,77,8,81.5,162,9,200.1,85.0,36.0,19.0,9.0,5.0,10.0,31.0,72.0,9.0,23.0,14.0,17.0,0.4930555555555556,0.11175681716584711,0.3194444444444444,0.2361111111111111
2026-27,1022600148,2026-07-03,Jul,MIN,NYL,away,L,86,99,-13,78.0,185,10,199.8,86.0,31.0,22.0,8.0,1.0,8.0,34.0,85.0,10.0,31.0,8.0,9.0,0.4588235294117647,0.08250825082508251,0.36470588235294116,0.10588235294117647
2026-27,1022600155,2026-07-06,Jul,MIN,CON,home,L,89,90,-1,80.5,179,13,200.1,89.0,32.0,24.0,5.0,7.0,12.0,31.0,71.0,10.0,30.0,17.0,19.0,0.5070422535211268,0.13134851138353765,0.4225352112676056,0.2676056338028169
2026-27,1022600160,2026-07-08,Jul,MIN,CON,away,W,86,80,6,78.5,166,12,199.79999999999998,86.0,33.0,21.0,8.0,7.0,14.0,28.0,60.0,10.0,22.0,20.0,27.0,0.55,0.16301816488122964,0.36666666666666664,0.45
2026-27,1022600168,2026-07-11,Jul,MIN,NYL,home,W,90,85,5,78.0,175,12,200.10000000000002,90.0,40.0,18.0,9.0,3.0,12.0,29.0,69.0,14.0,28.0,18.0,23.0,0.5217391304347826,0.13169446883230904,0.4057971014492754,0.3333333333333333
2026-27,1022600176,2026-07-13,Jul,MIN,PHX,home,W,104,100,4,81.5,204,12,200.0,104.0,24.0,20.0,9.0,4.0,12.0,34.0,61.0,12.0,29.0,24.0,26.0,0.6557377049180327,0.14211274277593558,0.47540983606557374,0.4262295081967213
2026-27,1022600180,2026-07-15,Jul,MIN,LAS,home,W,96,87,9,83.0,183,13,200.0,96.0,25.0,21.0,13.0,4.0,11.0,34.0,68.0,8.0,25.0,20.0,24.0,0.5588235294117647,0.12282268870031264,0.36764705882352944,0.35294117647058826
2026-27,1022600189,2026-07-18,Jul,MIN,PDX,home,W,101,93,8,82.5,194,12,199.99999999999997,101.0,34.0,29.0,6.0,9.0,10.0,41.0,75.0,9.0,23.0,10.0,13.0,0.6066666666666667,0.11022927689594357,0.30666666666666664,0.17333333333333334
2026-27,1022600196,2026-07-20,Jul,MIN,SEA,away,W,105,102,3,82.5,207,12,200.00000000000003,105.0,35.0,20.0,10.0,2.0,9.0,37.0,76.0,10.0,24.0,21.0,22.0,0.5526315789473685,0.09505703422053231,0.3157894736842105,0.2894736842105263
2026-27,1022600198,2026-07-22,Jul,MIN,SEA,away,W,86,76,10,81.5,162,12,200.20000000000002,86.0,36.0,23.0,13.0,3.0,11.0,31.0,79.0,9.0,23.0,15.0,17.0,0.44936708860759494,0.11284366023799754,0.2911392405063291,0.21518987341772153
2026-27,1022600204,2026-07-28,Jul,MIN,TOR,home,W,100,93,7,84.0,193,12,200.00000000000003,100.0,31.0,26.0,8.0,4.0,11.0,37.0,72.0,14.0,25.0,12.0,16.0,0.6111111111111112,0.12216792536650377,0.3472222222222222,0.2222222222222222
2026-27,1022600210,2026-07-30,Jul,MIN,TOR,away,W,104,72,32,81.5,176,12,200.09999999999997,104.0,36.0,26.0,14.0,5.0,10.0,40.0,83.0,13.0,29.0,11.0,13.0,0.5602409638554217,0.1012965964343598,0.3493975903614458,0.1566265060240964
2026-27,1022600218,2026-08-02,Aug,MIN,IND,home,W,108,100,8,80.5,208,12,200.0,108.0,33.0,28.0,6.0,3.0,6.0,43.0,76.0,11.0,25.0,11.0,15.0,0.6381578947368421,0.06772009029345373,0.32894736842105265,0.19736842105263158
2026-27,1022600231,2026-08-06,Aug,MIN,LAS,home,L,82,89,-7,78.5,171,12,200.00000000000003,82.0,35.0,17.0,7.0,2.0,13.0,31.0,73.0,9.0,29.0,11.0,13.0,0.4863013698630137,0.141735717400785,0.3972602739726027,0.1780821917808219
2026-27,1022600236,2026-08-08,Aug,MIN,LVA,home,W,98,87,11,82.0,185,12,200.00000000000003,98.0,34.0,24.0,10.0,4.0,14.0,37.0,76.0,15.0,29.0,9.0,10.0,0.5855263157894737,0.1483050847457627,0.3815789473684211,0.13157894736842105
2026-27,1022600241,2026-08-09,Aug,MIN,DAL,home,W,103,90,13,82.0,193,12,200.10000000000002,103.0,24.0,29.0,12.0,3.0,11.0,40.0,72.0,18.0,39.0,5.0,9.0,0.6805555555555556,0.1264949402023919,0.5416666666666666,0.125
2026-27,1022600250,2026-08-12,Aug,MIN,PDX,away,W,85,81,4,81.5,166,12,199.99999999999997,85.0,35.0,22.0,9.0,5.0,10.0,30.0,65.0,6.0,20.0,19.0,26.0,0.5076923076923077,0.11568718186024989,0.3076923076923077,0.4
2026-27,1022600258,2026-08-15,Aug,MIN,LVA,away,W,92,87,5,78.0,179,12,200.10000000000002,92.0,32.0,14.0,9.0,1.0,15.0,32.0,64.0,11.0,26.0,17.0,18.0,0.5859375,0.17257248044178555,0.40625,0.28125
2026-27,1022600268,2026-08-19,Aug,MIN,GSV,away,W,77,66,11,73.0,143,12,199.90000000000003,77.0,30.0,20.0,3.0,4.0,14.0,28.0,56.0,7.0,19.0,14.0,16.0,0.5625,0.181723779854621,0.3392857142857143,0.2857142857142857
2026-27,1022600001,2026-05-08,May,NYL,CON,home,W,106,75,31,88.5,181,12,200.1,106.0,37.0,26.0,9.0,5.0,16.0,35.0,67.0,10.0,31.0,26.0,31.0,0.5970149253731343,0.16556291390728478,0.4626865671641791,0.4626865671641791
2026-27,1022600008,2026-05-10,May,NYL,WAS,away,W,98,93,5,86.5,191,13,225.0,98.0,34.0,19.0,7.0,5.0,15.0,33.0,69.0,9.0,27.0,23.0,28.0,0.5434782608695652,0.15573089700996678,0.391304347826087,0.4057971014492754
2026-27,1022600014,2026-05-12,May,NYL,PDX,away,L,96,98,-2,79.0,194,9,200.0,96.0,31.0,23.0,7.0,3.0,18.0,33.0,62.0,13.0,28.0,17.0,18.0,0.6370967741935484,0.20473157415832574,0.45161290322580644,0.2903225806451613
2026-27,1022600020,2026-05-14,May,NYL,PDX,away,W,100,82,18,86.0,182,11,200.0,100.0,32.0,32.0,7.0,0.0,12.0,34.0,67.0,15.0,38.0,17.0,20.0,0.6194029850746269,0.1366742596810934,0.5671641791044776,0.29850746268656714
2026-27,1022600035,2026-05-21,May,NYL,GSV,home,L,70,87,-17,76.0,157,10,200.1,70.0,37.0,20.0,2.0,4.0,14.0,26.0,62.0,6.0,24.0,12.0,16.0,0.46774193548387094,0.16859344894026973,0.3870967741935484,0.25806451612903225
2026-27,1022600045,2026-05-24,May,NYL,DAL,home,L,76,91,-15,77.0,167,11,200.0,76.0,34.0,21.0,4.0,0.0,9.0,28.0,72.0,8.0,26.0,12.0,14.0,0.4444444444444444,0.10325837540156035,0.3611111111111111,0.19444444444444445
2026-27,1022600047,2026-05-25,May,NYL,PDX,home,L,74,81,-7,78.0,155,10,200.0,74.0,27.0,17.0,8.0,8.0,19.0,21.0,52.0,8.0,24.0,24.0,26.0,0.4807692307692308,0.2304706453178069,0.46153846153846156,0.5
2026-27,1022600049,2026-05-27,May,NYL,PHX,home,W,84,74,10,77.5,158,10,199.9,84.0,32.0,19.0,9.0,2.0,11.0,28.0,67.0,14.0,30.0,14.0,14.0,0.5223880597014925,0.13070342205323193,0.44776119402985076,0.208955223880597
2026-27,1022600056,2026-05-29,May,NYL,PHX,home,W,75,68,7,76.0,143,11,200.10000000000002,75.0,40.0,18.0,5.0,5.0,16.0,26.0,60.0,8.0,25.0,15.0,17.0,0.5,0.191662673694298,0.4166666666666667,0.2833333333333333
2026-27,1022600070,2026-06-03,Jun,NYL,TOR,home,W,97,82,15,78.5,179,11,200.00000000000003,97.0,40.0,24.0,3.0,4.0,10.0,33.0,71.0,14.0,32.0,17.0,20.0,0.5633802816901409,0.111358574610245,0.4507042253521127,0.28169014084507044
2026-27,1022600080,2026-06-06,Jun,NYL,IND,home,W,83,75,8,85.0,158,12,199.89999999999998,83.0,47.0,14.0,9.0,2.0,11.0,24.0,66.0,2.0,18.0,33.0,40.0,0.3787878787878788,0.11627906976744187,0.2727272727272727,0.6060606060606061
2026-27,1022600083,2026-06-08,Jun,NYL,CON,away,W,89,80,9,82.0,169,14,200.09999999999997,89.0,42.0,17.0,4.0,4.0,19.0,29.0,61.0,6.0,22.0,25.0,29.0,0.5245901639344263,0.20482966796032773,0.36065573770491804,0.47540983606557374
2026-27,1022600092,2026-06-11,Jun,NYL,ATL,away,W,104,90,14,80.5,194,13,200.1,104.0,40.0,24.0,2.0,4.0,19.0,32.0,59.0,16.0,31.0,24.0,28.0,0.6779661016949152,0.21036315323294952,0.5254237288135594,0.4745762711864407
2026-27,1022600101,2026-06-14,Jun,NYL,WAS,home,W,86,64,22,78.5,150,12,200.00000000000003,86.0,30.0,22.0,9.0,10.0,17.0,28.0,57.0,11.0,26.0,19.0,22.0,0.5877192982456141,0.20315487571701718,0.45614035087719296,0.38596491228070173
2026-27,1022600108,2026-06-17,Jun,NYL,CHI,away,W,96,95,1,80.5,191,11,200.10000000000002,96.0,34.0,20.0,7.0,5.0,13.0,33.0,66.0,9.0,27.0,21.0,23.0,0.5681818181818182,0.14587073608617593,0.4090909090909091,0.3484848484848485
2026-27,1022600115,2026-06-19,Jun,NYL,WAS,home,L,83,86,-3,79.0,169,11,200.0,83.0,30.0,20.0,5.0,6.0,14.0,29.0,66.0,10.0,34.0,15.0,20.0,0.5151515151515151,0.15765765765765766,0.5151515151515151,0.30303030303030304
2026-27,1022600122,2026-06-21,Jun,NYL,LAS,away,L,97,98,-1,83.5,195,12,199.79999999999998,97.0,38.0,23.0,7.0,3.0,16.0,34.0,69.0,13.0,36.0,16.0,19.0,0.5869565217391305,0.1713796058269066,0.5217391304347826,0.2753623188405797
2026-27,1022600127,2026-06-23,Jun,NYL,LVA,away,W,87,76,11,77.5,163,12,199.89999999999998,87.0,34.0,19.0,3.0,5.0,11.0,30.0,65.0,13.0,31.0,14.0,16.0,0.5615384615384615,0.13246628131021193,0.47692307692307695,0.24615384615384617
2026-27,1022600134,2026-06-25,Jun,NYL,SEA,away,L,88,99,-11,83.5,187,13,200.1,88.0,28.0,21.0,9.0,3.0,13.0,32.0,71.0,10.0,36.0,14.0,20.0,0.5211267605633803,0.14008620689655174,0.5070422535211268,0.28169014084507044
2026-27,1022600144,2026-06-28,Jun,NYL,GSV,away,L,67,76,-9,69.0,143,11,200.0,67.0,24.0,14.0,5.0,2.0,11.0,21.0,52.0,9.0,25.0,16.0,21.0,0.49038461538461536,0.15227021040974528,0.4807692307692308,0.40384615384615385
2026-27,1022600148,2026-07-03,Jul,NYL,MIN,home,W,99,86,13,78.0,185,11,199.89999999999998,99.0,34.0,26.0,8.0,6.0,15.0,36.0,62.0,10.0,25.0,17.0,18.0,0.6612903225806451,0.17663683466792274,0.4032258064516129,0.2903225806451613
2026-27,1022600157,2026-07-07,Jul,NYL,DAL,home,L,77,88,-11,81.0,165,10,200.2,77.0,34.0,16.0,3.0,4.0,14.0,26.0,65.0,5.0,26.0,20.0,22.0,0.43846153846153846,0.15787099684258005,0.4,0.3384615384615385
2026-27,1022600168,2026-07-11,Jul,NYL,MIN,away,L,85,90,-5,78.0,175,12,200.20000000000002,85.0,34.0,20.0,8.0,2.0,14.0,32.0,75.0,13.0,38.0,8.0,9.0,0.5133333333333333,0.15060240963855423,0.5066666666666667,0.12
2026-27,1022600171,2026-07-12,Jul,NYL,TOR,away,L,91,93,-2,89.0,184,13,200.0,91.0,33.0,16.0,11.0,4.0,17.0,33.0,76.0,5.0,26.0,20.0,22.0,0.46710526315789475,0.16556291390728475,0.34210526315789475,0.2894736842105263
2026-27,1022600188,2026-07-18,Jul,NYL,IND,away,L,88,108,-20,83.5,196,14,200.00000000000003,88.0,27.0,19.0,8.0,6.0,15.0,30.0,67.0,13.0,32.0,15.0,25.0,0.5447761194029851,0.16129032258064516,0.47761194029850745,0.373134328358209
2026-27,1022600183,2026-07-20,Jul,NYL,DAL,away,W,99,98,1,84.0,197,11,224.99999999999997,99.0,48.0,17.0,3.0,6.0,6.0,35.0,84.0,9.0,32.0,20.0,23.0,0.47023809523809523,0.05992808629644426,0.38095238095238093,0.27380952380952384
2026-27,1022600199,2026-07-22,Jul,NYL,CHI,home,W,95,94,1,84.5,189,10,200.10000000000002,95.0,37.0,17.0,1.0,6.0,13.0,29.0,71.0,11.0,28.0,26.0,28.0,0.4859154929577465,0.13496677740863788,0.39436619718309857,0.39436619718309857
2026-27,1022600207,2026-07-28,Jul,NYL,LAS,away,W,113,109,4,86.0,222,10,200.1,113.0,28.0,27.0,10.0,7.0,17.0,41.0,70.0,17.0,32.0,14.0,16.0,0.7071428571428572,0.18077413866439812,0.45714285714285713,0.22857142857142856
2026-27,1022600212,2026-07-30,Jul,NYL,LVA,away,L,99,104,-5,84.0,203,12,199.9,99.0,34.0,20.0,9.0,1.0,12.0,35.0,68.0,8.0,22.0,21.0,25.0,0.5735294117647058,0.13186813186813187,0.3235294117647059,0.36764705882352944
2026-27,1022600217,2026-08-01,Aug,NYL,PHX,away,W,94,92,2,82.5,186,13,199.90000000000003,94.0,37.0,26.0,2.0,3.0,14.0,33.0,68.0,9.0,28.0,19.0,19.0,0.5514705882352942,0.15493581230633025,0.4117647058823529,0.27941176470588236
2026-27,1022600223,2026-08-03,Aug,NYL,SEA,home,W,95,83,12,79.0,178,11,200.2,95.0,36.0,23.0,2.0,6.0,12.0,34.0,68.0,14.0,34.0,13.0,16.0,0.6029411764705882,0.1378676470588235,0.5,0.23529411764705882
2026-27,1022600227,2026-08-05,Aug,NYL,SEA,home,W,92,86,6,80.0,178,11,200.1,92.0,38.0,25.0,7.0,3.0,10.0,33.0,75.0,7.0,29.0,19.0,21.0,0.4866666666666667,0.10611205432937182,0.38666666666666666,0.28
2026-27,1022600239,2026-08-09,Aug,NYL,LVA,home,W,111,71,40,81.0,182,10,200.0,111.0,45.0,25.0,8.0,4.0,13.0,40.0,75.0,14.0,32.0,17.0,21.0,0.6266666666666667,0.13368983957219252,0.4266666666666667,0.28
2026-27,1022600245,2026-08-11,Aug,NYL,IND,away,L,92,106,-14,82.0,198,10,200.00000000000003,92.0,39.0,23.0,7.0,5.0,13.0,35.0,76.0,11.0,36.0,11.0,13.0,0.5328947368421053,0.13724662162162163,0.47368421052631576,0.17105263157894737
2026-27,1022600252,2026-08-13,Aug,NYL,LAS,home,W,85,81,4,80.0,166,12,200.00000000000003,85.0,41.0,22.0,12.0,1.0,11.0,32.0,77.0,7.0,27.0,14.0,18.0,0.461038961038961,0.1146788990825688,0.35064935064935066,0.23376623376623376
2026-27,1022600256,2026-08-15,Aug,NYL,CON,away,W,82,75,7,77.0,157,13,200.0,82.0,30.0,18.0,3.0,4.0,12.0,30.0,65.0,13.0,27.0,9.0,11.0,0.5615384615384615,0.14662756598240467,0.4153846153846154,0.16923076923076924
2026-27,1022600265,2026-08-18,Aug,NYL,CHI,away,L,86,93,-7,88.0,179,13,200.1,86.0,35.0,24.0,7.0,4.0,15.0,33.0,72.0,9.0,36.0,11.0,13.0,0.5208333333333334,0.16177739430543572,0.5,0.18055555555555555
2026-27,1022600006,2026-05-09,May,PDX,CHI,home,L,83,98,-15,82.0,181,11,200.1,83.0,24.0,20.0,6.0,7.0,8.0,29.0,71.0,9.0,29.0,16.0,20.0,0.47183098591549294,0.09111617312072894,0.4084507042253521,0.28169014084507044
2026-27,1022600014,2026-05-12,May,PDX,NYL,home,W,98,96,2,79.0,194,11,199.99999999999997,98.0,26.0,15.0,8.0,4.0,13.0,34.0,68.0,15.0,33.0,15.0,15.0,0.6102941176470589,0.14840182648401828,0.4852941176470588,0.22058823529411764
2026-27,1022600020,2026-05-14,May,PDX,NYL,home,L,82,100,-18,86.0,182,11,200.1,82.0,30.0,22.0,7.0,2.0,15.0,30.0,68.0,9.0,31.0,13.0,20.0,0.5073529411764706,0.16339869281045752,0.45588235294117646,0.29411764705882354
2026-27,1022600030,2026-05-18,May,PDX,CON,home,W,83,82,1,74.5,165,11,200.0,83.0,27.0,23.0,11.0,3.0,15.0,28.0,62.0,7.0,22.0,20.0,26.0,0.5080645161290323,0.16960651289009498,0.3548387096774194,0.41935483870967744
2026-27,1022600032,2026-05-20,May,PDX,IND,away,L,73,90,-17,82.0,163,13,200.0,73.0,28.0,9.0,8.0,3.0,12.0,27.0,62.0,3.0,16.0,16.0,17.0,0.4596774193548387,0.14727540500736377,0.25806451612903225,0.27419354838709675
2026-27,1022600042,2026-05-23,May,PDX,TOR,away,W,99,80,19,80.0,179,12,199.99999999999994,99.0,33.0,24.0,7.0,7.0,14.0,35.0,70.0,11.0,23.0,18.0,21.0,0.5785714285714286,0.15015015015015015,0.32857142857142857,0.3
2026-27,1022600047,2026-05-25,May,PDX,NYL,away,W,81,74,7,78.0,155,13,200.10000000000002,81.0,29.0,18.0,12.0,6.0,12.0,31.0,75.0,9.0,26.0,10.0,14.0,0.47333333333333333,0.12881064834693,0.3466666666666667,0.18666666666666668
2026-27,1022600052,2026-05-27,May,PDX,CON,home,W,71,61,10,75.5,132,12,199.89999999999998,71.0,26.0,16.0,10.0,3.0,19.0,24.0,52.0,7.0,22.0,16.0,24.0,0.5288461538461539,0.2329573320255027,0.4230769230769231,0.46153846153846156
2026-27,1022600059,2026-05-29,May,PDX,ATL,home,L,66,86,-20,77.5,152,12,200.1,66.0,23.0,18.0,4.0,4.0,28.0,25.0,56.0,9.0,27.0,7.0,8.0,0.5267857142857143,0.319926873857404,0.48214285714285715,0.14285714285714285
2026-27,1022600062,2026-05-30,May,PDX,IND,home,W,100,84,16,80.0,184,12,200.0,100.0,25.0,26.0,8.0,5.0,11.0,36.0,70.0,9.0,23.0,19.0,20.0,0.5785714285714286,0.12249443207126949,0.32857142857142857,0.2857142857142857
2026-27,1022600068,2026-06-02,Jun,PDX,GSV,away,L,77,95,-18,73.5,172,12,200.00000000000003,77.0,28.0,19.0,3.0,2.0,15.0,28.0,61.0,9.0,24.0,12.0,16.0,0.5327868852459017,0.180635838150289,0.39344262295081966,0.26229508196721313
2026-27,1022600076,2026-06-05,Jun,PDX,PHX,home,L,72,78,-6,74.5,150,12,200.0,72.0,32.0,18.0,3.0,2.0,20.0,24.0,57.0,10.0,26.0,14.0,17.0,0.5087719298245614,0.23674242424242423,0.45614035087719296,0.2982456140350877
2026-27,1022600082,2026-06-07,Jun,PDX,LAS,away,L,72,89,-17,81.0,161,12,200.00000000000003,72.0,42.0,19.0,5.0,5.0,15.0,26.0,72.0,3.0,28.0,17.0,22.0,0.3819444444444444,0.15515101365328918,0.3888888888888889,0.3055555555555556
2026-27,1022600094,2026-06-11,Jun,PDX,LVA,home,L,89,105,-16,79.5,194,12,200.1,89.0,19.0,22.0,7.0,3.0,9.0,36.0,68.0,8.0,26.0,9.0,12.0,0.5882352941176471,0.10938259601361205,0.38235294117647056,0.17647058823529413
2026-27,1022600099,2026-06-13,Jun,PDX,DAL,home,W,84,83,1,78.5,167,12,199.99999999999997,84.0,32.0,26.0,5.0,5.0,12.0,30.0,68.0,14.0,31.0,10.0,13.0,0.5441176470588235,0.1399906672888474,0.45588235294117646,0.19117647058823528
2026-27,1022600104,2026-06-15,Jun,PDX,MIN,away,L,74,107,-33,81.5,181,12,199.9,74.0,27.0,21.0,7.0,2.0,21.0,28.0,69.0,10.0,30.0,8.0,11.0,0.4782608695652174,0.2214255588359342,0.43478260869565216,0.15942028985507245
2026-27,1022600112,2026-06-17,Jun,PDX,SEA,home,W,94,89,5,74.5,183,12,200.00000000000003,94.0,32.0,20.0,7.0,7.0,12.0,27.0,70.0,17.0,42.0,23.0,27.0,0.5071428571428571,0.1278227524499361,0.6,0.38571428571428573
2026-27,1022600130,2026-06-24,Jun,PDX,CHI,away,L,78,101,-23,79.5,179,12,199.9,78.0,29.0,20.0,7.0,5.0,11.0,26.0,69.0,10.0,25.0,16.0,20.0,0.4492753623188406,0.12387387387387387,0.36231884057971014,0.2898550724637681
2026-27,1022600136,2026-06-26,Jun,PDX,CHI,away,L,94,124,-30,83.0,218,13,200.0,94.0,24.0,19.0,10.0,4.0,9.0,32.0,79.0,9.0,30.0,21.0,27.0,0.4620253164556962,0.09010812975570685,0.379746835443038,0.34177215189873417
2026-27,1022600142,2026-06-28,Jun,PDX,WAS,away,L,123,124,-1,117.5,247,12,299.8,123.0,44.0,29.0,12.0,8.0,22.0,45.0,101.0,14.0,39.0,19.0,21.0,0.5148514851485149,0.16636418632788869,0.38613861386138615,0.2079207920792079
2026-27,1022600151,2026-07-04,Jul,PDX,SEA,away,W,77,72,5,84.0,149,12,199.99999999999997,77.0,47.0,17.0,9.0,3.0,19.0,25.0,68.0,4.0,25.0,23.0,25.0,0.39705882352941174,0.19387755102040816,0.36764705882352944,0.36764705882352944
2026-27,1022600164,2026-07-09,Jul,PDX,LVA,home,L,80,88,-8,77.0,168,12,200.2,80.0,30.0,17.0,8.0,3.0,17.0,27.0,61.0,11.0,32.0,15.0,20.0,0.5327868852459017,0.195852534562212,0.5245901639344263,0.32786885245901637
2026-27,1022600170,2026-07-11,Jul,PDX,ATL,away,W,102,92,10,82.5,194,11,199.99999999999997,102.0,26.0,28.0,7.0,4.0,16.0,36.0,60.0,14.0,29.0,16.0,19.0,0.7166666666666667,0.1896633475580844,0.48333333333333334,0.31666666666666665
2026-27,1022600177,2026-07-14,Jul,PDX,CON,away,L,87,90,-3,80.0,177,14,200.00000000000003,87.0,24.0,19.0,10.0,3.0,15.0,29.0,60.0,9.0,26.0,20.0,21.0,0.5583333333333333,0.1780626780626781,0.43333333333333335,0.35
2026-27,1022600182,2026-07-16,Jul,PDX,WAS,away,W,75,56,19,74.5,131,13,200.0,75.0,30.0,20.0,10.0,2.0,11.0,29.0,67.0,10.0,36.0,7.0,9.0,0.5074626865671642,0.13421181063933627,0.5373134328358209,0.13432835820895522
2026-27,1022600189,2026-07-18,Jul,PDX,MIN,away,L,93,101,-8,82.5,194,13,200.0,93.0,33.0,25.0,7.0,2.0,10.0,37.0,77.0,13.0,30.0,6.0,7.0,0.564935064935065,0.11101243339253997,0.38961038961038963,0.09090909090909091
2026-27,1022600202,2026-07-22,Jul,PDX,DAL,home,L,97,101,-4,81.5,198,12,200.10000000000002,97.0,22.0,24.0,6.0,2.0,11.0,37.0,65.0,10.0,26.0,13.0,17.0,0.6461538461538462,0.1317680881648299,0.4,0.26153846153846155
2026-27,1022600206,2026-07-28,Jul,PDX,LVA,away,L,83,98,-15,79.5,181,11,200.1,83.0,33.0,18.0,5.0,1.0,13.0,27.0,68.0,9.0,31.0,20.0,25.0,0.4632352941176471,0.14130434782608695,0.45588235294117646,0.36764705882352944
2026-27,1022600215,2026-07-31,Jul,PDX,IND,home,L,98,112,-14,87.5,210,12,200.0,98.0,25.0,26.0,8.0,3.0,20.0,35.0,67.0,14.0,31.0,14.0,18.0,0.6268656716417911,0.21070375052675938,0.4626865671641791,0.26865671641791045
2026-27,1022600219,2026-08-02,Aug,PDX,LAS,home,L,101,106,-5,86.5,207,12,199.99999999999997,101.0,34.0,21.0,8.0,2.0,14.0,35.0,77.0,15.0,37.0,16.0,18.0,0.551948051948052,0.14152850788515972,0.4805194805194805,0.23376623376623376
2026-27,1022600232,2026-08-06,Aug,PDX,TOR,home,W,97,83,14,86.5,180,13,200.00000000000003,97.0,33.0,23.0,7.0,4.0,15.0,33.0,66.0,11.0,27.0,20.0,24.0,0.5833333333333334,0.163826998689384,0.4090909090909091,0.36363636363636365
2026-27,1022600238,2026-08-08,Aug,PDX,SEA,home,W,100,93,7,81.5,193,12,200.0,100.0,31.0,25.0,6.0,1.0,10.0,34.0,66.0,15.0,36.0,17.0,20.0,0.6287878787878788,0.1179245283018868,0.5454545454545454,0.30303030303030304
2026-27,1022600250,2026-08-12,Aug,PDX,MIN,home,L,81,85,-4,81.5,166,12,200.1,81.0,39.0,21.0,7.0,4.0,14.0,32.0,71.0,8.0,31.0,9.0,16.0,0.5070422535211268,0.1521077792264233,0.43661971830985913,0.22535211267605634
2026-27,1022600255,2026-08-14,Aug,PDX,SEA,away,W,84,82,2,82.0,166,12,200.09999999999997,84.0,43.0,22.0,8.0,4.0,14.0,31.0,72.0,12.0,37.0,10.0,17.0,0.5138888888888888,0.14976465554129226,0.5138888888888888,0.2361111111111111
2026-27,1022600260,2026-08-16,Aug,PDX,PHX,away,W,88,85,3,80.5,173,12,200.00000000000003,88.0,36.0,15.0,6.0,4.0,11.0,32.0,71.0,10.0,37.0,14.0,21.0,0.5211267605633803,0.12056115738711093,0.5211267605633803,0.29577464788732394
2026-27,1022600005,2026-05-09,May,PHX,LVA,away,W,99,66,33,83.0,165,11,200.20000000000005,99.0,37.0,23.0,11.0,4.0,7.0,38.0,77.0,11.0,24.0,12.0,15.0,0.564935064935065,0.0772626931567329,0.3116883116883117,0.19480519480519481
2026-27,1022600011,2026-05-10,May,PHX,GSV,away,L,79,95,-16,76.5,174,12,200.0,79.0,24.0,20.0,2.0,3.0,17.0,26.0,54.0,11.0,22.0,16.0,19.0,0.5833333333333334,0.21421370967741934,0.4074074074074074,0.35185185185185186
2026-27,1022600013,2026-05-12,May,PHX,MIN,home,L,84,88,-4,81.0,172,12,200.1,84.0,31.0,20.0,11.0,4.0,11.0,26.0,71.0,9.0,29.0,23.0,33.0,0.4295774647887324,0.11396601740571903,0.4084507042253521,0.4647887323943662
2026-27,1022600024,2026-05-15,May,PHX,CHI,home,W,91,83,8,83.0,174,12,199.99999999999997,91.0,40.0,12.0,5.0,7.0,15.0,24.0,62.0,6.0,21.0,37.0,41.0,0.43548387096774194,0.15782828282828285,0.3387096774193548,0.6612903225806451
2026-27,1022600031,2026-05-19,May,PHX,TOR,home,L,90,98,-8,82.5,188,11,199.8,90.0,32.0,20.0,6.0,1.0,9.0,32.0,70.0,4.0,22.0,22.0,28.0,0.4857142857142857,0.0985545335085414,0.3142857142857143,0.4
2026-27,1022600037,2026-05-21,May,PHX,LAS,home,L,88,97,-9,81.0,185,12,200.0,88.0,33.0,17.0,9.0,2.0,13.0,29.0,69.0,8.0,25.0,22.0,29.0,0.4782608695652174,0.13718868720979316,0.36231884057971014,0.42028985507246375
2026-27,1022600044,2026-05-24,May,PHX,ATL,away,L,80,82,-2,76.5,162,13,199.9,80.0,36.0,14.0,8.0,6.0,15.0,29.0,66.0,4.0,21.0,18.0,19.0,0.4696969696969697,0.16786034019695614,0.3181818181818182,0.2878787878787879
2026-27,1022600049,2026-05-27,May,PHX,NYL,away,L,74,84,-10,77.5,158,12,199.9,74.0,32.0,19.0,7.0,5.0,16.0,25.0,59.0,10.0,30.0,14.0,22.0,0.5084745762711864,0.18894662257912137,0.5084745762711864,0.3728813559322034
2026-27,1022600056,2026-05-29,May,PHX,NYL,away,L,68,75,-7,76.0,143,12,199.89999999999998,68.0,23.0,14.0,11.0,3.0,9.0,21.0,62.0,6.0,24.0,20.0,22.0,0.3870967741935484,0.11155180961824492,0.3870967741935484,0.3548387096774194
2026-27,1022600065,2026-06-01,Jun,PHX,MIN,home,L,77,111,-34,79.0,188,12,199.99999999999997,77.0,24.0,18.0,6.0,0.0,14.0,22.0,64.0,10.0,27.0,23.0,27.0,0.421875,0.15576323987538943,0.421875,0.421875
2026-27,1022600071,2026-06-03,Jun,PHX,SEA,away,W,72,68,4,79.5,140,12,200.0,72.0,44.0,17.0,11.0,6.0,13.0,24.0,64.0,3.0,22.0,21.0,27.0,0.3984375,0.14626462646264626,0.34375,0.421875
2026-27,1022600076,2026-06-05,Jun,PHX,PDX,away,W,78,72,6,74.5,150,13,199.9,78.0,24.0,21.0,10.0,5.0,12.0,26.0,62.0,7.0,21.0,19.0,22.0,0.47580645161290325,0.14340344168260036,0.3387096774193548,0.3548387096774194
2026-27,1022600088,2026-06-09,Jun,PHX,GSV,away,L,81,87,-6,74.5,168,11,200.0,81.0,33.0,23.0,7.0,2.0,12.0,30.0,65.0,9.0,25.0,12.0,18.0,0.5307692307692308,0.1413094677343382,0.38461538461538464,0.27692307692307694
2026-27,1022600093,2026-06-11,Jun,PHX,DAL,away,L,70,85,-15,82.5,155,11,200.10000000000002,70.0,30.0,21.0,10.0,1.0,16.0,25.0,64.0,6.0,18.0,14.0,18.0,0.4375,0.18198362147406733,0.28125,0.28125
2026-27,1022600100,2026-06-13,Jun,PHX,LAS,home,L,102,111,-9,88.5,213,13,224.99999999999997,102.0,38.0,26.0,6.0,5.0,15.0,40.0,80.0,13.0,35.0,9.0,15.0,0.58125,0.14763779527559057,0.4375,0.1875
2026-27,1022600111,2026-06-17,Jun,PHX,LVA,home,L,76,86,-10,77.0,162,12,200.0,76.0,30.0,18.0,5.0,2.0,20.0,27.0,57.0,9.0,21.0,13.0,14.0,0.5526315789473685,0.24050024050024052,0.3684210526315789,0.24561403508771928
2026-27,1022600118,2026-06-20,Jun,PHX,SEA,home,W,93,73,20,78.5,166,11,199.99999999999997,93.0,39.0,26.0,4.0,8.0,14.0,31.0,63.0,10.0,29.0,21.0,26.0,0.5714285714285714,0.15829941203075532,0.4603174603174603,0.4126984126984127
2026-27,1022600125,2026-06-22,Jun,PHX,IND,away,L,77,86,-9,80.5,163,12,200.0,77.0,29.0,19.0,5.0,2.0,12.0,28.0,68.0,5.0,25.0,16.0,21.0,0.4485294117647059,0.1344688480502017,0.36764705882352944,0.3088235294117647
2026-27,1022600128,2026-06-24,Jun,PHX,IND,away,W,111,109,2,84.0,220,12,200.0,111.0,26.0,21.0,8.0,3.0,10.0,39.0,66.0,7.0,20.0,26.0,33.0,0.6439393939393939,0.11047282368537341,0.30303030303030304,0.5
2026-27,1022600138,2026-06-27,Jun,PHX,TOR,away,W,89,80,9,78.5,169,13,199.9,89.0,32.0,16.0,10.0,2.0,8.0,29.0,67.0,10.0,27.0,21.0,29.0,0.5074626865671642,0.09115770282588878,0.40298507462686567,0.43283582089552236
2026-27,1022600147,2026-07-02,Jul,PHX,SEA,home,W,90,67,23,76.0,157,12,199.99999999999997,90.0,40.0,23.0,9.0,4.0,10.0,33.0,73.0,11.0,26.0,13.0,19.0,0.5273972602739726,0.10945709281961472,0.3561643835616438,0.2602739726027397
2026-27,1022600158,2026-07-07,Jul,PHX,CHI,home,L,66,77,-11,80.0,143,11,199.8,66.0,31.0,9.0,11.0,3.0,20.0,20.0,54.0,7.0,24.0,19.0,24.0,0.4351851851851852,0.23651844843897823,0.4444444444444444,0.4444444444444444
2026-27,1022600163,2026-07-09,Jul,PHX,IND,home,L,89,92,-3,78.5,181,13,200.2,89.0,27.0,23.0,4.0,1.0,11.0,35.0,71.0,11.0,27.0,8.0,10.0,0.5704225352112676,0.1273148148148148,0.38028169014084506,0.14084507042253522
2026-27,1022600169,2026-07-11,Jul,PHX,LVA,away,L,58,106,-48,81.5,164,10,200.0,58.0,29.0,14.0,3.0,0.0,17.0,23.0,66.0,7.0,31.0,5.0,8.0,0.4015151515151515,0.19648636153490523,0.4696969696969697,0.12121212121212122
2026-27,1022600176,2026-07-13,Jul,PHX,MIN,away,L,100,104,-4,81.5,204,11,199.9,100.0,26.0,28.0,5.0,0.0,14.0,35.0,63.0,11.0,25.0,19.0,21.0,0.6428571428571429,0.16233766233766234,0.3968253968253968,0.3333333333333333
2026-27,1022600187,2026-07-17,Jul,PHX,CON,home,L,83,96,-13,83.5,179,11,199.9,83.0,27.0,18.0,5.0,2.0,13.0,30.0,65.0,4.0,15.0,19.0,23.0,0.49230769230769234,0.14752610077167497,0.23076923076923078,0.35384615384615387
2026-27,1022600193,2026-07-19,Jul,PHX,CON,home,W,72,63,9,77.5,135,11,200.0,72.0,32.0,19.0,11.0,3.0,14.0,26.0,63.0,2.0,15.0,18.0,23.0,0.42857142857142855,0.16069788797061524,0.23809523809523808,0.36507936507936506
2026-27,1022600197,2026-07-22,Jul,PHX,LAS,away,W,86,82,4,83.0,168,11,199.9,86.0,33.0,28.0,10.0,5.0,12.0,35.0,74.0,7.0,27.0,9.0,13.0,0.5202702702702703,0.13083296990841692,0.36486486486486486,0.17567567567567569
2026-27,1022600209,2026-07-29,Jul,PHX,GSV,home,W,91,89,2,77.5,180,11,200.00000000000003,91.0,34.0,19.0,3.0,7.0,10.0,27.0,55.0,5.0,16.0,32.0,43.0,0.5363636363636364,0.11916110581506197,0.2909090909090909,0.7818181818181819
2026-27,1022600217,2026-08-01,Aug,PHX,NYL,home,L,92,94,-2,82.5,186,11,200.20000000000002,92.0,23.0,21.0,7.0,2.0,10.0,32.0,63.0,6.0,19.0,22.0,28.0,0.5555555555555556,0.11720581340834506,0.30158730158730157,0.4444444444444444
2026-27,1022600224,2026-08-03,Aug,PHX,CHI,away,W,106,101,5,85.0,207,11,200.0,106.0,36.0,26.0,5.0,5.0,12.0,32.0,63.0,11.0,26.0,31.0,40.0,0.5952380952380952,0.12958963282937366,0.4126984126984127,0.6349206349206349
2026-27,1022600226,2026-08-05,Aug,PHX,ATL,away,L,82,96,-14,82.5,178,11,199.9,82.0,28.0,22.0,4.0,2.0,9.0,26.0,64.0,7.0,24.0,23.0,26.0,0.4609375,0.10658455708195168,0.375,0.40625
2026-27,1022600233,2026-08-07,Aug,PHX,CON,away,L,72,75,-3,78.5,147,13,200.09999999999997,72.0,29.0,19.0,10.0,1.0,10.0,27.0,68.0,5.0,28.0,13.0,23.0,0.4338235294117647,0.11348161597821152,0.4117647058823529,0.3382352941176471
2026-27,1022600240,2026-08-09,Aug,PHX,WAS,away,L,75,95,-20,80.5,170,11,199.9,75.0,33.0,22.0,5.0,3.0,16.0,29.0,69.0,11.0,29.0,6.0,8.0,0.5,0.18075011296882063,0.42028985507246375,0.11594202898550725
2026-27,1022600247,2026-08-11,Aug,PHX,LAS,away,W,94,87,7,88.5,181,12,200.00000000000003,94.0,36.0,22.0,12.0,5.0,23.0,31.0,60.0,9.0,25.0,23.0,30.0,0.5916666666666667,0.23908523908523907,0.4166666666666667,0.5
2026-27,1022600260,2026-08-16,Aug,PHX,PDX,home,L,85,88,-3,80.5,173,11,200.0,85.0,36.0,18.0,5.0,1.0,12.0,28.0,67.0,9.0,27.0,20.0,25.0,0.48507462686567165,0.13333333333333333,0.40298507462686567,0.373134328358209
2026-27,1022600003,2026-05-08,May,SEA,GSV,home,L,80,91,-11,75.0,171,13,200.0,80.0,41.0,16.0,4.0,5.0,14.0,26.0,63.0,9.0,26.0,19.0,27.0,0.48412698412698413,0.15751575157515751,0.4126984126984127,0.42857142857142855
2026-27,1022600007,2026-05-10,May,SEA,CON,away,W,89,82,7,86.5,171,13,200.1,89.0,32.0,14.0,10.0,8.0,14.0,27.0,61.0,10.0,22.0,25.0,33.0,0.5245901639344263,0.15638963360142985,0.36065573770491804,0.5409836065573771
2026-27,1022600015,2026-05-13,May,SEA,TOR,away,L,73,86,-13,81.0,159,14,200.0,73.0,28.0,18.0,6.0,5.0,19.0,27.0,58.0,7.0,20.0,12.0,17.0,0.5258620689655172,0.224905303030303,0.3448275862068966,0.29310344827586204
2026-27,1022600027,2026-05-17,May,SEA,IND,away,L,78,89,-11,84.0,167,14,200.1,78.0,24.0,17.0,9.0,8.0,8.0,25.0,71.0,6.0,23.0,22.0,27.0,0.39436619718309857,0.08802816901408451,0.323943661971831,0.38028169014084506
2026-27,1022600034,2026-05-20,May,SEA,CON,home,L,78,80,-2,78.0,158,13,200.0,78.0,26.0,15.0,8.0,6.0,14.0,25.0,63.0,6.0,23.0,22.0,25.0,0.4444444444444444,0.1590909090909091,0.36507936507936506,0.3968253968253968
2026-27,1022600040,2026-05-22,May,SEA,CON,home,W,77,59,18,75.5,136,14,199.8,77.0,38.0,22.0,7.0,7.0,15.0,28.0,60.0,8.0,21.0,13.0,17.0,0.5333333333333333,0.18186226964112512,0.35,0.2833333333333333
2026-27,1022600046,2026-05-24,May,SEA,WAS,home,W,97,85,12,81.0,182,13,200.0,97.0,24.0,20.0,10.0,3.0,14.0,26.0,59.0,13.0,28.0,32.0,34.0,0.5508474576271186,0.1591632560254661,0.4745762711864407,0.576271186440678
2026-27,1022600053,2026-05-27,May,SEA,WAS,home,L,64,78,-14,72.5,142,13,200.10000000000002,64.0,31.0,14.0,7.0,3.0,11.0,22.0,63.0,5.0,23.0,15.0,19.0,0.3888888888888889,0.13355998057309373,0.36507936507936506,0.30158730158730157
2026-27,1022600060,2026-05-30,May,SEA,TOR,away,L,72,93,-21,82.0,165,13,200.2,72.0,32.0,21.0,7.0,4.0,17.0,29.0,71.0,7.0,27.0,7.0,8.0,0.45774647887323944,0.18575174825174826,0.38028169014084506,0.11267605633802817
2026-27,1022600064,2026-06-01,Jun,SEA,DAL,away,L,56,79,-23,79.0,135,13,199.89999999999998,56.0,36.0,11.0,6.0,7.0,17.0,20.0,61.0,4.0,19.0,12.0,17.0,0.36065573770491804,0.19887693027608797,0.3114754098360656,0.2786885245901639
2026-27,1022600071,2026-06-03,Jun,SEA,PHX,home,L,68,72,-4,79.5,140,13,199.8,68.0,34.0,17.0,10.0,5.0,14.0,28.0,73.0,9.0,33.0,3.0,5.0,0.4452054794520548,0.1569506726457399,0.4520547945205479,0.0684931506849315
2026-27,1022600077,2026-06-06,Jun,SEA,MIN,away,L,68,88,-20,80.0,156,15,200.10000000000005,68.0,35.0,16.0,7.0,1.0,21.0,22.0,63.0,11.0,36.0,13.0,16.0,0.4365079365079365,0.2306678383128295,0.5714285714285714,0.25396825396825395
2026-27,1022600085,2026-06-08,Jun,SEA,LVA,away,L,91,101,-10,18.5,192,12,200.0,91.0,27.0,22.0,10.0,1.0,9.0,33.0,74.0,12.0,27.0,13.0,15.0,0.527027027027027,0.10044642857142858,0.36486486486486486,0.20270270270270271
2026-27,1022600090,2026-06-10,Jun,SEA,LAS,home,L,83,88,-5,80.5,171,12,200.10000000000002,83.0,35.0,26.0,5.0,4.0,15.0,30.0,64.0,9.0,29.0,14.0,16.0,0.5390625,0.17433751743375173,0.453125,0.25
2026-27,1022600096,2026-06-12,Jun,SEA,GSV,home,L,72,76,-4,75.0,148,12,199.99999999999997,72.0,31.0,17.0,6.0,5.0,11.0,25.0,66.0,10.0,23.0,12.0,18.0,0.45454545454545453,0.12953367875647667,0.3484848484848485,0.2727272727272727
2026-27,1022600112,2026-06-17,Jun,SEA,PDX,away,L,89,94,-5,74.5,183,13,200.00000000000003,89.0,31.0,22.0,5.0,3.0,12.0,32.0,67.0,9.0,24.0,16.0,19.0,0.5447761194029851,0.13736263736263737,0.3582089552238806,0.2835820895522388
2026-27,1022600118,2026-06-20,Jun,SEA,PHX,away,L,73,93,-20,78.5,166,12,199.89999999999998,73.0,29.0,17.0,7.0,2.0,10.0,25.0,70.0,8.0,28.0,15.0,17.0,0.4142857142857143,0.11431184270690443,0.4,0.24285714285714285
2026-27,1022600126,2026-06-22,Jun,SEA,DAL,home,L,110,112,-2,91.5,222,13,225.00000000000003,110.0,34.0,29.0,5.0,6.0,13.0,39.0,77.0,13.0,29.0,19.0,21.0,0.5909090909090909,0.1309955663039097,0.37662337662337664,0.2727272727272727
2026-27,1022600134,2026-06-25,Jun,SEA,NYL,home,W,99,88,11,83.5,187,12,200.0,99.0,39.0,18.0,8.0,3.0,15.0,39.0,75.0,9.0,28.0,12.0,15.0,0.58,0.15527950310559008,0.37333333333333335,0.2
2026-27,1022600140,2026-06-27,Jun,SEA,ATL,home,W,105,90,15,83.0,195,12,199.9,105.0,34.0,27.0,5.0,4.0,17.0,38.0,63.0,14.0,23.0,15.0,20.0,0.7142857142857143,0.19144144144144146,0.36507936507936506,0.31746031746031744
2026-27,1022600147,2026-07-02,Jul,SEA,PHX,away,L,67,90,-23,76.0,157,12,199.79999999999998,67.0,29.0,19.0,5.0,6.0,13.0,26.0,62.0,8.0,25.0,7.0,12.0,0.4838709677419355,0.1619332336821126,0.4032258064516129,0.1935483870967742
2026-27,1022600151,2026-07-04,Jul,SEA,PDX,home,L,72,77,-5,84.0,149,12,200.00000000000003,72.0,31.0,16.0,14.0,3.0,14.0,24.0,71.0,8.0,29.0,16.0,18.0,0.39436619718309857,0.15066724063710718,0.4084507042253521,0.2535211267605634
2026-27,1022600156,2026-07-06,Jul,SEA,LAS,away,W,82,64,18,85.0,146,12,200.1,82.0,44.0,18.0,14.0,3.0,13.0,32.0,75.0,10.0,33.0,8.0,9.0,0.49333333333333335,0.14136581122227057,0.44,0.12
2026-27,1022600162,2026-07-09,Jul,SEA,ATL,away,L,78,89,-11,89.5,167,12,200.00000000000003,78.0,35.0,21.0,6.0,3.0,21.0,30.0,66.0,3.0,20.0,15.0,19.0,0.4772727272727273,0.22021812080536912,0.30303030303030304,0.2878787878787879
2026-27,1022600172,2026-07-12,Jul,SEA,WAS,away,L,79,84,-5,82.0,163,12,200.1,79.0,43.0,12.0,12.0,4.0,19.0,30.0,70.0,5.0,19.0,14.0,18.0,0.4642857142857143,0.1960379694593479,0.2714285714285714,0.2571428571428571
2026-27,1022600179,2026-07-15,Jul,SEA,CHI,away,L,90,95,-5,85.0,185,12,200.00000000000003,90.0,45.0,24.0,10.0,4.0,16.0,36.0,78.0,4.0,25.0,14.0,23.0,0.48717948717948717,0.15366884364195157,0.32051282051282054,0.2948717948717949
2026-27,1022600184,2026-07-17,Jul,SEA,IND,away,L,107,110,-3,85.0,217,12,200.0,107.0,35.0,27.0,8.0,3.0,17.0,43.0,76.0,8.0,21.0,13.0,18.0,0.618421052631579,0.16845025762980578,0.27631578947368424,0.23684210526315788
2026-27,1022600196,2026-07-20,Jul,SEA,MIN,home,L,102,105,-3,82.5,207,12,200.2,102.0,32.0,23.0,4.0,4.0,15.0,35.0,70.0,13.0,28.0,19.0,22.0,0.5928571428571429,0.15842839036755385,0.4,0.3142857142857143
2026-27,1022600198,2026-07-22,Jul,SEA,MIN,home,L,76,86,-10,81.5,162,12,200.1,76.0,41.0,18.0,7.0,7.0,18.0,30.0,74.0,5.0,32.0,11.0,15.0,0.4391891891891892,0.18255578093306288,0.43243243243243246,0.20270270270270271
2026-27,1022600205,2026-07-28,Jul,SEA,IND,home,L,95,105,-10,80.5,200,13,200.10000000000002,95.0,36.0,17.0,6.0,2.0,4.0,32.0,79.0,11.0,34.0,20.0,27.0,0.47468354430379744,0.04215851602023609,0.43037974683544306,0.34177215189873417
2026-27,1022600213,2026-07-31,Jul,SEA,ATL,away,L,89,98,-9,87.5,187,12,200.0,89.0,30.0,17.0,10.0,5.0,19.0,30.0,68.0,5.0,23.0,24.0,30.0,0.47794117647058826,0.18962075848303392,0.3382352941176471,0.4411764705882353
2026-27,1022600223,2026-08-03,Aug,SEA,NYL,away,L,83,95,-12,79.0,178,12,199.79999999999998,83.0,29.0,21.0,7.0,3.0,7.0,29.0,71.0,9.0,29.0,16.0,19.0,0.47183098591549294,0.0810560444650301,0.4084507042253521,0.2676056338028169
2026-27,1022600227,2026-08-05,Aug,SEA,NYL,away,L,86,92,-6,80.0,178,12,199.90000000000003,86.0,35.0,23.0,7.0,3.0,10.0,36.0,79.0,7.0,22.0,7.0,11.0,0.5,0.10656436487638533,0.27848101265822783,0.13924050632911392
2026-27,1022600238,2026-08-08,Aug,SEA,PDX,away,L,93,100,-7,81.5,193,13,200.10000000000002,93.0,27.0,19.0,6.0,6.0,13.0,32.0,68.0,13.0,36.0,16.0,19.0,0.5661764705882353,0.14547896150402864,0.5294117647058824,0.27941176470588236
2026-27,1022600244,2026-08-10,Aug,SEA,CHI,home,W,97,88,9,86.5,185,12,200.09999999999997,97.0,36.0,22.0,9.0,4.0,14.0,32.0,71.0,8.0,21.0,25.0,28.0,0.5070422535211268,0.14385532264693796,0.29577464788732394,0.39436619718309857
2026-27,1022600255,2026-08-14,Aug,SEA,PDX,home,L,82,84,-2,82.0,166,12,200.1,82.0,45.0,18.0,5.0,4.0,11.0,27.0,81.0,14.0,39.0,14.0,17.0,0.41975308641975306,0.11057498994772819,0.48148148148148145,0.20987654320987653
2026-27,1022600259,2026-08-16,Aug,SEA,CHI,home,L,80,82,-2,91.5,162,13,200.0,80.0,34.0,21.0,7.0,13.0,18.0,29.0,72.0,6.0,24.0,16.0,20.0,0.4444444444444444,0.18218623481781376,0.3333333333333333,0.2777777777777778
2026-27,1022600002,2026-05-08,May,TOR,WAS,home,L,65,68,-3,81.5,133,12,200.00000000000003,65.0,37.0,10.0,10.0,2.0,16.0,17.0,63.0,5.0,25.0,26.0,35.0,0.30952380952380953,0.1694915254237288,0.3968253968253968,0.5555555555555556
2026-27,1022600015,2026-05-13,May,TOR,SEA,home,W,86,73,13,81.0,159,12,199.90000000000003,86.0,33.0,21.0,11.0,4.0,12.0,30.0,69.0,11.0,29.0,15.0,18.0,0.5144927536231884,0.1349527665317139,0.42028985507246375,0.2608695652173913
2026-27,1022600023,2026-05-15,May,TOR,LAS,away,L,95,99,-4,80.0,194,11,200.0,95.0,26.0,22.0,13.0,4.0,13.0,31.0,70.0,12.0,33.0,21.0,22.0,0.5285714285714286,0.14026758739749676,0.4714285714285714,0.3142857142857143
2026-27,1022600028,2026-05-17,May,TOR,LAS,away,W,106,96,10,80.0,202,10,199.9,106.0,25.0,17.0,8.0,3.0,12.0,29.0,61.0,9.0,24.0,39.0,42.0,0.5491803278688525,0.13117621337997376,0.39344262295081966,0.6885245901639344
2026-27,1022600031,2026-05-19,May,TOR,PHX,away,W,98,90,8,82.5,188,14,200.1,98.0,35.0,15.0,4.0,2.0,11.0,34.0,74.0,15.0,36.0,15.0,18.0,0.5608108108108109,0.11838140335772708,0.4864864864864865,0.24324324324324326
2026-27,1022600036,2026-05-21,May,TOR,MIN,away,L,72,100,-28,77.5,172,14,200.1,72.0,25.0,19.0,5.0,3.0,13.0,24.0,71.0,12.0,41.0,12.0,14.0,0.4225352112676056,0.14418811002661935,0.5774647887323944,0.19718309859154928
2026-27,1022600042,2026-05-23,May,TOR,PDX,home,L,80,99,-19,80.0,179,14,200.10000000000002,80.0,29.0,19.0,3.0,4.0,17.0,30.0,66.0,6.0,25.0,14.0,18.0,0.5,0.1869775626924769,0.3787878787878788,0.2727272727272727
2026-27,1022600050,2026-05-27,May,TOR,CHI,away,W,111,104,7,84.0,215,13,200.0,111.0,37.0,22.0,6.0,4.0,13.0,37.0,66.0,12.0,26.0,25.0,30.0,0.6515151515151515,0.14099783080260303,0.3939393939393939,0.45454545454545453
2026-27,1022600060,2026-05-30,May,TOR,SEA,home,W,93,72,21,82.0,165,13,200.0,93.0,34.0,14.0,12.0,1.0,12.0,26.0,59.0,10.0,29.0,31.0,33.0,0.5254237288135594,0.14031805425631433,0.4915254237288136,0.559322033898305
2026-27,1022600070,2026-06-03,Jun,TOR,NYL,away,L,82,97,-15,78.5,179,13,200.0,82.0,32.0,17.0,7.0,3.0,7.0,34.0,75.0,6.0,19.0,8.0,10.0,0.49333333333333335,0.08101851851851852,0.25333333333333335,0.13333333333333333
2026-27,1022600081,2026-06-07,Jun,TOR,CHI,home,W,85,68,17,84.5,153,12,200.20000000000002,85.0,44.0,19.0,7.0,4.0,9.0,30.0,77.0,4.0,22.0,21.0,27.0,0.4155844155844156,0.09194932570494484,0.2857142857142857,0.35064935064935066
2026-27,1022600089,2026-06-10,Jun,TOR,CON,home,W,106,102,4,89.5,208,12,225.00000000000003,106.0,28.0,18.0,12.0,3.0,11.0,31.0,69.0,8.0,24.0,36.0,43.0,0.5072463768115942,0.11120097048119693,0.34782608695652173,0.6231884057971014
2026-27,1022600095,2026-06-12,Jun,TOR,WAS,away,L,85,86,-1,84.5,171,12,200.00000000000003,85.0,21.0,23.0,18.0,5.0,17.0,31.0,64.0,7.0,22.0,16.0,18.0,0.5390625,0.19118308591992803,0.34375,0.28125
2026-27,1022600102,2026-06-14,Jun,TOR,ATL,home,L,77,102,-25,81.0,179,12,200.1,77.0,24.0,23.0,5.0,7.0,15.0,28.0,65.0,9.0,24.0,12.0,16.0,0.5,0.1723345588235294,0.36923076923076925,0.24615384615384617
2026-27,1022600106,2026-06-16,Jun,TOR,IND,away,L,91,113,-22,88.5,204,12,199.90000000000003,91.0,27.0,25.0,9.0,1.0,12.0,34.0,75.0,11.0,25.0,12.0,19.0,0.5266666666666666,0.12583892617449666,0.3333333333333333,0.25333333333333335
2026-27,1022600114,2026-06-19,Jun,TOR,CON,away,W,101,97,4,84.0,198,12,200.1,101.0,33.0,27.0,5.0,4.0,15.0,37.0,76.0,19.0,34.0,8.0,9.0,0.6118421052631579,0.15796124684077506,0.4473684210526316,0.11842105263157894
2026-27,1022600124,2026-06-22,Jun,TOR,ATL,away,L,87,94,-7,84.5,181,12,199.9,87.0,31.0,22.0,8.0,6.0,17.0,28.0,62.0,9.0,28.0,22.0,28.0,0.5241935483870968,0.18615856329391153,0.45161290322580644,0.45161290322580644
2026-27,1022600132,2026-06-25,Jun,TOR,LAS,home,W,125,97,28,86.5,222,12,199.89999999999998,125.0,52.0,26.0,5.0,4.0,10.0,41.0,80.0,20.0,42.0,23.0,27.0,0.6375,0.09815469179426776,0.525,0.3375
2026-27,1022600138,2026-06-27,Jun,TOR,PHX,home,L,80,89,-9,78.5,169,12,200.0,80.0,35.0,26.0,4.0,2.0,12.0,31.0,67.0,12.0,30.0,6.0,12.0,0.5522388059701493,0.14238253440911247,0.44776119402985076,0.1791044776119403
2026-27,1022600152,2026-07-05,Jul,TOR,DAL,home,L,76,89,-13,76.0,165,13,200.0,76.0,35.0,16.0,5.0,3.0,13.0,28.0,72.0,10.0,29.0,10.0,14.0,0.4583333333333333,0.14260640631856078,0.4027777777777778,0.19444444444444445
2026-27,1022600159,2026-07-08,Jul,TOR,GSV,home,L,75,83,-8,76.0,158,12,200.1,75.0,23.0,19.0,6.0,0.0,20.0,26.0,54.0,6.0,22.0,17.0,18.0,0.5370370370370371,0.244140625,0.4074074074074074,0.3333333333333333
2026-27,1022600166,2026-07-10,Jul,TOR,DAL,home,L,95,108,-13,78.5,203,13,199.99999999999997,95.0,24.0,24.0,3.0,2.0,12.0,35.0,64.0,14.0,30.0,11.0,14.0,0.65625,0.1460564751703992,0.46875,0.21875
2026-27,1022600171,2026-07-12,Jul,TOR,NYL,home,W,93,91,2,89.0,184,14,199.9,93.0,30.0,22.0,10.0,3.0,23.0,34.0,66.0,9.0,24.0,16.0,18.0,0.5833333333333334,0.2373091209244738,0.36363636363636365,0.2727272727272727
2026-27,1022600178,2026-07-14,Jul,TOR,WAS,home,L,62,79,-17,72.5,141,13,200.00000000000003,62.0,26.0,15.0,3.0,4.0,10.0,23.0,65.0,7.0,26.0,9.0,10.0,0.4076923076923077,0.12594458438287154,0.4,0.15384615384615385
2026-27,1022600185,2026-07-17,Jul,TOR,ATL,home,L,92,111,-19,81.0,203,13,200.10000000000002,92.0,22.0,19.0,3.0,3.0,20.0,30.0,56.0,10.0,21.0,22.0,25.0,0.625,0.22988505747126436,0.375,0.44642857142857145
2026-27,1022600194,2026-07-20,Jul,TOR,LVA,home,L,83,109,-26,81.0,192,13,200.00000000000003,83.0,40.0,19.0,6.0,1.0,11.0,29.0,74.0,8.0,31.0,17.0,19.0,0.44594594594594594,0.11782347900599828,0.4189189189189189,0.25675675675675674
2026-27,1022600204,2026-07-28,Jul,TOR,MIN,away,L,93,100,-7,84.0,193,13,200.0,93.0,36.0,22.0,7.0,4.0,15.0,33.0,73.0,13.0,35.0,14.0,17.0,0.541095890410959,0.15710096355257644,0.4794520547945205,0.2328767123287671
2026-27,1022600210,2026-07-30,Jul,TOR,MIN,home,L,72,104,-32,81.5,176,12,200.1,72.0,26.0,19.0,6.0,4.0,22.0,28.0,62.0,10.0,28.0,6.0,11.0,0.532258064516129,0.24763619990995045,0.45161290322580644,0.1774193548387097
2026-27,1022600221,2026-08-02,Aug,TOR,GSV,away,L,79,96,-17,76.0,175,12,200.1,79.0,34.0,20.0,3.0,1.0,12.0,29.0,67.0,7.0,30.0,14.0,19.0,0.48507462686567165,0.13736263736263737,0.44776119402985076,0.2835820895522388
2026-27,1022600225,2026-08-04,Aug,TOR,GSV,away,L,81,92,-11,75.0,173,12,200.1,81.0,27.0,22.0,8.0,3.0,15.0,28.0,59.0,12.0,29.0,13.0,15.0,0.576271186440678,0.18610421836228289,0.4915254237288136,0.2542372881355932
2026-27,1022600232,2026-08-06,Aug,TOR,PDX,away,L,83,97,-14,86.5,180,12,200.0,83.0,36.0,23.0,7.0,3.0,16.0,29.0,72.0,9.0,31.0,16.0,24.0,0.4652777777777778,0.16233766233766234,0.4305555555555556,0.3333333333333333
2026-27,1022600243,2026-08-10,Aug,TOR,ATL,away,L,95,107,-12,84.5,202,12,200.1,95.0,25.0,20.0,7.0,4.0,13.0,35.0,67.0,10.0,26.0,15.0,21.0,0.5970149253731343,0.14567458538771852,0.3880597014925373,0.31343283582089554
2026-27,1022600248,2026-08-12,Aug,TOR,DAL,away,L,88,94,-6,80.0,182,13,200.09999999999997,88.0,37.0,19.0,6.0,4.0,16.0,32.0,76.0,8.0,30.0,16.0,18.0,0.47368421052631576,0.16012810248198558,0.39473684210526316,0.23684210526315788
2026-27,1022600264,2026-08-18,Aug,TOR,IND,home,L,95,101,-6,85.5,196,13,199.9,95.0,41.0,19.0,6.0,6.0,11.0,34.0,87.0,12.0,37.0,15.0,20.0,0.45977011494252873,0.10299625468164794,0.42528735632183906,0.22988505747126436
2026-27,1022600267,2026-08-19,Aug,TOR,WAS,away,L,82,93,-11,77.5,175,14,200.10000000000002,82.0,27.0,18.0,5.0,3.0,8.0,28.0,65.0,11.0,27.0,15.0,23.0,0.5153846153846153,0.09624639076034648,0.4153846153846154,0.35384615384615387
2026-27,1022600002,2026-05-08,May,WAS,TOR,away,W,68,65,3,81.5,133,10,200.0,68.0,44.0,14.0,10.0,5.0,18.0,25.0,64.0,5.0,24.0,13.0,22.0,0.4296875,0.1963350785340314,0.375,0.34375
2026-27,1022600008,2026-05-10,May,WAS,NYL,home,L,93,98,-5,86.5,191,14,225.1,93.0,42.0,24.0,7.0,1.0,13.0,34.0,80.0,5.0,26.0,20.0,29.0,0.45625,0.1229198184568835,0.325,0.3625
2026-27,1022600022,2026-05-15,May,WAS,IND,away,W,104,102,2,94.5,206,12,225.1,104.0,44.0,18.0,3.0,8.0,20.0,38.0,68.0,6.0,16.0,22.0,28.0,0.6029411764705882,0.19936204146730463,0.23529411764705882,0.4117647058823529
2026-27,1022600029,2026-05-18,May,WAS,DAL,away,L,69,92,-23,73.5,161,11,199.9,69.0,24.0,16.0,3.0,1.0,18.0,24.0,49.0,5.0,12.0,16.0,20.0,0.5408163265306123,0.237467018469657,0.24489795918367346,0.40816326530612246
2026-27,1022600046,2026-05-24,May,WAS,SEA,away,L,85,97,-12,81.0,182,12,200.10000000000002,85.0,26.0,14.0,9.0,5.0,13.0,23.0,57.0,4.0,20.0,35.0,41.0,0.43859649122807015,0.14766015447523853,0.3508771929824561,0.7192982456140351
2026-27,1022600053,2026-05-27,May,WAS,SEA,away,W,78,64,14,72.5,142,13,200.00000000000003,78.0,40.0,19.0,4.0,2.0,12.0,28.0,66.0,7.0,21.0,15.0,16.0,0.4772727272727273,0.14111006585136404,0.3181818181818182,0.24242424242424243
2026-27,1022600057,2026-05-29,May,WAS,LAS,home,L,87,92,-5,81.0,179,13,199.90000000000003,87.0,31.0,26.0,4.0,4.0,15.0,31.0,61.0,5.0,22.0,20.0,29.0,0.5491803278688525,0.1689950428120775,0.36065573770491804,0.47540983606557374
2026-27,1022600067,2026-06-02,Jun,WAS,CHI,home,W,90,72,18,82.5,162,11,199.99999999999997,90.0,46.0,18.0,11.0,2.0,16.0,32.0,73.0,6.0,17.0,20.0,32.0,0.4794520547945205,0.15521924718665114,0.2328767123287671,0.4383561643835616
2026-27,1022600079,2026-06-06,Jun,WAS,ATL,away,L,77,109,-32,77.5,186,12,200.0,77.0,26.0,17.0,4.0,4.0,17.0,26.0,58.0,5.0,16.0,20.0,27.0,0.49137931034482757,0.19567219152854512,0.27586206896551724,0.46551724137931033
2026-27,1022600084,2026-06-08,Jun,WAS,IND,home,L,76,78,-2,81.0,154,12,200.10000000000002,76.0,31.0,21.0,5.0,6.0,15.0,25.0,58.0,9.0,18.0,17.0,24.0,0.5086206896551724,0.17951172809956917,0.3103448275862069,0.41379310344827586
2026-27,1022600095,2026-06-12,Jun,WAS,TOR,home,W,86,85,1,84.5,171,12,200.0,86.0,39.0,22.0,8.0,2.0,22.0,31.0,65.0,2.0,18.0,22.0,26.0,0.49230769230769234,0.22348638764729786,0.27692307692307694,0.4
2026-27,1022600101,2026-06-14,Jun,WAS,NYL,away,L,64,86,-22,78.5,150,13,199.99999999999997,64.0,32.0,17.0,6.0,3.0,16.0,24.0,71.0,7.0,25.0,9.0,16.0,0.3873239436619718,0.17014036580178646,0.352112676056338,0.22535211267605634
2026-27,1022600107,2026-06-17,Jun,WAS,CON,away,W,88,81,7,76.0,169,13,200.0,88.0,33.0,18.0,2.0,1.0,13.0,26.0,55.0,7.0,18.0,29.0,30.0,0.5363636363636364,0.16009852216748768,0.32727272727272727,0.5454545454545454
2026-27,1022600115,2026-06-19,Jun,WAS,NYL,away,W,86,83,3,79.0,169,13,200.00000000000003,86.0,31.0,20.0,9.0,2.0,11.0,30.0,62.0,4.0,18.0,22.0,32.0,0.5161290322580645,0.12632062471290767,0.2903225806451613,0.5161290322580645
2026-27,1022600121,2026-06-21,Jun,WAS,MIN,away,W,84,79,5,82.0,163,12,200.00000000000003,84.0,33.0,20.0,7.0,3.0,16.0,28.0,61.0,7.0,19.0,21.0,29.0,0.5163934426229508,0.17825311942959002,0.3114754098360656,0.47540983606557374
2026-27,1022600129,2026-06-24,Jun,WAS,MIN,home,L,76,78,-2,86.0,154,12,199.8,76.0,40.0,17.0,4.0,2.0,17.0,26.0,61.0,5.0,16.0,19.0,27.0,0.4672131147540984,0.18914107699154428,0.26229508196721313,0.4426229508196721
2026-27,1022600135,2026-06-26,Jun,WAS,CON,away,L,57,68,-11,77.0,125,13,200.0,57.0,45.0,16.0,3.0,4.0,21.0,19.0,55.0,5.0,18.0,14.0,25.0,0.39090909090909093,0.2413793103448276,0.32727272727272727,0.45454545454545453
2026-27,1022600142,2026-06-28,Jun,WAS,PDX,home,W,124,123,1,117.5,247,13,300.09999999999997,124.0,45.0,32.0,10.0,9.0,17.0,42.0,98.0,10.0,29.0,30.0,41.0,0.47959183673469385,0.12778111846061335,0.29591836734693877,0.41836734693877553
2026-27,1022600145,2026-07-02,Jul,WAS,ATL,home,W,81,76,5,82.0,157,13,200.0,81.0,38.0,20.0,2.0,3.0,27.0,31.0,56.0,9.0,16.0,10.0,19.0,0.6339285714285714,0.29553415061295973,0.2857142857142857,0.3392857142857143
2026-27,1022600154,2026-07-06,Jul,WAS,GSV,home,L,49,62,-13,68.0,111,12,200.0,49.0,41.0,14.0,1.0,3.0,14.0,18.0,60.0,3.0,24.0,10.0,15.0,0.325,0.17369727047146402,0.4,0.25
2026-27,1022600172,2026-07-12,Jul,WAS,SEA,home,W,84,79,5,82.0,163,12,200.00000000000003,84.0,32.0,23.0,10.0,3.0,15.0,31.0,72.0,5.0,19.0,17.0,23.0,0.4652777777777778,0.1544481054365733,0.2638888888888889,0.3194444444444444
2026-27,1022600178,2026-07-14,Jul,WAS,TOR,away,W,79,62,17,72.5,141,12,199.9,79.0,47.0,18.0,3.0,6.0,11.0,30.0,75.0,4.0,23.0,15.0,19.0,0.4266666666666667,0.1165748198389148,0.30666666666666664,0.25333333333333335
2026-27,1022600182,2026-07-16,Jul,WAS,PDX,home,L,56,75,-19,74.5,131,13,200.09999999999997,56.0,45.0,11.0,4.0,4.0,19.0,19.0,64.0,2.0,21.0,16.0,23.0,0.3125,0.20403780068728522,0.328125,0.359375
2026-27,1022600190,2026-07-18,Jul,WAS,GSV,away,L,69,74,-5,68.0,143,13,200.0,69.0,37.0,18.0,5.0,5.0,12.0,27.0,60.0,6.0,23.0,9.0,11.0,0.5,0.15616866215512754,0.38333333333333336,0.18333333333333332
2026-27,1022600195,2026-07-20,Jul,WAS,GSV,away,W,90,82,8,76.5,172,13,199.9,90.0,35.0,25.0,4.0,5.0,16.0,32.0,61.0,9.0,21.0,17.0,21.0,0.5983606557377049,0.1855287569573284,0.3442622950819672,0.3442622950819672
2026-27,1022600200,2026-07-22,Jul,WAS,LVA,home,W,100,99,1,79.0,199,13,199.89999999999998,100.0,34.0,24.0,3.0,1.0,13.0,35.0,71.0,7.0,13.0,23.0,31.0,0.5422535211267606,0.1331421548545678,0.18309859154929578,0.43661971830985913
2026-27,1022600203,2026-07-28,Jul,WAS,CON,home,W,92,84,8,80.0,176,13,200.0,92.0,41.0,20.0,5.0,7.0,14.0,29.0,67.0,6.0,12.0,28.0,33.0,0.47761194029850745,0.14656616415410387,0.1791044776119403,0.4925373134328358
2026-27,1022600214,2026-07-31,Jul,WAS,DAL,home,W,81,75,6,74.0,156,13,200.10000000000002,81.0,42.0,17.0,1.0,4.0,7.0,26.0,71.0,2.0,17.0,27.0,31.0,0.38028169014084506,0.07638585770405937,0.23943661971830985,0.43661971830985913
2026-27,1022600228,2026-08-05,Aug,WAS,DAL,home,W,96,92,4,80.5,188,13,200.0,96.0,34.0,19.0,6.0,3.0,11.0,33.0,66.0,8.0,22.0,22.0,26.0,0.5606060606060606,0.12437810945273632,0.3333333333333333,0.3939393939393939
2026-27,1022600234,2026-08-07,Aug,WAS,ATL,home,W,79,74,5,85.5,153,13,200.10000000000002,79.0,46.0,14.0,6.0,12.0,17.0,29.0,62.0,6.0,14.0,15.0,34.0,0.5161290322580645,0.18092805449127286,0.22580645161290322,0.5483870967741935
2026-27,1022600240,2026-08-09,Aug,WAS,PHX,home,W,95,75,20,80.5,170,12,200.1,95.0,40.0,24.0,11.0,4.0,8.0,36.0,72.0,11.0,29.0,12.0,19.0,0.5763888888888888,0.09053870529651425,0.4027777777777778,0.2638888888888889
2026-27,1022600246,2026-08-11,Aug,WAS,LVA,away,L,76,86,-10,75.0,162,12,200.0,76.0,41.0,20.0,5.0,2.0,16.0,29.0,68.0,5.0,18.0,13.0,18.0,0.4632352941176471,0.17406440382941687,0.2647058823529412,0.2647058823529412
2026-27,1022600253,2026-08-13,Aug,WAS,LVA,away,L,76,83,-7,79.5,159,12,199.8,76.0,35.0,16.0,5.0,1.0,15.0,31.0,61.0,6.0,15.0,8.0,16.0,0.5573770491803278,0.180635838150289,0.2459016393442623,0.26229508196721313
2026-27,1022600257,2026-08-15,Aug,WAS,LAS,home,W,80,70,10,78.5,150,12,199.8,80.0,43.0,23.0,10.0,4.0,12.0,34.0,72.0,4.0,21.0,8.0,12.0,0.5,0.13440860215053763,0.2916666666666667,0.16666666666666666
2026-27,1022600267,2026-08-19,Aug,WAS,TOR,home,W,93,82,11,77.5,175,14,200.39999999999995,93.0,43.0,23.0,5.0,4.0,16.0,30.0,66.0,9.0,27.0,24.0,28.0,0.5227272727272727,0.16963528413910095,0.4090909090909091,0.42424242424242425
