prediction_id,run_id,sport,season,recorded_at,game_date,away,home,market,side,line,odds,opposite_odds,odds_source,projection,projection_basis,model_prob,implied_prob,vig_free,edge,tier,verdict,priced,settled,won,push,actual,ungraded_reason,graded_at
89146c0d8cab41209afdacfbce06a1be,e62dac65ce01,wnba,2026-27,2026-08-20T18:36:49+00:00,2026-08-20,IND,DAL,moneyline,IND,,-143.0,140.0,betonlineag,0.6422,logistic fit on 268 games,0.6422,0.5855,True,0.0567,Standard,PLAY,True,True,False,False,1.0,,2026-08-21T16:55:15+00:00
4b6a11ae7fe64479a385572192cd7ebc,e62dac65ce01,wnba,2026-27,2026-08-20T18:36:49+00:00,2026-08-20,IND,DAL,spread,DAL,3.0,-108.0,-108.0,lowvig,-0.1,projected home margin,0.5955,0.5,True,0.0955,Strong,PLAY,True,True,True,False,6.0,,2026-08-21T16:55:15+00:00
b7c36363b60544b686acb3bbbf80d7fa,e62dac65ce01,wnba,2026-27,2026-08-20T18:36:49+00:00,2026-08-20,IND,DAL,total,UNDER,185.0,-105.0,-110.0,mybookieag,180.7,projected total,0.64,0.4944,True,0.1456,Strong,PLAY,True,True,True,False,176.0,,2026-08-21T16:55:15+00:00
fb32c525c2314125879d4d51cbf0ac75,e62dac65ce01,wnba,2026-27,2026-08-20T18:36:49+00:00,2026-08-20,CON,LVA,moneyline,LVA,,-950.0,776.0,bovada,0.8485,logistic fit on 268 games,0.8485,0.888,True,-0.0395,Pass,PASS,True,True,True,False,1.0,,2026-08-21T16:55:15+00:00
6194f112ea924ece85764572007c3d2d,e62dac65ce01,wnba,2026-27,2026-08-20T18:36:49+00:00,2026-08-20,CON,LVA,spread,CON,-14.0,-106.0,-105.0,bovada,7.2,projected home margin,0.7145,0.5012,True,0.2134,Review,REVIEW,True,True,False,False,23.0,,2026-08-21T16:55:15+00:00
fc31c9d85b2041f889f394148909954f,e62dac65ce01,wnba,2026-27,2026-08-20T18:36:49+00:00,2026-08-20,CON,LVA,total,OVER,167.5,-110.0,-108.0,fanduel,169.7,projected total,0.5727,0.5022,True,0.0705,Standard,PLAY,True,True,True,False,179.0,,2026-08-21T16:55:15+00:00
44e2ac0b0fd44d40905ce631ce53d1db,e62dac65ce01,wnba,2026-27,2026-08-20T18:36:49+00:00,2026-08-20,ATL,LAS,moneyline,ATL,,-380.0,325.0,betus,0.8024,logistic fit on 268 games,0.8024,0.7709,True,0.0315,Lean,PLAY,True,True,True,False,0.0,,2026-08-21T16:55:15+00:00
d62a384133894a5b8fea1f57fb8a8b7b,e62dac65ce01,wnba,2026-27,2026-08-20T18:36:49+00:00,2026-08-20,ATL,LAS,spread,LAS,9.0,-106.0,-108.0,bovada,-2.7,projected home margin,0.7002,0.4977,True,0.2025,Review,REVIEW,True,True,False,False,-36.0,,2026-08-21T16:55:15+00:00
900b93a7c925450c8e50ea693ba146ed,e62dac65ce01,wnba,2026-27,2026-08-20T18:36:49+00:00,2026-08-20,ATL,LAS,total,UNDER,181.5,-110.0,-105.0,bovada,178.2,projected total,0.6083,0.5056,True,0.1027,Strong,PLAY,True,True,False,False,212.0,,2026-08-21T16:55:15+00:00
e7260cfd7d1647b291e194b9cf3ea726,e62dac65ce01,wnba,2026-27,2026-08-20T18:36:49+00:00,2026-08-21,MIN,WAS,moneyline,MIN,,-210.0,185.0,draftkings,0.8044,logistic fit on 268 games,0.8044,0.6588,True,0.1456,Strong,PLAY,True,True,True,False,0.0,,2026-08-22T15:20:45+00:00
5e229b9d7bd34b1481acf78d89447f19,e62dac65ce01,wnba,2026-27,2026-08-20T18:36:49+00:00,2026-08-21,MIN,WAS,spread,WAS,5.0,-108.0,-108.0,lowvig,-2.7,projected home margin,0.576,0.5,True,0.076,Standard,PLAY,True,True,False,False,-10.0,,2026-08-22T15:20:45+00:00
ac0b89c6199f49feb3cae0fa0c565c5e,e62dac65ce01,wnba,2026-27,2026-08-20T18:36:49+00:00,2026-08-21,MIN,WAS,total,OVER,163.5,-108.0,-105.0,lowvig,170.2,projected total,0.7117,0.5034,True,0.2083,Review,REVIEW,True,True,True,False,178.0,,2026-08-22T15:20:45+00:00
f602721ae963465e9fe429c505e79b70,e62dac65ce01,wnba,2026-27,2026-08-20T18:36:49+00:00,2026-08-21,GSV,CHI,moneyline,GSV,,-235.0,210.0,draftkings,0.7814,logistic fit on 268 games,0.7814,0.685,True,0.0964,Strong,PLAY,True,True,False,False,1.0,,2026-08-22T15:20:45+00:00
489583b388dd4ca998bb6b800762497a,e62dac65ce01,wnba,2026-27,2026-08-20T18:36:49+00:00,2026-08-21,GSV,CHI,spread,CHI,5.5,-108.0,-108.0,draftkings,-2.2,projected home margin,0.6083,0.5,True,0.1083,Strong,PLAY,True,True,True,False,3.0,,2026-08-22T15:20:45+00:00
4a0f4f22e6084c42a4ff7208ddeaff55,e62dac65ce01,wnba,2026-27,2026-08-20T18:36:49+00:00,2026-08-21,GSV,CHI,total,OVER,162.5,-108.0,-108.0,lowvig,168.4,projected total,0.6885,0.5,True,0.1885,Review,REVIEW,True,True,False,False,143.0,,2026-08-22T15:20:45+00:00
e623164d75f5473eb1e6e834fb176878,e62dac65ce01,wnba,2026-27,2026-08-20T18:36:49+00:00,2026-08-21,PDX,TOR,moneyline,PDX,,-106.0,105.0,draftkings,0.5941,logistic fit on 268 games,0.5941,0.5133,True,0.0808,Strong,PLAY,True,True,False,False,1.0,,2026-08-22T15:20:45+00:00
47af6c05aa884bc6adfe84f41e4cabec,e62dac65ce01,wnba,2026-27,2026-08-20T18:36:49+00:00,2026-08-21,PDX,TOR,spread,TOR,1.5,-108.0,-108.0,lowvig,0.6,projected home margin,0.5695,0.5,True,0.0695,Standard,PLAY,True,True,True,False,3.0,,2026-08-22T15:20:45+00:00
7211e24a3a2747e8a762cc0789ca452e,e62dac65ce01,wnba,2026-27,2026-08-20T18:36:49+00:00,2026-08-21,PDX,TOR,total,UNDER,186.5,-108.0,-108.0,lowvig,179.9,projected total,0.7088,0.5,True,0.2088,Review,REVIEW,True,True,True,False,161.0,,2026-08-22T15:20:45+00:00
4094de2f03e04c67be21a7bb08d49f08,e62dac65ce01,wnba,2026-27,2026-08-20T18:36:49+00:00,2026-08-22,IND,NYL,moneyline,IND,,,,,0.6063,logistic fit on 268 games,,,False,,,PROJ,False,True,False,False,1.0,,2026-08-23T16:18:07+00:00
82ba43634ba74c949f974fc5d4ba412a,e62dac65ce01,wnba,2026-27,2026-08-20T18:36:49+00:00,2026-08-22,IND,NYL,spread,NYL,,,,,0.4,projected home margin,,,False,,,PROJ,False,True,,False,7.0,,2026-08-23T16:18:07+00:00
d4a6127e3dfd422cb6387db604c29d43,e62dac65ce01,wnba,2026-27,2026-08-20T18:36:49+00:00,2026-08-22,IND,NYL,total,,,,,,182.0,projected total,,,False,,,PROJ,False,True,,False,211.0,,2026-08-23T16:18:07+00:00
254f6af8dc2549e5b934cb469f1cf778,e62dac65ce01,wnba,2026-27,2026-08-20T18:36:49+00:00,2026-08-22,CON,LAS,moneyline,LAS,,,,,0.6312,logistic fit on 268 games,,,False,,,PROJ,False,True,True,False,1.0,,2026-08-23T16:18:07+00:00
c0cd39f4771047d4b1650cebd2272d6b,e62dac65ce01,wnba,2026-27,2026-08-20T18:36:49+00:00,2026-08-22,CON,LAS,spread,LAS,,,,,3.5,projected home margin,,,False,,,PROJ,False,True,,False,9.0,,2026-08-23T16:18:07+00:00
5780e3a6c3ce47309d8e7364d3e6c411,e62dac65ce01,wnba,2026-27,2026-08-20T18:36:49+00:00,2026-08-22,CON,LAS,total,,,,,,173.3,projected total,,,False,,,PROJ,False,True,,False,145.0,,2026-08-23T16:18:07+00:00
f39a52bfe5dc4ce8943a4cfd57460447,e62dac65ce01,wnba,2026-27,2026-08-20T18:36:49+00:00,2026-08-22,ATL,PHX,moneyline,ATL,,,,,0.7748,logistic fit on 268 games,,,False,,,PROJ,False,True,True,False,0.0,,2026-08-23T16:18:07+00:00
3e52b312a19a434dbfaa55239bf5067e,e62dac65ce01,wnba,2026-27,2026-08-20T18:36:49+00:00,2026-08-22,ATL,PHX,spread,ATL,,,,,-2.1,projected home margin,,,False,,,PROJ,False,True,,False,-10.0,,2026-08-23T16:18:07+00:00
866df505ba8e482087a2be7ec1a8709f,e62dac65ce01,wnba,2026-27,2026-08-20T18:36:49+00:00,2026-08-22,ATL,PHX,total,,,,,,173.5,projected total,,,False,,,PROJ,False,True,,False,188.0,,2026-08-23T16:18:07+00:00
e44530bf1f854f14b71f709507399ced,e62dac65ce01,wnba,2026-27,2026-08-20T18:36:49+00:00,2026-08-23,SEA,DAL,moneyline,DAL,,,,,0.7617,logistic fit on 268 games,,,False,,,PROJ,False,True,True,False,1.0,,2026-08-24T18:24:26+00:00
11407ef8484d455787d2c1cba8db94af,e62dac65ce01,wnba,2026-27,2026-08-20T18:36:49+00:00,2026-08-23,SEA,DAL,spread,DAL,,,,,5.4,projected home margin,,,False,,,PROJ,False,True,,False,22.0,,2026-08-24T18:24:26+00:00
ef9ef14daca74dafbadd3a48e4b0ce07,e62dac65ce01,wnba,2026-27,2026-08-20T18:36:49+00:00,2026-08-23,SEA,DAL,total,,,,,,170.8,projected total,,,False,,,PROJ,False,True,,False,162.0,,2026-08-24T18:24:26+00:00
9bbb0b81ad80427bbe905bfbc1d5bd9e,e62dac65ce01,wnba,2026-27,2026-08-20T18:36:49+00:00,2026-08-23,IND,CHI,moneyline,IND,,,,,0.7657,logistic fit on 268 games,,,False,,,PROJ,False,True,True,False,0.0,,2026-08-24T18:24:26+00:00
1f1ae096d1614590b77bd3498c387480,e62dac65ce01,wnba,2026-27,2026-08-20T18:36:49+00:00,2026-08-23,IND,CHI,spread,IND,,,,,-2.1,projected home margin,,,False,,,PROJ,False,True,,False,-23.0,,2026-08-24T18:24:26+00:00
54e40dc1163240ce9c3a2aa71e0e29af,e62dac65ce01,wnba,2026-27,2026-08-20T18:36:49+00:00,2026-08-23,IND,CHI,total,,,,,,182.0,projected total,,,False,,,PROJ,False,True,,False,203.0,,2026-08-24T18:24:26+00:00
92006d1a33d94bbcb73c563c1b2afbbd,e62dac65ce01,wnba,2026-27,2026-08-20T18:36:49+00:00,2026-08-23,WAS,PDX,moneyline,WAS,,,,,0.6184,logistic fit on 268 games,,,False,,,PROJ,False,True,True,False,0.0,,2026-08-24T18:24:26+00:00
81f7cdac37d24e5089db1877bad3132a,e62dac65ce01,wnba,2026-27,2026-08-20T18:36:49+00:00,2026-08-23,WAS,PDX,spread,PDX,,,,,0.3,projected home margin,,,False,,,PROJ,False,True,,False,-5.0,,2026-08-24T18:24:26+00:00
3891a54df0c945749cd93fb23f2b558d,e62dac65ce01,wnba,2026-27,2026-08-20T18:36:49+00:00,2026-08-23,WAS,PDX,total,,,,,,171.0,projected total,,,False,,,PROJ,False,True,,False,205.0,,2026-08-24T18:24:26+00:00
e3da0873251c483296d2124c90ee65bb,e62dac65ce01,wnba,2026-27,2026-08-20T18:36:49+00:00,2026-08-23,LVA,TOR,moneyline,LVA,,,,,0.818,logistic fit on 268 games,,,False,,,PROJ,False,True,True,False,0.0,,2026-08-24T18:24:26+00:00
71fe797fcdb34dd597ecbe0ea7b35ee6,e62dac65ce01,wnba,2026-27,2026-08-20T18:36:49+00:00,2026-08-23,LVA,TOR,spread,LVA,,,,,-3.0,projected home margin,,,False,,,PROJ,False,True,,False,-10.0,,2026-08-24T18:24:26+00:00
2921e77bc5bb4195b8ad9cd545edd286,e62dac65ce01,wnba,2026-27,2026-08-20T18:36:49+00:00,2026-08-23,LVA,TOR,total,,,,,,177.6,projected total,,,False,,,PROJ,False,True,,False,166.0,,2026-08-24T18:24:26+00:00
337a7f2c155c4d6885f5c30816d7baab,e62dac65ce01,wnba,2026-27,2026-08-20T18:36:49+00:00,2026-08-24,GSV,MIN,moneyline,MIN,,,,,0.5856,logistic fit on 268 games,,,False,,,PROJ,False,True,False,False,0.0,,2026-08-26T17:34:55+00:00
68c90c5aea634a44ab006cf0c0199873,e62dac65ce01,wnba,2026-27,2026-08-20T18:36:49+00:00,2026-08-24,GSV,MIN,spread,MIN,,,,,2.8,projected home margin,,,False,,,PROJ,False,True,,False,-14.0,,2026-08-26T17:34:55+00:00
cd2af139185846be948657e503a1a95f,e62dac65ce01,wnba,2026-27,2026-08-20T18:36:49+00:00,2026-08-24,GSV,MIN,total,,,,,,167.7,projected total,,,False,,,PROJ,False,True,,False,146.0,,2026-08-26T17:34:55+00:00
6c579da47ca745bab2a808a0ec20e4f8,e62dac65ce01,wnba,2026-27,2026-08-20T18:36:49+00:00,2026-08-24,ATL,LAS,moneyline,ATL,,,,,0.8024,logistic fit on 268 games,,,False,,,PROJ,False,True,True,False,0.0,,2026-08-26T17:34:55+00:00
3b05b5f166804c9b91c100bd61e82934,e62dac65ce01,wnba,2026-27,2026-08-20T18:36:49+00:00,2026-08-24,ATL,LAS,spread,ATL,,,,,-2.7,projected home margin,,,False,,,PROJ,False,True,,False,-7.0,,2026-08-26T17:34:55+00:00
1c020f899b9e4d0abf182c03f713c8f9,e62dac65ce01,wnba,2026-27,2026-08-20T18:36:49+00:00,2026-08-24,ATL,LAS,total,,,,,,178.2,projected total,,,False,,,PROJ,False,True,,False,149.0,,2026-08-26T17:34:55+00:00
1c7f02a6f25e411cbf5a678aa6e291e5,e62dac65ce01,wnba,2026-27,2026-08-20T18:36:49+00:00,2026-08-25,CHI,CON,moneyline,CHI,,,,,0.7065,logistic fit on 268 games,,,False,,,PROJ,False,True,False,False,1.0,,2026-08-26T17:34:55+00:00
41b08eb7f2b44e618ec3da8d0f8627d6,e62dac65ce01,wnba,2026-27,2026-08-20T18:36:49+00:00,2026-08-25,CHI,CON,spread,CHI,,,,,-1.0,projected home margin,,,False,,,PROJ,False,True,,False,6.0,,2026-08-26T17:34:55+00:00
26122ed334ab4dc0bcd286ab56d88d34,e62dac65ce01,wnba,2026-27,2026-08-20T18:36:49+00:00,2026-08-25,CHI,CON,total,,,,,,171.7,projected total,,,False,,,PROJ,False,True,,False,168.0,,2026-08-26T17:34:55+00:00
cfbe9f41b67f40718c256126b77eba90,e62dac65ce01,wnba,2026-27,2026-08-20T18:36:49+00:00,2026-08-25,PDX,DAL,moneyline,DAL,,,,,0.7378,logistic fit on 268 games,,,False,,,PROJ,False,True,True,False,1.0,,2026-08-26T17:34:55+00:00
c8d526ae73774180b408b0c32377183e,e62dac65ce01,wnba,2026-27,2026-08-20T18:36:49+00:00,2026-08-25,PDX,DAL,spread,DAL,,,,,5.1,projected home margin,,,False,,,PROJ,False,True,,False,18.0,,2026-08-26T17:34:55+00:00
6d038f5b1ed5436692e0da2d5a84db2b,e62dac65ce01,wnba,2026-27,2026-08-20T18:36:49+00:00,2026-08-25,PDX,DAL,total,,,,,,176.2,projected total,,,False,,,PROJ,False,True,,False,174.0,,2026-08-26T17:34:55+00:00
a360e9b9f31a416a81035ecc6eee3bbe,e62dac65ce01,wnba,2026-27,2026-08-20T18:36:49+00:00,2026-08-25,WAS,PHX,moneyline,WAS,,,,,0.5941,logistic fit on 268 games,,,False,,,PROJ,False,True,True,False,0.0,,2026-08-26T17:34:55+00:00
c0314ed808d84278bff5930d892d45f0,e62dac65ce01,wnba,2026-27,2026-08-20T18:36:49+00:00,2026-08-25,WAS,PHX,spread,PHX,,,,,0.6,projected home margin,,,False,,,PROJ,False,True,,False,-10.0,,2026-08-26T17:34:55+00:00
b188045e40644cea8daf2b894e776caf,e62dac65ce01,wnba,2026-27,2026-08-20T18:36:49+00:00,2026-08-25,WAS,PHX,total,,,,,,167.8,projected total,,,False,,,PROJ,False,True,,False,178.0,,2026-08-26T17:34:55+00:00
4a2d9f0feebc4f8ebe41a10de105ee03,e62dac65ce01,wnba,2026-27,2026-08-20T18:36:49+00:00,2026-08-26,GSV,CON,moneyline,GSV,,,,,0.9007,logistic fit on 268 games,,,False,,,PROJ,False,True,True,False,0.0,,2026-08-28T02:10:00+00:00
ffda42fca05b4ebb8cef6af135f1f8bf,e62dac65ce01,wnba,2026-27,2026-08-20T18:36:49+00:00,2026-08-26,GSV,CON,spread,GSV,,,,,-5.0,projected home margin,,,False,,,PROJ,False,True,,False,-25.0,,2026-08-28T02:10:00+00:00
463a606481f846c3bb1175a15f8bd2de,e62dac65ce01,wnba,2026-27,2026-08-20T18:36:49+00:00,2026-08-26,GSV,CON,total,,,,,,162.9,projected total,,,False,,,PROJ,False,True,,False,153.0,,2026-08-28T02:10:00+00:00
3dca403eac6c4571a21b1bdc6d05f597,e62dac65ce01,wnba,2026-27,2026-08-20T18:36:49+00:00,2026-08-26,TOR,SEA,moneyline,SEA,,,,,0.5887,logistic fit on 268 games,,,False,,,PROJ,False,True,True,False,1.0,,2026-08-28T02:10:00+00:00
ee91d6688a674b89bc6fd2b5e759f6ed,e62dac65ce01,wnba,2026-27,2026-08-20T18:36:49+00:00,2026-08-26,TOR,SEA,spread,SEA,,,,,2.9,projected home margin,,,False,,,PROJ,False,True,,False,12.0,,2026-08-28T02:10:00+00:00
629bb57e09b44552848a560a0b089fd3,e62dac65ce01,wnba,2026-27,2026-08-20T18:36:49+00:00,2026-08-26,TOR,SEA,total,,,,,,174.4,projected total,,,False,,,PROJ,False,True,,False,168.0,,2026-08-28T02:10:00+00:00
f94d2fb761754cf08215966fceb1d0e2,e62dac65ce01,wnba,2026-27,2026-08-20T18:36:49+00:00,2026-08-27,GSV,NYL,moneyline,GSV,,,,,0.6274,logistic fit on 268 games,,,False,,,PROJ,False,True,True,False,0.0,,2026-08-28T02:10:00+00:00
ff89ba70a62b42108962b39df4a91e2b,e62dac65ce01,wnba,2026-27,2026-08-20T18:36:49+00:00,2026-08-27,GSV,NYL,spread,NYL,,,,,0.2,projected home margin,,,False,,,PROJ,False,True,,False,-19.0,,2026-08-28T02:10:00+00:00
741537ec689d472482d9200281625a28,e62dac65ce01,wnba,2026-27,2026-08-20T18:36:49+00:00,2026-08-27,GSV,NYL,total,,,,,,168.3,projected total,,,False,,,PROJ,False,True,,False,139.0,,2026-08-28T02:10:00+00:00
ef3c76253d40483594a0cee36b2a4ea6,e62dac65ce01,wnba,2026-27,2026-08-20T18:36:49+00:00,2026-08-27,WAS,PHX,moneyline,WAS,,,,,0.5941,logistic fit on 268 games,,,False,,,PROJ,False,True,True,False,0.0,,2026-08-29T01:44:31+00:00
d6b7fe3545c34c478ad48d104bbb8e3e,e62dac65ce01,wnba,2026-27,2026-08-20T18:36:49+00:00,2026-08-27,WAS,PHX,spread,PHX,,,,,0.6,projected home margin,,,False,,,PROJ,False,True,,False,-7.0,,2026-08-29T01:44:31+00:00
3e265e4a6b3d438181862ba8e5314bf6,e62dac65ce01,wnba,2026-27,2026-08-20T18:36:49+00:00,2026-08-27,WAS,PHX,total,,,,,,167.8,projected total,,,False,,,PROJ,False,True,,False,153.0,,2026-08-29T01:44:31+00:00
cc46f709f6be44559bc7c042121e8713,e62dac65ce01,wnba,2026-27,2026-08-20T18:36:49+00:00,2026-08-28,PDX,ATL,moneyline,ATL,,,,,0.8089,logistic fit on 268 games,,,False,,,PROJ,False,True,False,False,0.0,,2026-08-29T01:44:31+00:00
930c24c1e7734950b98a684c07ac294f,e62dac65ce01,wnba,2026-27,2026-08-20T18:36:49+00:00,2026-08-28,PDX,ATL,spread,ATL,,,,,6.4,projected home margin,,,False,,,PROJ,False,True,,False,-18.0,,2026-08-29T01:44:31+00:00
5848978f153f4adda0362df45d077815,e62dac65ce01,wnba,2026-27,2026-08-20T18:36:49+00:00,2026-08-28,PDX,ATL,total,,,,,,176.8,projected total,,,False,,,PROJ,False,True,,False,184.0,,2026-08-29T01:44:31+00:00
f4da367d25734ea7b06b527aa876d9ba,e62dac65ce01,wnba,2026-27,2026-08-20T18:36:49+00:00,2026-08-28,CON,IND,moneyline,IND,,,,,0.9021,logistic fit on 268 games,,,False,,,PROJ,False,True,True,False,1.0,,2026-08-29T01:44:31+00:00
f0b1804d60664f12b65cc0cad96199bf,e62dac65ce01,wnba,2026-27,2026-08-20T18:36:49+00:00,2026-08-28,CON,IND,spread,IND,,,,,8.9,projected home margin,,,False,,,PROJ,False,True,,False,20.0,,2026-08-29T01:44:31+00:00
cfd18a61e3e9436188dbaae67d21fa1a,e62dac65ce01,wnba,2026-27,2026-08-20T18:36:49+00:00,2026-08-28,CON,IND,total,,,,,,176.3,projected total,,,False,,,PROJ,False,True,,False,202.0,,2026-08-29T01:44:31+00:00
6234758851c24b66bfef295fa84bdb84,e62dac65ce01,wnba,2026-27,2026-08-20T18:36:49+00:00,2026-08-28,TOR,LVA,moneyline,LVA,,,,,0.8332,logistic fit on 268 games,,,False,,,PROJ,False,True,True,False,1.0,,2026-08-29T04:22:26+00:00
37917330b7814092a152f838e10ee6b1,e62dac65ce01,wnba,2026-27,2026-08-20T18:36:49+00:00,2026-08-28,TOR,LVA,spread,LVA,,,,,6.9,projected home margin,,,False,,,PROJ,False,True,,False,20.0,,2026-08-29T04:22:26+00:00
ac98b43904a447ae924a80d5ec2071a2,e62dac65ce01,wnba,2026-27,2026-08-20T18:36:49+00:00,2026-08-28,TOR,LVA,total,,,,,,177.6,projected total,,,False,,,PROJ,False,True,,False,166.0,,2026-08-29T04:22:26+00:00
22008566fd894630bbdd18de46ba1b0e,e62dac65ce01,wnba,2026-27,2026-08-20T18:36:49+00:00,2026-08-28,WAS,LAS,moneyline,WAS,,,,,0.6334,logistic fit on 268 games,,,False,,,PROJ,False,True,False,False,1.0,,2026-08-29T04:22:26+00:00
fa174808af394f2fa6796362cd98820c,e62dac65ce01,wnba,2026-27,2026-08-20T18:36:49+00:00,2026-08-28,WAS,LAS,spread,PUSH,,,,,0.0,projected home margin,,,False,,,PROJ,False,True,,False,6.0,,2026-08-29T04:22:26+00:00
8584599d19994bb0ae60b44c650ca316,e62dac65ce01,wnba,2026-27,2026-08-20T18:36:49+00:00,2026-08-28,WAS,LAS,total,,,,,,172.4,projected total,,,False,,,PROJ,False,True,,False,170.0,,2026-08-29T04:22:26+00:00
549d1fba5c614faaa76bedc72327252b,e62dac65ce01,wnba,2026-27,2026-08-20T18:36:49+00:00,2026-08-29,CHI,NYL,moneyline,NYL,,,,,0.6911,logistic fit on 268 games,,,False,,,PROJ,False,True,True,False,1.0,,2026-08-29T20:53:10+00:00
f1e790b3c1a64915affefdb630842c14,e62dac65ce01,wnba,2026-27,2026-08-20T18:36:49+00:00,2026-08-29,CHI,NYL,spread,NYL,,,,,4.4,projected home margin,,,False,,,PROJ,False,True,,False,19.0,,2026-08-29T20:53:10+00:00
fa5a6a0cc45049caa961c047e847fbc2,e62dac65ce01,wnba,2026-27,2026-08-20T18:36:49+00:00,2026-08-29,CHI,NYL,total,,,,,,177.4,projected total,,,False,,,PROJ,False,True,,False,151.0,,2026-08-29T20:53:10+00:00
147e5440156a4ec0b820496f26242c95,e62dac65ce01,wnba,2026-27,2026-08-20T18:36:49+00:00,2026-08-29,TOR,PHX,moneyline,PHX,,,,,0.643,logistic fit on 268 games,,,False,,,PROJ,False,True,True,False,1.0,,2026-08-30T17:47:32+00:00
b7f1c6d3aea44eec87cb3e5f45148964,e62dac65ce01,wnba,2026-27,2026-08-20T18:36:49+00:00,2026-08-29,TOR,PHX,spread,PHX,,,,,3.6,projected home margin,,,False,,,PROJ,False,True,,False,32.0,,2026-08-30T17:47:32+00:00
142c5a99b46a409cbfef4c7e7af036b2,e62dac65ce01,wnba,2026-27,2026-08-20T18:36:49+00:00,2026-08-29,TOR,PHX,total,,,,,,176.6,projected total,,,False,,,PROJ,False,True,,False,170.0,,2026-08-30T17:47:32+00:00
47528bd616c142bdb9e19adcd1720e6e,46d1d9452070,wnba,2026-27,2026-08-20T21:10:34+00:00,2026-08-20,IND,DAL,moneyline,IND,,-143.0,145.0,bovada,0.6422,logistic fit on 268 games,0.6422,0.5905,True,0.0517,Standard,PLAY,True,True,False,False,1.0,,2026-08-21T16:55:16+00:00
8642af07408b4e47a6c43e1a1a12e008,46d1d9452070,wnba,2026-27,2026-08-20T21:10:34+00:00,2026-08-20,IND,DAL,spread,DAL,3.0,-108.0,-108.0,lowvig,-0.1,projected home margin,0.5955,0.5,True,0.0955,Strong,PLAY,True,True,True,False,6.0,,2026-08-21T16:55:16+00:00
1688483968534ead9eb4cab2ac6d04a1,46d1d9452070,wnba,2026-27,2026-08-20T21:10:34+00:00,2026-08-20,IND,DAL,total,UNDER,184.5,-105.0,-108.0,lowvig,180.7,projected total,0.6243,0.4966,True,0.1277,Strong,PLAY,True,True,True,False,176.0,,2026-08-21T16:55:16+00:00
df72aeca192646efa4d4916e5096f62c,46d1d9452070,wnba,2026-27,2026-08-20T21:10:34+00:00,2026-08-20,CON,LVA,moneyline,LVA,,-950.0,800.0,bovada,0.8485,logistic fit on 268 games,0.8485,0.8906,True,-0.0421,Pass,PASS,True,True,True,False,1.0,,2026-08-21T16:55:16+00:00
cf941d07afa3465f9570439bcdbc1ff4,46d1d9452070,wnba,2026-27,2026-08-20T21:10:34+00:00,2026-08-20,CON,LVA,spread,CON,-14.5,-108.0,-105.0,draftkings,7.2,projected home margin,0.7285,0.5034,True,0.2251,Review,REVIEW,True,True,False,False,23.0,,2026-08-21T16:55:16+00:00
0ff50f86cc4040bd9e194c855240437d,46d1d9452070,wnba,2026-27,2026-08-20T21:10:34+00:00,2026-08-20,CON,LVA,total,OVER,167.5,-110.0,-105.0,mybookieag,169.7,projected total,0.5727,0.5056,True,0.0671,Standard,PLAY,True,True,True,False,179.0,,2026-08-21T16:55:16+00:00
671485bb516c4e85a1580561a35b41ff,46d1d9452070,wnba,2026-27,2026-08-20T21:10:34+00:00,2026-08-20,ATL,LAS,moneyline,ATL,,-380.0,340.0,mybookieag,0.8024,logistic fit on 268 games,0.8024,0.777,True,0.0254,Lean,PLAY,True,True,True,False,0.0,,2026-08-21T16:55:16+00:00
0f5e1c87c5c74236b0dcf9605cbe9352,46d1d9452070,wnba,2026-27,2026-08-20T21:10:34+00:00,2026-08-20,ATL,LAS,spread,LAS,8.5,-104.0,-110.0,fanduel,-2.7,projected home margin,0.6856,0.4932,True,0.1923,Review,REVIEW,True,True,False,False,-36.0,,2026-08-21T16:55:16+00:00
2cdd7bbcce4a4f09bae7e7d559b25281,46d1d9452070,wnba,2026-27,2026-08-20T21:10:34+00:00,2026-08-20,ATL,LAS,total,UNDER,180.5,-108.0,-108.0,draftkings,178.2,projected total,0.576,0.5,True,0.076,Standard,PLAY,True,True,False,False,212.0,,2026-08-21T16:55:16+00:00
77a9a6ee13bd48368b6a130a4e22ef5a,46d1d9452070,wnba,2026-27,2026-08-20T21:10:34+00:00,2026-08-21,MIN,WAS,moneyline,MIN,,-164.0,185.0,draftkings,0.8044,logistic fit on 268 games,0.8044,0.639,True,0.1654,Review,REVIEW,True,True,True,False,0.0,,2026-08-22T15:20:45+00:00
c35c83658c1943068fc93e1f7eb17fb8,46d1d9452070,wnba,2026-27,2026-08-20T21:10:34+00:00,2026-08-21,MIN,WAS,spread,WAS,3.5,-103.0,-112.0,lowvig,-2.7,projected home margin,0.5266,0.4899,True,0.0367,Lean,PLAY,True,True,False,False,-10.0,,2026-08-22T15:20:45+00:00
521b962ab26842c9b6ed72b308631b15,46d1d9452070,wnba,2026-27,2026-08-20T21:10:34+00:00,2026-08-21,MIN,WAS,total,OVER,163.5,-106.0,-105.0,fanduel,170.2,projected total,0.7117,0.5012,True,0.2105,Review,REVIEW,True,True,True,False,178.0,,2026-08-22T15:20:45+00:00
2e348aad73c04680953e257317cfa936,46d1d9452070,wnba,2026-27,2026-08-20T21:10:34+00:00,2026-08-21,GSV,CHI,moneyline,GSV,,-225.0,210.0,draftkings,0.7814,logistic fit on 268 games,0.7814,0.6822,True,0.0992,Strong,PLAY,True,True,False,False,1.0,,2026-08-22T15:20:45+00:00
43d3413cf254421bb63140b08edc5b21,46d1d9452070,wnba,2026-27,2026-08-20T21:10:34+00:00,2026-08-21,GSV,CHI,spread,CHI,6.0,-108.0,-108.0,lowvig,-2.2,projected home margin,0.6243,0.5,True,0.1243,Strong,PLAY,True,True,True,False,3.0,,2026-08-22T15:20:45+00:00
eeadf09bf1f34a21badcae7f94205c0d,46d1d9452070,wnba,2026-27,2026-08-20T21:10:34+00:00,2026-08-21,GSV,CHI,total,OVER,162.5,-108.0,-108.0,lowvig,168.4,projected total,0.6885,0.5,True,0.1885,Review,REVIEW,True,True,False,False,143.0,,2026-08-22T15:20:45+00:00
6d341f379cee459ead360b14b3b39843,46d1d9452070,wnba,2026-27,2026-08-20T21:10:34+00:00,2026-08-21,PDX,TOR,moneyline,PDX,,-106.0,105.0,draftkings,0.5941,logistic fit on 268 games,0.5941,0.5133,True,0.0808,Strong,PLAY,True,True,False,False,1.0,,2026-08-22T15:20:45+00:00
aa44491cdd1a4ec0865e8b132508af5d,46d1d9452070,wnba,2026-27,2026-08-20T21:10:34+00:00,2026-08-21,PDX,TOR,spread,TOR,1.5,-108.0,-103.0,lowvig,0.6,projected home margin,0.5695,0.5058,True,0.0637,Standard,PLAY,True,True,True,False,3.0,,2026-08-22T15:20:45+00:00
4ea1b7d8bad242aeb8de22fb4d48366e,46d1d9452070,wnba,2026-27,2026-08-20T21:10:34+00:00,2026-08-21,PDX,TOR,total,UNDER,186.5,-108.0,-108.0,lowvig,179.9,projected total,0.7088,0.5,True,0.2088,Review,REVIEW,True,True,True,False,161.0,,2026-08-22T15:20:45+00:00
b71aaa3eb2684741a703285b51e53d67,46d1d9452070,wnba,2026-27,2026-08-20T21:10:34+00:00,2026-08-22,IND,NYL,moneyline,IND,,,,,0.6063,logistic fit on 268 games,,,False,,,PROJ,False,True,False,False,1.0,,2026-08-23T16:18:07+00:00
ab270abd33694fc5bf218f391aba6d70,46d1d9452070,wnba,2026-27,2026-08-20T21:10:34+00:00,2026-08-22,IND,NYL,spread,NYL,,,,,0.4,projected home margin,,,False,,,PROJ,False,True,,False,7.0,,2026-08-23T16:18:07+00:00
6a8fcec577414243a70c9b11f25dd010,46d1d9452070,wnba,2026-27,2026-08-20T21:10:34+00:00,2026-08-22,IND,NYL,total,,,,,,182.0,projected total,,,False,,,PROJ,False,True,,False,211.0,,2026-08-23T16:18:07+00:00
3fb8834cc725467ca9b6159620f61cd1,46d1d9452070,wnba,2026-27,2026-08-20T21:10:34+00:00,2026-08-22,CON,LAS,moneyline,LAS,,,,,0.6312,logistic fit on 268 games,,,False,,,PROJ,False,True,True,False,1.0,,2026-08-23T16:18:07+00:00
0a6c652b0ee647e1861d3800ce429c6f,46d1d9452070,wnba,2026-27,2026-08-20T21:10:34+00:00,2026-08-22,CON,LAS,spread,LAS,,,,,3.5,projected home margin,,,False,,,PROJ,False,True,,False,9.0,,2026-08-23T16:18:07+00:00
45e7e1125e034d5a90518b10352fd8ee,46d1d9452070,wnba,2026-27,2026-08-20T21:10:34+00:00,2026-08-22,CON,LAS,total,,,,,,173.3,projected total,,,False,,,PROJ,False,True,,False,145.0,,2026-08-23T16:18:07+00:00
f56a169dcd674839b0215c70325d7fdc,46d1d9452070,wnba,2026-27,2026-08-20T21:10:34+00:00,2026-08-22,ATL,PHX,moneyline,ATL,,,,,0.7748,logistic fit on 268 games,,,False,,,PROJ,False,True,True,False,0.0,,2026-08-23T16:18:07+00:00
aae42249ac994a4d884162191c5fba09,46d1d9452070,wnba,2026-27,2026-08-20T21:10:34+00:00,2026-08-22,ATL,PHX,spread,ATL,,,,,-2.1,projected home margin,,,False,,,PROJ,False,True,,False,-10.0,,2026-08-23T16:18:07+00:00
6be4edf29735440aab55cd2c24667c43,46d1d9452070,wnba,2026-27,2026-08-20T21:10:34+00:00,2026-08-22,ATL,PHX,total,,,,,,173.5,projected total,,,False,,,PROJ,False,True,,False,188.0,,2026-08-23T16:18:07+00:00
ff086298f90a42c9b42a3fdfafc509b5,46d1d9452070,wnba,2026-27,2026-08-20T21:10:34+00:00,2026-08-23,SEA,DAL,moneyline,DAL,,,,,0.7617,logistic fit on 268 games,,,False,,,PROJ,False,True,True,False,1.0,,2026-08-24T18:24:26+00:00
f107dad5a5b046de9b43559dcf2f1df8,46d1d9452070,wnba,2026-27,2026-08-20T21:10:34+00:00,2026-08-23,SEA,DAL,spread,DAL,,,,,5.4,projected home margin,,,False,,,PROJ,False,True,,False,22.0,,2026-08-24T18:24:26+00:00
b3bff3a870084f23bf534f9710e5a8f2,46d1d9452070,wnba,2026-27,2026-08-20T21:10:34+00:00,2026-08-23,SEA,DAL,total,,,,,,170.8,projected total,,,False,,,PROJ,False,True,,False,162.0,,2026-08-24T18:24:26+00:00
e316c22f46294aae8f32aaacca55d3af,46d1d9452070,wnba,2026-27,2026-08-20T21:10:34+00:00,2026-08-23,IND,CHI,moneyline,IND,,,,,0.7657,logistic fit on 268 games,,,False,,,PROJ,False,True,True,False,0.0,,2026-08-24T18:24:26+00:00
29cac8c995eb4d358bdddc2eaeda0c4c,46d1d9452070,wnba,2026-27,2026-08-20T21:10:34+00:00,2026-08-23,IND,CHI,spread,IND,,,,,-2.1,projected home margin,,,False,,,PROJ,False,True,,False,-23.0,,2026-08-24T18:24:26+00:00
70ca3adb93d544b1bd540ed5d293399b,46d1d9452070,wnba,2026-27,2026-08-20T21:10:34+00:00,2026-08-23,IND,CHI,total,,,,,,182.0,projected total,,,False,,,PROJ,False,True,,False,203.0,,2026-08-24T18:24:26+00:00
c65d583c57b8430a84e2c828d68a05c5,46d1d9452070,wnba,2026-27,2026-08-20T21:10:34+00:00,2026-08-23,WAS,PDX,moneyline,WAS,,,,,0.6184,logistic fit on 268 games,,,False,,,PROJ,False,True,True,False,0.0,,2026-08-24T18:24:26+00:00
0729dbd63ca74740a0c29f5d7d7618bb,46d1d9452070,wnba,2026-27,2026-08-20T21:10:34+00:00,2026-08-23,WAS,PDX,spread,PDX,,,,,0.3,projected home margin,,,False,,,PROJ,False,True,,False,-5.0,,2026-08-24T18:24:26+00:00
8d218f0016d24f20bf500012fe7c6a31,46d1d9452070,wnba,2026-27,2026-08-20T21:10:34+00:00,2026-08-23,WAS,PDX,total,,,,,,171.0,projected total,,,False,,,PROJ,False,True,,False,205.0,,2026-08-24T18:24:26+00:00
667a085c44b9401aaa82db3f11844a5c,46d1d9452070,wnba,2026-27,2026-08-20T21:10:34+00:00,2026-08-23,LVA,TOR,moneyline,LVA,,,,,0.818,logistic fit on 268 games,,,False,,,PROJ,False,True,True,False,0.0,,2026-08-24T18:24:26+00:00
4d3143e26382482e99f255f5f3428a13,46d1d9452070,wnba,2026-27,2026-08-20T21:10:34+00:00,2026-08-23,LVA,TOR,spread,LVA,,,,,-3.0,projected home margin,,,False,,,PROJ,False,True,,False,-10.0,,2026-08-24T18:24:26+00:00
d879a90f7a2e40eeb2681b9e8e228c4e,46d1d9452070,wnba,2026-27,2026-08-20T21:10:34+00:00,2026-08-23,LVA,TOR,total,,,,,,177.6,projected total,,,False,,,PROJ,False,True,,False,166.0,,2026-08-24T18:24:26+00:00
5d72051c825f400da17d9959dc7e2cdf,46d1d9452070,wnba,2026-27,2026-08-20T21:10:34+00:00,2026-08-24,GSV,MIN,moneyline,MIN,,,,,0.5856,logistic fit on 268 games,,,False,,,PROJ,False,True,False,False,0.0,,2026-08-26T17:34:55+00:00
aed195c225b34ae1b7695df5945761e5,46d1d9452070,wnba,2026-27,2026-08-20T21:10:34+00:00,2026-08-24,GSV,MIN,spread,MIN,,,,,2.8,projected home margin,,,False,,,PROJ,False,True,,False,-14.0,,2026-08-26T17:34:55+00:00
ed45cec26cb14a84b9fe56cdef4c1d1a,46d1d9452070,wnba,2026-27,2026-08-20T21:10:34+00:00,2026-08-24,GSV,MIN,total,,,,,,167.7,projected total,,,False,,,PROJ,False,True,,False,146.0,,2026-08-26T17:34:55+00:00
d69a95d39b444957b1c83fe66b0e69b7,46d1d9452070,wnba,2026-27,2026-08-20T21:10:34+00:00,2026-08-24,ATL,LAS,moneyline,ATL,,,,,0.8024,logistic fit on 268 games,,,False,,,PROJ,False,True,True,False,0.0,,2026-08-26T17:34:55+00:00
3760672a6751443ba60577a398edeb6c,46d1d9452070,wnba,2026-27,2026-08-20T21:10:34+00:00,2026-08-24,ATL,LAS,spread,ATL,,,,,-2.7,projected home margin,,,False,,,PROJ,False,True,,False,-7.0,,2026-08-26T17:34:55+00:00
bb30a01d2590422ea861bd57aea76bad,46d1d9452070,wnba,2026-27,2026-08-20T21:10:34+00:00,2026-08-24,ATL,LAS,total,,,,,,178.2,projected total,,,False,,,PROJ,False,True,,False,149.0,,2026-08-26T17:34:55+00:00
d83adbf6034542e5af332a30176764f7,46d1d9452070,wnba,2026-27,2026-08-20T21:10:34+00:00,2026-08-25,CHI,CON,moneyline,CHI,,,,,0.7065,logistic fit on 268 games,,,False,,,PROJ,False,True,False,False,1.0,,2026-08-26T17:34:55+00:00
6b395a076ccd4b01a0871d9385356805,46d1d9452070,wnba,2026-27,2026-08-20T21:10:34+00:00,2026-08-25,CHI,CON,spread,CHI,,,,,-1.0,projected home margin,,,False,,,PROJ,False,True,,False,6.0,,2026-08-26T17:34:55+00:00
0f5a60e48e234df4846a82ac8c6a3416,46d1d9452070,wnba,2026-27,2026-08-20T21:10:34+00:00,2026-08-25,CHI,CON,total,,,,,,171.7,projected total,,,False,,,PROJ,False,True,,False,168.0,,2026-08-26T17:34:55+00:00
8d93c7b8620c4a37b0eee7570ab0ae19,46d1d9452070,wnba,2026-27,2026-08-20T21:10:34+00:00,2026-08-25,PDX,DAL,moneyline,DAL,,,,,0.7378,logistic fit on 268 games,,,False,,,PROJ,False,True,True,False,1.0,,2026-08-26T17:34:55+00:00
d7d358a8c8dc4c3196e8cced7b4fb98c,46d1d9452070,wnba,2026-27,2026-08-20T21:10:34+00:00,2026-08-25,PDX,DAL,spread,DAL,,,,,5.1,projected home margin,,,False,,,PROJ,False,True,,False,18.0,,2026-08-26T17:34:55+00:00
83af6c1857cc4d4caee9a105675520c4,46d1d9452070,wnba,2026-27,2026-08-20T21:10:34+00:00,2026-08-25,PDX,DAL,total,,,,,,176.2,projected total,,,False,,,PROJ,False,True,,False,174.0,,2026-08-26T17:34:55+00:00
96ee60381fc4404d860f61a3f2514456,46d1d9452070,wnba,2026-27,2026-08-20T21:10:34+00:00,2026-08-25,WAS,PHX,moneyline,WAS,,,,,0.5941,logistic fit on 268 games,,,False,,,PROJ,False,True,True,False,0.0,,2026-08-26T17:34:55+00:00
0ba015bbe4c9481e98b07fe47a7d6f6e,46d1d9452070,wnba,2026-27,2026-08-20T21:10:34+00:00,2026-08-25,WAS,PHX,spread,PHX,,,,,0.6,projected home margin,,,False,,,PROJ,False,True,,False,-10.0,,2026-08-26T17:34:55+00:00
f77103831723408cb87137611c7bf7e2,46d1d9452070,wnba,2026-27,2026-08-20T21:10:34+00:00,2026-08-25,WAS,PHX,total,,,,,,167.8,projected total,,,False,,,PROJ,False,True,,False,178.0,,2026-08-26T17:34:55+00:00
ea3545f3ab5c4b82a214ad9b71d44e24,46d1d9452070,wnba,2026-27,2026-08-20T21:10:34+00:00,2026-08-26,GSV,CON,moneyline,GSV,,,,,0.9007,logistic fit on 268 games,,,False,,,PROJ,False,True,True,False,0.0,,2026-08-28T02:10:00+00:00
6f102bbc09dc4770a18c5464f1d30206,46d1d9452070,wnba,2026-27,2026-08-20T21:10:34+00:00,2026-08-26,GSV,CON,spread,GSV,,,,,-5.0,projected home margin,,,False,,,PROJ,False,True,,False,-25.0,,2026-08-28T02:10:00+00:00
0310e12882e040759e605d54480bd34a,46d1d9452070,wnba,2026-27,2026-08-20T21:10:34+00:00,2026-08-26,GSV,CON,total,,,,,,162.9,projected total,,,False,,,PROJ,False,True,,False,153.0,,2026-08-28T02:10:00+00:00
612718a2792c4ced9a87c992e52064a7,46d1d9452070,wnba,2026-27,2026-08-20T21:10:34+00:00,2026-08-26,TOR,SEA,moneyline,SEA,,,,,0.5887,logistic fit on 268 games,,,False,,,PROJ,False,True,True,False,1.0,,2026-08-28T02:10:00+00:00
fbb0656e0bf2431494bfe080f0eca47f,46d1d9452070,wnba,2026-27,2026-08-20T21:10:34+00:00,2026-08-26,TOR,SEA,spread,SEA,,,,,2.9,projected home margin,,,False,,,PROJ,False,True,,False,12.0,,2026-08-28T02:10:00+00:00
20de8172068f49aaa14f9ebc0431cd20,46d1d9452070,wnba,2026-27,2026-08-20T21:10:34+00:00,2026-08-26,TOR,SEA,total,,,,,,174.4,projected total,,,False,,,PROJ,False,True,,False,168.0,,2026-08-28T02:10:00+00:00
c4d3221a7c714a2a8eda244ec30129e4,46d1d9452070,wnba,2026-27,2026-08-20T21:10:34+00:00,2026-08-27,GSV,NYL,moneyline,GSV,,,,,0.6274,logistic fit on 268 games,,,False,,,PROJ,False,True,True,False,0.0,,2026-08-28T02:10:00+00:00
05d91af8cfe54d4fab648ea1150bdc0a,46d1d9452070,wnba,2026-27,2026-08-20T21:10:34+00:00,2026-08-27,GSV,NYL,spread,NYL,,,,,0.2,projected home margin,,,False,,,PROJ,False,True,,False,-19.0,,2026-08-28T02:10:00+00:00
32386d1237fb416bba66dd94281cb96d,46d1d9452070,wnba,2026-27,2026-08-20T21:10:34+00:00,2026-08-27,GSV,NYL,total,,,,,,168.3,projected total,,,False,,,PROJ,False,True,,False,139.0,,2026-08-28T02:10:00+00:00
fb989e59f86d42cca7135cd611ca4c7a,46d1d9452070,wnba,2026-27,2026-08-20T21:10:34+00:00,2026-08-27,WAS,PHX,moneyline,WAS,,,,,0.5941,logistic fit on 268 games,,,False,,,PROJ,False,True,True,False,0.0,,2026-08-29T01:44:31+00:00
19be259e37d043f5967e0101cb48525d,46d1d9452070,wnba,2026-27,2026-08-20T21:10:34+00:00,2026-08-27,WAS,PHX,spread,PHX,,,,,0.6,projected home margin,,,False,,,PROJ,False,True,,False,-7.0,,2026-08-29T01:44:31+00:00
bfca57738b9043e0abc3df8be089d9a9,46d1d9452070,wnba,2026-27,2026-08-20T21:10:34+00:00,2026-08-27,WAS,PHX,total,,,,,,167.8,projected total,,,False,,,PROJ,False,True,,False,153.0,,2026-08-29T01:44:31+00:00
4961b6617eb84336b5e50bce4704572e,46d1d9452070,wnba,2026-27,2026-08-20T21:10:34+00:00,2026-08-28,PDX,ATL,moneyline,ATL,,,,,0.8089,logistic fit on 268 games,,,False,,,PROJ,False,True,False,False,0.0,,2026-08-29T01:44:31+00:00
d8c9f1ffa0344c618b44266e21d6e2b8,46d1d9452070,wnba,2026-27,2026-08-20T21:10:34+00:00,2026-08-28,PDX,ATL,spread,ATL,,,,,6.4,projected home margin,,,False,,,PROJ,False,True,,False,-18.0,,2026-08-29T01:44:31+00:00
349798999a4644138c1a7f5223939098,46d1d9452070,wnba,2026-27,2026-08-20T21:10:34+00:00,2026-08-28,PDX,ATL,total,,,,,,176.8,projected total,,,False,,,PROJ,False,True,,False,184.0,,2026-08-29T01:44:31+00:00
815dacbd8c2248b59aa31a2aaf05feb7,46d1d9452070,wnba,2026-27,2026-08-20T21:10:34+00:00,2026-08-28,CON,IND,moneyline,IND,,,,,0.9021,logistic fit on 268 games,,,False,,,PROJ,False,True,True,False,1.0,,2026-08-29T01:44:31+00:00
9b32037e7d064486bb82af6b07f1fcb8,46d1d9452070,wnba,2026-27,2026-08-20T21:10:34+00:00,2026-08-28,CON,IND,spread,IND,,,,,8.9,projected home margin,,,False,,,PROJ,False,True,,False,20.0,,2026-08-29T01:44:31+00:00
479fd63a9ec240828b2b94053b1d2682,46d1d9452070,wnba,2026-27,2026-08-20T21:10:34+00:00,2026-08-28,CON,IND,total,,,,,,176.3,projected total,,,False,,,PROJ,False,True,,False,202.0,,2026-08-29T01:44:31+00:00
d66bcd8cad3241e79de9f636c346bfe2,46d1d9452070,wnba,2026-27,2026-08-20T21:10:34+00:00,2026-08-28,TOR,LVA,moneyline,LVA,,,,,0.8332,logistic fit on 268 games,,,False,,,PROJ,False,True,True,False,1.0,,2026-08-29T04:22:26+00:00
635fce0474054797b3841fea55ca0ca4,46d1d9452070,wnba,2026-27,2026-08-20T21:10:34+00:00,2026-08-28,TOR,LVA,spread,LVA,,,,,6.9,projected home margin,,,False,,,PROJ,False,True,,False,20.0,,2026-08-29T04:22:26+00:00
ad1b211f6d9b4ea4985d25345ec5f407,46d1d9452070,wnba,2026-27,2026-08-20T21:10:34+00:00,2026-08-28,TOR,LVA,total,,,,,,177.6,projected total,,,False,,,PROJ,False,True,,False,166.0,,2026-08-29T04:22:26+00:00
d881b4847e974b69ab9357babc2fac0b,46d1d9452070,wnba,2026-27,2026-08-20T21:10:34+00:00,2026-08-28,WAS,LAS,moneyline,WAS,,,,,0.6334,logistic fit on 268 games,,,False,,,PROJ,False,True,False,False,1.0,,2026-08-29T04:22:26+00:00
fea4fda378834a15bc7efaf8619d6616,46d1d9452070,wnba,2026-27,2026-08-20T21:10:34+00:00,2026-08-28,WAS,LAS,spread,PUSH,,,,,0.0,projected home margin,,,False,,,PROJ,False,True,,False,6.0,,2026-08-29T04:22:26+00:00
aa45361245d94fb7a88b7b4430c02fa8,46d1d9452070,wnba,2026-27,2026-08-20T21:10:34+00:00,2026-08-28,WAS,LAS,total,,,,,,172.4,projected total,,,False,,,PROJ,False,True,,False,170.0,,2026-08-29T04:22:26+00:00
5e482881fcf140ff9223008761f3bcef,46d1d9452070,wnba,2026-27,2026-08-20T21:10:34+00:00,2026-08-29,CHI,NYL,moneyline,NYL,,,,,0.6911,logistic fit on 268 games,,,False,,,PROJ,False,True,True,False,1.0,,2026-08-29T20:53:10+00:00
86b061ce080a46ef91cf217a541977e1,46d1d9452070,wnba,2026-27,2026-08-20T21:10:34+00:00,2026-08-29,CHI,NYL,spread,NYL,,,,,4.4,projected home margin,,,False,,,PROJ,False,True,,False,19.0,,2026-08-29T20:53:10+00:00
a32aaf498c0c41f9a97e17c9323343f5,46d1d9452070,wnba,2026-27,2026-08-20T21:10:34+00:00,2026-08-29,CHI,NYL,total,,,,,,177.4,projected total,,,False,,,PROJ,False,True,,False,151.0,,2026-08-29T20:53:10+00:00
ae0b85ba3a3e4a16b682031ab788de47,46d1d9452070,wnba,2026-27,2026-08-20T21:10:34+00:00,2026-08-29,TOR,PHX,moneyline,PHX,,,,,0.643,logistic fit on 268 games,,,False,,,PROJ,False,True,True,False,1.0,,2026-08-30T17:47:32+00:00
a51f870a9a82428d9c2e64c530480126,46d1d9452070,wnba,2026-27,2026-08-20T21:10:34+00:00,2026-08-29,TOR,PHX,spread,PHX,,,,,3.6,projected home margin,,,False,,,PROJ,False,True,,False,32.0,,2026-08-30T17:47:32+00:00
bcc1c132066144c5b30b54529225f793,46d1d9452070,wnba,2026-27,2026-08-20T21:10:34+00:00,2026-08-29,TOR,PHX,total,,,,,,176.6,projected total,,,False,,,PROJ,False,True,,False,170.0,,2026-08-30T17:47:32+00:00
5e22a6ed09bb4c79ab0908d54b8b5e3e,d1a873ca9bc9,wnba,2026-27,2026-08-21T16:55:38+00:00,2026-08-21,MIN,WAS,moneyline,MIN,,-135.0,185.0,draftkings,0.8045,logistic fit on 271 games,0.8045,0.6208,True,0.1837,Review,REVIEW,True,True,True,False,0.0,,2026-08-22T15:20:45+00:00
ee1bd30eb9f942528f5e762c58801cbe,d1a873ca9bc9,wnba,2026-27,2026-08-21T16:55:38+00:00,2026-08-21,MIN,WAS,spread,MIN,2.5,-105.0,-108.0,lowvig,-2.7,projected home margin,0.5066,0.4966,True,0.0101,Pass,PASS,True,True,True,False,-10.0,,2026-08-22T15:20:45+00:00
0a0a55e608f94c41b9da12fa7b288fb9,d1a873ca9bc9,wnba,2026-27,2026-08-21T16:55:38+00:00,2026-08-21,MIN,WAS,total,OVER,163.5,-106.0,-105.0,fanduel,170.2,projected total,0.7117,0.5012,True,0.2105,Review,REVIEW,True,True,True,False,178.0,,2026-08-22T15:20:45+00:00
661770ca1f544b8ba5609fe71440c87a,d1a873ca9bc9,wnba,2026-27,2026-08-21T16:55:38+00:00,2026-08-21,GSV,CHI,moneyline,GSV,,-225.0,222.0,lowvig,0.7814,logistic fit on 271 games,0.7814,0.6903,True,0.0911,Strong,PLAY,True,True,False,False,1.0,,2026-08-22T15:20:45+00:00
f2ef123a76b044ef906b29161ef2cb5d,d1a873ca9bc9,wnba,2026-27,2026-08-21T16:55:38+00:00,2026-08-21,GSV,CHI,spread,CHI,6.5,-108.0,-105.0,draftkings,-2.2,projected home margin,0.64,0.5034,True,0.1365,Strong,PLAY,True,True,True,False,3.0,,2026-08-22T15:20:45+00:00
b5e635bc15f84d52a4694f8d53b89000,d1a873ca9bc9,wnba,2026-27,2026-08-21T16:55:38+00:00,2026-08-21,GSV,CHI,total,OVER,163.5,-105.0,-103.0,fanduel,168.4,projected total,0.6585,0.5024,True,0.1561,Review,REVIEW,True,True,False,False,143.0,,2026-08-22T15:20:45+00:00
4ea1ba8154ac4390963abd9a7ba99049,d1a873ca9bc9,wnba,2026-27,2026-08-21T16:55:38+00:00,2026-08-21,PDX,TOR,moneyline,PDX,,-106.0,135.0,bovada,0.5936,logistic fit on 271 games,0.5936,0.5474,True,0.0462,Standard,PLAY,True,True,False,False,1.0,,2026-08-22T15:20:45+00:00
032fe26267704632ab72067610a08bf5,d1a873ca9bc9,wnba,2026-27,2026-08-21T16:55:38+00:00,2026-08-21,PDX,TOR,spread,TOR,1.5,-108.0,-103.0,lowvig,0.5,projected home margin,0.5662,0.5058,True,0.0604,Standard,PLAY,True,True,True,False,3.0,,2026-08-22T15:20:45+00:00
dd5b8f02729241c9a61ee1672a7eb5bc,d1a873ca9bc9,wnba,2026-27,2026-08-21T16:55:38+00:00,2026-08-21,PDX,TOR,total,UNDER,182.5,-106.0,-108.0,draftkings,179.9,projected total,0.5858,0.4977,True,0.088,Strong,PLAY,True,True,True,False,161.0,,2026-08-22T15:20:45+00:00
882005635c904ccc919c6144ed8f2045,d1a873ca9bc9,wnba,2026-27,2026-08-21T16:55:38+00:00,2026-08-22,IND,NYL,moneyline,IND,,-105.0,102.0,betrivers,0.6059,logistic fit on 271 games,0.6059,0.5085,True,0.0974,Strong,PLAY,True,True,False,False,1.0,,2026-08-23T16:18:07+00:00
9f6fbb1d2e4647c7a7db8c70d16baebc,d1a873ca9bc9,wnba,2026-27,2026-08-21T16:55:38+00:00,2026-08-22,IND,NYL,spread,IND,-1.0,-103.0,-113.0,lowvig,0.3,projected home margin,0.5233,0.4889,True,0.0344,Lean,PLAY,True,True,False,False,7.0,,2026-08-23T16:18:07+00:00
aa631993fe02481fa38b4be9efb98dc4,d1a873ca9bc9,wnba,2026-27,2026-08-21T16:55:38+00:00,2026-08-22,IND,NYL,total,UNDER,187.5,-105.0,-108.0,lowvig,182.0,projected total,0.6766,0.4966,True,0.1801,Review,REVIEW,True,True,False,False,211.0,,2026-08-23T16:18:07+00:00
a315796152bd4f72a59d1aec384a9857,d1a873ca9bc9,wnba,2026-27,2026-08-21T16:55:38+00:00,2026-08-22,CON,LAS,moneyline,LAS,,-142.0,130.0,fanduel,0.6322,logistic fit on 271 games,0.6322,0.5744,True,0.0578,Standard,PLAY,True,True,True,False,1.0,,2026-08-23T16:18:07+00:00
8fb06b7506514b50ada26c81b773d495,d1a873ca9bc9,wnba,2026-27,2026-08-21T16:55:38+00:00,2026-08-22,CON,LAS,spread,LAS,-2.5,-108.0,-108.0,lowvig,3.4,projected home margin,0.5299,0.5,True,0.0299,Lean,PLAY,True,True,True,False,9.0,,2026-08-23T16:18:07+00:00
707ce9942ae844cd8efd0cd5a18ad57f,d1a873ca9bc9,wnba,2026-27,2026-08-21T16:55:38+00:00,2026-08-22,CON,LAS,total,OVER,169.5,-107.0,-106.0,betrivers,173.3,projected total,0.6243,0.5011,True,0.1231,Strong,PLAY,True,True,False,False,145.0,,2026-08-23T16:18:07+00:00
b15a316f68ed468a806ae044164d81f3,d1a873ca9bc9,wnba,2026-27,2026-08-21T16:55:38+00:00,2026-08-22,ATL,PHX,moneyline,ATL,,-205.0,172.0,fanduel,0.7748,logistic fit on 271 games,0.7748,0.6464,True,0.1284,Strong,PLAY,True,True,True,False,0.0,,2026-08-23T16:18:07+00:00
b41d6a4ad7554fdb877a59e49971dd64,d1a873ca9bc9,wnba,2026-27,2026-08-21T16:55:38+00:00,2026-08-22,ATL,PHX,spread,PHX,5.5,-108.0,-108.0,lowvig,-2.2,projected home margin,0.6083,0.5,True,0.1083,Strong,PLAY,True,True,False,False,-10.0,,2026-08-23T16:18:07+00:00
b2a583ccc2274e01b9721a4d514d26ca,d1a873ca9bc9,wnba,2026-27,2026-08-21T16:55:38+00:00,2026-08-22,ATL,PHX,total,UNDER,176.5,-108.0,-108.0,lowvig,173.5,projected total,0.5987,0.5,True,0.0987,Strong,PLAY,True,True,False,False,188.0,,2026-08-23T16:18:07+00:00
f053c76fdb4f41b3a92c8537424c4a9a,d1a873ca9bc9,wnba,2026-27,2026-08-21T16:55:38+00:00,2026-08-23,SEA,DAL,moneyline,DAL,,,,,0.7628,logistic fit on 271 games,,,False,,,PROJ,False,True,True,False,1.0,,2026-08-24T18:24:26+00:00
8ed858be2ed94f37963a1041118d93f7,d1a873ca9bc9,wnba,2026-27,2026-08-21T16:55:38+00:00,2026-08-23,SEA,DAL,spread,DAL,,,,,5.4,projected home margin,,,False,,,PROJ,False,True,,False,22.0,,2026-08-24T18:24:26+00:00
a88416d75af04e31bc8e401942d2647a,d1a873ca9bc9,wnba,2026-27,2026-08-21T16:55:38+00:00,2026-08-23,SEA,DAL,total,,,,,,170.8,projected total,,,False,,,PROJ,False,True,,False,162.0,,2026-08-24T18:24:26+00:00
e2c3f07243d44aad82fecd9029186494,d1a873ca9bc9,wnba,2026-27,2026-08-21T16:55:38+00:00,2026-08-23,IND,CHI,moneyline,IND,,,,,0.7657,logistic fit on 271 games,,,False,,,PROJ,False,True,True,False,0.0,,2026-08-24T18:24:26+00:00
397539e013b44226a225aade00cf26fc,d1a873ca9bc9,wnba,2026-27,2026-08-21T16:55:38+00:00,2026-08-23,IND,CHI,spread,IND,,,,,-2.2,projected home margin,,,False,,,PROJ,False,True,,False,-23.0,,2026-08-24T18:24:26+00:00
60249771de8d465bbe0dc1132f0ebc25,d1a873ca9bc9,wnba,2026-27,2026-08-21T16:55:38+00:00,2026-08-23,IND,CHI,total,,,,,,182.0,projected total,,,False,,,PROJ,False,True,,False,203.0,,2026-08-24T18:24:26+00:00
b35cddc558f04b7784464460f27b751c,d1a873ca9bc9,wnba,2026-27,2026-08-21T16:55:38+00:00,2026-08-23,WAS,PDX,moneyline,WAS,,,,,0.618,logistic fit on 271 games,,,False,,,PROJ,False,True,True,False,0.0,,2026-08-24T18:24:26+00:00
7df4b2fbadb34fc8a5c17f3830525ca4,d1a873ca9bc9,wnba,2026-27,2026-08-21T16:55:38+00:00,2026-08-23,WAS,PDX,spread,PDX,,,,,0.2,projected home margin,,,False,,,PROJ,False,True,,False,-5.0,,2026-08-24T18:24:26+00:00
81a047c7f4134a3db2218a5802b2baf2,d1a873ca9bc9,wnba,2026-27,2026-08-21T16:55:38+00:00,2026-08-23,WAS,PDX,total,,,,,,171.0,projected total,,,False,,,PROJ,False,True,,False,205.0,,2026-08-24T18:24:26+00:00
c879d10db1fd455dbaee403c150d3b9b,d1a873ca9bc9,wnba,2026-27,2026-08-21T16:55:38+00:00,2026-08-23,LVA,TOR,moneyline,LVA,,,,,0.8182,logistic fit on 271 games,,,False,,,PROJ,False,True,True,False,0.0,,2026-08-24T18:24:26+00:00
de9bd038604e48669a140f1895adf00c,d1a873ca9bc9,wnba,2026-27,2026-08-21T16:55:38+00:00,2026-08-23,LVA,TOR,spread,LVA,,,,,-3.0,projected home margin,,,False,,,PROJ,False,True,,False,-10.0,,2026-08-24T18:24:26+00:00
bf294c2447f4437daa450a1ddae8b88a,d1a873ca9bc9,wnba,2026-27,2026-08-21T16:55:38+00:00,2026-08-23,LVA,TOR,total,,,,,,177.6,projected total,,,False,,,PROJ,False,True,,False,166.0,,2026-08-24T18:24:26+00:00
205505eea84c436e859eb1e6d2be2e43,d1a873ca9bc9,wnba,2026-27,2026-08-21T16:55:38+00:00,2026-08-24,GSV,MIN,moneyline,MIN,,,,,0.5866,logistic fit on 271 games,,,False,,,PROJ,False,True,False,False,0.0,,2026-08-26T17:34:55+00:00
426b18f4a26549c7bee6ed2179042b7c,d1a873ca9bc9,wnba,2026-27,2026-08-21T16:55:38+00:00,2026-08-24,GSV,MIN,spread,MIN,,,,,2.8,projected home margin,,,False,,,PROJ,False,True,,False,-14.0,,2026-08-26T17:34:55+00:00
0049c3b8bf784015a567aa3a6da8a019,d1a873ca9bc9,wnba,2026-27,2026-08-21T16:55:38+00:00,2026-08-24,GSV,MIN,total,,,,,,167.7,projected total,,,False,,,PROJ,False,True,,False,146.0,,2026-08-26T17:34:55+00:00
ac24e22570fc47878a2c0ae473b0bb86,d1a873ca9bc9,wnba,2026-27,2026-08-21T16:55:38+00:00,2026-08-24,ATL,LAS,moneyline,ATL,,,,,0.8025,logistic fit on 271 games,,,False,,,PROJ,False,True,True,False,0.0,,2026-08-26T17:34:55+00:00
304f9bfa8c6e47d5b2fcfd8129a492a3,d1a873ca9bc9,wnba,2026-27,2026-08-21T16:55:38+00:00,2026-08-24,ATL,LAS,spread,ATL,,,,,-2.8,projected home margin,,,False,,,PROJ,False,True,,False,-7.0,,2026-08-26T17:34:55+00:00
0ba0514875264b84ad4a2417705cbc8a,d1a873ca9bc9,wnba,2026-27,2026-08-21T16:55:38+00:00,2026-08-24,ATL,LAS,total,,,,,,178.2,projected total,,,False,,,PROJ,False,True,,False,149.0,,2026-08-26T17:34:55+00:00
f8306af1b1664119ba98ad8ae4be8979,d1a873ca9bc9,wnba,2026-27,2026-08-21T16:55:38+00:00,2026-08-25,CHI,CON,moneyline,CHI,,,,,0.7063,logistic fit on 271 games,,,False,,,PROJ,False,True,False,False,1.0,,2026-08-26T17:34:55+00:00
653071034511455593d6c9b262430761,d1a873ca9bc9,wnba,2026-27,2026-08-21T16:55:38+00:00,2026-08-25,CHI,CON,spread,CHI,,,,,-1.1,projected home margin,,,False,,,PROJ,False,True,,False,6.0,,2026-08-26T17:34:55+00:00
669bfdb5866a45159d455c59f3dec85c,d1a873ca9bc9,wnba,2026-27,2026-08-21T16:55:38+00:00,2026-08-25,CHI,CON,total,,,,,,171.7,projected total,,,False,,,PROJ,False,True,,False,168.0,,2026-08-26T17:34:55+00:00
c068d98b0d474c4a8089fc1f89d23af0,d1a873ca9bc9,wnba,2026-27,2026-08-21T16:55:38+00:00,2026-08-25,PDX,DAL,moneyline,DAL,,,,,0.7389,logistic fit on 271 games,,,False,,,PROJ,False,True,True,False,1.0,,2026-08-26T17:34:55+00:00
221d55b592824e15a21e06fbd7a71b17,d1a873ca9bc9,wnba,2026-27,2026-08-21T16:55:38+00:00,2026-08-25,PDX,DAL,spread,DAL,,,,,5.0,projected home margin,,,False,,,PROJ,False,True,,False,18.0,,2026-08-26T17:34:55+00:00
e8036abf4ed2447dae8f32315c51e33e,d1a873ca9bc9,wnba,2026-27,2026-08-21T16:55:38+00:00,2026-08-25,PDX,DAL,total,,,,,,176.2,projected total,,,False,,,PROJ,False,True,,False,174.0,,2026-08-26T17:34:55+00:00
52904fccd2464050a461506d9a1bab06,d1a873ca9bc9,wnba,2026-27,2026-08-21T16:55:38+00:00,2026-08-25,WAS,PHX,moneyline,WAS,,,,,0.5936,logistic fit on 271 games,,,False,,,PROJ,False,True,True,False,0.0,,2026-08-26T17:34:55+00:00
c1c459f41b3e47a194367dae8acacba1,d1a873ca9bc9,wnba,2026-27,2026-08-21T16:55:38+00:00,2026-08-25,WAS,PHX,spread,PHX,,,,,0.5,projected home margin,,,False,,,PROJ,False,True,,False,-10.0,,2026-08-26T17:34:55+00:00
aaa6440d076d4104af4c643d5417a2f5,d1a873ca9bc9,wnba,2026-27,2026-08-21T16:55:38+00:00,2026-08-25,WAS,PHX,total,,,,,,167.8,projected total,,,False,,,PROJ,False,True,,False,178.0,,2026-08-26T17:34:55+00:00
d180342f64774c4c90072587fdb14127,d1a873ca9bc9,wnba,2026-27,2026-08-21T16:55:38+00:00,2026-08-26,GSV,CON,moneyline,GSV,,,,,0.9009,logistic fit on 271 games,,,False,,,PROJ,False,True,True,False,0.0,,2026-08-28T02:10:00+00:00
ea53da86839a4136850f7a260c73986e,d1a873ca9bc9,wnba,2026-27,2026-08-21T16:55:38+00:00,2026-08-26,GSV,CON,spread,GSV,,,,,-5.0,projected home margin,,,False,,,PROJ,False,True,,False,-25.0,,2026-08-28T02:10:00+00:00
9bff8a503b0d4e43bbcf862f9b89b771,d1a873ca9bc9,wnba,2026-27,2026-08-21T16:55:38+00:00,2026-08-26,GSV,CON,total,,,,,,162.9,projected total,,,False,,,PROJ,False,True,,False,153.0,,2026-08-28T02:10:00+00:00
0deca0aa2ee94b608139f28d58a8065f,d1a873ca9bc9,wnba,2026-27,2026-08-21T16:55:38+00:00,2026-08-26,TOR,SEA,moneyline,SEA,,,,,0.5897,logistic fit on 271 games,,,False,,,PROJ,False,True,True,False,1.0,,2026-08-28T02:10:00+00:00
7d5586e4ee43447daae8ee98f10d6a16,d1a873ca9bc9,wnba,2026-27,2026-08-21T16:55:38+00:00,2026-08-26,TOR,SEA,spread,SEA,,,,,2.9,projected home margin,,,False,,,PROJ,False,True,,False,12.0,,2026-08-28T02:10:00+00:00
5bc619ce32bc46c3832c112c4e4a66ff,d1a873ca9bc9,wnba,2026-27,2026-08-21T16:55:38+00:00,2026-08-26,TOR,SEA,total,,,,,,174.4,projected total,,,False,,,PROJ,False,True,,False,168.0,,2026-08-28T02:10:00+00:00
bd7700feedb847f0b12e63c163b75f8c,d1a873ca9bc9,wnba,2026-27,2026-08-21T16:55:38+00:00,2026-08-27,GSV,NYL,moneyline,GSV,,,,,0.627,logistic fit on 271 games,,,False,,,PROJ,False,True,True,False,0.0,,2026-08-28T02:10:00+00:00
5acb9feddda7465c88b10c836baacc31,d1a873ca9bc9,wnba,2026-27,2026-08-21T16:55:38+00:00,2026-08-27,GSV,NYL,spread,NYL,,,,,0.1,projected home margin,,,False,,,PROJ,False,True,,False,-19.0,,2026-08-28T02:10:00+00:00
7008c9d2b43642da9f7e32c53529d614,d1a873ca9bc9,wnba,2026-27,2026-08-21T16:55:38+00:00,2026-08-27,GSV,NYL,total,,,,,,168.3,projected total,,,False,,,PROJ,False,True,,False,139.0,,2026-08-28T02:10:00+00:00
4dcab55c4e2d4bf08d851cff42819fbb,d1a873ca9bc9,wnba,2026-27,2026-08-21T16:55:38+00:00,2026-08-27,WAS,PHX,moneyline,WAS,,,,,0.5936,logistic fit on 271 games,,,False,,,PROJ,False,True,True,False,0.0,,2026-08-29T01:44:31+00:00
b4c01fc2599c43c2b1ffa77d2d5901a7,d1a873ca9bc9,wnba,2026-27,2026-08-21T16:55:38+00:00,2026-08-27,WAS,PHX,spread,PHX,,,,,0.5,projected home margin,,,False,,,PROJ,False,True,,False,-7.0,,2026-08-29T01:44:31+00:00
ef3f4bb7fe754685b902863192a8a958,d1a873ca9bc9,wnba,2026-27,2026-08-21T16:55:38+00:00,2026-08-27,WAS,PHX,total,,,,,,167.8,projected total,,,False,,,PROJ,False,True,,False,153.0,,2026-08-29T01:44:31+00:00
f4af6667db64466f997a7a50e2085382,d1a873ca9bc9,wnba,2026-27,2026-08-21T16:55:38+00:00,2026-08-28,PDX,ATL,moneyline,ATL,,,,,0.8099,logistic fit on 271 games,,,False,,,PROJ,False,True,False,False,0.0,,2026-08-29T01:44:31+00:00
dcdf6941a1f64da094185bb2cd9b7d78,d1a873ca9bc9,wnba,2026-27,2026-08-21T16:55:38+00:00,2026-08-28,PDX,ATL,spread,ATL,,,,,6.3,projected home margin,,,False,,,PROJ,False,True,,False,-18.0,,2026-08-29T01:44:31+00:00
64eaab2c15c646648df49eaeca0fa04e,d1a873ca9bc9,wnba,2026-27,2026-08-21T16:55:38+00:00,2026-08-28,PDX,ATL,total,,,,,,176.8,projected total,,,False,,,PROJ,False,True,,False,184.0,,2026-08-29T01:44:31+00:00
b6401edceb47408a829d04d5b9437f28,d1a873ca9bc9,wnba,2026-27,2026-08-21T16:55:38+00:00,2026-08-28,CON,IND,moneyline,IND,,,,,0.9029,logistic fit on 271 games,,,False,,,PROJ,False,True,True,False,1.0,,2026-08-29T01:44:31+00:00
0302d093777f4746ab91b385b6aebba9,d1a873ca9bc9,wnba,2026-27,2026-08-21T16:55:38+00:00,2026-08-28,CON,IND,spread,IND,,,,,8.9,projected home margin,,,False,,,PROJ,False,True,,False,20.0,,2026-08-29T01:44:31+00:00
d42ebd9e3b4b4c7daa3b7de081297abe,d1a873ca9bc9,wnba,2026-27,2026-08-21T16:55:38+00:00,2026-08-28,CON,IND,total,,,,,,176.3,projected total,,,False,,,PROJ,False,True,,False,202.0,,2026-08-29T01:44:31+00:00
22fd0de296bf4d018c85baa2d62c6db7,d1a873ca9bc9,wnba,2026-27,2026-08-21T16:55:38+00:00,2026-08-28,TOR,LVA,moneyline,LVA,,,,,0.8342,logistic fit on 271 games,,,False,,,PROJ,False,True,True,False,1.0,,2026-08-29T04:22:26+00:00
2c1333d188274e7096fa7f0ba2a3b96a,d1a873ca9bc9,wnba,2026-27,2026-08-21T16:55:38+00:00,2026-08-28,TOR,LVA,spread,LVA,,,,,6.8,projected home margin,,,False,,,PROJ,False,True,,False,20.0,,2026-08-29T04:22:26+00:00
dd0da909ac844bf3acd081dabdf6d10b,d1a873ca9bc9,wnba,2026-27,2026-08-21T16:55:38+00:00,2026-08-28,TOR,LVA,total,,,,,,177.6,projected total,,,False,,,PROJ,False,True,,False,166.0,,2026-08-29T04:22:26+00:00
5862645abdb3473eb995a88be78b2038,d1a873ca9bc9,wnba,2026-27,2026-08-21T16:55:38+00:00,2026-08-28,WAS,LAS,moneyline,WAS,,,,,0.633,logistic fit on 271 games,,,False,,,PROJ,False,True,False,False,1.0,,2026-08-29T04:22:26+00:00
20ad584d38894c76a7cbb187ec388e83,d1a873ca9bc9,wnba,2026-27,2026-08-21T16:55:38+00:00,2026-08-28,WAS,LAS,spread,PUSH,,,,,-0.0,projected home margin,,,False,,,PROJ,False,True,,False,6.0,,2026-08-29T04:22:26+00:00
23f623ab71f840cfb8d5f38d62b15ea8,d1a873ca9bc9,wnba,2026-27,2026-08-21T16:55:38+00:00,2026-08-28,WAS,LAS,total,,,,,,172.4,projected total,,,False,,,PROJ,False,True,,False,170.0,,2026-08-29T04:22:26+00:00
93c2dd736a874804b2ee98137627c59b,d1a873ca9bc9,wnba,2026-27,2026-08-21T16:55:38+00:00,2026-08-29,CHI,NYL,moneyline,NYL,,,,,0.6922,logistic fit on 271 games,,,False,,,PROJ,False,True,True,False,1.0,,2026-08-29T20:53:10+00:00
552ab3ce61dc4bc3b4ef4d397ecb32ef,d1a873ca9bc9,wnba,2026-27,2026-08-21T16:55:38+00:00,2026-08-29,CHI,NYL,spread,NYL,,,,,4.3,projected home margin,,,False,,,PROJ,False,True,,False,19.0,,2026-08-29T20:53:10+00:00
1f41a47c21ef41b18eef455102c8b986,d1a873ca9bc9,wnba,2026-27,2026-08-21T16:55:38+00:00,2026-08-29,CHI,NYL,total,,,,,,177.4,projected total,,,False,,,PROJ,False,True,,False,151.0,,2026-08-29T20:53:10+00:00
2dcc96f0da7e48bf9fdd373cc34721ec,d1a873ca9bc9,wnba,2026-27,2026-08-21T16:55:38+00:00,2026-08-29,TOR,PHX,moneyline,PHX,,,,,0.644,logistic fit on 271 games,,,False,,,PROJ,False,True,True,False,1.0,,2026-08-30T17:47:32+00:00
cae3df014b4c4d15a5d30f7ea5f9cb97,d1a873ca9bc9,wnba,2026-27,2026-08-21T16:55:38+00:00,2026-08-29,TOR,PHX,spread,PHX,,,,,3.6,projected home margin,,,False,,,PROJ,False,True,,False,32.0,,2026-08-30T17:47:32+00:00
1d972a818c0d4fa2a7ca7e80429d2195,d1a873ca9bc9,wnba,2026-27,2026-08-21T16:55:38+00:00,2026-08-29,TOR,PHX,total,,,,,,176.6,projected total,,,False,,,PROJ,False,True,,False,170.0,,2026-08-30T17:47:32+00:00
6fce2dcbe25247988ffb22df61f687a9,d1a873ca9bc9,wnba,2026-27,2026-08-21T16:55:38+00:00,2026-08-30,MIN,ATL,moneyline,MIN,,,,,0.636,logistic fit on 271 games,,,False,,,PROJ,False,False,,,,result_not_available_yet,
1cca2509393d4c0cb8261378bc29c177,d1a873ca9bc9,wnba,2026-27,2026-08-21T16:55:38+00:00,2026-08-30,MIN,ATL,spread,MIN,,,,,-0.1,projected home margin,,,False,,,PROJ,False,False,,,,result_not_available_yet,
b6c083ddf0df49b3a516ae77fc4fcfa3,d1a873ca9bc9,wnba,2026-27,2026-08-21T16:55:38+00:00,2026-08-30,MIN,ATL,total,,,,,,176.0,projected total,,,False,,,PROJ,False,False,,,,result_not_available_yet,
d21eca074dc44ac3a9bffbe5a69c313f,d1a873ca9bc9,wnba,2026-27,2026-08-21T16:55:38+00:00,2026-08-30,LAS,SEA,moneyline,LAS,,,,,0.502,logistic fit on 271 games,,,False,,,PROJ,False,False,,,,result_not_available_yet,
245a313347f640d1be0c486071fc2fb1,d1a873ca9bc9,wnba,2026-27,2026-08-21T16:55:38+00:00,2026-08-30,LAS,SEA,spread,SEA,,,,,1.7,projected home margin,,,False,,,PROJ,False,False,,,,result_not_available_yet,
c9ce8ce758cc451c98c3b6554c4907f6,d1a873ca9bc9,wnba,2026-27,2026-08-21T16:55:38+00:00,2026-08-30,LAS,SEA,total,,,,,,173.6,projected total,,,False,,,PROJ,False,False,,,,result_not_available_yet,
f6ff7f0e02ec401cb14c228354b26e3f,d1a873ca9bc9,wnba,2026-27,2026-08-21T16:55:38+00:00,2026-08-30,GSV,PDX,moneyline,GSV,,,,,0.8399,logistic fit on 271 games,,,False,,,PROJ,False,False,,,,result_not_available_yet,
a7b35bc706974162a7994cadd0fe5a97,d1a873ca9bc9,wnba,2026-27,2026-08-21T16:55:38+00:00,2026-08-30,GSV,PDX,spread,GSV,,,,,-3.4,projected home margin,,,False,,,PROJ,False,False,,,,result_not_available_yet,
23af4d3321364189bdc72b2a451976f3,d1a873ca9bc9,wnba,2026-27,2026-08-21T16:55:38+00:00,2026-08-30,GSV,PDX,total,,,,,,168.5,projected total,,,False,,,PROJ,False,False,,,,result_not_available_yet,
60d7571e4e094090bb7e5d28df116db2,d1a873ca9bc9,wnba,2026-27,2026-08-21T16:55:38+00:00,2026-08-30,CON,DAL,moneyline,DAL,,,,,0.8306,logistic fit on 271 games,,,False,,,PROJ,False,False,,,,result_not_available_yet,
e436f49ab5cc4a6dbd65583ebffd1739,d1a873ca9bc9,wnba,2026-27,2026-08-21T16:55:38+00:00,2026-08-30,CON,DAL,spread,DAL,,,,,6.7,projected home margin,,,False,,,PROJ,False,False,,,,result_not_available_yet,
d4a5afaf4b764cbaa08425a59c2876e4,d1a873ca9bc9,wnba,2026-27,2026-08-21T16:55:38+00:00,2026-08-30,CON,DAL,total,,,,,,170.5,projected total,,,False,,,PROJ,False,False,,,,result_not_available_yet,
9174d74696af4866a73ed7204c1ae092,018c1acd51b0,wnba,2026-27,2026-08-22T15:21:21+00:00,2026-08-22,IND,NYL,moneyline,IND,,136.0,102.0,betrivers,0.602,logistic fit on 274 games,0.602,0.4612,True,0.1408,Strong,PLAY,True,True,False,False,1.0,,2026-08-23T16:18:07+00:00
45aab9654bb94fbe913502a3a1f40b85,018c1acd51b0,wnba,2026-27,2026-08-22T15:21:21+00:00,2026-08-22,IND,NYL,spread,IND,-3.0,-108.0,-108.0,lowvig,0.3,projected home margin,0.589,0.5,True,0.089,Strong,PLAY,True,True,False,False,7.0,,2026-08-23T16:18:07+00:00
ad2efbde96cd476cb26be6e62e7df7c6,018c1acd51b0,wnba,2026-27,2026-08-22T15:21:21+00:00,2026-08-22,IND,NYL,total,UNDER,186.5,-108.0,-108.0,lowvig,182.0,projected total,0.6462,0.5,True,0.1462,Strong,PLAY,True,True,False,False,211.0,,2026-08-23T16:18:07+00:00
88d3af20282b4ba48b79e8068001ca02,018c1acd51b0,wnba,2026-27,2026-08-22T15:21:21+00:00,2026-08-22,CON,LAS,moneyline,LAS,,-142.0,170.0,fanduel,0.6315,logistic fit on 274 games,0.6315,0.613,True,0.0185,Pass,PASS,True,True,True,False,1.0,,2026-08-23T16:18:07+00:00
e4e648063f9c4341995223eb267e6fa8,018c1acd51b0,wnba,2026-27,2026-08-22T15:21:21+00:00,2026-08-22,CON,LAS,spread,CON,-5.0,-108.0,-108.0,lowvig,3.4,projected home margin,0.553,0.5,True,0.053,Standard,PLAY,True,True,False,False,9.0,,2026-08-23T16:18:07+00:00
ec194eb3e0024cb8be3143b3cbdc44b3,018c1acd51b0,wnba,2026-27,2026-08-22T15:21:21+00:00,2026-08-22,CON,LAS,total,OVER,169.5,-107.0,-106.0,betrivers,173.3,projected total,0.6243,0.5011,True,0.1231,Strong,PLAY,True,True,False,False,145.0,,2026-08-23T16:18:07+00:00
a436e408fcb44f95b444e635fd2c7286,018c1acd51b0,wnba,2026-27,2026-08-22T15:21:21+00:00,2026-08-22,ATL,PHX,moneyline,ATL,,-205.0,235.0,fanduel,0.7692,logistic fit on 274 games,0.7692,0.6925,True,0.0767,Standard,PLAY,True,True,True,False,0.0,,2026-08-23T16:18:07+00:00
3317fa559da04662b3060c54dc30ad4c,018c1acd51b0,wnba,2026-27,2026-08-22T15:21:21+00:00,2026-08-22,ATL,PHX,spread,PHX,7.0,-108.0,-108.0,lowvig,-2.2,projected home margin,0.6554,0.5,True,0.1554,Review,REVIEW,True,True,False,False,-10.0,,2026-08-23T16:18:07+00:00
eab68fc4e4124becb509989fda6b67ad,018c1acd51b0,wnba,2026-27,2026-08-22T15:21:21+00:00,2026-08-22,ATL,PHX,total,UNDER,176.5,-108.0,-108.0,lowvig,173.5,projected total,0.5987,0.5,True,0.0987,Strong,PLAY,True,True,False,False,188.0,,2026-08-23T16:18:07+00:00
b06b03f0c8a74384b615f16a53e7e331,018c1acd51b0,wnba,2026-27,2026-08-22T15:21:21+00:00,2026-08-23,SEA,DAL,moneyline,DAL,,-290.0,240.0,fanduel,0.7601,logistic fit on 274 games,0.7601,0.7166,True,0.0435,Lean,PLAY,True,True,True,False,1.0,,2026-08-24T18:24:26+00:00
a973b6b2789542df811acc5bf4982354,018c1acd51b0,wnba,2026-27,2026-08-22T15:21:21+00:00,2026-08-23,SEA,DAL,spread,SEA,-6.5,100.0,-113.0,lowvig,5.3,projected home margin,0.5398,0.4852,True,0.0546,Standard,PLAY,True,True,False,False,22.0,,2026-08-24T18:24:26+00:00
e2869b7724634fd681ce3bd2895af965,018c1acd51b0,wnba,2026-27,2026-08-22T15:21:21+00:00,2026-08-23,SEA,DAL,total,UNDER,173.5,-108.0,-108.0,draftkings,170.8,projected total,0.589,0.5,True,0.089,Strong,PLAY,True,True,True,False,162.0,,2026-08-24T18:24:26+00:00
493f437521ac498a8007e5401c51e0e8,018c1acd51b0,wnba,2026-27,2026-08-22T15:21:21+00:00,2026-08-23,IND,CHI,moneyline,IND,,-162.0,145.0,betrivers,0.7601,logistic fit on 274 games,0.7601,0.6024,True,0.1577,Review,REVIEW,True,True,True,False,0.0,,2026-08-24T18:24:26+00:00
2fd230fb40ff42e28a6b6d54f280c248,018c1acd51b0,wnba,2026-27,2026-08-22T15:21:21+00:00,2026-08-23,IND,CHI,spread,CHI,4.5,-108.0,-105.0,lowvig,-2.2,projected home margin,0.576,0.5034,True,0.0726,Standard,PLAY,True,True,False,False,-23.0,,2026-08-24T18:24:26+00:00
ebbf8053c8494cb0a2ce5d7eee18aefa,018c1acd51b0,wnba,2026-27,2026-08-22T15:21:21+00:00,2026-08-23,IND,CHI,total,UNDER,186.5,-108.0,-108.0,lowvig,182.0,projected total,0.6462,0.5,True,0.1462,Strong,PLAY,True,True,False,False,203.0,,2026-08-24T18:24:26+00:00
0c6152a7d39e4f748546aacd0c9a4797,018c1acd51b0,wnba,2026-27,2026-08-22T15:21:21+00:00,2026-08-23,WAS,PDX,moneyline,WAS,,-162.0,142.0,fanduel,0.614,logistic fit on 274 games,0.614,0.5994,True,0.0146,Pass,PASS,True,True,True,False,0.0,,2026-08-24T18:24:26+00:00
9af2674d8a3c40cd94e5862ee15efd84,018c1acd51b0,wnba,2026-27,2026-08-22T15:21:21+00:00,2026-08-23,WAS,PDX,spread,PDX,3.5,-108.0,-108.0,lowvig,0.2,projected home margin,0.6211,0.5,True,0.1211,Strong,PLAY,True,True,False,False,-5.0,,2026-08-24T18:24:26+00:00
e4224d218dc5430dbe0a6bddb17e3343,018c1acd51b0,wnba,2026-27,2026-08-22T15:21:21+00:00,2026-08-23,WAS,PDX,total,OVER,166.5,-108.0,-108.0,lowvig,171.0,projected total,0.6462,0.5,True,0.1462,Strong,PLAY,True,True,True,False,205.0,,2026-08-24T18:24:26+00:00
da7c0754a75f47e98ec7e8ebca1fe288,018c1acd51b0,wnba,2026-27,2026-08-22T15:21:21+00:00,2026-08-23,LVA,TOR,moneyline,LVA,,-700.0,500.0,draftkings,0.8126,logistic fit on 274 games,0.8126,0.84,True,-0.0274,Pass,PASS,True,True,True,False,0.0,,2026-08-24T18:24:26+00:00
d0648ce16ff84cb892fe6c4775f49d20,018c1acd51b0,wnba,2026-27,2026-08-22T15:21:21+00:00,2026-08-23,LVA,TOR,spread,TOR,11.5,-108.0,-108.0,lowvig,-3.0,projected home margin,0.7606,0.5,True,0.2606,Review,REVIEW,True,True,True,False,-10.0,,2026-08-24T18:24:26+00:00
914c0b4e9189442289740610c647b602,018c1acd51b0,wnba,2026-27,2026-08-22T15:21:21+00:00,2026-08-23,LVA,TOR,total,UNDER,183.5,-108.0,-108.0,lowvig,177.6,projected total,0.6885,0.5,True,0.1885,Review,REVIEW,True,True,True,False,166.0,,2026-08-24T18:24:26+00:00
6bad79f53b304550b9c5e14ad6f773af,018c1acd51b0,wnba,2026-27,2026-08-22T15:21:21+00:00,2026-08-24,GSV,MIN,moneyline,MIN,,,,,0.5868,logistic fit on 274 games,,,False,,,PROJ,False,True,False,False,0.0,,2026-08-26T17:34:55+00:00
4026fa9ec4204d5dac8e24961e0eaff7,018c1acd51b0,wnba,2026-27,2026-08-22T15:21:21+00:00,2026-08-24,GSV,MIN,spread,MIN,,,,,2.8,projected home margin,,,False,,,PROJ,False,True,,False,-14.0,,2026-08-26T17:34:55+00:00
9f7ff5d2f43c404a8e8414ba8a3f101b,018c1acd51b0,wnba,2026-27,2026-08-22T15:21:21+00:00,2026-08-24,GSV,MIN,total,,,,,,167.7,projected total,,,False,,,PROJ,False,True,,False,146.0,,2026-08-26T17:34:55+00:00
8bf859439c8c449e85138aa0872107d8,018c1acd51b0,wnba,2026-27,2026-08-22T15:21:21+00:00,2026-08-24,ATL,LAS,moneyline,ATL,,,,,0.7968,logistic fit on 274 games,,,False,,,PROJ,False,True,True,False,0.0,,2026-08-26T17:34:55+00:00
00384f86959c48bbaf888c8e3e1c6bd3,018c1acd51b0,wnba,2026-27,2026-08-22T15:21:21+00:00,2026-08-24,ATL,LAS,spread,ATL,,,,,-2.8,projected home margin,,,False,,,PROJ,False,True,,False,-7.0,,2026-08-26T17:34:55+00:00
91af94d2106c4389ac8718d9ebed31e4,018c1acd51b0,wnba,2026-27,2026-08-22T15:21:21+00:00,2026-08-24,ATL,LAS,total,,,,,,178.2,projected total,,,False,,,PROJ,False,True,,False,149.0,,2026-08-26T17:34:55+00:00
c7bbc271b5174ec8981d7a916cdd3032,018c1acd51b0,wnba,2026-27,2026-08-22T15:21:21+00:00,2026-08-25,CHI,CON,moneyline,CHI,,,,,0.7011,logistic fit on 274 games,,,False,,,PROJ,False,True,False,False,1.0,,2026-08-26T17:34:55+00:00
ff2c5aa2925d47328170d0a693a91cfb,018c1acd51b0,wnba,2026-27,2026-08-22T15:21:21+00:00,2026-08-25,CHI,CON,spread,CHI,,,,,-1.1,projected home margin,,,False,,,PROJ,False,True,,False,6.0,,2026-08-26T17:34:55+00:00
05a2255088bf453c97758f193b77e3aa,018c1acd51b0,wnba,2026-27,2026-08-22T15:21:21+00:00,2026-08-25,CHI,CON,total,,,,,,171.7,projected total,,,False,,,PROJ,False,True,,False,168.0,,2026-08-26T17:34:55+00:00
b0e40c26581846ebbdb95f8f2a8b9e71,018c1acd51b0,wnba,2026-27,2026-08-22T15:21:21+00:00,2026-08-25,PDX,DAL,moneyline,DAL,,,,,0.7365,logistic fit on 274 games,,,False,,,PROJ,False,True,True,False,1.0,,2026-08-26T17:34:55+00:00
b6fd8dd5ae4b4a8a9737263d366fec8d,018c1acd51b0,wnba,2026-27,2026-08-22T15:21:21+00:00,2026-08-25,PDX,DAL,spread,DAL,,,,,5.0,projected home margin,,,False,,,PROJ,False,True,,False,18.0,,2026-08-26T17:34:55+00:00
c672466a80c944f3beab08325300bc51,018c1acd51b0,wnba,2026-27,2026-08-22T15:21:21+00:00,2026-08-25,PDX,DAL,total,,,,,,176.2,projected total,,,False,,,PROJ,False,True,,False,174.0,,2026-08-26T17:34:55+00:00
7012f9394ef1416db12177703d5dfe06,018c1acd51b0,wnba,2026-27,2026-08-22T15:21:21+00:00,2026-08-25,WAS,PHX,moneyline,WAS,,,,,0.5899,logistic fit on 274 games,,,False,,,PROJ,False,True,True,False,0.0,,2026-08-26T17:34:55+00:00
5731038b3ee24378bd972c2871db8470,018c1acd51b0,wnba,2026-27,2026-08-22T15:21:21+00:00,2026-08-25,WAS,PHX,spread,PHX,,,,,0.5,projected home margin,,,False,,,PROJ,False,True,,False,-10.0,,2026-08-26T17:34:55+00:00
89ef7bdc52f0494dab18159e25be8f1a,018c1acd51b0,wnba,2026-27,2026-08-22T15:21:21+00:00,2026-08-25,WAS,PHX,total,,,,,,167.8,projected total,,,False,,,PROJ,False,True,,False,178.0,,2026-08-26T17:34:55+00:00
eb1222a4e2d94e9f973d2bbc91b48ef9,018c1acd51b0,wnba,2026-27,2026-08-22T15:21:21+00:00,2026-08-26,GSV,CON,moneyline,GSV,,,,,0.8962,logistic fit on 274 games,,,False,,,PROJ,False,True,True,False,0.0,,2026-08-28T02:10:01+00:00
0c154d3546d64f48aaeb1853e449899f,018c1acd51b0,wnba,2026-27,2026-08-22T15:21:21+00:00,2026-08-26,GSV,CON,spread,GSV,,,,,-5.0,projected home margin,,,False,,,PROJ,False,True,,False,-25.0,,2026-08-28T02:10:01+00:00
806d864f6fc6428db8855f26a3306cdf,018c1acd51b0,wnba,2026-27,2026-08-22T15:21:21+00:00,2026-08-26,GSV,CON,total,,,,,,162.9,projected total,,,False,,,PROJ,False,True,,False,153.0,,2026-08-28T02:10:01+00:00
ce383386cded457cb06ebe82ed15f4c7,018c1acd51b0,wnba,2026-27,2026-08-22T15:21:21+00:00,2026-08-26,TOR,SEA,moneyline,SEA,,,,,0.5899,logistic fit on 274 games,,,False,,,PROJ,False,True,True,False,1.0,,2026-08-28T02:10:01+00:00
95cf55c6fd45426cba7697eb7cc867a0,018c1acd51b0,wnba,2026-27,2026-08-22T15:21:21+00:00,2026-08-26,TOR,SEA,spread,SEA,,,,,2.8,projected home margin,,,False,,,PROJ,False,True,,False,12.0,,2026-08-28T02:10:01+00:00
10be3613f9f046388521a97e3e8c079a,018c1acd51b0,wnba,2026-27,2026-08-22T15:21:21+00:00,2026-08-26,TOR,SEA,total,,,,,,174.4,projected total,,,False,,,PROJ,False,True,,False,168.0,,2026-08-28T02:10:01+00:00
c9ac4d1e76da4d8bb526aa0d05618f5e,018c1acd51b0,wnba,2026-27,2026-08-22T15:21:21+00:00,2026-08-27,GSV,NYL,moneyline,GSV,,,,,0.6228,logistic fit on 274 games,,,False,,,PROJ,False,True,True,False,0.0,,2026-08-28T02:10:01+00:00
f1677e7f88924bc197fc6ee34e41b470,018c1acd51b0,wnba,2026-27,2026-08-22T15:21:21+00:00,2026-08-27,GSV,NYL,spread,NYL,,,,,0.1,projected home margin,,,False,,,PROJ,False,True,,False,-19.0,,2026-08-28T02:10:01+00:00
5b1ac7c26223432481a625591abdb2dc,018c1acd51b0,wnba,2026-27,2026-08-22T15:21:21+00:00,2026-08-27,GSV,NYL,total,,,,,,168.3,projected total,,,False,,,PROJ,False,True,,False,139.0,,2026-08-28T02:10:01+00:00
156968d1c035467eb28ec27bfec944ff,018c1acd51b0,wnba,2026-27,2026-08-22T15:21:21+00:00,2026-08-27,WAS,PHX,moneyline,WAS,,,,,0.5899,logistic fit on 274 games,,,False,,,PROJ,False,True,True,False,0.0,,2026-08-29T01:44:31+00:00
f9e3acf7f3dc4743803dba06c7038d86,018c1acd51b0,wnba,2026-27,2026-08-22T15:21:21+00:00,2026-08-27,WAS,PHX,spread,PHX,,,,,0.5,projected home margin,,,False,,,PROJ,False,True,,False,-7.0,,2026-08-29T01:44:31+00:00
34b8ce34910a4f8385f295589d8fdb33,018c1acd51b0,wnba,2026-27,2026-08-22T15:21:21+00:00,2026-08-27,WAS,PHX,total,,,,,,167.8,projected total,,,False,,,PROJ,False,True,,False,153.0,,2026-08-29T01:44:31+00:00
1229d9478a6c451c9e8b795b2248c6b3,018c1acd51b0,wnba,2026-27,2026-08-22T15:21:21+00:00,2026-08-28,PDX,ATL,moneyline,ATL,,,,,0.8067,logistic fit on 274 games,,,False,,,PROJ,False,True,False,False,0.0,,2026-08-29T01:44:31+00:00
384f9d6f25a344e6bb076f9a9226689b,018c1acd51b0,wnba,2026-27,2026-08-22T15:21:21+00:00,2026-08-28,PDX,ATL,spread,ATL,,,,,6.3,projected home margin,,,False,,,PROJ,False,True,,False,-18.0,,2026-08-29T01:44:31+00:00
42161bf587b34468a53ca5211701d9fb,018c1acd51b0,wnba,2026-27,2026-08-22T15:21:21+00:00,2026-08-28,PDX,ATL,total,,,,,,176.8,projected total,,,False,,,PROJ,False,True,,False,184.0,,2026-08-29T01:44:31+00:00
1a6ac41829134a2ba988f4a6bae13ec2,018c1acd51b0,wnba,2026-27,2026-08-22T15:21:21+00:00,2026-08-28,CON,IND,moneyline,IND,,,,,0.8997,logistic fit on 274 games,,,False,,,PROJ,False,True,True,False,1.0,,2026-08-29T01:44:31+00:00
044f2290b92a4c8b933a340c2dfd5926,018c1acd51b0,wnba,2026-27,2026-08-22T15:21:21+00:00,2026-08-28,CON,IND,spread,IND,,,,,8.8,projected home margin,,,False,,,PROJ,False,True,,False,20.0,,2026-08-29T01:44:31+00:00
34a6e8dcb8254228a70cfe9532f88496,018c1acd51b0,wnba,2026-27,2026-08-22T15:21:21+00:00,2026-08-28,CON,IND,total,,,,,,176.3,projected total,,,False,,,PROJ,False,True,,False,202.0,,2026-08-29T01:44:31+00:00
cdee1d18a3894f208d7745f0b0b7f3c3,018c1acd51b0,wnba,2026-27,2026-08-22T15:21:21+00:00,2026-08-28,TOR,LVA,moneyline,LVA,,,,,0.8309,logistic fit on 274 games,,,False,,,PROJ,False,True,True,False,1.0,,2026-08-29T04:22:26+00:00
4510282368834c738881f03d5b104947,018c1acd51b0,wnba,2026-27,2026-08-22T15:21:21+00:00,2026-08-28,TOR,LVA,spread,LVA,,,,,6.8,projected home margin,,,False,,,PROJ,False,True,,False,20.0,,2026-08-29T04:22:26+00:00
b45f2832dec54bc78880a7427d72b873,018c1acd51b0,wnba,2026-27,2026-08-22T15:21:21+00:00,2026-08-28,TOR,LVA,total,,,,,,177.6,projected total,,,False,,,PROJ,False,True,,False,166.0,,2026-08-29T04:22:26+00:00
ebe22a78e76b45b7b9bd5bc51257cdf4,018c1acd51b0,wnba,2026-27,2026-08-22T15:21:21+00:00,2026-08-28,WAS,LAS,moneyline,WAS,,,,,0.6287,logistic fit on 274 games,,,False,,,PROJ,False,True,False,False,1.0,,2026-08-29T04:22:26+00:00
9af34f7f81d14256ba3d725db3206af7,018c1acd51b0,wnba,2026-27,2026-08-22T15:21:21+00:00,2026-08-28,WAS,LAS,spread,WAS,,,,,-0.1,projected home margin,,,False,,,PROJ,False,True,,False,6.0,,2026-08-29T04:22:26+00:00
32d4ad43114a4714b2f7262d32a6753a,018c1acd51b0,wnba,2026-27,2026-08-22T15:21:21+00:00,2026-08-28,WAS,LAS,total,,,,,,172.4,projected total,,,False,,,PROJ,False,True,,False,170.0,,2026-08-29T04:22:26+00:00
f3295d1f71394701b5c83686885ec40d,018c1acd51b0,wnba,2026-27,2026-08-22T15:21:21+00:00,2026-08-29,CHI,NYL,moneyline,NYL,,,,,0.6904,logistic fit on 274 games,,,False,,,PROJ,False,True,True,False,1.0,,2026-08-29T20:53:10+00:00
b30cc0092aa9475d91ff27b5ab99591e,018c1acd51b0,wnba,2026-27,2026-08-22T15:21:21+00:00,2026-08-29,CHI,NYL,spread,NYL,,,,,4.3,projected home margin,,,False,,,PROJ,False,True,,False,19.0,,2026-08-29T20:53:10+00:00
a602b70c5a6c4cf0ba805e5424ef0f26,018c1acd51b0,wnba,2026-27,2026-08-22T15:21:21+00:00,2026-08-29,CHI,NYL,total,,,,,,177.4,projected total,,,False,,,PROJ,False,True,,False,151.0,,2026-08-29T20:53:10+00:00
4b410d276bb140efb8b3f925155c06a4,018c1acd51b0,wnba,2026-27,2026-08-22T15:21:21+00:00,2026-08-29,TOR,PHX,moneyline,PHX,,,,,0.6431,logistic fit on 274 games,,,False,,,PROJ,False,True,True,False,1.0,,2026-08-30T17:47:32+00:00
47681fa1cefa4a1ca51596b839a6fcbd,018c1acd51b0,wnba,2026-27,2026-08-22T15:21:21+00:00,2026-08-29,TOR,PHX,spread,PHX,,,,,3.6,projected home margin,,,False,,,PROJ,False,True,,False,32.0,,2026-08-30T17:47:32+00:00
e414e49e38a04f70a192c80682049d5b,018c1acd51b0,wnba,2026-27,2026-08-22T15:21:21+00:00,2026-08-29,TOR,PHX,total,,,,,,176.6,projected total,,,False,,,PROJ,False,True,,False,170.0,,2026-08-30T17:47:32+00:00
7931d6adfd5c44e4b8185a1f9a2bc6ca,018c1acd51b0,wnba,2026-27,2026-08-22T15:21:21+00:00,2026-08-30,MIN,ATL,moneyline,MIN,,,,,0.6316,logistic fit on 274 games,,,False,,,PROJ,False,False,,,,result_not_available_yet,
2c5cf4fd4c5849b7a86ff7630c205e19,018c1acd51b0,wnba,2026-27,2026-08-22T15:21:21+00:00,2026-08-30,MIN,ATL,spread,MIN,,,,,-0.1,projected home margin,,,False,,,PROJ,False,False,,,,result_not_available_yet,
5f6d587182e54f519ec44a7e39ce95d7,018c1acd51b0,wnba,2026-27,2026-08-22T15:21:21+00:00,2026-08-30,MIN,ATL,total,,,,,,176.0,projected total,,,False,,,PROJ,False,False,,,,result_not_available_yet,
eabd66d7e68b42b3aaa5a4998d4efd64,018c1acd51b0,wnba,2026-27,2026-08-22T15:21:21+00:00,2026-08-30,LAS,SEA,moneyline,SEA,,,,,0.5,logistic fit on 274 games,,,False,,,PROJ,False,False,,,,result_not_available_yet,
7b1623ff7a2f46d0848f2c9cd5edd67c,018c1acd51b0,wnba,2026-27,2026-08-22T15:21:21+00:00,2026-08-30,LAS,SEA,spread,SEA,,,,,1.7,projected home margin,,,False,,,PROJ,False,False,,,,result_not_available_yet,
6b72389466114d87bb976c90135a8ed8,018c1acd51b0,wnba,2026-27,2026-08-22T15:21:21+00:00,2026-08-30,LAS,SEA,total,,,,,,173.6,projected total,,,False,,,PROJ,False,False,,,,result_not_available_yet,
9f48951f993849c9b8daac1581941c1b,018c1acd51b0,wnba,2026-27,2026-08-22T15:21:21+00:00,2026-08-30,GSV,PDX,moneyline,GSV,,,,,0.8344,logistic fit on 274 games,,,False,,,PROJ,False,False,,,,result_not_available_yet,
7961a806e28a45c1ad1c053e712a9284,018c1acd51b0,wnba,2026-27,2026-08-22T15:21:21+00:00,2026-08-30,GSV,PDX,spread,GSV,,,,,-3.4,projected home margin,,,False,,,PROJ,False,False,,,,result_not_available_yet,
6cf8861d076b41609d9b5ef270c58e58,018c1acd51b0,wnba,2026-27,2026-08-22T15:21:21+00:00,2026-08-30,GSV,PDX,total,,,,,,168.5,projected total,,,False,,,PROJ,False,False,,,,result_not_available_yet,
05668cbf58a74bfabedf2ab07b47418d,018c1acd51b0,wnba,2026-27,2026-08-22T15:21:21+00:00,2026-08-30,CON,DAL,moneyline,DAL,,,,,0.8273,logistic fit on 274 games,,,False,,,PROJ,False,False,,,,result_not_available_yet,
6c973d28307b40fda81c123cbd7fe236,018c1acd51b0,wnba,2026-27,2026-08-22T15:21:21+00:00,2026-08-30,CON,DAL,spread,DAL,,,,,6.7,projected home margin,,,False,,,PROJ,False,False,,,,result_not_available_yet,
53eebd9864434ef582fb23aa3d9d7edf,018c1acd51b0,wnba,2026-27,2026-08-22T15:21:21+00:00,2026-08-30,CON,DAL,total,,,,,,170.5,projected total,,,False,,,PROJ,False,False,,,,result_not_available_yet,
017f697bf6aa4f919e44d3da417b9d18,a8e485a006df,wnba,2026-27,2026-08-22T16:31:24+00:00,2026-08-22,IND,NYL,moneyline,IND,,136.0,102.0,betrivers,0.5066,Normal CDF of projected margin (σ=12),0.5066,0.4612,True,0.0454,Standard,PLAY,True,True,False,False,1.0,,2026-08-23T16:18:07+00:00
72eece8805ac4927a943527a340f5b48,a8e485a006df,wnba,2026-27,2026-08-22T16:31:24+00:00,2026-08-22,IND,NYL,spread,IND,-3.0,-108.0,-108.0,lowvig,-0.2,projected home margin,0.6051,0.5,True,0.1051,Strong,PLAY,True,True,False,False,7.0,,2026-08-23T16:18:07+00:00
efc209d623c544f29aa9d05f116b5b29,a8e485a006df,wnba,2026-27,2026-08-22T16:31:24+00:00,2026-08-22,IND,NYL,total,UNDER,186.5,-108.0,-108.0,lowvig,182.0,projected total,0.6462,0.5,True,0.1462,Strong,PLAY,True,True,False,False,211.0,,2026-08-23T16:18:07+00:00
c0b727249d8244abb26d8d957179b5b2,a8e485a006df,wnba,2026-27,2026-08-22T16:31:24+00:00,2026-08-22,CON,LAS,moneyline,LAS,,-142.0,170.0,fanduel,0.5955,Normal CDF of projected margin (σ=12),0.5955,0.613,True,-0.0175,Pass,PASS,True,True,True,False,1.0,,2026-08-23T16:18:07+00:00
98fb57407bcb419a99d9218ae327a8c4,a8e485a006df,wnba,2026-27,2026-08-22T16:31:24+00:00,2026-08-22,CON,LAS,spread,CON,-5.0,-108.0,-108.0,lowvig,2.9,projected home margin,0.5695,0.5,True,0.0695,Standard,PLAY,True,True,False,False,9.0,,2026-08-23T16:18:07+00:00
9b5ed79650a44903a19aeccb972f659e,a8e485a006df,wnba,2026-27,2026-08-22T16:31:24+00:00,2026-08-22,CON,LAS,total,OVER,169.5,-107.0,-106.0,betrivers,173.3,projected total,0.6243,0.5011,True,0.1231,Strong,PLAY,True,True,False,False,145.0,,2026-08-23T16:18:07+00:00
ed5cf07062c142f98df7611e47d533a9,a8e485a006df,wnba,2026-27,2026-08-22T16:31:24+00:00,2026-08-22,ATL,PHX,moneyline,ATL,,-205.0,235.0,fanduel,0.589,Normal CDF of projected margin (σ=12),0.589,0.6925,True,-0.1035,Pass,PASS,True,True,True,False,0.0,,2026-08-23T16:18:07+00:00
e9e4e3491caf4a57ab75c41ad7b9fed0,a8e485a006df,wnba,2026-27,2026-08-22T16:31:24+00:00,2026-08-22,ATL,PHX,spread,PHX,7.0,-108.0,-108.0,lowvig,-2.7,projected home margin,0.64,0.5,True,0.14,Strong,PLAY,True,True,False,False,-10.0,,2026-08-23T16:18:07+00:00
d4a015c1e74d404583c7ff37781340c4,a8e485a006df,wnba,2026-27,2026-08-22T16:31:24+00:00,2026-08-22,ATL,PHX,total,UNDER,176.5,-108.0,-108.0,lowvig,173.5,projected total,0.5987,0.5,True,0.0987,Strong,PLAY,True,True,False,False,188.0,,2026-08-23T16:18:07+00:00
498c44798e9f400c96b9188e99dc2cdd,a8e485a006df,wnba,2026-27,2026-08-22T16:31:24+00:00,2026-08-23,SEA,DAL,moneyline,DAL,,-290.0,240.0,fanduel,0.6554,Normal CDF of projected margin (σ=12),0.6554,0.7166,True,-0.0612,Pass,PASS,True,True,True,False,1.0,,2026-08-24T18:24:26+00:00
19f3f7ebc95b431cafde3c6ae8ad88f2,a8e485a006df,wnba,2026-27,2026-08-22T16:31:24+00:00,2026-08-23,SEA,DAL,spread,SEA,-6.5,100.0,-113.0,lowvig,4.8,projected home margin,0.5563,0.4852,True,0.0711,Standard,PLAY,True,True,False,False,22.0,,2026-08-24T18:24:26+00:00
028ce082080b46ec8b290d169ff2d702,a8e485a006df,wnba,2026-27,2026-08-22T16:31:24+00:00,2026-08-23,SEA,DAL,total,UNDER,173.5,-108.0,-108.0,draftkings,170.8,projected total,0.589,0.5,True,0.089,Strong,PLAY,True,True,True,False,162.0,,2026-08-24T18:24:26+00:00
3b8ff8cd5eea4d9d99184bf6dae2c868,a8e485a006df,wnba,2026-27,2026-08-22T16:31:24+00:00,2026-08-23,IND,CHI,moneyline,IND,,-162.0,145.0,betrivers,0.5858,Normal CDF of projected margin (σ=12),0.5858,0.6024,True,-0.0166,Pass,PASS,True,True,True,False,0.0,,2026-08-24T18:24:26+00:00
2611e6b7610a40b180b7bec5d93287b3,a8e485a006df,wnba,2026-27,2026-08-22T16:31:24+00:00,2026-08-23,IND,CHI,spread,CHI,4.5,-108.0,-105.0,lowvig,-2.6,projected home margin,0.5629,0.5034,True,0.0595,Standard,PLAY,True,True,False,False,-23.0,,2026-08-24T18:24:26+00:00
9d67c61a9fbe4973ab86e5fb0d816a72,a8e485a006df,wnba,2026-27,2026-08-22T16:31:24+00:00,2026-08-23,IND,CHI,total,UNDER,186.5,-108.0,-108.0,lowvig,182.0,projected total,0.6462,0.5,True,0.1462,Strong,PLAY,True,True,False,False,203.0,,2026-08-24T18:24:26+00:00
a18b7076ac004e3a89a36531e7410d00,a8e485a006df,wnba,2026-27,2026-08-22T16:31:24+00:00,2026-08-23,WAS,PDX,moneyline,WAS,,-162.0,142.0,fanduel,0.51,Normal CDF of projected margin (σ=12),0.51,0.5994,True,-0.0894,Pass,PASS,True,True,True,False,0.0,,2026-08-24T18:24:26+00:00
72c69c7327974d06b41d21bdd07d5469,a8e485a006df,wnba,2026-27,2026-08-22T16:31:24+00:00,2026-08-23,WAS,PDX,spread,PDX,3.5,-108.0,-108.0,lowvig,-0.3,projected home margin,0.6051,0.5,True,0.1051,Strong,PLAY,True,True,False,False,-5.0,,2026-08-24T18:24:26+00:00
1b75b31eff974c83af0247127b728615,a8e485a006df,wnba,2026-27,2026-08-22T16:31:24+00:00,2026-08-23,WAS,PDX,total,OVER,166.5,-108.0,-108.0,lowvig,171.1,projected total,0.6493,0.5,True,0.1493,Strong,PLAY,True,True,True,False,205.0,,2026-08-24T18:24:26+00:00
7546766451ba499f93b2fffc664d2fb1,a8e485a006df,wnba,2026-27,2026-08-22T16:31:24+00:00,2026-08-23,LVA,TOR,moneyline,LVA,,-700.0,500.0,draftkings,0.6179,Normal CDF of projected margin (σ=12),0.6179,0.84,True,-0.2221,Pass,PASS,True,True,True,False,0.0,,2026-08-24T18:24:26+00:00
ae0b4c39f477477da8937681679bfa8a,a8e485a006df,wnba,2026-27,2026-08-22T16:31:24+00:00,2026-08-23,LVA,TOR,spread,TOR,11.5,-108.0,-108.0,lowvig,-3.6,projected home margin,0.7448,0.5,True,0.2448,Review,REVIEW,True,True,True,False,-10.0,,2026-08-24T18:24:26+00:00
90c23d2bfb654ce7aaa355fa53595cd9,a8e485a006df,wnba,2026-27,2026-08-22T16:31:24+00:00,2026-08-23,LVA,TOR,total,UNDER,183.5,-108.0,-108.0,lowvig,177.6,projected total,0.6885,0.5,True,0.1885,Review,REVIEW,True,True,True,False,166.0,,2026-08-24T18:24:26+00:00
ac1580a853c6405c98cefc33a6abbe51,a8e485a006df,wnba,2026-27,2026-08-22T16:31:24+00:00,2026-08-24,GSV,MIN,moneyline,MIN,,,,,0.576,Normal CDF of projected margin (σ=12),,,False,,,PROJ,False,True,False,False,0.0,,2026-08-26T17:34:55+00:00
e80f634c5a80431c855bbb71b8af645f,a8e485a006df,wnba,2026-27,2026-08-22T16:31:24+00:00,2026-08-24,GSV,MIN,spread,MIN,,,,,2.3,projected home margin,,,False,,,PROJ,False,True,,False,-14.0,,2026-08-26T17:34:55+00:00
c5e366f8aa8f4ff180c7208a26e94b88,a8e485a006df,wnba,2026-27,2026-08-22T16:31:24+00:00,2026-08-24,GSV,MIN,total,,,,,,167.7,projected total,,,False,,,PROJ,False,True,,False,146.0,,2026-08-26T17:34:55+00:00
0ff8f86254a340c7912b060bb55a6b58,a8e485a006df,wnba,2026-27,2026-08-22T16:31:24+00:00,2026-08-24,ATL,LAS,moneyline,ATL,,,,,0.6051,Normal CDF of projected margin (σ=12),,,False,,,PROJ,False,True,True,False,0.0,,2026-08-26T17:34:55+00:00
c8ddea9d314b4f50bd57d0e821e57a7c,a8e485a006df,wnba,2026-27,2026-08-22T16:31:24+00:00,2026-08-24,ATL,LAS,spread,ATL,,,,,-3.2,projected home margin,,,False,,,PROJ,False,True,,False,-7.0,,2026-08-26T17:34:55+00:00
9debe35974784227b9f302dec3c09217,a8e485a006df,wnba,2026-27,2026-08-22T16:31:24+00:00,2026-08-24,ATL,LAS,total,,,,,,178.2,projected total,,,False,,,PROJ,False,True,,False,149.0,,2026-08-26T17:34:55+00:00
2169613050004feeb53212c8faa62549,a8e485a006df,wnba,2026-27,2026-08-22T16:31:24+00:00,2026-08-25,CHI,CON,moneyline,CHI,,,,,0.553,Normal CDF of projected margin (σ=12),,,False,,,PROJ,False,True,False,False,1.0,,2026-08-26T17:34:55+00:00
c53d1686e2f74035932d45edeef90cc6,a8e485a006df,wnba,2026-27,2026-08-22T16:31:24+00:00,2026-08-25,CHI,CON,spread,CHI,,,,,-1.6,projected home margin,,,False,,,PROJ,False,True,,False,6.0,,2026-08-26T17:34:55+00:00
d073428d7e20476db1d163db082d0f37,a8e485a006df,wnba,2026-27,2026-08-22T16:31:24+00:00,2026-08-25,CHI,CON,total,,,,,,171.8,projected total,,,False,,,PROJ,False,True,,False,168.0,,2026-08-26T17:34:55+00:00
15a01ba3dec34bfe8d23004de94d620b,a8e485a006df,wnba,2026-27,2026-08-22T16:31:24+00:00,2026-08-25,PDX,DAL,moneyline,DAL,,,,,0.6462,Normal CDF of projected margin (σ=12),,,False,,,PROJ,False,True,True,False,1.0,,2026-08-26T17:34:55+00:00
0ab2160eb4d0443e8edd898b7f39a96b,a8e485a006df,wnba,2026-27,2026-08-22T16:31:24+00:00,2026-08-25,PDX,DAL,spread,DAL,,,,,4.5,projected home margin,,,False,,,PROJ,False,True,,False,18.0,,2026-08-26T17:34:55+00:00
8413d6364d9545d4be6a545f32a2c8af,a8e485a006df,wnba,2026-27,2026-08-22T16:31:24+00:00,2026-08-25,PDX,DAL,total,,,,,,176.3,projected total,,,False,,,PROJ,False,True,,False,174.0,,2026-08-26T17:34:55+00:00
c64396b682fa412d8b254749be90bc6c,a8e485a006df,wnba,2026-27,2026-08-22T16:31:24+00:00,2026-08-25,WAS,PHX,moneyline,PHX,,,,,0.5,Normal CDF of projected margin (σ=12),,,False,,,PROJ,False,True,False,False,0.0,,2026-08-26T17:34:55+00:00
065279d579f94d3c90be05cf7d498528,a8e485a006df,wnba,2026-27,2026-08-22T16:31:24+00:00,2026-08-25,WAS,PHX,spread,PUSH,,,,,0.0,projected home margin,,,False,,,PROJ,False,True,,False,-10.0,,2026-08-26T17:34:55+00:00
281a70191336450780e225094edc1541,a8e485a006df,wnba,2026-27,2026-08-22T16:31:24+00:00,2026-08-25,WAS,PHX,total,,,,,,167.8,projected total,,,False,,,PROJ,False,True,,False,178.0,,2026-08-26T17:34:55+00:00
f696641f7ef546eb8d5c83af04a15812,a8e485a006df,wnba,2026-27,2026-08-22T16:31:24+00:00,2026-08-26,GSV,CON,moneyline,GSV,,,,,0.6766,Normal CDF of projected margin (σ=12),,,False,,,PROJ,False,True,True,False,0.0,,2026-08-28T02:10:01+00:00
90c390c275094d0bb06edba21b0c5089,a8e485a006df,wnba,2026-27,2026-08-22T16:31:24+00:00,2026-08-26,GSV,CON,spread,GSV,,,,,-5.5,projected home margin,,,False,,,PROJ,False,True,,False,-25.0,,2026-08-28T02:10:01+00:00
1c716ab094114f47ac1040d5da6057a8,a8e485a006df,wnba,2026-27,2026-08-22T16:31:24+00:00,2026-08-26,GSV,CON,total,,,,,,162.9,projected total,,,False,,,PROJ,False,True,,False,153.0,,2026-08-28T02:10:01+00:00
bf792ec9b8d14da79774197a95387547,a8e485a006df,wnba,2026-27,2026-08-22T16:31:24+00:00,2026-08-26,TOR,SEA,moneyline,SEA,,,,,0.5793,Normal CDF of projected margin (σ=12),,,False,,,PROJ,False,True,True,False,1.0,,2026-08-28T02:10:01+00:00
27c32820b1654589baf7ba1cd9c52897,a8e485a006df,wnba,2026-27,2026-08-22T16:31:24+00:00,2026-08-26,TOR,SEA,spread,SEA,,,,,2.4,projected home margin,,,False,,,PROJ,False,True,,False,12.0,,2026-08-28T02:10:01+00:00
65250e0b016a4f878919e64977edfa74,a8e485a006df,wnba,2026-27,2026-08-22T16:31:24+00:00,2026-08-26,TOR,SEA,total,,,,,,174.4,projected total,,,False,,,PROJ,False,True,,False,168.0,,2026-08-28T02:10:01+00:00
65c5bd8063584612b00fee9d8238de0e,a8e485a006df,wnba,2026-27,2026-08-22T16:31:24+00:00,2026-08-27,GSV,NYL,moneyline,GSV,,,,,0.51,Normal CDF of projected margin (σ=12),,,False,,,PROJ,False,True,True,False,0.0,,2026-08-28T02:10:01+00:00
b75c425ee65844feb57498d7d6cc5ca2,a8e485a006df,wnba,2026-27,2026-08-22T16:31:24+00:00,2026-08-27,GSV,NYL,spread,GSV,,,,,-0.3,projected home margin,,,False,,,PROJ,False,True,,False,-19.0,,2026-08-28T02:10:01+00:00
f71a78c0c3e149c89eae6e5e5122473b,a8e485a006df,wnba,2026-27,2026-08-22T16:31:24+00:00,2026-08-27,GSV,NYL,total,,,,,,168.3,projected total,,,False,,,PROJ,False,True,,False,139.0,,2026-08-28T02:10:01+00:00
9d1a9a8a69564fd2b46b47bf18ffd515,a8e485a006df,wnba,2026-27,2026-08-22T16:31:24+00:00,2026-08-27,WAS,PHX,moneyline,PHX,,,,,0.5,Normal CDF of projected margin (σ=12),,,False,,,PROJ,False,True,False,False,0.0,,2026-08-29T01:44:31+00:00
2b8a9b6a3ed24e218164ce78a1142d06,a8e485a006df,wnba,2026-27,2026-08-22T16:31:24+00:00,2026-08-27,WAS,PHX,spread,PUSH,,,,,0.0,projected home margin,,,False,,,PROJ,False,True,,False,-7.0,,2026-08-29T01:44:31+00:00
a6e487b9edbc435ba092e7edc98285b7,a8e485a006df,wnba,2026-27,2026-08-22T16:31:24+00:00,2026-08-27,WAS,PHX,total,,,,,,167.8,projected total,,,False,,,PROJ,False,True,,False,153.0,,2026-08-29T01:44:31+00:00
7e52ae493e044242938acb1398897fcb,a8e485a006df,wnba,2026-27,2026-08-22T16:31:24+00:00,2026-08-28,PDX,ATL,moneyline,ATL,,,,,0.6856,Normal CDF of projected margin (σ=12),,,False,,,PROJ,False,True,False,False,0.0,,2026-08-29T01:44:31+00:00
e93f252a35a54590a1e7d4268587459b,a8e485a006df,wnba,2026-27,2026-08-22T16:31:24+00:00,2026-08-28,PDX,ATL,spread,ATL,,,,,5.8,projected home margin,,,False,,,PROJ,False,True,,False,-18.0,,2026-08-29T01:44:31+00:00
2569ef4d9e0444178de299472f95f666,a8e485a006df,wnba,2026-27,2026-08-22T16:31:24+00:00,2026-08-28,PDX,ATL,total,,,,,,176.8,projected total,,,False,,,PROJ,False,True,,False,184.0,,2026-08-29T01:44:31+00:00
6b52789555aa42178d6e4dc9a06f5682,a8e485a006df,wnba,2026-27,2026-08-22T16:31:24+00:00,2026-08-28,CON,IND,moneyline,IND,,,,,0.758,Normal CDF of projected margin (σ=12),,,False,,,PROJ,False,True,True,False,1.0,,2026-08-29T01:44:31+00:00
acd67c4798c44a60938ba756c6714807,a8e485a006df,wnba,2026-27,2026-08-22T16:31:24+00:00,2026-08-28,CON,IND,spread,IND,,,,,8.4,projected home margin,,,False,,,PROJ,False,True,,False,20.0,,2026-08-29T01:44:31+00:00
b38d499452984ce689493379ad644772,a8e485a006df,wnba,2026-27,2026-08-22T16:31:24+00:00,2026-08-28,CON,IND,total,,,,,,176.2,projected total,,,False,,,PROJ,False,True,,False,202.0,,2026-08-29T01:44:31+00:00
829cee0d2f63435781fbf16a558a3a1b,a8e485a006df,wnba,2026-27,2026-08-22T16:31:24+00:00,2026-08-28,TOR,LVA,moneyline,LVA,,,,,0.7002,Normal CDF of projected margin (σ=12),,,False,,,PROJ,False,True,True,False,1.0,,2026-08-29T04:22:26+00:00
7c0c06aa5b414497a9e790fa43af975d,a8e485a006df,wnba,2026-27,2026-08-22T16:31:24+00:00,2026-08-28,TOR,LVA,spread,LVA,,,,,6.3,projected home margin,,,False,,,PROJ,False,True,,False,20.0,,2026-08-29T04:22:26+00:00
62ae33578f964e2ab9bfa7b7cffc2391,a8e485a006df,wnba,2026-27,2026-08-22T16:31:24+00:00,2026-08-28,TOR,LVA,total,,,,,,177.7,projected total,,,False,,,PROJ,False,True,,False,166.0,,2026-08-29T04:22:26+00:00
aef12d48e9da4ae1a7e3690d4ed0d28b,a8e485a006df,wnba,2026-27,2026-08-22T16:31:24+00:00,2026-08-28,WAS,LAS,moneyline,WAS,,,,,0.5199,Normal CDF of projected margin (σ=12),,,False,,,PROJ,False,True,False,False,1.0,,2026-08-29T04:22:26+00:00
9fb83b5506ef4e89acdf766b6860ed9e,a8e485a006df,wnba,2026-27,2026-08-22T16:31:24+00:00,2026-08-28,WAS,LAS,spread,WAS,,,,,-0.6,projected home margin,,,False,,,PROJ,False,True,,False,6.0,,2026-08-29T04:22:26+00:00
1001c65b79c94d56a023fedbe5360a63,a8e485a006df,wnba,2026-27,2026-08-22T16:31:24+00:00,2026-08-28,WAS,LAS,total,,,,,,172.4,projected total,,,False,,,PROJ,False,True,,False,170.0,,2026-08-29T04:22:26+00:00
91b72f824af64df0847245bcfcb839b8,a8e485a006df,wnba,2026-27,2026-08-22T16:31:24+00:00,2026-08-29,CHI,NYL,moneyline,NYL,,,,,0.6243,Normal CDF of projected margin (σ=12),,,False,,,PROJ,False,True,True,False,1.0,,2026-08-29T20:53:10+00:00
504feef1e6524af595c2b8ed66545738,a8e485a006df,wnba,2026-27,2026-08-22T16:31:24+00:00,2026-08-29,CHI,NYL,spread,NYL,,,,,3.8,projected home margin,,,False,,,PROJ,False,True,,False,19.0,,2026-08-29T20:53:10+00:00
5809a3b71eb7468e9fdbeec2b657ab4b,a8e485a006df,wnba,2026-27,2026-08-22T16:31:24+00:00,2026-08-29,CHI,NYL,total,,,,,,177.4,projected total,,,False,,,PROJ,False,True,,False,151.0,,2026-08-29T20:53:10+00:00
bc4be5fc89e54ccf8595c60ca711c51b,a8e485a006df,wnba,2026-27,2026-08-22T16:31:24+00:00,2026-08-29,TOR,PHX,moneyline,PHX,,,,,0.6019,Normal CDF of projected margin (σ=12),,,False,,,PROJ,False,True,True,False,1.0,,2026-08-30T17:47:32+00:00
eb54148fc2484611bce58045fb3a3e12,a8e485a006df,wnba,2026-27,2026-08-22T16:31:24+00:00,2026-08-29,TOR,PHX,spread,PHX,,,,,3.1,projected home margin,,,False,,,PROJ,False,True,,False,32.0,,2026-08-30T17:47:32+00:00
4336e612eb3f42b1b01ed0adb338fa74,a8e485a006df,wnba,2026-27,2026-08-22T16:31:24+00:00,2026-08-29,TOR,PHX,total,,,,,,176.7,projected total,,,False,,,PROJ,False,True,,False,170.0,,2026-08-30T17:47:32+00:00
ba9f3848066f461fafe4d234f0ecc5f9,a8e485a006df,wnba,2026-27,2026-08-22T16:31:24+00:00,2026-08-30,MIN,ATL,moneyline,MIN,,,,,0.5199,Normal CDF of projected margin (σ=12),,,False,,,PROJ,False,False,,,,result_not_available_yet,
fd97d1496c4d4e6780219ea909e4827a,a8e485a006df,wnba,2026-27,2026-08-22T16:31:24+00:00,2026-08-30,MIN,ATL,spread,MIN,,,,,-0.6,projected home margin,,,False,,,PROJ,False,False,,,,result_not_available_yet,
af1ded750f7543d0a290f9f2b592947e,a8e485a006df,wnba,2026-27,2026-08-22T16:31:24+00:00,2026-08-30,MIN,ATL,total,,,,,,176.0,projected total,,,False,,,PROJ,False,False,,,,result_not_available_yet,
de5376127f6444ec90959ebf3de4e1d0,a8e485a006df,wnba,2026-27,2026-08-22T16:31:24+00:00,2026-08-30,LAS,SEA,moneyline,SEA,,,,,0.5398,Normal CDF of projected margin (σ=12),,,False,,,PROJ,False,False,,,,result_not_available_yet,
f38131443baf43fa91ef04c85ed53cce,a8e485a006df,wnba,2026-27,2026-08-22T16:31:24+00:00,2026-08-30,LAS,SEA,spread,SEA,,,,,1.2,projected home margin,,,False,,,PROJ,False,False,,,,result_not_available_yet,
1060f8aeca004e23af3963218280f77d,a8e485a006df,wnba,2026-27,2026-08-22T16:31:24+00:00,2026-08-30,LAS,SEA,total,,,,,,173.6,projected total,,,False,,,PROJ,False,False,,,,result_not_available_yet,
e8bc23ab062f47a490a8e401499e6696,a8e485a006df,wnba,2026-27,2026-08-22T16:31:24+00:00,2026-08-30,GSV,PDX,moneyline,GSV,,,,,0.6274,Normal CDF of projected margin (σ=12),,,False,,,PROJ,False,False,,,,result_not_available_yet,
79f1a29f097d44cbb645fc65d90728c4,a8e485a006df,wnba,2026-27,2026-08-22T16:31:24+00:00,2026-08-30,GSV,PDX,spread,GSV,,,,,-3.9,projected home margin,,,False,,,PROJ,False,False,,,,result_not_available_yet,
2c61e6c431d341738cf63fb92548c9dc,a8e485a006df,wnba,2026-27,2026-08-22T16:31:24+00:00,2026-08-30,GSV,PDX,total,,,,,,168.5,projected total,,,False,,,PROJ,False,False,,,,result_not_available_yet,
17db7537d870425d8e4af8e41512f947,a8e485a006df,wnba,2026-27,2026-08-22T16:31:24+00:00,2026-08-30,CON,DAL,moneyline,DAL,,,,,0.7002,Normal CDF of projected margin (σ=12),,,False,,,PROJ,False,False,,,,result_not_available_yet,
695e342caf3b433881167e19d33c8096,a8e485a006df,wnba,2026-27,2026-08-22T16:31:24+00:00,2026-08-30,CON,DAL,spread,DAL,,,,,6.3,projected home margin,,,False,,,PROJ,False,False,,,,result_not_available_yet,
111bc98cb82f4057a582bfd554c69c95,a8e485a006df,wnba,2026-27,2026-08-22T16:31:24+00:00,2026-08-30,CON,DAL,total,,,,,,170.5,projected total,,,False,,,PROJ,False,False,,,,result_not_available_yet,
8e84c53b155142bda998d2848d483531,3e2d6dcd33ba,wnba,2026-27,2026-08-23T16:18:19+00:00,2026-08-23,SEA,DAL,moneyline,DAL,,,,,0.6585,Normal CDF of projected margin (σ=12),,,False,,,PROJ,False,True,True,False,1.0,,2026-08-24T18:24:26+00:00
bed25b279bf14407b791b44a0e494720,3e2d6dcd33ba,wnba,2026-27,2026-08-23T16:18:19+00:00,2026-08-23,SEA,DAL,spread,DAL,,,,,4.9,projected home margin,,,False,,,PROJ,False,True,,False,22.0,,2026-08-24T18:24:26+00:00
6e176af3ba4b48c39f21ac0128f09ee3,3e2d6dcd33ba,wnba,2026-27,2026-08-23T16:18:19+00:00,2026-08-23,SEA,DAL,total,,,,,,170.9,projected total,,,False,,,PROJ,False,True,,False,162.0,,2026-08-24T18:24:26+00:00
34c21c2d3c134238b7bcbbf8e74d981b,3e2d6dcd33ba,wnba,2026-27,2026-08-23T16:18:19+00:00,2026-08-23,IND,CHI,moneyline,IND,,,,,0.5858,Normal CDF of projected margin (σ=12),,,False,,,PROJ,False,True,True,False,0.0,,2026-08-24T18:24:26+00:00
e8c0c29317724b4aa6924394d28ccb48,3e2d6dcd33ba,wnba,2026-27,2026-08-23T16:18:19+00:00,2026-08-23,IND,CHI,spread,IND,,,,,-2.6,projected home margin,,,False,,,PROJ,False,True,,False,-23.0,,2026-08-24T18:24:26+00:00
19bb2946a58d439498df421a140be2f1,3e2d6dcd33ba,wnba,2026-27,2026-08-23T16:18:19+00:00,2026-08-23,IND,CHI,total,,,,,,182.0,projected total,,,False,,,PROJ,False,True,,False,203.0,,2026-08-24T18:24:26+00:00
00139acf72a547bca0aecaa4e7377338,3e2d6dcd33ba,wnba,2026-27,2026-08-23T16:18:19+00:00,2026-08-23,WAS,PDX,moneyline,WAS,,,,,0.51,Normal CDF of projected margin (σ=12),,,False,,,PROJ,False,True,True,False,0.0,,2026-08-24T18:24:26+00:00
7e9d4de5a5a343599dcaaf7ac00cf76d,3e2d6dcd33ba,wnba,2026-27,2026-08-23T16:18:19+00:00,2026-08-23,WAS,PDX,spread,WAS,,,,,-0.3,projected home margin,,,False,,,PROJ,False,True,,False,-5.0,,2026-08-24T18:24:26+00:00
4cf0549925f74c3cb471c752ab643112,3e2d6dcd33ba,wnba,2026-27,2026-08-23T16:18:19+00:00,2026-08-23,WAS,PDX,total,,,,,,171.1,projected total,,,False,,,PROJ,False,True,,False,205.0,,2026-08-24T18:24:26+00:00
d3b16789d8894bc388bc94deb1553da1,3e2d6dcd33ba,wnba,2026-27,2026-08-23T16:18:19+00:00,2026-08-23,LVA,TOR,moneyline,LVA,,,,,0.6115,Normal CDF of projected margin (σ=12),,,False,,,PROJ,False,True,True,False,0.0,,2026-08-24T18:24:26+00:00
fa16f46dde4a4e15b892227ea59f6157,3e2d6dcd33ba,wnba,2026-27,2026-08-23T16:18:19+00:00,2026-08-23,LVA,TOR,spread,LVA,,,,,-3.4,projected home margin,,,False,,,PROJ,False,True,,False,-10.0,,2026-08-24T18:24:26+00:00
6e51fbd9c0594d398996cb6c15a89b9e,3e2d6dcd33ba,wnba,2026-27,2026-08-23T16:18:19+00:00,2026-08-23,LVA,TOR,total,,,,,,177.6,projected total,,,False,,,PROJ,False,True,,False,166.0,,2026-08-24T18:24:26+00:00
4ca4183d1b694b12ab22b4cad42f0cd8,3e2d6dcd33ba,wnba,2026-27,2026-08-23T16:18:19+00:00,2026-08-24,GSV,MIN,moneyline,MIN,,,,,0.576,Normal CDF of projected margin (σ=12),,,False,,,PROJ,False,True,False,False,0.0,,2026-08-26T17:34:55+00:00
8df28aa2440c46d5a2f217d4f1fd1755,3e2d6dcd33ba,wnba,2026-27,2026-08-23T16:18:19+00:00,2026-08-24,GSV,MIN,spread,MIN,,,,,2.3,projected home margin,,,False,,,PROJ,False,True,,False,-14.0,,2026-08-26T17:34:55+00:00
cd17915842e045a2a796564a1f36fd41,3e2d6dcd33ba,wnba,2026-27,2026-08-23T16:18:19+00:00,2026-08-24,GSV,MIN,total,,,,,,167.7,projected total,,,False,,,PROJ,False,True,,False,146.0,,2026-08-26T17:34:55+00:00
ea57d155271740e4b63e9859ea3f6438,3e2d6dcd33ba,wnba,2026-27,2026-08-23T16:18:19+00:00,2026-08-24,ATL,LAS,moneyline,ATL,,,,,0.6051,Normal CDF of projected margin (σ=12),,,False,,,PROJ,False,True,True,False,0.0,,2026-08-26T17:34:55+00:00
85919024d67c43cc99d2a3130bdfb7be,3e2d6dcd33ba,wnba,2026-27,2026-08-23T16:18:19+00:00,2026-08-24,ATL,LAS,spread,ATL,,,,,-3.2,projected home margin,,,False,,,PROJ,False,True,,False,-7.0,,2026-08-26T17:34:55+00:00
8f1ab9b6a9494408bba78b79abdc7071,3e2d6dcd33ba,wnba,2026-27,2026-08-23T16:18:19+00:00,2026-08-24,ATL,LAS,total,,,,,,178.2,projected total,,,False,,,PROJ,False,True,,False,149.0,,2026-08-26T17:34:55+00:00
1ab8e02153a34f61bc22ae1526587449,3e2d6dcd33ba,wnba,2026-27,2026-08-23T16:18:19+00:00,2026-08-25,CHI,CON,moneyline,CHI,,,,,0.5497,Normal CDF of projected margin (σ=12),,,False,,,PROJ,False,True,False,False,1.0,,2026-08-26T17:34:55+00:00
b70e8c3978b245b39aac892054d229c4,3e2d6dcd33ba,wnba,2026-27,2026-08-23T16:18:19+00:00,2026-08-25,CHI,CON,spread,CHI,,,,,-1.5,projected home margin,,,False,,,PROJ,False,True,,False,6.0,,2026-08-26T17:34:55+00:00
839a73b17ea7450f800e87a285a667e8,3e2d6dcd33ba,wnba,2026-27,2026-08-23T16:18:19+00:00,2026-08-25,CHI,CON,total,,,,,,171.7,projected total,,,False,,,PROJ,False,True,,False,168.0,,2026-08-26T17:34:55+00:00
9f6c207fd5ae406499f656b6b74dadf6,3e2d6dcd33ba,wnba,2026-27,2026-08-23T16:18:19+00:00,2026-08-25,PDX,DAL,moneyline,DAL,,,,,0.6462,Normal CDF of projected margin (σ=12),,,False,,,PROJ,False,True,True,False,1.0,,2026-08-26T17:34:55+00:00
7136bb4b975e469abaf9e70387631b00,3e2d6dcd33ba,wnba,2026-27,2026-08-23T16:18:19+00:00,2026-08-25,PDX,DAL,spread,DAL,,,,,4.5,projected home margin,,,False,,,PROJ,False,True,,False,18.0,,2026-08-26T17:34:55+00:00
eadf0eeb69244711972df2065b927c73,3e2d6dcd33ba,wnba,2026-27,2026-08-23T16:18:19+00:00,2026-08-25,PDX,DAL,total,,,,,,176.3,projected total,,,False,,,PROJ,False,True,,False,174.0,,2026-08-26T17:34:55+00:00
8f1ebcfe0016447da857dd12174fc69e,3e2d6dcd33ba,wnba,2026-27,2026-08-23T16:18:19+00:00,2026-08-25,WAS,PHX,moneyline,PHX,,,,,0.5,Normal CDF of projected margin (σ=12),,,False,,,PROJ,False,True,False,False,0.0,,2026-08-26T17:34:55+00:00
67069b0cd03247e285cb48b3e61ffc84,3e2d6dcd33ba,wnba,2026-27,2026-08-23T16:18:19+00:00,2026-08-25,WAS,PHX,spread,PUSH,,,,,0.0,projected home margin,,,False,,,PROJ,False,True,,False,-10.0,,2026-08-26T17:34:55+00:00
7d41ebbc546e4e0b89883308850b0940,3e2d6dcd33ba,wnba,2026-27,2026-08-23T16:18:19+00:00,2026-08-25,WAS,PHX,total,,,,,,167.8,projected total,,,False,,,PROJ,False,True,,False,178.0,,2026-08-26T17:34:55+00:00
0a1dc9a9a45a4a27b5f37de9a58874dc,3e2d6dcd33ba,wnba,2026-27,2026-08-23T16:18:19+00:00,2026-08-26,GSV,CON,moneyline,GSV,,,,,0.6766,Normal CDF of projected margin (σ=12),,,False,,,PROJ,False,True,True,False,0.0,,2026-08-28T02:10:01+00:00
b5b03639cf5f44e980a9b046c392ed95,3e2d6dcd33ba,wnba,2026-27,2026-08-23T16:18:19+00:00,2026-08-26,GSV,CON,spread,GSV,,,,,-5.5,projected home margin,,,False,,,PROJ,False,True,,False,-25.0,,2026-08-28T02:10:01+00:00
154cc607946d47aca73a02a0291e6f6f,3e2d6dcd33ba,wnba,2026-27,2026-08-23T16:18:19+00:00,2026-08-26,GSV,CON,total,,,,,,162.9,projected total,,,False,,,PROJ,False,True,,False,153.0,,2026-08-28T02:10:01+00:00
e1a166a5d6624b5ebbb07086cd61f4a3,3e2d6dcd33ba,wnba,2026-27,2026-08-23T16:18:19+00:00,2026-08-26,TOR,SEA,moneyline,SEA,,,,,0.5793,Normal CDF of projected margin (σ=12),,,False,,,PROJ,False,True,True,False,1.0,,2026-08-28T02:10:01+00:00
cb9f8b374bd546dab26afcd474b679e5,3e2d6dcd33ba,wnba,2026-27,2026-08-23T16:18:19+00:00,2026-08-26,TOR,SEA,spread,SEA,,,,,2.4,projected home margin,,,False,,,PROJ,False,True,,False,12.0,,2026-08-28T02:10:01+00:00
d9a5aca8c5874e908ccca1f24f5c1a02,3e2d6dcd33ba,wnba,2026-27,2026-08-23T16:18:19+00:00,2026-08-26,TOR,SEA,total,,,,,,174.4,projected total,,,False,,,PROJ,False,True,,False,168.0,,2026-08-28T02:10:01+00:00
29757c7382f64f44aea13bbcd1399937,3e2d6dcd33ba,wnba,2026-27,2026-08-23T16:18:19+00:00,2026-08-27,GSV,NYL,moneyline,GSV,,,,,0.51,Normal CDF of projected margin (σ=12),,,False,,,PROJ,False,True,True,False,0.0,,2026-08-28T02:10:01+00:00
63ab0f0d079c4697b6541b58d0258050,3e2d6dcd33ba,wnba,2026-27,2026-08-23T16:18:19+00:00,2026-08-27,GSV,NYL,spread,GSV,,,,,-0.3,projected home margin,,,False,,,PROJ,False,True,,False,-19.0,,2026-08-28T02:10:01+00:00
b0fc00a484e64932a682ed12196afe67,3e2d6dcd33ba,wnba,2026-27,2026-08-23T16:18:19+00:00,2026-08-27,GSV,NYL,total,,,,,,168.3,projected total,,,False,,,PROJ,False,True,,False,139.0,,2026-08-28T02:10:01+00:00
fd1e7e61751145afaa0c9f16c4b4a531,3e2d6dcd33ba,wnba,2026-27,2026-08-23T16:18:19+00:00,2026-08-27,WAS,PHX,moneyline,PHX,,,,,0.5,Normal CDF of projected margin (σ=12),,,False,,,PROJ,False,True,False,False,0.0,,2026-08-29T01:44:31+00:00
f53ac45aa74040f7bf474fa24508700e,3e2d6dcd33ba,wnba,2026-27,2026-08-23T16:18:19+00:00,2026-08-27,WAS,PHX,spread,PUSH,,,,,0.0,projected home margin,,,False,,,PROJ,False,True,,False,-7.0,,2026-08-29T01:44:31+00:00
9509092f2f584a6389fd390327e246ac,3e2d6dcd33ba,wnba,2026-27,2026-08-23T16:18:19+00:00,2026-08-27,WAS,PHX,total,,,,,,167.8,projected total,,,False,,,PROJ,False,True,,False,153.0,,2026-08-29T01:44:31+00:00
f98c8fe277994aa089b84a9f9ad78ec4,3e2d6dcd33ba,wnba,2026-27,2026-08-23T16:18:19+00:00,2026-08-28,PDX,ATL,moneyline,ATL,,,,,0.6856,Normal CDF of projected margin (σ=12),,,False,,,PROJ,False,True,False,False,0.0,,2026-08-29T01:44:31+00:00
b302d441bd3245699d3c71ad30e0bf59,3e2d6dcd33ba,wnba,2026-27,2026-08-23T16:18:19+00:00,2026-08-28,PDX,ATL,spread,ATL,,,,,5.8,projected home margin,,,False,,,PROJ,False,True,,False,-18.0,,2026-08-29T01:44:31+00:00
8de2ea9ecc38414e951e7b31435b4f74,3e2d6dcd33ba,wnba,2026-27,2026-08-23T16:18:19+00:00,2026-08-28,PDX,ATL,total,,,,,,176.8,projected total,,,False,,,PROJ,False,True,,False,184.0,,2026-08-29T01:44:31+00:00
3362d22a2a13408fa4741fd217c99cf0,3e2d6dcd33ba,wnba,2026-27,2026-08-23T16:18:19+00:00,2026-08-28,CON,IND,moneyline,IND,,,,,0.758,Normal CDF of projected margin (σ=12),,,False,,,PROJ,False,True,True,False,1.0,,2026-08-29T01:44:31+00:00
0b34ec8284f04da4bedbfaaf8ef0e8a6,3e2d6dcd33ba,wnba,2026-27,2026-08-23T16:18:19+00:00,2026-08-28,CON,IND,spread,IND,,,,,8.4,projected home margin,,,False,,,PROJ,False,True,,False,20.0,,2026-08-29T01:44:31+00:00
1af7483d7d20431ea9a535a8b50d561f,3e2d6dcd33ba,wnba,2026-27,2026-08-23T16:18:19+00:00,2026-08-28,CON,IND,total,,,,,,176.2,projected total,,,False,,,PROJ,False,True,,False,202.0,,2026-08-29T01:44:31+00:00
225b78be8ba34d43909c7e301b2fb778,3e2d6dcd33ba,wnba,2026-27,2026-08-23T16:18:19+00:00,2026-08-28,TOR,LVA,moneyline,LVA,,,,,0.7031,Normal CDF of projected margin (σ=12),,,False,,,PROJ,False,True,True,False,1.0,,2026-08-29T04:22:27+00:00
55dce53a4ec54e3a8f6485f43f7198fb,3e2d6dcd33ba,wnba,2026-27,2026-08-23T16:18:19+00:00,2026-08-28,TOR,LVA,spread,LVA,,,,,6.4,projected home margin,,,False,,,PROJ,False,True,,False,20.0,,2026-08-29T04:22:27+00:00
a8a3a51e53e64bc18172f014a8303b73,3e2d6dcd33ba,wnba,2026-27,2026-08-23T16:18:19+00:00,2026-08-28,TOR,LVA,total,,,,,,177.6,projected total,,,False,,,PROJ,False,True,,False,166.0,,2026-08-29T04:22:27+00:00
312048c2cf3942ec8bdec29023b6ba03,3e2d6dcd33ba,wnba,2026-27,2026-08-23T16:18:19+00:00,2026-08-28,WAS,LAS,moneyline,WAS,,,,,0.5166,Normal CDF of projected margin (σ=12),,,False,,,PROJ,False,True,False,False,1.0,,2026-08-29T04:22:27+00:00
53d7871c96674a39ba67c9192ece367e,3e2d6dcd33ba,wnba,2026-27,2026-08-23T16:18:19+00:00,2026-08-28,WAS,LAS,spread,WAS,,,,,-0.5,projected home margin,,,False,,,PROJ,False,True,,False,6.0,,2026-08-29T04:22:27+00:00
7daf205d32374977a2404b3293902483,3e2d6dcd33ba,wnba,2026-27,2026-08-23T16:18:19+00:00,2026-08-28,WAS,LAS,total,,,,,,172.5,projected total,,,False,,,PROJ,False,True,,False,170.0,,2026-08-29T04:22:27+00:00
f2ab4d489bdd48aeac9944b5534e9efc,3e2d6dcd33ba,wnba,2026-27,2026-08-23T16:18:19+00:00,2026-08-29,CHI,NYL,moneyline,NYL,,,,,0.6243,Normal CDF of projected margin (σ=12),,,False,,,PROJ,False,True,True,False,1.0,,2026-08-29T20:53:10+00:00
f6fe98d829db4122aded7d06eb912d62,3e2d6dcd33ba,wnba,2026-27,2026-08-23T16:18:19+00:00,2026-08-29,CHI,NYL,spread,NYL,,,,,3.8,projected home margin,,,False,,,PROJ,False,True,,False,19.0,,2026-08-29T20:53:10+00:00
b9026a348be8491597ad488336cb02e6,3e2d6dcd33ba,wnba,2026-27,2026-08-23T16:18:19+00:00,2026-08-29,CHI,NYL,total,,,,,,177.4,projected total,,,False,,,PROJ,False,True,,False,151.0,,2026-08-29T20:53:10+00:00
18de756d5122412ca228803244451bb4,3e2d6dcd33ba,wnba,2026-27,2026-08-23T16:18:19+00:00,2026-08-29,TOR,PHX,moneyline,PHX,,,,,0.6019,Normal CDF of projected margin (σ=12),,,False,,,PROJ,False,True,True,False,1.0,,2026-08-30T17:47:32+00:00
f194f675d9d04d44a66712e1d486ce7b,3e2d6dcd33ba,wnba,2026-27,2026-08-23T16:18:19+00:00,2026-08-29,TOR,PHX,spread,PHX,,,,,3.1,projected home margin,,,False,,,PROJ,False,True,,False,32.0,,2026-08-30T17:47:32+00:00
a950177f6a284a21b4bb6bef2327ddf4,3e2d6dcd33ba,wnba,2026-27,2026-08-23T16:18:19+00:00,2026-08-29,TOR,PHX,total,,,,,,176.7,projected total,,,False,,,PROJ,False,True,,False,170.0,,2026-08-30T17:47:32+00:00
2078a91887e04c37b4a17ad47097555d,3e2d6dcd33ba,wnba,2026-27,2026-08-23T16:18:19+00:00,2026-08-30,MIN,ATL,moneyline,MIN,,,,,0.5199,Normal CDF of projected margin (σ=12),,,False,,,PROJ,False,False,,,,result_not_available_yet,
31b5eb2751694476bb48df1d3397a153,3e2d6dcd33ba,wnba,2026-27,2026-08-23T16:18:19+00:00,2026-08-30,MIN,ATL,spread,MIN,,,,,-0.6,projected home margin,,,False,,,PROJ,False,False,,,,result_not_available_yet,
2e507cd20129428381f5f34e339c1c8e,3e2d6dcd33ba,wnba,2026-27,2026-08-23T16:18:19+00:00,2026-08-30,MIN,ATL,total,,,,,,176.0,projected total,,,False,,,PROJ,False,False,,,,result_not_available_yet,
01d8462daf6b46289b7df091a8053e45,3e2d6dcd33ba,wnba,2026-27,2026-08-23T16:18:19+00:00,2026-08-30,LAS,SEA,moneyline,SEA,,,,,0.5398,Normal CDF of projected margin (σ=12),,,False,,,PROJ,False,False,,,,result_not_available_yet,
14efb610706c43129859239652c05128,3e2d6dcd33ba,wnba,2026-27,2026-08-23T16:18:19+00:00,2026-08-30,LAS,SEA,spread,SEA,,,,,1.2,projected home margin,,,False,,,PROJ,False,False,,,,result_not_available_yet,
e5354186dc524bd49e038c05feedb867,3e2d6dcd33ba,wnba,2026-27,2026-08-23T16:18:19+00:00,2026-08-30,LAS,SEA,total,,,,,,173.6,projected total,,,False,,,PROJ,False,False,,,,result_not_available_yet,
4d0849ab2912499d94ccbef4fc61017d,3e2d6dcd33ba,wnba,2026-27,2026-08-23T16:18:19+00:00,2026-08-30,GSV,PDX,moneyline,GSV,,,,,0.6243,Normal CDF of projected margin (σ=12),,,False,,,PROJ,False,False,,,,result_not_available_yet,
b74363719afa4a3591c0699f87dc7c5c,3e2d6dcd33ba,wnba,2026-27,2026-08-23T16:18:19+00:00,2026-08-30,GSV,PDX,spread,GSV,,,,,-3.8,projected home margin,,,False,,,PROJ,False,False,,,,result_not_available_yet,
a95a2847f2994477a6ea2d7aaba95340,3e2d6dcd33ba,wnba,2026-27,2026-08-23T16:18:19+00:00,2026-08-30,GSV,PDX,total,,,,,,168.4,projected total,,,False,,,PROJ,False,False,,,,result_not_available_yet,
e723f44e8e50456d9e16690f45ab4543,3e2d6dcd33ba,wnba,2026-27,2026-08-23T16:18:19+00:00,2026-08-30,CON,DAL,moneyline,DAL,,,,,0.7002,Normal CDF of projected margin (σ=12),,,False,,,PROJ,False,False,,,,result_not_available_yet,
23bd173c2d4e43bf9ab66c2c17b87330,3e2d6dcd33ba,wnba,2026-27,2026-08-23T16:18:19+00:00,2026-08-30,CON,DAL,spread,DAL,,,,,6.3,projected home margin,,,False,,,PROJ,False,False,,,,result_not_available_yet,
fe7fd80f01c344708ba316cf7aa6fe7d,3e2d6dcd33ba,wnba,2026-27,2026-08-23T16:18:19+00:00,2026-08-30,CON,DAL,total,,,,,,170.5,projected total,,,False,,,PROJ,False,False,,,,result_not_available_yet,
3f0659a397da4292b175edeb8c1c4af2,280a637ea399,wnba,2026-27,2026-08-24T18:24:56+00:00,2026-08-24,GSV,MIN,moneyline,MIN,,,,,0.576,Normal CDF of projected margin (σ=12),,,False,,,PROJ,False,True,False,False,0.0,,2026-08-26T17:34:55+00:00
56b485af72db438985dc5e81bf67354c,280a637ea399,wnba,2026-27,2026-08-24T18:24:56+00:00,2026-08-24,GSV,MIN,spread,MIN,,,,,2.3,projected home margin,,,False,,,PROJ,False,True,,False,-14.0,,2026-08-26T17:34:55+00:00
00efaeed347f4aca943ae3810ec5b7e5,280a637ea399,wnba,2026-27,2026-08-24T18:24:56+00:00,2026-08-24,GSV,MIN,total,,,,,,167.7,projected total,,,False,,,PROJ,False,True,,False,146.0,,2026-08-26T17:34:55+00:00
fb7f7516bd3f4e30ba6406e907c94caf,280a637ea399,wnba,2026-27,2026-08-24T18:24:56+00:00,2026-08-24,ATL,LAS,moneyline,ATL,,,,,0.6115,Normal CDF of projected margin (σ=12),,,False,,,PROJ,False,True,True,False,0.0,,2026-08-26T17:34:55+00:00
6abdf21f5ff849ec9a12ce71fc48d165,280a637ea399,wnba,2026-27,2026-08-24T18:24:56+00:00,2026-08-24,ATL,LAS,spread,ATL,,,,,-3.4,projected home margin,,,False,,,PROJ,False,True,,False,-7.0,,2026-08-26T17:34:55+00:00
ea2bb491014141d8a0a647fba75d1038,280a637ea399,wnba,2026-27,2026-08-24T18:24:56+00:00,2026-08-24,ATL,LAS,total,,,,,,178.2,projected total,,,False,,,PROJ,False,True,,False,149.0,,2026-08-26T17:34:55+00:00
acc2cbb3bb2648c58570d472debf27d0,280a637ea399,wnba,2026-27,2026-08-24T18:24:56+00:00,2026-08-25,CHI,CON,moneyline,CHI,,,,,0.5563,Normal CDF of projected margin (σ=12),,,False,,,PROJ,False,True,False,False,1.0,,2026-08-26T17:34:55+00:00
8b474508cf0f4ac28c23b20fbf0a49aa,280a637ea399,wnba,2026-27,2026-08-24T18:24:56+00:00,2026-08-25,CHI,CON,spread,CHI,,,,,-1.7,projected home margin,,,False,,,PROJ,False,True,,False,6.0,,2026-08-26T17:34:55+00:00
28aa25c797784ddf98ea2af48ce59467,280a637ea399,wnba,2026-27,2026-08-24T18:24:56+00:00,2026-08-25,CHI,CON,total,,,,,,171.7,projected total,,,False,,,PROJ,False,True,,False,168.0,,2026-08-26T17:34:55+00:00
cc9cb867d5454f81886dff78580bf5c0,280a637ea399,wnba,2026-27,2026-08-24T18:24:56+00:00,2026-08-25,PDX,DAL,moneyline,DAL,,,,,0.6431,Normal CDF of projected margin (σ=12),,,False,,,PROJ,False,True,True,False,1.0,,2026-08-26T17:34:55+00:00
1fe5a7a0d9f4498aae3b925596ad06be,280a637ea399,wnba,2026-27,2026-08-24T18:24:56+00:00,2026-08-25,PDX,DAL,spread,DAL,,,,,4.4,projected home margin,,,False,,,PROJ,False,True,,False,18.0,,2026-08-26T17:34:55+00:00
a7b8eda7544044a2b10bfe0cde0ce4d3,280a637ea399,wnba,2026-27,2026-08-24T18:24:56+00:00,2026-08-25,PDX,DAL,total,,,,,,176.2,projected total,,,False,,,PROJ,False,True,,False,174.0,,2026-08-26T17:34:55+00:00
819ef93cee0140728ccbe1978f2a503f,280a637ea399,wnba,2026-27,2026-08-24T18:24:56+00:00,2026-08-25,WAS,PHX,moneyline,PHX,,,,,0.5,Normal CDF of projected margin (σ=12),,,False,,,PROJ,False,True,False,False,0.0,,2026-08-26T17:34:55+00:00
f300336839424bf1ae8c1b0ec378f756,280a637ea399,wnba,2026-27,2026-08-24T18:24:56+00:00,2026-08-25,WAS,PHX,spread,PUSH,,,,,0.0,projected home margin,,,False,,,PROJ,False,True,,False,-10.0,,2026-08-26T17:34:55+00:00
39e3fc1692bb41109110a4c814a8c360,280a637ea399,wnba,2026-27,2026-08-24T18:24:56+00:00,2026-08-25,WAS,PHX,total,,,,,,167.8,projected total,,,False,,,PROJ,False,True,,False,178.0,,2026-08-26T17:34:55+00:00
6f01de3a759d4b7f8908b86f96a034cb,280a637ea399,wnba,2026-27,2026-08-24T18:24:56+00:00,2026-08-26,GSV,CON,moneyline,GSV,,,,,0.6796,Normal CDF of projected margin (σ=12),,,False,,,PROJ,False,True,True,False,0.0,,2026-08-28T02:10:01+00:00
62d6d34a7f74499e882fa071c2a84ef4,280a637ea399,wnba,2026-27,2026-08-24T18:24:56+00:00,2026-08-26,GSV,CON,spread,GSV,,,,,-5.6,projected home margin,,,False,,,PROJ,False,True,,False,-25.0,,2026-08-28T02:10:01+00:00
8313b08c0f1a4e1b8b2590dfcfdfd6dc,280a637ea399,wnba,2026-27,2026-08-24T18:24:56+00:00,2026-08-26,GSV,CON,total,,,,,,162.8,projected total,,,False,,,PROJ,False,True,,False,153.0,,2026-08-28T02:10:01+00:00
0e1a460f92624c39a8cc65d441eee38e,280a637ea399,wnba,2026-27,2026-08-24T18:24:56+00:00,2026-08-26,TOR,SEA,moneyline,SEA,,,,,0.576,Normal CDF of projected margin (σ=12),,,False,,,PROJ,False,True,True,False,1.0,,2026-08-28T02:10:01+00:00
7a067713eee74ee499bd765badae9951,280a637ea399,wnba,2026-27,2026-08-24T18:24:56+00:00,2026-08-26,TOR,SEA,spread,SEA,,,,,2.3,projected home margin,,,False,,,PROJ,False,True,,False,12.0,,2026-08-28T02:10:01+00:00
8e0d39fa77984bb8b739c6b7eb92708d,280a637ea399,wnba,2026-27,2026-08-24T18:24:56+00:00,2026-08-26,TOR,SEA,total,,,,,,174.5,projected total,,,False,,,PROJ,False,True,,False,168.0,,2026-08-28T02:10:01+00:00
eb2590eedf914c6098b616f8dd3bf00e,280a637ea399,wnba,2026-27,2026-08-24T18:24:56+00:00,2026-08-27,GSV,NYL,moneyline,GSV,,,,,0.5166,Normal CDF of projected margin (σ=12),,,False,,,PROJ,False,True,True,False,0.0,,2026-08-28T02:10:01+00:00
dc538f2df5174308af3b593fd9add2ab,280a637ea399,wnba,2026-27,2026-08-24T18:24:56+00:00,2026-08-27,GSV,NYL,spread,GSV,,,,,-0.5,projected home margin,,,False,,,PROJ,False,True,,False,-19.0,,2026-08-28T02:10:01+00:00
d5f8172d857e4acba2394e53ad7fc277,280a637ea399,wnba,2026-27,2026-08-24T18:24:56+00:00,2026-08-27,GSV,NYL,total,,,,,,168.3,projected total,,,False,,,PROJ,False,True,,False,139.0,,2026-08-28T02:10:01+00:00
7ae1c7b3392c44a88cf8bdbb12f17d2a,280a637ea399,wnba,2026-27,2026-08-24T18:24:56+00:00,2026-08-27,WAS,PHX,moneyline,PHX,,,,,0.5,Normal CDF of projected margin (σ=12),,,False,,,PROJ,False,True,False,False,0.0,,2026-08-29T01:44:31+00:00
ef7921e8cd8c41459dad47984457e743,280a637ea399,wnba,2026-27,2026-08-24T18:24:56+00:00,2026-08-27,WAS,PHX,spread,PUSH,,,,,0.0,projected home margin,,,False,,,PROJ,False,True,,False,-7.0,,2026-08-29T01:44:31+00:00
4cfbeee7a85d4c88b7f46fe2309a6436,280a637ea399,wnba,2026-27,2026-08-24T18:24:56+00:00,2026-08-27,WAS,PHX,total,,,,,,167.8,projected total,,,False,,,PROJ,False,True,,False,153.0,,2026-08-29T01:44:31+00:00
d2c722f98bd24925a5d09e99be480749,280a637ea399,wnba,2026-27,2026-08-24T18:24:56+00:00,2026-08-28,PDX,ATL,moneyline,ATL,,,,,0.6856,Normal CDF of projected margin (σ=12),,,False,,,PROJ,False,True,False,False,0.0,,2026-08-29T01:44:31+00:00
65fd2677ef484e288c62c1fecc8cc2d2,280a637ea399,wnba,2026-27,2026-08-24T18:24:56+00:00,2026-08-28,PDX,ATL,spread,ATL,,,,,5.8,projected home margin,,,False,,,PROJ,False,True,,False,-18.0,,2026-08-29T01:44:31+00:00
4a637875282340e0880059ee943473d6,280a637ea399,wnba,2026-27,2026-08-24T18:24:56+00:00,2026-08-28,PDX,ATL,total,,,,,,176.8,projected total,,,False,,,PROJ,False,True,,False,184.0,,2026-08-29T01:44:31+00:00
0805ea5702fa430eadccaa4ea258fcc4,280a637ea399,wnba,2026-27,2026-08-24T18:24:56+00:00,2026-08-28,CON,IND,moneyline,IND,,,,,0.7554,Normal CDF of projected margin (σ=12),,,False,,,PROJ,False,True,True,False,1.0,,2026-08-29T01:44:31+00:00
292d581bcdc74143b9fd07274e615925,280a637ea399,wnba,2026-27,2026-08-24T18:24:56+00:00,2026-08-28,CON,IND,spread,IND,,,,,8.3,projected home margin,,,False,,,PROJ,False,True,,False,20.0,,2026-08-29T01:44:31+00:00
5a187420325e4b159dcf0fd316b8bb81,280a637ea399,wnba,2026-27,2026-08-24T18:24:56+00:00,2026-08-28,CON,IND,total,,,,,,176.3,projected total,,,False,,,PROJ,False,True,,False,202.0,,2026-08-29T01:44:31+00:00
dd3b2ffb7b884164a301b66a3295b2c9,280a637ea399,wnba,2026-27,2026-08-24T18:24:56+00:00,2026-08-28,TOR,LVA,moneyline,LVA,,,,,0.6973,Normal CDF of projected margin (σ=12),,,False,,,PROJ,False,True,True,False,1.0,,2026-08-29T04:22:27+00:00
e520074111194b2c953a5267bfd518bf,280a637ea399,wnba,2026-27,2026-08-24T18:24:56+00:00,2026-08-28,TOR,LVA,spread,LVA,,,,,6.2,projected home margin,,,False,,,PROJ,False,True,,False,20.0,,2026-08-29T04:22:27+00:00
87b5d3e727aa4562aca98bb57256be06,280a637ea399,wnba,2026-27,2026-08-24T18:24:56+00:00,2026-08-28,TOR,LVA,total,,,,,,177.6,projected total,,,False,,,PROJ,False,True,,False,166.0,,2026-08-29T04:22:27+00:00
2533d132af2e4ab7b959bf13ef79132f,280a637ea399,wnba,2026-27,2026-08-24T18:24:56+00:00,2026-08-28,WAS,LAS,moneyline,WAS,,,,,0.5199,Normal CDF of projected margin (σ=12),,,False,,,PROJ,False,True,False,False,1.0,,2026-08-29T04:22:27+00:00
d97693ec17e2413f839c9ef67c38b23d,280a637ea399,wnba,2026-27,2026-08-24T18:24:56+00:00,2026-08-28,WAS,LAS,spread,WAS,,,,,-0.6,projected home margin,,,False,,,PROJ,False,True,,False,6.0,,2026-08-29T04:22:27+00:00
df5a916a7149419d927afbfe8da3cfb6,280a637ea399,wnba,2026-27,2026-08-24T18:24:56+00:00,2026-08-28,WAS,LAS,total,,,,,,172.4,projected total,,,False,,,PROJ,False,True,,False,170.0,,2026-08-29T04:22:27+00:00
4c459265a7464ffaa24f6a99fd872489,280a637ea399,wnba,2026-27,2026-08-24T18:24:56+00:00,2026-08-29,CHI,NYL,moneyline,NYL,,,,,0.6243,Normal CDF of projected margin (σ=12),,,False,,,PROJ,False,True,True,False,1.0,,2026-08-29T20:53:10+00:00
1459605e1cda45f2b49bb9b2f8c8a707,280a637ea399,wnba,2026-27,2026-08-24T18:24:56+00:00,2026-08-29,CHI,NYL,spread,NYL,,,,,3.8,projected home margin,,,False,,,PROJ,False,True,,False,19.0,,2026-08-29T20:53:10+00:00
2a694dd7102f4230a96d3a9731518986,280a637ea399,wnba,2026-27,2026-08-24T18:24:56+00:00,2026-08-29,CHI,NYL,total,,,,,,177.4,projected total,,,False,,,PROJ,False,True,,False,151.0,,2026-08-29T20:53:10+00:00
e1efea1b0ea24583b926addd7c4dfd3d,280a637ea399,wnba,2026-27,2026-08-24T18:24:56+00:00,2026-08-29,TOR,PHX,moneyline,PHX,,,,,0.5987,Normal CDF of projected margin (σ=12),,,False,,,PROJ,False,True,True,False,1.0,,2026-08-30T17:47:32+00:00
e268fe9158794576ab6d3c9c8c811aa4,280a637ea399,wnba,2026-27,2026-08-24T18:24:56+00:00,2026-08-29,TOR,PHX,spread,PHX,,,,,3.0,projected home margin,,,False,,,PROJ,False,True,,False,32.0,,2026-08-30T17:47:32+00:00
3c95c492bc65449e8148be9962dd8c20,280a637ea399,wnba,2026-27,2026-08-24T18:24:56+00:00,2026-08-29,TOR,PHX,total,,,,,,176.6,projected total,,,False,,,PROJ,False,True,,False,170.0,,2026-08-30T17:47:32+00:00
d0f9028f154d4723be765eda2fe76821,280a637ea399,wnba,2026-27,2026-08-24T18:24:56+00:00,2026-08-30,MIN,ATL,moneyline,MIN,,,,,0.5199,Normal CDF of projected margin (σ=12),,,False,,,PROJ,False,False,,,,result_not_available_yet,
6da2fd90a1cf4143b4c09db97869edc5,280a637ea399,wnba,2026-27,2026-08-24T18:24:56+00:00,2026-08-30,MIN,ATL,spread,MIN,,,,,-0.6,projected home margin,,,False,,,PROJ,False,False,,,,result_not_available_yet,
89cead162f6d46d8b0a0989db9b1a91e,280a637ea399,wnba,2026-27,2026-08-24T18:24:56+00:00,2026-08-30,MIN,ATL,total,,,,,,176.0,projected total,,,False,,,PROJ,False,False,,,,result_not_available_yet,
cfea1f552cbf4cd4b39dc430527354ca,280a637ea399,wnba,2026-27,2026-08-24T18:24:56+00:00,2026-08-30,LAS,SEA,moneyline,SEA,,,,,0.5365,Normal CDF of projected margin (σ=12),,,False,,,PROJ,False,False,,,,result_not_available_yet,
ae8f438bddc74587a973932da01bdf6c,280a637ea399,wnba,2026-27,2026-08-24T18:24:56+00:00,2026-08-30,LAS,SEA,spread,SEA,,,,,1.1,projected home margin,,,False,,,PROJ,False,False,,,,result_not_available_yet,
04cd96bdf482472e995898d1b87ae45b,280a637ea399,wnba,2026-27,2026-08-24T18:24:56+00:00,2026-08-30,LAS,SEA,total,,,,,,173.7,projected total,,,False,,,PROJ,False,False,,,,result_not_available_yet,
92e04f7f526e4ac0adffc3a076fd918c,280a637ea399,wnba,2026-27,2026-08-24T18:24:56+00:00,2026-08-30,GSV,PDX,moneyline,GSV,,,,,0.6274,Normal CDF of projected margin (σ=12),,,False,,,PROJ,False,False,,,,result_not_available_yet,
0e88a57ff39d406aa84d227b6000cc1b,280a637ea399,wnba,2026-27,2026-08-24T18:24:56+00:00,2026-08-30,GSV,PDX,spread,GSV,,,,,-3.9,projected home margin,,,False,,,PROJ,False,False,,,,result_not_available_yet,
c9f3c97b21f04dfb9a8fc2490efe7551,280a637ea399,wnba,2026-27,2026-08-24T18:24:56+00:00,2026-08-30,GSV,PDX,total,,,,,,168.5,projected total,,,False,,,PROJ,False,False,,,,result_not_available_yet,
787b8a8525434f99a39f4def7c7c64db,280a637ea399,wnba,2026-27,2026-08-24T18:24:56+00:00,2026-08-30,CON,DAL,moneyline,DAL,,,,,0.6944,Normal CDF of projected margin (σ=12),,,False,,,PROJ,False,False,,,,result_not_available_yet,
f39d922b69314a1184ac2efeb5de0066,280a637ea399,wnba,2026-27,2026-08-24T18:24:56+00:00,2026-08-30,CON,DAL,spread,DAL,,,,,6.1,projected home margin,,,False,,,PROJ,False,False,,,,result_not_available_yet,
3f9a576795f14f02a52931ec7947eafe,280a637ea399,wnba,2026-27,2026-08-24T18:24:56+00:00,2026-08-30,CON,DAL,total,,,,,,170.5,projected total,,,False,,,PROJ,False,False,,,,result_not_available_yet,
49d73671da9c4530902ffd3350475f35,1e7a606f773c,wnba,2026-27,2026-08-24T18:54:45+00:00,2026-08-24,GSV,MIN,moneyline,MIN,,-208.0,186.0,mybookieag,0.576,Normal CDF of projected margin (σ=12),0.576,0.6589,True,-0.0829,Pass,PASS,True,True,False,False,0.0,,2026-08-26T17:34:55+00:00
d0df03cb511e46c3977c2da82ed3ba0f,1e7a606f773c,wnba,2026-27,2026-08-24T18:54:45+00:00,2026-08-24,GSV,MIN,spread,GSV,-4.5,100.0,-110.0,bovada,2.3,projected home margin,0.5727,0.4884,True,0.0844,Strong,PLAY,True,True,True,False,-14.0,,2026-08-26T17:34:55+00:00
94864338c7c04bb49356154ade2c1635,1e7a606f773c,wnba,2026-27,2026-08-24T18:54:45+00:00,2026-08-24,GSV,MIN,total,OVER,161.5,-105.0,-110.0,fanduel,167.7,projected total,0.6973,0.4944,True,0.2029,Review,REVIEW,True,True,False,False,146.0,,2026-08-26T17:34:55+00:00
aa3a5dc8baed46fda7559845c766f150,1e7a606f773c,wnba,2026-27,2026-08-24T18:54:45+00:00,2026-08-24,ATL,LAS,moneyline,ATL,,-560.0,450.0,betus,0.6115,Normal CDF of projected margin (σ=12),0.6115,0.8235,True,-0.212,Pass,PASS,True,True,True,False,0.0,,2026-08-26T17:34:55+00:00
c9c2ff9f5c15461f907be43cba10fd5b,1e7a606f773c,wnba,2026-27,2026-08-24T18:54:45+00:00,2026-08-24,ATL,LAS,spread,LAS,10.5,-108.0,-103.0,draftkings,-3.4,projected home margin,0.723,0.5058,True,0.2172,Review,REVIEW,True,True,True,False,-7.0,,2026-08-26T17:34:55+00:00
9255c3b0c7e14271b421b19207768091,1e7a606f773c,wnba,2026-27,2026-08-24T18:54:45+00:00,2026-08-24,ATL,LAS,total,UNDER,181.5,-103.0,-110.0,mybookieag,178.2,projected total,0.6083,0.492,True,0.1163,Strong,PLAY,True,True,True,False,149.0,,2026-08-26T17:34:55+00:00
f831cfa9050348de93b0d8c22c3ac33a,1e7a606f773c,wnba,2026-27,2026-08-24T18:54:45+00:00,2026-08-25,CHI,CON,moneyline,CHI,,-190.0,170.0,bovada,0.5563,Normal CDF of projected margin (σ=12),0.5563,0.6389,True,-0.0826,Pass,PASS,True,True,False,False,1.0,,2026-08-26T17:34:55+00:00
5580307308b844129d2d8d67af64054a,1e7a606f773c,wnba,2026-27,2026-08-24T18:54:45+00:00,2026-08-25,CHI,CON,spread,CON,5.5,-105.0,-104.0,draftkings,-1.7,projected home margin,0.6243,0.5012,True,0.1231,Strong,PLAY,True,True,True,False,6.0,,2026-08-26T17:34:55+00:00
3f982e49446a4896abf4bc6a48aa0d04,1e7a606f773c,wnba,2026-27,2026-08-24T18:54:45+00:00,2026-08-25,CHI,CON,total,OVER,169.5,-108.0,-108.0,lowvig,171.7,projected total,0.5727,0.5,True,0.0727,Standard,PLAY,True,True,False,False,168.0,,2026-08-26T17:34:55+00:00
f6163b46b8524af8a1249fe55d21efea,1e7a606f773c,wnba,2026-27,2026-08-24T18:54:45+00:00,2026-08-25,PDX,DAL,moneyline,DAL,,-300.0,250.0,bovada,0.6431,Normal CDF of projected margin (σ=12),0.6431,0.7241,True,-0.081,Pass,PASS,True,True,True,False,1.0,,2026-08-26T17:34:55+00:00
4f5bb0d7062b45c8825d1c436e978fce,1e7a606f773c,wnba,2026-27,2026-08-24T18:54:45+00:00,2026-08-25,PDX,DAL,spread,PDX,-7.5,-108.0,-108.0,lowvig,4.4,projected home margin,0.6019,0.5,True,0.1019,Strong,PLAY,True,True,False,False,18.0,,2026-08-26T17:34:55+00:00
71ed80ad0f214b2fbef96a9b0311d33d,1e7a606f773c,wnba,2026-27,2026-08-24T18:54:45+00:00,2026-08-25,PDX,DAL,total,UNDER,177.0,-108.0,-108.0,lowvig,176.2,projected total,0.5266,0.5,True,0.0266,Lean,PLAY,True,True,True,False,174.0,,2026-08-26T17:34:55+00:00
e064b4089c0e4987b5cab263b0dd4826,1e7a606f773c,wnba,2026-27,2026-08-24T18:54:45+00:00,2026-08-25,WAS,PHX,moneyline,PHX,,130.0,-135.0,draftkings,0.5,Normal CDF of projected margin (σ=12),0.5,0.4308,True,0.0692,Standard,PLAY,True,True,False,False,0.0,,2026-08-26T17:34:55+00:00
f248b00d0e794de0ae51034f9a20d03b,1e7a606f773c,wnba,2026-27,2026-08-24T18:54:45+00:00,2026-08-25,WAS,PHX,spread,PHX,3.0,-108.0,-108.0,lowvig,0.0,projected home margin,0.5987,0.5,True,0.0987,Strong,PLAY,True,True,False,False,-10.0,,2026-08-26T17:34:55+00:00
a595d1becaba4b8583c7212a138dd52d,1e7a606f773c,wnba,2026-27,2026-08-24T18:54:45+00:00,2026-08-25,WAS,PHX,total,OVER,165.5,-106.0,-108.0,fanduel,167.8,projected total,0.576,0.4977,True,0.0783,Standard,PLAY,True,True,True,False,178.0,,2026-08-26T17:34:55+00:00
177dd2cd5a214f2abb74a2ff4a3ab304,1e7a606f773c,wnba,2026-27,2026-08-24T18:54:45+00:00,2026-08-26,GSV,CON,moneyline,GSV,,,,,0.6796,Normal CDF of projected margin (σ=12),,,False,,,PROJ,False,True,True,False,0.0,,2026-08-28T02:10:01+00:00
6fe3dd52ba314556b4b546af5a4a6077,1e7a606f773c,wnba,2026-27,2026-08-24T18:54:45+00:00,2026-08-26,GSV,CON,spread,GSV,,,,,-5.6,projected home margin,,,False,,,PROJ,False,True,,False,-25.0,,2026-08-28T02:10:01+00:00
81465fee21be4d6e9bc7f23193ff26bc,1e7a606f773c,wnba,2026-27,2026-08-24T18:54:45+00:00,2026-08-26,GSV,CON,total,,,,,,162.8,projected total,,,False,,,PROJ,False,True,,False,153.0,,2026-08-28T02:10:01+00:00
49fb243dc5a748b580d2e70cbd51eebc,1e7a606f773c,wnba,2026-27,2026-08-24T18:54:45+00:00,2026-08-26,TOR,SEA,moneyline,SEA,,,,,0.576,Normal CDF of projected margin (σ=12),,,False,,,PROJ,False,True,True,False,1.0,,2026-08-28T02:10:01+00:00
c0a9c46d48604c85be9bbec52dffc006,1e7a606f773c,wnba,2026-27,2026-08-24T18:54:45+00:00,2026-08-26,TOR,SEA,spread,SEA,,,,,2.3,projected home margin,,,False,,,PROJ,False,True,,False,12.0,,2026-08-28T02:10:01+00:00
649eb1b492b341ef9ae54757c299e9a0,1e7a606f773c,wnba,2026-27,2026-08-24T18:54:45+00:00,2026-08-26,TOR,SEA,total,,,,,,174.5,projected total,,,False,,,PROJ,False,True,,False,168.0,,2026-08-28T02:10:01+00:00
908a5e6c3cf141cb9166acf599a174d2,1e7a606f773c,wnba,2026-27,2026-08-24T18:54:45+00:00,2026-08-27,GSV,NYL,moneyline,GSV,,,,,0.5166,Normal CDF of projected margin (σ=12),,,False,,,PROJ,False,True,True,False,0.0,,2026-08-28T02:10:01+00:00
be3e3a788d414e8fb9e7a41e1703a330,1e7a606f773c,wnba,2026-27,2026-08-24T18:54:45+00:00,2026-08-27,GSV,NYL,spread,GSV,,,,,-0.5,projected home margin,,,False,,,PROJ,False,True,,False,-19.0,,2026-08-28T02:10:01+00:00
ee0de641750741ddabced45c8a1024b8,1e7a606f773c,wnba,2026-27,2026-08-24T18:54:45+00:00,2026-08-27,GSV,NYL,total,,,,,,168.3,projected total,,,False,,,PROJ,False,True,,False,139.0,,2026-08-28T02:10:01+00:00
bfdea103b9e74eb3ad46a72f91ea3df6,1e7a606f773c,wnba,2026-27,2026-08-24T18:54:45+00:00,2026-08-27,WAS,PHX,moneyline,PHX,,,,,0.5,Normal CDF of projected margin (σ=12),,,False,,,PROJ,False,True,False,False,0.0,,2026-08-29T01:44:31+00:00
29da602f512f41479dd575da6ac6d7e1,1e7a606f773c,wnba,2026-27,2026-08-24T18:54:45+00:00,2026-08-27,WAS,PHX,spread,PUSH,,,,,0.0,projected home margin,,,False,,,PROJ,False,True,,False,-7.0,,2026-08-29T01:44:31+00:00
2169d0ad782f41bfabf9495e7fb51e1a,1e7a606f773c,wnba,2026-27,2026-08-24T18:54:45+00:00,2026-08-27,WAS,PHX,total,,,,,,167.8,projected total,,,False,,,PROJ,False,True,,False,153.0,,2026-08-29T01:44:31+00:00
b4984f1880294fc394e775ec14845fbe,1e7a606f773c,wnba,2026-27,2026-08-24T18:54:45+00:00,2026-08-28,PDX,ATL,moneyline,ATL,,,,,0.6856,Normal CDF of projected margin (σ=12),,,False,,,PROJ,False,True,False,False,0.0,,2026-08-29T01:44:31+00:00
ad88b994c9e54f2fbf48ca936195e630,1e7a606f773c,wnba,2026-27,2026-08-24T18:54:45+00:00,2026-08-28,PDX,ATL,spread,ATL,,,,,5.8,projected home margin,,,False,,,PROJ,False,True,,False,-18.0,,2026-08-29T01:44:31+00:00
cc89a70782b6413f8570d7f5434bcfe0,1e7a606f773c,wnba,2026-27,2026-08-24T18:54:45+00:00,2026-08-28,PDX,ATL,total,,,,,,176.8,projected total,,,False,,,PROJ,False,True,,False,184.0,,2026-08-29T01:44:31+00:00
0998143c2dfd44c38f8c355651084a87,1e7a606f773c,wnba,2026-27,2026-08-24T18:54:45+00:00,2026-08-28,CON,IND,moneyline,IND,,,,,0.7554,Normal CDF of projected margin (σ=12),,,False,,,PROJ,False,True,True,False,1.0,,2026-08-29T01:44:31+00:00
3c74b032fc2f495bbab8e2e2abb7e68e,1e7a606f773c,wnba,2026-27,2026-08-24T18:54:45+00:00,2026-08-28,CON,IND,spread,IND,,,,,8.3,projected home margin,,,False,,,PROJ,False,True,,False,20.0,,2026-08-29T01:44:31+00:00
7af81bd7944f408fb5506e655ba5f8e7,1e7a606f773c,wnba,2026-27,2026-08-24T18:54:45+00:00,2026-08-28,CON,IND,total,,,,,,176.3,projected total,,,False,,,PROJ,False,True,,False,202.0,,2026-08-29T01:44:31+00:00
de3aba169bc64380a5df77db7e1146de,1e7a606f773c,wnba,2026-27,2026-08-24T18:54:45+00:00,2026-08-28,TOR,LVA,moneyline,LVA,,,,,0.6973,Normal CDF of projected margin (σ=12),,,False,,,PROJ,False,True,True,False,1.0,,2026-08-29T04:22:27+00:00
abbf6151168f495485dced88a6d41140,1e7a606f773c,wnba,2026-27,2026-08-24T18:54:45+00:00,2026-08-28,TOR,LVA,spread,LVA,,,,,6.2,projected home margin,,,False,,,PROJ,False,True,,False,20.0,,2026-08-29T04:22:27+00:00
cc6f175f13c74c5bbfe91924cc247a39,1e7a606f773c,wnba,2026-27,2026-08-24T18:54:45+00:00,2026-08-28,TOR,LVA,total,,,,,,177.6,projected total,,,False,,,PROJ,False,True,,False,166.0,,2026-08-29T04:22:27+00:00
c8fbfb5d9fb646d29e70ae26b2db8572,1e7a606f773c,wnba,2026-27,2026-08-24T18:54:45+00:00,2026-08-28,WAS,LAS,moneyline,WAS,,,,,0.5199,Normal CDF of projected margin (σ=12),,,False,,,PROJ,False,True,False,False,1.0,,2026-08-29T04:22:27+00:00
b44f2fbd7098404085be143971a777d6,1e7a606f773c,wnba,2026-27,2026-08-24T18:54:45+00:00,2026-08-28,WAS,LAS,spread,WAS,,,,,-0.6,projected home margin,,,False,,,PROJ,False,True,,False,6.0,,2026-08-29T04:22:27+00:00
031bd9759cac495887c5b65cdd2f0e81,1e7a606f773c,wnba,2026-27,2026-08-24T18:54:45+00:00,2026-08-28,WAS,LAS,total,,,,,,172.4,projected total,,,False,,,PROJ,False,True,,False,170.0,,2026-08-29T04:22:27+00:00
ccb7fb56b6724d7393c2043934208c4a,1e7a606f773c,wnba,2026-27,2026-08-24T18:54:45+00:00,2026-08-29,CHI,NYL,moneyline,NYL,,,,,0.6243,Normal CDF of projected margin (σ=12),,,False,,,PROJ,False,True,True,False,1.0,,2026-08-29T20:53:10+00:00
1a7a3b3916eb481982e05354d2f662e2,1e7a606f773c,wnba,2026-27,2026-08-24T18:54:45+00:00,2026-08-29,CHI,NYL,spread,NYL,,,,,3.8,projected home margin,,,False,,,PROJ,False,True,,False,19.0,,2026-08-29T20:53:10+00:00
c671026b10724175b27a5ce4728fc462,1e7a606f773c,wnba,2026-27,2026-08-24T18:54:45+00:00,2026-08-29,CHI,NYL,total,,,,,,177.4,projected total,,,False,,,PROJ,False,True,,False,151.0,,2026-08-29T20:53:10+00:00
2de8c5740b8b4799996241e99302298a,1e7a606f773c,wnba,2026-27,2026-08-24T18:54:45+00:00,2026-08-29,TOR,PHX,moneyline,PHX,,,,,0.5987,Normal CDF of projected margin (σ=12),,,False,,,PROJ,False,True,True,False,1.0,,2026-08-30T17:47:32+00:00
e222c4c239c746228dd6918b476ba3f7,1e7a606f773c,wnba,2026-27,2026-08-24T18:54:45+00:00,2026-08-29,TOR,PHX,spread,PHX,,,,,3.0,projected home margin,,,False,,,PROJ,False,True,,False,32.0,,2026-08-30T17:47:32+00:00
06d4857dd6874b80b811e497479645b3,1e7a606f773c,wnba,2026-27,2026-08-24T18:54:45+00:00,2026-08-29,TOR,PHX,total,,,,,,176.6,projected total,,,False,,,PROJ,False,True,,False,170.0,,2026-08-30T17:47:32+00:00
6c8f2bad164a480a8feba2e9b50ca7e2,1e7a606f773c,wnba,2026-27,2026-08-24T18:54:45+00:00,2026-08-30,MIN,ATL,moneyline,MIN,,,,,0.5199,Normal CDF of projected margin (σ=12),,,False,,,PROJ,False,False,,,,result_not_available_yet,
565b6b3f593a486bb3bdeeb49006cb14,1e7a606f773c,wnba,2026-27,2026-08-24T18:54:45+00:00,2026-08-30,MIN,ATL,spread,MIN,,,,,-0.6,projected home margin,,,False,,,PROJ,False,False,,,,result_not_available_yet,
c2eea3e2e137448ca47887516cce8bd6,1e7a606f773c,wnba,2026-27,2026-08-24T18:54:45+00:00,2026-08-30,MIN,ATL,total,,,,,,176.0,projected total,,,False,,,PROJ,False,False,,,,result_not_available_yet,
595bac3862a244fe8826757ca02ed8f8,1e7a606f773c,wnba,2026-27,2026-08-24T18:54:45+00:00,2026-08-30,LAS,SEA,moneyline,SEA,,,,,0.5365,Normal CDF of projected margin (σ=12),,,False,,,PROJ,False,False,,,,result_not_available_yet,
cf72393e9aea42a09b152f17d198b919,1e7a606f773c,wnba,2026-27,2026-08-24T18:54:45+00:00,2026-08-30,LAS,SEA,spread,SEA,,,,,1.1,projected home margin,,,False,,,PROJ,False,False,,,,result_not_available_yet,
3b7732274f454feca9a666c8da43bbc2,1e7a606f773c,wnba,2026-27,2026-08-24T18:54:45+00:00,2026-08-30,LAS,SEA,total,,,,,,173.7,projected total,,,False,,,PROJ,False,False,,,,result_not_available_yet,
157b473aa25d411f92597052f4be32d2,1e7a606f773c,wnba,2026-27,2026-08-24T18:54:45+00:00,2026-08-30,GSV,PDX,moneyline,GSV,,,,,0.6274,Normal CDF of projected margin (σ=12),,,False,,,PROJ,False,False,,,,result_not_available_yet,
d3b745518c8f4490ad5358e7424874fa,1e7a606f773c,wnba,2026-27,2026-08-24T18:54:45+00:00,2026-08-30,GSV,PDX,spread,GSV,,,,,-3.9,projected home margin,,,False,,,PROJ,False,False,,,,result_not_available_yet,
c4c4acc545cd4c32a6ec192b3d56baf8,1e7a606f773c,wnba,2026-27,2026-08-24T18:54:45+00:00,2026-08-30,GSV,PDX,total,,,,,,168.5,projected total,,,False,,,PROJ,False,False,,,,result_not_available_yet,
8f459459a4d04c7bb144f8404aa6c9df,1e7a606f773c,wnba,2026-27,2026-08-24T18:54:45+00:00,2026-08-30,CON,DAL,moneyline,DAL,,,,,0.6944,Normal CDF of projected margin (σ=12),,,False,,,PROJ,False,False,,,,result_not_available_yet,
b6025d2550a74e3f9286093e1a1f3bd9,1e7a606f773c,wnba,2026-27,2026-08-24T18:54:45+00:00,2026-08-30,CON,DAL,spread,DAL,,,,,6.1,projected home margin,,,False,,,PROJ,False,False,,,,result_not_available_yet,
141c2bb3414549379cd1fa12117e40ef,1e7a606f773c,wnba,2026-27,2026-08-24T18:54:45+00:00,2026-08-30,CON,DAL,total,,,,,,170.5,projected total,,,False,,,PROJ,False,False,,,,result_not_available_yet,
affc81263390431ca77738e6dc552128,94e23f65a476,wnba,2026-27,2026-08-24T18:55:01+00:00,2026-08-24,GSV,MIN,moneyline,MIN,,-208.0,186.0,mybookieag,0.576,Normal CDF of projected margin (σ=12),0.576,0.6589,True,-0.0829,Pass,PASS,True,True,False,False,0.0,,2026-08-26T17:34:55+00:00
912d5a666af64a0d8d06b55fa99e4ae8,94e23f65a476,wnba,2026-27,2026-08-24T18:55:01+00:00,2026-08-24,GSV,MIN,spread,GSV,-4.5,100.0,-110.0,bovada,2.3,projected home margin,0.5727,0.4884,True,0.0844,Strong,PLAY,True,True,True,False,-14.0,,2026-08-26T17:34:55+00:00
85a98c9840b14675acea70813f951196,94e23f65a476,wnba,2026-27,2026-08-24T18:55:01+00:00,2026-08-24,GSV,MIN,total,OVER,161.5,-105.0,-110.0,fanduel,167.7,projected total,0.6973,0.4944,True,0.2029,Review,REVIEW,True,True,False,False,146.0,,2026-08-26T17:34:55+00:00
e278875731ad4613a5c432b582c896f4,94e23f65a476,wnba,2026-27,2026-08-24T18:55:01+00:00,2026-08-24,ATL,LAS,moneyline,ATL,,-560.0,450.0,betus,0.6115,Normal CDF of projected margin (σ=12),0.6115,0.8235,True,-0.212,Pass,PASS,True,True,True,False,0.0,,2026-08-26T17:34:55+00:00
626976f43b1f4a7e86b36544ae088c66,94e23f65a476,wnba,2026-27,2026-08-24T18:55:01+00:00,2026-08-24,ATL,LAS,spread,LAS,10.5,-108.0,-103.0,draftkings,-3.4,projected home margin,0.723,0.5058,True,0.2172,Review,REVIEW,True,True,True,False,-7.0,,2026-08-26T17:34:55+00:00
d98e46c6a93442c2b81d74e459dcafed,94e23f65a476,wnba,2026-27,2026-08-24T18:55:01+00:00,2026-08-24,ATL,LAS,total,UNDER,181.5,-103.0,-110.0,mybookieag,178.2,projected total,0.6083,0.492,True,0.1163,Strong,PLAY,True,True,True,False,149.0,,2026-08-26T17:34:55+00:00
11790c7411a1432b99c0b403692522bb,94e23f65a476,wnba,2026-27,2026-08-24T18:55:01+00:00,2026-08-25,CHI,CON,moneyline,CHI,,-190.0,170.0,bovada,0.5563,Normal CDF of projected margin (σ=12),0.5563,0.6389,True,-0.0826,Pass,PASS,True,True,False,False,1.0,,2026-08-26T17:34:55+00:00
2cbe8228a4ae40629e113b4b2736cf5d,94e23f65a476,wnba,2026-27,2026-08-24T18:55:01+00:00,2026-08-25,CHI,CON,spread,CON,5.5,-105.0,-104.0,draftkings,-1.7,projected home margin,0.6243,0.5012,True,0.1231,Strong,PLAY,True,True,True,False,6.0,,2026-08-26T17:34:55+00:00
a501533546484fa7a16cfdec315fb25c,94e23f65a476,wnba,2026-27,2026-08-24T18:55:01+00:00,2026-08-25,CHI,CON,total,OVER,169.5,-108.0,-108.0,lowvig,171.7,projected total,0.5727,0.5,True,0.0727,Standard,PLAY,True,True,False,False,168.0,,2026-08-26T17:34:55+00:00
c35e6aba4bb249dfa05b4571d4add4e7,94e23f65a476,wnba,2026-27,2026-08-24T18:55:01+00:00,2026-08-25,PDX,DAL,moneyline,DAL,,-300.0,250.0,bovada,0.6431,Normal CDF of projected margin (σ=12),0.6431,0.7241,True,-0.081,Pass,PASS,True,True,True,False,1.0,,2026-08-26T17:34:55+00:00
b7dc3e8eaa3143f99f4284ae3fa38ba2,94e23f65a476,wnba,2026-27,2026-08-24T18:55:01+00:00,2026-08-25,PDX,DAL,spread,PDX,-7.5,-108.0,-108.0,lowvig,4.4,projected home margin,0.6019,0.5,True,0.1019,Strong,PLAY,True,True,False,False,18.0,,2026-08-26T17:34:55+00:00
dd3f62f0eb804ee39a2391abf4ec6f3a,94e23f65a476,wnba,2026-27,2026-08-24T18:55:01+00:00,2026-08-25,PDX,DAL,total,UNDER,177.0,-108.0,-108.0,lowvig,176.2,projected total,0.5266,0.5,True,0.0266,Lean,PLAY,True,True,True,False,174.0,,2026-08-26T17:34:55+00:00
bc2e1c3d83594e98addd44fb3c13a870,94e23f65a476,wnba,2026-27,2026-08-24T18:55:01+00:00,2026-08-25,WAS,PHX,moneyline,PHX,,130.0,-135.0,draftkings,0.5,Normal CDF of projected margin (σ=12),0.5,0.4308,True,0.0692,Standard,PLAY,True,True,False,False,0.0,,2026-08-26T17:34:55+00:00
4056e116f6464c678b18b3717ee8af84,94e23f65a476,wnba,2026-27,2026-08-24T18:55:01+00:00,2026-08-25,WAS,PHX,spread,PHX,3.0,-108.0,-108.0,lowvig,0.0,projected home margin,0.5987,0.5,True,0.0987,Strong,PLAY,True,True,False,False,-10.0,,2026-08-26T17:34:55+00:00
a20721bbbb574fd4a5a06fe0fa958863,94e23f65a476,wnba,2026-27,2026-08-24T18:55:01+00:00,2026-08-25,WAS,PHX,total,OVER,165.5,-106.0,-108.0,fanduel,167.8,projected total,0.576,0.4977,True,0.0783,Standard,PLAY,True,True,True,False,178.0,,2026-08-26T17:34:55+00:00
874d5ba7e4434cdfaed21e4ca1847bff,94e23f65a476,wnba,2026-27,2026-08-24T18:55:01+00:00,2026-08-26,GSV,CON,moneyline,GSV,,,,,0.6796,Normal CDF of projected margin (σ=12),,,False,,,PROJ,False,True,True,False,0.0,,2026-08-28T02:10:01+00:00
1fd02bc9e75d44ae98eb397bcdd17e24,94e23f65a476,wnba,2026-27,2026-08-24T18:55:01+00:00,2026-08-26,GSV,CON,spread,GSV,,,,,-5.6,projected home margin,,,False,,,PROJ,False,True,,False,-25.0,,2026-08-28T02:10:01+00:00
399c4bd381334003b2b15f5ac88565cd,94e23f65a476,wnba,2026-27,2026-08-24T18:55:01+00:00,2026-08-26,GSV,CON,total,,,,,,162.8,projected total,,,False,,,PROJ,False,True,,False,153.0,,2026-08-28T02:10:01+00:00
a3ac50fc71ab41889fa6d26b2b6b4336,94e23f65a476,wnba,2026-27,2026-08-24T18:55:01+00:00,2026-08-26,TOR,SEA,moneyline,SEA,,,,,0.576,Normal CDF of projected margin (σ=12),,,False,,,PROJ,False,True,True,False,1.0,,2026-08-28T02:10:01+00:00
8816a0578d1349b49c3519047a36da73,94e23f65a476,wnba,2026-27,2026-08-24T18:55:01+00:00,2026-08-26,TOR,SEA,spread,SEA,,,,,2.3,projected home margin,,,False,,,PROJ,False,True,,False,12.0,,2026-08-28T02:10:01+00:00
e05fc3a870e840a7b740d6f02c879ff3,94e23f65a476,wnba,2026-27,2026-08-24T18:55:01+00:00,2026-08-26,TOR,SEA,total,,,,,,174.5,projected total,,,False,,,PROJ,False,True,,False,168.0,,2026-08-28T02:10:01+00:00
59f619e18e2144e8955f012a157eba21,94e23f65a476,wnba,2026-27,2026-08-24T18:55:01+00:00,2026-08-27,GSV,NYL,moneyline,GSV,,,,,0.5166,Normal CDF of projected margin (σ=12),,,False,,,PROJ,False,True,True,False,0.0,,2026-08-28T02:10:01+00:00
2c06bfc2019c43fe9bf8b66db4cde67c,94e23f65a476,wnba,2026-27,2026-08-24T18:55:01+00:00,2026-08-27,GSV,NYL,spread,GSV,,,,,-0.5,projected home margin,,,False,,,PROJ,False,True,,False,-19.0,,2026-08-28T02:10:01+00:00
bc86aa52b8fe48609dd1fb0775441b2c,94e23f65a476,wnba,2026-27,2026-08-24T18:55:01+00:00,2026-08-27,GSV,NYL,total,,,,,,168.3,projected total,,,False,,,PROJ,False,True,,False,139.0,,2026-08-28T02:10:01+00:00
95853a2e6ddb486abbc331b2381bfaf5,94e23f65a476,wnba,2026-27,2026-08-24T18:55:01+00:00,2026-08-27,WAS,PHX,moneyline,PHX,,,,,0.5,Normal CDF of projected margin (σ=12),,,False,,,PROJ,False,True,False,False,0.0,,2026-08-29T01:44:31+00:00
61ceb030fa0d4209a2e354e3bdacdbc8,94e23f65a476,wnba,2026-27,2026-08-24T18:55:01+00:00,2026-08-27,WAS,PHX,spread,PUSH,,,,,0.0,projected home margin,,,False,,,PROJ,False,True,,False,-7.0,,2026-08-29T01:44:31+00:00
eb2b0da77f1f4723b5846a8c05919421,94e23f65a476,wnba,2026-27,2026-08-24T18:55:01+00:00,2026-08-27,WAS,PHX,total,,,,,,167.8,projected total,,,False,,,PROJ,False,True,,False,153.0,,2026-08-29T01:44:31+00:00
e6383069172e48a794ff0bb4440983de,94e23f65a476,wnba,2026-27,2026-08-24T18:55:01+00:00,2026-08-28,PDX,ATL,moneyline,ATL,,,,,0.6856,Normal CDF of projected margin (σ=12),,,False,,,PROJ,False,True,False,False,0.0,,2026-08-29T01:44:31+00:00
eea2deebf5e84965b109bf9894a8fc18,94e23f65a476,wnba,2026-27,2026-08-24T18:55:01+00:00,2026-08-28,PDX,ATL,spread,ATL,,,,,5.8,projected home margin,,,False,,,PROJ,False,True,,False,-18.0,,2026-08-29T01:44:31+00:00
310c72017a20476dafa2a7ecf18f3e7f,94e23f65a476,wnba,2026-27,2026-08-24T18:55:01+00:00,2026-08-28,PDX,ATL,total,,,,,,176.8,projected total,,,False,,,PROJ,False,True,,False,184.0,,2026-08-29T01:44:31+00:00
54cb13f7a54643db956c77b89a8e8d55,94e23f65a476,wnba,2026-27,2026-08-24T18:55:01+00:00,2026-08-28,CON,IND,moneyline,IND,,,,,0.7554,Normal CDF of projected margin (σ=12),,,False,,,PROJ,False,True,True,False,1.0,,2026-08-29T01:44:31+00:00
5b9e7137b3374d2da5086a0f86ef2cfb,94e23f65a476,wnba,2026-27,2026-08-24T18:55:01+00:00,2026-08-28,CON,IND,spread,IND,,,,,8.3,projected home margin,,,False,,,PROJ,False,True,,False,20.0,,2026-08-29T01:44:31+00:00
34514a23a077439094fed09a449c7279,94e23f65a476,wnba,2026-27,2026-08-24T18:55:01+00:00,2026-08-28,CON,IND,total,,,,,,176.3,projected total,,,False,,,PROJ,False,True,,False,202.0,,2026-08-29T01:44:31+00:00
3f2b3cea99c64bab87c1a622b4a2d839,94e23f65a476,wnba,2026-27,2026-08-24T18:55:01+00:00,2026-08-28,TOR,LVA,moneyline,LVA,,,,,0.6973,Normal CDF of projected margin (σ=12),,,False,,,PROJ,False,True,True,False,1.0,,2026-08-29T04:22:27+00:00
6086cfe54584452eb3cf7adcf2bf242b,94e23f65a476,wnba,2026-27,2026-08-24T18:55:01+00:00,2026-08-28,TOR,LVA,spread,LVA,,,,,6.2,projected home margin,,,False,,,PROJ,False,True,,False,20.0,,2026-08-29T04:22:27+00:00
117dd7efb6484878955f51ca7109d2e0,94e23f65a476,wnba,2026-27,2026-08-24T18:55:01+00:00,2026-08-28,TOR,LVA,total,,,,,,177.6,projected total,,,False,,,PROJ,False,True,,False,166.0,,2026-08-29T04:22:27+00:00
a1f2aee7fd9e4c2f86dc54d084ada82c,94e23f65a476,wnba,2026-27,2026-08-24T18:55:01+00:00,2026-08-28,WAS,LAS,moneyline,WAS,,,,,0.5199,Normal CDF of projected margin (σ=12),,,False,,,PROJ,False,True,False,False,1.0,,2026-08-29T04:22:27+00:00
ef92e319fb2444a8ad877537f5b9a22b,94e23f65a476,wnba,2026-27,2026-08-24T18:55:01+00:00,2026-08-28,WAS,LAS,spread,WAS,,,,,-0.6,projected home margin,,,False,,,PROJ,False,True,,False,6.0,,2026-08-29T04:22:27+00:00
efc83913fa19498ca174eab1ce3be3da,94e23f65a476,wnba,2026-27,2026-08-24T18:55:01+00:00,2026-08-28,WAS,LAS,total,,,,,,172.4,projected total,,,False,,,PROJ,False,True,,False,170.0,,2026-08-29T04:22:27+00:00
19a82a92491d46968f788223dccd5658,94e23f65a476,wnba,2026-27,2026-08-24T18:55:01+00:00,2026-08-29,CHI,NYL,moneyline,NYL,,,,,0.6243,Normal CDF of projected margin (σ=12),,,False,,,PROJ,False,True,True,False,1.0,,2026-08-29T20:53:10+00:00
8c908a29e27840bcaad2ad58cbc09c2a,94e23f65a476,wnba,2026-27,2026-08-24T18:55:01+00:00,2026-08-29,CHI,NYL,spread,NYL,,,,,3.8,projected home margin,,,False,,,PROJ,False,True,,False,19.0,,2026-08-29T20:53:10+00:00
eb9fffcb52e34888becb74148c907047,94e23f65a476,wnba,2026-27,2026-08-24T18:55:01+00:00,2026-08-29,CHI,NYL,total,,,,,,177.4,projected total,,,False,,,PROJ,False,True,,False,151.0,,2026-08-29T20:53:10+00:00
80ddefd876fa4a3b9910abacfe065cee,94e23f65a476,wnba,2026-27,2026-08-24T18:55:01+00:00,2026-08-29,TOR,PHX,moneyline,PHX,,,,,0.5987,Normal CDF of projected margin (σ=12),,,False,,,PROJ,False,True,True,False,1.0,,2026-08-30T17:47:32+00:00
293c6ca6ffd34e929a8e551edb8bf0d8,94e23f65a476,wnba,2026-27,2026-08-24T18:55:01+00:00,2026-08-29,TOR,PHX,spread,PHX,,,,,3.0,projected home margin,,,False,,,PROJ,False,True,,False,32.0,,2026-08-30T17:47:32+00:00
e06449d981024b3faf3cbceed43d2ed0,94e23f65a476,wnba,2026-27,2026-08-24T18:55:01+00:00,2026-08-29,TOR,PHX,total,,,,,,176.6,projected total,,,False,,,PROJ,False,True,,False,170.0,,2026-08-30T17:47:32+00:00
3fe9c623b502495599e779379f4ddb94,94e23f65a476,wnba,2026-27,2026-08-24T18:55:01+00:00,2026-08-30,MIN,ATL,moneyline,MIN,,,,,0.5199,Normal CDF of projected margin (σ=12),,,False,,,PROJ,False,False,,,,result_not_available_yet,
1e2670f7b9f343e7b348f50d46b60658,94e23f65a476,wnba,2026-27,2026-08-24T18:55:01+00:00,2026-08-30,MIN,ATL,spread,MIN,,,,,-0.6,projected home margin,,,False,,,PROJ,False,False,,,,result_not_available_yet,
5c971c94d39a4c52adee90b7c47e34a4,94e23f65a476,wnba,2026-27,2026-08-24T18:55:01+00:00,2026-08-30,MIN,ATL,total,,,,,,176.0,projected total,,,False,,,PROJ,False,False,,,,result_not_available_yet,
eb46d5bf137540a4b15132d4baa4e936,94e23f65a476,wnba,2026-27,2026-08-24T18:55:01+00:00,2026-08-30,LAS,SEA,moneyline,SEA,,,,,0.5365,Normal CDF of projected margin (σ=12),,,False,,,PROJ,False,False,,,,result_not_available_yet,
443905c676284b1d94be3d24f631c2ac,94e23f65a476,wnba,2026-27,2026-08-24T18:55:01+00:00,2026-08-30,LAS,SEA,spread,SEA,,,,,1.1,projected home margin,,,False,,,PROJ,False,False,,,,result_not_available_yet,
5bf0dc28c7784042b4bb9d3334765bda,94e23f65a476,wnba,2026-27,2026-08-24T18:55:01+00:00,2026-08-30,LAS,SEA,total,,,,,,173.7,projected total,,,False,,,PROJ,False,False,,,,result_not_available_yet,
51524251923a4226b7642fdd7973526f,94e23f65a476,wnba,2026-27,2026-08-24T18:55:01+00:00,2026-08-30,GSV,PDX,moneyline,GSV,,,,,0.6274,Normal CDF of projected margin (σ=12),,,False,,,PROJ,False,False,,,,result_not_available_yet,
9a927b77d28740788cb764ef9ade1593,94e23f65a476,wnba,2026-27,2026-08-24T18:55:01+00:00,2026-08-30,GSV,PDX,spread,GSV,,,,,-3.9,projected home margin,,,False,,,PROJ,False,False,,,,result_not_available_yet,
aabe0525333d4f589d39c00b713aad03,94e23f65a476,wnba,2026-27,2026-08-24T18:55:01+00:00,2026-08-30,GSV,PDX,total,,,,,,168.5,projected total,,,False,,,PROJ,False,False,,,,result_not_available_yet,
8512aee74d294edcb44f0f3897744381,94e23f65a476,wnba,2026-27,2026-08-24T18:55:01+00:00,2026-08-30,CON,DAL,moneyline,DAL,,,,,0.6944,Normal CDF of projected margin (σ=12),,,False,,,PROJ,False,False,,,,result_not_available_yet,
1c60c755ea324030a74dd47026e02d75,94e23f65a476,wnba,2026-27,2026-08-24T18:55:01+00:00,2026-08-30,CON,DAL,spread,DAL,,,,,6.1,projected home margin,,,False,,,PROJ,False,False,,,,result_not_available_yet,
8d4ef40546504664b95bb11bd28edf1f,94e23f65a476,wnba,2026-27,2026-08-24T18:55:01+00:00,2026-08-30,CON,DAL,total,,,,,,170.5,projected total,,,False,,,PROJ,False,False,,,,result_not_available_yet,
b2ce3a84702047cdaab81a118bc95f14,7f389d12743b,wnba,2026-27,2026-08-24T19:14:48+00:00,2026-08-24,GSV,MIN,moneyline,MIN,,-208.0,186.0,mybookieag,0.576,Normal CDF of projected margin (σ=12),0.576,0.6589,True,-0.0829,Pass,PASS,True,True,False,False,0.0,,2026-08-26T17:34:55+00:00
6f7563b94cd14d449f3e1d1c1dbb32c1,7f389d12743b,wnba,2026-27,2026-08-24T19:14:48+00:00,2026-08-24,GSV,MIN,spread,GSV,-4.5,100.0,-110.0,bovada,2.3,projected home margin,0.5727,0.4884,True,0.0844,Strong,PLAY,True,True,True,False,-14.0,,2026-08-26T17:34:55+00:00
f7ecc283ce654a7b8b3b151397640b46,7f389d12743b,wnba,2026-27,2026-08-24T19:14:48+00:00,2026-08-24,GSV,MIN,total,OVER,161.5,-105.0,-110.0,fanduel,167.7,projected total,0.6973,0.4944,True,0.2029,Review,REVIEW,True,True,False,False,146.0,,2026-08-26T17:34:55+00:00
d7020146c87d4860b21190c2849ac28f,7f389d12743b,wnba,2026-27,2026-08-24T19:14:48+00:00,2026-08-24,ATL,LAS,moneyline,ATL,,-560.0,450.0,betus,0.6115,Normal CDF of projected margin (σ=12),0.6115,0.8235,True,-0.212,Pass,PASS,True,True,True,False,0.0,,2026-08-26T17:34:55+00:00
433418bd372d498db445dac79d0d7337,7f389d12743b,wnba,2026-27,2026-08-24T19:14:48+00:00,2026-08-24,ATL,LAS,spread,LAS,10.5,-108.0,-103.0,draftkings,-3.4,projected home margin,0.723,0.5058,True,0.2172,Review,REVIEW,True,True,True,False,-7.0,,2026-08-26T17:34:55+00:00
653caf63f35c4f3d8d957406559129a7,7f389d12743b,wnba,2026-27,2026-08-24T19:14:48+00:00,2026-08-24,ATL,LAS,total,UNDER,181.5,-103.0,-110.0,mybookieag,178.2,projected total,0.6083,0.492,True,0.1163,Strong,PLAY,True,True,True,False,149.0,,2026-08-26T17:34:55+00:00
647d8cc88a8840ca886ecdf3bbfae459,7f389d12743b,wnba,2026-27,2026-08-24T19:14:48+00:00,2026-08-25,CHI,CON,moneyline,CHI,,-190.0,170.0,bovada,0.5563,Normal CDF of projected margin (σ=12),0.5563,0.6389,True,-0.0826,Pass,PASS,True,True,False,False,1.0,,2026-08-26T17:34:55+00:00
95347c69e0134d8ebe3c95276c2ce0c7,7f389d12743b,wnba,2026-27,2026-08-24T19:14:48+00:00,2026-08-25,CHI,CON,spread,CON,5.5,-105.0,-104.0,draftkings,-1.7,projected home margin,0.6243,0.5012,True,0.1231,Strong,PLAY,True,True,True,False,6.0,,2026-08-26T17:34:55+00:00
84e0708c7a04493a8e9ac40d826bd7b2,7f389d12743b,wnba,2026-27,2026-08-24T19:14:48+00:00,2026-08-25,CHI,CON,total,OVER,169.5,-108.0,-108.0,lowvig,171.7,projected total,0.5727,0.5,True,0.0727,Standard,PLAY,True,True,False,False,168.0,,2026-08-26T17:34:55+00:00
f6f8302e327b4bf8a3e5d582fca443b1,7f389d12743b,wnba,2026-27,2026-08-24T19:14:48+00:00,2026-08-25,PDX,DAL,moneyline,DAL,,-300.0,250.0,bovada,0.6431,Normal CDF of projected margin (σ=12),0.6431,0.7241,True,-0.081,Pass,PASS,True,True,True,False,1.0,,2026-08-26T17:34:55+00:00
4fff9cfb81b541ca923ff9ea2be925f0,7f389d12743b,wnba,2026-27,2026-08-24T19:14:48+00:00,2026-08-25,PDX,DAL,spread,PDX,-7.5,-108.0,-108.0,lowvig,4.4,projected home margin,0.6019,0.5,True,0.1019,Strong,PLAY,True,True,False,False,18.0,,2026-08-26T17:34:55+00:00
fb00c36b06c244e0b6ce62f6ab71f113,7f389d12743b,wnba,2026-27,2026-08-24T19:14:48+00:00,2026-08-25,PDX,DAL,total,UNDER,177.0,-108.0,-108.0,lowvig,176.2,projected total,0.5266,0.5,True,0.0266,Lean,PLAY,True,True,True,False,174.0,,2026-08-26T17:34:55+00:00
f0fef38053da4a3b85214f3342ab2092,7f389d12743b,wnba,2026-27,2026-08-24T19:14:48+00:00,2026-08-25,WAS,PHX,moneyline,PHX,,130.0,-135.0,draftkings,0.5,Normal CDF of projected margin (σ=12),0.5,0.4308,True,0.0692,Standard,PLAY,True,True,False,False,0.0,,2026-08-26T17:34:55+00:00
5439492a90a2484b839caa8d9dc63d5a,7f389d12743b,wnba,2026-27,2026-08-24T19:14:48+00:00,2026-08-25,WAS,PHX,spread,PHX,3.0,-108.0,-108.0,lowvig,0.0,projected home margin,0.5987,0.5,True,0.0987,Strong,PLAY,True,True,False,False,-10.0,,2026-08-26T17:34:55+00:00
ef3311f5541b41a189f1c839c1e38324,7f389d12743b,wnba,2026-27,2026-08-24T19:14:48+00:00,2026-08-25,WAS,PHX,total,OVER,165.5,-106.0,-108.0,fanduel,167.8,projected total,0.576,0.4977,True,0.0783,Standard,PLAY,True,True,True,False,178.0,,2026-08-26T17:34:55+00:00
251ba347214747709e40d81becd60d18,7f389d12743b,wnba,2026-27,2026-08-24T19:14:48+00:00,2026-08-26,GSV,CON,moneyline,GSV,,,,,0.6796,Normal CDF of projected margin (σ=12),,,False,,,PROJ,False,True,True,False,0.0,,2026-08-28T02:10:01+00:00
debdb7c9a8db414db6ceef0b73136d44,7f389d12743b,wnba,2026-27,2026-08-24T19:14:48+00:00,2026-08-26,GSV,CON,spread,GSV,,,,,-5.6,projected home margin,,,False,,,PROJ,False,True,,False,-25.0,,2026-08-28T02:10:01+00:00
97525eba2c554f94a69476ff7c94f7c0,7f389d12743b,wnba,2026-27,2026-08-24T19:14:48+00:00,2026-08-26,GSV,CON,total,,,,,,162.8,projected total,,,False,,,PROJ,False,True,,False,153.0,,2026-08-28T02:10:01+00:00
85c82da6929d4bc9be794d6f7a787f01,7f389d12743b,wnba,2026-27,2026-08-24T19:14:48+00:00,2026-08-26,TOR,SEA,moneyline,SEA,,,,,0.576,Normal CDF of projected margin (σ=12),,,False,,,PROJ,False,True,True,False,1.0,,2026-08-28T02:10:01+00:00
391e43d66f584b6b817a555eec512431,7f389d12743b,wnba,2026-27,2026-08-24T19:14:48+00:00,2026-08-26,TOR,SEA,spread,SEA,,,,,2.3,projected home margin,,,False,,,PROJ,False,True,,False,12.0,,2026-08-28T02:10:01+00:00
ae834253995d42bfa401d707c3244a62,7f389d12743b,wnba,2026-27,2026-08-24T19:14:48+00:00,2026-08-26,TOR,SEA,total,,,,,,174.5,projected total,,,False,,,PROJ,False,True,,False,168.0,,2026-08-28T02:10:01+00:00
b672b5fc9444474eb0324bc125f31602,7f389d12743b,wnba,2026-27,2026-08-24T19:14:48+00:00,2026-08-27,GSV,NYL,moneyline,GSV,,,,,0.5166,Normal CDF of projected margin (σ=12),,,False,,,PROJ,False,True,True,False,0.0,,2026-08-28T02:10:01+00:00
25feca26b9da4fa888e93516dad0ae59,7f389d12743b,wnba,2026-27,2026-08-24T19:14:48+00:00,2026-08-27,GSV,NYL,spread,GSV,,,,,-0.5,projected home margin,,,False,,,PROJ,False,True,,False,-19.0,,2026-08-28T02:10:01+00:00
6881a4da4db84992a363ac9fb0c1620e,7f389d12743b,wnba,2026-27,2026-08-24T19:14:48+00:00,2026-08-27,GSV,NYL,total,,,,,,168.3,projected total,,,False,,,PROJ,False,True,,False,139.0,,2026-08-28T02:10:01+00:00
d1f0f011615c47ce9ac3abde15021949,7f389d12743b,wnba,2026-27,2026-08-24T19:14:48+00:00,2026-08-27,WAS,PHX,moneyline,PHX,,,,,0.5,Normal CDF of projected margin (σ=12),,,False,,,PROJ,False,True,False,False,0.0,,2026-08-29T01:44:31+00:00
9ca968ece04942f9b7fd42090f9406ab,7f389d12743b,wnba,2026-27,2026-08-24T19:14:48+00:00,2026-08-27,WAS,PHX,spread,PUSH,,,,,0.0,projected home margin,,,False,,,PROJ,False,True,,False,-7.0,,2026-08-29T01:44:31+00:00
bedb5f484b624cc6bb45ec14a18b6a38,7f389d12743b,wnba,2026-27,2026-08-24T19:14:48+00:00,2026-08-27,WAS,PHX,total,,,,,,167.8,projected total,,,False,,,PROJ,False,True,,False,153.0,,2026-08-29T01:44:31+00:00
75ce23d1945d4d40a5ad11a60ad24510,7f389d12743b,wnba,2026-27,2026-08-24T19:14:48+00:00,2026-08-28,PDX,ATL,moneyline,ATL,,,,,0.6856,Normal CDF of projected margin (σ=12),,,False,,,PROJ,False,True,False,False,0.0,,2026-08-29T01:44:31+00:00
fab08f8b974249ba8f8949cd3720bb15,7f389d12743b,wnba,2026-27,2026-08-24T19:14:48+00:00,2026-08-28,PDX,ATL,spread,ATL,,,,,5.8,projected home margin,,,False,,,PROJ,False,True,,False,-18.0,,2026-08-29T01:44:31+00:00
e63cbb044c2f4618884f593bd3b310b2,7f389d12743b,wnba,2026-27,2026-08-24T19:14:48+00:00,2026-08-28,PDX,ATL,total,,,,,,176.8,projected total,,,False,,,PROJ,False,True,,False,184.0,,2026-08-29T01:44:31+00:00
cd2588990c5d4ee287824671ace82b38,7f389d12743b,wnba,2026-27,2026-08-24T19:14:48+00:00,2026-08-28,CON,IND,moneyline,IND,,,,,0.7554,Normal CDF of projected margin (σ=12),,,False,,,PROJ,False,True,True,False,1.0,,2026-08-29T01:44:31+00:00
c661648fe8974eba9416806e40d70f3f,7f389d12743b,wnba,2026-27,2026-08-24T19:14:48+00:00,2026-08-28,CON,IND,spread,IND,,,,,8.3,projected home margin,,,False,,,PROJ,False,True,,False,20.0,,2026-08-29T01:44:31+00:00
9d58964e632448a683463b518ea77e7a,7f389d12743b,wnba,2026-27,2026-08-24T19:14:48+00:00,2026-08-28,CON,IND,total,,,,,,176.3,projected total,,,False,,,PROJ,False,True,,False,202.0,,2026-08-29T01:44:31+00:00
b4aaa11976f543ce9d1a5e515491549a,7f389d12743b,wnba,2026-27,2026-08-24T19:14:48+00:00,2026-08-28,TOR,LVA,moneyline,LVA,,,,,0.6973,Normal CDF of projected margin (σ=12),,,False,,,PROJ,False,True,True,False,1.0,,2026-08-29T04:22:27+00:00
f8660cb01f2045e892b07ad61d5f77e2,7f389d12743b,wnba,2026-27,2026-08-24T19:14:48+00:00,2026-08-28,TOR,LVA,spread,LVA,,,,,6.2,projected home margin,,,False,,,PROJ,False,True,,False,20.0,,2026-08-29T04:22:27+00:00
56a02fef002a40f7af352518ab939709,7f389d12743b,wnba,2026-27,2026-08-24T19:14:48+00:00,2026-08-28,TOR,LVA,total,,,,,,177.6,projected total,,,False,,,PROJ,False,True,,False,166.0,,2026-08-29T04:22:27+00:00
e6263ac617b04d508332d71d9bedb85f,7f389d12743b,wnba,2026-27,2026-08-24T19:14:48+00:00,2026-08-28,WAS,LAS,moneyline,WAS,,,,,0.5199,Normal CDF of projected margin (σ=12),,,False,,,PROJ,False,True,False,False,1.0,,2026-08-29T04:22:27+00:00
8689b5e35fa94ade8e8f03b44f5708e8,7f389d12743b,wnba,2026-27,2026-08-24T19:14:48+00:00,2026-08-28,WAS,LAS,spread,WAS,,,,,-0.6,projected home margin,,,False,,,PROJ,False,True,,False,6.0,,2026-08-29T04:22:27+00:00
ef336f990a934ac381b223f3d89d3dc6,7f389d12743b,wnba,2026-27,2026-08-24T19:14:48+00:00,2026-08-28,WAS,LAS,total,,,,,,172.4,projected total,,,False,,,PROJ,False,True,,False,170.0,,2026-08-29T04:22:27+00:00
008a97ef669e481d932cf5058d08eea3,7f389d12743b,wnba,2026-27,2026-08-24T19:14:48+00:00,2026-08-29,CHI,NYL,moneyline,NYL,,,,,0.6243,Normal CDF of projected margin (σ=12),,,False,,,PROJ,False,True,True,False,1.0,,2026-08-29T20:53:10+00:00
85a55fd67f6c425ea54131b4a81d1059,7f389d12743b,wnba,2026-27,2026-08-24T19:14:48+00:00,2026-08-29,CHI,NYL,spread,NYL,,,,,3.8,projected home margin,,,False,,,PROJ,False,True,,False,19.0,,2026-08-29T20:53:10+00:00
77b71795d62e4e3d95f08747f839fc42,7f389d12743b,wnba,2026-27,2026-08-24T19:14:48+00:00,2026-08-29,CHI,NYL,total,,,,,,177.4,projected total,,,False,,,PROJ,False,True,,False,151.0,,2026-08-29T20:53:10+00:00
7990476042994efabe1b033c8a99b916,7f389d12743b,wnba,2026-27,2026-08-24T19:14:48+00:00,2026-08-29,TOR,PHX,moneyline,PHX,,,,,0.5987,Normal CDF of projected margin (σ=12),,,False,,,PROJ,False,True,True,False,1.0,,2026-08-30T17:47:32+00:00
f0bf297849d64a879c0832ff56bae634,7f389d12743b,wnba,2026-27,2026-08-24T19:14:48+00:00,2026-08-29,TOR,PHX,spread,PHX,,,,,3.0,projected home margin,,,False,,,PROJ,False,True,,False,32.0,,2026-08-30T17:47:32+00:00
167b4d6a4e0e4462a296e92cbf29c09b,7f389d12743b,wnba,2026-27,2026-08-24T19:14:48+00:00,2026-08-29,TOR,PHX,total,,,,,,176.6,projected total,,,False,,,PROJ,False,True,,False,170.0,,2026-08-30T17:47:32+00:00
9d4a24163103459bb64f722290a7d0fa,7f389d12743b,wnba,2026-27,2026-08-24T19:14:48+00:00,2026-08-30,MIN,ATL,moneyline,MIN,,,,,0.5199,Normal CDF of projected margin (σ=12),,,False,,,PROJ,False,False,,,,result_not_available_yet,
915aa1991683459fa74a82c96a5c65ab,7f389d12743b,wnba,2026-27,2026-08-24T19:14:48+00:00,2026-08-30,MIN,ATL,spread,MIN,,,,,-0.6,projected home margin,,,False,,,PROJ,False,False,,,,result_not_available_yet,
f9776af63d1e4e528729d48467ebe294,7f389d12743b,wnba,2026-27,2026-08-24T19:14:48+00:00,2026-08-30,MIN,ATL,total,,,,,,176.0,projected total,,,False,,,PROJ,False,False,,,,result_not_available_yet,
3bc9baf4de7a4d9f9b66590f76974cdc,7f389d12743b,wnba,2026-27,2026-08-24T19:14:48+00:00,2026-08-30,LAS,SEA,moneyline,SEA,,,,,0.5365,Normal CDF of projected margin (σ=12),,,False,,,PROJ,False,False,,,,result_not_available_yet,
cf75765e00c54f1f85289e9a01c71e8f,7f389d12743b,wnba,2026-27,2026-08-24T19:14:48+00:00,2026-08-30,LAS,SEA,spread,SEA,,,,,1.1,projected home margin,,,False,,,PROJ,False,False,,,,result_not_available_yet,
72a812ca979e4b39abc3fe0ade70cc36,7f389d12743b,wnba,2026-27,2026-08-24T19:14:48+00:00,2026-08-30,LAS,SEA,total,,,,,,173.7,projected total,,,False,,,PROJ,False,False,,,,result_not_available_yet,
51bc177cb64940978d4bcf24c813e790,7f389d12743b,wnba,2026-27,2026-08-24T19:14:48+00:00,2026-08-30,GSV,PDX,moneyline,GSV,,,,,0.6274,Normal CDF of projected margin (σ=12),,,False,,,PROJ,False,False,,,,result_not_available_yet,
fa2cdc775ea147f98f1dc4a3d142c3fd,7f389d12743b,wnba,2026-27,2026-08-24T19:14:48+00:00,2026-08-30,GSV,PDX,spread,GSV,,,,,-3.9,projected home margin,,,False,,,PROJ,False,False,,,,result_not_available_yet,
de2474ed84be4df8a24b48af6a056fae,7f389d12743b,wnba,2026-27,2026-08-24T19:14:48+00:00,2026-08-30,GSV,PDX,total,,,,,,168.5,projected total,,,False,,,PROJ,False,False,,,,result_not_available_yet,
07e46a840f6f41bf9c8392482d8bbda3,7f389d12743b,wnba,2026-27,2026-08-24T19:14:48+00:00,2026-08-30,CON,DAL,moneyline,DAL,,,,,0.6944,Normal CDF of projected margin (σ=12),,,False,,,PROJ,False,False,,,,result_not_available_yet,
fa9903b440024d6db26590553623a9be,7f389d12743b,wnba,2026-27,2026-08-24T19:14:48+00:00,2026-08-30,CON,DAL,spread,DAL,,,,,6.1,projected home margin,,,False,,,PROJ,False,False,,,,result_not_available_yet,
f7112563e13f4db39c945c840216f89a,7f389d12743b,wnba,2026-27,2026-08-24T19:14:48+00:00,2026-08-30,CON,DAL,total,,,,,,170.5,projected total,,,False,,,PROJ,False,False,,,,result_not_available_yet,
2f018038c41c4b858f81d9443753099c,551a631f4f1f,wnba,2026-27,2026-08-25T17:01:57+00:00,2026-08-25,CHI,CON,moneyline,CHI,,-190.0,198.0,fanduel,0.5563,Normal CDF of projected margin (σ=12),0.5563,0.6613,True,-0.105,Pass,PASS,True,True,False,False,1.0,,2026-08-26T17:34:55+00:00
72b1fdb0077a4ae8853721e827041437,551a631f4f1f,wnba,2026-27,2026-08-25T17:01:57+00:00,2026-08-25,CHI,CON,spread,CON,5.5,-105.0,-104.0,draftkings,-1.7,projected home margin,0.6243,0.5012,True,0.1231,Strong,PLAY,True,True,True,False,6.0,,2026-08-26T17:34:55+00:00
eea26828506546a48b612aa14d24408b,551a631f4f1f,wnba,2026-27,2026-08-25T17:01:57+00:00,2026-08-25,CHI,CON,total,OVER,168.5,-115.0,-105.0,fanduel,171.7,projected total,0.6051,0.5108,True,0.0943,Strong,PLAY,True,True,False,False,168.0,,2026-08-26T17:34:55+00:00
9df999673d5e4237b208b18b99275103,551a631f4f1f,wnba,2026-27,2026-08-25T17:01:57+00:00,2026-08-25,PDX,DAL,moneyline,DAL,,-300.0,300.0,bovada,0.64,Normal CDF of projected margin (σ=12),0.64,0.75,True,-0.11,Pass,PASS,True,True,True,False,1.0,,2026-08-26T17:34:55+00:00
aa89ea6aa27c4a1ba40c5061505eada7,551a631f4f1f,wnba,2026-27,2026-08-25T17:01:57+00:00,2026-08-25,PDX,DAL,spread,PDX,-7.5,-108.0,-108.0,lowvig,4.3,projected home margin,0.6051,0.5,True,0.1051,Strong,PLAY,True,True,False,False,18.0,,2026-08-26T17:34:55+00:00
e683238822774429946a39d0d8b20e2c,551a631f4f1f,wnba,2026-27,2026-08-25T17:01:57+00:00,2026-08-25,PDX,DAL,total,UNDER,177.0,-108.0,-108.0,lowvig,176.3,projected total,0.5233,0.5,True,0.0233,Lean,PLAY,True,True,True,False,174.0,,2026-08-26T17:34:55+00:00
d8c5c90986c34dae87f5035c2c737498,551a631f4f1f,wnba,2026-27,2026-08-25T17:01:57+00:00,2026-08-25,WAS,PHX,moneyline,WAS,,-122.0,130.0,draftkings,0.5066,Normal CDF of projected margin (σ=12),0.5066,0.5583,True,-0.0517,Pass,PASS,True,True,True,False,0.0,,2026-08-26T17:34:55+00:00
5100f001b08640f18e2030ddba4fc78a,551a631f4f1f,wnba,2026-27,2026-08-25T17:01:57+00:00,2026-08-25,WAS,PHX,spread,PHX,3.0,-108.0,-108.0,lowvig,-0.2,projected home margin,0.5922,0.5,True,0.0922,Strong,PLAY,True,True,False,False,-10.0,,2026-08-26T17:34:55+00:00
bb9080fc13b74d99abbe8ecf08573931,551a631f4f1f,wnba,2026-27,2026-08-25T17:01:57+00:00,2026-08-25,WAS,PHX,total,OVER,165.5,-106.0,-108.0,fanduel,167.8,projected total,0.576,0.4977,True,0.0783,Standard,PLAY,True,True,True,False,178.0,,2026-08-26T17:34:55+00:00
12daee855d7643239e2f7cb47a5ee416,551a631f4f1f,wnba,2026-27,2026-08-25T17:01:57+00:00,2026-08-26,GSV,CON,moneyline,GSV,,-950.0,590.0,fanduel,0.6826,Normal CDF of projected margin (σ=12),0.6826,0.8619,True,-0.1793,Pass,PASS,True,True,True,False,0.0,,2026-08-28T02:10:01+00:00
0d8ce6ab1dc345449f7ffdaddc7a385b,551a631f4f1f,wnba,2026-27,2026-08-25T17:01:57+00:00,2026-08-26,GSV,CON,spread,CON,13.5,-115.0,-105.0,fanduel,-5.7,projected home margin,0.7422,0.5108,True,0.2313,Review,REVIEW,True,True,False,False,-25.0,,2026-08-28T02:10:01+00:00
b6e46633f2cb4dfe955a9cbd1992645b,551a631f4f1f,wnba,2026-27,2026-08-25T17:01:57+00:00,2026-08-26,GSV,CON,total,OVER,151.5,-110.0,-110.0,fanduel,162.9,projected total,0.8289,0.5,True,0.3289,Review,REVIEW,True,True,True,False,153.0,,2026-08-28T02:10:01+00:00
ec977fd9defd44088c83c633fc11cc47,551a631f4f1f,wnba,2026-27,2026-08-25T17:01:57+00:00,2026-08-26,TOR,SEA,moneyline,SEA,,-194.0,156.0,fanduel,0.5727,Normal CDF of projected margin (σ=12),0.5727,0.6281,True,-0.0554,Pass,PASS,True,True,True,False,1.0,,2026-08-28T02:10:01+00:00
855a667461d249f3b5c7839a73495b12,551a631f4f1f,wnba,2026-27,2026-08-25T17:01:57+00:00,2026-08-26,TOR,SEA,spread,TOR,-4.5,-105.0,-115.0,fanduel,2.2,projected home margin,0.576,0.4892,True,0.0868,Strong,PLAY,True,True,False,False,12.0,,2026-08-28T02:10:01+00:00
1dbf5c9abd3b4ee4b23f9db5d1b80f80,551a631f4f1f,wnba,2026-27,2026-08-25T17:01:57+00:00,2026-08-26,TOR,SEA,total,UNDER,178.5,-112.0,-108.0,fanduel,174.4,projected total,0.6337,0.5043,True,0.1294,Strong,PLAY,True,True,True,False,168.0,,2026-08-28T02:10:01+00:00
60c83ed083ca4c7bbe4be81e982758ea,347a2ff720ae,wnba,2026-27,2026-08-25T17:02:06+00:00,2026-08-25,CHI,CON,moneyline,CHI,,-190.0,198.0,fanduel,0.5563,Normal CDF of projected margin (σ=12),0.5563,0.6613,True,-0.105,Pass,PASS,True,True,False,False,1.0,,2026-08-26T17:34:55+00:00
ec77a2853671471aa9b5e32061810933,347a2ff720ae,wnba,2026-27,2026-08-25T17:02:06+00:00,2026-08-25,CHI,CON,spread,CON,5.5,-105.0,-104.0,draftkings,-1.7,projected home margin,0.6243,0.5012,True,0.1231,Strong,PLAY,True,True,True,False,6.0,,2026-08-26T17:34:55+00:00
c4fad4f929064a59b25e85cce519d444,347a2ff720ae,wnba,2026-27,2026-08-25T17:02:06+00:00,2026-08-25,CHI,CON,total,OVER,168.5,-115.0,-105.0,fanduel,171.7,projected total,0.6051,0.5108,True,0.0943,Strong,PLAY,True,True,False,False,168.0,,2026-08-26T17:34:55+00:00
8671f30d08544b93a3155a0fe3c9fbd5,347a2ff720ae,wnba,2026-27,2026-08-25T17:02:06+00:00,2026-08-25,PDX,DAL,moneyline,DAL,,-300.0,300.0,bovada,0.64,Normal CDF of projected margin (σ=12),0.64,0.75,True,-0.11,Pass,PASS,True,True,True,False,1.0,,2026-08-26T17:34:55+00:00
3319a7100f174ce990bbc6db1ec5ce8c,347a2ff720ae,wnba,2026-27,2026-08-25T17:02:06+00:00,2026-08-25,PDX,DAL,spread,PDX,-7.5,-108.0,-108.0,lowvig,4.3,projected home margin,0.6051,0.5,True,0.1051,Strong,PLAY,True,True,False,False,18.0,,2026-08-26T17:34:55+00:00
63e349e14695472db291cddf5ae5d8be,347a2ff720ae,wnba,2026-27,2026-08-25T17:02:06+00:00,2026-08-25,PDX,DAL,total,UNDER,177.0,-108.0,-108.0,lowvig,176.3,projected total,0.5233,0.5,True,0.0233,Lean,PLAY,True,True,True,False,174.0,,2026-08-26T17:34:55+00:00
64464ab8970f4a1286bc2f0946bae647,347a2ff720ae,wnba,2026-27,2026-08-25T17:02:06+00:00,2026-08-25,WAS,PHX,moneyline,WAS,,-122.0,130.0,draftkings,0.5066,Normal CDF of projected margin (σ=12),0.5066,0.5583,True,-0.0517,Pass,PASS,True,True,True,False,0.0,,2026-08-26T17:34:55+00:00
3505eb5f2fa746509615624b5b4534fe,347a2ff720ae,wnba,2026-27,2026-08-25T17:02:06+00:00,2026-08-25,WAS,PHX,spread,PHX,3.0,-108.0,-108.0,lowvig,-0.2,projected home margin,0.5922,0.5,True,0.0922,Strong,PLAY,True,True,False,False,-10.0,,2026-08-26T17:34:55+00:00
2564497f4107454f9f11b456e150a86a,347a2ff720ae,wnba,2026-27,2026-08-25T17:02:06+00:00,2026-08-25,WAS,PHX,total,OVER,165.5,-106.0,-108.0,fanduel,167.8,projected total,0.576,0.4977,True,0.0783,Standard,PLAY,True,True,True,False,178.0,,2026-08-26T17:34:55+00:00
43cdd5e8463d4e918c5acf7f5070665e,347a2ff720ae,wnba,2026-27,2026-08-25T17:02:06+00:00,2026-08-26,GSV,CON,moneyline,GSV,,-950.0,590.0,fanduel,0.6826,Normal CDF of projected margin (σ=12),0.6826,0.8619,True,-0.1793,Pass,PASS,True,True,True,False,0.0,,2026-08-28T02:10:01+00:00
bc44d4b773e740f3bcaefaf5a9e8ae0d,347a2ff720ae,wnba,2026-27,2026-08-25T17:02:06+00:00,2026-08-26,GSV,CON,spread,CON,13.5,-115.0,-105.0,fanduel,-5.7,projected home margin,0.7422,0.5108,True,0.2313,Review,REVIEW,True,True,False,False,-25.0,,2026-08-28T02:10:01+00:00
22d9556a1e3345f79494857387630776,347a2ff720ae,wnba,2026-27,2026-08-25T17:02:06+00:00,2026-08-26,GSV,CON,total,OVER,151.5,-110.0,-110.0,fanduel,162.9,projected total,0.8289,0.5,True,0.3289,Review,REVIEW,True,True,True,False,153.0,,2026-08-28T02:10:01+00:00
1a7c1352d5f8484ba30b7311f9b74be4,347a2ff720ae,wnba,2026-27,2026-08-25T17:02:06+00:00,2026-08-26,TOR,SEA,moneyline,SEA,,-194.0,156.0,fanduel,0.5727,Normal CDF of projected margin (σ=12),0.5727,0.6281,True,-0.0554,Pass,PASS,True,True,True,False,1.0,,2026-08-28T02:10:01+00:00
f9abfdf22a254c49bc80626196d44950,347a2ff720ae,wnba,2026-27,2026-08-25T17:02:06+00:00,2026-08-26,TOR,SEA,spread,TOR,-4.5,-105.0,-115.0,fanduel,2.2,projected home margin,0.576,0.4892,True,0.0868,Strong,PLAY,True,True,False,False,12.0,,2026-08-28T02:10:01+00:00
14875edfc9964eb58800cd11245ac671,347a2ff720ae,wnba,2026-27,2026-08-25T17:02:06+00:00,2026-08-26,TOR,SEA,total,UNDER,178.5,-112.0,-108.0,fanduel,174.4,projected total,0.6337,0.5043,True,0.1294,Strong,PLAY,True,True,True,False,168.0,,2026-08-28T02:10:01+00:00
41654295b2824d549a9633bbe1062c26,439b305f40d6,wnba,2026-27,2026-08-25T17:03:38+00:00,2026-08-25,CHI,CON,moneyline,CHI,,-196.0,198.0,fanduel,0.5563,Normal CDF of projected margin (σ=12),0.5563,0.6637,True,-0.1074,Pass,PASS,True,True,False,False,1.0,,2026-08-26T17:34:55+00:00
9754f25738aa4e879c5374bbe9fe1b82,439b305f40d6,wnba,2026-27,2026-08-25T17:03:38+00:00,2026-08-25,CHI,CON,spread,CON,6.5,-114.0,-106.0,fanduel,-1.7,projected home margin,0.6554,0.5087,True,0.1468,Strong,PLAY,True,True,True,False,6.0,,2026-08-26T17:34:55+00:00
9cbe381e70fc47d0a5de8f9423ca2134,439b305f40d6,wnba,2026-27,2026-08-25T17:03:38+00:00,2026-08-25,CHI,CON,total,OVER,168.5,-115.0,-105.0,fanduel,171.7,projected total,0.6051,0.5108,True,0.0943,Strong,PLAY,True,True,False,False,168.0,,2026-08-26T17:34:55+00:00
6fb2679f3a524d2d860624ae47f4fc61,439b305f40d6,wnba,2026-27,2026-08-25T17:03:38+00:00,2026-08-25,PDX,DAL,moneyline,DAL,,-310.0,300.0,fanduel,0.64,Normal CDF of projected margin (σ=12),0.64,0.7515,True,-0.1115,Pass,PASS,True,True,True,False,1.0,,2026-08-26T17:34:55+00:00
05a9a85712c5435fa6e9aa02fdb69e3b,439b305f40d6,wnba,2026-27,2026-08-25T17:03:38+00:00,2026-08-25,PDX,DAL,spread,PDX,-8.5,-110.0,-110.0,fanduel,4.3,projected home margin,0.6368,0.5,True,0.1368,Strong,PLAY,True,True,False,False,18.0,,2026-08-26T17:34:55+00:00
89fdfe09dd0545d181b542911710ba8c,439b305f40d6,wnba,2026-27,2026-08-25T17:03:38+00:00,2026-08-25,PDX,DAL,total,UNDER,177.5,-105.0,-115.0,fanduel,176.3,projected total,0.5398,0.4892,True,0.0507,Standard,PLAY,True,True,True,False,174.0,,2026-08-26T17:34:55+00:00
c10183ea4a894eb781cf970223f4e110,439b305f40d6,wnba,2026-27,2026-08-25T17:03:38+00:00,2026-08-25,WAS,PHX,moneyline,WAS,,-122.0,118.0,fanduel,0.5066,Normal CDF of projected margin (σ=12),0.5066,0.545,True,-0.0384,Pass,PASS,True,True,True,False,0.0,,2026-08-26T17:34:55+00:00
1364dd3e3dfa4dc5a11e5965fb9444e9,439b305f40d6,wnba,2026-27,2026-08-25T17:03:38+00:00,2026-08-25,WAS,PHX,spread,PHX,1.5,-108.0,-112.0,fanduel,-0.2,projected home margin,0.5431,0.4957,True,0.0475,Standard,PLAY,True,True,False,False,-10.0,,2026-08-26T17:34:55+00:00
725771eb7e034becb39feac87596e63a,439b305f40d6,wnba,2026-27,2026-08-25T17:03:38+00:00,2026-08-25,WAS,PHX,total,OVER,167.5,-105.0,-115.0,fanduel,167.8,projected total,0.51,0.4892,True,0.0208,Lean,PASS,True,True,True,False,178.0,,2026-08-26T17:34:55+00:00
f07be51d4c7c4ffeba7e9c30702a9067,439b305f40d6,wnba,2026-27,2026-08-25T17:03:38+00:00,2026-08-26,GSV,CON,moneyline,GSV,,-950.0,590.0,fanduel,0.6826,Normal CDF of projected margin (σ=12),0.6826,0.8619,True,-0.1793,Pass,PASS,True,True,True,False,0.0,,2026-08-28T02:10:01+00:00
269edcb1cb2941ae829e5f90dca327a3,439b305f40d6,wnba,2026-27,2026-08-25T17:03:38+00:00,2026-08-26,GSV,CON,spread,CON,13.5,-115.0,-105.0,fanduel,-5.7,projected home margin,0.7422,0.5108,True,0.2313,Review,REVIEW,True,True,False,False,-25.0,,2026-08-28T02:10:01+00:00
be3d196d9b274406983c82494273d113,439b305f40d6,wnba,2026-27,2026-08-25T17:03:38+00:00,2026-08-26,GSV,CON,total,OVER,151.5,-110.0,-110.0,fanduel,162.9,projected total,0.8289,0.5,True,0.3289,Review,REVIEW,True,True,True,False,153.0,,2026-08-28T02:10:01+00:00
a49b2bf37f294db084624de6619552b6,439b305f40d6,wnba,2026-27,2026-08-25T17:03:38+00:00,2026-08-26,TOR,SEA,moneyline,SEA,,-194.0,156.0,fanduel,0.5727,Normal CDF of projected margin (σ=12),0.5727,0.6281,True,-0.0554,Pass,PASS,True,True,True,False,1.0,,2026-08-28T02:10:01+00:00
0fa83b52576d49f68a1e74d75498bb1f,439b305f40d6,wnba,2026-27,2026-08-25T17:03:38+00:00,2026-08-26,TOR,SEA,spread,TOR,-4.5,-105.0,-115.0,fanduel,2.2,projected home margin,0.576,0.4892,True,0.0868,Strong,PLAY,True,True,False,False,12.0,,2026-08-28T02:10:01+00:00
feaae4fa170d4f37826e122a34750802,439b305f40d6,wnba,2026-27,2026-08-25T17:03:38+00:00,2026-08-26,TOR,SEA,total,UNDER,178.5,-112.0,-108.0,fanduel,174.4,projected total,0.6337,0.5043,True,0.1294,Strong,PLAY,True,True,True,False,168.0,,2026-08-28T02:10:01+00:00
92dc2c8610c2469b9cbd882b605d5b45,fcd8a48d4b72,wnba,2026-27,2026-08-26T17:34:56+00:00,2026-08-26,GSV,CON,moneyline,GSV,,-950.0,680.0,fanduel,0.6826,Normal CDF of projected margin (σ=12),0.6826,0.8759,True,-0.1933,Pass,PASS,True,True,True,False,0.0,,2026-08-28T02:10:01+00:00
eda4b375289c4ae0b7f6b3b036a306af,fcd8a48d4b72,wnba,2026-27,2026-08-26T17:34:56+00:00,2026-08-26,GSV,CON,spread,CON,13.5,-104.0,-105.0,fanduel,-5.7,projected home margin,0.7422,0.4988,True,0.2433,Review,REVIEW,True,True,False,False,-25.0,,2026-08-28T02:10:01+00:00
4e78071632ef488489f413712804bf7b,fcd8a48d4b72,wnba,2026-27,2026-08-26T17:34:56+00:00,2026-08-26,GSV,CON,total,OVER,151.5,-110.0,-110.0,fanduel,162.9,projected total,0.8289,0.5,True,0.3289,Review,REVIEW,True,True,True,False,153.0,,2026-08-28T02:10:01+00:00
d0dc9a0bb539410f9d3d221a31bd6dce,fcd8a48d4b72,wnba,2026-27,2026-08-26T17:34:56+00:00,2026-08-26,TOR,SEA,moneyline,SEA,,-194.0,225.0,fanduel,0.5727,Normal CDF of projected margin (σ=12),0.5727,0.682,True,-0.1093,Pass,PASS,True,True,True,False,1.0,,2026-08-28T02:10:01+00:00
9f1ef953eec74e9d806dddb6cc3a53be,fcd8a48d4b72,wnba,2026-27,2026-08-26T17:34:56+00:00,2026-08-26,TOR,SEA,spread,TOR,-6.5,-104.0,-118.0,fanduel,2.2,projected home margin,0.64,0.485,True,0.1549,Review,REVIEW,True,True,False,False,12.0,,2026-08-28T02:10:01+00:00
a702af75fdfa43c6804b223139efa2ec,fcd8a48d4b72,wnba,2026-27,2026-08-26T17:34:56+00:00,2026-08-26,TOR,SEA,total,UNDER,175.5,-112.0,-108.0,fanduel,174.4,projected total,0.5365,0.5043,True,0.0322,Lean,PLAY,True,True,True,False,168.0,,2026-08-28T02:10:01+00:00
09e8ccc51db94f48af0789e99f20784e,fcd8a48d4b72,wnba,2026-27,2026-08-26T17:34:56+00:00,2026-08-27,GSV,NYL,moneyline,GSV,,104.0,-128.0,fanduel,0.5166,Normal CDF of projected margin (σ=12),0.5166,0.4661,True,0.0505,Standard,PLAY,True,True,True,False,0.0,,2026-08-28T02:10:01+00:00
4f073509ef3548198d68be84cbeb84f3,fcd8a48d4b72,wnba,2026-27,2026-08-26T17:34:56+00:00,2026-08-27,GSV,NYL,spread,GSV,-1.5,-106.0,-114.0,fanduel,-0.5,projected home margin,0.5662,0.4913,True,0.0748,Standard,PLAY,True,True,True,False,-19.0,,2026-08-28T02:10:01+00:00
868273e9a1944f128e45cbc734d3ade0,fcd8a48d4b72,wnba,2026-27,2026-08-26T17:34:56+00:00,2026-08-27,GSV,NYL,total,OVER,163.5,-106.0,-114.0,fanduel,168.3,projected total,0.6554,0.4913,True,0.1641,Review,REVIEW,True,True,False,False,139.0,,2026-08-28T02:10:01+00:00
fb63f79ffe564af687b16784d6cb5bf2,fcd8a48d4b72,wnba,2026-27,2026-08-26T17:34:56+00:00,2026-08-27,WAS,PHX,moneyline,WAS,,-138.0,112.0,fanduel,0.5033,Normal CDF of projected margin (σ=12),0.5033,0.5514,True,-0.0481,Pass,PASS,True,True,True,False,0.0,,2026-08-29T01:44:31+00:00
e33793e1de1b479e8d93f509a2dc310c,fcd8a48d4b72,wnba,2026-27,2026-08-26T17:34:56+00:00,2026-08-27,WAS,PHX,spread,PHX,2.5,-108.0,-112.0,fanduel,-0.1,projected home margin,0.5793,0.4957,True,0.0836,Strong,PLAY,True,True,False,False,-7.0,,2026-08-29T01:44:31+00:00
524cfe06d9964236a05a32bfad1a5d78,fcd8a48d4b72,wnba,2026-27,2026-08-26T17:34:56+00:00,2026-08-27,WAS,PHX,total,UNDER,168.5,-106.0,-114.0,fanduel,167.9,projected total,0.5199,0.4913,True,0.0286,Lean,PLAY,True,True,True,False,153.0,,2026-08-29T01:44:31+00:00
cfb9fbb396854aa2b148e8eb3ee8b805,510cd7299524,wnba,2026-27,2026-08-26T20:02:00+00:00,2026-08-26,GSV,CON,moneyline,GSV,,-950.0,680.0,fanduel,0.6826,Normal CDF of projected margin (σ=12),0.6826,0.8759,True,-0.1933,Pass,PASS,True,True,True,False,0.0,,2026-08-28T02:10:01+00:00
036076dd756b4c0eb6b57e01c3683997,510cd7299524,wnba,2026-27,2026-08-26T20:02:00+00:00,2026-08-26,GSV,CON,spread,CON,13.5,-104.0,-105.0,fanduel,-5.7,projected home margin,0.7422,0.4988,True,0.2433,Review,REVIEW,True,True,False,False,-25.0,,2026-08-28T02:10:01+00:00
41814c020bc54c42b319b9e9176355a8,510cd7299524,wnba,2026-27,2026-08-26T20:02:00+00:00,2026-08-26,GSV,CON,total,OVER,151.5,-110.0,-108.0,fanduel,162.9,projected total,0.8289,0.5022,True,0.3267,Review,REVIEW,True,True,True,False,153.0,,2026-08-28T02:10:01+00:00
16d5a6facd6d483f8a36c55507a6f350,510cd7299524,wnba,2026-27,2026-08-26T20:02:00+00:00,2026-08-26,TOR,SEA,moneyline,SEA,,-194.0,225.0,fanduel,0.5727,Normal CDF of projected margin (σ=12),0.5727,0.682,True,-0.1093,Pass,PASS,True,True,True,False,1.0,,2026-08-28T02:10:01+00:00
ca1acbbe9dd34bb48e4d25a0bd6ac947,510cd7299524,wnba,2026-27,2026-08-26T20:02:00+00:00,2026-08-26,TOR,SEA,spread,TOR,-6.5,-104.0,-110.0,fanduel,2.2,projected home margin,0.64,0.4932,True,0.1467,Strong,PLAY,True,True,False,False,12.0,,2026-08-28T02:10:01+00:00
47d97bc1ef7d4cae8a55169cfa9c7445,510cd7299524,wnba,2026-27,2026-08-26T20:02:00+00:00,2026-08-26,TOR,SEA,total,UNDER,174.5,-108.0,-112.0,fanduel,174.4,projected total,0.5033,0.4957,True,0.0077,Pass,PASS,True,True,True,False,168.0,,2026-08-28T02:10:01+00:00
769a723423b94bb2a61ec553ad3e7a29,510cd7299524,wnba,2026-27,2026-08-26T20:02:00+00:00,2026-08-27,GSV,NYL,moneyline,GSV,,112.0,-128.0,fanduel,0.5166,Normal CDF of projected margin (σ=12),0.5166,0.4566,True,0.06,Standard,PLAY,True,True,True,False,0.0,,2026-08-28T02:10:01+00:00
2befd38448bd4c8a909d07442eeb552b,510cd7299524,wnba,2026-27,2026-08-26T20:02:00+00:00,2026-08-27,GSV,NYL,spread,GSV,-2.5,-114.0,-106.0,fanduel,-0.5,projected home margin,0.5987,0.5087,True,0.09,Strong,PLAY,True,True,True,False,-19.0,,2026-08-28T02:10:01+00:00
1989fba5e617402c846afaad9b14b68f,510cd7299524,wnba,2026-27,2026-08-26T20:02:00+00:00,2026-08-27,GSV,NYL,total,OVER,163.5,-106.0,-114.0,fanduel,168.3,projected total,0.6554,0.4913,True,0.1641,Review,REVIEW,True,True,False,False,139.0,,2026-08-28T02:10:01+00:00
d9ebf72dbada4e75bb1ce1e8ff1605f5,510cd7299524,wnba,2026-27,2026-08-26T20:02:00+00:00,2026-08-27,WAS,PHX,moneyline,WAS,,-138.0,112.0,fanduel,0.5033,Normal CDF of projected margin (σ=12),0.5033,0.5514,True,-0.0481,Pass,PASS,True,True,True,False,0.0,,2026-08-29T01:44:31+00:00
c3ff234ac0604ca4a1ce15209ee18c5d,510cd7299524,wnba,2026-27,2026-08-26T20:02:00+00:00,2026-08-27,WAS,PHX,spread,PHX,2.5,-108.0,-112.0,fanduel,-0.1,projected home margin,0.5793,0.4957,True,0.0836,Strong,PLAY,True,True,False,False,-7.0,,2026-08-29T01:44:31+00:00
9851968492e94f61af5ba0d079548e0b,510cd7299524,wnba,2026-27,2026-08-26T20:02:00+00:00,2026-08-27,WAS,PHX,total,UNDER,168.5,-106.0,-110.0,fanduel,167.9,projected total,0.5199,0.4955,True,0.0244,Lean,PLAY,True,True,True,False,153.0,,2026-08-29T01:44:31+00:00
1c1fa1d63b9a41e3bc47a5c165e09d9a,bd037141f9bd,wnba,2026-27,2026-08-28T02:10:02+00:00,2026-08-28,PDX,ATL,moneyline,ATL,,-850.0,540.0,fanduel,0.6796,Normal CDF of projected margin (σ=12),0.6796,0.8513,True,-0.1717,Pass,PASS,True,True,False,False,0.0,,2026-08-29T01:44:31+00:00
5eece10efbd3426e91e6cd2801e90d43,bd037141f9bd,wnba,2026-27,2026-08-28T02:10:02+00:00,2026-08-28,PDX,ATL,spread,PDX,-12.5,-105.0,-115.0,fanduel,5.6,projected home margin,0.7174,0.4892,True,0.2282,Review,REVIEW,True,True,True,False,-18.0,,2026-08-29T01:44:31+00:00
2daea39b619f438f922bdb5138279aa8,bd037141f9bd,wnba,2026-27,2026-08-28T02:10:02+00:00,2026-08-28,PDX,ATL,total,UNDER,179.5,-108.0,-112.0,fanduel,176.8,projected total,0.589,0.4957,True,0.0933,Strong,PLAY,True,True,False,False,184.0,,2026-08-29T01:44:31+00:00
2a7261217ffc4ff7b4010faf6c21cb2e,bd037141f9bd,wnba,2026-27,2026-08-28T02:10:02+00:00,2026-08-28,CON,IND,moneyline,IND,,-2000.0,920.0,fanduel,0.7502,Normal CDF of projected margin (σ=12),0.7502,0.9067,True,-0.1565,Pass,PASS,True,True,True,False,1.0,,2026-08-29T01:44:31+00:00
eccdeaa74cd840cdb703610a56437e28,bd037141f9bd,wnba,2026-27,2026-08-28T02:10:02+00:00,2026-08-28,CON,IND,spread,CON,-16.5,-104.0,-118.0,fanduel,8.1,projected home margin,0.758,0.485,True,0.273,Review,REVIEW,True,True,False,False,20.0,,2026-08-29T01:44:31+00:00
1ec9d8db473549d899fc32936b8294b8,bd037141f9bd,wnba,2026-27,2026-08-28T02:10:02+00:00,2026-08-28,CON,IND,total,UNDER,179.5,-110.0,-110.0,fanduel,176.3,projected total,0.6051,0.5,True,0.1051,Strong,PLAY,True,True,False,False,202.0,,2026-08-29T01:44:31+00:00
3b7b922bebfc4c179caae5f559a89841,bd037141f9bd,wnba,2026-27,2026-08-28T02:10:02+00:00,2026-08-28,TOR,LVA,moneyline,LVA,,-1200.0,680.0,fanduel,0.6915,Normal CDF of projected margin (σ=12),0.6915,0.878,True,-0.1865,Pass,PASS,True,True,True,False,1.0,,2026-08-29T04:22:27+00:00
b3d4536743594f77992719acd742f008,bd037141f9bd,wnba,2026-27,2026-08-28T02:10:02+00:00,2026-08-28,TOR,LVA,spread,TOR,-13.5,-105.0,-115.0,fanduel,6.0,projected home margin,0.734,0.4892,True,0.2448,Review,REVIEW,True,True,False,False,20.0,,2026-08-29T04:22:27+00:00
73bbc4504df249c480f6fab59f332496,bd037141f9bd,wnba,2026-27,2026-08-28T02:10:02+00:00,2026-08-28,TOR,LVA,total,OVER,176.5,-110.0,-110.0,fanduel,177.6,projected total,0.5365,0.5,True,0.0365,Lean,PLAY,True,True,False,False,166.0,,2026-08-29T04:22:27+00:00
d0e0d29128184aca86554c8f3b0cb8d9,bd037141f9bd,wnba,2026-27,2026-08-28T02:10:02+00:00,2026-08-28,WAS,LAS,moneyline,WAS,,-205.0,164.0,fanduel,0.5266,Normal CDF of projected margin (σ=12),0.5266,0.6396,True,-0.113,Pass,PASS,True,True,False,False,1.0,,2026-08-29T04:22:27+00:00
6973dfabba004bc989615a7e649f1a9e,bd037141f9bd,wnba,2026-27,2026-08-28T02:10:02+00:00,2026-08-28,WAS,LAS,spread,LAS,4.5,-110.0,-110.0,fanduel,-0.8,projected home margin,0.6211,0.5,True,0.1211,Strong,PLAY,True,True,True,False,6.0,,2026-08-29T04:22:27+00:00
a1f8fb7c377847359277ae39dac3c6ba,bd037141f9bd,wnba,2026-27,2026-08-28T02:10:02+00:00,2026-08-28,WAS,LAS,total,OVER,167.5,-114.0,-106.0,fanduel,172.4,projected total,0.6585,0.5087,True,0.1498,Strong,PLAY,True,True,True,False,170.0,,2026-08-29T04:22:27+00:00
8b27373e019641899711cc867b901e97,bd037141f9bd,wnba,2026-27,2026-08-28T02:10:02+00:00,2026-08-29,CHI,NYL,moneyline,NYL,,,,,0.6179,Normal CDF of projected margin (σ=12),,,False,,,PROJ,False,True,True,False,1.0,,2026-08-29T20:53:10+00:00
bbcbb59be14a4343be4c8343f81e624b,bd037141f9bd,wnba,2026-27,2026-08-28T02:10:02+00:00,2026-08-29,CHI,NYL,spread,NYL,,,,,3.6,projected home margin,,,False,,,PROJ,False,True,,False,19.0,,2026-08-29T20:53:10+00:00
cdc748dbf6b14cb0a24b821bcfb0c46a,bd037141f9bd,wnba,2026-27,2026-08-28T02:10:02+00:00,2026-08-29,CHI,NYL,total,,,,,,177.4,projected total,,,False,,,PROJ,False,True,,False,151.0,,2026-08-29T20:53:10+00:00
2fccd21f18f24a31bf5cbcbdbf527a39,bd037141f9bd,wnba,2026-27,2026-08-28T02:10:02+00:00,2026-08-29,TOR,PHX,moneyline,PHX,,,,,0.5955,Normal CDF of projected margin (σ=12),,,False,,,PROJ,False,True,True,False,1.0,,2026-08-30T17:47:32+00:00
12cea948f3d84212b39251a99bada50d,bd037141f9bd,wnba,2026-27,2026-08-28T02:10:02+00:00,2026-08-29,TOR,PHX,spread,PHX,,,,,2.9,projected home margin,,,False,,,PROJ,False,True,,False,32.0,,2026-08-30T17:47:32+00:00
a7ceaaa2bc02426682ac700cb1d7c32a,bd037141f9bd,wnba,2026-27,2026-08-28T02:10:02+00:00,2026-08-29,TOR,PHX,total,,,,,,176.7,projected total,,,False,,,PROJ,False,True,,False,170.0,,2026-08-30T17:47:32+00:00
89521464298b4c3884172877a6595a40,0d4ca46e5476,wnba,2026-27,2026-08-29T01:44:32+00:00,2026-08-29,CHI,NYL,moneyline,NYL,,-420.0,310.0,fanduel,0.6179,Normal CDF of projected margin (σ=12),0.6179,0.7681,True,-0.1502,Pass,PASS,True,True,True,False,1.0,,2026-08-29T20:53:10+00:00
1dd9f3b629e2402a8f57fe8dd39fe760,0d4ca46e5476,wnba,2026-27,2026-08-29T01:44:32+00:00,2026-08-29,CHI,NYL,spread,CHI,-9.5,-115.0,-105.0,fanduel,3.6,projected home margin,0.6885,0.5108,True,0.1777,Review,REVIEW,True,True,False,False,19.0,,2026-08-29T20:53:10+00:00
c1e8dac8327b4f20b4d7d80170b4acea,0d4ca46e5476,wnba,2026-27,2026-08-29T01:44:32+00:00,2026-08-29,CHI,NYL,total,UNDER,179.5,-108.0,-112.0,fanduel,177.4,projected total,0.5695,0.4957,True,0.0738,Standard,PLAY,True,True,True,False,151.0,,2026-08-29T20:53:10+00:00
8e6213293129446aa0859ab5e17fe428,0d4ca46e5476,wnba,2026-27,2026-08-29T01:44:32+00:00,2026-08-29,TOR,PHX,moneyline,PHX,,,,,0.5922,Normal CDF of projected margin (σ=12),,,False,,,PROJ,False,True,True,False,1.0,,2026-08-30T17:47:32+00:00
f7ca8e20ae1d436db39656e10205a933,0d4ca46e5476,wnba,2026-27,2026-08-29T01:44:32+00:00,2026-08-29,TOR,PHX,spread,PHX,,,,,2.8,projected home margin,,,False,,,PROJ,False,True,,False,32.0,,2026-08-30T17:47:32+00:00
baee47f49c174ade87811d24ecbe8d76,0d4ca46e5476,wnba,2026-27,2026-08-29T01:44:32+00:00,2026-08-29,TOR,PHX,total,,,,,,176.6,projected total,,,False,,,PROJ,False,True,,False,170.0,,2026-08-30T17:47:32+00:00
91df31011a99452197e3603043e63ce2,0d4ca46e5476,wnba,2026-27,2026-08-29T01:44:32+00:00,2026-08-30,MIN,ATL,moneyline,MIN,,,,,0.5266,Normal CDF of projected margin (σ=12),,,False,,,PROJ,False,False,,,,result_not_available_yet,
474caf6925c8421f9519584af164a9ae,0d4ca46e5476,wnba,2026-27,2026-08-29T01:44:32+00:00,2026-08-30,MIN,ATL,spread,MIN,,,,,-0.8,projected home margin,,,False,,,PROJ,False,False,,,,result_not_available_yet,
359f129a592a429a97c120724c5e8c77,0d4ca46e5476,wnba,2026-27,2026-08-29T01:44:32+00:00,2026-08-30,MIN,ATL,total,,,,,,176.0,projected total,,,False,,,PROJ,False,False,,,,result_not_available_yet,
5e14a613aab349faa8228f4fb6e82514,0d4ca46e5476,wnba,2026-27,2026-08-29T01:44:32+00:00,2026-08-30,LAS,SEA,moneyline,SEA,,,,,0.5332,Normal CDF of projected margin (σ=12),,,False,,,PROJ,False,False,,,,result_not_available_yet,
d541048ff75640e3afed88e5e9e57dbe,0d4ca46e5476,wnba,2026-27,2026-08-29T01:44:32+00:00,2026-08-30,LAS,SEA,spread,SEA,,,,,1.0,projected home margin,,,False,,,PROJ,False,False,,,,result_not_available_yet,
8d24eeb70cae44699e2b42dfb6484a17,0d4ca46e5476,wnba,2026-27,2026-08-29T01:44:32+00:00,2026-08-30,LAS,SEA,total,,,,,,173.6,projected total,,,False,,,PROJ,False,False,,,,result_not_available_yet,
fa0d4bd0f27e4e4db1e44c12f2abf7f3,0d4ca46e5476,wnba,2026-27,2026-08-29T01:44:32+00:00,2026-08-30,GSV,PDX,moneyline,GSV,,,,,0.6337,Normal CDF of projected margin (σ=12),,,False,,,PROJ,False,False,,,,result_not_available_yet,
a46a6f1bd773496eabba5af7651d0c57,0d4ca46e5476,wnba,2026-27,2026-08-29T01:44:32+00:00,2026-08-30,GSV,PDX,spread,GSV,,,,,-4.1,projected home margin,,,False,,,PROJ,False,False,,,,result_not_available_yet,
11db85fcbb3848f8a82a235b77f1ebd8,0d4ca46e5476,wnba,2026-27,2026-08-29T01:44:32+00:00,2026-08-30,GSV,PDX,total,,,,,,168.5,projected total,,,False,,,PROJ,False,False,,,,result_not_available_yet,
931342a24baa490a885a6f7715d08a8a,0d4ca46e5476,wnba,2026-27,2026-08-29T01:44:32+00:00,2026-08-30,CON,DAL,moneyline,DAL,,,,,0.6885,Normal CDF of projected margin (σ=12),,,False,,,PROJ,False,False,,,,result_not_available_yet,
4a65f357805f4328921596074f8f3a88,0d4ca46e5476,wnba,2026-27,2026-08-29T01:44:32+00:00,2026-08-30,CON,DAL,spread,DAL,,,,,5.9,projected home margin,,,False,,,PROJ,False,False,,,,result_not_available_yet,
ea65fb48a32e4c918d39e93f3fd618e8,0d4ca46e5476,wnba,2026-27,2026-08-29T01:44:32+00:00,2026-08-30,CON,DAL,total,,,,,,170.5,projected total,,,False,,,PROJ,False,False,,,,result_not_available_yet,
4ab479c25f4b4f41821c9b410150aae9,5beb1837319d,wnba,2026-27,2026-08-29T04:22:27+00:00,2026-08-29,CHI,NYL,moneyline,NYL,,-420.0,310.0,fanduel,0.6179,Normal CDF of projected margin (σ=12),0.6179,0.7681,True,-0.1502,Pass,PASS,True,True,True,False,1.0,,2026-08-29T20:53:10+00:00
1e4f24249efe42379f17a850d5a9831d,5beb1837319d,wnba,2026-27,2026-08-29T04:22:27+00:00,2026-08-29,CHI,NYL,spread,CHI,-8.5,-104.0,-118.0,fanduel,3.6,projected home margin,0.6585,0.485,True,0.1735,Review,REVIEW,True,True,False,False,19.0,,2026-08-29T20:53:10+00:00
a9a649a7aa774960836d137600ac4975,5beb1837319d,wnba,2026-27,2026-08-29T04:22:27+00:00,2026-08-29,CHI,NYL,total,UNDER,179.5,-105.0,-112.0,fanduel,177.4,projected total,0.5695,0.4923,True,0.0772,Standard,PLAY,True,True,True,False,151.0,,2026-08-29T20:53:10+00:00
18976b9122cd4082b8c43a2b8e12b957,5beb1837319d,wnba,2026-27,2026-08-29T04:22:27+00:00,2026-08-29,TOR,PHX,moneyline,PHX,,-420.0,310.0,fanduel,0.5955,Normal CDF of projected margin (σ=12),0.5955,0.7681,True,-0.1726,Pass,PASS,True,True,True,False,1.0,,2026-08-30T17:47:32+00:00
e278757aae154440b9265b842abd744a,5beb1837319d,wnba,2026-27,2026-08-29T04:22:27+00:00,2026-08-29,TOR,PHX,spread,TOR,-9.5,-118.0,-104.0,fanduel,2.9,projected home margin,0.7088,0.515,True,0.1939,Review,REVIEW,True,True,False,False,32.0,,2026-08-30T17:47:32+00:00
c42f50aa87904a3e982a1d6cfabc76bb,5beb1837319d,wnba,2026-27,2026-08-29T04:22:27+00:00,2026-08-29,TOR,PHX,total,UNDER,177.5,-110.0,-110.0,fanduel,176.7,projected total,0.5266,0.5,True,0.0266,Lean,PLAY,True,True,True,False,170.0,,2026-08-30T17:47:32+00:00
a25bc1bac99940ca81cde802d7dbd8e3,5beb1837319d,wnba,2026-27,2026-08-29T04:22:27+00:00,2026-08-30,MIN,ATL,moneyline,MIN,,-144.0,118.0,fanduel,0.5266,Normal CDF of projected margin (σ=12),0.5266,0.5627,True,-0.0361,Pass,PASS,True,False,,,,result_not_available_yet,
c701088d1e264b9aab84cd1e084f3103,5beb1837319d,wnba,2026-27,2026-08-29T04:22:27+00:00,2026-08-30,MIN,ATL,spread,ATL,2.5,-108.0,-112.0,fanduel,-0.8,projected home margin,0.5563,0.4957,True,0.0607,Standard,PLAY,True,False,,,,result_not_available_yet,
b0bb091fcb16428aad313ab7b166c3d2,5beb1837319d,wnba,2026-27,2026-08-29T04:22:27+00:00,2026-08-30,MIN,ATL,total,UNDER,178.5,-110.0,-110.0,fanduel,176.0,projected total,0.5825,0.5,True,0.0825,Strong,PLAY,True,False,,,,result_not_available_yet,
f8cf776a2c4749e2850475118cab8433,5beb1837319d,wnba,2026-27,2026-08-29T04:22:27+00:00,2026-08-30,LAS,SEA,moneyline,SEA,,,,,0.5332,Normal CDF of projected margin (σ=12),,,False,,,PROJ,False,False,,,,result_not_available_yet,
ce497478e1d140e98814d0dc50782816,5beb1837319d,wnba,2026-27,2026-08-29T04:22:27+00:00,2026-08-30,LAS,SEA,spread,SEA,,,,,1.0,projected home margin,,,False,,,PROJ,False,False,,,,result_not_available_yet,
a953ebca1c4c4d789f3c80c453cebc3a,5beb1837319d,wnba,2026-27,2026-08-29T04:22:27+00:00,2026-08-30,LAS,SEA,total,,,,,,173.6,projected total,,,False,,,PROJ,False,False,,,,result_not_available_yet,
060cc9f19f17401695053a800c447b52,5beb1837319d,wnba,2026-27,2026-08-29T04:22:27+00:00,2026-08-30,GSV,PDX,moneyline,GSV,,,,,0.6337,Normal CDF of projected margin (σ=12),,,False,,,PROJ,False,False,,,,result_not_available_yet,
8352815c45cd476d82d9cb9d824b34bb,5beb1837319d,wnba,2026-27,2026-08-29T04:22:27+00:00,2026-08-30,GSV,PDX,spread,GSV,,,,,-4.1,projected home margin,,,False,,,PROJ,False,False,,,,result_not_available_yet,
1713e902907d4cbf8ff82f4a38ba2880,5beb1837319d,wnba,2026-27,2026-08-29T04:22:27+00:00,2026-08-30,GSV,PDX,total,,,,,,168.5,projected total,,,False,,,PROJ,False,False,,,,result_not_available_yet,
989dba5b438240c181c67088f9c055a5,5beb1837319d,wnba,2026-27,2026-08-29T04:22:27+00:00,2026-08-30,CON,DAL,moneyline,DAL,,,,,0.6944,Normal CDF of projected margin (σ=12),,,False,,,PROJ,False,False,,,,result_not_available_yet,
88abe18d78b94f03b3a5515c373b6476,5beb1837319d,wnba,2026-27,2026-08-29T04:22:27+00:00,2026-08-30,CON,DAL,spread,DAL,,,,,6.1,projected home margin,,,False,,,PROJ,False,False,,,,result_not_available_yet,
df42e000762f453bafcbc7db2c5f8e55,5beb1837319d,wnba,2026-27,2026-08-29T04:22:27+00:00,2026-08-30,CON,DAL,total,,,,,,170.5,projected total,,,False,,,PROJ,False,False,,,,result_not_available_yet,
f3a0b54485ec42618a17d224f44865b8,0b2fda6bfff8,wnba,2026-27,2026-08-29T20:53:11+00:00,2026-08-29,TOR,PHX,moneyline,PHX,,-420.0,320.0,fanduel,0.5987,Normal CDF of projected margin (σ=12),0.5987,0.7723,True,-0.1736,Pass,PASS,True,True,True,False,1.0,,2026-08-30T17:47:32+00:00
4fdfe8b56dae4d98b676f9061db4b0bf,0b2fda6bfff8,wnba,2026-27,2026-08-29T20:53:11+00:00,2026-08-29,TOR,PHX,spread,TOR,-9.5,-115.0,-104.0,fanduel,3.0,projected home margin,0.706,0.512,True,0.194,Review,REVIEW,True,True,False,False,32.0,,2026-08-30T17:47:32+00:00
780be560dc7946bf81e844d2b1a1f0bb,0b2fda6bfff8,wnba,2026-27,2026-08-29T20:53:11+00:00,2026-08-29,TOR,PHX,total,OVER,173.5,-110.0,-110.0,fanduel,176.6,projected total,0.6019,0.5,True,0.1019,Strong,PLAY,True,True,False,False,170.0,,2026-08-30T17:47:32+00:00
aa850bd251614faaa1bea1cdefd9ae52,0b2fda6bfff8,wnba,2026-27,2026-08-29T20:53:11+00:00,2026-08-30,MIN,ATL,moneyline,MIN,,-138.0,118.0,fanduel,0.5233,Normal CDF of projected margin (σ=12),0.5233,0.5583,True,-0.035,Pass,PASS,True,False,,,,result_not_available_yet,
be65ff58662a4cb49c604ac043c73368,0b2fda6bfff8,wnba,2026-27,2026-08-29T20:53:11+00:00,2026-08-30,MIN,ATL,spread,ATL,2.5,-108.0,-108.0,fanduel,-0.7,projected home margin,0.5596,0.5,True,0.0596,Standard,PLAY,True,False,,,,result_not_available_yet,
7b5e417e16ae496cb046b186b4ca9822,0b2fda6bfff8,wnba,2026-27,2026-08-29T20:53:11+00:00,2026-08-30,MIN,ATL,total,UNDER,178.5,-110.0,-110.0,fanduel,175.9,projected total,0.5858,0.5,True,0.0858,Strong,PLAY,True,False,,,,result_not_available_yet,
2c0c5d5f59fb45e68c74566c38d351dd,0b2fda6bfff8,wnba,2026-27,2026-08-29T20:53:11+00:00,2026-08-30,LAS,SEA,moneyline,SEA,,,,,0.5332,Normal CDF of projected margin (σ=12),,,False,,,PROJ,False,False,,,,result_not_available_yet,
033e95ac68f044fab7734d25c922afb5,0b2fda6bfff8,wnba,2026-27,2026-08-29T20:53:11+00:00,2026-08-30,LAS,SEA,spread,SEA,,,,,1.0,projected home margin,,,False,,,PROJ,False,False,,,,result_not_available_yet,
714f7c1b82044b51b479bd786c1c219a,0b2fda6bfff8,wnba,2026-27,2026-08-29T20:53:11+00:00,2026-08-30,LAS,SEA,total,,,,,,173.6,projected total,,,False,,,PROJ,False,False,,,,result_not_available_yet,
901a16f0ac9d4abf9a2edaf819d2eac9,0b2fda6bfff8,wnba,2026-27,2026-08-29T20:53:11+00:00,2026-08-30,GSV,PDX,moneyline,GSV,,-205.0,164.0,fanduel,0.6306,Normal CDF of projected margin (σ=12),0.6306,0.6396,True,-0.009,Pass,PASS,True,False,,,,result_not_available_yet,
89b337ba0b7c4f849b6724355bfaf56b,0b2fda6bfff8,wnba,2026-27,2026-08-29T20:53:11+00:00,2026-08-30,GSV,PDX,spread,PDX,5.5,-118.0,-104.0,fanduel,-4.0,projected home margin,0.5497,0.515,True,0.0348,Lean,PLAY,True,False,,,,result_not_available_yet,
87eef1563eb34a87a589ec604fb35c61,0b2fda6bfff8,wnba,2026-27,2026-08-29T20:53:11+00:00,2026-08-30,GSV,PDX,total,OVER,159.5,-115.0,-105.0,fanduel,168.4,projected total,0.7709,0.5108,True,0.26,Review,REVIEW,True,False,,,,result_not_available_yet,
017097efb40f4e96bccd55a2822e168d,0b2fda6bfff8,wnba,2026-27,2026-08-29T20:53:11+00:00,2026-08-30,CON,DAL,moneyline,DAL,,-850.0,540.0,fanduel,0.6944,Normal CDF of projected margin (σ=12),0.6944,0.8513,True,-0.1569,Pass,PASS,True,False,,,,result_not_available_yet,
c2aeee401b3143a88d9565a73144fbab,0b2fda6bfff8,wnba,2026-27,2026-08-29T20:53:11+00:00,2026-08-30,CON,DAL,spread,CON,-12.5,-110.0,-110.0,fanduel,6.1,projected home margin,0.7031,0.5,True,0.2031,Review,REVIEW,True,False,,,,result_not_available_yet,
1532330595014054a34c4786e4a6fab8,0b2fda6bfff8,wnba,2026-27,2026-08-29T20:53:11+00:00,2026-08-30,CON,DAL,total,OVER,167.5,-110.0,-110.0,fanduel,170.5,projected total,0.5987,0.5,True,0.0987,Strong,PLAY,True,False,,,,result_not_available_yet,
6323e0aa0d934b349124c29c58c122b3,b4fd4aeb5516,wnba,2026-27,2026-08-30T17:48:54+00:00,2026-08-30,MIN,ATL,moneyline,ATL,,,,,0.5033,Normal CDF of projected margin (σ=12),,,False,,,PROJ,False,False,,,,result_not_available_yet,
56d43838b49d48708ee86208a05f15f3,b4fd4aeb5516,wnba,2026-27,2026-08-30T17:48:54+00:00,2026-08-30,MIN,ATL,spread,ATL,,,,,0.1,projected home margin,,,False,,,PROJ,False,False,,,,result_not_available_yet,
bae3011168a34343870c7a67cb529724,b4fd4aeb5516,wnba,2026-27,2026-08-30T17:48:54+00:00,2026-08-30,MIN,ATL,total,,,,,,175.7,projected total,,,False,,,PROJ,False,False,,,,result_not_available_yet,
69d57ae7b1a34b098b34af3b4c25ed42,b4fd4aeb5516,wnba,2026-27,2026-08-30T17:48:54+00:00,2026-08-30,LAS,SEA,moneyline,SEA,,,,,0.5464,Normal CDF of projected margin (σ=12),,,False,,,PROJ,False,False,,,,result_not_available_yet,
86665fdac1b4487082746c6b0058a616,b4fd4aeb5516,wnba,2026-27,2026-08-30T17:48:54+00:00,2026-08-30,LAS,SEA,spread,SEA,,,,,1.4,projected home margin,,,False,,,PROJ,False,False,,,,result_not_available_yet,
a83f984dbbab48f094dc7abbb209c721,b4fd4aeb5516,wnba,2026-27,2026-08-30T17:48:54+00:00,2026-08-30,LAS,SEA,total,,,,,,173.0,projected total,,,False,,,PROJ,False,False,,,,result_not_available_yet,
7f3dce3141c74567aedfae89e485f5e4,b4fd4aeb5516,wnba,2026-27,2026-08-30T17:48:54+00:00,2026-08-30,GSV,PDX,moneyline,GSV,,,,,0.64,Normal CDF of projected margin (σ=12),,,False,,,PROJ,False,False,,,,result_not_available_yet,
ff5aac8f7f604a7b9a41cc36d8eab23f,b4fd4aeb5516,wnba,2026-27,2026-08-30T17:48:54+00:00,2026-08-30,GSV,PDX,spread,GSV,,,,,-4.3,projected home margin,,,False,,,PROJ,False,False,,,,result_not_available_yet,
22b43280195649c0ab817b32da5b1bc5,b4fd4aeb5516,wnba,2026-27,2026-08-30T17:48:54+00:00,2026-08-30,GSV,PDX,total,,,,,,168.1,projected total,,,False,,,PROJ,False,False,,,,result_not_available_yet,
aa0e4baf44bf4dacb63c525e528b66b3,b4fd4aeb5516,wnba,2026-27,2026-08-30T17:48:54+00:00,2026-08-30,CON,DAL,moneyline,DAL,,,,,0.7174,Normal CDF of projected margin (σ=12),,,False,,,PROJ,False,False,,,,result_not_available_yet,
d53602dbbecf4665bffd20a5f16e837d,b4fd4aeb5516,wnba,2026-27,2026-08-30T17:48:54+00:00,2026-08-30,CON,DAL,spread,DAL,,,,,6.9,projected home margin,,,False,,,PROJ,False,False,,,,result_not_available_yet,
62bb21026da74918adf242ef6bcd5168,b4fd4aeb5516,wnba,2026-27,2026-08-30T17:48:54+00:00,2026-08-30,CON,DAL,total,,,,,,170.1,projected total,,,False,,,PROJ,False,False,,,,result_not_available_yet,
b4241cb7155f4f6bb1a49ba04b23e676,713d944a784f,wnba,2026-27,2026-08-30T18:06:13+00:00,2026-08-30,MIN,ATL,moneyline,ATL,,120.0,-142.0,draftkings,0.5033,Normal CDF of projected margin (σ=12),0.5033,0.4365,True,0.0668,Standard,PLAY,True,False,,,,result_not_available_yet,
850847a0d19948a8a435f1bd04e07e3c,713d944a784f,wnba,2026-27,2026-08-30T18:06:13+00:00,2026-08-30,MIN,ATL,spread,ATL,2.5,-110.0,-110.0,draftkings,0.1,projected home margin,0.5858,0.5,True,0.0858,Strong,PLAY,True,False,,,,result_not_available_yet,
89472d78934d4f9a8cf4a45891a02b84,713d944a784f,wnba,2026-27,2026-08-30T18:06:13+00:00,2026-08-30,MIN,ATL,total,UNDER,177.5,-115.0,-105.0,draftkings,175.7,projected total,0.5596,0.5108,True,0.0488,Standard,PLAY,True,False,,,,result_not_available_yet,
ac6209ac18b64beeac70a7d7187c716f,713d944a784f,wnba,2026-27,2026-08-30T18:06:13+00:00,2026-08-30,LAS,SEA,moneyline,SEA,,-105.0,-115.0,draftkings,0.5464,Normal CDF of projected margin (σ=12),0.5464,0.4892,True,0.0572,Standard,PLAY,True,False,,,,result_not_available_yet,
e7aebfe811df4b448bab221c5e189f8d,713d944a784f,wnba,2026-27,2026-08-30T18:06:13+00:00,2026-08-30,LAS,SEA,spread,SEA,1.5,-115.0,-105.0,draftkings,1.4,projected home margin,0.5955,0.5108,True,0.0846,Strong,PLAY,True,False,,,,result_not_available_yet,
a0f9ff1f5a6e46f98d3153766b1884b2,713d944a784f,wnba,2026-27,2026-08-30T18:06:13+00:00,2026-08-30,LAS,SEA,total,UNDER,174.5,-105.0,-115.0,draftkings,173.0,projected total,0.5497,0.4892,True,0.0606,Standard,PLAY,True,False,,,,result_not_available_yet,
b50695af3c2a4362913288f5ffad71a4,713d944a784f,wnba,2026-27,2026-08-30T18:06:13+00:00,2026-08-30,GSV,PDX,moneyline,GSV,,-218.0,180.0,draftkings,0.64,Normal CDF of projected margin (σ=12),0.64,0.6575,True,-0.0175,Pass,PASS,True,False,,,,result_not_available_yet,
680950ce1a7a40e9ba927054e36b0b8b,713d944a784f,wnba,2026-27,2026-08-30T18:06:13+00:00,2026-08-30,GSV,PDX,spread,PDX,5.5,-112.0,-108.0,draftkings,-4.3,projected home margin,0.5398,0.5043,True,0.0355,Lean,PLAY,True,False,,,,result_not_available_yet,
4d3aa2b4b8964410956c997cf591a984,713d944a784f,wnba,2026-27,2026-08-30T18:06:13+00:00,2026-08-30,GSV,PDX,total,OVER,158.5,-110.0,-110.0,draftkings,168.1,projected total,0.7881,0.5,True,0.2881,Review,REVIEW,True,False,,,,result_not_available_yet,
7bb9e813aa42409f83b26768cb644ffb,713d944a784f,wnba,2026-27,2026-08-30T18:06:13+00:00,2026-08-30,CON,DAL,moneyline,DAL,,-1200.0,750.0,draftkings,0.7174,Normal CDF of projected margin (σ=12),0.7174,0.887,True,-0.1696,Pass,PASS,True,False,,,,result_not_available_yet,
100b1835d2434c8a867a970d25707cd0,713d944a784f,wnba,2026-27,2026-08-30T18:06:13+00:00,2026-08-30,CON,DAL,spread,CON,14.5,-108.0,-112.0,draftkings,6.9,projected home margin,0.7367,0.4957,True,0.2411,Review,REVIEW,True,False,,,,result_not_available_yet,
049285b964204ef3a047ea36da346527,713d944a784f,wnba,2026-27,2026-08-30T18:06:13+00:00,2026-08-30,CON,DAL,total,OVER,165.5,-110.0,-110.0,draftkings,170.1,projected total,0.6493,0.5,True,0.1493,Strong,PLAY,True,False,,,,result_not_available_yet,
56883f885d814c83ae39ac8bf0ef2d35,b7fbac8e57aa,wnba,2026-27,2026-08-30T21:01:52+00:00,2026-08-30,LAS,SEA,moneyline,SEA,,100,-120,draftkings,0.5464,Normal CDF of projected margin (σ=12),0.5464,0.4783,True,0.0681,Standard,PLAY,True,False,,,,,
c62dbce131da4a608bed5764f70fb71e,b7fbac8e57aa,wnba,2026-27,2026-08-30T21:01:52+00:00,2026-08-30,LAS,SEA,spread,SEA,1.5,-110,-110,draftkings,1.4,projected home margin,0.5955,0.5,True,0.0955,Strong,PLAY,True,False,,,,,
3f9129f91d8f49cfa1c9cb1238109ace,b7fbac8e57aa,wnba,2026-27,2026-08-30T21:01:52+00:00,2026-08-30,LAS,SEA,total,UNDER,174.5,-112,-108,draftkings,173.0,projected total,0.5497,0.5043,True,0.0454,Standard,PLAY,True,False,,,,,
0eb0c2ebab6649969c13b9e79211a41c,b7fbac8e57aa,wnba,2026-27,2026-08-30T21:01:52+00:00,2026-08-30,GSV,PDX,moneyline,GSV,,-230,190,draftkings,0.64,Normal CDF of projected margin (σ=12),0.64,0.669,True,-0.029,Pass,PASS,True,False,,,,,
26d73efd46034b53bd459a696649f151,b7fbac8e57aa,wnba,2026-27,2026-08-30T21:01:52+00:00,2026-08-30,GSV,PDX,spread,PDX,6.5,-115,-105,draftkings,-4.3,projected home margin,0.5727,0.5108,True,0.0619,Standard,PLAY,True,False,,,,,
25388f63094b4ebcaecf47d947ebd82a,b7fbac8e57aa,wnba,2026-27,2026-08-30T21:01:52+00:00,2026-08-30,GSV,PDX,total,OVER,158.5,-110,-110,draftkings,168.1,projected total,0.7881,0.5,True,0.2881,Review,REVIEW,True,False,,,,,
8d54b172b8cc4bd78f621e05360931bf,b7fbac8e57aa,wnba,2026-27,2026-08-30T21:01:52+00:00,2026-08-30,CON,DAL,moneyline,DAL,,-1200,750,draftkings,0.7174,Normal CDF of projected margin (σ=12),0.7174,0.887,True,-0.1696,Pass,PASS,True,False,,,,,
b56877350cc54207a025e857ef80377d,b7fbac8e57aa,wnba,2026-27,2026-08-30T21:01:52+00:00,2026-08-30,CON,DAL,spread,CON,14.5,-105,-115,draftkings,6.9,projected home margin,0.7367,0.4892,True,0.2476,Review,REVIEW,True,False,,,,,
4084fc58fc2c4f25807671452acec37a,b7fbac8e57aa,wnba,2026-27,2026-08-30T21:01:52+00:00,2026-08-30,CON,DAL,total,OVER,165.5,-110,-110,draftkings,170.1,projected total,0.6493,0.5,True,0.1493,Strong,PLAY,True,False,,,,,
