prediction_id,run_id,sport,season,recorded_at,game_date,player,player_id,market,side,line,odds,opposite_odds,odds_source,quote_age_hours,projection,projection_basis,sigma,sigma_source,model_prob,implied_prob,vig_free,edge,ev_per_unit,tier,verdict,settled,won,push,actual,ungraded_reason,graded_at
2f90bd074b134c2cae7a41121a190cf3,0cf446817dbb,wnba,2026-27,2026-08-18T19:22:54+00:00,2026-08-18,Nneka Ogwumike,203014,player_points,over,15.5,-126.0,-105.0,draftkings,,15.5,"season PPG; L5 pts x0.45 + source pts x0.35, minutes x0.92",4.925,"player-fitted (n=33, shrunk to league)",0.5,0.5212,True,-0.0212,,Pass,PASS,False,,,,no_game_in_window_yet,
709821de00f94490b86dde64abc85e7c,0cf446817dbb,wnba,2026-27,2026-08-18T19:22:54+00:00,2026-08-18,Nneka Ogwumike,203014,player_rebounds,under,8.5,-108.0,-122.0,fanduel,,7.85,"season RPG; L5 reb x0.45, minutes x0.92",2.995,"player-fitted (n=33, shrunk to league)",0.5859,0.4858,True,0.1001,,Strong,PLAY,False,,,,no_game_in_window_yet,
8bedb5084ca34793a97c0b718fdcee6b,0cf446817dbb,wnba,2026-27,2026-08-18T19:22:54+00:00,2026-08-18,Nneka Ogwumike,203014,player_assists,under,3.5,142.0,-192.0,fanduel,,3.06,"season APG; L5 ast x0.45, minutes x0.92",1.873,"player-fitted (n=33, shrunk to league)",0.5928,0.3859,True,0.2069,,Review,REVIEW,False,,,,no_game_in_window_yet,
6a7c1cec2e2147a1aa9321f2381213d6,0cf446817dbb,wnba,2026-27,2026-08-18T19:22:54+00:00,2026-08-18,Nneka Ogwumike,203014,player_threes,under,1.5,148.0,-174.0,betrivers,,1.23,"season fg3m history; L5 fg3m x0.45, minutes x0.92",1.018,"player-fitted (n=33, shrunk to league)",0.6046,0.3884,True,0.2162,,Review,REVIEW,False,,,,no_game_in_window_yet,
9f92f180eced4b499458d64bbe28a88f,0cf446817dbb,wnba,2026-27,2026-08-18T19:22:54+00:00,2026-08-18,Rae Burrell,1630996,player_points,under,17.5,-103.0,-125.0,betonlineag,,13.65,"season PPG; L5 pts x0.45 + source pts x0.35, minutes x0.84",6.612,"player-fitted (n=34, shrunk to league)",0.7198,0.4773,True,0.2425,,Review,REVIEW,False,,,,no_game_in_window_yet,
82347e96b69e4ad389d03fe70559fed7,0cf446817dbb,wnba,2026-27,2026-08-18T19:22:54+00:00,2026-08-18,Rae Burrell,1630996,player_rebounds,under,2.5,-115.0,107.0,betrivers,,2.18,"season RPG; L5 reb x0.45, minutes x0.84",1.472,"player-fitted (n=34, shrunk to league)",0.586,0.5254,True,0.0606,,Standard,PLAY,False,,,,no_game_in_window_yet,
6cb301b22950453297370fc75125ba22,0cf446817dbb,wnba,2026-27,2026-08-18T19:22:54+00:00,2026-08-18,Rae Burrell,1630996,player_assists,under,3.5,115.0,-149.0,betonlineag,,2.3,"season APG; L5 ast x0.45, minutes x0.84",1.518,"player-fitted (n=34, shrunk to league)",0.7853,0.4373,True,0.348,,Review,REVIEW,False,,,,no_game_in_window_yet,
88bdd28be9ff4eafb1c1c72880ae492c,0cf446817dbb,wnba,2026-27,2026-08-18T19:22:54+00:00,2026-08-18,Rae Burrell,1630996,player_threes,under,2.5,148.0,-200.0,fanduel,,1.68,"season fg3m history; L5 fg3m x0.45, minutes x0.84",1.231,"player-fitted (n=34, shrunk to league)",0.7474,0.3769,True,0.3705,,Review,REVIEW,False,,,,no_game_in_window_yet,
c49ec26bcd504829b45b795e2a40e873,0cf446817dbb,wnba,2026-27,2026-08-18T19:22:54+00:00,2026-08-18,Dearica Hamby,204324,player_points,under,15.5,-118.0,-110.0,fanduel,,14.79,"season PPG; L5 pts x0.45 + source pts x0.35, minutes x0.93",5.415,"player-fitted (n=34, shrunk to league)",0.5522,0.5082,True,0.044,,Lean,PLAY,False,,,,no_game_in_window_yet,
1efb791fa2c24b74aaf3ad0836e6e4c8,0cf446817dbb,wnba,2026-27,2026-08-18T19:22:54+00:00,2026-08-18,Dearica Hamby,204324,player_rebounds,under,7.5,110.0,-146.0,fanduel,,6.0,"season RPG; L5 reb x0.45, minutes x0.93",2.823,"player-fitted (n=34, shrunk to league)",0.7024,0.4452,True,0.2573,,Review,REVIEW,False,,,,no_game_in_window_yet,
dd9c5c08e7bb461196b4da7b1d7c1260,0cf446817dbb,wnba,2026-27,2026-08-18T19:22:54+00:00,2026-08-18,Dearica Hamby,204324,player_assists,under,2.5,118.0,-154.0,betonlineag,,2.2,"season APG; L5 ast x0.45, minutes x0.93",1.72,"player-fitted (n=34, shrunk to league)",0.5692,0.4307,True,0.1385,,Strong,PLAY,False,,,,no_game_in_window_yet,
c7101aeb6e4346be90e9fe6dced24164,0cf446817dbb,wnba,2026-27,2026-08-18T19:22:54+00:00,2026-08-18,Dearica Hamby,204324,player_threes,,,,,,,0.22,"season fg3m history; L5 fg3m x0.45, minutes x0.93",0.646,"player-fitted (n=34, shrunk to league)",,,False,,,,PROJ,False,,,,no_game_in_window_yet,
93f28909bee34ef7a4509473084c6d89,0cf446817dbb,wnba,2026-27,2026-08-18T19:22:54+00:00,2026-08-18,Ariel Atkins,1628878,player_points,under,8.5,-102.0,-128.0,fanduel,,6.88,"season PPG; L5 pts x0.45 + source pts x0.35, minutes x0.84",4.727,"player-fitted (n=32, shrunk to league)",0.6341,0.4735,True,0.1606,,Review,REVIEW,False,,,,no_game_in_window_yet,
b8dee601da6d4878a5301f3c28f33044,0cf446817dbb,wnba,2026-27,2026-08-18T19:22:54+00:00,2026-08-18,Ariel Atkins,1628878,player_rebounds,over,2.5,-143.0,110.0,betonlineag,,2.54,"season RPG; L5 reb x0.45, minutes x0.84",1.815,"player-fitted (n=32, shrunk to league)",0.5088,0.5527,True,-0.0439,,Pass,PASS,False,,,,no_game_in_window_yet,
1d7fdeb58aac43a1bc814d42cbc0dda1,0cf446817dbb,wnba,2026-27,2026-08-18T19:22:54+00:00,2026-08-18,Ariel Atkins,1628878,player_assists,under,3.5,146.0,-192.0,betonlineag,,2.62,"season APG; L5 ast x0.45, minutes x0.84",1.535,"player-fitted (n=32, shrunk to league)",0.7168,0.382,True,0.3348,,Review,REVIEW,False,,,,no_game_in_window_yet,
b9ef7bbf00fa4ce8a0370f3bbf99ef02,0cf446817dbb,wnba,2026-27,2026-08-18T19:22:54+00:00,2026-08-18,Ariel Atkins,1628878,player_threes,under,1.5,125.0,-158.0,betrivers,,0.97,"season fg3m history; L5 fg3m x0.45, minutes x0.84",1.124,"player-fitted (n=32, shrunk to league)",0.6813,0.4205,True,0.2608,,Review,REVIEW,False,,,,no_game_in_window_yet,
b6c334f5303b42fb83e92c622c6dcc13,0cf446817dbb,wnba,2026-27,2026-08-18T19:22:54+00:00,2026-08-18,Erica Wheeler,204365,player_points,over,8.5,-125.0,-103.0,betonlineag,,9.01,"season PPG; L5 pts x0.45 + source pts x0.35, minutes x0.88",5.284,"player-fitted (n=34, shrunk to league)",0.5384,0.5227,True,0.0158,,Pass,PASS,False,,,,no_game_in_window_yet,
429990d7d8af4574bc96cdd6a4d1efa1,0cf446817dbb,wnba,2026-27,2026-08-18T19:22:54+00:00,2026-08-18,Erica Wheeler,204365,player_rebounds,under,2.5,141.0,-185.0,betonlineag,,2.16,"season RPG; L5 reb x0.45, minutes x0.88",1.699,"player-fitted (n=34, shrunk to league)",0.5793,0.39,True,0.1893,,Review,REVIEW,False,,,,no_game_in_window_yet,
7bffeea9b1d14346bcefbb9bac096351,0cf446817dbb,wnba,2026-27,2026-08-18T19:22:54+00:00,2026-08-18,Erica Wheeler,204365,player_assists,under,5.5,115.0,-157.0,draftkings,,4.62,"season APG; L5 ast x0.45, minutes x0.88",2.092,"player-fitted (n=34, shrunk to league)",0.663,0.4323,True,0.2308,,Review,REVIEW,False,,,,no_game_in_window_yet,
40a2264d304c4e40b69d88fb81c69721,0cf446817dbb,wnba,2026-27,2026-08-18T19:22:54+00:00,2026-08-18,Erica Wheeler,204365,player_threes,under,1.5,143.0,-172.0,betrivers,,1.25,"season fg3m history; L5 fg3m x0.45, minutes x0.88",1.056,"player-fitted (n=34, shrunk to league)",0.5936,0.3942,True,0.1993,,Review,REVIEW,False,,,,no_game_in_window_yet,
a4e5706a90db44ebbe0d43ab1089c095,0cf446817dbb,wnba,2026-27,2026-08-18T19:22:54+00:00,2026-08-18,Cameron Brink,1642287,player_points,,,,,,,8.08,season PPG; L5 pts x0.45 + source pts x0.35,4.913,"player-fitted (n=28, shrunk to league)",,,False,,,,PROJ,False,,,,no_game_in_window_yet,
ba1c90c233c6443db1fd0e81d173a08b,0cf446817dbb,wnba,2026-27,2026-08-18T19:22:54+00:00,2026-08-18,Cameron Brink,1642287,player_rebounds,,,,,,,5.12,season RPG; L5 reb x0.45,2.588,"player-fitted (n=28, shrunk to league)",,,False,,,,PROJ,False,,,,no_game_in_window_yet,
9e2e63a7a17e48819a3d3164b6cea189,0cf446817dbb,wnba,2026-27,2026-08-18T19:22:54+00:00,2026-08-18,Cameron Brink,1642287,player_assists,,,,,,,1.44,season APG; L5 ast x0.45,1.357,"player-fitted (n=28, shrunk to league)",,,False,,,,PROJ,False,,,,no_game_in_window_yet,
34bdb454335f4bc3a08d7fc75b7bf1b2,0cf446817dbb,wnba,2026-27,2026-08-18T19:22:54+00:00,2026-08-18,Cameron Brink,1642287,player_threes,,,,,,,0.68,season fg3m history; L5 fg3m x0.45,0.815,"player-fitted (n=28, shrunk to league)",,,False,,,,PROJ,False,,,,no_game_in_window_yet,
d012f09037c64526863506f33fbcf4ef,0cf446817dbb,wnba,2026-27,2026-08-18T19:22:54+00:00,2026-08-18,Leila Lacan,1642303,player_points,,,,,,,10.33,"season PPG; L5 pts x0.45 + source pts x0.35, minutes x0.97",5.322,"player-fitted (n=24, shrunk to league)",,,False,,,,PROJ,False,,,,no_game_in_window_yet,
cb67a402226d4eeb9e10ba85958fd4df,0cf446817dbb,wnba,2026-27,2026-08-18T19:22:54+00:00,2026-08-18,Leila Lacan,1642303,player_rebounds,,,,,,,2.19,"season RPG; L5 reb x0.45, minutes x0.97",1.759,"player-fitted (n=24, shrunk to league)",,,False,,,,PROJ,False,,,,no_game_in_window_yet,
eb616ba81ae84f63a92ec9f3f3dd27c4,0cf446817dbb,wnba,2026-27,2026-08-18T19:22:54+00:00,2026-08-18,Leila Lacan,1642303,player_assists,,,,,,,4.31,"season APG; L5 ast x0.45, minutes x0.97",1.657,"player-fitted (n=24, shrunk to league)",,,False,,,,PROJ,False,,,,no_game_in_window_yet,
9125c67b189d4a0d8c0b75db674c589c,0cf446817dbb,wnba,2026-27,2026-08-18T19:22:54+00:00,2026-08-18,Leila Lacan,1642303,player_threes,,,,,,,1.01,"season fg3m history; L5 fg3m x0.45, minutes x0.97",0.94,"player-fitted (n=24, shrunk to league)",,,False,,,,PROJ,False,,,,no_game_in_window_yet,
9d8bc275f22e4cdf83f5da5163ddc7e6,0cf446817dbb,wnba,2026-27,2026-08-18T19:22:54+00:00,2026-08-18,Diamond Miller,1641649,player_points,under,12.5,-102.0,-128.0,fanduel,,10.49,"season PPG; L5 pts x0.45 + source pts x0.35, minutes x0.97",5.004,"player-fitted (n=33, shrunk to league)",0.656,0.4735,True,0.1825,,Review,REVIEW,False,,,,no_game_in_window_yet,
52dec0506bfe420c84d0b03fa553605f,0cf446817dbb,wnba,2026-27,2026-08-18T19:22:54+00:00,2026-08-18,Diamond Miller,1641649,player_rebounds,under,3.5,-132.0,103.0,betrivers,,3.04,"season RPG; L5 reb x0.45, minutes x0.97",1.884,"player-fitted (n=33, shrunk to league)",0.5965,0.536,True,0.0605,,Standard,PLAY,False,,,,no_game_in_window_yet,
af751e4549f84384b5d58157d6c07a81,0cf446817dbb,wnba,2026-27,2026-08-18T19:22:54+00:00,2026-08-18,Diamond Miller,1641649,player_assists,,,,,,,1.62,"season APG; L5 ast x0.45, minutes x0.97",1.334,"player-fitted (n=33, shrunk to league)",,,False,,,,PROJ,False,,,,no_game_in_window_yet,
8824e6741aad438096cd5da3ab06c89a,0cf446817dbb,wnba,2026-27,2026-08-18T19:22:54+00:00,2026-08-18,Diamond Miller,1641649,player_threes,under,1.5,112.0,-132.0,betrivers,,1.38,"season fg3m history; L5 fg3m x0.45, minutes x0.97",1.079,"player-fitted (n=33, shrunk to league)",0.5443,0.4533,True,0.091,,Strong,PLAY,False,,,,no_game_in_window_yet,
148696f4f13048928d877986295d0f7e,0cf446817dbb,wnba,2026-27,2026-08-18T19:22:54+00:00,2026-08-18,Charlisse Leger-Walker,1643449,player_points,under,8.5,-122.0,100.0,betrivers,,6.04,"season PPG; L5 pts x0.45 + source pts x0.35, minutes x0.91",4.55,"player-fitted (n=33, shrunk to league)",0.7056,0.5236,True,0.182,,Review,REVIEW,False,,,,no_game_in_window_yet,
5c4054ae3a574f2db3c5460e04380e84,0cf446817dbb,wnba,2026-27,2026-08-18T19:22:54+00:00,2026-08-18,Charlisse Leger-Walker,1643449,player_rebounds,under,3.5,-104.0,,betrivers,,1.63,"season RPG; L5 reb x0.45, minutes x0.91",1.759,"player-fitted (n=33, shrunk to league)",0.8562,0.5098,False,0.3464,,Review,REVIEW,False,,,,no_game_in_window_yet,
e65aa79ee4d74529b6dc1f8235525e3e,0cf446817dbb,wnba,2026-27,2026-08-18T19:22:54+00:00,2026-08-18,Charlisse Leger-Walker,1643449,player_assists,under,4.5,-108.0,,betrivers,,2.86,"season APG; L5 ast x0.45, minutes x0.91",1.788,"player-fitted (n=33, shrunk to league)",0.8204,0.5192,False,0.3012,,Review,REVIEW,False,,,,no_game_in_window_yet,
a9787df6a2dd41e08e7cfb58e3064321,0cf446817dbb,wnba,2026-27,2026-08-18T19:22:54+00:00,2026-08-18,Charlisse Leger-Walker,1643449,player_threes,,,,,,,1.25,"season fg3m history; L5 fg3m x0.45, minutes x0.91",1.019,"player-fitted (n=33, shrunk to league)",,,False,,,,PROJ,False,,,,no_game_in_window_yet,
ed60dafe68ff4445af4a3f13acc40e0a,0cf446817dbb,wnba,2026-27,2026-08-18T19:22:54+00:00,2026-08-18,Olivia Nelson-Ododa,1631135,player_points,under,11.5,-122.0,-106.0,fanduel,,10.42,season PPG; L5 pts x0.45 + source pts x0.35,5.472,"player-fitted (n=32, shrunk to league)",0.5782,0.5164,True,0.0618,,Standard,PLAY,False,,,,no_game_in_window_yet,
0bf0c8465d0641299d567f018f594bc4,0cf446817dbb,wnba,2026-27,2026-08-18T19:22:54+00:00,2026-08-18,Olivia Nelson-Ododa,1631135,player_rebounds,under,8.5,-114.0,-114.0,betrivers,,6.96,season RPG; L5 reb x0.45,3.81,"player-fitted (n=32, shrunk to league)",0.657,0.5,True,0.157,,Review,REVIEW,False,,,,no_game_in_window_yet,
7b5a3f6b06b6435e808598b4b158dd1a,0cf446817dbb,wnba,2026-27,2026-08-18T19:22:54+00:00,2026-08-18,Olivia Nelson-Ododa,1631135,player_assists,under,1.5,-195.0,,betrivers,,1.21,season APG; L5 ast x0.45,1.47,"player-fitted (n=32, shrunk to league)",0.5782,0.661,False,-0.0828,,Pass,PASS,False,,,,no_game_in_window_yet,
eafb093270a14e24b41d372ce0cdf34d,0cf446817dbb,wnba,2026-27,2026-08-18T19:22:54+00:00,2026-08-18,Olivia Nelson-Ododa,1631135,player_threes,,,,,,,0.0,season fg3m history; L5 fg3m x0.45,0.478,"player-fitted (n=32, shrunk to league)",,,False,,,,PROJ,False,,,,no_game_in_window_yet,
f1667c45064c4717afc54896efda465c,0cf446817dbb,wnba,2026-27,2026-08-18T19:22:54+00:00,2026-08-18,Brittney Griner,203398,player_points,,,,,,,11.34,"season PPG; L5 pts x0.45 + source pts x0.35, minutes x1.25",7.435,"player-fitted (n=32, shrunk to league)",,,False,,,,PROJ,False,,,,no_game_in_window_yet,
cd65d8c2abe24d309f4ae635f7057e4b,0cf446817dbb,wnba,2026-27,2026-08-18T19:22:54+00:00,2026-08-18,Brittney Griner,203398,player_rebounds,,,,,,,5.67,"season RPG; L5 reb x0.45, minutes x1.25",3.282,"player-fitted (n=32, shrunk to league)",,,False,,,,PROJ,False,,,,no_game_in_window_yet,
0cb716a7915a4e9882609c9dcc795ad1,0cf446817dbb,wnba,2026-27,2026-08-18T19:22:54+00:00,2026-08-18,Brittney Griner,203398,player_assists,,,,,,,2.17,"season APG; L5 ast x0.45, minutes x1.25",1.77,"player-fitted (n=32, shrunk to league)",,,False,,,,PROJ,False,,,,no_game_in_window_yet,
c353943a6c2d49afb434e21ee8851a61,0cf446817dbb,wnba,2026-27,2026-08-18T19:22:54+00:00,2026-08-18,Brittney Griner,203398,player_threes,,,,,,,0.13,"season fg3m history; L5 fg3m x0.45, minutes x1.25",0.502,"player-fitted (n=32, shrunk to league)",,,False,,,,PROJ,False,,,,no_game_in_window_yet,
7254dff4eec241c49e415a8001bd3c7b,0cf446817dbb,wnba,2026-27,2026-08-18T19:22:54+00:00,2026-08-18,Kennedy Burke,1629568,player_points,under,8.5,-108.0,-104.0,betrivers,,8.09,"season PPG; L5 pts x0.45 + source pts x0.35, minutes x0.91",5.163,"player-fitted (n=33, shrunk to league)",0.5316,0.5046,True,0.0271,,Lean,PLAY,False,,,,no_game_in_window_yet,
926b48d7d1154d70a8d038fe7204e11c,0cf446817dbb,wnba,2026-27,2026-08-18T19:22:54+00:00,2026-08-18,Kennedy Burke,1629568,player_rebounds,under,4.5,136.0,-179.0,betonlineag,,2.67,"season RPG; L5 reb x0.45, minutes x0.91",2.081,"player-fitted (n=33, shrunk to league)",0.8104,0.3978,True,0.4127,,Review,REVIEW,False,,,,no_game_in_window_yet,
39a6c850a966435084b12cd9cc0bde62,0cf446817dbb,wnba,2026-27,2026-08-18T19:22:54+00:00,2026-08-18,Kennedy Burke,1629568,player_assists,,,,,,,1.03,"season APG; L5 ast x0.45, minutes x0.91",1.452,"player-fitted (n=33, shrunk to league)",,,False,,,,PROJ,False,,,,no_game_in_window_yet,
c653a9f468894f5cb0f2302bb7604db4,0cf446817dbb,wnba,2026-27,2026-08-18T19:22:54+00:00,2026-08-18,Kennedy Burke,1629568,player_threes,under,1.5,120.0,-156.0,betonlineag,,1.17,"season fg3m history; L5 fg3m x0.45, minutes x0.91",1.072,"player-fitted (n=33, shrunk to league)",0.6209,0.4272,True,0.1937,,Review,REVIEW,False,,,,no_game_in_window_yet,
dc0873f56f354a02a0e2f076a061f674,0cf446817dbb,wnba,2026-27,2026-08-18T19:22:54+00:00,2026-08-18,Kelsey Mitchell,1628909,player_points,under,25.5,-107.0,-124.0,draftkings,,23.97,"season PPG; L5 pts x0.45 + source pts x0.35, minutes x0.88",5.399,"player-fitted (n=34, shrunk to league)",0.6116,0.4829,True,0.1287,,Strong,PLAY,False,,,,no_game_in_window_yet,
c169fc418918407bb04f76800b7a8cec,0cf446817dbb,wnba,2026-27,2026-08-18T19:22:54+00:00,2026-08-18,Kelsey Mitchell,1628909,player_rebounds,,,,,,,1.69,"season RPG; L5 reb x0.45, minutes x0.88",1.793,"player-fitted (n=34, shrunk to league)",,,False,,,,PROJ,False,,,,no_game_in_window_yet,
a59627a274af4e4f9a14e292b25c7cd4,0cf446817dbb,wnba,2026-27,2026-08-18T19:22:54+00:00,2026-08-18,Kelsey Mitchell,1628909,player_assists,under,2.5,-141.0,,betrivers,,2.41,"season APG; L5 ast x0.45, minutes x0.88",1.626,"player-fitted (n=34, shrunk to league)",0.5221,0.5851,False,-0.063,,Pass,PASS,False,,,,no_game_in_window_yet,
e002fe65d6934d6c9801eba9fdb931e5,0cf446817dbb,wnba,2026-27,2026-08-18T19:22:54+00:00,2026-08-18,Kelsey Mitchell,1628909,player_threes,under,3.5,136.0,-182.0,fanduel,,2.66,"season fg3m history; L5 fg3m x0.45, minutes x0.88",1.337,"player-fitted (n=34, shrunk to league)",0.7351,0.3963,True,0.3387,,Review,REVIEW,False,,,,no_game_in_window_yet,
ee567e3440404c569c79b4f9873431df,0cf446817dbb,wnba,2026-27,2026-08-18T19:22:54+00:00,2026-08-18,Caitlin Clark,1642286,player_points,under,24.5,102.0,-119.0,betrivers,,20.17,"season PPG; L5 pts x0.45 + source pts x0.35, minutes x0.85",9.073,"player-fitted (n=33, shrunk to league)",0.6834,0.4767,True,0.2067,,Review,REVIEW,False,,,,no_game_in_window_yet,
cf80f6ae43914bbc85b098619ca90671,0cf446817dbb,wnba,2026-27,2026-08-18T19:22:54+00:00,2026-08-18,Caitlin Clark,1642286,player_rebounds,under,4.5,113.0,-154.0,draftkings,,2.98,"season RPG; L5 reb x0.45, minutes x0.85",2.337,"player-fitted (n=33, shrunk to league)",0.7423,0.4364,True,0.3059,,Review,REVIEW,False,,,,no_game_in_window_yet,
b93307d73e104de3a785f5bdd116d213,0cf446817dbb,wnba,2026-27,2026-08-18T19:22:54+00:00,2026-08-18,Caitlin Clark,1642286,player_assists,under,10.5,107.0,-139.0,betonlineag,,7.66,"season APG; L5 ast x0.45, minutes x0.85",2.94,"player-fitted (n=33, shrunk to league)",0.833,0.4537,True,0.3793,,Review,REVIEW,False,,,,no_game_in_window_yet,
e5fe293c24684db4be21e1ca8882d507,0cf446817dbb,wnba,2026-27,2026-08-18T19:22:54+00:00,2026-08-18,Caitlin Clark,1642286,player_threes,under,2.5,-127.0,107.0,betrivers,,2.3,"season fg3m history; L5 fg3m x0.45, minutes x0.85",1.63,"player-fitted (n=33, shrunk to league)",0.5488,0.5366,True,0.0122,,Pass,PASS,False,,,,no_game_in_window_yet,
60a0a1c02c0448ea97bfaba336de94e2,0cf446817dbb,wnba,2026-27,2026-08-18T19:22:54+00:00,2026-08-18,Aliyah Boston,1641648,player_points,under,16.5,-120.0,-111.0,draftkings,,15.28,"season PPG; L5 pts x0.45 + source pts x0.35, minutes x0.89",6.582,"player-fitted (n=33, shrunk to league)",0.5735,0.509,True,0.0645,,Standard,PLAY,False,,,,no_game_in_window_yet,
4d6d1dff9a514c4781f840207fe78f1d,0cf446817dbb,wnba,2026-27,2026-08-18T19:22:54+00:00,2026-08-18,Aliyah Boston,1641648,player_rebounds,under,9.5,116.0,-154.0,fanduel,,8.01,"season RPG; L5 reb x0.45, minutes x0.89",3.125,"player-fitted (n=33, shrunk to league)",0.6833,0.433,True,0.2503,,Review,REVIEW,False,,,,no_game_in_window_yet,
8efa83af4f464cd48b5338d44dbe60a9,0cf446817dbb,wnba,2026-27,2026-08-18T19:22:54+00:00,2026-08-18,Aliyah Boston,1641648,player_assists,under,3.5,136.0,-179.0,betonlineag,,2.83,"season APG; L5 ast x0.45, minutes x0.89",1.814,"player-fitted (n=33, shrunk to league)",0.6441,0.3978,True,0.2463,,Review,REVIEW,False,,,,no_game_in_window_yet,
515d484bfbd1402884aea3bfac816e69,0cf446817dbb,wnba,2026-27,2026-08-18T19:22:54+00:00,2026-08-18,Aliyah Boston,1641648,player_threes,over,0.5,-230.0,,betrivers,,1.13,"season fg3m history; L5 fg3m x0.45, minutes x0.89",0.995,"player-fitted (n=33, shrunk to league)",0.7367,0.697,False,0.0397,,Lean,PLAY,False,,,,no_game_in_window_yet,
7f91e64ab59b4987bd3cab11f083fee0,0cf446817dbb,wnba,2026-27,2026-08-18T19:22:54+00:00,2026-08-18,Makayla Timpson,1642815,player_points,under,7.5,-118.0,-102.0,betrivers,,4.96,"season PPG; L5 pts x0.45 + source pts x0.35, minutes x0.93",4.279,"player-fitted (n=34, shrunk to league)",0.7236,0.5174,True,0.2063,,Review,REVIEW,False,,,,no_game_in_window_yet,
3e8846b2992a4ae9a20028e5f8367839,0cf446817dbb,wnba,2026-27,2026-08-18T19:22:54+00:00,2026-08-18,Makayla Timpson,1642815,player_rebounds,under,5.5,-158.0,118.0,fanduel,,4.7,"season RPG; L5 reb x0.45, minutes x0.93",2.475,"player-fitted (n=34, shrunk to league)",0.6267,0.5717,True,0.055,,Standard,PLAY,False,,,,no_game_in_window_yet,
2976991bdeed443caebce6d02630410e,0cf446817dbb,wnba,2026-27,2026-08-18T19:22:54+00:00,2026-08-18,Makayla Timpson,1642815,player_assists,,,,,,,0.59,"season APG; L5 ast x0.45, minutes x0.93",1.025,"player-fitted (n=34, shrunk to league)",,,False,,,,PROJ,False,,,,no_game_in_window_yet,
6941090950014057b49193bc03158ba8,0cf446817dbb,wnba,2026-27,2026-08-18T19:22:54+00:00,2026-08-18,Makayla Timpson,1642815,player_threes,,,,,,,0.0,"season fg3m history; L5 fg3m x0.45, minutes x0.93",0.466,"player-fitted (n=34, shrunk to league)",,,False,,,,PROJ,False,,,,no_game_in_window_yet,
80a01ff60c714f828dfa94520e6d270f,0cf446817dbb,wnba,2026-27,2026-08-18T19:22:54+00:00,2026-08-18,Sophie Cunningham,1629482,player_points,under,8.5,100.0,-130.0,fanduel,,6.89,season PPG; L5 pts x0.45 + source pts x0.35,5.572,"player-fitted (n=34, shrunk to league)",0.6137,0.4694,True,0.1443,,Strong,PLAY,False,,,,no_game_in_window_yet,
315c4ffd669649b9b5c5e3d9856e1efe,0cf446817dbb,wnba,2026-27,2026-08-18T19:22:54+00:00,2026-08-18,Sophie Cunningham,1629482,player_rebounds,,,,,,,1.93,season RPG; L5 reb x0.45,1.893,"player-fitted (n=34, shrunk to league)",,,False,,,,PROJ,False,,,,no_game_in_window_yet,
8ceb62a732084a4c9261083f7c400077,0cf446817dbb,wnba,2026-27,2026-08-18T19:22:54+00:00,2026-08-18,Sophie Cunningham,1629482,player_assists,,,,,,,0.84,season APG; L5 ast x0.45,1.235,"player-fitted (n=34, shrunk to league)",,,False,,,,PROJ,False,,,,no_game_in_window_yet,
fc7aabc15cd94a6889ac7407b4ed7e8e,0cf446817dbb,wnba,2026-27,2026-08-18T19:22:54+00:00,2026-08-18,Sophie Cunningham,1629482,player_threes,under,1.5,118.0,-158.0,fanduel,,1.46,season fg3m history; L5 fg3m x0.45,1.469,"player-fitted (n=34, shrunk to league)",0.5109,0.4283,True,0.0826,,Strong,PLAY,False,,,,no_game_in_window_yet,
0fca24f0448b4d40b479ed736ca7dec1,0cf446817dbb,wnba,2026-27,2026-08-18T19:22:54+00:00,2026-08-18,Monique Billings,1628881,player_points,,,,,,,7.55,"season PPG; L5 pts x0.45 + source pts x0.35, minutes x1.04",5.096,"player-fitted (n=34, shrunk to league)",,,False,,,,PROJ,False,,,,no_game_in_window_yet,
aad49d96b3e1458d89f162ee298c00da,0cf446817dbb,wnba,2026-27,2026-08-18T19:22:54+00:00,2026-08-18,Monique Billings,1628881,player_rebounds,,,,,,,4.55,"season RPG; L5 reb x0.45, minutes x1.04",2.811,"player-fitted (n=34, shrunk to league)",,,False,,,,PROJ,False,,,,no_game_in_window_yet,
229e03b3094f4bfb921c73355007d0f3,0cf446817dbb,wnba,2026-27,2026-08-18T19:22:54+00:00,2026-08-18,Monique Billings,1628881,player_assists,,,,,,,1.09,"season APG; L5 ast x0.45, minutes x1.04",1.135,"player-fitted (n=34, shrunk to league)",,,False,,,,PROJ,False,,,,no_game_in_window_yet,
507d0f33e64a4571bf4bb996de3cae71,0cf446817dbb,wnba,2026-27,2026-08-18T19:22:54+00:00,2026-08-18,Monique Billings,1628881,player_threes,,,,,,,0.08,"season fg3m history; L5 fg3m x0.45, minutes x1.04",0.563,"player-fitted (n=34, shrunk to league)",,,False,,,,PROJ,False,,,,no_game_in_window_yet,
f01538b295664d5fbc5ca4a8cbe29a1b,0cf446817dbb,wnba,2026-27,2026-08-18T19:22:54+00:00,2026-08-18,Brittney Sykes,1628279,player_points,over,9.5,-156.0,120.0,betonlineag,,13.28,season PPG; L5 pts x0.45 + source pts x0.35,10.869,"player-fitted (n=33, shrunk to league)",0.636,0.5728,True,0.0632,,Standard,PLAY,False,,,,no_game_in_window_yet,
4695808a489f4402a2c7a6b66a3edfcd,0cf446817dbb,wnba,2026-27,2026-08-18T19:22:54+00:00,2026-08-18,Brittney Sykes,1628279,player_rebounds,under,2.5,-120.0,-108.0,betonlineag,,2.09,season RPG; L5 reb x0.45,2.419,"player-fitted (n=33, shrunk to league)",0.5673,0.5123,True,0.055,,Standard,PLAY,False,,,,no_game_in_window_yet,
097bbe6d725f4b559cce81a0eae64629,0cf446817dbb,wnba,2026-27,2026-08-18T19:22:54+00:00,2026-08-18,Brittney Sykes,1628279,player_assists,under,2.5,-105.0,-123.0,betonlineag,,1.93,season APG; L5 ast x0.45,2.016,"player-fitted (n=33, shrunk to league)",0.6113,0.4815,True,0.1298,,Strong,PLAY,False,,,,no_game_in_window_yet,
3177846c7e524443b7bf431f2103cf4b,0cf446817dbb,wnba,2026-27,2026-08-18T19:22:54+00:00,2026-08-18,Brittney Sykes,1628279,player_threes,,,,,,,0.27,season fg3m history; L5 fg3m x0.45,1.019,"player-fitted (n=33, shrunk to league)",,,False,,,,PROJ,False,,,,no_game_in_window_yet,
93556195032142b4ad73f7ebbe50ff1c,0cf446817dbb,wnba,2026-27,2026-08-18T19:22:54+00:00,2026-08-18,Marina Mabrey,1629497,player_points,over,19.5,-125.0,-106.0,draftkings,,19.72,"season PPG; L5 pts x0.45 + source pts x0.35, minutes x1.12",10.423,"player-fitted (n=33, shrunk to league)",0.5084,0.5192,True,-0.0107,,Pass,PASS,False,,,,no_game_in_window_yet,
a7e51dd2184c4587ad4cf2ccbf050060,0cf446817dbb,wnba,2026-27,2026-08-18T19:22:54+00:00,2026-08-18,Marina Mabrey,1629497,player_rebounds,under,3.5,100.0,-132.0,fanduel,,3.01,"season RPG; L5 reb x0.45, minutes x1.12",2.09,"player-fitted (n=33, shrunk to league)",0.5927,0.4677,True,0.125,,Strong,PLAY,False,,,,no_game_in_window_yet,
725f776c4e0b486994860878cd13753d,0cf446817dbb,wnba,2026-27,2026-08-18T19:22:54+00:00,2026-08-18,Marina Mabrey,1629497,player_assists,under,4.5,-106.0,-128.0,draftkings,,3.7,"season APG; L5 ast x0.45, minutes x1.12",1.994,"player-fitted (n=33, shrunk to league)",0.6559,0.4782,True,0.1777,,Review,REVIEW,False,,,,no_game_in_window_yet,
fc4121545d4944d1aa869f3ea8b29802,0cf446817dbb,wnba,2026-27,2026-08-18T19:22:54+00:00,2026-08-18,Marina Mabrey,1629497,player_threes,over,2.5,-134.0,113.0,betrivers,,3.18,"season fg3m history; L5 fg3m x0.45, minutes x1.12",2.14,"player-fitted (n=33, shrunk to league)",0.6247,0.5495,True,0.0752,,Standard,PLAY,False,,,,no_game_in_window_yet,
2c44f6ac960f44b5bf387770f39a0ecf,0cf446817dbb,wnba,2026-27,2026-08-18T19:22:54+00:00,2026-08-18,Maria Conde,1629576,player_points,,,,,,,9.27,"season PPG; L5 pts x0.45 + source pts x0.35, minutes x1.09",5.539,"player-fitted (n=33, shrunk to league)",,,False,,,,PROJ,False,,,,no_game_in_window_yet,
da2df13d4fef481c972d3171e299e17f,0cf446817dbb,wnba,2026-27,2026-08-18T19:22:54+00:00,2026-08-18,Maria Conde,1629576,player_rebounds,,,,,,,4.58,"season RPG; L5 reb x0.45, minutes x1.09",2.456,"player-fitted (n=33, shrunk to league)",,,False,,,,PROJ,False,,,,no_game_in_window_yet,
36f07a6c0a6440c79896f3031c43e4b5,0cf446817dbb,wnba,2026-27,2026-08-18T19:22:54+00:00,2026-08-18,Maria Conde,1629576,player_assists,,,,,,,2.93,"season APG; L5 ast x0.45, minutes x1.09",1.945,"player-fitted (n=33, shrunk to league)",,,False,,,,PROJ,False,,,,no_game_in_window_yet,
88e59733513d444991e3b465c8b5f49c,0cf446817dbb,wnba,2026-27,2026-08-18T19:22:54+00:00,2026-08-18,Maria Conde,1629576,player_threes,,,,,,,1.45,"season fg3m history; L5 fg3m x0.45, minutes x1.09",1.408,"player-fitted (n=33, shrunk to league)",,,False,,,,PROJ,False,,,,no_game_in_window_yet,
148f76a43ec7497aa6f1b7aacae3d569,0cf446817dbb,wnba,2026-27,2026-08-18T19:22:54+00:00,2026-08-18,Julie Allemand,1627700,player_points,,,,,,,6.6,"season PPG; L5 pts x0.45 + source pts x0.35, minutes x1.05",4.778,"player-fitted (n=32, shrunk to league)",,,False,,,,PROJ,False,,,,no_game_in_window_yet,
82782f61de304d40b2c1394e98076181,0cf446817dbb,wnba,2026-27,2026-08-18T19:22:54+00:00,2026-08-18,Julie Allemand,1627700,player_rebounds,,,,,,,2.84,"season RPG; L5 reb x0.45, minutes x1.05",2.204,"player-fitted (n=32, shrunk to league)",,,False,,,,PROJ,False,,,,no_game_in_window_yet,
e0437de3aa1b4b55911552dafedfe96e,0cf446817dbb,wnba,2026-27,2026-08-18T19:22:54+00:00,2026-08-18,Julie Allemand,1627700,player_assists,,,,,,,5.96,"season APG; L5 ast x0.45, minutes x1.05",3.371,"player-fitted (n=32, shrunk to league)",,,False,,,,PROJ,False,,,,no_game_in_window_yet,
176b1769b0cf4919aeaaca1ef68c5ec7,0cf446817dbb,wnba,2026-27,2026-08-18T19:22:54+00:00,2026-08-18,Julie Allemand,1627700,player_threes,,,,,,,1.36,"season fg3m history; L5 fg3m x0.45, minutes x1.05",1.13,"player-fitted (n=32, shrunk to league)",,,False,,,,PROJ,False,,,,no_game_in_window_yet,
0a042a0c1c4f4751be9b854c4584acd7,0cf446817dbb,wnba,2026-27,2026-08-18T19:22:54+00:00,2026-08-18,Laura Juskaite,1643420,player_points,under,10.5,-105.0,-126.0,draftkings,,9.98,"season PPG; L5 pts x0.45 + source pts x0.35, minutes x0.88",6.076,"player-fitted (n=33, shrunk to league)",0.5341,0.4788,True,0.0553,,Standard,PLAY,False,,,,no_game_in_window_yet,
32ce7bc584be423b9e3ad05a91d807a8,0cf446817dbb,wnba,2026-27,2026-08-18T19:22:54+00:00,2026-08-18,Laura Juskaite,1643420,player_rebounds,under,4.5,115.0,-149.0,betonlineag,,3.56,"season RPG; L5 reb x0.45, minutes x0.88",2.309,"player-fitted (n=33, shrunk to league)",0.658,0.4373,True,0.2207,,Review,REVIEW,False,,,,no_game_in_window_yet,
4200eeb5e1474282bfc4cb6213d566f7,0cf446817dbb,wnba,2026-27,2026-08-18T19:22:54+00:00,2026-08-18,Laura Juskaite,1643420,player_assists,,,,,,,1.25,"season APG; L5 ast x0.45, minutes x0.88",1.334,"player-fitted (n=33, shrunk to league)",,,False,,,,PROJ,False,,,,no_game_in_window_yet,
8a588db31b1a459cbdb1821c63e8e615,0cf446817dbb,wnba,2026-27,2026-08-18T19:22:54+00:00,2026-08-18,Laura Juskaite,1643420,player_threes,under,1.5,186.0,-250.0,betonlineag,,0.72,"season fg3m history; L5 fg3m x0.45, minutes x0.88",1.039,"player-fitted (n=33, shrunk to league)",0.7736,0.3286,True,0.4449,,Review,REVIEW,False,,,,no_game_in_window_yet,
c37fdacd66fb4404857877720f3bbaa6,0cf446817dbb,wnba,2026-27,2026-08-18T19:22:54+00:00,2026-08-18,Nyara Sabally,1631055,player_points,,,,,,,10.92,"season PPG; L5 pts x0.45 + source pts x0.35, minutes x0.77",6.991,"player-fitted (n=33, shrunk to league)",,,False,,,,PROJ,False,,,,no_game_in_window_yet,
de260d3719624d26aa66f3a5475368ec,0cf446817dbb,wnba,2026-27,2026-08-18T19:22:54+00:00,2026-08-18,Nyara Sabally,1631055,player_rebounds,,,,,,,4.88,"season RPG; L5 reb x0.45, minutes x0.77",2.968,"player-fitted (n=33, shrunk to league)",,,False,,,,PROJ,False,,,,no_game_in_window_yet,
e4a43109e1df4cc5ba8566037e05c883,0cf446817dbb,wnba,2026-27,2026-08-18T19:22:54+00:00,2026-08-18,Nyara Sabally,1631055,player_assists,,,,,,,1.34,"season APG; L5 ast x0.45, minutes x0.77",1.454,"player-fitted (n=33, shrunk to league)",,,False,,,,PROJ,False,,,,no_game_in_window_yet,
d701730834864000bac290c53f386d91,0cf446817dbb,wnba,2026-27,2026-08-18T19:22:54+00:00,2026-08-18,Nyara Sabally,1631055,player_threes,,,,,,,0.81,"season fg3m history; L5 fg3m x0.45, minutes x0.77",0.966,"player-fitted (n=33, shrunk to league)",,,False,,,,PROJ,False,,,,no_game_in_window_yet,
122a60820dd2465fbcf4528a458edae4,0cf446817dbb,wnba,2026-27,2026-08-18T19:22:54+00:00,2026-08-18,Breanna Stewart,1627668,player_points,under,21.5,-120.0,-111.0,draftkings,,18.15,"season PPG; L5 pts x0.45 + source pts x0.35, minutes x0.90",7.23,"player-fitted (n=36, shrunk to league)",0.6784,0.509,True,0.1694,,Review,REVIEW,False,,,,no_game_in_window_yet,
0fcdb6ac09514fc2a50db16da2a26b2e,0cf446817dbb,wnba,2026-27,2026-08-18T19:22:54+00:00,2026-08-18,Breanna Stewart,1627668,player_rebounds,under,8.5,104.0,-125.0,betrivers,,6.38,"season RPG; L5 reb x0.45, minutes x0.90",2.569,"player-fitted (n=36, shrunk to league)",0.7954,0.4687,True,0.3266,,Review,REVIEW,False,,,,no_game_in_window_yet,
8fc383915013432d81339a043f8d96d7,0cf446817dbb,wnba,2026-27,2026-08-18T19:22:54+00:00,2026-08-18,Breanna Stewart,1627668,player_assists,under,3.5,-125.0,-106.0,fanduel,,3.03,"season APG; L5 ast x0.45, minutes x0.90",1.887,"player-fitted (n=36, shrunk to league)",0.5983,0.5192,True,0.0792,,Standard,PLAY,False,,,,no_game_in_window_yet,
c4864779cb39451f94d5431e35647d37,0cf446817dbb,wnba,2026-27,2026-08-18T19:22:54+00:00,2026-08-18,Breanna Stewart,1627668,player_threes,over,0.5,-152.0,112.0,draftkings,,0.62,"season fg3m history; L5 fg3m x0.45, minutes x0.90",0.838,"player-fitted (n=36, shrunk to league)",0.557,0.5612,True,-0.0042,,Pass,PASS,False,,,,no_game_in_window_yet,
0cb9d319eb90436b8d19d302455e038a,0cf446817dbb,wnba,2026-27,2026-08-18T19:22:54+00:00,2026-08-18,Sabrina Ionescu,1629477,player_points,under,17.5,105.0,-125.0,betrivers,,16.88,"season PPG; L5 pts x0.45 + source pts x0.35, minutes x1.19",8.476,"player-fitted (n=28, shrunk to league)",0.5292,0.4675,True,0.0616,,Standard,PLAY,False,,,,no_game_in_window_yet,
39ad7e2637d2444a9b4d157e8c1ddb2e,0cf446817dbb,wnba,2026-27,2026-08-18T19:22:54+00:00,2026-08-18,Sabrina Ionescu,1629477,player_rebounds,over,3.5,-120.0,-113.0,draftkings,,4.21,"season RPG; L5 reb x0.45, minutes x1.19",2.452,"player-fitted (n=28, shrunk to league)",0.6139,0.5069,True,0.107,,Strong,PLAY,False,,,,no_game_in_window_yet,
42dabeb5c31c44488703ad1f90a0ecd3,0cf446817dbb,wnba,2026-27,2026-08-18T19:22:54+00:00,2026-08-18,Sabrina Ionescu,1629477,player_assists,over,4.5,-116.0,-111.0,betonlineag,,4.75,"season APG; L5 ast x0.45, minutes x1.19",2.373,"player-fitted (n=28, shrunk to league)",0.5419,0.5052,True,0.0368,,Lean,PLAY,False,,,,no_game_in_window_yet,
08e71ff71618453aaa85c2db6e4bfc8d,0cf446817dbb,wnba,2026-27,2026-08-18T19:22:54+00:00,2026-08-18,Sabrina Ionescu,1629477,player_threes,under,2.5,136.0,-179.0,betonlineag,,1.54,"season fg3m history; L5 fg3m x0.45, minutes x1.19",1.386,"player-fitted (n=28, shrunk to league)",0.7558,0.3978,True,0.358,,Review,REVIEW,False,,,,no_game_in_window_yet,
e31f1bc509df4382bc48001fadf39e16,0cf446817dbb,wnba,2026-27,2026-08-18T19:22:54+00:00,2026-08-18,Leonie Fiebich,1630142,player_points,,,,,,,6.49,season PPG; L5 pts x0.45 + source pts x0.35,6.047,"player-fitted (n=20, shrunk to league)",,,False,,,,PROJ,False,,,,no_game_in_window_yet,
766bbbb960534b7cab4152484ceb22aa,0cf446817dbb,wnba,2026-27,2026-08-18T19:22:54+00:00,2026-08-18,Leonie Fiebich,1630142,player_rebounds,,,,,,,1.43,season RPG; L5 reb x0.45,2.104,"player-fitted (n=20, shrunk to league)",,,False,,,,PROJ,False,,,,no_game_in_window_yet,
1a7562c7f910465895178fef34b4a644,0cf446817dbb,wnba,2026-27,2026-08-18T19:22:54+00:00,2026-08-18,Leonie Fiebich,1630142,player_assists,,,,,,,1.04,season APG; L5 ast x0.45,1.376,"player-fitted (n=20, shrunk to league)",,,False,,,,PROJ,False,,,,no_game_in_window_yet,
c8de1283739c469ab76b1e14675e94ae,0cf446817dbb,wnba,2026-27,2026-08-18T19:22:54+00:00,2026-08-18,Leonie Fiebich,1630142,player_threes,,,,,,,0.72,season fg3m history; L5 fg3m x0.45,1.253,"player-fitted (n=20, shrunk to league)",,,False,,,,PROJ,False,,,,no_game_in_window_yet,
cce7d2efa61641f291ce22e7f59d8d28,0cf446817dbb,wnba,2026-27,2026-08-18T19:22:54+00:00,2026-08-18,Jonquel Jones,1627673,player_points,under,14.5,-110.0,-118.0,fanduel,,12.49,"season PPG; L5 pts x0.45 + source pts x0.35, minutes x0.80",5.22,"player-fitted (n=36, shrunk to league)",0.6499,0.4918,True,0.1581,,Review,REVIEW,False,,,,no_game_in_window_yet,
67d8f891d9864f15beea94ffca202eb2,0cf446817dbb,wnba,2026-27,2026-08-18T19:22:54+00:00,2026-08-18,Jonquel Jones,1627673,player_rebounds,under,9.5,-143.0,110.0,betonlineag,,8.64,"season RPG; L5 reb x0.45, minutes x0.80",3.347,"player-fitted (n=36, shrunk to league)",0.6014,0.5527,True,0.0487,,Standard,PLAY,False,,,,no_game_in_window_yet,
ddbc7e3e0d7944119059913d43acce00,0cf446817dbb,wnba,2026-27,2026-08-18T19:22:54+00:00,2026-08-18,Jonquel Jones,1627673,player_assists,over,2.5,-130.0,-104.0,draftkings,,2.51,"season APG; L5 ast x0.45, minutes x0.80",1.584,"player-fitted (n=36, shrunk to league)",0.5025,0.5258,True,-0.0233,,Pass,PASS,False,,,,no_game_in_window_yet,
ad666f9f342e4d5784ab781bbba152aa,0cf446817dbb,wnba,2026-27,2026-08-18T19:22:54+00:00,2026-08-18,Jonquel Jones,1627673,player_threes,over,1.5,-113.0,107.0,betrivers,,1.51,"season fg3m history; L5 fg3m x0.45, minutes x0.80",1.296,"player-fitted (n=36, shrunk to league)",0.5031,0.5234,True,-0.0203,,Pass,PASS,False,,,,no_game_in_window_yet,
cdb5a112e74a40febe7c9c9566ac70c7,0cf446817dbb,wnba,2026-27,2026-08-18T19:22:54+00:00,2026-08-18,Pauline Astier,1631136,player_points,,,,,,,8.15,season PPG; L5 pts x0.45 + source pts x0.35,5.504,"player-fitted (n=36, shrunk to league)",,,False,,,,PROJ,False,,,,no_game_in_window_yet,
0d1af846ae194c8a843b629d796caae3,0cf446817dbb,wnba,2026-27,2026-08-18T19:22:54+00:00,2026-08-18,Pauline Astier,1631136,player_rebounds,,,,,,,2.22,season RPG; L5 reb x0.45,1.998,"player-fitted (n=36, shrunk to league)",,,False,,,,PROJ,False,,,,no_game_in_window_yet,
a79977865eeb476183a29511fb14e169,0cf446817dbb,wnba,2026-27,2026-08-18T19:22:54+00:00,2026-08-18,Pauline Astier,1631136,player_assists,,,,,,,3.54,season APG; L5 ast x0.45,1.671,"player-fitted (n=36, shrunk to league)",,,False,,,,PROJ,False,,,,no_game_in_window_yet,
87011677f680416ba8269710e84bc811,0cf446817dbb,wnba,2026-27,2026-08-18T19:22:54+00:00,2026-08-18,Pauline Astier,1631136,player_threes,,,,,,,0.23,season fg3m history; L5 fg3m x0.45,0.79,"player-fitted (n=36, shrunk to league)",,,False,,,,PROJ,False,,,,no_game_in_window_yet,
20d05c2e547b498490edf525500b8611,0cf446817dbb,wnba,2026-27,2026-08-18T19:22:54+00:00,2026-08-18,Rebecca Allen,204296,player_points,,,,,,,5.81,"season PPG; L5 pts x0.45 + source pts x0.35, minutes x0.75",4.829,"player-fitted (n=35, shrunk to league)",,,False,,,,PROJ,False,,,,no_game_in_window_yet,
27723c682aad4954b80406c706ead359,0cf446817dbb,wnba,2026-27,2026-08-18T19:22:54+00:00,2026-08-18,Rebecca Allen,204296,player_rebounds,,,,,,,2.06,"season RPG; L5 reb x0.45, minutes x0.75",2.004,"player-fitted (n=35, shrunk to league)",,,False,,,,PROJ,False,,,,no_game_in_window_yet,
60264a917c8944fc88e8a06c81daf728,0cf446817dbb,wnba,2026-27,2026-08-18T19:22:54+00:00,2026-08-18,Rebecca Allen,204296,player_assists,,,,,,,0.56,"season APG; L5 ast x0.45, minutes x0.75",0.942,"player-fitted (n=35, shrunk to league)",,,False,,,,PROJ,False,,,,no_game_in_window_yet,
6d22189eadeb4daca12f939fe95f9987,0cf446817dbb,wnba,2026-27,2026-08-18T19:22:54+00:00,2026-08-18,Rebecca Allen,204296,player_threes,under,1.5,100.0,-136.0,draftkings,,1.08,"season fg3m history; L5 fg3m x0.45, minutes x0.75",0.991,"player-fitted (n=35, shrunk to league)",0.6641,0.4646,True,0.1995,,Review,REVIEW,False,,,,no_game_in_window_yet,
1dc93df386d44a8583f4802e19c6ceaf,0cf446817dbb,wnba,2026-27,2026-08-18T19:22:54+00:00,2026-08-18,Natasha Cloud,204333,player_points,under,10.5,100.0,-130.0,betonlineag,,9.81,"season PPG; L5 pts x0.45 + source pts x0.35, minutes x0.83",4.978,"player-fitted (n=33, shrunk to league)",0.5551,0.4694,True,0.0857,,Strong,PLAY,False,,,,no_game_in_window_yet,
d0ae6a55128841369ce529666825b878,0cf446817dbb,wnba,2026-27,2026-08-18T19:22:54+00:00,2026-08-18,Natasha Cloud,204333,player_rebounds,under,3.5,109.0,-141.0,betonlineag,,2.8,"season RPG; L5 reb x0.45, minutes x0.83",2.039,"player-fitted (n=33, shrunk to league)",0.6343,0.4499,True,0.1844,,Review,REVIEW,False,,,,no_game_in_window_yet,
b23b9d8164b047adb38c664be306a92c,0cf446817dbb,wnba,2026-27,2026-08-18T19:22:54+00:00,2026-08-18,Natasha Cloud,204333,player_assists,under,6.5,120.0,-160.0,fanduel,,5.03,"season APG; L5 ast x0.45, minutes x0.83",2.266,"player-fitted (n=33, shrunk to league)",0.7417,0.4248,True,0.3169,,Review,REVIEW,False,,,,no_game_in_window_yet,
7a0e85189cd74651ad9ca993327e732d,0cf446817dbb,wnba,2026-27,2026-08-18T19:22:54+00:00,2026-08-18,Natasha Cloud,204333,player_threes,under,1.5,165.0,-211.0,betrivers,,0.77,"season fg3m history; L5 fg3m x0.45, minutes x0.83",0.904,"player-fitted (n=33, shrunk to league)",0.7903,0.3574,True,0.4329,,Review,REVIEW,False,,,,no_game_in_window_yet,
54caba812f4e422584b8fdd2ff817870,0cf446817dbb,wnba,2026-27,2026-08-18T19:22:54+00:00,2026-08-18,Skylar Diggins,203400,player_points,,,,,,,9.09,season PPG; L5 pts x0.45 + source pts x0.35,7.951,"player-fitted (n=30, shrunk to league)",,,False,,,,PROJ,False,,,,no_game_in_window_yet,
16559d3863464072837eb15664afb3de,0cf446817dbb,wnba,2026-27,2026-08-18T19:22:54+00:00,2026-08-18,Skylar Diggins,203400,player_rebounds,,,,,,,1.76,season RPG; L5 reb x0.45,2.456,"player-fitted (n=30, shrunk to league)",,,False,,,,PROJ,False,,,,no_game_in_window_yet,
cc839e76eb984e298820bd7ea5ffefc1,0cf446817dbb,wnba,2026-27,2026-08-18T19:22:54+00:00,2026-08-18,Skylar Diggins,203400,player_assists,,,,,,,2.7,season APG; L5 ast x0.45,2.752,"player-fitted (n=30, shrunk to league)",,,False,,,,PROJ,False,,,,no_game_in_window_yet,
b7fd8caa329042c8865ea7200aeefc59,0cf446817dbb,wnba,2026-27,2026-08-18T19:22:54+00:00,2026-08-18,Skylar Diggins,203400,player_threes,,,,,,,0.48,season fg3m history; L5 fg3m x0.45,1.096,"player-fitted (n=30, shrunk to league)",,,False,,,,PROJ,False,,,,no_game_in_window_yet,
703bb670f6b8458c9fe2caedf1f44f0e,0cf446817dbb,wnba,2026-27,2026-08-18T19:22:54+00:00,2026-08-18,Sydney Taylor,1642321,player_points,,,,,,,15.77,"season PPG; L5 pts x0.45 + source pts x0.35, minutes x1.25",9.203,"player-fitted (n=33, shrunk to league)",,,False,,,,PROJ,False,,,,no_game_in_window_yet,
be8f245cc44e4e0d961b2aac587f3a93,0cf446817dbb,wnba,2026-27,2026-08-18T19:22:54+00:00,2026-08-18,Sydney Taylor,1642321,player_rebounds,,,,,,,1.55,"season RPG; L5 reb x0.45, minutes x1.25",1.5,"player-fitted (n=33, shrunk to league)",,,False,,,,PROJ,False,,,,no_game_in_window_yet,
cd5573011b934a45895340fb2b7acd19,0cf446817dbb,wnba,2026-27,2026-08-18T19:22:54+00:00,2026-08-18,Sydney Taylor,1642321,player_assists,,,,,,,1.73,"season APG; L5 ast x0.45, minutes x1.25",1.518,"player-fitted (n=33, shrunk to league)",,,False,,,,PROJ,False,,,,no_game_in_window_yet,
76eb18e8016c4722b632b84c92283fdc,0cf446817dbb,wnba,2026-27,2026-08-18T19:22:54+00:00,2026-08-18,Sydney Taylor,1642321,player_threes,,,,,,,2.13,"season fg3m history; L5 fg3m x0.45, minutes x1.25",1.534,"player-fitted (n=33, shrunk to league)",,,False,,,,PROJ,False,,,,no_game_in_window_yet,
8e2d00c3c11f4803890ec8b904401763,0cf446817dbb,wnba,2026-27,2026-08-18T19:22:54+00:00,2026-08-18,Kamilla Cardoso,1642289,player_points,under,14.5,-120.0,-108.0,fanduel,,12.89,"season PPG; L5 pts x0.45 + source pts x0.35, minutes x0.84",6.398,"player-fitted (n=34, shrunk to league)",0.5993,0.5123,True,0.087,,Strong,PLAY,False,,,,no_game_in_window_yet,
ca8c956f66bf4f5c9da04255c763f7ba,0cf446817dbb,wnba,2026-27,2026-08-18T19:22:54+00:00,2026-08-18,Kamilla Cardoso,1642289,player_rebounds,under,8.5,118.0,-158.0,fanduel,,7.57,"season RPG; L5 reb x0.45, minutes x0.84",3.379,"player-fitted (n=34, shrunk to league)",0.6084,0.4283,True,0.1802,,Review,REVIEW,False,,,,no_game_in_window_yet,
53e2703e94d84a7798416ea3333de68d,0cf446817dbb,wnba,2026-27,2026-08-18T19:22:54+00:00,2026-08-18,Kamilla Cardoso,1642289,player_assists,under,2.5,-158.0,118.0,fanduel,,1.98,"season APG; L5 ast x0.45, minutes x0.84",1.605,"player-fitted (n=34, shrunk to league)",0.6271,0.5717,True,0.0553,,Standard,PLAY,False,,,,no_game_in_window_yet,
f0e498991fa140aea1c1cea24aafddae,0cf446817dbb,wnba,2026-27,2026-08-18T19:22:54+00:00,2026-08-18,Kamilla Cardoso,1642289,player_threes,,,,,,,0.0,"season fg3m history; L5 fg3m x0.45, minutes x0.84",0.466,"player-fitted (n=34, shrunk to league)",,,False,,,,PROJ,False,,,,no_game_in_window_yet,
2c2ea289b3c848e899f1e67661041e8f,0cf446817dbb,wnba,2026-27,2026-08-18T19:22:54+00:00,2026-08-18,Azura Stevens,1628922,player_points,under,11.5,-111.0,-116.0,betonlineag,,10.27,"season PPG; L5 pts x0.45 + source pts x0.35, minutes x1.25",6.27,"player-fitted (n=32, shrunk to league)",0.5778,0.4948,True,0.0829,,Strong,PLAY,False,,,,no_game_in_window_yet,
f6ec43dda9c94f1093b202f4881ce6eb,0cf446817dbb,wnba,2026-27,2026-08-18T19:22:54+00:00,2026-08-18,Azura Stevens,1628922,player_rebounds,under,6.5,115.0,-143.0,betrivers,,6.41,"season RPG; L5 reb x0.45, minutes x1.25",3.718,"player-fitted (n=32, shrunk to league)",0.5097,0.4415,True,0.0682,,Standard,PLAY,False,,,,no_game_in_window_yet,
083927a57e7a499781fa54f28373a7ef,0cf446817dbb,wnba,2026-27,2026-08-18T19:22:54+00:00,2026-08-18,Azura Stevens,1628922,player_assists,under,2.5,125.0,-137.0,betrivers,,1.92,"season APG; L5 ast x0.45, minutes x1.25",1.845,"player-fitted (n=32, shrunk to league)",0.6234,0.4347,True,0.1887,,Review,REVIEW,False,,,,no_game_in_window_yet,
ae801a14c1584895bb2cec17bbf7ae34,0cf446817dbb,wnba,2026-27,2026-08-18T19:22:54+00:00,2026-08-18,Azura Stevens,1628922,player_threes,under,1.5,194.0,-270.0,fanduel,,0.61,"season fg3m history; L5 fg3m x0.45, minutes x1.25",1.01,"player-fitted (n=32, shrunk to league)",0.8109,0.3179,True,0.493,,Review,REVIEW,False,,,,no_game_in_window_yet,
c5678cc014c54a9bb14cfc7fe05868b6,0cf446817dbb,wnba,2026-27,2026-08-18T19:22:54+00:00,2026-08-18,Courtney Vandersloot,202664,player_points,under,9.5,105.0,-128.0,betrivers,,7.57,"season PPG; L5 pts x0.45 + source pts x0.35, minutes x0.84",5.188,"player-fitted (n=30, shrunk to league)",0.6451,0.4649,True,0.1801,,Review,REVIEW,False,,,,no_game_in_window_yet,
19d5ee192b524ea082736a6e0ba295c0,0cf446817dbb,wnba,2026-27,2026-08-18T19:22:54+00:00,2026-08-18,Courtney Vandersloot,202664,player_rebounds,under,2.5,-133.0,103.0,betonlineag,,2.41,"season RPG; L5 reb x0.45, minutes x0.84",2.115,"player-fitted (n=30, shrunk to league)",0.517,0.5368,True,-0.0198,,Pass,PASS,False,,,,no_game_in_window_yet,
160a5753d4284188938e33c759f7a6ce,0cf446817dbb,wnba,2026-27,2026-08-18T19:22:54+00:00,2026-08-18,Courtney Vandersloot,202664,player_assists,under,4.5,-140.0,106.0,fanduel,,4.31,"season APG; L5 ast x0.45, minutes x0.84",2.701,"player-fitted (n=30, shrunk to league)",0.528,0.5458,True,-0.0178,,Pass,PASS,False,,,,no_game_in_window_yet,
d6a2901f11b748508df8a83e4c31ad67,0cf446817dbb,wnba,2026-27,2026-08-18T19:22:54+00:00,2026-08-18,Courtney Vandersloot,202664,player_threes,,,,,,,0.76,"season fg3m history; L5 fg3m x0.45, minutes x0.84",0.889,"player-fitted (n=30, shrunk to league)",,,False,,,,PROJ,False,,,,no_game_in_window_yet,
117e6becce7644cab7d7f60c45d2c519,0cf446817dbb,wnba,2026-27,2026-08-18T19:22:54+00:00,2026-08-18,Rhyne Howard,1631009,player_points,over,17.5,-114.0,-114.0,betonlineag,,17.76,"season PPG; L5 pts x0.45 + source pts x0.35, minutes x0.96",6.596,"player-fitted (n=32, shrunk to league)",0.5157,0.5,True,0.0157,,Pass,PASS,False,,,,no_game_in_window_yet,
8b46dcb1f866402aabdcfb4fc0d39687,0cf446817dbb,wnba,2026-27,2026-08-18T19:22:54+00:00,2026-08-18,Rhyne Howard,1631009,player_rebounds,over,3.5,-136.0,102.0,fanduel,,3.69,"season RPG; L5 reb x0.45, minutes x0.96",1.979,"player-fitted (n=32, shrunk to league)",0.5382,0.5379,True,0.0003,,Pass,PASS,False,,,,no_game_in_window_yet,
0f0be8b2de084ae687025fa007141173,0cf446817dbb,wnba,2026-27,2026-08-18T19:22:54+00:00,2026-08-18,Rhyne Howard,1631009,player_assists,over,3.5,-149.0,115.0,betonlineag,,3.79,"season APG; L5 ast x0.45, minutes x0.96",1.927,"player-fitted (n=32, shrunk to league)",0.5598,0.5627,True,-0.0028,,Pass,PASS,False,,,,no_game_in_window_yet,
03208ee731cf4cb8a5dfbc9f5a8cb6a5,0cf446817dbb,wnba,2026-27,2026-08-18T19:22:54+00:00,2026-08-18,Rhyne Howard,1631009,player_threes,over,2.5,-162.0,126.0,betrivers,,3.72,"season fg3m history; L5 fg3m x0.45, minutes x0.96",1.669,"player-fitted (n=32, shrunk to league)",0.7676,0.5829,True,0.1847,,Review,REVIEW,False,,,,no_game_in_window_yet,
1bf66442d17a401cbdad861f784450a5,0cf446817dbb,wnba,2026-27,2026-08-18T19:22:54+00:00,2026-08-18,Jordin Canada,1628886,player_points,over,10.5,-125.0,-106.0,draftkings,,10.95,"season PPG; L5 pts x0.45 + source pts x0.35, minutes x0.94",4.872,"player-fitted (n=33, shrunk to league)",0.5368,0.5192,True,0.0176,,Pass,PASS,False,,,,no_game_in_window_yet,
6501b78e3e1943b3aac082dac6d60b7e,0cf446817dbb,wnba,2026-27,2026-08-18T19:22:54+00:00,2026-08-18,Jordin Canada,1628886,player_rebounds,under,3.5,116.0,-154.0,fanduel,,3.43,"season RPG; L5 reb x0.45, minutes x0.94",2.048,"player-fitted (n=33, shrunk to league)",0.5136,0.433,True,0.0807,,Strong,PLAY,False,,,,no_game_in_window_yet,
eeb31051539e4cb299862266b8254b5c,0cf446817dbb,wnba,2026-27,2026-08-18T19:22:54+00:00,2026-08-18,Jordin Canada,1628886,player_assists,under,7.5,102.0,-136.0,fanduel,,6.49,"season APG; L5 ast x0.45, minutes x0.94",2.798,"player-fitted (n=33, shrunk to league)",0.6409,0.4621,True,0.1788,,Review,REVIEW,False,,,,no_game_in_window_yet,
a25f21bc65b84744b811358b93b31983,0cf446817dbb,wnba,2026-27,2026-08-18T19:22:54+00:00,2026-08-18,Jordin Canada,1628886,player_threes,,,,,,,1.01,"season fg3m history; L5 fg3m x0.45, minutes x0.94",1.003,"player-fitted (n=33, shrunk to league)",,,False,,,,PROJ,False,,,,no_game_in_window_yet,
564276f99a5a499da6f603536cc32bff,0cf446817dbb,wnba,2026-27,2026-08-18T19:22:54+00:00,2026-08-18,Allisha Gray,1628277,player_points,under,19.5,-102.0,-128.0,fanduel,,18.17,"season PPG; L5 pts x0.45 + source pts x0.35, minutes x0.95",5.526,"player-fitted (n=33, shrunk to league)",0.5951,0.4735,True,0.1216,,Strong,PLAY,False,,,,no_game_in_window_yet,
cf9356754ca84b1880a8b052a84853e6,0cf446817dbb,wnba,2026-27,2026-08-18T19:22:54+00:00,2026-08-18,Allisha Gray,1628277,player_rebounds,under,3.5,123.0,-146.0,betrivers,,2.97,"season RPG; L5 reb x0.45, minutes x0.95",2.229,"player-fitted (n=33, shrunk to league)",0.594,0.4304,True,0.1636,,Review,REVIEW,False,,,,no_game_in_window_yet,
7d5c02d8bde84c838e529f744a95cf44,0cf446817dbb,wnba,2026-27,2026-08-18T19:22:54+00:00,2026-08-18,Allisha Gray,1628277,player_assists,,,,,,,2.52,"season APG; L5 ast x0.45, minutes x0.95",1.53,"player-fitted (n=33, shrunk to league)",,,False,,,,PROJ,False,,,,no_game_in_window_yet,
b6df613994d240f9ab9ce4bd4d83ac82,0cf446817dbb,wnba,2026-27,2026-08-18T19:22:54+00:00,2026-08-18,Allisha Gray,1628277,player_threes,over,1.5,-129.0,100.0,betrivers,,1.73,"season fg3m history; L5 fg3m x0.45, minutes x0.95",1.366,"player-fitted (n=33, shrunk to league)",0.5669,0.5298,True,0.0371,,Lean,PLAY,False,,,,no_game_in_window_yet,
add9b0a1186246be9f3e85eeae87251f,0cf446817dbb,wnba,2026-27,2026-08-18T19:22:54+00:00,2026-08-18,Angel Reese,1642291,player_points,under,15.5,100.0,-130.0,fanduel,,15.46,season PPG; L5 pts x0.45 + source pts x0.35,5.157,"player-fitted (n=32, shrunk to league)",0.5031,0.4694,True,0.0337,,Lean,PLAY,False,,,,no_game_in_window_yet,
444c5f676fac4a99949957aeb08fac3c,0cf446817dbb,wnba,2026-27,2026-08-18T19:22:54+00:00,2026-08-18,Angel Reese,1642291,player_rebounds,over,12.5,-105.0,-123.0,betonlineag,,12.99,season RPG; L5 reb x0.45,2.885,"player-fitted (n=32, shrunk to league)",0.5674,0.4815,True,0.086,,Strong,PLAY,False,,,,no_game_in_window_yet,
50c30eb5d37f46169c951b5b1d656f78,0cf446817dbb,wnba,2026-27,2026-08-18T19:22:54+00:00,2026-08-18,Angel Reese,1642291,player_assists,under,2.5,102.0,-136.0,fanduel,,2.31,season APG; L5 ast x0.45,1.468,"player-fitted (n=32, shrunk to league)",0.5515,0.4621,True,0.0894,,Strong,PLAY,False,,,,no_game_in_window_yet,
f02e41201cc148d5b6997703ef912587,0cf446817dbb,wnba,2026-27,2026-08-18T19:22:54+00:00,2026-08-18,Angel Reese,1642291,player_threes,,,,,,,0.19,season fg3m history; L5 fg3m x0.45,0.629,"player-fitted (n=32, shrunk to league)",,,False,,,,PROJ,False,,,,no_game_in_window_yet,
8c12fced10f942958d5382d00b9904ca,0cf446817dbb,wnba,2026-27,2026-08-18T19:22:54+00:00,2026-08-18,Naz Hillmon,1631044,player_points,under,9.5,115.0,-149.0,betonlineag,,8.3,season PPG; L5 pts x0.45 + source pts x0.35,5.824,"player-fitted (n=33, shrunk to league)",0.5816,0.4373,True,0.1443,,Strong,PLAY,False,,,,no_game_in_window_yet,
0d14d3db162a4d5e91a0bae46ba357b4,0cf446817dbb,wnba,2026-27,2026-08-18T19:22:54+00:00,2026-08-18,Naz Hillmon,1631044,player_rebounds,under,4.5,-117.0,-116.0,draftkings,,4.4,season RPG; L5 reb x0.45,2.191,"player-fitted (n=33, shrunk to league)",0.5182,0.501,True,0.0172,,Pass,PASS,False,,,,no_game_in_window_yet,
caf748e8b1cf40f48f2692e68080dfec,0cf446817dbb,wnba,2026-27,2026-08-18T19:22:54+00:00,2026-08-18,Naz Hillmon,1631044,player_assists,,,,,,,1.73,season APG; L5 ast x0.45,1.204,"player-fitted (n=33, shrunk to league)",,,False,,,,PROJ,False,,,,no_game_in_window_yet,
b631c79c4ec04903ac2e6677c147b894,0cf446817dbb,wnba,2026-27,2026-08-18T19:22:54+00:00,2026-08-18,Naz Hillmon,1631044,player_threes,under,1.5,148.0,-200.0,fanduel,,1.14,season fg3m history; L5 fg3m x0.45,1.024,"player-fitted (n=33, shrunk to league)",0.6374,0.3769,True,0.2605,,Review,REVIEW,False,,,,no_game_in_window_yet,
2adb1a1d98b8463d9195e9b7c5d99509,0cf446817dbb,wnba,2026-27,2026-08-18T19:22:54+00:00,2026-08-18,Brionna Jones,1628280,player_points,,,,,,,7.75,"season PPG; L5 pts x0.45 + source pts x0.35, minutes x1.04",4.949,"player-fitted (n=27, shrunk to league)",,,False,,,,PROJ,False,,,,no_game_in_window_yet,
a4c48dbc523e4a9d8fa1a541d2a48152,0cf446817dbb,wnba,2026-27,2026-08-18T19:22:54+00:00,2026-08-18,Brionna Jones,1628280,player_rebounds,,,,,,,5.28,"season RPG; L5 reb x0.45, minutes x1.04",2.841,"player-fitted (n=27, shrunk to league)",,,False,,,,PROJ,False,,,,no_game_in_window_yet,
d76d88a822924d32b6db5b1c0816153f,0cf446817dbb,wnba,2026-27,2026-08-18T19:22:54+00:00,2026-08-18,Brionna Jones,1628280,player_assists,,,,,,,2.28,"season APG; L5 ast x0.45, minutes x1.04",1.497,"player-fitted (n=27, shrunk to league)",,,False,,,,PROJ,False,,,,no_game_in_window_yet,
6e1ace2b7952468ebbf117338fd98837,0cf446817dbb,wnba,2026-27,2026-08-18T19:22:54+00:00,2026-08-18,Brionna Jones,1628280,player_threes,,,,,,,0.12,"season fg3m history; L5 fg3m x0.45, minutes x1.04",0.535,"player-fitted (n=27, shrunk to league)",,,False,,,,PROJ,False,,,,no_game_in_window_yet,
8ae8c107ee824bc08a2bad8868d2c2d7,0cf446817dbb,wnba,2026-27,2026-08-18T19:22:54+00:00,2026-08-18,Chelsea Gray,203833,player_points,under,11.5,-111.0,-119.0,draftkings,,10.56,"season PPG; L5 pts x0.45 + source pts x0.35, minutes x0.87",5.85,"player-fitted (n=35, shrunk to league)",0.5638,0.4919,True,0.0719,,Standard,PLAY,False,,,,no_game_in_window_yet,
2ac87f5d136d4e00887020e4ba1a17a4,0cf446817dbb,wnba,2026-27,2026-08-18T19:22:54+00:00,2026-08-18,Chelsea Gray,203833,player_rebounds,over,2.5,-145.0,112.0,betonlineag,,2.55,"season RPG; L5 reb x0.45, minutes x0.87",1.842,"player-fitted (n=35, shrunk to league)",0.5108,0.5565,True,-0.0457,,Pass,PASS,False,,,,no_game_in_window_yet,
8ccacd60c2524950bbfc5b3161d4dafb,0cf446817dbb,wnba,2026-27,2026-08-18T19:22:54+00:00,2026-08-18,Chelsea Gray,203833,player_assists,over,5.5,-148.0,112.0,fanduel,,5.92,"season APG; L5 ast x0.45, minutes x0.87",1.898,"player-fitted (n=35, shrunk to league)",0.5875,0.5585,True,0.029,,Lean,PASS,False,,,,no_game_in_window_yet,
412c8625a1054c77832a64e146e461a3,0cf446817dbb,wnba,2026-27,2026-08-18T19:22:54+00:00,2026-08-18,Chelsea Gray,203833,player_threes,over,1.5,-109.0,-119.0,betonlineag,,1.52,"season fg3m history; L5 fg3m x0.45, minutes x0.87",1.794,"player-fitted (n=35, shrunk to league)",0.5044,0.4897,True,0.0147,,Pass,PASS,False,,,,no_game_in_window_yet,
0b0641b543a541839eac1931fc19e05a,0cf446817dbb,wnba,2026-27,2026-08-18T19:22:54+00:00,2026-08-18,Jackie Young,1629498,player_points,under,19.5,-105.0,-123.0,betonlineag,,18.81,"season PPG; L5 pts x0.45 + source pts x0.35, minutes x0.89",7.393,"player-fitted (n=35, shrunk to league)",0.5372,0.4815,True,0.0557,,Standard,PLAY,False,,,,no_game_in_window_yet,
6c5ccefbb4c3484d9ce64332bbfa4038,0cf446817dbb,wnba,2026-27,2026-08-18T19:22:54+00:00,2026-08-18,Jackie Young,1629498,player_rebounds,under,3.5,-150.0,128.0,betrivers,,3.27,"season RPG; L5 reb x0.45, minutes x0.89",2.53,"player-fitted (n=35, shrunk to league)",0.5362,0.5777,True,-0.0415,,Pass,PASS,False,,,,no_game_in_window_yet,
6c8d47d2a1e248deb2d81e80bc2c9268,0cf446817dbb,wnba,2026-27,2026-08-18T19:22:54+00:00,2026-08-18,Jackie Young,1629498,player_assists,under,6.5,-104.0,-119.0,betrivers,,5.84,"season APG; L5 ast x0.45, minutes x0.89",2.504,"player-fitted (n=35, shrunk to league)",0.604,0.4841,True,0.1199,,Strong,PLAY,False,,,,no_game_in_window_yet,
86e67cfb9aa9463ea4346beb8979e40f,0cf446817dbb,wnba,2026-27,2026-08-18T19:22:54+00:00,2026-08-18,Jackie Young,1629498,player_threes,under,2.5,142.0,-192.0,fanduel,,2.37,"season fg3m history; L5 fg3m x0.45, minutes x0.89",1.534,"player-fitted (n=35, shrunk to league)",0.5338,0.3859,True,0.1479,,Strong,PLAY,False,,,,no_game_in_window_yet,
7489bec93eda4657af3433c0f1f19240,0cf446817dbb,wnba,2026-27,2026-08-18T19:22:54+00:00,2026-08-18,A'ja Wilson,1628932,player_points,under,24.5,-120.0,-108.0,betonlineag,,22.28,"season PPG; L5 pts x0.45 + source pts x0.35, minutes x0.87",6.76,"player-fitted (n=33, shrunk to league)",0.6287,0.5123,True,0.1164,,Strong,PLAY,False,,,,no_game_in_window_yet,
2c4e9f982c68441db1f26762c47de68b,0cf446817dbb,wnba,2026-27,2026-08-18T19:22:54+00:00,2026-08-18,A'ja Wilson,1628932,player_rebounds,under,9.5,103.0,-140.0,draftkings,,8.24,"season RPG; L5 reb x0.45, minutes x0.87",3.454,"player-fitted (n=33, shrunk to league)",0.6424,0.4578,True,0.1845,,Review,REVIEW,False,,,,no_game_in_window_yet,
bde46fd9113848f88b5f7486e170694c,0cf446817dbb,wnba,2026-27,2026-08-18T19:22:54+00:00,2026-08-18,A'ja Wilson,1628932,player_assists,under,2.5,-171.0,125.0,draftkings,,2.33,"season APG; L5 ast x0.45, minutes x0.87",1.736,"player-fitted (n=33, shrunk to league)",0.539,0.5867,True,-0.0477,,Pass,PASS,False,,,,no_game_in_window_yet,
be6ad44c375346e0bd3b2fea90ce2dfb,0cf446817dbb,wnba,2026-27,2026-08-18T19:22:54+00:00,2026-08-18,A'ja Wilson,1628932,player_threes,over,0.5,-172.0,128.0,fanduel,,0.79,"season fg3m history; L5 fg3m x0.45, minutes x0.87",0.891,"player-fitted (n=33, shrunk to league)",0.6276,0.5905,True,0.0371,,Lean,PASS,False,,,,no_game_in_window_yet,
eb6b1bbf8c1f48778e5e2988b7e0907a,0cf446817dbb,wnba,2026-27,2026-08-18T19:22:54+00:00,2026-08-18,Jewell Loyd,204319,player_points,over,7.5,-115.0,-115.0,draftkings,,8.13,season PPG; L5 pts x0.45 + source pts x0.35,4.731,"player-fitted (n=34, shrunk to league)",0.553,0.5,True,0.053,,Standard,PLAY,False,,,,no_game_in_window_yet,
3764935781454094850191935803f1ce,0cf446817dbb,wnba,2026-27,2026-08-18T19:22:54+00:00,2026-08-18,Jewell Loyd,204319,player_rebounds,,,,,,,1.98,season RPG; L5 reb x0.45,1.688,"player-fitted (n=34, shrunk to league)",,,False,,,,PROJ,False,,,,no_game_in_window_yet,
9e74ad30b8424f168808eca2e682e795,0cf446817dbb,wnba,2026-27,2026-08-18T19:22:54+00:00,2026-08-18,Jewell Loyd,204319,player_assists,,,,,,,1.49,season APG; L5 ast x0.45,1.23,"player-fitted (n=34, shrunk to league)",,,False,,,,PROJ,False,,,,no_game_in_window_yet,
e10c9358a9c94580a4cc76847e802907,0cf446817dbb,wnba,2026-27,2026-08-18T19:22:54+00:00,2026-08-18,Jewell Loyd,204319,player_threes,over,1.5,100.0,-130.0,betonlineag,,1.57,season fg3m history; L5 fg3m x0.45,1.185,"player-fitted (n=34, shrunk to league)",0.5235,0.4694,True,0.0542,,Standard,PLAY,False,,,,no_game_in_window_yet,
d090df4a1dd64e41a2c9bb135f19b7c8,0cf446817dbb,wnba,2026-27,2026-08-18T19:22:54+00:00,2026-08-18,NaLyssa Smith,1631019,player_points,under,11.5,-108.0,-120.0,fanduel,,9.04,"season PPG; L5 pts x0.45 + source pts x0.35, minutes x0.78",5.692,"player-fitted (n=35, shrunk to league)",0.6672,0.4877,True,0.1795,,Review,REVIEW,False,,,,no_game_in_window_yet,
646254aad6a644eb90c20f17dee6c1b0,0cf446817dbb,wnba,2026-27,2026-08-18T19:22:54+00:00,2026-08-18,NaLyssa Smith,1631019,player_rebounds,under,6.5,116.0,-154.0,fanduel,,6.16,"season RPG; L5 reb x0.45, minutes x0.78",2.93,"player-fitted (n=35, shrunk to league)",0.5462,0.433,True,0.1132,,Strong,PLAY,False,,,,no_game_in_window_yet,
c8c933505ac34fe9bb037c76ebf33a1f,0cf446817dbb,wnba,2026-27,2026-08-18T19:22:54+00:00,2026-08-18,NaLyssa Smith,1631019,player_assists,,,,,,,1.02,"season APG; L5 ast x0.45, minutes x0.78",1.23,"player-fitted (n=35, shrunk to league)",,,False,,,,PROJ,False,,,,no_game_in_window_yet,
d8cc72a847cd4dc887fd5342ee375676,0cf446817dbb,wnba,2026-27,2026-08-18T19:22:54+00:00,2026-08-18,NaLyssa Smith,1631019,player_threes,,,,,,,0.01,"season fg3m history; L5 fg3m x0.45, minutes x0.78",0.484,"player-fitted (n=35, shrunk to league)",,,False,,,,PROJ,False,,,,no_game_in_window_yet,
9f3ba9fe97704760b7ff913338ed9734,0cf446817dbb,wnba,2026-27,2026-08-18T19:22:54+00:00,2026-08-18,Dana Evans,1630389,player_points,,,,,,,4.13,"season PPG; L5 pts x0.45 + source pts x0.35, minutes x1.20",4.236,"player-fitted (n=17, shrunk to league)",,,False,,,,PROJ,False,,,,no_game_in_window_yet,
c2b4e948ba2f4de9b1c281805023a7ab,0cf446817dbb,wnba,2026-27,2026-08-18T19:22:54+00:00,2026-08-18,Dana Evans,1630389,player_rebounds,,,,,,,2.27,"season RPG; L5 reb x0.45, minutes x1.20",1.755,"player-fitted (n=17, shrunk to league)",,,False,,,,PROJ,False,,,,no_game_in_window_yet,
581862ab20044d2384500619f2f21e29,0cf446817dbb,wnba,2026-27,2026-08-18T19:22:54+00:00,2026-08-18,Dana Evans,1630389,player_assists,,,,,,,2.41,"season APG; L5 ast x0.45, minutes x1.20",1.318,"player-fitted (n=17, shrunk to league)",,,False,,,,PROJ,False,,,,no_game_in_window_yet,
c0bdee9b947841ec8807ccc777ad3adf,0cf446817dbb,wnba,2026-27,2026-08-18T19:22:54+00:00,2026-08-18,Dana Evans,1630389,player_threes,,,,,,,0.64,"season fg3m history; L5 fg3m x0.45, minutes x1.20",0.952,"player-fitted (n=17, shrunk to league)",,,False,,,,PROJ,False,,,,no_game_in_window_yet,
5482c6ce2e054badb29c20644405f538,0cf446817dbb,wnba,2026-27,2026-08-18T19:22:54+00:00,2026-08-19,Brittney Sykes,1628279,player_points,,,,,,,13.28,season PPG; L5 pts x0.45 + source pts x0.35,10.869,"player-fitted (n=33, shrunk to league)",,,False,,,,PROJ,False,,,,no_game_in_window_yet,
3bb588e6925a4891be13c10b71079d69,0cf446817dbb,wnba,2026-27,2026-08-18T19:22:54+00:00,2026-08-19,Brittney Sykes,1628279,player_rebounds,,,,,,,2.09,season RPG; L5 reb x0.45,2.419,"player-fitted (n=33, shrunk to league)",,,False,,,,PROJ,False,,,,no_game_in_window_yet,
dc57418b7a9e4175b424041108150091,0cf446817dbb,wnba,2026-27,2026-08-18T19:22:54+00:00,2026-08-19,Brittney Sykes,1628279,player_assists,,,,,,,1.93,season APG; L5 ast x0.45,2.016,"player-fitted (n=33, shrunk to league)",,,False,,,,PROJ,False,,,,no_game_in_window_yet,
634969e772fc49e0a7c699fd3d8e671d,0cf446817dbb,wnba,2026-27,2026-08-18T19:22:54+00:00,2026-08-19,Brittney Sykes,1628279,player_threes,,,,,,,0.27,season fg3m history; L5 fg3m x0.45,1.019,"player-fitted (n=33, shrunk to league)",,,False,,,,PROJ,False,,,,no_game_in_window_yet,
693a7d8a14ec479fb94ac4e02673a87e,0cf446817dbb,wnba,2026-27,2026-08-18T19:22:54+00:00,2026-08-19,Marina Mabrey,1629497,player_points,,,,,,,19.72,"season PPG; L5 pts x0.45 + source pts x0.35, minutes x1.12",10.423,"player-fitted (n=33, shrunk to league)",,,False,,,,PROJ,False,,,,no_game_in_window_yet,
04e48df00cc14706a35a87ac64ec96ab,0cf446817dbb,wnba,2026-27,2026-08-18T19:22:54+00:00,2026-08-19,Marina Mabrey,1629497,player_rebounds,,,,,,,3.01,"season RPG; L5 reb x0.45, minutes x1.12",2.09,"player-fitted (n=33, shrunk to league)",,,False,,,,PROJ,False,,,,no_game_in_window_yet,
d6e0c5f185dd4bbaa7a8f21df89fe5c0,0cf446817dbb,wnba,2026-27,2026-08-18T19:22:54+00:00,2026-08-19,Marina Mabrey,1629497,player_assists,,,,,,,3.7,"season APG; L5 ast x0.45, minutes x1.12",1.994,"player-fitted (n=33, shrunk to league)",,,False,,,,PROJ,False,,,,no_game_in_window_yet,
46f865f93a2f46d0b01c72ddcd10134f,0cf446817dbb,wnba,2026-27,2026-08-18T19:22:54+00:00,2026-08-19,Marina Mabrey,1629497,player_threes,,,,,,,3.18,"season fg3m history; L5 fg3m x0.45, minutes x1.12",2.14,"player-fitted (n=33, shrunk to league)",,,False,,,,PROJ,False,,,,no_game_in_window_yet,
db2b213c9083425e82371825a5d67e71,0cf446817dbb,wnba,2026-27,2026-08-18T19:22:54+00:00,2026-08-19,Maria Conde,1629576,player_points,,,,,,,9.27,"season PPG; L5 pts x0.45 + source pts x0.35, minutes x1.09",5.539,"player-fitted (n=33, shrunk to league)",,,False,,,,PROJ,False,,,,no_game_in_window_yet,
fadce7ea15ea4a3fabb5caebe076159b,0cf446817dbb,wnba,2026-27,2026-08-18T19:22:54+00:00,2026-08-19,Maria Conde,1629576,player_rebounds,,,,,,,4.58,"season RPG; L5 reb x0.45, minutes x1.09",2.456,"player-fitted (n=33, shrunk to league)",,,False,,,,PROJ,False,,,,no_game_in_window_yet,
219744fb0cce4be7b3108d7f20265aea,0cf446817dbb,wnba,2026-27,2026-08-18T19:22:54+00:00,2026-08-19,Maria Conde,1629576,player_assists,,,,,,,2.93,"season APG; L5 ast x0.45, minutes x1.09",1.945,"player-fitted (n=33, shrunk to league)",,,False,,,,PROJ,False,,,,no_game_in_window_yet,
ac9240617f2e4bca8b3893439870f63f,0cf446817dbb,wnba,2026-27,2026-08-18T19:22:54+00:00,2026-08-19,Maria Conde,1629576,player_threes,,,,,,,1.45,"season fg3m history; L5 fg3m x0.45, minutes x1.09",1.408,"player-fitted (n=33, shrunk to league)",,,False,,,,PROJ,False,,,,no_game_in_window_yet,
7ea2b3d87455411b81e869b9d42e6c4e,0cf446817dbb,wnba,2026-27,2026-08-18T19:22:54+00:00,2026-08-19,Julie Allemand,1627700,player_points,,,,,,,6.6,"season PPG; L5 pts x0.45 + source pts x0.35, minutes x1.05",4.778,"player-fitted (n=32, shrunk to league)",,,False,,,,PROJ,False,,,,no_game_in_window_yet,
308d3ec046e64281ab9d2b05ee7cb4f3,0cf446817dbb,wnba,2026-27,2026-08-18T19:22:54+00:00,2026-08-19,Julie Allemand,1627700,player_rebounds,,,,,,,2.84,"season RPG; L5 reb x0.45, minutes x1.05",2.204,"player-fitted (n=32, shrunk to league)",,,False,,,,PROJ,False,,,,no_game_in_window_yet,
f240cdace1b4493fa646ff722974bd42,0cf446817dbb,wnba,2026-27,2026-08-18T19:22:54+00:00,2026-08-19,Julie Allemand,1627700,player_assists,,,,,,,5.96,"season APG; L5 ast x0.45, minutes x1.05",3.371,"player-fitted (n=32, shrunk to league)",,,False,,,,PROJ,False,,,,no_game_in_window_yet,
110f89ffcc284e5d985551a94e4fa755,0cf446817dbb,wnba,2026-27,2026-08-18T19:22:54+00:00,2026-08-19,Julie Allemand,1627700,player_threes,,,,,,,1.36,"season fg3m history; L5 fg3m x0.45, minutes x1.05",1.13,"player-fitted (n=32, shrunk to league)",,,False,,,,PROJ,False,,,,no_game_in_window_yet,
97c1a4e8e83d47b1ab879df4919f63af,0cf446817dbb,wnba,2026-27,2026-08-18T19:22:54+00:00,2026-08-19,Laura Juskaite,1643420,player_points,,,,,,,9.98,"season PPG; L5 pts x0.45 + source pts x0.35, minutes x0.88",6.076,"player-fitted (n=33, shrunk to league)",,,False,,,,PROJ,False,,,,no_game_in_window_yet,
6000be7955b94a55a4a572ef0fb9c6b1,0cf446817dbb,wnba,2026-27,2026-08-18T19:22:54+00:00,2026-08-19,Laura Juskaite,1643420,player_rebounds,,,,,,,3.56,"season RPG; L5 reb x0.45, minutes x0.88",2.309,"player-fitted (n=33, shrunk to league)",,,False,,,,PROJ,False,,,,no_game_in_window_yet,
0948bf7487884d4baa808321917a0024,0cf446817dbb,wnba,2026-27,2026-08-18T19:22:54+00:00,2026-08-19,Laura Juskaite,1643420,player_assists,,,,,,,1.25,"season APG; L5 ast x0.45, minutes x0.88",1.334,"player-fitted (n=33, shrunk to league)",,,False,,,,PROJ,False,,,,no_game_in_window_yet,
c77d68494b444fccb58698cc29f97884,0cf446817dbb,wnba,2026-27,2026-08-18T19:22:54+00:00,2026-08-19,Laura Juskaite,1643420,player_threes,,,,,,,0.72,"season fg3m history; L5 fg3m x0.45, minutes x0.88",1.039,"player-fitted (n=33, shrunk to league)",,,False,,,,PROJ,False,,,,no_game_in_window_yet,
8f4fc290435544668ace50afb043c9d3,0cf446817dbb,wnba,2026-27,2026-08-18T19:22:54+00:00,2026-08-19,Nyara Sabally,1631055,player_points,,,,,,,10.92,"season PPG; L5 pts x0.45 + source pts x0.35, minutes x0.77",6.991,"player-fitted (n=33, shrunk to league)",,,False,,,,PROJ,False,,,,no_game_in_window_yet,
8090a73876e74e619855e9688cee6866,0cf446817dbb,wnba,2026-27,2026-08-18T19:22:54+00:00,2026-08-19,Nyara Sabally,1631055,player_rebounds,,,,,,,4.88,"season RPG; L5 reb x0.45, minutes x0.77",2.968,"player-fitted (n=33, shrunk to league)",,,False,,,,PROJ,False,,,,no_game_in_window_yet,
02e4841423ec49c488f14317b5a0be87,0cf446817dbb,wnba,2026-27,2026-08-18T19:22:54+00:00,2026-08-19,Nyara Sabally,1631055,player_assists,,,,,,,1.34,"season APG; L5 ast x0.45, minutes x0.77",1.454,"player-fitted (n=33, shrunk to league)",,,False,,,,PROJ,False,,,,no_game_in_window_yet,
0330ef51aace477383e5d6f85b408ec1,0cf446817dbb,wnba,2026-27,2026-08-18T19:22:54+00:00,2026-08-19,Nyara Sabally,1631055,player_threes,,,,,,,0.81,"season fg3m history; L5 fg3m x0.45, minutes x0.77",0.966,"player-fitted (n=33, shrunk to league)",,,False,,,,PROJ,False,,,,no_game_in_window_yet,
09c4f9272bb2424c9bd6c84244f0aa3b,0cf446817dbb,wnba,2026-27,2026-08-18T19:22:54+00:00,2026-08-19,Sonia Citron,1642785,player_points,under,17.5,-119.0,-111.0,draftkings,,15.89,"season PPG; L5 pts x0.45 + source pts x0.35, minutes x0.93",7.362,"player-fitted (n=33, shrunk to league)",0.5866,0.5081,True,0.0785,,Standard,PLAY,False,,,,no_game_in_window_yet,
3dc97f2451244727a537ac971d8820da,0cf446817dbb,wnba,2026-27,2026-08-18T19:22:54+00:00,2026-08-19,Sonia Citron,1642785,player_rebounds,over,3.5,-117.0,-116.0,draftkings,,3.92,"season RPG; L5 reb x0.45, minutes x0.93",2.353,"player-fitted (n=33, shrunk to league)",0.5708,0.501,True,0.0698,,Standard,PLAY,False,,,,no_game_in_window_yet,
b9267dfa6c294db99a89028c4ae94feb,0cf446817dbb,wnba,2026-27,2026-08-18T19:22:54+00:00,2026-08-19,Sonia Citron,1642785,player_assists,under,4.5,-146.0,110.0,fanduel,,4.31,"season APG; L5 ast x0.45, minutes x0.93",2.237,"player-fitted (n=33, shrunk to league)",0.5338,0.5548,True,-0.021,,Pass,PASS,False,,,,no_game_in_window_yet,
650be766a2714062b2358de03553a8cd,0cf446817dbb,wnba,2026-27,2026-08-18T19:22:54+00:00,2026-08-19,Sonia Citron,1642785,player_threes,over,1.5,100.0,-136.0,draftkings,,1.73,"season fg3m history; L5 fg3m x0.45, minutes x0.93",1.209,"player-fitted (n=33, shrunk to league)",0.5754,0.4646,True,0.1109,,Strong,PLAY,False,,,,no_game_in_window_yet,
4748c53d295a4687826aa971cf395679,0cf446817dbb,wnba,2026-27,2026-08-18T19:22:54+00:00,2026-08-19,Shakira Austin,1631022,player_points,under,19.5,-114.0,-116.0,draftkings,,19.31,season PPG; L5 pts x0.45 + source pts x0.35,6.624,"player-fitted (n=34, shrunk to league)",0.5114,0.498,True,0.0135,,Pass,PASS,False,,,,no_game_in_window_yet,
7409e6e3af6e45d888b81905d39cb518,0cf446817dbb,wnba,2026-27,2026-08-18T19:22:54+00:00,2026-08-19,Shakira Austin,1631022,player_rebounds,under,10.5,-119.0,-114.0,draftkings,,9.69,season RPG; L5 reb x0.45,3.284,"player-fitted (n=34, shrunk to league)",0.5974,0.505,True,0.0925,,Strong,PLAY,False,,,,no_game_in_window_yet,
ac62d420f91445e0b14eaa7e83d405b5,0cf446817dbb,wnba,2026-27,2026-08-18T19:22:54+00:00,2026-08-19,Shakira Austin,1631022,player_assists,under,2.5,-135.0,-101.0,draftkings,,2.37,season APG; L5 ast x0.45,1.607,"player-fitted (n=34, shrunk to league)",0.5322,0.5334,True,-0.0012,,Pass,PASS,False,,,,no_game_in_window_yet,
24ac0bae1cf846fda52db7a3028869be,0cf446817dbb,wnba,2026-27,2026-08-18T19:22:54+00:00,2026-08-19,Shakira Austin,1631022,player_threes,,,,,,,0.54,season fg3m history; L5 fg3m x0.45,0.713,"player-fitted (n=34, shrunk to league)",,,False,,,,PROJ,False,,,,no_game_in_window_yet,
a0a9aea8d92f400e82736e2fed444063,0cf446817dbb,wnba,2026-27,2026-08-18T19:22:54+00:00,2026-08-19,Kiki Iriafen,1642792,player_points,under,15.5,-114.0,-116.0,draftkings,,13.52,"season PPG; L5 pts x0.45 + source pts x0.35, minutes x0.93",7.109,"player-fitted (n=34, shrunk to league)",0.6097,0.498,True,0.1117,,Strong,PLAY,False,,,,no_game_in_window_yet,
9cf6a7d0598e4653b14f02a9f564af64,0cf446817dbb,wnba,2026-27,2026-08-18T19:22:54+00:00,2026-08-19,Kiki Iriafen,1642792,player_rebounds,under,9.5,116.0,-154.0,fanduel,,8.33,"season RPG; L5 reb x0.45, minutes x0.93",3.924,"player-fitted (n=34, shrunk to league)",0.6172,0.433,True,0.1842,,Review,REVIEW,False,,,,no_game_in_window_yet,
22f688e05a824c89b3a030f73842748a,0cf446817dbb,wnba,2026-27,2026-08-18T19:22:54+00:00,2026-08-19,Kiki Iriafen,1642792,player_assists,,,,,,,1.79,"season APG; L5 ast x0.45, minutes x0.93",1.578,"player-fitted (n=34, shrunk to league)",,,False,,,,PROJ,False,,,,no_game_in_window_yet,
426fa3f34efc4f8b819d05c0a748b299,0cf446817dbb,wnba,2026-27,2026-08-18T19:22:54+00:00,2026-08-19,Kiki Iriafen,1642792,player_threes,,,,,,,0.25,"season fg3m history; L5 fg3m x0.45, minutes x0.93",0.625,"player-fitted (n=34, shrunk to league)",,,False,,,,PROJ,False,,,,no_game_in_window_yet,
4dba7adfef5c4c0fbde49f7ed7a6d946,0cf446817dbb,wnba,2026-27,2026-08-18T19:22:54+00:00,2026-08-19,Michaela Onyenwere,1630446,player_points,,,,,,,7.52,"season PPG; L5 pts x0.45 + source pts x0.35, minutes x1.10",6.778,"player-fitted (n=32, shrunk to league)",,,False,,,,PROJ,False,,,,no_game_in_window_yet,
57f2210a2a8f4871a1ce2fe9e15f71b3,0cf446817dbb,wnba,2026-27,2026-08-18T19:22:54+00:00,2026-08-19,Michaela Onyenwere,1630446,player_rebounds,,,,,,,3.27,"season RPG; L5 reb x0.45, minutes x1.10",2.168,"player-fitted (n=32, shrunk to league)",,,False,,,,PROJ,False,,,,no_game_in_window_yet,
f7833a1b21994c39bb422772c2b2a3b2,0cf446817dbb,wnba,2026-27,2026-08-18T19:22:54+00:00,2026-08-19,Michaela Onyenwere,1630446,player_assists,,,,,,,1.83,"season APG; L5 ast x0.45, minutes x1.10",1.45,"player-fitted (n=32, shrunk to league)",,,False,,,,PROJ,False,,,,no_game_in_window_yet,
d56548d9f27246c98dbfd1310398ddb1,0cf446817dbb,wnba,2026-27,2026-08-18T19:22:54+00:00,2026-08-19,Michaela Onyenwere,1630446,player_threes,,,,,,,1.16,"season fg3m history; L5 fg3m x0.45, minutes x1.10",1.391,"player-fitted (n=32, shrunk to league)",,,False,,,,PROJ,False,,,,no_game_in_window_yet,
361f4f9f485c47f78821574478b15479,0cf446817dbb,wnba,2026-27,2026-08-18T19:22:54+00:00,2026-08-19,Cotie McMahon,1643430,player_points,,,,,,,8.1,"season PPG; L5 pts x0.45 + source pts x0.35, minutes x1.06",4.543,"player-fitted (n=33, shrunk to league)",,,False,,,,PROJ,False,,,,no_game_in_window_yet,
158383b38c63476f874cb9054ce3ac4c,0cf446817dbb,wnba,2026-27,2026-08-18T19:22:54+00:00,2026-08-19,Cotie McMahon,1643430,player_rebounds,,,,,,,3.67,"season RPG; L5 reb x0.45, minutes x1.06",2.231,"player-fitted (n=33, shrunk to league)",,,False,,,,PROJ,False,,,,no_game_in_window_yet,
a7bd741a57ad479d9ab41baa4ccd2df3,0cf446817dbb,wnba,2026-27,2026-08-18T19:22:54+00:00,2026-08-19,Cotie McMahon,1643430,player_assists,,,,,,,1.83,"season APG; L5 ast x0.45, minutes x1.06",1.375,"player-fitted (n=33, shrunk to league)",,,False,,,,PROJ,False,,,,no_game_in_window_yet,
7508845daa6540c1a3db2d5fa11f6043,0cf446817dbb,wnba,2026-27,2026-08-18T19:22:54+00:00,2026-08-19,Cotie McMahon,1643430,player_threes,,,,,,,0.51,"season fg3m history; L5 fg3m x0.45, minutes x1.06",0.92,"player-fitted (n=33, shrunk to league)",,,False,,,,PROJ,False,,,,no_game_in_window_yet,
6cac8432e6cd479d9ceeea84c5115747,0cf446817dbb,wnba,2026-27,2026-08-18T19:22:54+00:00,2026-08-19,Georgia Amoore,1642781,player_points,,,,,,,4.26,"season PPG; L5 pts x0.45 + source pts x0.35, minutes x1.08",4.617,"player-fitted (n=34, shrunk to league)",,,False,,,,PROJ,False,,,,no_game_in_window_yet,
eafb8982227740998fac7ddafaee5d33,0cf446817dbb,wnba,2026-27,2026-08-18T19:22:54+00:00,2026-08-19,Georgia Amoore,1642781,player_rebounds,,,,,,,0.95,"season RPG; L5 reb x0.45, minutes x1.08",1.376,"player-fitted (n=34, shrunk to league)",,,False,,,,PROJ,False,,,,no_game_in_window_yet,
fe46a17f08aa470d88b1c4a24f2f8ca2,0cf446817dbb,wnba,2026-27,2026-08-18T19:22:54+00:00,2026-08-19,Georgia Amoore,1642781,player_assists,,,,,,,3.19,"season APG; L5 ast x0.45, minutes x1.08",2.162,"player-fitted (n=34, shrunk to league)",,,False,,,,PROJ,False,,,,no_game_in_window_yet,
46b4da73c9a249c1b2e600cefcad63b2,0cf446817dbb,wnba,2026-27,2026-08-18T19:22:54+00:00,2026-08-19,Georgia Amoore,1642781,player_threes,,,,,,,0.75,"season fg3m history; L5 fg3m x0.45, minutes x1.08",1.162,"player-fitted (n=34, shrunk to league)",,,False,,,,PROJ,False,,,,no_game_in_window_yet,
2ee04f95b57841e89f00a34d517a7ae1,0cf446817dbb,wnba,2026-27,2026-08-18T19:22:54+00:00,2026-08-19,Kayla McBride,203825,player_points,over,14.5,106.0,-138.0,fanduel,,17.14,"season PPG; L5 pts x0.45 + source pts x0.35, minutes x0.89",7.301,"player-fitted (n=36, shrunk to league)",0.6412,0.4557,True,0.1855,,Review,REVIEW,False,,,,no_game_in_window_yet,
a844de5008d840158b382ff5db855636,0cf446817dbb,wnba,2026-27,2026-08-18T19:22:54+00:00,2026-08-19,Kayla McBride,203825,player_rebounds,,,,,,,2.3,"season RPG; L5 reb x0.45, minutes x0.89",2.215,"player-fitted (n=36, shrunk to league)",,,False,,,,PROJ,False,,,,no_game_in_window_yet,
25b7ee196384438d81be0f54e05b26dc,0cf446817dbb,wnba,2026-27,2026-08-18T19:22:54+00:00,2026-08-19,Kayla McBride,203825,player_assists,,,,,,,1.43,"season APG; L5 ast x0.45, minutes x0.89",1.456,"player-fitted (n=36, shrunk to league)",,,False,,,,PROJ,False,,,,no_game_in_window_yet,
3b7919e9ffc643a496aa8a348d8f5a83,0cf446817dbb,wnba,2026-27,2026-08-18T19:22:54+00:00,2026-08-19,Kayla McBride,203825,player_threes,over,2.5,-120.0,-110.0,fanduel,,3.2,"season fg3m history; L5 fg3m x0.45, minutes x0.89",1.752,"player-fitted (n=36, shrunk to league)",0.6553,0.5101,True,0.1451,,Strong,PLAY,False,,,,no_game_in_window_yet,
420f5600d03e499899359968cb2343d7,0cf446817dbb,wnba,2026-27,2026-08-18T19:22:54+00:00,2026-08-19,Olivia Miles,1643426,player_points,under,19.5,-121.0,-110.0,draftkings,,18.05,"season PPG; L5 pts x0.45 + source pts x0.35, minutes x0.83",7.347,"player-fitted (n=36, shrunk to league)",0.5782,0.5111,True,0.0672,,Standard,PLAY,False,,,,no_game_in_window_yet,
70f708b263bb46a696aa7fe6a57c9dc7,0cf446817dbb,wnba,2026-27,2026-08-18T19:22:54+00:00,2026-08-19,Olivia Miles,1643426,player_rebounds,under,4.5,114.0,-155.0,draftkings,,3.76,"season RPG; L5 reb x0.45, minutes x0.83",2.031,"player-fitted (n=36, shrunk to league)",0.6422,0.4346,True,0.2075,,Review,REVIEW,False,,,,no_game_in_window_yet,
d5b04c81e9dd443b91c607a599aa6e43,0cf446817dbb,wnba,2026-27,2026-08-18T19:22:54+00:00,2026-08-19,Olivia Miles,1643426,player_assists,under,6.5,-133.0,-102.0,draftkings,,5.8,"season APG; L5 ast x0.45, minutes x0.83",2.601,"player-fitted (n=36, shrunk to league)",0.6061,0.5306,True,0.0755,,Standard,PLAY,False,,,,no_game_in_window_yet,
0c5dfea863094a1bae0a93e24001ac09,0cf446817dbb,wnba,2026-27,2026-08-18T19:22:54+00:00,2026-08-19,Olivia Miles,1643426,player_threes,over,1.5,108.0,-144.0,fanduel,,1.84,"season fg3m history; L5 fg3m x0.45, minutes x0.83",1.727,"player-fitted (n=36, shrunk to league)",0.578,0.4489,True,0.1291,,Strong,PLAY,False,,,,no_game_in_window_yet,
e511866467b848dda279751f8aa25ac1,0cf446817dbb,wnba,2026-27,2026-08-18T19:22:54+00:00,2026-08-19,Courtney Williams,1627675,player_points,over,10.5,-102.0,-129.0,draftkings,,11.59,"season PPG; L5 pts x0.45 + source pts x0.35, minutes x0.91",6.185,"player-fitted (n=36, shrunk to league)",0.5699,0.4727,True,0.0973,,Strong,PLAY,False,,,,no_game_in_window_yet,
6cad10981e884cdda204e02fe8aaf9e0,0cf446817dbb,wnba,2026-27,2026-08-18T19:22:54+00:00,2026-08-19,Courtney Williams,1627675,player_rebounds,under,4.5,116.0,-158.0,fanduel,,4.26,"season RPG; L5 reb x0.45, minutes x0.91",2.59,"player-fitted (n=36, shrunk to league)",0.5369,0.4305,True,0.1064,,Strong,PLAY,False,,,,no_game_in_window_yet,
8b9d40124d20419fb01fa3e6ac0c2a41,0cf446817dbb,wnba,2026-27,2026-08-18T19:22:54+00:00,2026-08-19,Courtney Williams,1627675,player_assists,under,4.5,119.0,-162.0,draftkings,,3.64,"season APG; L5 ast x0.45, minutes x0.91",1.812,"player-fitted (n=36, shrunk to league)",0.6825,0.4248,True,0.2577,,Review,REVIEW,False,,,,no_game_in_window_yet,
32785094173a4590af0178281442ec60,0cf446817dbb,wnba,2026-27,2026-08-18T19:22:54+00:00,2026-08-19,Courtney Williams,1627675,player_threes,,,,,,,0.83,"season fg3m history; L5 fg3m x0.45, minutes x0.91",1.037,"player-fitted (n=36, shrunk to league)",,,False,,,,PROJ,False,,,,no_game_in_window_yet,
d5311da49eb040c88bfb6564cb45d37a,0cf446817dbb,wnba,2026-27,2026-08-18T19:22:54+00:00,2026-08-19,Napheesa Collier,1629483,player_points,under,17.5,-128.0,-103.0,draftkings,,17.3,"season PPG; L5 pts x0.45 + source pts x0.35, minutes x0.88",8.262,"player-fitted (n=30, shrunk to league)",0.5097,0.5253,True,-0.0156,,Pass,PASS,False,,,,no_game_in_window_yet,
b1e8a225ab5c4542abd3dbd62ba04aee,0cf446817dbb,wnba,2026-27,2026-08-18T19:22:54+00:00,2026-08-19,Napheesa Collier,1629483,player_rebounds,under,7.5,102.0,-139.0,draftkings,,6.43,"season RPG; L5 reb x0.45, minutes x0.88",3.242,"player-fitted (n=30, shrunk to league)",0.6293,0.4598,True,0.1695,,Review,REVIEW,False,,,,no_game_in_window_yet,
f9a80ffd2b1d47129ab494df32528fb0,0cf446817dbb,wnba,2026-27,2026-08-18T19:22:54+00:00,2026-08-19,Napheesa Collier,1629483,player_assists,over,2.5,-128.0,-104.0,fanduel,,2.8,"season APG; L5 ast x0.45, minutes x0.88",1.766,"player-fitted (n=30, shrunk to league)",0.5674,0.5241,True,0.0434,,Lean,PLAY,False,,,,no_game_in_window_yet,
0bd2f1daa048461b946574ab1c18ba7d,0cf446817dbb,wnba,2026-27,2026-08-18T19:22:54+00:00,2026-08-19,Napheesa Collier,1629483,player_threes,under,1.5,108.0,-148.0,draftkings,,1.16,"season fg3m history; L5 fg3m x0.45, minutes x0.88",1.183,"player-fitted (n=30, shrunk to league)",0.6131,0.4462,True,0.167,,Review,REVIEW,False,,,,no_game_in_window_yet,
d27ab4738aa6441389bd1389ad3f6165,0cf446817dbb,wnba,2026-27,2026-08-18T19:22:54+00:00,2026-08-19,Natasha Howard,203827,player_points,over,10.5,-123.0,-108.0,draftkings,,11.31,"season PPG; L5 pts x0.45 + source pts x0.35, minutes x0.80",5.538,"player-fitted (n=36, shrunk to league)",0.5581,0.5151,True,0.043,,Lean,PLAY,False,,,,no_game_in_window_yet,
aa42a05415744171a283d0bcc3566908,0cf446817dbb,wnba,2026-27,2026-08-18T19:22:54+00:00,2026-08-19,Natasha Howard,203827,player_rebounds,under,6.5,-114.0,-119.0,draftkings,,6.42,"season RPG; L5 reb x0.45, minutes x0.80",2.944,"player-fitted (n=36, shrunk to league)",0.5108,0.495,True,0.0158,,Pass,PASS,False,,,,no_game_in_window_yet,
ff2a816de98d48d7bedc8cc1e4780788,0cf446817dbb,wnba,2026-27,2026-08-18T19:22:54+00:00,2026-08-19,Natasha Howard,203827,player_assists,,,,,,,2.69,"season APG; L5 ast x0.45, minutes x0.80",1.643,"player-fitted (n=36, shrunk to league)",,,False,,,,PROJ,False,,,,no_game_in_window_yet,
27cb66d58ab74c398cefe0b5e8c1da92,0cf446817dbb,wnba,2026-27,2026-08-18T19:22:54+00:00,2026-08-19,Natasha Howard,203827,player_threes,,,,,,,0.11,"season fg3m history; L5 fg3m x0.45, minutes x0.80",0.519,"player-fitted (n=36, shrunk to league)",,,False,,,,PROJ,False,,,,no_game_in_window_yet,
42ed341122154cc8a905c930e54588cf,0cf446817dbb,wnba,2026-27,2026-08-18T19:22:54+00:00,2026-08-19,Maya Caldwell,1630471,player_points,,,,,,,2.63,season PPG; L5 pts x0.45 + source pts x0.35,3.897,"player-fitted (n=36, shrunk to league)",,,False,,,,PROJ,False,,,,no_game_in_window_yet,
bc8e239435984f46b7f8feb26921872b,0cf446817dbb,wnba,2026-27,2026-08-18T19:22:54+00:00,2026-08-19,Maya Caldwell,1630471,player_rebounds,,,,,,,1.75,season RPG; L5 reb x0.45,1.914,"player-fitted (n=36, shrunk to league)",,,False,,,,PROJ,False,,,,no_game_in_window_yet,
6c9a979973c049b2815336a9a10ddd14,0cf446817dbb,wnba,2026-27,2026-08-18T19:22:54+00:00,2026-08-19,Maya Caldwell,1630471,player_assists,,,,,,,0.88,season APG; L5 ast x0.45,1.179,"player-fitted (n=36, shrunk to league)",,,False,,,,PROJ,False,,,,no_game_in_window_yet,
4bb7270a282c478483e650259db601fb,0cf446817dbb,wnba,2026-27,2026-08-18T19:22:54+00:00,2026-08-19,Maya Caldwell,1630471,player_threes,,,,,,,0.47,season fg3m history; L5 fg3m x0.45,0.882,"player-fitted (n=36, shrunk to league)",,,False,,,,PROJ,False,,,,no_game_in_window_yet,
f18e835a6ce342088cb0f53312848c85,0cf446817dbb,wnba,2026-27,2026-08-18T19:22:54+00:00,2026-08-19,Veronica Burton,1631007,player_points,under,13.5,-103.0,-129.0,draftkings,,12.56,"season PPG; L5 pts x0.45 + source pts x0.35, minutes x0.96",5.606,"player-fitted (n=33, shrunk to league)",0.5666,0.4739,True,0.0927,,Strong,PLAY,False,,,,no_game_in_window_yet,
a653b94c9a5149f481feae14f9fb686f,0cf446817dbb,wnba,2026-27,2026-08-18T19:22:54+00:00,2026-08-19,Veronica Burton,1631007,player_rebounds,over,3.5,-138.0,101.0,draftkings,,3.57,"season RPG; L5 reb x0.45, minutes x0.96",1.984,"player-fitted (n=33, shrunk to league)",0.5141,0.5382,True,-0.0241,,Pass,PASS,False,,,,no_game_in_window_yet,
e181609ebce1446e99032aa127b6e3c8,0cf446817dbb,wnba,2026-27,2026-08-18T19:22:54+00:00,2026-08-19,Veronica Burton,1631007,player_assists,under,5.5,-161.0,118.0,draftkings,,5.4,"season APG; L5 ast x0.45, minutes x0.96",2.355,"player-fitted (n=33, shrunk to league)",0.5169,0.5735,True,-0.0566,,Pass,PASS,False,,,,no_game_in_window_yet,
2df76c281cea427189699fb9271e05e1,0cf446817dbb,wnba,2026-27,2026-08-18T19:22:54+00:00,2026-08-19,Veronica Burton,1631007,player_threes,over,1.5,118.0,-158.0,fanduel,,1.6,"season fg3m history; L5 fg3m x0.45, minutes x0.96",0.966,"player-fitted (n=33, shrunk to league)",0.5412,0.4283,True,0.1129,,Strong,PLAY,False,,,,no_game_in_window_yet,
288251e3c92c44bb9c5ba6593b84952a,0cf446817dbb,wnba,2026-27,2026-08-18T19:22:54+00:00,2026-08-19,Kayla Thornton,203866,player_points,over,8.5,-102.0,-130.0,draftkings,,9.7,"season PPG; L5 pts x0.45 + source pts x0.35, minutes x1.03",5.841,"player-fitted (n=33, shrunk to league)",0.5814,0.4718,True,0.1095,,Strong,PLAY,False,,,,no_game_in_window_yet,
600125fdf30d4d8fabf63663d9e19340,0cf446817dbb,wnba,2026-27,2026-08-18T19:22:54+00:00,2026-08-19,Kayla Thornton,203866,player_rebounds,under,5.5,114.0,-152.0,fanduel,,4.78,"season RPG; L5 reb x0.45, minutes x1.03",2.695,"player-fitted (n=33, shrunk to league)",0.6053,0.4365,True,0.1688,,Review,REVIEW,False,,,,no_game_in_window_yet,
1b03f28c35a34291a191c1dd1ffe448c,0cf446817dbb,wnba,2026-27,2026-08-18T19:22:54+00:00,2026-08-19,Kayla Thornton,203866,player_assists,,,,,,,0.92,"season APG; L5 ast x0.45, minutes x1.03",1.055,"player-fitted (n=33, shrunk to league)",,,False,,,,PROJ,False,,,,no_game_in_window_yet,
29389932172f49b48874ca228b225a3a,0cf446817dbb,wnba,2026-27,2026-08-18T19:22:54+00:00,2026-08-19,Kayla Thornton,203866,player_threes,over,1.5,102.0,-136.0,fanduel,,1.78,"season fg3m history; L5 fg3m x0.45, minutes x1.03",1.469,"player-fitted (n=33, shrunk to league)",0.5756,0.4621,True,0.1135,,Strong,PLAY,False,,,,no_game_in_window_yet,
c887c9d5de554895a1d0e92611125e05,0cf446817dbb,wnba,2026-27,2026-08-18T19:22:54+00:00,2026-08-19,Gabby Williams,1628931,player_points,under,13.5,-130.0,-102.0,draftkings,,13.39,season PPG; L5 pts x0.45 + source pts x0.35,6.79,"player-fitted (n=33, shrunk to league)",0.5065,0.5282,True,-0.0217,,Pass,PASS,False,,,,no_game_in_window_yet,
2fe9f1e37ba04544abf021c33eddb47a,0cf446817dbb,wnba,2026-27,2026-08-18T19:22:54+00:00,2026-08-19,Gabby Williams,1628931,player_rebounds,,,,,,,3.02,season RPG; L5 reb x0.45,2.194,"player-fitted (n=33, shrunk to league)",,,False,,,,PROJ,False,,,,no_game_in_window_yet,
2ed153b05b464bcfb08ffba853a5d199,0cf446817dbb,wnba,2026-27,2026-08-18T19:22:54+00:00,2026-08-19,Gabby Williams,1628931,player_assists,,,,,,,2.02,season APG; L5 ast x0.45,1.616,"player-fitted (n=33, shrunk to league)",,,False,,,,PROJ,False,,,,no_game_in_window_yet,
e2229516f72c4228ae9b0658b44c6206,0cf446817dbb,wnba,2026-27,2026-08-18T19:22:54+00:00,2026-08-19,Gabby Williams,1628931,player_threes,under,1.5,102.0,-136.0,fanduel,,1.3,season fg3m history; L5 fg3m x0.45,1.359,"player-fitted (n=33, shrunk to league)",0.5585,0.4621,True,0.0964,,Strong,PLAY,False,,,,no_game_in_window_yet,
f235e45f09df43c887c1e5f63f70bcda,0cf446817dbb,wnba,2026-27,2026-08-18T19:22:54+00:00,2026-08-19,Kiah Stokes,204329,player_points,,,,,,,3.84,"season PPG; L5 pts x0.45 + source pts x0.35, minutes x0.81",3.641,"player-fitted (n=32, shrunk to league)",,,False,,,,PROJ,False,,,,no_game_in_window_yet,
04d20dfa63684576890e7ed33a174e2e,0cf446817dbb,wnba,2026-27,2026-08-18T19:22:54+00:00,2026-08-19,Kiah Stokes,204329,player_rebounds,,,,,,,4.99,"season RPG; L5 reb x0.45, minutes x0.81",2.297,"player-fitted (n=32, shrunk to league)",,,False,,,,PROJ,False,,,,no_game_in_window_yet,
8770ae5c6fbe4c01b8ce9e9dcc4dcc15,0cf446817dbb,wnba,2026-27,2026-08-18T19:22:54+00:00,2026-08-19,Kiah Stokes,204329,player_assists,,,,,,,1.16,"season APG; L5 ast x0.45, minutes x0.81",1.217,"player-fitted (n=32, shrunk to league)",,,False,,,,PROJ,False,,,,no_game_in_window_yet,
90455b4813884caf80493cc2c0c7f39d,0cf446817dbb,wnba,2026-27,2026-08-18T19:22:54+00:00,2026-08-19,Kiah Stokes,204329,player_threes,,,,,,,0.47,"season fg3m history; L5 fg3m x0.45, minutes x0.81",0.784,"player-fitted (n=32, shrunk to league)",,,False,,,,PROJ,False,,,,no_game_in_window_yet,
5bd3f4c7f1594dcca9c68eb9af3d1af9,0cf446817dbb,wnba,2026-27,2026-08-18T19:22:54+00:00,2026-08-19,Janelle Salaun,1642767,player_points,,,,,,,10.86,"season PPG; L5 pts x0.45 + source pts x0.35, minutes x0.79",5.772,"player-fitted (n=32, shrunk to league)",,,False,,,,PROJ,False,,,,no_game_in_window_yet,
cf27dc5bdd9e4b59881dfc2f0cd3b1bd,0cf446817dbb,wnba,2026-27,2026-08-18T19:22:54+00:00,2026-08-19,Janelle Salaun,1642767,player_rebounds,,,,,,,2.49,"season RPG; L5 reb x0.45, minutes x0.79",1.945,"player-fitted (n=32, shrunk to league)",,,False,,,,PROJ,False,,,,no_game_in_window_yet,
9eb1df4bc74e4473a7ef39cc88ea8cdf,0cf446817dbb,wnba,2026-27,2026-08-18T19:22:54+00:00,2026-08-19,Janelle Salaun,1642767,player_assists,,,,,,,0.9,"season APG; L5 ast x0.45, minutes x0.79",1.141,"player-fitted (n=32, shrunk to league)",,,False,,,,PROJ,False,,,,no_game_in_window_yet,
7122e7ad6ee9456789636e1d763ea142,0cf446817dbb,wnba,2026-27,2026-08-18T19:22:54+00:00,2026-08-19,Janelle Salaun,1642767,player_threes,,,,,,,2.0,"season fg3m history; L5 fg3m x0.45, minutes x0.79",1.338,"player-fitted (n=32, shrunk to league)",,,False,,,,PROJ,False,,,,no_game_in_window_yet,
92831130c27e4682ab30ac44e033ac30,0cf446817dbb,wnba,2026-27,2026-08-18T19:22:54+00:00,2026-08-19,Cecilia Zandalasini,1628508,player_points,under,8.5,-126.0,-105.0,draftkings,,7.01,"season PPG; L5 pts x0.45 + source pts x0.35, minutes x0.81",5.342,"player-fitted (n=30, shrunk to league)",0.6099,0.5212,True,0.0887,,Strong,PLAY,False,,,,no_game_in_window_yet,
af50c7c86a044ecdb26d03d4684f1327,0cf446817dbb,wnba,2026-27,2026-08-18T19:22:54+00:00,2026-08-19,Cecilia Zandalasini,1628508,player_rebounds,,,,,,,2.12,"season RPG; L5 reb x0.45, minutes x0.81",1.702,"player-fitted (n=30, shrunk to league)",,,False,,,,PROJ,False,,,,no_game_in_window_yet,
5c5af173b93f49b8b37ac9954d0ea1a5,0cf446817dbb,wnba,2026-27,2026-08-18T19:22:54+00:00,2026-08-19,Cecilia Zandalasini,1628508,player_assists,,,,,,,1.69,"season APG; L5 ast x0.45, minutes x0.81",1.355,"player-fitted (n=30, shrunk to league)",,,False,,,,PROJ,False,,,,no_game_in_window_yet,
4212c82f0a3848608283cc3ff0b0b79e,0cf446817dbb,wnba,2026-27,2026-08-18T19:22:54+00:00,2026-08-19,Cecilia Zandalasini,1628508,player_threes,under,1.5,154.0,-213.0,draftkings,,1.3,"season fg3m history; L5 fg3m x0.45, minutes x0.81",1.336,"player-fitted (n=30, shrunk to league)",0.5595,0.3665,True,0.193,,Review,REVIEW,False,,,,no_game_in_window_yet,
4d1c19f142894fa59efcae636c197965,0cf446817dbb,wnba,2026-27,2026-08-18T19:22:54+00:00,2026-08-20,Kelsey Mitchell,1628909,player_points,,,,,,,23.97,"season PPG; L5 pts x0.45 + source pts x0.35, minutes x0.88",5.399,"player-fitted (n=34, shrunk to league)",,,False,,,,PROJ,False,,,,no_game_in_window_yet,
21068873926f4074b8da551278ad9de8,0cf446817dbb,wnba,2026-27,2026-08-18T19:22:54+00:00,2026-08-20,Kelsey Mitchell,1628909,player_rebounds,,,,,,,1.69,"season RPG; L5 reb x0.45, minutes x0.88",1.793,"player-fitted (n=34, shrunk to league)",,,False,,,,PROJ,False,,,,no_game_in_window_yet,
d00e50f8a5b64550bdd173ae1abfe4fa,0cf446817dbb,wnba,2026-27,2026-08-18T19:22:54+00:00,2026-08-20,Kelsey Mitchell,1628909,player_assists,,,,,,,2.41,"season APG; L5 ast x0.45, minutes x0.88",1.626,"player-fitted (n=34, shrunk to league)",,,False,,,,PROJ,False,,,,no_game_in_window_yet,
dfc50c867fc34ed48e69e8ead2b4d082,0cf446817dbb,wnba,2026-27,2026-08-18T19:22:54+00:00,2026-08-20,Kelsey Mitchell,1628909,player_threes,,,,,,,2.66,"season fg3m history; L5 fg3m x0.45, minutes x0.88",1.337,"player-fitted (n=34, shrunk to league)",,,False,,,,PROJ,False,,,,no_game_in_window_yet,
c34f8751c55a43eea6b8c994a9b1d0f1,0cf446817dbb,wnba,2026-27,2026-08-18T19:22:54+00:00,2026-08-20,Caitlin Clark,1642286,player_points,,,,,,,20.17,"season PPG; L5 pts x0.45 + source pts x0.35, minutes x0.85",9.073,"player-fitted (n=33, shrunk to league)",,,False,,,,PROJ,False,,,,no_game_in_window_yet,
69699df8b71b4f738fca520cb46113cd,0cf446817dbb,wnba,2026-27,2026-08-18T19:22:54+00:00,2026-08-20,Caitlin Clark,1642286,player_rebounds,,,,,,,2.98,"season RPG; L5 reb x0.45, minutes x0.85",2.337,"player-fitted (n=33, shrunk to league)",,,False,,,,PROJ,False,,,,no_game_in_window_yet,
a47ef98f9734479e9a222866ce93317a,0cf446817dbb,wnba,2026-27,2026-08-18T19:22:54+00:00,2026-08-20,Caitlin Clark,1642286,player_assists,,,,,,,7.66,"season APG; L5 ast x0.45, minutes x0.85",2.94,"player-fitted (n=33, shrunk to league)",,,False,,,,PROJ,False,,,,no_game_in_window_yet,
899c0f7cf5134629862f14ca751cd34d,0cf446817dbb,wnba,2026-27,2026-08-18T19:22:54+00:00,2026-08-20,Caitlin Clark,1642286,player_threes,,,,,,,2.3,"season fg3m history; L5 fg3m x0.45, minutes x0.85",1.63,"player-fitted (n=33, shrunk to league)",,,False,,,,PROJ,False,,,,no_game_in_window_yet,
3781b15dc4774614813b3b4613c1674f,0cf446817dbb,wnba,2026-27,2026-08-18T19:22:54+00:00,2026-08-20,Aliyah Boston,1641648,player_points,,,,,,,15.28,"season PPG; L5 pts x0.45 + source pts x0.35, minutes x0.89",6.582,"player-fitted (n=33, shrunk to league)",,,False,,,,PROJ,False,,,,no_game_in_window_yet,
917a576615454668a3ecfd990bcf5946,0cf446817dbb,wnba,2026-27,2026-08-18T19:22:54+00:00,2026-08-20,Aliyah Boston,1641648,player_rebounds,,,,,,,8.01,"season RPG; L5 reb x0.45, minutes x0.89",3.125,"player-fitted (n=33, shrunk to league)",,,False,,,,PROJ,False,,,,no_game_in_window_yet,
f1b13bfb73b04c7b983503272190294a,0cf446817dbb,wnba,2026-27,2026-08-18T19:22:54+00:00,2026-08-20,Aliyah Boston,1641648,player_assists,,,,,,,2.83,"season APG; L5 ast x0.45, minutes x0.89",1.814,"player-fitted (n=33, shrunk to league)",,,False,,,,PROJ,False,,,,no_game_in_window_yet,
fd8a15d551294caaa52de58080a6b24c,0cf446817dbb,wnba,2026-27,2026-08-18T19:22:54+00:00,2026-08-20,Aliyah Boston,1641648,player_threes,,,,,,,1.13,"season fg3m history; L5 fg3m x0.45, minutes x0.89",0.995,"player-fitted (n=33, shrunk to league)",,,False,,,,PROJ,False,,,,no_game_in_window_yet,
018b6224f4774282b22561fb998dba02,0cf446817dbb,wnba,2026-27,2026-08-18T19:22:54+00:00,2026-08-20,Makayla Timpson,1642815,player_points,,,,,,,4.96,"season PPG; L5 pts x0.45 + source pts x0.35, minutes x0.93",4.279,"player-fitted (n=34, shrunk to league)",,,False,,,,PROJ,False,,,,no_game_in_window_yet,
2e24816f3a6949f294f22932707dbe3a,0cf446817dbb,wnba,2026-27,2026-08-18T19:22:54+00:00,2026-08-20,Makayla Timpson,1642815,player_rebounds,,,,,,,4.7,"season RPG; L5 reb x0.45, minutes x0.93",2.475,"player-fitted (n=34, shrunk to league)",,,False,,,,PROJ,False,,,,no_game_in_window_yet,
0a7ae688c8d9419b8f2e6f7468fced43,0cf446817dbb,wnba,2026-27,2026-08-18T19:22:54+00:00,2026-08-20,Makayla Timpson,1642815,player_assists,,,,,,,0.59,"season APG; L5 ast x0.45, minutes x0.93",1.025,"player-fitted (n=34, shrunk to league)",,,False,,,,PROJ,False,,,,no_game_in_window_yet,
fffa079335a24b11bdb677636dd54654,0cf446817dbb,wnba,2026-27,2026-08-18T19:22:54+00:00,2026-08-20,Makayla Timpson,1642815,player_threes,,,,,,,0.0,"season fg3m history; L5 fg3m x0.45, minutes x0.93",0.466,"player-fitted (n=34, shrunk to league)",,,False,,,,PROJ,False,,,,no_game_in_window_yet,
8bdc671f96cf4da6a61da6bf9694f87a,0cf446817dbb,wnba,2026-27,2026-08-18T19:22:54+00:00,2026-08-20,Sophie Cunningham,1629482,player_points,,,,,,,6.89,season PPG; L5 pts x0.45 + source pts x0.35,5.572,"player-fitted (n=34, shrunk to league)",,,False,,,,PROJ,False,,,,no_game_in_window_yet,
59253c23e9634a11bbb36284385d92a5,0cf446817dbb,wnba,2026-27,2026-08-18T19:22:54+00:00,2026-08-20,Sophie Cunningham,1629482,player_rebounds,,,,,,,1.93,season RPG; L5 reb x0.45,1.893,"player-fitted (n=34, shrunk to league)",,,False,,,,PROJ,False,,,,no_game_in_window_yet,
30b2317cdbec443a8add6125bb8bf57b,0cf446817dbb,wnba,2026-27,2026-08-18T19:22:54+00:00,2026-08-20,Sophie Cunningham,1629482,player_assists,,,,,,,0.84,season APG; L5 ast x0.45,1.235,"player-fitted (n=34, shrunk to league)",,,False,,,,PROJ,False,,,,no_game_in_window_yet,
c78a7ce6725549e7ab64144369daaf76,0cf446817dbb,wnba,2026-27,2026-08-18T19:22:54+00:00,2026-08-20,Sophie Cunningham,1629482,player_threes,,,,,,,1.46,season fg3m history; L5 fg3m x0.45,1.469,"player-fitted (n=34, shrunk to league)",,,False,,,,PROJ,False,,,,no_game_in_window_yet,
1f60016e21594d90a93ed482a5f56ae0,0cf446817dbb,wnba,2026-27,2026-08-18T19:22:54+00:00,2026-08-20,Monique Billings,1628881,player_points,,,,,,,7.55,"season PPG; L5 pts x0.45 + source pts x0.35, minutes x1.04",5.096,"player-fitted (n=34, shrunk to league)",,,False,,,,PROJ,False,,,,no_game_in_window_yet,
3b55b09161fb44a5b765882f29ad667b,0cf446817dbb,wnba,2026-27,2026-08-18T19:22:54+00:00,2026-08-20,Monique Billings,1628881,player_rebounds,,,,,,,4.55,"season RPG; L5 reb x0.45, minutes x1.04",2.811,"player-fitted (n=34, shrunk to league)",,,False,,,,PROJ,False,,,,no_game_in_window_yet,
64120f043a9b453a8d0bec2c2e6017fb,0cf446817dbb,wnba,2026-27,2026-08-18T19:22:54+00:00,2026-08-20,Monique Billings,1628881,player_assists,,,,,,,1.09,"season APG; L5 ast x0.45, minutes x1.04",1.135,"player-fitted (n=34, shrunk to league)",,,False,,,,PROJ,False,,,,no_game_in_window_yet,
97282b3f125f449496490a4c21593a5d,0cf446817dbb,wnba,2026-27,2026-08-18T19:22:54+00:00,2026-08-20,Monique Billings,1628881,player_threes,,,,,,,0.08,"season fg3m history; L5 fg3m x0.45, minutes x1.04",0.563,"player-fitted (n=34, shrunk to league)",,,False,,,,PROJ,False,,,,no_game_in_window_yet,
fe3bfd9f612845a3a25fab2e2387e5dd,0cf446817dbb,wnba,2026-27,2026-08-18T19:22:54+00:00,2026-08-20,Azzi Fudd,1643425,player_points,,,,,,,12.13,"season PPG; L5 pts x0.45 + source pts x0.35, minutes x1.25",6.272,"player-fitted (n=32, shrunk to league)",,,False,,,,PROJ,False,,,,no_game_in_window_yet,
a3ee49a34ba3473a8e70604f9f66b6a5,0cf446817dbb,wnba,2026-27,2026-08-18T19:22:54+00:00,2026-08-20,Azzi Fudd,1643425,player_rebounds,,,,,,,1.62,"season RPG; L5 reb x0.45, minutes x1.25",1.643,"player-fitted (n=32, shrunk to league)",,,False,,,,PROJ,False,,,,no_game_in_window_yet,
7012d77f4be64e19ab4eb23b082a11f3,0cf446817dbb,wnba,2026-27,2026-08-18T19:22:54+00:00,2026-08-20,Azzi Fudd,1643425,player_assists,,,,,,,1.69,"season APG; L5 ast x0.45, minutes x1.25",1.389,"player-fitted (n=32, shrunk to league)",,,False,,,,PROJ,False,,,,no_game_in_window_yet,
c4950d8a16dc425280440741d868815d,0cf446817dbb,wnba,2026-27,2026-08-18T19:22:54+00:00,2026-08-20,Azzi Fudd,1643425,player_threes,,,,,,,2.12,"season fg3m history; L5 fg3m x0.45, minutes x1.25",1.408,"player-fitted (n=32, shrunk to league)",,,False,,,,PROJ,False,,,,no_game_in_window_yet,
52b659d8924e4c47a14abaac459cd2b4,0cf446817dbb,wnba,2026-27,2026-08-18T19:22:54+00:00,2026-08-20,Paige Bueckers,1642784,player_points,,,,,,,18.48,"season PPG; L5 pts x0.45 + source pts x0.35, minutes x0.87",6.893,"player-fitted (n=34, shrunk to league)",,,False,,,,PROJ,False,,,,no_game_in_window_yet,
5efb048efdf546c381d77fdb99188529,0cf446817dbb,wnba,2026-27,2026-08-18T19:22:54+00:00,2026-08-20,Paige Bueckers,1642784,player_rebounds,,,,,,,3.44,"season RPG; L5 reb x0.45, minutes x0.87",2.086,"player-fitted (n=34, shrunk to league)",,,False,,,,PROJ,False,,,,no_game_in_window_yet,
376cfe30f2984ea58e4c7ed482106d33,0cf446817dbb,wnba,2026-27,2026-08-18T19:22:54+00:00,2026-08-20,Paige Bueckers,1642784,player_assists,,,,,,,4.87,"season APG; L5 ast x0.45, minutes x0.87",2.543,"player-fitted (n=34, shrunk to league)",,,False,,,,PROJ,False,,,,no_game_in_window_yet,
919b8917b2e24416b1495f5a6ae43434,0cf446817dbb,wnba,2026-27,2026-08-18T19:22:54+00:00,2026-08-20,Paige Bueckers,1642784,player_threes,,,,,,,1.52,"season fg3m history; L5 fg3m x0.45, minutes x0.87",1.016,"player-fitted (n=34, shrunk to league)",,,False,,,,PROJ,False,,,,no_game_in_window_yet,
6f2a871ec7824a61a6359129cd104381,0cf446817dbb,wnba,2026-27,2026-08-18T19:22:54+00:00,2026-08-20,Arike Ogunbowale,1629481,player_points,,,,,,,12.66,"season PPG; L5 pts x0.45 + source pts x0.35, minutes x0.87",7.711,"player-fitted (n=35, shrunk to league)",,,False,,,,PROJ,False,,,,no_game_in_window_yet,
a20df28d1f5f4097af190b5abce89420,0cf446817dbb,wnba,2026-27,2026-08-18T19:22:54+00:00,2026-08-20,Arike Ogunbowale,1629481,player_rebounds,,,,,,,2.67,"season RPG; L5 reb x0.45, minutes x0.87",1.997,"player-fitted (n=35, shrunk to league)",,,False,,,,PROJ,False,,,,no_game_in_window_yet,
f091f81d72084ade88be1bc510df0c1e,0cf446817dbb,wnba,2026-27,2026-08-18T19:22:54+00:00,2026-08-20,Arike Ogunbowale,1629481,player_assists,,,,,,,2.75,"season APG; L5 ast x0.45, minutes x0.87",2.075,"player-fitted (n=35, shrunk to league)",,,False,,,,PROJ,False,,,,no_game_in_window_yet,
752de0de8ff04470a22885c62ccda8f4,0cf446817dbb,wnba,2026-27,2026-08-18T19:22:54+00:00,2026-08-20,Arike Ogunbowale,1629481,player_threes,,,,,,,1.14,"season fg3m history; L5 fg3m x0.45, minutes x0.87",1.511,"player-fitted (n=35, shrunk to league)",,,False,,,,PROJ,False,,,,no_game_in_window_yet,
7f956b8e5a4c43e3b1705785839bfbad,0cf446817dbb,wnba,2026-27,2026-08-18T19:22:54+00:00,2026-08-20,Jessica Shepard,1629491,player_points,,,,,,,13.62,"season PPG; L5 pts x0.45 + source pts x0.35, minutes x1.25",5.759,"player-fitted (n=34, shrunk to league)",,,False,,,,PROJ,False,,,,no_game_in_window_yet,
8c8ad7b56bfb41f197100f418e9f4a95,0cf446817dbb,wnba,2026-27,2026-08-18T19:22:54+00:00,2026-08-20,Jessica Shepard,1629491,player_rebounds,,,,,,,11.33,"season RPG; L5 reb x0.45, minutes x1.25",4.052,"player-fitted (n=34, shrunk to league)",,,False,,,,PROJ,False,,,,no_game_in_window_yet,
efa343d9588b4792987a26307612fc4e,0cf446817dbb,wnba,2026-27,2026-08-18T19:22:54+00:00,2026-08-20,Jessica Shepard,1629491,player_assists,,,,,,,4.81,"season APG; L5 ast x0.45, minutes x1.25",2.9,"player-fitted (n=34, shrunk to league)",,,False,,,,PROJ,False,,,,no_game_in_window_yet,
64c3f3ddd20644f9bd35981fd191633b,0cf446817dbb,wnba,2026-27,2026-08-18T19:22:54+00:00,2026-08-20,Jessica Shepard,1629491,player_threes,,,,,,,0.0,"season fg3m history; L5 fg3m x0.45, minutes x1.25",0.466,"player-fitted (n=34, shrunk to league)",,,False,,,,PROJ,False,,,,no_game_in_window_yet,
99bcc239ca774ef98cac178d4f6f8178,0cf446817dbb,wnba,2026-27,2026-08-18T19:22:54+00:00,2026-08-20,Alanna Smith,1629501,player_points,,,,,,,6.67,"season PPG; L5 pts x0.45, minutes x0.75",5.038,"player-fitted (n=30, shrunk to league)",,,False,,,,PROJ,False,,,,no_game_in_window_yet,
5325761844624aeab0c769fda354ebb5,0cf446817dbb,wnba,2026-27,2026-08-18T19:22:54+00:00,2026-08-20,Alanna Smith,1629501,player_rebounds,,,,,,,4.55,"season RPG; L5 reb x0.45, minutes x0.75",2.821,"player-fitted (n=30, shrunk to league)",,,False,,,,PROJ,False,,,,no_game_in_window_yet,
aa4a5a7287e6491ab4d425607acdfc6d,0cf446817dbb,wnba,2026-27,2026-08-18T19:22:54+00:00,2026-08-20,Alanna Smith,1629501,player_assists,,,,,,,0.93,"season APG; L5 ast x0.45, minutes x0.75",1.429,"player-fitted (n=30, shrunk to league)",,,False,,,,PROJ,False,,,,no_game_in_window_yet,
72aa1acd798d434b84ea647e7370ddb1,0cf446817dbb,wnba,2026-27,2026-08-18T19:22:54+00:00,2026-08-20,Alanna Smith,1629501,player_threes,,,,,,,0.69,"season fg3m history; L5 fg3m x0.45, minutes x0.75",0.798,"player-fitted (n=30, shrunk to league)",,,False,,,,PROJ,False,,,,no_game_in_window_yet,
3a231a8e202b45878e3a08241b6be710,0cf446817dbb,wnba,2026-27,2026-08-18T19:22:54+00:00,2026-08-20,Odyssey Sims,203824,player_points,,,,,,,5.38,"season PPG; L5 pts x0.45 + source pts x0.35, minutes x0.75",5.505,"player-fitted (n=29, shrunk to league)",,,False,,,,PROJ,False,,,,no_game_in_window_yet,
bf9a2d3766574880b749880142ab2026,0cf446817dbb,wnba,2026-27,2026-08-18T19:22:54+00:00,2026-08-20,Odyssey Sims,203824,player_rebounds,,,,,,,1.2,"season RPG; L5 reb x0.45, minutes x0.75",1.397,"player-fitted (n=29, shrunk to league)",,,False,,,,PROJ,False,,,,no_game_in_window_yet,
f9223dd13347484a8129b5bd4954a1bb,0cf446817dbb,wnba,2026-27,2026-08-18T19:22:54+00:00,2026-08-20,Odyssey Sims,203824,player_assists,,,,,,,1.92,"season APG; L5 ast x0.45, minutes x0.75",1.774,"player-fitted (n=29, shrunk to league)",,,False,,,,PROJ,False,,,,no_game_in_window_yet,
ce5afcf8420d480fbc7d16dc07ce83f3,0cf446817dbb,wnba,2026-27,2026-08-18T19:22:54+00:00,2026-08-20,Odyssey Sims,203824,player_threes,,,,,,,0.62,"season fg3m history; L5 fg3m x0.45, minutes x0.75",0.867,"player-fitted (n=29, shrunk to league)",,,False,,,,PROJ,False,,,,no_game_in_window_yet,
731d661a028f4fe2aeea2c9d39c5e36f,0cf446817dbb,wnba,2026-27,2026-08-18T19:22:54+00:00,2026-08-20,Leila Lacan,1642303,player_points,,,,,,,10.33,"season PPG; L5 pts x0.45 + source pts x0.35, minutes x0.97",5.322,"player-fitted (n=24, shrunk to league)",,,False,,,,PROJ,False,,,,no_game_in_window_yet,
fc2b12ee116946f6b1d0f1738722f669,0cf446817dbb,wnba,2026-27,2026-08-18T19:22:54+00:00,2026-08-20,Leila Lacan,1642303,player_rebounds,,,,,,,2.19,"season RPG; L5 reb x0.45, minutes x0.97",1.759,"player-fitted (n=24, shrunk to league)",,,False,,,,PROJ,False,,,,no_game_in_window_yet,
377f2c02cb0441e09a560a6eb5c0a6bd,0cf446817dbb,wnba,2026-27,2026-08-18T19:22:54+00:00,2026-08-20,Leila Lacan,1642303,player_assists,,,,,,,4.31,"season APG; L5 ast x0.45, minutes x0.97",1.657,"player-fitted (n=24, shrunk to league)",,,False,,,,PROJ,False,,,,no_game_in_window_yet,
124e981d51fd4025b58edc7de99be383,0cf446817dbb,wnba,2026-27,2026-08-18T19:22:54+00:00,2026-08-20,Leila Lacan,1642303,player_threes,,,,,,,1.01,"season fg3m history; L5 fg3m x0.45, minutes x0.97",0.94,"player-fitted (n=24, shrunk to league)",,,False,,,,PROJ,False,,,,no_game_in_window_yet,
082732aeff6045f0a1a26b4d08d52549,0cf446817dbb,wnba,2026-27,2026-08-18T19:22:54+00:00,2026-08-20,Diamond Miller,1641649,player_points,,,,,,,10.49,"season PPG; L5 pts x0.45 + source pts x0.35, minutes x0.97",5.004,"player-fitted (n=33, shrunk to league)",,,False,,,,PROJ,False,,,,no_game_in_window_yet,
03e76c4dd7814de694aa74db30b76e2b,0cf446817dbb,wnba,2026-27,2026-08-18T19:22:54+00:00,2026-08-20,Diamond Miller,1641649,player_rebounds,,,,,,,3.04,"season RPG; L5 reb x0.45, minutes x0.97",1.884,"player-fitted (n=33, shrunk to league)",,,False,,,,PROJ,False,,,,no_game_in_window_yet,
49252dbb2a1549aa926b8d8c12f2ea63,0cf446817dbb,wnba,2026-27,2026-08-18T19:22:54+00:00,2026-08-20,Diamond Miller,1641649,player_assists,,,,,,,1.62,"season APG; L5 ast x0.45, minutes x0.97",1.334,"player-fitted (n=33, shrunk to league)",,,False,,,,PROJ,False,,,,no_game_in_window_yet,
4f4b47c0957d4d0588bda2c9762bb2a2,0cf446817dbb,wnba,2026-27,2026-08-18T19:22:54+00:00,2026-08-20,Diamond Miller,1641649,player_threes,,,,,,,1.38,"season fg3m history; L5 fg3m x0.45, minutes x0.97",1.079,"player-fitted (n=33, shrunk to league)",,,False,,,,PROJ,False,,,,no_game_in_window_yet,
9b8ae6f5c2df437481451ce5bfea1438,0cf446817dbb,wnba,2026-27,2026-08-18T19:22:54+00:00,2026-08-20,Charlisse Leger-Walker,1643449,player_points,,,,,,,6.04,"season PPG; L5 pts x0.45 + source pts x0.35, minutes x0.91",4.55,"player-fitted (n=33, shrunk to league)",,,False,,,,PROJ,False,,,,no_game_in_window_yet,
d358c44ec2f04c1db56112e5b6fc86f4,0cf446817dbb,wnba,2026-27,2026-08-18T19:22:54+00:00,2026-08-20,Charlisse Leger-Walker,1643449,player_rebounds,,,,,,,1.63,"season RPG; L5 reb x0.45, minutes x0.91",1.759,"player-fitted (n=33, shrunk to league)",,,False,,,,PROJ,False,,,,no_game_in_window_yet,
c2555fe7218049cb82903192b1641c84,0cf446817dbb,wnba,2026-27,2026-08-18T19:22:54+00:00,2026-08-20,Charlisse Leger-Walker,1643449,player_assists,,,,,,,2.86,"season APG; L5 ast x0.45, minutes x0.91",1.788,"player-fitted (n=33, shrunk to league)",,,False,,,,PROJ,False,,,,no_game_in_window_yet,
b4ee386ff5074a11a701887a7c54fceb,0cf446817dbb,wnba,2026-27,2026-08-18T19:22:54+00:00,2026-08-20,Charlisse Leger-Walker,1643449,player_threes,,,,,,,1.25,"season fg3m history; L5 fg3m x0.45, minutes x0.91",1.019,"player-fitted (n=33, shrunk to league)",,,False,,,,PROJ,False,,,,no_game_in_window_yet,
2d89e5fb067f49b78b0259e1a941a9a1,0cf446817dbb,wnba,2026-27,2026-08-18T19:22:54+00:00,2026-08-20,Olivia Nelson-Ododa,1631135,player_points,,,,,,,10.42,season PPG; L5 pts x0.45 + source pts x0.35,5.472,"player-fitted (n=32, shrunk to league)",,,False,,,,PROJ,False,,,,no_game_in_window_yet,
2a513f549f9d4bfcbaf0750a4a50ccfb,0cf446817dbb,wnba,2026-27,2026-08-18T19:22:54+00:00,2026-08-20,Olivia Nelson-Ododa,1631135,player_rebounds,,,,,,,6.96,season RPG; L5 reb x0.45,3.81,"player-fitted (n=32, shrunk to league)",,,False,,,,PROJ,False,,,,no_game_in_window_yet,
b9d3648992914f90a45b6bf53a2d9c15,0cf446817dbb,wnba,2026-27,2026-08-18T19:22:54+00:00,2026-08-20,Olivia Nelson-Ododa,1631135,player_assists,,,,,,,1.21,season APG; L5 ast x0.45,1.47,"player-fitted (n=32, shrunk to league)",,,False,,,,PROJ,False,,,,no_game_in_window_yet,
7cb3c6b450f044b0a19de27440dc9a54,0cf446817dbb,wnba,2026-27,2026-08-18T19:22:54+00:00,2026-08-20,Olivia Nelson-Ododa,1631135,player_threes,,,,,,,0.0,season fg3m history; L5 fg3m x0.45,0.478,"player-fitted (n=32, shrunk to league)",,,False,,,,PROJ,False,,,,no_game_in_window_yet,
d5be522e01184cdbab8bfe65dcd9f7bf,0cf446817dbb,wnba,2026-27,2026-08-18T19:22:54+00:00,2026-08-20,Brittney Griner,203398,player_points,,,,,,,11.34,"season PPG; L5 pts x0.45 + source pts x0.35, minutes x1.25",7.435,"player-fitted (n=32, shrunk to league)",,,False,,,,PROJ,False,,,,no_game_in_window_yet,
e71c8555ec254815898155f4d72bf0b6,0cf446817dbb,wnba,2026-27,2026-08-18T19:22:54+00:00,2026-08-20,Brittney Griner,203398,player_rebounds,,,,,,,5.67,"season RPG; L5 reb x0.45, minutes x1.25",3.282,"player-fitted (n=32, shrunk to league)",,,False,,,,PROJ,False,,,,no_game_in_window_yet,
7502450415d54889999cb069e63ea7a5,0cf446817dbb,wnba,2026-27,2026-08-18T19:22:54+00:00,2026-08-20,Brittney Griner,203398,player_assists,,,,,,,2.17,"season APG; L5 ast x0.45, minutes x1.25",1.77,"player-fitted (n=32, shrunk to league)",,,False,,,,PROJ,False,,,,no_game_in_window_yet,
7765f27043f94b6d86981dc0efced956,0cf446817dbb,wnba,2026-27,2026-08-18T19:22:54+00:00,2026-08-20,Brittney Griner,203398,player_threes,,,,,,,0.13,"season fg3m history; L5 fg3m x0.45, minutes x1.25",0.502,"player-fitted (n=32, shrunk to league)",,,False,,,,PROJ,False,,,,no_game_in_window_yet,
8ab1fc595dff43fd97c954c092bc258d,0cf446817dbb,wnba,2026-27,2026-08-18T19:22:54+00:00,2026-08-20,Kennedy Burke,1629568,player_points,,,,,,,8.09,"season PPG; L5 pts x0.45 + source pts x0.35, minutes x0.91",5.163,"player-fitted (n=33, shrunk to league)",,,False,,,,PROJ,False,,,,no_game_in_window_yet,
ac04e2dc023040ef864d2d31aad3e138,0cf446817dbb,wnba,2026-27,2026-08-18T19:22:54+00:00,2026-08-20,Kennedy Burke,1629568,player_rebounds,,,,,,,2.67,"season RPG; L5 reb x0.45, minutes x0.91",2.081,"player-fitted (n=33, shrunk to league)",,,False,,,,PROJ,False,,,,no_game_in_window_yet,
268e15076d2a4e2199d6a8887e37ac1b,0cf446817dbb,wnba,2026-27,2026-08-18T19:22:54+00:00,2026-08-20,Kennedy Burke,1629568,player_assists,,,,,,,1.03,"season APG; L5 ast x0.45, minutes x0.91",1.452,"player-fitted (n=33, shrunk to league)",,,False,,,,PROJ,False,,,,no_game_in_window_yet,
5e5741304bb04fbea33d535f8431af08,0cf446817dbb,wnba,2026-27,2026-08-18T19:22:54+00:00,2026-08-20,Kennedy Burke,1629568,player_threes,,,,,,,1.17,"season fg3m history; L5 fg3m x0.45, minutes x0.91",1.072,"player-fitted (n=33, shrunk to league)",,,False,,,,PROJ,False,,,,no_game_in_window_yet,
82f6d6299ef3463993223cbfecd5e794,0cf446817dbb,wnba,2026-27,2026-08-18T19:22:54+00:00,2026-08-20,Chelsea Gray,203833,player_points,,,,,,,10.56,"season PPG; L5 pts x0.45 + source pts x0.35, minutes x0.87",5.85,"player-fitted (n=35, shrunk to league)",,,False,,,,PROJ,False,,,,no_game_in_window_yet,
d99f529d4c8a46e48de4ad7b72393ed6,0cf446817dbb,wnba,2026-27,2026-08-18T19:22:54+00:00,2026-08-20,Chelsea Gray,203833,player_rebounds,,,,,,,2.55,"season RPG; L5 reb x0.45, minutes x0.87",1.842,"player-fitted (n=35, shrunk to league)",,,False,,,,PROJ,False,,,,no_game_in_window_yet,
fd67062a20b74f63988df3dfd4aa9077,0cf446817dbb,wnba,2026-27,2026-08-18T19:22:54+00:00,2026-08-20,Chelsea Gray,203833,player_assists,,,,,,,5.92,"season APG; L5 ast x0.45, minutes x0.87",1.898,"player-fitted (n=35, shrunk to league)",,,False,,,,PROJ,False,,,,no_game_in_window_yet,
6f34ae8dbfd443509887d3e3dea525cc,0cf446817dbb,wnba,2026-27,2026-08-18T19:22:54+00:00,2026-08-20,Chelsea Gray,203833,player_threes,,,,,,,1.52,"season fg3m history; L5 fg3m x0.45, minutes x0.87",1.794,"player-fitted (n=35, shrunk to league)",,,False,,,,PROJ,False,,,,no_game_in_window_yet,
9831f08622104f3ea23ca516cc142d6d,0cf446817dbb,wnba,2026-27,2026-08-18T19:22:54+00:00,2026-08-20,Jackie Young,1629498,player_points,,,,,,,18.81,"season PPG; L5 pts x0.45 + source pts x0.35, minutes x0.89",7.393,"player-fitted (n=35, shrunk to league)",,,False,,,,PROJ,False,,,,no_game_in_window_yet,
0c57665db2b54c638ef6c88d05b742aa,0cf446817dbb,wnba,2026-27,2026-08-18T19:22:54+00:00,2026-08-20,Jackie Young,1629498,player_rebounds,,,,,,,3.27,"season RPG; L5 reb x0.45, minutes x0.89",2.53,"player-fitted (n=35, shrunk to league)",,,False,,,,PROJ,False,,,,no_game_in_window_yet,
7109ef5def6641aeb1d0482eb7794b71,0cf446817dbb,wnba,2026-27,2026-08-18T19:22:54+00:00,2026-08-20,Jackie Young,1629498,player_assists,,,,,,,5.84,"season APG; L5 ast x0.45, minutes x0.89",2.504,"player-fitted (n=35, shrunk to league)",,,False,,,,PROJ,False,,,,no_game_in_window_yet,
8020e8be25de44eab1327ed3179683a5,0cf446817dbb,wnba,2026-27,2026-08-18T19:22:54+00:00,2026-08-20,Jackie Young,1629498,player_threes,,,,,,,2.37,"season fg3m history; L5 fg3m x0.45, minutes x0.89",1.534,"player-fitted (n=35, shrunk to league)",,,False,,,,PROJ,False,,,,no_game_in_window_yet,
ccf0cb460da640668078ac074ed43ddc,0cf446817dbb,wnba,2026-27,2026-08-18T19:22:54+00:00,2026-08-20,A'ja Wilson,1628932,player_points,,,,,,,22.28,"season PPG; L5 pts x0.45 + source pts x0.35, minutes x0.87",6.76,"player-fitted (n=33, shrunk to league)",,,False,,,,PROJ,False,,,,no_game_in_window_yet,
8e30c918b6b04ae4849c64fdd3c8f75f,0cf446817dbb,wnba,2026-27,2026-08-18T19:22:54+00:00,2026-08-20,A'ja Wilson,1628932,player_rebounds,,,,,,,8.24,"season RPG; L5 reb x0.45, minutes x0.87",3.454,"player-fitted (n=33, shrunk to league)",,,False,,,,PROJ,False,,,,no_game_in_window_yet,
149c3af154644c69bcbb3c6ff9777355,0cf446817dbb,wnba,2026-27,2026-08-18T19:22:54+00:00,2026-08-20,A'ja Wilson,1628932,player_assists,,,,,,,2.33,"season APG; L5 ast x0.45, minutes x0.87",1.736,"player-fitted (n=33, shrunk to league)",,,False,,,,PROJ,False,,,,no_game_in_window_yet,
e3b183b451db42aebb25a32019596732,0cf446817dbb,wnba,2026-27,2026-08-18T19:22:54+00:00,2026-08-20,A'ja Wilson,1628932,player_threes,,,,,,,0.79,"season fg3m history; L5 fg3m x0.45, minutes x0.87",0.891,"player-fitted (n=33, shrunk to league)",,,False,,,,PROJ,False,,,,no_game_in_window_yet,
4b08ee889b004fbe9bf3fb9d214e3836,0cf446817dbb,wnba,2026-27,2026-08-18T19:22:54+00:00,2026-08-20,Jewell Loyd,204319,player_points,,,,,,,8.13,season PPG; L5 pts x0.45 + source pts x0.35,4.731,"player-fitted (n=34, shrunk to league)",,,False,,,,PROJ,False,,,,no_game_in_window_yet,
6e6c9801455f4a149985411b351b66a6,0cf446817dbb,wnba,2026-27,2026-08-18T19:22:54+00:00,2026-08-20,Jewell Loyd,204319,player_rebounds,,,,,,,1.98,season RPG; L5 reb x0.45,1.688,"player-fitted (n=34, shrunk to league)",,,False,,,,PROJ,False,,,,no_game_in_window_yet,
1d1c3c29c02e4d27927bca00b4797820,0cf446817dbb,wnba,2026-27,2026-08-18T19:22:54+00:00,2026-08-20,Jewell Loyd,204319,player_assists,,,,,,,1.49,season APG; L5 ast x0.45,1.23,"player-fitted (n=34, shrunk to league)",,,False,,,,PROJ,False,,,,no_game_in_window_yet,
3107ddb8e86f4d62995a9d41d3573ccb,0cf446817dbb,wnba,2026-27,2026-08-18T19:22:54+00:00,2026-08-20,Jewell Loyd,204319,player_threes,,,,,,,1.57,season fg3m history; L5 fg3m x0.45,1.185,"player-fitted (n=34, shrunk to league)",,,False,,,,PROJ,False,,,,no_game_in_window_yet,
6e7ea67de08d43f2ba3a283ecf08ae65,0cf446817dbb,wnba,2026-27,2026-08-18T19:22:54+00:00,2026-08-20,NaLyssa Smith,1631019,player_points,,,,,,,9.04,"season PPG; L5 pts x0.45 + source pts x0.35, minutes x0.78",5.692,"player-fitted (n=35, shrunk to league)",,,False,,,,PROJ,False,,,,no_game_in_window_yet,
1dfbb8a0d54d4c0db3ecb9bb4401d13f,0cf446817dbb,wnba,2026-27,2026-08-18T19:22:54+00:00,2026-08-20,NaLyssa Smith,1631019,player_rebounds,,,,,,,6.16,"season RPG; L5 reb x0.45, minutes x0.78",2.93,"player-fitted (n=35, shrunk to league)",,,False,,,,PROJ,False,,,,no_game_in_window_yet,
fd169d4661bd485fb31bf91032eb5d99,0cf446817dbb,wnba,2026-27,2026-08-18T19:22:54+00:00,2026-08-20,NaLyssa Smith,1631019,player_assists,,,,,,,1.02,"season APG; L5 ast x0.45, minutes x0.78",1.23,"player-fitted (n=35, shrunk to league)",,,False,,,,PROJ,False,,,,no_game_in_window_yet,
42f5d6228d84485d96f35acf5d88fc83,0cf446817dbb,wnba,2026-27,2026-08-18T19:22:54+00:00,2026-08-20,NaLyssa Smith,1631019,player_threes,,,,,,,0.01,"season fg3m history; L5 fg3m x0.45, minutes x0.78",0.484,"player-fitted (n=35, shrunk to league)",,,False,,,,PROJ,False,,,,no_game_in_window_yet,
5b44de168c914271a6bdb7aabb5d1417,0cf446817dbb,wnba,2026-27,2026-08-18T19:22:54+00:00,2026-08-20,Dana Evans,1630389,player_points,,,,,,,4.13,"season PPG; L5 pts x0.45 + source pts x0.35, minutes x1.20",4.236,"player-fitted (n=17, shrunk to league)",,,False,,,,PROJ,False,,,,no_game_in_window_yet,
ac2669be1b2c4db3be59c1e04c015842,0cf446817dbb,wnba,2026-27,2026-08-18T19:22:54+00:00,2026-08-20,Dana Evans,1630389,player_rebounds,,,,,,,2.27,"season RPG; L5 reb x0.45, minutes x1.20",1.755,"player-fitted (n=17, shrunk to league)",,,False,,,,PROJ,False,,,,no_game_in_window_yet,
fdc0c04d4f584fa0999c417379e67d8f,0cf446817dbb,wnba,2026-27,2026-08-18T19:22:54+00:00,2026-08-20,Dana Evans,1630389,player_assists,,,,,,,2.41,"season APG; L5 ast x0.45, minutes x1.20",1.318,"player-fitted (n=17, shrunk to league)",,,False,,,,PROJ,False,,,,no_game_in_window_yet,
ea581f7d499c42879bc81dca9a6f0841,0cf446817dbb,wnba,2026-27,2026-08-18T19:22:54+00:00,2026-08-20,Dana Evans,1630389,player_threes,,,,,,,0.64,"season fg3m history; L5 fg3m x0.45, minutes x1.20",0.952,"player-fitted (n=17, shrunk to league)",,,False,,,,PROJ,False,,,,no_game_in_window_yet,
a1e5d691c5d443ef888d5119cd3c3d9f,0cf446817dbb,wnba,2026-27,2026-08-18T19:22:54+00:00,2026-08-20,Rhyne Howard,1631009,player_points,,,,,,,17.76,"season PPG; L5 pts x0.45 + source pts x0.35, minutes x0.96",6.596,"player-fitted (n=32, shrunk to league)",,,False,,,,PROJ,False,,,,no_game_in_window_yet,
17d801b2099a486ba280ce89f2ace5b1,0cf446817dbb,wnba,2026-27,2026-08-18T19:22:54+00:00,2026-08-20,Rhyne Howard,1631009,player_rebounds,,,,,,,3.69,"season RPG; L5 reb x0.45, minutes x0.96",1.979,"player-fitted (n=32, shrunk to league)",,,False,,,,PROJ,False,,,,no_game_in_window_yet,
807580c305bc404894084b3dcca130be,0cf446817dbb,wnba,2026-27,2026-08-18T19:22:54+00:00,2026-08-20,Rhyne Howard,1631009,player_assists,,,,,,,3.79,"season APG; L5 ast x0.45, minutes x0.96",1.927,"player-fitted (n=32, shrunk to league)",,,False,,,,PROJ,False,,,,no_game_in_window_yet,
418bb1f8c26a46b0bdd8f90d55e0f5a9,0cf446817dbb,wnba,2026-27,2026-08-18T19:22:54+00:00,2026-08-20,Rhyne Howard,1631009,player_threes,,,,,,,3.72,"season fg3m history; L5 fg3m x0.45, minutes x0.96",1.669,"player-fitted (n=32, shrunk to league)",,,False,,,,PROJ,False,,,,no_game_in_window_yet,
3986dbfff5724a7a95c3cf796e77b65c,0cf446817dbb,wnba,2026-27,2026-08-18T19:22:54+00:00,2026-08-20,Jordin Canada,1628886,player_points,,,,,,,10.95,"season PPG; L5 pts x0.45 + source pts x0.35, minutes x0.94",4.872,"player-fitted (n=33, shrunk to league)",,,False,,,,PROJ,False,,,,no_game_in_window_yet,
43117d06f49a4aefb942b779fd76218a,0cf446817dbb,wnba,2026-27,2026-08-18T19:22:54+00:00,2026-08-20,Jordin Canada,1628886,player_rebounds,,,,,,,3.43,"season RPG; L5 reb x0.45, minutes x0.94",2.048,"player-fitted (n=33, shrunk to league)",,,False,,,,PROJ,False,,,,no_game_in_window_yet,
6ad32e23d42f4061a69138ac112f63fd,0cf446817dbb,wnba,2026-27,2026-08-18T19:22:54+00:00,2026-08-20,Jordin Canada,1628886,player_assists,,,,,,,6.49,"season APG; L5 ast x0.45, minutes x0.94",2.798,"player-fitted (n=33, shrunk to league)",,,False,,,,PROJ,False,,,,no_game_in_window_yet,
0ba7938af5ce434a8eaecd9cdd8cb498,0cf446817dbb,wnba,2026-27,2026-08-18T19:22:54+00:00,2026-08-20,Jordin Canada,1628886,player_threes,,,,,,,1.01,"season fg3m history; L5 fg3m x0.45, minutes x0.94",1.003,"player-fitted (n=33, shrunk to league)",,,False,,,,PROJ,False,,,,no_game_in_window_yet,
7d882a49f55048288fd2108fc0379f97,0cf446817dbb,wnba,2026-27,2026-08-18T19:22:54+00:00,2026-08-20,Allisha Gray,1628277,player_points,,,,,,,18.17,"season PPG; L5 pts x0.45 + source pts x0.35, minutes x0.95",5.526,"player-fitted (n=33, shrunk to league)",,,False,,,,PROJ,False,,,,no_game_in_window_yet,
91add6856c33479bb8e48793aae8da29,0cf446817dbb,wnba,2026-27,2026-08-18T19:22:54+00:00,2026-08-20,Allisha Gray,1628277,player_rebounds,,,,,,,2.97,"season RPG; L5 reb x0.45, minutes x0.95",2.229,"player-fitted (n=33, shrunk to league)",,,False,,,,PROJ,False,,,,no_game_in_window_yet,
b98b80a3b0c94dcaa0a09bb12741d828,0cf446817dbb,wnba,2026-27,2026-08-18T19:22:54+00:00,2026-08-20,Allisha Gray,1628277,player_assists,,,,,,,2.52,"season APG; L5 ast x0.45, minutes x0.95",1.53,"player-fitted (n=33, shrunk to league)",,,False,,,,PROJ,False,,,,no_game_in_window_yet,
787485d1d48f4aaa9560837196b3ef53,0cf446817dbb,wnba,2026-27,2026-08-18T19:22:54+00:00,2026-08-20,Allisha Gray,1628277,player_threes,,,,,,,1.73,"season fg3m history; L5 fg3m x0.45, minutes x0.95",1.366,"player-fitted (n=33, shrunk to league)",,,False,,,,PROJ,False,,,,no_game_in_window_yet,
da389a207b5944169150a8e37f67d40f,0cf446817dbb,wnba,2026-27,2026-08-18T19:22:54+00:00,2026-08-20,Angel Reese,1642291,player_points,,,,,,,15.46,season PPG; L5 pts x0.45 + source pts x0.35,5.157,"player-fitted (n=32, shrunk to league)",,,False,,,,PROJ,False,,,,no_game_in_window_yet,
ea84f52c0e874f819a2e0a4985e53204,0cf446817dbb,wnba,2026-27,2026-08-18T19:22:54+00:00,2026-08-20,Angel Reese,1642291,player_rebounds,,,,,,,12.99,season RPG; L5 reb x0.45,2.885,"player-fitted (n=32, shrunk to league)",,,False,,,,PROJ,False,,,,no_game_in_window_yet,
ae3c6ef3ca6f480db430562566290fec,0cf446817dbb,wnba,2026-27,2026-08-18T19:22:54+00:00,2026-08-20,Angel Reese,1642291,player_assists,,,,,,,2.31,season APG; L5 ast x0.45,1.468,"player-fitted (n=32, shrunk to league)",,,False,,,,PROJ,False,,,,no_game_in_window_yet,
e6792c87619c4f1386be1dc795789b76,0cf446817dbb,wnba,2026-27,2026-08-18T19:22:54+00:00,2026-08-20,Angel Reese,1642291,player_threes,,,,,,,0.19,season fg3m history; L5 fg3m x0.45,0.629,"player-fitted (n=32, shrunk to league)",,,False,,,,PROJ,False,,,,no_game_in_window_yet,
93f0b9a17da94406b254924b4dea9b29,0cf446817dbb,wnba,2026-27,2026-08-18T19:22:54+00:00,2026-08-20,Naz Hillmon,1631044,player_points,,,,,,,8.3,season PPG; L5 pts x0.45 + source pts x0.35,5.824,"player-fitted (n=33, shrunk to league)",,,False,,,,PROJ,False,,,,no_game_in_window_yet,
fb383b0999184494ac068d9c70b16ed4,0cf446817dbb,wnba,2026-27,2026-08-18T19:22:54+00:00,2026-08-20,Naz Hillmon,1631044,player_rebounds,,,,,,,4.4,season RPG; L5 reb x0.45,2.191,"player-fitted (n=33, shrunk to league)",,,False,,,,PROJ,False,,,,no_game_in_window_yet,
b1b575d0bea641f885345b9cd4a78bb8,0cf446817dbb,wnba,2026-27,2026-08-18T19:22:54+00:00,2026-08-20,Naz Hillmon,1631044,player_assists,,,,,,,1.73,season APG; L5 ast x0.45,1.204,"player-fitted (n=33, shrunk to league)",,,False,,,,PROJ,False,,,,no_game_in_window_yet,
5985ad0978ae42408ba1a297d4ae2dea,0cf446817dbb,wnba,2026-27,2026-08-18T19:22:54+00:00,2026-08-20,Naz Hillmon,1631044,player_threes,,,,,,,1.14,season fg3m history; L5 fg3m x0.45,1.024,"player-fitted (n=33, shrunk to league)",,,False,,,,PROJ,False,,,,no_game_in_window_yet,
9086c9136c2a4618839551c7e5a5caab,0cf446817dbb,wnba,2026-27,2026-08-18T19:22:54+00:00,2026-08-20,Brionna Jones,1628280,player_points,,,,,,,7.75,"season PPG; L5 pts x0.45 + source pts x0.35, minutes x1.04",4.949,"player-fitted (n=27, shrunk to league)",,,False,,,,PROJ,False,,,,no_game_in_window_yet,
9ed288a89355440e8ed833e360a4df4d,0cf446817dbb,wnba,2026-27,2026-08-18T19:22:54+00:00,2026-08-20,Brionna Jones,1628280,player_rebounds,,,,,,,5.28,"season RPG; L5 reb x0.45, minutes x1.04",2.841,"player-fitted (n=27, shrunk to league)",,,False,,,,PROJ,False,,,,no_game_in_window_yet,
c611d75346294a7bbf496b18df0e6b93,0cf446817dbb,wnba,2026-27,2026-08-18T19:22:54+00:00,2026-08-20,Brionna Jones,1628280,player_assists,,,,,,,2.28,"season APG; L5 ast x0.45, minutes x1.04",1.497,"player-fitted (n=27, shrunk to league)",,,False,,,,PROJ,False,,,,no_game_in_window_yet,
41d17f2fdfd745c5b443716c4304d48e,0cf446817dbb,wnba,2026-27,2026-08-18T19:22:54+00:00,2026-08-20,Brionna Jones,1628280,player_threes,,,,,,,0.12,"season fg3m history; L5 fg3m x0.45, minutes x1.04",0.535,"player-fitted (n=27, shrunk to league)",,,False,,,,PROJ,False,,,,no_game_in_window_yet,
2b3ee0840be240a6a3ee00bcbe29179f,0cf446817dbb,wnba,2026-27,2026-08-18T19:22:54+00:00,2026-08-20,Nneka Ogwumike,203014,player_points,,,,,,,15.5,"season PPG; L5 pts x0.45 + source pts x0.35, minutes x0.92",4.925,"player-fitted (n=33, shrunk to league)",,,False,,,,PROJ,False,,,,no_game_in_window_yet,
8c6fa88defe84580b50c726f63f09dba,0cf446817dbb,wnba,2026-27,2026-08-18T19:22:54+00:00,2026-08-20,Nneka Ogwumike,203014,player_rebounds,,,,,,,7.85,"season RPG; L5 reb x0.45, minutes x0.92",2.995,"player-fitted (n=33, shrunk to league)",,,False,,,,PROJ,False,,,,no_game_in_window_yet,
d36e1aa4e4e44aab9b2617b91525d02d,0cf446817dbb,wnba,2026-27,2026-08-18T19:22:54+00:00,2026-08-20,Nneka Ogwumike,203014,player_assists,,,,,,,3.06,"season APG; L5 ast x0.45, minutes x0.92",1.873,"player-fitted (n=33, shrunk to league)",,,False,,,,PROJ,False,,,,no_game_in_window_yet,
a0c996ec444948d48ca2d4276bdd7bb6,0cf446817dbb,wnba,2026-27,2026-08-18T19:22:54+00:00,2026-08-20,Nneka Ogwumike,203014,player_threes,,,,,,,1.23,"season fg3m history; L5 fg3m x0.45, minutes x0.92",1.018,"player-fitted (n=33, shrunk to league)",,,False,,,,PROJ,False,,,,no_game_in_window_yet,
33fcf540483a4213bce02c3357d0300a,0cf446817dbb,wnba,2026-27,2026-08-18T19:22:54+00:00,2026-08-20,Rae Burrell,1630996,player_points,,,,,,,13.65,"season PPG; L5 pts x0.45 + source pts x0.35, minutes x0.84",6.612,"player-fitted (n=34, shrunk to league)",,,False,,,,PROJ,False,,,,no_game_in_window_yet,
ef6f78516b714f69b7e0ea1e0bd40362,0cf446817dbb,wnba,2026-27,2026-08-18T19:22:54+00:00,2026-08-20,Rae Burrell,1630996,player_rebounds,,,,,,,2.18,"season RPG; L5 reb x0.45, minutes x0.84",1.472,"player-fitted (n=34, shrunk to league)",,,False,,,,PROJ,False,,,,no_game_in_window_yet,
ef40329da07d4c78aa4b7e72ef650b2d,0cf446817dbb,wnba,2026-27,2026-08-18T19:22:54+00:00,2026-08-20,Rae Burrell,1630996,player_assists,,,,,,,2.3,"season APG; L5 ast x0.45, minutes x0.84",1.518,"player-fitted (n=34, shrunk to league)",,,False,,,,PROJ,False,,,,no_game_in_window_yet,
086c235128744ad4ab321047d709e3a7,0cf446817dbb,wnba,2026-27,2026-08-18T19:22:54+00:00,2026-08-20,Rae Burrell,1630996,player_threes,,,,,,,1.68,"season fg3m history; L5 fg3m x0.45, minutes x0.84",1.231,"player-fitted (n=34, shrunk to league)",,,False,,,,PROJ,False,,,,no_game_in_window_yet,
736441c4432f47f1a92a6fac4e098f91,0cf446817dbb,wnba,2026-27,2026-08-18T19:22:54+00:00,2026-08-20,Dearica Hamby,204324,player_points,,,,,,,14.79,"season PPG; L5 pts x0.45 + source pts x0.35, minutes x0.93",5.415,"player-fitted (n=34, shrunk to league)",,,False,,,,PROJ,False,,,,no_game_in_window_yet,
f39a44d8784845499554438047262abc,0cf446817dbb,wnba,2026-27,2026-08-18T19:22:54+00:00,2026-08-20,Dearica Hamby,204324,player_rebounds,,,,,,,6.0,"season RPG; L5 reb x0.45, minutes x0.93",2.823,"player-fitted (n=34, shrunk to league)",,,False,,,,PROJ,False,,,,no_game_in_window_yet,
1da94e7613b9443f922b445202559805,0cf446817dbb,wnba,2026-27,2026-08-18T19:22:54+00:00,2026-08-20,Dearica Hamby,204324,player_assists,,,,,,,2.2,"season APG; L5 ast x0.45, minutes x0.93",1.72,"player-fitted (n=34, shrunk to league)",,,False,,,,PROJ,False,,,,no_game_in_window_yet,
76184cc2fa174f96851a78fa49d15c12,0cf446817dbb,wnba,2026-27,2026-08-18T19:22:54+00:00,2026-08-20,Dearica Hamby,204324,player_threes,,,,,,,0.22,"season fg3m history; L5 fg3m x0.45, minutes x0.93",0.646,"player-fitted (n=34, shrunk to league)",,,False,,,,PROJ,False,,,,no_game_in_window_yet,
3de7e75d689a45459cabb5ed020915aa,0cf446817dbb,wnba,2026-27,2026-08-18T19:22:54+00:00,2026-08-20,Ariel Atkins,1628878,player_points,,,,,,,6.88,"season PPG; L5 pts x0.45 + source pts x0.35, minutes x0.84",4.727,"player-fitted (n=32, shrunk to league)",,,False,,,,PROJ,False,,,,no_game_in_window_yet,
abba022ca8644b328379b70e0d73ac0d,0cf446817dbb,wnba,2026-27,2026-08-18T19:22:54+00:00,2026-08-20,Ariel Atkins,1628878,player_rebounds,,,,,,,2.54,"season RPG; L5 reb x0.45, minutes x0.84",1.815,"player-fitted (n=32, shrunk to league)",,,False,,,,PROJ,False,,,,no_game_in_window_yet,
cb9d3db79fa44cc890057b50280d8547,0cf446817dbb,wnba,2026-27,2026-08-18T19:22:54+00:00,2026-08-20,Ariel Atkins,1628878,player_assists,,,,,,,2.62,"season APG; L5 ast x0.45, minutes x0.84",1.535,"player-fitted (n=32, shrunk to league)",,,False,,,,PROJ,False,,,,no_game_in_window_yet,
ea12429fd2524deb94a7077dc368d8e5,0cf446817dbb,wnba,2026-27,2026-08-18T19:22:54+00:00,2026-08-20,Ariel Atkins,1628878,player_threes,,,,,,,0.97,"season fg3m history; L5 fg3m x0.45, minutes x0.84",1.124,"player-fitted (n=32, shrunk to league)",,,False,,,,PROJ,False,,,,no_game_in_window_yet,
82ef83e3f64441c2ad98c6c5fdbc2691,0cf446817dbb,wnba,2026-27,2026-08-18T19:22:54+00:00,2026-08-20,Erica Wheeler,204365,player_points,,,,,,,9.01,"season PPG; L5 pts x0.45 + source pts x0.35, minutes x0.88",5.284,"player-fitted (n=34, shrunk to league)",,,False,,,,PROJ,False,,,,no_game_in_window_yet,
fc0cfc58ef234cd79cd493abe85a7dc9,0cf446817dbb,wnba,2026-27,2026-08-18T19:22:54+00:00,2026-08-20,Erica Wheeler,204365,player_rebounds,,,,,,,2.16,"season RPG; L5 reb x0.45, minutes x0.88",1.699,"player-fitted (n=34, shrunk to league)",,,False,,,,PROJ,False,,,,no_game_in_window_yet,
b6cc1854ba004435b667a87759c9ab6f,0cf446817dbb,wnba,2026-27,2026-08-18T19:22:54+00:00,2026-08-20,Erica Wheeler,204365,player_assists,,,,,,,4.62,"season APG; L5 ast x0.45, minutes x0.88",2.092,"player-fitted (n=34, shrunk to league)",,,False,,,,PROJ,False,,,,no_game_in_window_yet,
ef601ea8ae5b4927bc5b7ade4be45ed8,0cf446817dbb,wnba,2026-27,2026-08-18T19:22:54+00:00,2026-08-20,Erica Wheeler,204365,player_threes,,,,,,,1.25,"season fg3m history; L5 fg3m x0.45, minutes x0.88",1.056,"player-fitted (n=34, shrunk to league)",,,False,,,,PROJ,False,,,,no_game_in_window_yet,
7a528c1779d445aa9ab50b4c3c82a8bf,0cf446817dbb,wnba,2026-27,2026-08-18T19:22:54+00:00,2026-08-20,Cameron Brink,1642287,player_points,,,,,,,8.08,season PPG; L5 pts x0.45 + source pts x0.35,4.913,"player-fitted (n=28, shrunk to league)",,,False,,,,PROJ,False,,,,no_game_in_window_yet,
80667ad1a279437fa959c23d804be0bb,0cf446817dbb,wnba,2026-27,2026-08-18T19:22:54+00:00,2026-08-20,Cameron Brink,1642287,player_rebounds,,,,,,,5.12,season RPG; L5 reb x0.45,2.588,"player-fitted (n=28, shrunk to league)",,,False,,,,PROJ,False,,,,no_game_in_window_yet,
533abbae6a1547d7b77d727b181621e4,0cf446817dbb,wnba,2026-27,2026-08-18T19:22:54+00:00,2026-08-20,Cameron Brink,1642287,player_assists,,,,,,,1.44,season APG; L5 ast x0.45,1.357,"player-fitted (n=28, shrunk to league)",,,False,,,,PROJ,False,,,,no_game_in_window_yet,
6c2e117a192a46d69245efadd84903ce,0cf446817dbb,wnba,2026-27,2026-08-18T19:22:54+00:00,2026-08-20,Cameron Brink,1642287,player_threes,,,,,,,0.68,season fg3m history; L5 fg3m x0.45,0.815,"player-fitted (n=28, shrunk to league)",,,False,,,,PROJ,False,,,,no_game_in_window_yet,
bdea315aa3554532af6ec67c5ec89b22,0cf446817dbb,wnba,2026-27,2026-08-18T19:22:54+00:00,2026-08-21,Kayla McBride,203825,player_points,,,,,,,17.14,"season PPG; L5 pts x0.45 + source pts x0.35, minutes x0.89",7.301,"player-fitted (n=36, shrunk to league)",,,False,,,,PROJ,False,,,,no_game_in_window_yet,
e9e2045373494ed49216adf3a295009c,0cf446817dbb,wnba,2026-27,2026-08-18T19:22:54+00:00,2026-08-21,Kayla McBride,203825,player_rebounds,,,,,,,2.3,"season RPG; L5 reb x0.45, minutes x0.89",2.215,"player-fitted (n=36, shrunk to league)",,,False,,,,PROJ,False,,,,no_game_in_window_yet,
fec48f3fcee64b1eb41b6c8fec64423a,0cf446817dbb,wnba,2026-27,2026-08-18T19:22:54+00:00,2026-08-21,Kayla McBride,203825,player_assists,,,,,,,1.43,"season APG; L5 ast x0.45, minutes x0.89",1.456,"player-fitted (n=36, shrunk to league)",,,False,,,,PROJ,False,,,,no_game_in_window_yet,
9585240dfdc744a9b56ee6607019ca43,0cf446817dbb,wnba,2026-27,2026-08-18T19:22:54+00:00,2026-08-21,Kayla McBride,203825,player_threes,,,,,,,3.2,"season fg3m history; L5 fg3m x0.45, minutes x0.89",1.752,"player-fitted (n=36, shrunk to league)",,,False,,,,PROJ,False,,,,no_game_in_window_yet,
56a4b62ff672477eb674bfb2945193b7,0cf446817dbb,wnba,2026-27,2026-08-18T19:22:54+00:00,2026-08-21,Olivia Miles,1643426,player_points,,,,,,,18.05,"season PPG; L5 pts x0.45 + source pts x0.35, minutes x0.83",7.347,"player-fitted (n=36, shrunk to league)",,,False,,,,PROJ,False,,,,no_game_in_window_yet,
7f315e1dc4f840a0b4e21f5586bcae6e,0cf446817dbb,wnba,2026-27,2026-08-18T19:22:54+00:00,2026-08-21,Olivia Miles,1643426,player_rebounds,,,,,,,3.76,"season RPG; L5 reb x0.45, minutes x0.83",2.031,"player-fitted (n=36, shrunk to league)",,,False,,,,PROJ,False,,,,no_game_in_window_yet,
22c7aeb9b3814984a43aadf37d6ee949,0cf446817dbb,wnba,2026-27,2026-08-18T19:22:54+00:00,2026-08-21,Olivia Miles,1643426,player_assists,,,,,,,5.8,"season APG; L5 ast x0.45, minutes x0.83",2.601,"player-fitted (n=36, shrunk to league)",,,False,,,,PROJ,False,,,,no_game_in_window_yet,
6e9f17843431431c884c45163bc01af5,0cf446817dbb,wnba,2026-27,2026-08-18T19:22:54+00:00,2026-08-21,Olivia Miles,1643426,player_threes,,,,,,,1.84,"season fg3m history; L5 fg3m x0.45, minutes x0.83",1.727,"player-fitted (n=36, shrunk to league)",,,False,,,,PROJ,False,,,,no_game_in_window_yet,
260fac5abc5a4eb79cd357260b11ccba,0cf446817dbb,wnba,2026-27,2026-08-18T19:22:54+00:00,2026-08-21,Courtney Williams,1627675,player_points,,,,,,,11.59,"season PPG; L5 pts x0.45 + source pts x0.35, minutes x0.91",6.185,"player-fitted (n=36, shrunk to league)",,,False,,,,PROJ,False,,,,no_game_in_window_yet,
f1c26e02dd7d420f9ce2061f985af136,0cf446817dbb,wnba,2026-27,2026-08-18T19:22:54+00:00,2026-08-21,Courtney Williams,1627675,player_rebounds,,,,,,,4.26,"season RPG; L5 reb x0.45, minutes x0.91",2.59,"player-fitted (n=36, shrunk to league)",,,False,,,,PROJ,False,,,,no_game_in_window_yet,
c853bf27976249c88cd04845ef7b8623,0cf446817dbb,wnba,2026-27,2026-08-18T19:22:54+00:00,2026-08-21,Courtney Williams,1627675,player_assists,,,,,,,3.64,"season APG; L5 ast x0.45, minutes x0.91",1.812,"player-fitted (n=36, shrunk to league)",,,False,,,,PROJ,False,,,,no_game_in_window_yet,
f703012ea7094d5baac88847060435a1,0cf446817dbb,wnba,2026-27,2026-08-18T19:22:54+00:00,2026-08-21,Courtney Williams,1627675,player_threes,,,,,,,0.83,"season fg3m history; L5 fg3m x0.45, minutes x0.91",1.037,"player-fitted (n=36, shrunk to league)",,,False,,,,PROJ,False,,,,no_game_in_window_yet,
f30cca9a81b2454ea2868ac6f39cec53,0cf446817dbb,wnba,2026-27,2026-08-18T19:22:54+00:00,2026-08-21,Napheesa Collier,1629483,player_points,,,,,,,17.3,"season PPG; L5 pts x0.45 + source pts x0.35, minutes x0.88",8.262,"player-fitted (n=30, shrunk to league)",,,False,,,,PROJ,False,,,,no_game_in_window_yet,
180e4797889c40bb97233281b48a5b92,0cf446817dbb,wnba,2026-27,2026-08-18T19:22:54+00:00,2026-08-21,Napheesa Collier,1629483,player_rebounds,,,,,,,6.43,"season RPG; L5 reb x0.45, minutes x0.88",3.242,"player-fitted (n=30, shrunk to league)",,,False,,,,PROJ,False,,,,no_game_in_window_yet,
8f10f494636b420bab5e86303733a7fe,0cf446817dbb,wnba,2026-27,2026-08-18T19:22:54+00:00,2026-08-21,Napheesa Collier,1629483,player_assists,,,,,,,2.8,"season APG; L5 ast x0.45, minutes x0.88",1.766,"player-fitted (n=30, shrunk to league)",,,False,,,,PROJ,False,,,,no_game_in_window_yet,
d5b391f8cd4d49148226a82cfca09534,0cf446817dbb,wnba,2026-27,2026-08-18T19:22:54+00:00,2026-08-21,Napheesa Collier,1629483,player_threes,,,,,,,1.16,"season fg3m history; L5 fg3m x0.45, minutes x0.88",1.183,"player-fitted (n=30, shrunk to league)",,,False,,,,PROJ,False,,,,no_game_in_window_yet,
6682582d85064af894137f64ab5284a0,0cf446817dbb,wnba,2026-27,2026-08-18T19:22:54+00:00,2026-08-21,Natasha Howard,203827,player_points,,,,,,,11.31,"season PPG; L5 pts x0.45 + source pts x0.35, minutes x0.80",5.538,"player-fitted (n=36, shrunk to league)",,,False,,,,PROJ,False,,,,no_game_in_window_yet,
73810d97f2134b91b221b37e094c8f63,0cf446817dbb,wnba,2026-27,2026-08-18T19:22:54+00:00,2026-08-21,Natasha Howard,203827,player_rebounds,,,,,,,6.42,"season RPG; L5 reb x0.45, minutes x0.80",2.944,"player-fitted (n=36, shrunk to league)",,,False,,,,PROJ,False,,,,no_game_in_window_yet,
a088941e85a3401daba28c7f3e140e1c,0cf446817dbb,wnba,2026-27,2026-08-18T19:22:54+00:00,2026-08-21,Natasha Howard,203827,player_assists,,,,,,,2.69,"season APG; L5 ast x0.45, minutes x0.80",1.643,"player-fitted (n=36, shrunk to league)",,,False,,,,PROJ,False,,,,no_game_in_window_yet,
c1bd9ebebe8d481485c6ca7f33a2de0d,0cf446817dbb,wnba,2026-27,2026-08-18T19:22:54+00:00,2026-08-21,Natasha Howard,203827,player_threes,,,,,,,0.11,"season fg3m history; L5 fg3m x0.45, minutes x0.80",0.519,"player-fitted (n=36, shrunk to league)",,,False,,,,PROJ,False,,,,no_game_in_window_yet,
27cc34dbc73f49c1a006a489354a01e3,0cf446817dbb,wnba,2026-27,2026-08-18T19:22:54+00:00,2026-08-21,Maya Caldwell,1630471,player_points,,,,,,,2.63,season PPG; L5 pts x0.45 + source pts x0.35,3.897,"player-fitted (n=36, shrunk to league)",,,False,,,,PROJ,False,,,,no_game_in_window_yet,
0a4b613b0e7046b0a77b0b0d5061ed9e,0cf446817dbb,wnba,2026-27,2026-08-18T19:22:54+00:00,2026-08-21,Maya Caldwell,1630471,player_rebounds,,,,,,,1.75,season RPG; L5 reb x0.45,1.914,"player-fitted (n=36, shrunk to league)",,,False,,,,PROJ,False,,,,no_game_in_window_yet,
e0f0be2157414bc3bf72b6486b0c0bd5,0cf446817dbb,wnba,2026-27,2026-08-18T19:22:54+00:00,2026-08-21,Maya Caldwell,1630471,player_assists,,,,,,,0.88,season APG; L5 ast x0.45,1.179,"player-fitted (n=36, shrunk to league)",,,False,,,,PROJ,False,,,,no_game_in_window_yet,
ce96232066d945bda5e30908a464f898,0cf446817dbb,wnba,2026-27,2026-08-18T19:22:54+00:00,2026-08-21,Maya Caldwell,1630471,player_threes,,,,,,,0.47,season fg3m history; L5 fg3m x0.45,0.882,"player-fitted (n=36, shrunk to league)",,,False,,,,PROJ,False,,,,no_game_in_window_yet,
4cc937d99cb742179e704be2c162944e,0cf446817dbb,wnba,2026-27,2026-08-18T19:22:54+00:00,2026-08-21,Sonia Citron,1642785,player_points,,,,,,,15.89,"season PPG; L5 pts x0.45 + source pts x0.35, minutes x0.93",7.362,"player-fitted (n=33, shrunk to league)",,,False,,,,PROJ,False,,,,no_game_in_window_yet,
49fa8416ddf9492f932900ecb6c1fa25,0cf446817dbb,wnba,2026-27,2026-08-18T19:22:54+00:00,2026-08-21,Sonia Citron,1642785,player_rebounds,,,,,,,3.92,"season RPG; L5 reb x0.45, minutes x0.93",2.353,"player-fitted (n=33, shrunk to league)",,,False,,,,PROJ,False,,,,no_game_in_window_yet,
1825df3bcf28460cb93ce1e2239031c2,0cf446817dbb,wnba,2026-27,2026-08-18T19:22:54+00:00,2026-08-21,Sonia Citron,1642785,player_assists,,,,,,,4.31,"season APG; L5 ast x0.45, minutes x0.93",2.237,"player-fitted (n=33, shrunk to league)",,,False,,,,PROJ,False,,,,no_game_in_window_yet,
7971befaba2142e58ea8a4655c5bd791,0cf446817dbb,wnba,2026-27,2026-08-18T19:22:54+00:00,2026-08-21,Sonia Citron,1642785,player_threes,,,,,,,1.73,"season fg3m history; L5 fg3m x0.45, minutes x0.93",1.209,"player-fitted (n=33, shrunk to league)",,,False,,,,PROJ,False,,,,no_game_in_window_yet,
38d6530b15864e9abfba9fdc4ec22dfb,0cf446817dbb,wnba,2026-27,2026-08-18T19:22:54+00:00,2026-08-21,Shakira Austin,1631022,player_points,,,,,,,19.31,season PPG; L5 pts x0.45 + source pts x0.35,6.624,"player-fitted (n=34, shrunk to league)",,,False,,,,PROJ,False,,,,no_game_in_window_yet,
be4ae2a721544892a8f00bb01913df89,0cf446817dbb,wnba,2026-27,2026-08-18T19:22:54+00:00,2026-08-21,Shakira Austin,1631022,player_rebounds,,,,,,,9.69,season RPG; L5 reb x0.45,3.284,"player-fitted (n=34, shrunk to league)",,,False,,,,PROJ,False,,,,no_game_in_window_yet,
cf21dbf963e84122b7b587ae0d7f846a,0cf446817dbb,wnba,2026-27,2026-08-18T19:22:54+00:00,2026-08-21,Shakira Austin,1631022,player_assists,,,,,,,2.37,season APG; L5 ast x0.45,1.607,"player-fitted (n=34, shrunk to league)",,,False,,,,PROJ,False,,,,no_game_in_window_yet,
fb76bcd258544ac19e1f6fa33cfdb520,0cf446817dbb,wnba,2026-27,2026-08-18T19:22:54+00:00,2026-08-21,Shakira Austin,1631022,player_threes,,,,,,,0.54,season fg3m history; L5 fg3m x0.45,0.713,"player-fitted (n=34, shrunk to league)",,,False,,,,PROJ,False,,,,no_game_in_window_yet,
fd145efcac3747328e307a933dafbf3d,0cf446817dbb,wnba,2026-27,2026-08-18T19:22:54+00:00,2026-08-21,Kiki Iriafen,1642792,player_points,,,,,,,13.52,"season PPG; L5 pts x0.45 + source pts x0.35, minutes x0.93",7.109,"player-fitted (n=34, shrunk to league)",,,False,,,,PROJ,False,,,,no_game_in_window_yet,
2ae53ed389b9422d8ca384a6307467ad,0cf446817dbb,wnba,2026-27,2026-08-18T19:22:54+00:00,2026-08-21,Kiki Iriafen,1642792,player_rebounds,,,,,,,8.33,"season RPG; L5 reb x0.45, minutes x0.93",3.924,"player-fitted (n=34, shrunk to league)",,,False,,,,PROJ,False,,,,no_game_in_window_yet,
9272bb5963554a95979844023e4656c2,0cf446817dbb,wnba,2026-27,2026-08-18T19:22:54+00:00,2026-08-21,Kiki Iriafen,1642792,player_assists,,,,,,,1.79,"season APG; L5 ast x0.45, minutes x0.93",1.578,"player-fitted (n=34, shrunk to league)",,,False,,,,PROJ,False,,,,no_game_in_window_yet,
41f1f665c6ac4c51840131f0d2975708,0cf446817dbb,wnba,2026-27,2026-08-18T19:22:54+00:00,2026-08-21,Kiki Iriafen,1642792,player_threes,,,,,,,0.25,"season fg3m history; L5 fg3m x0.45, minutes x0.93",0.625,"player-fitted (n=34, shrunk to league)",,,False,,,,PROJ,False,,,,no_game_in_window_yet,
efa60de98fec411aa89e5d7d385f156a,0cf446817dbb,wnba,2026-27,2026-08-18T19:22:54+00:00,2026-08-21,Michaela Onyenwere,1630446,player_points,,,,,,,7.52,"season PPG; L5 pts x0.45 + source pts x0.35, minutes x1.10",6.778,"player-fitted (n=32, shrunk to league)",,,False,,,,PROJ,False,,,,no_game_in_window_yet,
273582009e91495f900d4303b52bd9ff,0cf446817dbb,wnba,2026-27,2026-08-18T19:22:54+00:00,2026-08-21,Michaela Onyenwere,1630446,player_rebounds,,,,,,,3.27,"season RPG; L5 reb x0.45, minutes x1.10",2.168,"player-fitted (n=32, shrunk to league)",,,False,,,,PROJ,False,,,,no_game_in_window_yet,
5c9985f8878144669b8f5cd584872ef1,0cf446817dbb,wnba,2026-27,2026-08-18T19:22:54+00:00,2026-08-21,Michaela Onyenwere,1630446,player_assists,,,,,,,1.83,"season APG; L5 ast x0.45, minutes x1.10",1.45,"player-fitted (n=32, shrunk to league)",,,False,,,,PROJ,False,,,,no_game_in_window_yet,
4a29b19a1eaf437aa4fe6ce9e934667c,0cf446817dbb,wnba,2026-27,2026-08-18T19:22:54+00:00,2026-08-21,Michaela Onyenwere,1630446,player_threes,,,,,,,1.16,"season fg3m history; L5 fg3m x0.45, minutes x1.10",1.391,"player-fitted (n=32, shrunk to league)",,,False,,,,PROJ,False,,,,no_game_in_window_yet,
7b57e1676ff34968b3732b643ff64a62,0cf446817dbb,wnba,2026-27,2026-08-18T19:22:54+00:00,2026-08-21,Cotie McMahon,1643430,player_points,,,,,,,8.1,"season PPG; L5 pts x0.45 + source pts x0.35, minutes x1.06",4.543,"player-fitted (n=33, shrunk to league)",,,False,,,,PROJ,False,,,,no_game_in_window_yet,
cbd0dd7381e94b37a99eaa5d67c0a6cc,0cf446817dbb,wnba,2026-27,2026-08-18T19:22:54+00:00,2026-08-21,Cotie McMahon,1643430,player_rebounds,,,,,,,3.67,"season RPG; L5 reb x0.45, minutes x1.06",2.231,"player-fitted (n=33, shrunk to league)",,,False,,,,PROJ,False,,,,no_game_in_window_yet,
e4245be80ff440a58cf55920813a43f4,0cf446817dbb,wnba,2026-27,2026-08-18T19:22:54+00:00,2026-08-21,Cotie McMahon,1643430,player_assists,,,,,,,1.83,"season APG; L5 ast x0.45, minutes x1.06",1.375,"player-fitted (n=33, shrunk to league)",,,False,,,,PROJ,False,,,,no_game_in_window_yet,
4806b2dc54d6446599cb1eb7ca1485aa,0cf446817dbb,wnba,2026-27,2026-08-18T19:22:54+00:00,2026-08-21,Cotie McMahon,1643430,player_threes,,,,,,,0.51,"season fg3m history; L5 fg3m x0.45, minutes x1.06",0.92,"player-fitted (n=33, shrunk to league)",,,False,,,,PROJ,False,,,,no_game_in_window_yet,
2536eae5bc1b458b8efa922675f6e4dc,0cf446817dbb,wnba,2026-27,2026-08-18T19:22:54+00:00,2026-08-21,Georgia Amoore,1642781,player_points,,,,,,,4.26,"season PPG; L5 pts x0.45 + source pts x0.35, minutes x1.08",4.617,"player-fitted (n=34, shrunk to league)",,,False,,,,PROJ,False,,,,no_game_in_window_yet,
21fcb8c10ed1403fa7155eef3ae7d0d6,0cf446817dbb,wnba,2026-27,2026-08-18T19:22:54+00:00,2026-08-21,Georgia Amoore,1642781,player_rebounds,,,,,,,0.95,"season RPG; L5 reb x0.45, minutes x1.08",1.376,"player-fitted (n=34, shrunk to league)",,,False,,,,PROJ,False,,,,no_game_in_window_yet,
d4210d07ef96405986552123203ce153,0cf446817dbb,wnba,2026-27,2026-08-18T19:22:54+00:00,2026-08-21,Georgia Amoore,1642781,player_assists,,,,,,,3.19,"season APG; L5 ast x0.45, minutes x1.08",2.162,"player-fitted (n=34, shrunk to league)",,,False,,,,PROJ,False,,,,no_game_in_window_yet,
d946a74319134e089e4aeeda091a78f5,0cf446817dbb,wnba,2026-27,2026-08-18T19:22:54+00:00,2026-08-21,Georgia Amoore,1642781,player_threes,,,,,,,0.75,"season fg3m history; L5 fg3m x0.45, minutes x1.08",1.162,"player-fitted (n=34, shrunk to league)",,,False,,,,PROJ,False,,,,no_game_in_window_yet,
f97aca20007446ff9b3b8e90094833c3,0cf446817dbb,wnba,2026-27,2026-08-18T19:22:54+00:00,2026-08-21,Veronica Burton,1631007,player_points,,,,,,,12.56,"season PPG; L5 pts x0.45 + source pts x0.35, minutes x0.96",5.606,"player-fitted (n=33, shrunk to league)",,,False,,,,PROJ,False,,,,no_game_in_window_yet,
aeb0b4dafc2a41f2ba58acf487bda7f0,0cf446817dbb,wnba,2026-27,2026-08-18T19:22:54+00:00,2026-08-21,Veronica Burton,1631007,player_rebounds,,,,,,,3.57,"season RPG; L5 reb x0.45, minutes x0.96",1.984,"player-fitted (n=33, shrunk to league)",,,False,,,,PROJ,False,,,,no_game_in_window_yet,
0018abc7377e48c4a7064d10fba58e15,0cf446817dbb,wnba,2026-27,2026-08-18T19:22:54+00:00,2026-08-21,Veronica Burton,1631007,player_assists,,,,,,,5.4,"season APG; L5 ast x0.45, minutes x0.96",2.355,"player-fitted (n=33, shrunk to league)",,,False,,,,PROJ,False,,,,no_game_in_window_yet,
6297b46d221f44b48bd94f6560e78ef1,0cf446817dbb,wnba,2026-27,2026-08-18T19:22:54+00:00,2026-08-21,Veronica Burton,1631007,player_threes,,,,,,,1.6,"season fg3m history; L5 fg3m x0.45, minutes x0.96",0.966,"player-fitted (n=33, shrunk to league)",,,False,,,,PROJ,False,,,,no_game_in_window_yet,
1e0c3340b25b4d49b66d5df0afb262cf,0cf446817dbb,wnba,2026-27,2026-08-18T19:22:54+00:00,2026-08-21,Kayla Thornton,203866,player_points,,,,,,,9.7,"season PPG; L5 pts x0.45 + source pts x0.35, minutes x1.03",5.841,"player-fitted (n=33, shrunk to league)",,,False,,,,PROJ,False,,,,no_game_in_window_yet,
195167ae3af743259eba38521265033e,0cf446817dbb,wnba,2026-27,2026-08-18T19:22:54+00:00,2026-08-21,Kayla Thornton,203866,player_rebounds,,,,,,,4.78,"season RPG; L5 reb x0.45, minutes x1.03",2.695,"player-fitted (n=33, shrunk to league)",,,False,,,,PROJ,False,,,,no_game_in_window_yet,
a97cf508193949e584872b73dcd83f7f,0cf446817dbb,wnba,2026-27,2026-08-18T19:22:54+00:00,2026-08-21,Kayla Thornton,203866,player_assists,,,,,,,0.92,"season APG; L5 ast x0.45, minutes x1.03",1.055,"player-fitted (n=33, shrunk to league)",,,False,,,,PROJ,False,,,,no_game_in_window_yet,
d0afb6baad784a998a210de6fc3aaad3,0cf446817dbb,wnba,2026-27,2026-08-18T19:22:54+00:00,2026-08-21,Kayla Thornton,203866,player_threes,,,,,,,1.78,"season fg3m history; L5 fg3m x0.45, minutes x1.03",1.469,"player-fitted (n=33, shrunk to league)",,,False,,,,PROJ,False,,,,no_game_in_window_yet,
139aa92b556b4cecbe4cd4d3188083ef,0cf446817dbb,wnba,2026-27,2026-08-18T19:22:54+00:00,2026-08-21,Gabby Williams,1628931,player_points,,,,,,,13.39,season PPG; L5 pts x0.45 + source pts x0.35,6.79,"player-fitted (n=33, shrunk to league)",,,False,,,,PROJ,False,,,,no_game_in_window_yet,
ae5868486ae4459ea14ff777a2431851,0cf446817dbb,wnba,2026-27,2026-08-18T19:22:54+00:00,2026-08-21,Gabby Williams,1628931,player_rebounds,,,,,,,3.02,season RPG; L5 reb x0.45,2.194,"player-fitted (n=33, shrunk to league)",,,False,,,,PROJ,False,,,,no_game_in_window_yet,
7e4aa851c6434c41b1d3c0db5b59b7ae,0cf446817dbb,wnba,2026-27,2026-08-18T19:22:54+00:00,2026-08-21,Gabby Williams,1628931,player_assists,,,,,,,2.02,season APG; L5 ast x0.45,1.616,"player-fitted (n=33, shrunk to league)",,,False,,,,PROJ,False,,,,no_game_in_window_yet,
a6768cbafea046709cfe389dca138a7a,0cf446817dbb,wnba,2026-27,2026-08-18T19:22:54+00:00,2026-08-21,Gabby Williams,1628931,player_threes,,,,,,,1.3,season fg3m history; L5 fg3m x0.45,1.359,"player-fitted (n=33, shrunk to league)",,,False,,,,PROJ,False,,,,no_game_in_window_yet,
794ec551f2284309ad6875b53c9b8440,0cf446817dbb,wnba,2026-27,2026-08-18T19:22:54+00:00,2026-08-21,Kiah Stokes,204329,player_points,,,,,,,3.84,"season PPG; L5 pts x0.45 + source pts x0.35, minutes x0.81",3.641,"player-fitted (n=32, shrunk to league)",,,False,,,,PROJ,False,,,,no_game_in_window_yet,
192fc100c7c246609f08d25be318a36f,0cf446817dbb,wnba,2026-27,2026-08-18T19:22:54+00:00,2026-08-21,Kiah Stokes,204329,player_rebounds,,,,,,,4.99,"season RPG; L5 reb x0.45, minutes x0.81",2.297,"player-fitted (n=32, shrunk to league)",,,False,,,,PROJ,False,,,,no_game_in_window_yet,
5b49a7a5e2a94532bdf5c76293ee84ce,0cf446817dbb,wnba,2026-27,2026-08-18T19:22:54+00:00,2026-08-21,Kiah Stokes,204329,player_assists,,,,,,,1.16,"season APG; L5 ast x0.45, minutes x0.81",1.217,"player-fitted (n=32, shrunk to league)",,,False,,,,PROJ,False,,,,no_game_in_window_yet,
3ad35207293a4200b655981042af506e,0cf446817dbb,wnba,2026-27,2026-08-18T19:22:54+00:00,2026-08-21,Kiah Stokes,204329,player_threes,,,,,,,0.47,"season fg3m history; L5 fg3m x0.45, minutes x0.81",0.784,"player-fitted (n=32, shrunk to league)",,,False,,,,PROJ,False,,,,no_game_in_window_yet,
4320bfdbef214481aa1af62201ae74a0,0cf446817dbb,wnba,2026-27,2026-08-18T19:22:54+00:00,2026-08-21,Janelle Salaun,1642767,player_points,,,,,,,10.86,"season PPG; L5 pts x0.45 + source pts x0.35, minutes x0.79",5.772,"player-fitted (n=32, shrunk to league)",,,False,,,,PROJ,False,,,,no_game_in_window_yet,
db26e3f5db95427382077520e5f0e3c3,0cf446817dbb,wnba,2026-27,2026-08-18T19:22:54+00:00,2026-08-21,Janelle Salaun,1642767,player_rebounds,,,,,,,2.49,"season RPG; L5 reb x0.45, minutes x0.79",1.945,"player-fitted (n=32, shrunk to league)",,,False,,,,PROJ,False,,,,no_game_in_window_yet,
d908c4ceeaf34b19b0f646b501493e89,0cf446817dbb,wnba,2026-27,2026-08-18T19:22:54+00:00,2026-08-21,Janelle Salaun,1642767,player_assists,,,,,,,0.9,"season APG; L5 ast x0.45, minutes x0.79",1.141,"player-fitted (n=32, shrunk to league)",,,False,,,,PROJ,False,,,,no_game_in_window_yet,
f81caf35c94a4a9bb22f1b9db01eb165,0cf446817dbb,wnba,2026-27,2026-08-18T19:22:54+00:00,2026-08-21,Janelle Salaun,1642767,player_threes,,,,,,,2.0,"season fg3m history; L5 fg3m x0.45, minutes x0.79",1.338,"player-fitted (n=32, shrunk to league)",,,False,,,,PROJ,False,,,,no_game_in_window_yet,
f08892d51dd24f0d98a4472ec60b80df,0cf446817dbb,wnba,2026-27,2026-08-18T19:22:54+00:00,2026-08-21,Cecilia Zandalasini,1628508,player_points,,,,,,,7.01,"season PPG; L5 pts x0.45 + source pts x0.35, minutes x0.81",5.342,"player-fitted (n=30, shrunk to league)",,,False,,,,PROJ,False,,,,no_game_in_window_yet,
4e54bc83ac76444083ea697ee79ae9aa,0cf446817dbb,wnba,2026-27,2026-08-18T19:22:54+00:00,2026-08-21,Cecilia Zandalasini,1628508,player_rebounds,,,,,,,2.12,"season RPG; L5 reb x0.45, minutes x0.81",1.702,"player-fitted (n=30, shrunk to league)",,,False,,,,PROJ,False,,,,no_game_in_window_yet,
5c8d587beba84c57b90810044cb43d81,0cf446817dbb,wnba,2026-27,2026-08-18T19:22:54+00:00,2026-08-21,Cecilia Zandalasini,1628508,player_assists,,,,,,,1.69,"season APG; L5 ast x0.45, minutes x0.81",1.355,"player-fitted (n=30, shrunk to league)",,,False,,,,PROJ,False,,,,no_game_in_window_yet,
f1e2305627d8434889a6199f7b4a49aa,0cf446817dbb,wnba,2026-27,2026-08-18T19:22:54+00:00,2026-08-21,Cecilia Zandalasini,1628508,player_threes,,,,,,,1.3,"season fg3m history; L5 fg3m x0.45, minutes x0.81",1.336,"player-fitted (n=30, shrunk to league)",,,False,,,,PROJ,False,,,,no_game_in_window_yet,
2bd3dc50063646cdb009cbf1ca2b0f22,0cf446817dbb,wnba,2026-27,2026-08-18T19:22:54+00:00,2026-08-21,Natasha Cloud,204333,player_points,,,,,,,9.81,"season PPG; L5 pts x0.45 + source pts x0.35, minutes x0.83",4.978,"player-fitted (n=33, shrunk to league)",,,False,,,,PROJ,False,,,,no_game_in_window_yet,
fe9e56a2e76a4e8c815a1af4d67027d6,0cf446817dbb,wnba,2026-27,2026-08-18T19:22:54+00:00,2026-08-21,Natasha Cloud,204333,player_rebounds,,,,,,,2.8,"season RPG; L5 reb x0.45, minutes x0.83",2.039,"player-fitted (n=33, shrunk to league)",,,False,,,,PROJ,False,,,,no_game_in_window_yet,
6a2aedd8cfcf4009a1728045d65d6dce,0cf446817dbb,wnba,2026-27,2026-08-18T19:22:54+00:00,2026-08-21,Natasha Cloud,204333,player_assists,,,,,,,5.03,"season APG; L5 ast x0.45, minutes x0.83",2.266,"player-fitted (n=33, shrunk to league)",,,False,,,,PROJ,False,,,,no_game_in_window_yet,
01c7da49e3984754ac0bc75e98f7d8f8,0cf446817dbb,wnba,2026-27,2026-08-18T19:22:54+00:00,2026-08-21,Natasha Cloud,204333,player_threes,,,,,,,0.77,"season fg3m history; L5 fg3m x0.45, minutes x0.83",0.904,"player-fitted (n=33, shrunk to league)",,,False,,,,PROJ,False,,,,no_game_in_window_yet,
30425c6ab3c34a52804d584e0dd77502,0cf446817dbb,wnba,2026-27,2026-08-18T19:22:54+00:00,2026-08-21,Skylar Diggins,203400,player_points,,,,,,,9.09,season PPG; L5 pts x0.45 + source pts x0.35,7.951,"player-fitted (n=30, shrunk to league)",,,False,,,,PROJ,False,,,,no_game_in_window_yet,
fba4da8f68d14a7f823d2a9be02260be,0cf446817dbb,wnba,2026-27,2026-08-18T19:22:54+00:00,2026-08-21,Skylar Diggins,203400,player_rebounds,,,,,,,1.76,season RPG; L5 reb x0.45,2.456,"player-fitted (n=30, shrunk to league)",,,False,,,,PROJ,False,,,,no_game_in_window_yet,
df6ab4cd0010427097a2b1d9e1661697,0cf446817dbb,wnba,2026-27,2026-08-18T19:22:54+00:00,2026-08-21,Skylar Diggins,203400,player_assists,,,,,,,2.7,season APG; L5 ast x0.45,2.752,"player-fitted (n=30, shrunk to league)",,,False,,,,PROJ,False,,,,no_game_in_window_yet,
e5742c0dc2c5408ebb650c76d5af9c71,0cf446817dbb,wnba,2026-27,2026-08-18T19:22:54+00:00,2026-08-21,Skylar Diggins,203400,player_threes,,,,,,,0.48,season fg3m history; L5 fg3m x0.45,1.096,"player-fitted (n=30, shrunk to league)",,,False,,,,PROJ,False,,,,no_game_in_window_yet,
41c87e43452d45e381ac8c3d6f055cbc,0cf446817dbb,wnba,2026-27,2026-08-18T19:22:54+00:00,2026-08-21,Sydney Taylor,1642321,player_points,,,,,,,15.77,"season PPG; L5 pts x0.45 + source pts x0.35, minutes x1.25",9.203,"player-fitted (n=33, shrunk to league)",,,False,,,,PROJ,False,,,,no_game_in_window_yet,
3d836a44cd9e4977812c8d6db6f16aba,0cf446817dbb,wnba,2026-27,2026-08-18T19:22:54+00:00,2026-08-21,Sydney Taylor,1642321,player_rebounds,,,,,,,1.55,"season RPG; L5 reb x0.45, minutes x1.25",1.5,"player-fitted (n=33, shrunk to league)",,,False,,,,PROJ,False,,,,no_game_in_window_yet,
9b25ee9a9be847d5998728ab988e96ec,0cf446817dbb,wnba,2026-27,2026-08-18T19:22:54+00:00,2026-08-21,Sydney Taylor,1642321,player_assists,,,,,,,1.73,"season APG; L5 ast x0.45, minutes x1.25",1.518,"player-fitted (n=33, shrunk to league)",,,False,,,,PROJ,False,,,,no_game_in_window_yet,
bc74fcff0b924ef3914724efca97d159,0cf446817dbb,wnba,2026-27,2026-08-18T19:22:54+00:00,2026-08-21,Sydney Taylor,1642321,player_threes,,,,,,,2.13,"season fg3m history; L5 fg3m x0.45, minutes x1.25",1.534,"player-fitted (n=33, shrunk to league)",,,False,,,,PROJ,False,,,,no_game_in_window_yet,
23f57d6cbca54934b24e669495e1cf93,0cf446817dbb,wnba,2026-27,2026-08-18T19:22:54+00:00,2026-08-21,Kamilla Cardoso,1642289,player_points,,,,,,,12.89,"season PPG; L5 pts x0.45 + source pts x0.35, minutes x0.84",6.398,"player-fitted (n=34, shrunk to league)",,,False,,,,PROJ,False,,,,no_game_in_window_yet,
e5a02eeafe2f462fa50eef5eef8a232e,0cf446817dbb,wnba,2026-27,2026-08-18T19:22:54+00:00,2026-08-21,Kamilla Cardoso,1642289,player_rebounds,,,,,,,7.57,"season RPG; L5 reb x0.45, minutes x0.84",3.379,"player-fitted (n=34, shrunk to league)",,,False,,,,PROJ,False,,,,no_game_in_window_yet,
88d5b0ed4429454e92db685a79222146,0cf446817dbb,wnba,2026-27,2026-08-18T19:22:54+00:00,2026-08-21,Kamilla Cardoso,1642289,player_assists,,,,,,,1.98,"season APG; L5 ast x0.45, minutes x0.84",1.605,"player-fitted (n=34, shrunk to league)",,,False,,,,PROJ,False,,,,no_game_in_window_yet,
4f105a030eeb48ae95a19c880dadca93,0cf446817dbb,wnba,2026-27,2026-08-18T19:22:54+00:00,2026-08-21,Kamilla Cardoso,1642289,player_threes,,,,,,,0.0,"season fg3m history; L5 fg3m x0.45, minutes x0.84",0.466,"player-fitted (n=34, shrunk to league)",,,False,,,,PROJ,False,,,,no_game_in_window_yet,
9f55b1a842e14d428cd7550344437ca9,0cf446817dbb,wnba,2026-27,2026-08-18T19:22:54+00:00,2026-08-21,Azura Stevens,1628922,player_points,,,,,,,10.27,"season PPG; L5 pts x0.45 + source pts x0.35, minutes x1.25",6.27,"player-fitted (n=32, shrunk to league)",,,False,,,,PROJ,False,,,,no_game_in_window_yet,
3d73dc9860be45aca3c79f43c76d005c,0cf446817dbb,wnba,2026-27,2026-08-18T19:22:54+00:00,2026-08-21,Azura Stevens,1628922,player_rebounds,,,,,,,6.41,"season RPG; L5 reb x0.45, minutes x1.25",3.718,"player-fitted (n=32, shrunk to league)",,,False,,,,PROJ,False,,,,no_game_in_window_yet,
92aa5cbda31d4965802b90552b5fe016,0cf446817dbb,wnba,2026-27,2026-08-18T19:22:54+00:00,2026-08-21,Azura Stevens,1628922,player_assists,,,,,,,1.92,"season APG; L5 ast x0.45, minutes x1.25",1.845,"player-fitted (n=32, shrunk to league)",,,False,,,,PROJ,False,,,,no_game_in_window_yet,
88b1c7ac1958484cb21f1c2e9f65e9de,0cf446817dbb,wnba,2026-27,2026-08-18T19:22:54+00:00,2026-08-21,Azura Stevens,1628922,player_threes,,,,,,,0.61,"season fg3m history; L5 fg3m x0.45, minutes x1.25",1.01,"player-fitted (n=32, shrunk to league)",,,False,,,,PROJ,False,,,,no_game_in_window_yet,
ca1cd0413a974d42ae13eb17bec9f2c0,0cf446817dbb,wnba,2026-27,2026-08-18T19:22:54+00:00,2026-08-21,Courtney Vandersloot,202664,player_points,,,,,,,7.57,"season PPG; L5 pts x0.45 + source pts x0.35, minutes x0.84",5.188,"player-fitted (n=30, shrunk to league)",,,False,,,,PROJ,False,,,,no_game_in_window_yet,
0cfea6054be641a6bf172d830fcb12e3,0cf446817dbb,wnba,2026-27,2026-08-18T19:22:54+00:00,2026-08-21,Courtney Vandersloot,202664,player_rebounds,,,,,,,2.41,"season RPG; L5 reb x0.45, minutes x0.84",2.115,"player-fitted (n=30, shrunk to league)",,,False,,,,PROJ,False,,,,no_game_in_window_yet,
9f2f878926a34ca498cf7b77fac2a6c7,0cf446817dbb,wnba,2026-27,2026-08-18T19:22:54+00:00,2026-08-21,Courtney Vandersloot,202664,player_assists,,,,,,,4.31,"season APG; L5 ast x0.45, minutes x0.84",2.701,"player-fitted (n=30, shrunk to league)",,,False,,,,PROJ,False,,,,no_game_in_window_yet,
96e3ebcedca341cd8d40f5f758e0e879,0cf446817dbb,wnba,2026-27,2026-08-18T19:22:54+00:00,2026-08-21,Courtney Vandersloot,202664,player_threes,,,,,,,0.76,"season fg3m history; L5 fg3m x0.45, minutes x0.84",0.889,"player-fitted (n=30, shrunk to league)",,,False,,,,PROJ,False,,,,no_game_in_window_yet,
c07726940d7a49f88aa807d5654dc810,0cf446817dbb,wnba,2026-27,2026-08-18T19:22:54+00:00,2026-08-21,Bridget Carleton,1629524,player_points,,,,,,,14.97,"season PPG; L5 pts x0.45 + source pts x0.35, minutes x0.94",6.269,"player-fitted (n=34, shrunk to league)",,,False,,,,PROJ,False,,,,no_game_in_window_yet,
19646ac63b884d719abb9ea06b3d06ef,0cf446817dbb,wnba,2026-27,2026-08-18T19:22:54+00:00,2026-08-21,Bridget Carleton,1629524,player_rebounds,,,,,,,5.86,"season RPG; L5 reb x0.45, minutes x0.94",2.602,"player-fitted (n=34, shrunk to league)",,,False,,,,PROJ,False,,,,no_game_in_window_yet,
f2b19619081b40b38e42f582329cc628,0cf446817dbb,wnba,2026-27,2026-08-18T19:22:54+00:00,2026-08-21,Bridget Carleton,1629524,player_assists,,,,,,,1.84,"season APG; L5 ast x0.45, minutes x0.94",1.334,"player-fitted (n=34, shrunk to league)",,,False,,,,PROJ,False,,,,no_game_in_window_yet,
b3e6dc80f2dc473799b6b35ee935fb26,0cf446817dbb,wnba,2026-27,2026-08-18T19:22:54+00:00,2026-08-21,Bridget Carleton,1629524,player_threes,,,,,,,2.96,"season fg3m history; L5 fg3m x0.45, minutes x0.94",1.836,"player-fitted (n=34, shrunk to league)",,,False,,,,PROJ,False,,,,no_game_in_window_yet,
004e916f2fcc470eab08187c222ae135,0cf446817dbb,wnba,2026-27,2026-08-18T19:22:54+00:00,2026-08-21,Carla Leite,1642304,player_points,,,,,,,17.38,"season PPG; L5 pts x0.45 + source pts x0.35, minutes x1.25",6.353,"player-fitted (n=32, shrunk to league)",,,False,,,,PROJ,False,,,,no_game_in_window_yet,
22bdaa8d59a14db3a0f826ebe66d510c,0cf446817dbb,wnba,2026-27,2026-08-18T19:22:54+00:00,2026-08-21,Carla Leite,1642304,player_rebounds,,,,,,,2.48,"season RPG; L5 reb x0.45, minutes x1.25",1.781,"player-fitted (n=32, shrunk to league)",,,False,,,,PROJ,False,,,,no_game_in_window_yet,
dae90e9c9181419193b1847de6bbbed3,0cf446817dbb,wnba,2026-27,2026-08-18T19:22:54+00:00,2026-08-21,Carla Leite,1642304,player_assists,,,,,,,7.3,"season APG; L5 ast x0.45, minutes x1.25",2.97,"player-fitted (n=32, shrunk to league)",,,False,,,,PROJ,False,,,,no_game_in_window_yet,
122a56e9dba44f49aa53cd80e7dc0b80,0cf446817dbb,wnba,2026-27,2026-08-18T19:22:54+00:00,2026-08-21,Carla Leite,1642304,player_threes,,,,,,,1.23,"season fg3m history; L5 fg3m x0.45, minutes x1.25",0.859,"player-fitted (n=32, shrunk to league)",,,False,,,,PROJ,False,,,,no_game_in_window_yet,
c3031b93d5ba4864b1e55a3be8add394,0cf446817dbb,wnba,2026-27,2026-08-18T19:22:54+00:00,2026-08-21,Megan DiLeo,1629484,player_points,,,,,,,12.21,"season PPG; L5 pts x0.45 + source pts x0.35, minutes x0.87",5.69,"player-fitted (n=34, shrunk to league)",,,False,,,,PROJ,False,,,,no_game_in_window_yet,
dfe02d2d201b4d37ae574d7184a96464,0cf446817dbb,wnba,2026-27,2026-08-18T19:22:54+00:00,2026-08-21,Megan DiLeo,1629484,player_rebounds,,,,,,,4.42,"season RPG; L5 reb x0.45, minutes x0.87",2.681,"player-fitted (n=34, shrunk to league)",,,False,,,,PROJ,False,,,,no_game_in_window_yet,
223428c21ba04a7e90dc8538a7b0a5ed,0cf446817dbb,wnba,2026-27,2026-08-18T19:22:54+00:00,2026-08-21,Megan DiLeo,1629484,player_assists,,,,,,,1.02,"season APG; L5 ast x0.45, minutes x0.87",1.317,"player-fitted (n=34, shrunk to league)",,,False,,,,PROJ,False,,,,no_game_in_window_yet,
d43abf10b07849468afb3398d25c0941,0cf446817dbb,wnba,2026-27,2026-08-18T19:22:54+00:00,2026-08-21,Megan DiLeo,1629484,player_threes,,,,,,,1.03,"season fg3m history; L5 fg3m x0.45, minutes x0.87",0.992,"player-fitted (n=34, shrunk to league)",,,False,,,,PROJ,False,,,,no_game_in_window_yet,
c449a8e49fed4244b5b9e726a7248672,0cf446817dbb,wnba,2026-27,2026-08-18T19:22:54+00:00,2026-08-21,Sarah Ashlee Barker,1642782,player_points,,,,,,,8.55,"season PPG; L5 pts x0.45 + source pts x0.35, minutes x1.25",6.022,"player-fitted (n=30, shrunk to league)",,,False,,,,PROJ,False,,,,no_game_in_window_yet,
fc9a45c7758f4732aa0b396f5a66e3e5,0cf446817dbb,wnba,2026-27,2026-08-18T19:22:54+00:00,2026-08-21,Sarah Ashlee Barker,1642782,player_rebounds,,,,,,,3.43,"season RPG; L5 reb x0.45, minutes x1.25",2.47,"player-fitted (n=30, shrunk to league)",,,False,,,,PROJ,False,,,,no_game_in_window_yet,
e828b124c6ab43afaf15fb6b6b043a0d,0cf446817dbb,wnba,2026-27,2026-08-18T19:22:54+00:00,2026-08-21,Sarah Ashlee Barker,1642782,player_assists,,,,,,,1.88,"season APG; L5 ast x0.45, minutes x1.25",1.622,"player-fitted (n=30, shrunk to league)",,,False,,,,PROJ,False,,,,no_game_in_window_yet,
29ca1173edf348a291f51d00e127e487,0cf446817dbb,wnba,2026-27,2026-08-18T19:22:54+00:00,2026-08-21,Sarah Ashlee Barker,1642782,player_threes,,,,,,,0.83,"season fg3m history; L5 fg3m x0.45, minutes x1.25",0.963,"player-fitted (n=30, shrunk to league)",,,False,,,,PROJ,False,,,,no_game_in_window_yet,
88794ab67443436286965e22f52a39ec,0cf446817dbb,wnba,2026-27,2026-08-18T19:22:54+00:00,2026-08-21,Emily Engstler,1631083,player_points,,,,,,,7.42,"season PPG; L5 pts x0.45 + source pts x0.35, minutes x0.85",3.981,"player-fitted (n=34, shrunk to league)",,,False,,,,PROJ,False,,,,no_game_in_window_yet,
3a23666267d044149b2cf8f53a8e5eba,0cf446817dbb,wnba,2026-27,2026-08-18T19:22:54+00:00,2026-08-21,Emily Engstler,1631083,player_rebounds,,,,,,,4.39,"season RPG; L5 reb x0.45, minutes x0.85",2.684,"player-fitted (n=34, shrunk to league)",,,False,,,,PROJ,False,,,,no_game_in_window_yet,
f2524bc2aac641aead7d97de92cca021,0cf446817dbb,wnba,2026-27,2026-08-18T19:22:54+00:00,2026-08-21,Emily Engstler,1631083,player_assists,,,,,,,1.75,"season APG; L5 ast x0.45, minutes x0.85",1.702,"player-fitted (n=34, shrunk to league)",,,False,,,,PROJ,False,,,,no_game_in_window_yet,
7871238559594d158f0027dca331e291,0cf446817dbb,wnba,2026-27,2026-08-18T19:22:54+00:00,2026-08-21,Emily Engstler,1631083,player_threes,,,,,,,0.86,"season fg3m history; L5 fg3m x0.45, minutes x0.85",0.867,"player-fitted (n=34, shrunk to league)",,,False,,,,PROJ,False,,,,no_game_in_window_yet,
817b56c0c1e34bf49fcaf75f9e65fcb7,0cf446817dbb,wnba,2026-27,2026-08-18T19:22:54+00:00,2026-08-21,Nyadiew Puoch,1642296,player_points,,,,,,,4.9,"season PPG; L5 pts x0.45 + source pts x0.35, minutes x0.83",4.679,"player-fitted (n=34, shrunk to league)",,,False,,,,PROJ,False,,,,no_game_in_window_yet,
6e4fdf1b46ff4d45b5506d8b2ab10456,0cf446817dbb,wnba,2026-27,2026-08-18T19:22:54+00:00,2026-08-21,Nyadiew Puoch,1642296,player_rebounds,,,,,,,1.65,"season RPG; L5 reb x0.45, minutes x0.83",1.464,"player-fitted (n=34, shrunk to league)",,,False,,,,PROJ,False,,,,no_game_in_window_yet,
8380827211d745dcb8168cceef60c388,0cf446817dbb,wnba,2026-27,2026-08-18T19:22:54+00:00,2026-08-21,Nyadiew Puoch,1642296,player_assists,,,,,,,0.55,"season APG; L5 ast x0.45, minutes x0.83",0.994,"player-fitted (n=34, shrunk to league)",,,False,,,,PROJ,False,,,,no_game_in_window_yet,
e87bd33233584c0aa2f5cd5598260597,0cf446817dbb,wnba,2026-27,2026-08-18T19:22:54+00:00,2026-08-21,Nyadiew Puoch,1642296,player_threes,,,,,,,0.64,"season fg3m history; L5 fg3m x0.45, minutes x0.83",0.884,"player-fitted (n=34, shrunk to league)",,,False,,,,PROJ,False,,,,no_game_in_window_yet,
365db8429e454ee7ae25b89b4b8c198b,0cf446817dbb,wnba,2026-27,2026-08-18T19:22:54+00:00,2026-08-21,Brittney Sykes,1628279,player_points,,,,,,,13.28,season PPG; L5 pts x0.45 + source pts x0.35,10.869,"player-fitted (n=33, shrunk to league)",,,False,,,,PROJ,False,,,,no_game_in_window_yet,
9b5be22d603043d8b5347ef658587d6d,0cf446817dbb,wnba,2026-27,2026-08-18T19:22:54+00:00,2026-08-21,Brittney Sykes,1628279,player_rebounds,,,,,,,2.09,season RPG; L5 reb x0.45,2.419,"player-fitted (n=33, shrunk to league)",,,False,,,,PROJ,False,,,,no_game_in_window_yet,
dbac50f31aa5493899e1dd2fb70e9381,0cf446817dbb,wnba,2026-27,2026-08-18T19:22:54+00:00,2026-08-21,Brittney Sykes,1628279,player_assists,,,,,,,1.93,season APG; L5 ast x0.45,2.016,"player-fitted (n=33, shrunk to league)",,,False,,,,PROJ,False,,,,no_game_in_window_yet,
943dbbaaec5c4a45bc15aad6fd66bdfe,0cf446817dbb,wnba,2026-27,2026-08-18T19:22:54+00:00,2026-08-21,Brittney Sykes,1628279,player_threes,,,,,,,0.27,season fg3m history; L5 fg3m x0.45,1.019,"player-fitted (n=33, shrunk to league)",,,False,,,,PROJ,False,,,,no_game_in_window_yet,
122dc9097fd045ea8982ecc974166d86,0cf446817dbb,wnba,2026-27,2026-08-18T19:22:54+00:00,2026-08-21,Marina Mabrey,1629497,player_points,,,,,,,19.72,"season PPG; L5 pts x0.45 + source pts x0.35, minutes x1.12",10.423,"player-fitted (n=33, shrunk to league)",,,False,,,,PROJ,False,,,,no_game_in_window_yet,
11f1e8550a01457cb5e50f19c61d7f35,0cf446817dbb,wnba,2026-27,2026-08-18T19:22:54+00:00,2026-08-21,Marina Mabrey,1629497,player_rebounds,,,,,,,3.01,"season RPG; L5 reb x0.45, minutes x1.12",2.09,"player-fitted (n=33, shrunk to league)",,,False,,,,PROJ,False,,,,no_game_in_window_yet,
0f6e2f7c3a7840d886655f2e7bafaa46,0cf446817dbb,wnba,2026-27,2026-08-18T19:22:54+00:00,2026-08-21,Marina Mabrey,1629497,player_assists,,,,,,,3.7,"season APG; L5 ast x0.45, minutes x1.12",1.994,"player-fitted (n=33, shrunk to league)",,,False,,,,PROJ,False,,,,no_game_in_window_yet,
b4d212230a284bd6828c66d0d05f33ad,0cf446817dbb,wnba,2026-27,2026-08-18T19:22:54+00:00,2026-08-21,Marina Mabrey,1629497,player_threes,,,,,,,3.18,"season fg3m history; L5 fg3m x0.45, minutes x1.12",2.14,"player-fitted (n=33, shrunk to league)",,,False,,,,PROJ,False,,,,no_game_in_window_yet,
549c42bb36e74f00aff8c5324fb0674a,0cf446817dbb,wnba,2026-27,2026-08-18T19:22:54+00:00,2026-08-21,Maria Conde,1629576,player_points,,,,,,,9.27,"season PPG; L5 pts x0.45 + source pts x0.35, minutes x1.09",5.539,"player-fitted (n=33, shrunk to league)",,,False,,,,PROJ,False,,,,no_game_in_window_yet,
1cc4cdaa80e748e3b9237c385bf89f67,0cf446817dbb,wnba,2026-27,2026-08-18T19:22:54+00:00,2026-08-21,Maria Conde,1629576,player_rebounds,,,,,,,4.58,"season RPG; L5 reb x0.45, minutes x1.09",2.456,"player-fitted (n=33, shrunk to league)",,,False,,,,PROJ,False,,,,no_game_in_window_yet,
fbd586539a1c4c6ba9a98b2002cd9b16,0cf446817dbb,wnba,2026-27,2026-08-18T19:22:54+00:00,2026-08-21,Maria Conde,1629576,player_assists,,,,,,,2.93,"season APG; L5 ast x0.45, minutes x1.09",1.945,"player-fitted (n=33, shrunk to league)",,,False,,,,PROJ,False,,,,no_game_in_window_yet,
3623fd805a834c3c908b311573c5a004,0cf446817dbb,wnba,2026-27,2026-08-18T19:22:54+00:00,2026-08-21,Maria Conde,1629576,player_threes,,,,,,,1.45,"season fg3m history; L5 fg3m x0.45, minutes x1.09",1.408,"player-fitted (n=33, shrunk to league)",,,False,,,,PROJ,False,,,,no_game_in_window_yet,
b281acdc1e1e46d38bb02d30ab39ca11,0cf446817dbb,wnba,2026-27,2026-08-18T19:22:54+00:00,2026-08-21,Julie Allemand,1627700,player_points,,,,,,,6.6,"season PPG; L5 pts x0.45 + source pts x0.35, minutes x1.05",4.778,"player-fitted (n=32, shrunk to league)",,,False,,,,PROJ,False,,,,no_game_in_window_yet,
a72ecf48b6eb439b90685f005e9532c4,0cf446817dbb,wnba,2026-27,2026-08-18T19:22:54+00:00,2026-08-21,Julie Allemand,1627700,player_rebounds,,,,,,,2.84,"season RPG; L5 reb x0.45, minutes x1.05",2.204,"player-fitted (n=32, shrunk to league)",,,False,,,,PROJ,False,,,,no_game_in_window_yet,
2139b007ffcb4f77845e4c867a23010e,0cf446817dbb,wnba,2026-27,2026-08-18T19:22:54+00:00,2026-08-21,Julie Allemand,1627700,player_assists,,,,,,,5.96,"season APG; L5 ast x0.45, minutes x1.05",3.371,"player-fitted (n=32, shrunk to league)",,,False,,,,PROJ,False,,,,no_game_in_window_yet,
0e0628a5f4e04cfd875262c2646242f7,0cf446817dbb,wnba,2026-27,2026-08-18T19:22:54+00:00,2026-08-21,Julie Allemand,1627700,player_threes,,,,,,,1.36,"season fg3m history; L5 fg3m x0.45, minutes x1.05",1.13,"player-fitted (n=32, shrunk to league)",,,False,,,,PROJ,False,,,,no_game_in_window_yet,
5da8bc4cacbc457ab568b4586795213a,0cf446817dbb,wnba,2026-27,2026-08-18T19:22:54+00:00,2026-08-21,Laura Juskaite,1643420,player_points,,,,,,,9.98,"season PPG; L5 pts x0.45 + source pts x0.35, minutes x0.88",6.076,"player-fitted (n=33, shrunk to league)",,,False,,,,PROJ,False,,,,no_game_in_window_yet,
d79b764aac4d45bdb8fba92492e2e5f9,0cf446817dbb,wnba,2026-27,2026-08-18T19:22:54+00:00,2026-08-21,Laura Juskaite,1643420,player_rebounds,,,,,,,3.56,"season RPG; L5 reb x0.45, minutes x0.88",2.309,"player-fitted (n=33, shrunk to league)",,,False,,,,PROJ,False,,,,no_game_in_window_yet,
85ce66cb50ca451f8dee024a3b8cad74,0cf446817dbb,wnba,2026-27,2026-08-18T19:22:54+00:00,2026-08-21,Laura Juskaite,1643420,player_assists,,,,,,,1.25,"season APG; L5 ast x0.45, minutes x0.88",1.334,"player-fitted (n=33, shrunk to league)",,,False,,,,PROJ,False,,,,no_game_in_window_yet,
9bb05f64489f4f0cba15a4cc95ae6acc,0cf446817dbb,wnba,2026-27,2026-08-18T19:22:54+00:00,2026-08-21,Laura Juskaite,1643420,player_threes,,,,,,,0.72,"season fg3m history; L5 fg3m x0.45, minutes x0.88",1.039,"player-fitted (n=33, shrunk to league)",,,False,,,,PROJ,False,,,,no_game_in_window_yet,
e8f6b5e019c04e1cb4dafb62bbb28733,0cf446817dbb,wnba,2026-27,2026-08-18T19:22:54+00:00,2026-08-21,Nyara Sabally,1631055,player_points,,,,,,,10.92,"season PPG; L5 pts x0.45 + source pts x0.35, minutes x0.77",6.991,"player-fitted (n=33, shrunk to league)",,,False,,,,PROJ,False,,,,no_game_in_window_yet,
a59dbd94ab894f9dbf8623050eb8c58c,0cf446817dbb,wnba,2026-27,2026-08-18T19:22:54+00:00,2026-08-21,Nyara Sabally,1631055,player_rebounds,,,,,,,4.88,"season RPG; L5 reb x0.45, minutes x0.77",2.968,"player-fitted (n=33, shrunk to league)",,,False,,,,PROJ,False,,,,no_game_in_window_yet,
967a6eb0740745898299463f2d32a072,0cf446817dbb,wnba,2026-27,2026-08-18T19:22:54+00:00,2026-08-21,Nyara Sabally,1631055,player_assists,,,,,,,1.34,"season APG; L5 ast x0.45, minutes x0.77",1.454,"player-fitted (n=33, shrunk to league)",,,False,,,,PROJ,False,,,,no_game_in_window_yet,
8f551a934a0f49a4a483f9e23bda08b4,0cf446817dbb,wnba,2026-27,2026-08-18T19:22:54+00:00,2026-08-21,Nyara Sabally,1631055,player_threes,,,,,,,0.81,"season fg3m history; L5 fg3m x0.45, minutes x0.77",0.966,"player-fitted (n=33, shrunk to league)",,,False,,,,PROJ,False,,,,no_game_in_window_yet,
242d9823ebf64fe7a0fc97b73e4081ae,0cf446817dbb,wnba,2026-27,2026-08-18T19:22:54+00:00,2026-08-22,Kelsey Mitchell,1628909,player_points,,,,,,,23.97,"season PPG; L5 pts x0.45 + source pts x0.35, minutes x0.88",5.399,"player-fitted (n=34, shrunk to league)",,,False,,,,PROJ,False,,,,no_game_in_window_yet,
9cef463c47ba416a96f8de5d54bc6092,0cf446817dbb,wnba,2026-27,2026-08-18T19:22:54+00:00,2026-08-22,Kelsey Mitchell,1628909,player_rebounds,,,,,,,1.69,"season RPG; L5 reb x0.45, minutes x0.88",1.793,"player-fitted (n=34, shrunk to league)",,,False,,,,PROJ,False,,,,no_game_in_window_yet,
4239f62d2a314823a290e27ba21f9ae4,0cf446817dbb,wnba,2026-27,2026-08-18T19:22:54+00:00,2026-08-22,Kelsey Mitchell,1628909,player_assists,,,,,,,2.41,"season APG; L5 ast x0.45, minutes x0.88",1.626,"player-fitted (n=34, shrunk to league)",,,False,,,,PROJ,False,,,,no_game_in_window_yet,
1e61e6d02e1d42cfb81298a40ca1e3ce,0cf446817dbb,wnba,2026-27,2026-08-18T19:22:54+00:00,2026-08-22,Kelsey Mitchell,1628909,player_threes,,,,,,,2.66,"season fg3m history; L5 fg3m x0.45, minutes x0.88",1.337,"player-fitted (n=34, shrunk to league)",,,False,,,,PROJ,False,,,,no_game_in_window_yet,
f40c53c80ff64c9d8d583ff64bfa824f,0cf446817dbb,wnba,2026-27,2026-08-18T19:22:54+00:00,2026-08-22,Caitlin Clark,1642286,player_points,,,,,,,20.17,"season PPG; L5 pts x0.45 + source pts x0.35, minutes x0.85",9.073,"player-fitted (n=33, shrunk to league)",,,False,,,,PROJ,False,,,,no_game_in_window_yet,
83d09923ae004b96bf8bd70200cf1c31,0cf446817dbb,wnba,2026-27,2026-08-18T19:22:54+00:00,2026-08-22,Caitlin Clark,1642286,player_rebounds,,,,,,,2.98,"season RPG; L5 reb x0.45, minutes x0.85",2.337,"player-fitted (n=33, shrunk to league)",,,False,,,,PROJ,False,,,,no_game_in_window_yet,
050ae2cb7212420ca163c8949e298e29,0cf446817dbb,wnba,2026-27,2026-08-18T19:22:54+00:00,2026-08-22,Caitlin Clark,1642286,player_assists,,,,,,,7.66,"season APG; L5 ast x0.45, minutes x0.85",2.94,"player-fitted (n=33, shrunk to league)",,,False,,,,PROJ,False,,,,no_game_in_window_yet,
ebd07d884a2047c4925dbc9cc8bb08a5,0cf446817dbb,wnba,2026-27,2026-08-18T19:22:54+00:00,2026-08-22,Caitlin Clark,1642286,player_threes,,,,,,,2.3,"season fg3m history; L5 fg3m x0.45, minutes x0.85",1.63,"player-fitted (n=33, shrunk to league)",,,False,,,,PROJ,False,,,,no_game_in_window_yet,
dab3ac1c0f9e47699ff32be05e3edd03,0cf446817dbb,wnba,2026-27,2026-08-18T19:22:54+00:00,2026-08-22,Aliyah Boston,1641648,player_points,,,,,,,15.28,"season PPG; L5 pts x0.45 + source pts x0.35, minutes x0.89",6.582,"player-fitted (n=33, shrunk to league)",,,False,,,,PROJ,False,,,,no_game_in_window_yet,
9d8199b6fed9463c8b44e82af8dabba0,0cf446817dbb,wnba,2026-27,2026-08-18T19:22:54+00:00,2026-08-22,Aliyah Boston,1641648,player_rebounds,,,,,,,8.01,"season RPG; L5 reb x0.45, minutes x0.89",3.125,"player-fitted (n=33, shrunk to league)",,,False,,,,PROJ,False,,,,no_game_in_window_yet,
9f75d3e2647c43d6b12d9349cc8a35c6,0cf446817dbb,wnba,2026-27,2026-08-18T19:22:54+00:00,2026-08-22,Aliyah Boston,1641648,player_assists,,,,,,,2.83,"season APG; L5 ast x0.45, minutes x0.89",1.814,"player-fitted (n=33, shrunk to league)",,,False,,,,PROJ,False,,,,no_game_in_window_yet,
2b345106eb6a4a7aa7e1f87a42de58e2,0cf446817dbb,wnba,2026-27,2026-08-18T19:22:54+00:00,2026-08-22,Aliyah Boston,1641648,player_threes,,,,,,,1.13,"season fg3m history; L5 fg3m x0.45, minutes x0.89",0.995,"player-fitted (n=33, shrunk to league)",,,False,,,,PROJ,False,,,,no_game_in_window_yet,
e25eafed04dd4bed93af585572c561b9,0cf446817dbb,wnba,2026-27,2026-08-18T19:22:54+00:00,2026-08-22,Makayla Timpson,1642815,player_points,,,,,,,4.96,"season PPG; L5 pts x0.45 + source pts x0.35, minutes x0.93",4.279,"player-fitted (n=34, shrunk to league)",,,False,,,,PROJ,False,,,,no_game_in_window_yet,
4f870b5855334e93900d77a01087f9d8,0cf446817dbb,wnba,2026-27,2026-08-18T19:22:54+00:00,2026-08-22,Makayla Timpson,1642815,player_rebounds,,,,,,,4.7,"season RPG; L5 reb x0.45, minutes x0.93",2.475,"player-fitted (n=34, shrunk to league)",,,False,,,,PROJ,False,,,,no_game_in_window_yet,
4113b2b14b00424c84d48568892eac1d,0cf446817dbb,wnba,2026-27,2026-08-18T19:22:54+00:00,2026-08-22,Makayla Timpson,1642815,player_assists,,,,,,,0.59,"season APG; L5 ast x0.45, minutes x0.93",1.025,"player-fitted (n=34, shrunk to league)",,,False,,,,PROJ,False,,,,no_game_in_window_yet,
5e7b1aa426744a9996f175243d3d3345,0cf446817dbb,wnba,2026-27,2026-08-18T19:22:54+00:00,2026-08-22,Makayla Timpson,1642815,player_threes,,,,,,,0.0,"season fg3m history; L5 fg3m x0.45, minutes x0.93",0.466,"player-fitted (n=34, shrunk to league)",,,False,,,,PROJ,False,,,,no_game_in_window_yet,
15fabb086f3b4106921e32907106bbbe,0cf446817dbb,wnba,2026-27,2026-08-18T19:22:54+00:00,2026-08-22,Sophie Cunningham,1629482,player_points,,,,,,,6.89,season PPG; L5 pts x0.45 + source pts x0.35,5.572,"player-fitted (n=34, shrunk to league)",,,False,,,,PROJ,False,,,,no_game_in_window_yet,
0756614b0760496fa9d0787abb91e8fe,0cf446817dbb,wnba,2026-27,2026-08-18T19:22:54+00:00,2026-08-22,Sophie Cunningham,1629482,player_rebounds,,,,,,,1.93,season RPG; L5 reb x0.45,1.893,"player-fitted (n=34, shrunk to league)",,,False,,,,PROJ,False,,,,no_game_in_window_yet,
4cb345669eb64c4f8448a094bc234312,0cf446817dbb,wnba,2026-27,2026-08-18T19:22:54+00:00,2026-08-22,Sophie Cunningham,1629482,player_assists,,,,,,,0.84,season APG; L5 ast x0.45,1.235,"player-fitted (n=34, shrunk to league)",,,False,,,,PROJ,False,,,,no_game_in_window_yet,
217659334ef848eeb74f5b4b52787dfc,0cf446817dbb,wnba,2026-27,2026-08-18T19:22:54+00:00,2026-08-22,Sophie Cunningham,1629482,player_threes,,,,,,,1.46,season fg3m history; L5 fg3m x0.45,1.469,"player-fitted (n=34, shrunk to league)",,,False,,,,PROJ,False,,,,no_game_in_window_yet,
49606e3b861d4d0ab8930466bd7f2dbd,0cf446817dbb,wnba,2026-27,2026-08-18T19:22:54+00:00,2026-08-22,Monique Billings,1628881,player_points,,,,,,,7.55,"season PPG; L5 pts x0.45 + source pts x0.35, minutes x1.04",5.096,"player-fitted (n=34, shrunk to league)",,,False,,,,PROJ,False,,,,no_game_in_window_yet,
47e928ccca3a41a69aeea11ffc99e927,0cf446817dbb,wnba,2026-27,2026-08-18T19:22:54+00:00,2026-08-22,Monique Billings,1628881,player_rebounds,,,,,,,4.55,"season RPG; L5 reb x0.45, minutes x1.04",2.811,"player-fitted (n=34, shrunk to league)",,,False,,,,PROJ,False,,,,no_game_in_window_yet,
7780b02c592044ef9488d3bf132d6f74,0cf446817dbb,wnba,2026-27,2026-08-18T19:22:54+00:00,2026-08-22,Monique Billings,1628881,player_assists,,,,,,,1.09,"season APG; L5 ast x0.45, minutes x1.04",1.135,"player-fitted (n=34, shrunk to league)",,,False,,,,PROJ,False,,,,no_game_in_window_yet,
6829d9cb0b424c60909c6fa8ab87734e,0cf446817dbb,wnba,2026-27,2026-08-18T19:22:54+00:00,2026-08-22,Monique Billings,1628881,player_threes,,,,,,,0.08,"season fg3m history; L5 fg3m x0.45, minutes x1.04",0.563,"player-fitted (n=34, shrunk to league)",,,False,,,,PROJ,False,,,,no_game_in_window_yet,
99b47b0b551844588e14d779887c91fd,0cf446817dbb,wnba,2026-27,2026-08-18T19:22:54+00:00,2026-08-22,Breanna Stewart,1627668,player_points,,,,,,,18.15,"season PPG; L5 pts x0.45 + source pts x0.35, minutes x0.90",7.23,"player-fitted (n=36, shrunk to league)",,,False,,,,PROJ,False,,,,no_game_in_window_yet,
795d6d97f8854730bd2df2b52719e62c,0cf446817dbb,wnba,2026-27,2026-08-18T19:22:54+00:00,2026-08-22,Breanna Stewart,1627668,player_rebounds,,,,,,,6.38,"season RPG; L5 reb x0.45, minutes x0.90",2.569,"player-fitted (n=36, shrunk to league)",,,False,,,,PROJ,False,,,,no_game_in_window_yet,
032934f002eb430c9b1a7237b5c23428,0cf446817dbb,wnba,2026-27,2026-08-18T19:22:54+00:00,2026-08-22,Breanna Stewart,1627668,player_assists,,,,,,,3.03,"season APG; L5 ast x0.45, minutes x0.90",1.887,"player-fitted (n=36, shrunk to league)",,,False,,,,PROJ,False,,,,no_game_in_window_yet,
70bf6ca13c8e4c83bbb178c971867fa0,0cf446817dbb,wnba,2026-27,2026-08-18T19:22:54+00:00,2026-08-22,Breanna Stewart,1627668,player_threes,,,,,,,0.62,"season fg3m history; L5 fg3m x0.45, minutes x0.90",0.838,"player-fitted (n=36, shrunk to league)",,,False,,,,PROJ,False,,,,no_game_in_window_yet,
b7c5a25322914ebaa6de25db4121a03c,0cf446817dbb,wnba,2026-27,2026-08-18T19:22:54+00:00,2026-08-22,Sabrina Ionescu,1629477,player_points,,,,,,,16.88,"season PPG; L5 pts x0.45 + source pts x0.35, minutes x1.19",8.476,"player-fitted (n=28, shrunk to league)",,,False,,,,PROJ,False,,,,no_game_in_window_yet,
206f62e06ba642239e08d41c43cee985,0cf446817dbb,wnba,2026-27,2026-08-18T19:22:54+00:00,2026-08-22,Sabrina Ionescu,1629477,player_rebounds,,,,,,,4.21,"season RPG; L5 reb x0.45, minutes x1.19",2.452,"player-fitted (n=28, shrunk to league)",,,False,,,,PROJ,False,,,,no_game_in_window_yet,
8dfcd4d3643645b59b6387accc02a342,0cf446817dbb,wnba,2026-27,2026-08-18T19:22:54+00:00,2026-08-22,Sabrina Ionescu,1629477,player_assists,,,,,,,4.75,"season APG; L5 ast x0.45, minutes x1.19",2.373,"player-fitted (n=28, shrunk to league)",,,False,,,,PROJ,False,,,,no_game_in_window_yet,
73e5e442bd3a4614a8fc6daf44621bf4,0cf446817dbb,wnba,2026-27,2026-08-18T19:22:54+00:00,2026-08-22,Sabrina Ionescu,1629477,player_threes,,,,,,,1.54,"season fg3m history; L5 fg3m x0.45, minutes x1.19",1.386,"player-fitted (n=28, shrunk to league)",,,False,,,,PROJ,False,,,,no_game_in_window_yet,
f7ccef84b79a494f89ee6995d0c7fa25,0cf446817dbb,wnba,2026-27,2026-08-18T19:22:54+00:00,2026-08-22,Leonie Fiebich,1630142,player_points,,,,,,,6.49,season PPG; L5 pts x0.45 + source pts x0.35,6.047,"player-fitted (n=20, shrunk to league)",,,False,,,,PROJ,False,,,,no_game_in_window_yet,
d04e8e88cb634182896ac86b31c97b15,0cf446817dbb,wnba,2026-27,2026-08-18T19:22:54+00:00,2026-08-22,Leonie Fiebich,1630142,player_rebounds,,,,,,,1.43,season RPG; L5 reb x0.45,2.104,"player-fitted (n=20, shrunk to league)",,,False,,,,PROJ,False,,,,no_game_in_window_yet,
bae7e488fa8f482f8f94416e4679a4bc,0cf446817dbb,wnba,2026-27,2026-08-18T19:22:54+00:00,2026-08-22,Leonie Fiebich,1630142,player_assists,,,,,,,1.04,season APG; L5 ast x0.45,1.376,"player-fitted (n=20, shrunk to league)",,,False,,,,PROJ,False,,,,no_game_in_window_yet,
c87d5ff3713d4d23b24d2cada255ddfa,0cf446817dbb,wnba,2026-27,2026-08-18T19:22:54+00:00,2026-08-22,Leonie Fiebich,1630142,player_threes,,,,,,,0.72,season fg3m history; L5 fg3m x0.45,1.253,"player-fitted (n=20, shrunk to league)",,,False,,,,PROJ,False,,,,no_game_in_window_yet,
9bfc94146c5c40dea41c897de6a4b916,0cf446817dbb,wnba,2026-27,2026-08-18T19:22:54+00:00,2026-08-22,Jonquel Jones,1627673,player_points,,,,,,,12.49,"season PPG; L5 pts x0.45 + source pts x0.35, minutes x0.80",5.22,"player-fitted (n=36, shrunk to league)",,,False,,,,PROJ,False,,,,no_game_in_window_yet,
61729e6b4f8f4c2090275c2eaa0ad1f8,0cf446817dbb,wnba,2026-27,2026-08-18T19:22:54+00:00,2026-08-22,Jonquel Jones,1627673,player_rebounds,,,,,,,8.64,"season RPG; L5 reb x0.45, minutes x0.80",3.347,"player-fitted (n=36, shrunk to league)",,,False,,,,PROJ,False,,,,no_game_in_window_yet,
efc4b2b3588d4fb088ca29b7de3e3c89,0cf446817dbb,wnba,2026-27,2026-08-18T19:22:54+00:00,2026-08-22,Jonquel Jones,1627673,player_assists,,,,,,,2.51,"season APG; L5 ast x0.45, minutes x0.80",1.584,"player-fitted (n=36, shrunk to league)",,,False,,,,PROJ,False,,,,no_game_in_window_yet,
14fd5e6b70d04a87ad14b9d1661835b8,0cf446817dbb,wnba,2026-27,2026-08-18T19:22:54+00:00,2026-08-22,Jonquel Jones,1627673,player_threes,,,,,,,1.51,"season fg3m history; L5 fg3m x0.45, minutes x0.80",1.296,"player-fitted (n=36, shrunk to league)",,,False,,,,PROJ,False,,,,no_game_in_window_yet,
0c809668d78841a7967da8f368848eec,0cf446817dbb,wnba,2026-27,2026-08-18T19:22:54+00:00,2026-08-22,Pauline Astier,1631136,player_points,,,,,,,8.15,season PPG; L5 pts x0.45 + source pts x0.35,5.504,"player-fitted (n=36, shrunk to league)",,,False,,,,PROJ,False,,,,no_game_in_window_yet,
1e7d517428b64c92913bea287ceb6a26,0cf446817dbb,wnba,2026-27,2026-08-18T19:22:54+00:00,2026-08-22,Pauline Astier,1631136,player_rebounds,,,,,,,2.22,season RPG; L5 reb x0.45,1.998,"player-fitted (n=36, shrunk to league)",,,False,,,,PROJ,False,,,,no_game_in_window_yet,
fb9ede10399b4c049dc7e137bd2433e0,0cf446817dbb,wnba,2026-27,2026-08-18T19:22:54+00:00,2026-08-22,Pauline Astier,1631136,player_assists,,,,,,,3.54,season APG; L5 ast x0.45,1.671,"player-fitted (n=36, shrunk to league)",,,False,,,,PROJ,False,,,,no_game_in_window_yet,
b3406c3312754f9b989d1dd3fde2f1ff,0cf446817dbb,wnba,2026-27,2026-08-18T19:22:54+00:00,2026-08-22,Pauline Astier,1631136,player_threes,,,,,,,0.23,season fg3m history; L5 fg3m x0.45,0.79,"player-fitted (n=36, shrunk to league)",,,False,,,,PROJ,False,,,,no_game_in_window_yet,
44b6519bc79e49f9b302ae8806e035d2,0cf446817dbb,wnba,2026-27,2026-08-18T19:22:54+00:00,2026-08-22,Rebecca Allen,204296,player_points,,,,,,,5.81,"season PPG; L5 pts x0.45 + source pts x0.35, minutes x0.75",4.829,"player-fitted (n=35, shrunk to league)",,,False,,,,PROJ,False,,,,no_game_in_window_yet,
888a1420538840a7972b5d8f300a2740,0cf446817dbb,wnba,2026-27,2026-08-18T19:22:54+00:00,2026-08-22,Rebecca Allen,204296,player_rebounds,,,,,,,2.06,"season RPG; L5 reb x0.45, minutes x0.75",2.004,"player-fitted (n=35, shrunk to league)",,,False,,,,PROJ,False,,,,no_game_in_window_yet,
665586d7b84548cdacde50b342ba03bf,0cf446817dbb,wnba,2026-27,2026-08-18T19:22:54+00:00,2026-08-22,Rebecca Allen,204296,player_assists,,,,,,,0.56,"season APG; L5 ast x0.45, minutes x0.75",0.942,"player-fitted (n=35, shrunk to league)",,,False,,,,PROJ,False,,,,no_game_in_window_yet,
6e732e9a511d450e9ef85f7338f61116,0cf446817dbb,wnba,2026-27,2026-08-18T19:22:54+00:00,2026-08-22,Rebecca Allen,204296,player_threes,,,,,,,1.08,"season fg3m history; L5 fg3m x0.45, minutes x0.75",0.991,"player-fitted (n=35, shrunk to league)",,,False,,,,PROJ,False,,,,no_game_in_window_yet,
faf57b23a2054c67bee527e021caafd5,0cf446817dbb,wnba,2026-27,2026-08-18T19:22:54+00:00,2026-08-22,Leila Lacan,1642303,player_points,,,,,,,10.33,"season PPG; L5 pts x0.45 + source pts x0.35, minutes x0.97",5.322,"player-fitted (n=24, shrunk to league)",,,False,,,,PROJ,False,,,,no_game_in_window_yet,
e83d12ec5c9c49eaa5756a19b77d1853,0cf446817dbb,wnba,2026-27,2026-08-18T19:22:54+00:00,2026-08-22,Leila Lacan,1642303,player_rebounds,,,,,,,2.19,"season RPG; L5 reb x0.45, minutes x0.97",1.759,"player-fitted (n=24, shrunk to league)",,,False,,,,PROJ,False,,,,no_game_in_window_yet,
967aa9fcd15a45f88afacbf86695991a,0cf446817dbb,wnba,2026-27,2026-08-18T19:22:54+00:00,2026-08-22,Leila Lacan,1642303,player_assists,,,,,,,4.31,"season APG; L5 ast x0.45, minutes x0.97",1.657,"player-fitted (n=24, shrunk to league)",,,False,,,,PROJ,False,,,,no_game_in_window_yet,
98ce525217c44177872450c1b151906c,0cf446817dbb,wnba,2026-27,2026-08-18T19:22:54+00:00,2026-08-22,Leila Lacan,1642303,player_threes,,,,,,,1.01,"season fg3m history; L5 fg3m x0.45, minutes x0.97",0.94,"player-fitted (n=24, shrunk to league)",,,False,,,,PROJ,False,,,,no_game_in_window_yet,
9b23e59c3c12463b9da03daeb377de74,0cf446817dbb,wnba,2026-27,2026-08-18T19:22:54+00:00,2026-08-22,Diamond Miller,1641649,player_points,,,,,,,10.49,"season PPG; L5 pts x0.45 + source pts x0.35, minutes x0.97",5.004,"player-fitted (n=33, shrunk to league)",,,False,,,,PROJ,False,,,,no_game_in_window_yet,
ef3f2d2de1734201b38fafaea9690974,0cf446817dbb,wnba,2026-27,2026-08-18T19:22:54+00:00,2026-08-22,Diamond Miller,1641649,player_rebounds,,,,,,,3.04,"season RPG; L5 reb x0.45, minutes x0.97",1.884,"player-fitted (n=33, shrunk to league)",,,False,,,,PROJ,False,,,,no_game_in_window_yet,
d7543b47a04e4325bd1a91fb668b5887,0cf446817dbb,wnba,2026-27,2026-08-18T19:22:54+00:00,2026-08-22,Diamond Miller,1641649,player_assists,,,,,,,1.62,"season APG; L5 ast x0.45, minutes x0.97",1.334,"player-fitted (n=33, shrunk to league)",,,False,,,,PROJ,False,,,,no_game_in_window_yet,
7dc31efe03ac49db9201ffe93c4f6ce6,0cf446817dbb,wnba,2026-27,2026-08-18T19:22:54+00:00,2026-08-22,Diamond Miller,1641649,player_threes,,,,,,,1.38,"season fg3m history; L5 fg3m x0.45, minutes x0.97",1.079,"player-fitted (n=33, shrunk to league)",,,False,,,,PROJ,False,,,,no_game_in_window_yet,
88a2ea20d2b1428d93fee019d7c1a4ed,0cf446817dbb,wnba,2026-27,2026-08-18T19:22:54+00:00,2026-08-22,Charlisse Leger-Walker,1643449,player_points,,,,,,,6.04,"season PPG; L5 pts x0.45 + source pts x0.35, minutes x0.91",4.55,"player-fitted (n=33, shrunk to league)",,,False,,,,PROJ,False,,,,no_game_in_window_yet,
b6452d44bc8742b7bcda6f8ceaee4c8d,0cf446817dbb,wnba,2026-27,2026-08-18T19:22:54+00:00,2026-08-22,Charlisse Leger-Walker,1643449,player_rebounds,,,,,,,1.63,"season RPG; L5 reb x0.45, minutes x0.91",1.759,"player-fitted (n=33, shrunk to league)",,,False,,,,PROJ,False,,,,no_game_in_window_yet,
cf638fa79b8748919cc7a85d886c8f35,0cf446817dbb,wnba,2026-27,2026-08-18T19:22:54+00:00,2026-08-22,Charlisse Leger-Walker,1643449,player_assists,,,,,,,2.86,"season APG; L5 ast x0.45, minutes x0.91",1.788,"player-fitted (n=33, shrunk to league)",,,False,,,,PROJ,False,,,,no_game_in_window_yet,
3a42e72efe864dd1ab0f42b920fe6e8e,0cf446817dbb,wnba,2026-27,2026-08-18T19:22:54+00:00,2026-08-22,Charlisse Leger-Walker,1643449,player_threes,,,,,,,1.25,"season fg3m history; L5 fg3m x0.45, minutes x0.91",1.019,"player-fitted (n=33, shrunk to league)",,,False,,,,PROJ,False,,,,no_game_in_window_yet,
00bb73a7fb954a79af7611e23e7896ce,0cf446817dbb,wnba,2026-27,2026-08-18T19:22:54+00:00,2026-08-22,Olivia Nelson-Ododa,1631135,player_points,,,,,,,10.42,season PPG; L5 pts x0.45 + source pts x0.35,5.472,"player-fitted (n=32, shrunk to league)",,,False,,,,PROJ,False,,,,no_game_in_window_yet,
3246b86d975c40658a0e8bfec3b015c9,0cf446817dbb,wnba,2026-27,2026-08-18T19:22:54+00:00,2026-08-22,Olivia Nelson-Ododa,1631135,player_rebounds,,,,,,,6.96,season RPG; L5 reb x0.45,3.81,"player-fitted (n=32, shrunk to league)",,,False,,,,PROJ,False,,,,no_game_in_window_yet,
fd6bee5e936e48dd9fea2ca9c78bf6c6,0cf446817dbb,wnba,2026-27,2026-08-18T19:22:54+00:00,2026-08-22,Olivia Nelson-Ododa,1631135,player_assists,,,,,,,1.21,season APG; L5 ast x0.45,1.47,"player-fitted (n=32, shrunk to league)",,,False,,,,PROJ,False,,,,no_game_in_window_yet,
0d17c34cae9d483ca6bd1ebba773c664,0cf446817dbb,wnba,2026-27,2026-08-18T19:22:54+00:00,2026-08-22,Olivia Nelson-Ododa,1631135,player_threes,,,,,,,0.0,season fg3m history; L5 fg3m x0.45,0.478,"player-fitted (n=32, shrunk to league)",,,False,,,,PROJ,False,,,,no_game_in_window_yet,
997e5509e9154747ad2382b69c762a97,0cf446817dbb,wnba,2026-27,2026-08-18T19:22:54+00:00,2026-08-22,Brittney Griner,203398,player_points,,,,,,,11.34,"season PPG; L5 pts x0.45 + source pts x0.35, minutes x1.25",7.435,"player-fitted (n=32, shrunk to league)",,,False,,,,PROJ,False,,,,no_game_in_window_yet,
493ecbe75ec24cb486c2c76d8ab27e61,0cf446817dbb,wnba,2026-27,2026-08-18T19:22:54+00:00,2026-08-22,Brittney Griner,203398,player_rebounds,,,,,,,5.67,"season RPG; L5 reb x0.45, minutes x1.25",3.282,"player-fitted (n=32, shrunk to league)",,,False,,,,PROJ,False,,,,no_game_in_window_yet,
1fbfe8abc31148169af3bf5e1fe74445,0cf446817dbb,wnba,2026-27,2026-08-18T19:22:54+00:00,2026-08-22,Brittney Griner,203398,player_assists,,,,,,,2.17,"season APG; L5 ast x0.45, minutes x1.25",1.77,"player-fitted (n=32, shrunk to league)",,,False,,,,PROJ,False,,,,no_game_in_window_yet,
491cb827dff04f1abfaaff014be24c53,0cf446817dbb,wnba,2026-27,2026-08-18T19:22:54+00:00,2026-08-22,Brittney Griner,203398,player_threes,,,,,,,0.13,"season fg3m history; L5 fg3m x0.45, minutes x1.25",0.502,"player-fitted (n=32, shrunk to league)",,,False,,,,PROJ,False,,,,no_game_in_window_yet,
51a349f1718d4f54b1c6505de40d48ed,0cf446817dbb,wnba,2026-27,2026-08-18T19:22:54+00:00,2026-08-22,Kennedy Burke,1629568,player_points,,,,,,,8.09,"season PPG; L5 pts x0.45 + source pts x0.35, minutes x0.91",5.163,"player-fitted (n=33, shrunk to league)",,,False,,,,PROJ,False,,,,no_game_in_window_yet,
af7fac761b774feb95acdcae5d8719e4,0cf446817dbb,wnba,2026-27,2026-08-18T19:22:54+00:00,2026-08-22,Kennedy Burke,1629568,player_rebounds,,,,,,,2.67,"season RPG; L5 reb x0.45, minutes x0.91",2.081,"player-fitted (n=33, shrunk to league)",,,False,,,,PROJ,False,,,,no_game_in_window_yet,
d09d99b3bdec4d43af455cbb0ce5a717,0cf446817dbb,wnba,2026-27,2026-08-18T19:22:54+00:00,2026-08-22,Kennedy Burke,1629568,player_assists,,,,,,,1.03,"season APG; L5 ast x0.45, minutes x0.91",1.452,"player-fitted (n=33, shrunk to league)",,,False,,,,PROJ,False,,,,no_game_in_window_yet,
1d78e19c9668484988f606e5aff979c0,0cf446817dbb,wnba,2026-27,2026-08-18T19:22:54+00:00,2026-08-22,Kennedy Burke,1629568,player_threes,,,,,,,1.17,"season fg3m history; L5 fg3m x0.45, minutes x0.91",1.072,"player-fitted (n=33, shrunk to league)",,,False,,,,PROJ,False,,,,no_game_in_window_yet,
0da94df65ce643c0ab6ffc7acf8d4073,0cf446817dbb,wnba,2026-27,2026-08-18T19:22:54+00:00,2026-08-22,Nneka Ogwumike,203014,player_points,,,,,,,15.5,"season PPG; L5 pts x0.45 + source pts x0.35, minutes x0.92",4.925,"player-fitted (n=33, shrunk to league)",,,False,,,,PROJ,False,,,,no_game_in_window_yet,
53c8c7067f4f45dcbe5ae7b2a389c39e,0cf446817dbb,wnba,2026-27,2026-08-18T19:22:54+00:00,2026-08-22,Nneka Ogwumike,203014,player_rebounds,,,,,,,7.85,"season RPG; L5 reb x0.45, minutes x0.92",2.995,"player-fitted (n=33, shrunk to league)",,,False,,,,PROJ,False,,,,no_game_in_window_yet,
28bb5d8697f44f948095ec76a1f594ab,0cf446817dbb,wnba,2026-27,2026-08-18T19:22:54+00:00,2026-08-22,Nneka Ogwumike,203014,player_assists,,,,,,,3.06,"season APG; L5 ast x0.45, minutes x0.92",1.873,"player-fitted (n=33, shrunk to league)",,,False,,,,PROJ,False,,,,no_game_in_window_yet,
6a33d907efb04f0a8869cd0867e702b2,0cf446817dbb,wnba,2026-27,2026-08-18T19:22:54+00:00,2026-08-22,Nneka Ogwumike,203014,player_threes,,,,,,,1.23,"season fg3m history; L5 fg3m x0.45, minutes x0.92",1.018,"player-fitted (n=33, shrunk to league)",,,False,,,,PROJ,False,,,,no_game_in_window_yet,
2b7fe60c862444759443e50613fa51ea,0cf446817dbb,wnba,2026-27,2026-08-18T19:22:54+00:00,2026-08-22,Rae Burrell,1630996,player_points,,,,,,,13.65,"season PPG; L5 pts x0.45 + source pts x0.35, minutes x0.84",6.612,"player-fitted (n=34, shrunk to league)",,,False,,,,PROJ,False,,,,no_game_in_window_yet,
7efb5ed8b78e4176a67ff2c73bdb9cd2,0cf446817dbb,wnba,2026-27,2026-08-18T19:22:54+00:00,2026-08-22,Rae Burrell,1630996,player_rebounds,,,,,,,2.18,"season RPG; L5 reb x0.45, minutes x0.84",1.472,"player-fitted (n=34, shrunk to league)",,,False,,,,PROJ,False,,,,no_game_in_window_yet,
b5de6a7a533f4768a47d19e128b0950b,0cf446817dbb,wnba,2026-27,2026-08-18T19:22:54+00:00,2026-08-22,Rae Burrell,1630996,player_assists,,,,,,,2.3,"season APG; L5 ast x0.45, minutes x0.84",1.518,"player-fitted (n=34, shrunk to league)",,,False,,,,PROJ,False,,,,no_game_in_window_yet,
455ccd6591bf48378be9f66bdb03ce4b,0cf446817dbb,wnba,2026-27,2026-08-18T19:22:54+00:00,2026-08-22,Rae Burrell,1630996,player_threes,,,,,,,1.68,"season fg3m history; L5 fg3m x0.45, minutes x0.84",1.231,"player-fitted (n=34, shrunk to league)",,,False,,,,PROJ,False,,,,no_game_in_window_yet,
d4299997e39f46f88e3a447a9fcf2f64,0cf446817dbb,wnba,2026-27,2026-08-18T19:22:54+00:00,2026-08-22,Dearica Hamby,204324,player_points,,,,,,,14.79,"season PPG; L5 pts x0.45 + source pts x0.35, minutes x0.93",5.415,"player-fitted (n=34, shrunk to league)",,,False,,,,PROJ,False,,,,no_game_in_window_yet,
787eed22a0514f069c0d8ceadcae46bd,0cf446817dbb,wnba,2026-27,2026-08-18T19:22:54+00:00,2026-08-22,Dearica Hamby,204324,player_rebounds,,,,,,,6.0,"season RPG; L5 reb x0.45, minutes x0.93",2.823,"player-fitted (n=34, shrunk to league)",,,False,,,,PROJ,False,,,,no_game_in_window_yet,
fb977817d97b4dc4943cc29cc830558d,0cf446817dbb,wnba,2026-27,2026-08-18T19:22:54+00:00,2026-08-22,Dearica Hamby,204324,player_assists,,,,,,,2.2,"season APG; L5 ast x0.45, minutes x0.93",1.72,"player-fitted (n=34, shrunk to league)",,,False,,,,PROJ,False,,,,no_game_in_window_yet,
5fadabcc5f074d50a035aacdf7218b42,0cf446817dbb,wnba,2026-27,2026-08-18T19:22:54+00:00,2026-08-22,Dearica Hamby,204324,player_threes,,,,,,,0.22,"season fg3m history; L5 fg3m x0.45, minutes x0.93",0.646,"player-fitted (n=34, shrunk to league)",,,False,,,,PROJ,False,,,,no_game_in_window_yet,
e3656f7ccc9747e496c7d349d1d960ec,0cf446817dbb,wnba,2026-27,2026-08-18T19:22:54+00:00,2026-08-22,Ariel Atkins,1628878,player_points,,,,,,,6.88,"season PPG; L5 pts x0.45 + source pts x0.35, minutes x0.84",4.727,"player-fitted (n=32, shrunk to league)",,,False,,,,PROJ,False,,,,no_game_in_window_yet,
e652f1ca55f64976873dc545a2153a2d,0cf446817dbb,wnba,2026-27,2026-08-18T19:22:54+00:00,2026-08-22,Ariel Atkins,1628878,player_rebounds,,,,,,,2.54,"season RPG; L5 reb x0.45, minutes x0.84",1.815,"player-fitted (n=32, shrunk to league)",,,False,,,,PROJ,False,,,,no_game_in_window_yet,
0304eebaa7a64ccb9e1e289e75f3825a,0cf446817dbb,wnba,2026-27,2026-08-18T19:22:54+00:00,2026-08-22,Ariel Atkins,1628878,player_assists,,,,,,,2.62,"season APG; L5 ast x0.45, minutes x0.84",1.535,"player-fitted (n=32, shrunk to league)",,,False,,,,PROJ,False,,,,no_game_in_window_yet,
dd0487186a214d8c9321b3e4906b7d29,0cf446817dbb,wnba,2026-27,2026-08-18T19:22:54+00:00,2026-08-22,Ariel Atkins,1628878,player_threes,,,,,,,0.97,"season fg3m history; L5 fg3m x0.45, minutes x0.84",1.124,"player-fitted (n=32, shrunk to league)",,,False,,,,PROJ,False,,,,no_game_in_window_yet,
fffc8fcfc396426c961c3f648febb121,0cf446817dbb,wnba,2026-27,2026-08-18T19:22:54+00:00,2026-08-22,Erica Wheeler,204365,player_points,,,,,,,9.01,"season PPG; L5 pts x0.45 + source pts x0.35, minutes x0.88",5.284,"player-fitted (n=34, shrunk to league)",,,False,,,,PROJ,False,,,,no_game_in_window_yet,
48ce100cd38841699ad03b59e6982a7d,0cf446817dbb,wnba,2026-27,2026-08-18T19:22:54+00:00,2026-08-22,Erica Wheeler,204365,player_rebounds,,,,,,,2.16,"season RPG; L5 reb x0.45, minutes x0.88",1.699,"player-fitted (n=34, shrunk to league)",,,False,,,,PROJ,False,,,,no_game_in_window_yet,
94e97754eb9148a9b416d90b6df19bf6,0cf446817dbb,wnba,2026-27,2026-08-18T19:22:54+00:00,2026-08-22,Erica Wheeler,204365,player_assists,,,,,,,4.62,"season APG; L5 ast x0.45, minutes x0.88",2.092,"player-fitted (n=34, shrunk to league)",,,False,,,,PROJ,False,,,,no_game_in_window_yet,
3d4d932784f641e9b30f970bc6714456,0cf446817dbb,wnba,2026-27,2026-08-18T19:22:54+00:00,2026-08-22,Erica Wheeler,204365,player_threes,,,,,,,1.25,"season fg3m history; L5 fg3m x0.45, minutes x0.88",1.056,"player-fitted (n=34, shrunk to league)",,,False,,,,PROJ,False,,,,no_game_in_window_yet,
1c3cd7692b9f49848340f3ac0fa0fa7a,0cf446817dbb,wnba,2026-27,2026-08-18T19:22:54+00:00,2026-08-22,Cameron Brink,1642287,player_points,,,,,,,8.08,season PPG; L5 pts x0.45 + source pts x0.35,4.913,"player-fitted (n=28, shrunk to league)",,,False,,,,PROJ,False,,,,no_game_in_window_yet,
023ce31b21c947a3b2e51f27d919e8cf,0cf446817dbb,wnba,2026-27,2026-08-18T19:22:54+00:00,2026-08-22,Cameron Brink,1642287,player_rebounds,,,,,,,5.12,season RPG; L5 reb x0.45,2.588,"player-fitted (n=28, shrunk to league)",,,False,,,,PROJ,False,,,,no_game_in_window_yet,
64e5f549fd7b4795a6d419f833adbdb4,0cf446817dbb,wnba,2026-27,2026-08-18T19:22:54+00:00,2026-08-22,Cameron Brink,1642287,player_assists,,,,,,,1.44,season APG; L5 ast x0.45,1.357,"player-fitted (n=28, shrunk to league)",,,False,,,,PROJ,False,,,,no_game_in_window_yet,
8ce11cd3018340db8b0a96f9ea985bad,0cf446817dbb,wnba,2026-27,2026-08-18T19:22:54+00:00,2026-08-22,Cameron Brink,1642287,player_threes,,,,,,,0.68,season fg3m history; L5 fg3m x0.45,0.815,"player-fitted (n=28, shrunk to league)",,,False,,,,PROJ,False,,,,no_game_in_window_yet,
b34c37187c0f48cd911492240203c70a,0cf446817dbb,wnba,2026-27,2026-08-18T19:22:54+00:00,2026-08-22,Rhyne Howard,1631009,player_points,,,,,,,17.76,"season PPG; L5 pts x0.45 + source pts x0.35, minutes x0.96",6.596,"player-fitted (n=32, shrunk to league)",,,False,,,,PROJ,False,,,,no_game_in_window_yet,
8e7bef465e39489291ed9a4cf5a27c7b,0cf446817dbb,wnba,2026-27,2026-08-18T19:22:54+00:00,2026-08-22,Rhyne Howard,1631009,player_rebounds,,,,,,,3.69,"season RPG; L5 reb x0.45, minutes x0.96",1.979,"player-fitted (n=32, shrunk to league)",,,False,,,,PROJ,False,,,,no_game_in_window_yet,
ddd043881390444299104d4ad428247e,0cf446817dbb,wnba,2026-27,2026-08-18T19:22:54+00:00,2026-08-22,Rhyne Howard,1631009,player_assists,,,,,,,3.79,"season APG; L5 ast x0.45, minutes x0.96",1.927,"player-fitted (n=32, shrunk to league)",,,False,,,,PROJ,False,,,,no_game_in_window_yet,
db2097bc62c044c0910fa8284cbb502f,0cf446817dbb,wnba,2026-27,2026-08-18T19:22:54+00:00,2026-08-22,Rhyne Howard,1631009,player_threes,,,,,,,3.72,"season fg3m history; L5 fg3m x0.45, minutes x0.96",1.669,"player-fitted (n=32, shrunk to league)",,,False,,,,PROJ,False,,,,no_game_in_window_yet,
3a65a6c8748e4afe9b3fe246f71629ce,0cf446817dbb,wnba,2026-27,2026-08-18T19:22:54+00:00,2026-08-22,Jordin Canada,1628886,player_points,,,,,,,10.95,"season PPG; L5 pts x0.45 + source pts x0.35, minutes x0.94",4.872,"player-fitted (n=33, shrunk to league)",,,False,,,,PROJ,False,,,,no_game_in_window_yet,
264005268e834520a3375265a79115bf,0cf446817dbb,wnba,2026-27,2026-08-18T19:22:54+00:00,2026-08-22,Jordin Canada,1628886,player_rebounds,,,,,,,3.43,"season RPG; L5 reb x0.45, minutes x0.94",2.048,"player-fitted (n=33, shrunk to league)",,,False,,,,PROJ,False,,,,no_game_in_window_yet,
1ef58864307c4b8ca82fc48c837b87da,0cf446817dbb,wnba,2026-27,2026-08-18T19:22:54+00:00,2026-08-22,Jordin Canada,1628886,player_assists,,,,,,,6.49,"season APG; L5 ast x0.45, minutes x0.94",2.798,"player-fitted (n=33, shrunk to league)",,,False,,,,PROJ,False,,,,no_game_in_window_yet,
7e35800f6cca4b9dba1675ffa2136912,0cf446817dbb,wnba,2026-27,2026-08-18T19:22:54+00:00,2026-08-22,Jordin Canada,1628886,player_threes,,,,,,,1.01,"season fg3m history; L5 fg3m x0.45, minutes x0.94",1.003,"player-fitted (n=33, shrunk to league)",,,False,,,,PROJ,False,,,,no_game_in_window_yet,
a73381dbf3dd43c4a32d99c3ed3e3a66,0cf446817dbb,wnba,2026-27,2026-08-18T19:22:54+00:00,2026-08-22,Allisha Gray,1628277,player_points,,,,,,,18.17,"season PPG; L5 pts x0.45 + source pts x0.35, minutes x0.95",5.526,"player-fitted (n=33, shrunk to league)",,,False,,,,PROJ,False,,,,no_game_in_window_yet,
1193767e96c34bf0ac3b69e65a98373b,0cf446817dbb,wnba,2026-27,2026-08-18T19:22:54+00:00,2026-08-22,Allisha Gray,1628277,player_rebounds,,,,,,,2.97,"season RPG; L5 reb x0.45, minutes x0.95",2.229,"player-fitted (n=33, shrunk to league)",,,False,,,,PROJ,False,,,,no_game_in_window_yet,
d3d58afd975b454b8af26b8588273c4a,0cf446817dbb,wnba,2026-27,2026-08-18T19:22:54+00:00,2026-08-22,Allisha Gray,1628277,player_assists,,,,,,,2.52,"season APG; L5 ast x0.45, minutes x0.95",1.53,"player-fitted (n=33, shrunk to league)",,,False,,,,PROJ,False,,,,no_game_in_window_yet,
ebc2da9d40cb4e839143a497f5080063,0cf446817dbb,wnba,2026-27,2026-08-18T19:22:54+00:00,2026-08-22,Allisha Gray,1628277,player_threes,,,,,,,1.73,"season fg3m history; L5 fg3m x0.45, minutes x0.95",1.366,"player-fitted (n=33, shrunk to league)",,,False,,,,PROJ,False,,,,no_game_in_window_yet,
12f82e9a768347e1b903f505409562a7,0cf446817dbb,wnba,2026-27,2026-08-18T19:22:54+00:00,2026-08-22,Angel Reese,1642291,player_points,,,,,,,15.46,season PPG; L5 pts x0.45 + source pts x0.35,5.157,"player-fitted (n=32, shrunk to league)",,,False,,,,PROJ,False,,,,no_game_in_window_yet,
b24c62e42e054f9d8ead5384c6b1b365,0cf446817dbb,wnba,2026-27,2026-08-18T19:22:54+00:00,2026-08-22,Angel Reese,1642291,player_rebounds,,,,,,,12.99,season RPG; L5 reb x0.45,2.885,"player-fitted (n=32, shrunk to league)",,,False,,,,PROJ,False,,,,no_game_in_window_yet,
ec03e5e707b841b6bb2e54bb8568a633,0cf446817dbb,wnba,2026-27,2026-08-18T19:22:54+00:00,2026-08-22,Angel Reese,1642291,player_assists,,,,,,,2.31,season APG; L5 ast x0.45,1.468,"player-fitted (n=32, shrunk to league)",,,False,,,,PROJ,False,,,,no_game_in_window_yet,
958aa0a45b174bcc86dee298254d19ed,0cf446817dbb,wnba,2026-27,2026-08-18T19:22:54+00:00,2026-08-22,Angel Reese,1642291,player_threes,,,,,,,0.19,season fg3m history; L5 fg3m x0.45,0.629,"player-fitted (n=32, shrunk to league)",,,False,,,,PROJ,False,,,,no_game_in_window_yet,
85b7ae0e9a46456581e4af3d2fd50187,0cf446817dbb,wnba,2026-27,2026-08-18T19:22:54+00:00,2026-08-22,Naz Hillmon,1631044,player_points,,,,,,,8.3,season PPG; L5 pts x0.45 + source pts x0.35,5.824,"player-fitted (n=33, shrunk to league)",,,False,,,,PROJ,False,,,,no_game_in_window_yet,
a4bdf9f90bbb40fbaaf7708d62bae957,0cf446817dbb,wnba,2026-27,2026-08-18T19:22:54+00:00,2026-08-22,Naz Hillmon,1631044,player_rebounds,,,,,,,4.4,season RPG; L5 reb x0.45,2.191,"player-fitted (n=33, shrunk to league)",,,False,,,,PROJ,False,,,,no_game_in_window_yet,
985a176e1d414f45b34458361ea5753d,0cf446817dbb,wnba,2026-27,2026-08-18T19:22:54+00:00,2026-08-22,Naz Hillmon,1631044,player_assists,,,,,,,1.73,season APG; L5 ast x0.45,1.204,"player-fitted (n=33, shrunk to league)",,,False,,,,PROJ,False,,,,no_game_in_window_yet,
f73bd23e7b904be9a6d5dbaf95deb9c8,0cf446817dbb,wnba,2026-27,2026-08-18T19:22:54+00:00,2026-08-22,Naz Hillmon,1631044,player_threes,,,,,,,1.14,season fg3m history; L5 fg3m x0.45,1.024,"player-fitted (n=33, shrunk to league)",,,False,,,,PROJ,False,,,,no_game_in_window_yet,
80ade36d74694c73979d23df369002a8,0cf446817dbb,wnba,2026-27,2026-08-18T19:22:54+00:00,2026-08-22,Brionna Jones,1628280,player_points,,,,,,,7.75,"season PPG; L5 pts x0.45 + source pts x0.35, minutes x1.04",4.949,"player-fitted (n=27, shrunk to league)",,,False,,,,PROJ,False,,,,no_game_in_window_yet,
9f62fb5980b54ea2abe2379a5717ca87,0cf446817dbb,wnba,2026-27,2026-08-18T19:22:54+00:00,2026-08-22,Brionna Jones,1628280,player_rebounds,,,,,,,5.28,"season RPG; L5 reb x0.45, minutes x1.04",2.841,"player-fitted (n=27, shrunk to league)",,,False,,,,PROJ,False,,,,no_game_in_window_yet,
c378aafe98ea4adb8f01ab56540f9d96,0cf446817dbb,wnba,2026-27,2026-08-18T19:22:54+00:00,2026-08-22,Brionna Jones,1628280,player_assists,,,,,,,2.28,"season APG; L5 ast x0.45, minutes x1.04",1.497,"player-fitted (n=27, shrunk to league)",,,False,,,,PROJ,False,,,,no_game_in_window_yet,
bc52c174c776488295e674e9b4cf359d,0cf446817dbb,wnba,2026-27,2026-08-18T19:22:54+00:00,2026-08-22,Brionna Jones,1628280,player_threes,,,,,,,0.12,"season fg3m history; L5 fg3m x0.45, minutes x1.04",0.535,"player-fitted (n=27, shrunk to league)",,,False,,,,PROJ,False,,,,no_game_in_window_yet,
329b9039245d481c88ea8b9f944a9035,0cf446817dbb,wnba,2026-27,2026-08-18T19:22:54+00:00,2026-08-22,Alyssa Thomas,203826,player_points,,,,,,,12.98,"season PPG; L5 pts x0.45 + source pts x0.35, minutes x0.86",6.374,"player-fitted (n=35, shrunk to league)",,,False,,,,PROJ,False,,,,no_game_in_window_yet,
d56e1b48db41477fbdcabfec106546b2,0cf446817dbb,wnba,2026-27,2026-08-18T19:22:54+00:00,2026-08-22,Alyssa Thomas,203826,player_rebounds,,,,,,,6.98,"season RPG; L5 reb x0.45, minutes x0.86",3.079,"player-fitted (n=35, shrunk to league)",,,False,,,,PROJ,False,,,,no_game_in_window_yet,
ec8fc8e32799447daf94bad6b83f86d9,0cf446817dbb,wnba,2026-27,2026-08-18T19:22:54+00:00,2026-08-22,Alyssa Thomas,203826,player_assists,,,,,,,6.9,"season APG; L5 ast x0.45, minutes x0.86",2.967,"player-fitted (n=35, shrunk to league)",,,False,,,,PROJ,False,,,,no_game_in_window_yet,
6a8de16ce2ed4a45ab832b4e08bf00be,0cf446817dbb,wnba,2026-27,2026-08-18T19:22:54+00:00,2026-08-22,Alyssa Thomas,203826,player_threes,,,,,,,0.0,"season fg3m history; L5 fg3m x0.45, minutes x0.86",0.461,"player-fitted (n=35, shrunk to league)",,,False,,,,PROJ,False,,,,no_game_in_window_yet,
33f25fe6e24943699dcdb4a7d33b87d0,0cf446817dbb,wnba,2026-27,2026-08-18T19:22:54+00:00,2026-08-22,Kahleah Copper,1627674,player_points,,,,,,,17.35,"season PPG; L5 pts x0.45 + source pts x0.35, minutes x0.86",7.251,"player-fitted (n=35, shrunk to league)",,,False,,,,PROJ,False,,,,no_game_in_window_yet,
e2cbec3f36de40f5a9a4d9a58facb466,0cf446817dbb,wnba,2026-27,2026-08-18T19:22:54+00:00,2026-08-22,Kahleah Copper,1627674,player_rebounds,,,,,,,2.58,"season RPG; L5 reb x0.45, minutes x0.86",2.13,"player-fitted (n=35, shrunk to league)",,,False,,,,PROJ,False,,,,no_game_in_window_yet,
8578fa0b1807497b823286a4f7791e86,0cf446817dbb,wnba,2026-27,2026-08-18T19:22:54+00:00,2026-08-22,Kahleah Copper,1627674,player_assists,,,,,,,1.98,"season APG; L5 ast x0.45, minutes x0.86",1.416,"player-fitted (n=35, shrunk to league)",,,False,,,,PROJ,False,,,,no_game_in_window_yet,
c957ef74cac9448c818f51198a86aad9,0cf446817dbb,wnba,2026-27,2026-08-18T19:22:54+00:00,2026-08-22,Kahleah Copper,1627674,player_threes,,,,,,,1.48,"season fg3m history; L5 fg3m x0.45, minutes x0.86",1.236,"player-fitted (n=35, shrunk to league)",,,False,,,,PROJ,False,,,,no_game_in_window_yet,
f8828c497e4e45baa58d2c5478fa6582,0cf446817dbb,wnba,2026-27,2026-08-18T19:22:54+00:00,2026-08-22,DeWanna Bonner,201886,player_points,,,,,,,10.13,"season PPG; L5 pts x0.45 + source pts x0.35, minutes x0.95",5.437,"player-fitted (n=35, shrunk to league)",,,False,,,,PROJ,False,,,,no_game_in_window_yet,
064762a0b6e34dce979af4206a48545c,0cf446817dbb,wnba,2026-27,2026-08-18T19:22:54+00:00,2026-08-22,DeWanna Bonner,201886,player_rebounds,,,,,,,6.27,"season RPG; L5 reb x0.45, minutes x0.95",2.809,"player-fitted (n=35, shrunk to league)",,,False,,,,PROJ,False,,,,no_game_in_window_yet,
76388f3248414690a25a4c205b23788b,0cf446817dbb,wnba,2026-27,2026-08-18T19:22:54+00:00,2026-08-22,DeWanna Bonner,201886,player_assists,,,,,,,1.63,"season APG; L5 ast x0.45, minutes x0.95",1.409,"player-fitted (n=35, shrunk to league)",,,False,,,,PROJ,False,,,,no_game_in_window_yet,
4ff03acd3faf409399ebdf88110df517,0cf446817dbb,wnba,2026-27,2026-08-18T19:22:54+00:00,2026-08-22,DeWanna Bonner,201886,player_threes,,,,,,,1.19,"season fg3m history; L5 fg3m x0.45, minutes x0.95",1.041,"player-fitted (n=35, shrunk to league)",,,False,,,,PROJ,False,,,,no_game_in_window_yet,
7ae081eb71c043e0869092034c5a0aff,0cf446817dbb,wnba,2026-27,2026-08-18T19:22:54+00:00,2026-08-22,Kelsey Plum,1628276,player_points,,,,,,,21.51,"season PPG; L5 pts x0.45 + source pts x0.35, minutes x1.25",11.259,"player-fitted (n=22, shrunk to league)",,,False,,,,PROJ,False,,,,no_game_in_window_yet,
3688508e839644769e5e75942423d14c,0cf446817dbb,wnba,2026-27,2026-08-18T19:22:54+00:00,2026-08-22,Kelsey Plum,1628276,player_rebounds,,,,,,,2.52,"season RPG; L5 reb x0.45, minutes x1.25",1.955,"player-fitted (n=22, shrunk to league)",,,False,,,,PROJ,False,,,,no_game_in_window_yet,
eeb6e9a763ae4688875f75a60fb3f9d0,0cf446817dbb,wnba,2026-27,2026-08-18T19:22:54+00:00,2026-08-22,Kelsey Plum,1628276,player_assists,,,,,,,5.31,"season APG; L5 ast x0.45, minutes x1.25",3.04,"player-fitted (n=22, shrunk to league)",,,False,,,,PROJ,False,,,,no_game_in_window_yet,
5fdb68823e5c42b38fad750a1021b272,0cf446817dbb,wnba,2026-27,2026-08-18T19:22:54+00:00,2026-08-22,Kelsey Plum,1628276,player_threes,,,,,,,2.12,"season fg3m history; L5 fg3m x0.45, minutes x1.25",1.599,"player-fitted (n=22, shrunk to league)",,,False,,,,PROJ,False,,,,no_game_in_window_yet,
b8ad7ddeb6394f67bc66a350adc7f3e3,0cf446817dbb,wnba,2026-27,2026-08-18T19:22:54+00:00,2026-08-22,Noemie Brochant,1643493,player_points,,,,,,,5.51,"season PPG; L5 pts x0.45 + source pts x0.35, minutes x0.76",5.192,"player-fitted (n=35, shrunk to league)",,,False,,,,PROJ,False,,,,no_game_in_window_yet,
55bf3a749f5e4aac9f6e8ab8f73baf5d,0cf446817dbb,wnba,2026-27,2026-08-18T19:22:54+00:00,2026-08-22,Noemie Brochant,1643493,player_rebounds,,,,,,,1.42,"season RPG; L5 reb x0.45, minutes x0.76",1.589,"player-fitted (n=35, shrunk to league)",,,False,,,,PROJ,False,,,,no_game_in_window_yet,
d7313cbcc00f495691c0dd4c28bf255c,0cf446817dbb,wnba,2026-27,2026-08-18T19:22:54+00:00,2026-08-22,Noemie Brochant,1643493,player_assists,,,,,,,1.44,"season APG; L5 ast x0.45, minutes x0.76",2.152,"player-fitted (n=35, shrunk to league)",,,False,,,,PROJ,False,,,,no_game_in_window_yet,
3e6241bc8afb49f1a627e63696181f36,0cf446817dbb,wnba,2026-27,2026-08-18T19:22:54+00:00,2026-08-22,Noemie Brochant,1643493,player_threes,,,,,,,0.9,"season fg3m history; L5 fg3m x0.45, minutes x0.76",1.142,"player-fitted (n=35, shrunk to league)",,,False,,,,PROJ,False,,,,no_game_in_window_yet,
af39300fa18a4d80b7ea998956e1036e,0cf446817dbb,wnba,2026-27,2026-08-18T19:22:54+00:00,2026-08-22,Natasha Mack,1630442,player_points,,,,,,,7.02,"season PPG; L5 pts x0.45 + source pts x0.35, minutes x1.04",5.008,"player-fitted (n=34, shrunk to league)",,,False,,,,PROJ,False,,,,no_game_in_window_yet,
a3facea249214ae0804477f1ab2f7a13,0cf446817dbb,wnba,2026-27,2026-08-18T19:22:54+00:00,2026-08-22,Natasha Mack,1630442,player_rebounds,,,,,,,5.85,"season RPG; L5 reb x0.45, minutes x1.04",3.832,"player-fitted (n=34, shrunk to league)",,,False,,,,PROJ,False,,,,no_game_in_window_yet,
ae5c191df35846e091fe479f330651de,0cf446817dbb,wnba,2026-27,2026-08-18T19:22:54+00:00,2026-08-22,Natasha Mack,1630442,player_assists,,,,,,,1.12,"season APG; L5 ast x0.45, minutes x1.04",1.197,"player-fitted (n=34, shrunk to league)",,,False,,,,PROJ,False,,,,no_game_in_window_yet,
15e7176ecd31496485cc164ad8225410,0cf446817dbb,wnba,2026-27,2026-08-18T19:22:54+00:00,2026-08-22,Natasha Mack,1630442,player_threes,,,,,,,0.03,"season fg3m history; L5 fg3m x0.45, minutes x1.04",0.511,"player-fitted (n=34, shrunk to league)",,,False,,,,PROJ,False,,,,no_game_in_window_yet,
b2952bffa3d244e5ae155d34084c47d4,0cf446817dbb,wnba,2026-27,2026-08-18T19:22:54+00:00,2026-08-23,Natisha Hiedeman,1629567,player_points,,,,,,,12.18,"season PPG; L5 pts x0.45 + source pts x0.35, minutes x0.89",6.83,"player-fitted (n=36, shrunk to league)",,,False,,,,PROJ,False,,,,no_game_in_window_yet,
aa73b866fb934dbbbf9b6d838d281431,0cf446817dbb,wnba,2026-27,2026-08-18T19:22:54+00:00,2026-08-23,Natisha Hiedeman,1629567,player_rebounds,,,,,,,2.19,"season RPG; L5 reb x0.45, minutes x0.89",1.794,"player-fitted (n=36, shrunk to league)",,,False,,,,PROJ,False,,,,no_game_in_window_yet,
9e240d28c35f4d52aa27c4268eb4bcf0,0cf446817dbb,wnba,2026-27,2026-08-18T19:22:54+00:00,2026-08-23,Natisha Hiedeman,1629567,player_assists,,,,,,,4.74,"season APG; L5 ast x0.45, minutes x0.89",2.113,"player-fitted (n=36, shrunk to league)",,,False,,,,PROJ,False,,,,no_game_in_window_yet,
0e7551d8330b408fab450c6b2751caa2,0cf446817dbb,wnba,2026-27,2026-08-18T19:22:54+00:00,2026-08-23,Natisha Hiedeman,1629567,player_threes,,,,,,,1.24,"season fg3m history; L5 fg3m x0.45, minutes x0.89",1.497,"player-fitted (n=36, shrunk to league)",,,False,,,,PROJ,False,,,,no_game_in_window_yet,
6de5696234fd4aef94e377e5adf934c4,0cf446817dbb,wnba,2026-27,2026-08-18T19:22:54+00:00,2026-08-23,Flau'jae Johnson,1643428,player_points,,,,,,,14.46,"season PPG; L5 pts x0.45 + source pts x0.35, minutes x1.25",6.772,"player-fitted (n=36, shrunk to league)",,,False,,,,PROJ,False,,,,no_game_in_window_yet,
2b13b246f65e4cebb05b0f15495e0f49,0cf446817dbb,wnba,2026-27,2026-08-18T19:22:54+00:00,2026-08-23,Flau'jae Johnson,1643428,player_rebounds,,,,,,,4.61,"season RPG; L5 reb x0.45, minutes x1.25",2.842,"player-fitted (n=36, shrunk to league)",,,False,,,,PROJ,False,,,,no_game_in_window_yet,
b6866cf228a64e188c3e19e55c479815,0cf446817dbb,wnba,2026-27,2026-08-18T19:22:54+00:00,2026-08-23,Flau'jae Johnson,1643428,player_assists,,,,,,,2.78,"season APG; L5 ast x0.45, minutes x1.25",2.033,"player-fitted (n=36, shrunk to league)",,,False,,,,PROJ,False,,,,no_game_in_window_yet,
08a273d156134906b6af0adae047e763,0cf446817dbb,wnba,2026-27,2026-08-18T19:22:54+00:00,2026-08-23,Flau'jae Johnson,1643428,player_threes,,,,,,,1.23,"season fg3m history; L5 fg3m x0.45, minutes x1.25",1.226,"player-fitted (n=36, shrunk to league)",,,False,,,,PROJ,False,,,,no_game_in_window_yet,
6b9f65003539496fa7000e5e6f28fe11,0cf446817dbb,wnba,2026-27,2026-08-18T19:22:54+00:00,2026-08-23,Dominique Malonga,1642798,player_points,,,,,,,17.9,"season PPG; L5 pts x0.45 + source pts x0.35, minutes x0.95",9.575,"player-fitted (n=36, shrunk to league)",,,False,,,,PROJ,False,,,,no_game_in_window_yet,
4894b56965e54ec98c68e8f8143bcb39,0cf446817dbb,wnba,2026-27,2026-08-18T19:22:54+00:00,2026-08-23,Dominique Malonga,1642798,player_rebounds,,,,,,,8.65,"season RPG; L5 reb x0.45, minutes x0.95",4.324,"player-fitted (n=36, shrunk to league)",,,False,,,,PROJ,False,,,,no_game_in_window_yet,
623b4680e8c548aca6b79f9ef345bf13,0cf446817dbb,wnba,2026-27,2026-08-18T19:22:54+00:00,2026-08-23,Dominique Malonga,1642798,player_assists,,,,,,,1.91,"season APG; L5 ast x0.45, minutes x0.95",1.349,"player-fitted (n=36, shrunk to league)",,,False,,,,PROJ,False,,,,no_game_in_window_yet,
452586ed892a4c788ecadeeabcd7d598,0cf446817dbb,wnba,2026-27,2026-08-18T19:22:54+00:00,2026-08-23,Dominique Malonga,1642798,player_threes,,,,,,,0.89,"season fg3m history; L5 fg3m x0.45, minutes x0.95",0.846,"player-fitted (n=36, shrunk to league)",,,False,,,,PROJ,False,,,,no_game_in_window_yet,
520838d13bb44beaa19ea017b43859a8,0cf446817dbb,wnba,2026-27,2026-08-18T19:22:54+00:00,2026-08-23,Jade Melbourne,1631141,player_points,,,,,,,8.88,"season PPG; L5 pts x0.45 + source pts x0.35, minutes x0.88",5.094,"player-fitted (n=36, shrunk to league)",,,False,,,,PROJ,False,,,,no_game_in_window_yet,
7e58a59297604884ac40eb36a57b8500,0cf446817dbb,wnba,2026-27,2026-08-18T19:22:54+00:00,2026-08-23,Jade Melbourne,1631141,player_rebounds,,,,,,,1.56,"season RPG; L5 reb x0.45, minutes x0.88",1.466,"player-fitted (n=36, shrunk to league)",,,False,,,,PROJ,False,,,,no_game_in_window_yet,
dccd70f3afa14d67bfc023c39e8381b6,0cf446817dbb,wnba,2026-27,2026-08-18T19:22:54+00:00,2026-08-23,Jade Melbourne,1631141,player_assists,,,,,,,3.4,"season APG; L5 ast x0.45, minutes x0.88",1.891,"player-fitted (n=36, shrunk to league)",,,False,,,,PROJ,False,,,,no_game_in_window_yet,
ccfc88cd06444338bd77c98ddd3e8761,0cf446817dbb,wnba,2026-27,2026-08-18T19:22:54+00:00,2026-08-23,Jade Melbourne,1631141,player_threes,,,,,,,1.04,"season fg3m history; L5 fg3m x0.45, minutes x0.88",0.959,"player-fitted (n=36, shrunk to league)",,,False,,,,PROJ,False,,,,no_game_in_window_yet,
de74fc09fe7841eaa89c61c767bd15e0,0cf446817dbb,wnba,2026-27,2026-08-18T19:22:54+00:00,2026-08-23,Awa Fam,1643443,player_points,,,,,,,9.83,"season PPG; L5 pts x0.45 + source pts x0.35, minutes x1.15",5.824,"player-fitted (n=32, shrunk to league)",,,False,,,,PROJ,False,,,,no_game_in_window_yet,
bc6217eb00804fae9e4dfebf958dadb6,0cf446817dbb,wnba,2026-27,2026-08-18T19:22:54+00:00,2026-08-23,Awa Fam,1643443,player_rebounds,,,,,,,6.17,"season RPG; L5 reb x0.45, minutes x1.15",2.91,"player-fitted (n=32, shrunk to league)",,,False,,,,PROJ,False,,,,no_game_in_window_yet,
a48f7bc5205f4c399992e820c3f64dcc,0cf446817dbb,wnba,2026-27,2026-08-18T19:22:54+00:00,2026-08-23,Awa Fam,1643443,player_assists,,,,,,,1.83,"season APG; L5 ast x0.45, minutes x1.15",1.466,"player-fitted (n=32, shrunk to league)",,,False,,,,PROJ,False,,,,no_game_in_window_yet,
559b47e2cb4f4a489b2a928dfba435c9,0cf446817dbb,wnba,2026-27,2026-08-18T19:22:54+00:00,2026-08-23,Awa Fam,1643443,player_threes,,,,,,,1.83,"season fg3m history; L5 fg3m x0.45, minutes x1.15",1.317,"player-fitted (n=32, shrunk to league)",,,False,,,,PROJ,False,,,,no_game_in_window_yet,
24c60f20b60145638501e4add2a15468,0cf446817dbb,wnba,2026-27,2026-08-18T19:22:54+00:00,2026-08-23,Ezi Magbegor,1629496,player_points,,,,,,,5.39,"season PPG; L5 pts x0.45 + source pts x0.35, minutes x0.77",4.005,"player-fitted (n=36, shrunk to league)",,,False,,,,PROJ,False,,,,no_game_in_window_yet,
b504312048d744a4be426bfe10702f80,0cf446817dbb,wnba,2026-27,2026-08-18T19:22:54+00:00,2026-08-23,Ezi Magbegor,1629496,player_rebounds,,,,,,,3.53,"season RPG; L5 reb x0.45, minutes x0.77",2.262,"player-fitted (n=36, shrunk to league)",,,False,,,,PROJ,False,,,,no_game_in_window_yet,
c1de8621d9ef47a8837b86d77a6be485,0cf446817dbb,wnba,2026-27,2026-08-18T19:22:54+00:00,2026-08-23,Ezi Magbegor,1629496,player_assists,,,,,,,1.79,"season APG; L5 ast x0.45, minutes x0.77",1.363,"player-fitted (n=36, shrunk to league)",,,False,,,,PROJ,False,,,,no_game_in_window_yet,
9182907056524d1599a121ebd8783714,0cf446817dbb,wnba,2026-27,2026-08-18T19:22:54+00:00,2026-08-23,Ezi Magbegor,1629496,player_threes,,,,,,,0.28,"season fg3m history; L5 fg3m x0.45, minutes x0.77",0.639,"player-fitted (n=36, shrunk to league)",,,False,,,,PROJ,False,,,,no_game_in_window_yet,
c5214746073349698541bf190dc83f75,0cf446817dbb,wnba,2026-27,2026-08-18T19:22:54+00:00,2026-08-23,Azzi Fudd,1643425,player_points,,,,,,,12.13,"season PPG; L5 pts x0.45 + source pts x0.35, minutes x1.25",6.272,"player-fitted (n=32, shrunk to league)",,,False,,,,PROJ,False,,,,no_game_in_window_yet,
9cbad1f6f84549d69a11b2d986c982b9,0cf446817dbb,wnba,2026-27,2026-08-18T19:22:54+00:00,2026-08-23,Azzi Fudd,1643425,player_rebounds,,,,,,,1.62,"season RPG; L5 reb x0.45, minutes x1.25",1.643,"player-fitted (n=32, shrunk to league)",,,False,,,,PROJ,False,,,,no_game_in_window_yet,
256a217f836948bab49847fdda43edb2,0cf446817dbb,wnba,2026-27,2026-08-18T19:22:54+00:00,2026-08-23,Azzi Fudd,1643425,player_assists,,,,,,,1.69,"season APG; L5 ast x0.45, minutes x1.25",1.389,"player-fitted (n=32, shrunk to league)",,,False,,,,PROJ,False,,,,no_game_in_window_yet,
aa108c4309fd41bda3804a77709b6dcd,0cf446817dbb,wnba,2026-27,2026-08-18T19:22:54+00:00,2026-08-23,Azzi Fudd,1643425,player_threes,,,,,,,2.12,"season fg3m history; L5 fg3m x0.45, minutes x1.25",1.408,"player-fitted (n=32, shrunk to league)",,,False,,,,PROJ,False,,,,no_game_in_window_yet,
7a1017ede9074a2594c33843f42919f6,0cf446817dbb,wnba,2026-27,2026-08-18T19:22:54+00:00,2026-08-23,Paige Bueckers,1642784,player_points,,,,,,,18.48,"season PPG; L5 pts x0.45 + source pts x0.35, minutes x0.87",6.893,"player-fitted (n=34, shrunk to league)",,,False,,,,PROJ,False,,,,no_game_in_window_yet,
e6c09012cffa4aae9528d0b8a6027283,0cf446817dbb,wnba,2026-27,2026-08-18T19:22:54+00:00,2026-08-23,Paige Bueckers,1642784,player_rebounds,,,,,,,3.44,"season RPG; L5 reb x0.45, minutes x0.87",2.086,"player-fitted (n=34, shrunk to league)",,,False,,,,PROJ,False,,,,no_game_in_window_yet,
42bddbc1cb9448c09f04b786502b3ba7,0cf446817dbb,wnba,2026-27,2026-08-18T19:22:54+00:00,2026-08-23,Paige Bueckers,1642784,player_assists,,,,,,,4.87,"season APG; L5 ast x0.45, minutes x0.87",2.543,"player-fitted (n=34, shrunk to league)",,,False,,,,PROJ,False,,,,no_game_in_window_yet,
c3b186c4de634b2a98f90c08b579b38e,0cf446817dbb,wnba,2026-27,2026-08-18T19:22:54+00:00,2026-08-23,Paige Bueckers,1642784,player_threes,,,,,,,1.52,"season fg3m history; L5 fg3m x0.45, minutes x0.87",1.016,"player-fitted (n=34, shrunk to league)",,,False,,,,PROJ,False,,,,no_game_in_window_yet,
bdc6b9bb70f64c5b8992764f2ec5ae24,0cf446817dbb,wnba,2026-27,2026-08-18T19:22:54+00:00,2026-08-23,Arike Ogunbowale,1629481,player_points,,,,,,,12.66,"season PPG; L5 pts x0.45 + source pts x0.35, minutes x0.87",7.711,"player-fitted (n=35, shrunk to league)",,,False,,,,PROJ,False,,,,no_game_in_window_yet,
d05af55812ed4547bb25babda0118acf,0cf446817dbb,wnba,2026-27,2026-08-18T19:22:54+00:00,2026-08-23,Arike Ogunbowale,1629481,player_rebounds,,,,,,,2.67,"season RPG; L5 reb x0.45, minutes x0.87",1.997,"player-fitted (n=35, shrunk to league)",,,False,,,,PROJ,False,,,,no_game_in_window_yet,
e8777ffa5ce74cd9937797d94ff468ce,0cf446817dbb,wnba,2026-27,2026-08-18T19:22:54+00:00,2026-08-23,Arike Ogunbowale,1629481,player_assists,,,,,,,2.75,"season APG; L5 ast x0.45, minutes x0.87",2.075,"player-fitted (n=35, shrunk to league)",,,False,,,,PROJ,False,,,,no_game_in_window_yet,
68504499ba554fb4a93cca18ddfec58f,0cf446817dbb,wnba,2026-27,2026-08-18T19:22:54+00:00,2026-08-23,Arike Ogunbowale,1629481,player_threes,,,,,,,1.14,"season fg3m history; L5 fg3m x0.45, minutes x0.87",1.511,"player-fitted (n=35, shrunk to league)",,,False,,,,PROJ,False,,,,no_game_in_window_yet,
f4a05c9260434928acd40850f561a5a2,0cf446817dbb,wnba,2026-27,2026-08-18T19:22:54+00:00,2026-08-23,Jessica Shepard,1629491,player_points,,,,,,,13.62,"season PPG; L5 pts x0.45 + source pts x0.35, minutes x1.25",5.759,"player-fitted (n=34, shrunk to league)",,,False,,,,PROJ,False,,,,no_game_in_window_yet,
868503af425848b9a67e3ea54c1545fd,0cf446817dbb,wnba,2026-27,2026-08-18T19:22:54+00:00,2026-08-23,Jessica Shepard,1629491,player_rebounds,,,,,,,11.33,"season RPG; L5 reb x0.45, minutes x1.25",4.052,"player-fitted (n=34, shrunk to league)",,,False,,,,PROJ,False,,,,no_game_in_window_yet,
46a76b0d9570406697f317711b0e8808,0cf446817dbb,wnba,2026-27,2026-08-18T19:22:54+00:00,2026-08-23,Jessica Shepard,1629491,player_assists,,,,,,,4.81,"season APG; L5 ast x0.45, minutes x1.25",2.9,"player-fitted (n=34, shrunk to league)",,,False,,,,PROJ,False,,,,no_game_in_window_yet,
316e4f905a0647afa78fcc05a9ac90db,0cf446817dbb,wnba,2026-27,2026-08-18T19:22:54+00:00,2026-08-23,Jessica Shepard,1629491,player_threes,,,,,,,0.0,"season fg3m history; L5 fg3m x0.45, minutes x1.25",0.466,"player-fitted (n=34, shrunk to league)",,,False,,,,PROJ,False,,,,no_game_in_window_yet,
f53d2aebefa04330b874b8e4842bcf8a,0cf446817dbb,wnba,2026-27,2026-08-18T19:22:54+00:00,2026-08-23,Alanna Smith,1629501,player_points,,,,,,,6.67,"season PPG; L5 pts x0.45, minutes x0.75",5.038,"player-fitted (n=30, shrunk to league)",,,False,,,,PROJ,False,,,,no_game_in_window_yet,
4229e5b18d8741498fdd07b6bfd277bc,0cf446817dbb,wnba,2026-27,2026-08-18T19:22:54+00:00,2026-08-23,Alanna Smith,1629501,player_rebounds,,,,,,,4.55,"season RPG; L5 reb x0.45, minutes x0.75",2.821,"player-fitted (n=30, shrunk to league)",,,False,,,,PROJ,False,,,,no_game_in_window_yet,
574856fd8def42f7a5aaabae2c3c559e,0cf446817dbb,wnba,2026-27,2026-08-18T19:22:54+00:00,2026-08-23,Alanna Smith,1629501,player_assists,,,,,,,0.93,"season APG; L5 ast x0.45, minutes x0.75",1.429,"player-fitted (n=30, shrunk to league)",,,False,,,,PROJ,False,,,,no_game_in_window_yet,
a0a80d8d00594ce9a1aa1bd4f91c7ffd,0cf446817dbb,wnba,2026-27,2026-08-18T19:22:54+00:00,2026-08-23,Alanna Smith,1629501,player_threes,,,,,,,0.69,"season fg3m history; L5 fg3m x0.45, minutes x0.75",0.798,"player-fitted (n=30, shrunk to league)",,,False,,,,PROJ,False,,,,no_game_in_window_yet,
a3546a8271ec41b0ac8376a196107df7,0cf446817dbb,wnba,2026-27,2026-08-18T19:22:54+00:00,2026-08-23,Odyssey Sims,203824,player_points,,,,,,,5.38,"season PPG; L5 pts x0.45 + source pts x0.35, minutes x0.75",5.505,"player-fitted (n=29, shrunk to league)",,,False,,,,PROJ,False,,,,no_game_in_window_yet,
8acee7cd6ad84d648647adac341299f3,0cf446817dbb,wnba,2026-27,2026-08-18T19:22:54+00:00,2026-08-23,Odyssey Sims,203824,player_rebounds,,,,,,,1.2,"season RPG; L5 reb x0.45, minutes x0.75",1.397,"player-fitted (n=29, shrunk to league)",,,False,,,,PROJ,False,,,,no_game_in_window_yet,
38dd478a53c7482e9e2421353f19e1d9,0cf446817dbb,wnba,2026-27,2026-08-18T19:22:54+00:00,2026-08-23,Odyssey Sims,203824,player_assists,,,,,,,1.92,"season APG; L5 ast x0.45, minutes x0.75",1.774,"player-fitted (n=29, shrunk to league)",,,False,,,,PROJ,False,,,,no_game_in_window_yet,
ac9236e210a9444885d90249f6df795d,0cf446817dbb,wnba,2026-27,2026-08-18T19:22:54+00:00,2026-08-23,Odyssey Sims,203824,player_threes,,,,,,,0.62,"season fg3m history; L5 fg3m x0.45, minutes x0.75",0.867,"player-fitted (n=29, shrunk to league)",,,False,,,,PROJ,False,,,,no_game_in_window_yet,
81abfe05eba24a2fa9f6f733aba57c8d,0cf446817dbb,wnba,2026-27,2026-08-18T19:22:54+00:00,2026-08-23,Kelsey Mitchell,1628909,player_points,,,,,,,23.97,"season PPG; L5 pts x0.45 + source pts x0.35, minutes x0.88",5.399,"player-fitted (n=34, shrunk to league)",,,False,,,,PROJ,False,,,,no_game_in_window_yet,
a75af81445994feaaa7e16f0b3266610,0cf446817dbb,wnba,2026-27,2026-08-18T19:22:54+00:00,2026-08-23,Kelsey Mitchell,1628909,player_rebounds,,,,,,,1.69,"season RPG; L5 reb x0.45, minutes x0.88",1.793,"player-fitted (n=34, shrunk to league)",,,False,,,,PROJ,False,,,,no_game_in_window_yet,
859eab2075f64df2b9c80234fa3dd9c1,0cf446817dbb,wnba,2026-27,2026-08-18T19:22:54+00:00,2026-08-23,Kelsey Mitchell,1628909,player_assists,,,,,,,2.41,"season APG; L5 ast x0.45, minutes x0.88",1.626,"player-fitted (n=34, shrunk to league)",,,False,,,,PROJ,False,,,,no_game_in_window_yet,
16cacaace5d74a33979ab72a9d3cd768,0cf446817dbb,wnba,2026-27,2026-08-18T19:22:54+00:00,2026-08-23,Kelsey Mitchell,1628909,player_threes,,,,,,,2.66,"season fg3m history; L5 fg3m x0.45, minutes x0.88",1.337,"player-fitted (n=34, shrunk to league)",,,False,,,,PROJ,False,,,,no_game_in_window_yet,
7b97d34c36904eeb94626fddd353adf3,0cf446817dbb,wnba,2026-27,2026-08-18T19:22:54+00:00,2026-08-23,Caitlin Clark,1642286,player_points,,,,,,,20.17,"season PPG; L5 pts x0.45 + source pts x0.35, minutes x0.85",9.073,"player-fitted (n=33, shrunk to league)",,,False,,,,PROJ,False,,,,no_game_in_window_yet,
79c81035aad34e438025e89d3d44ec30,0cf446817dbb,wnba,2026-27,2026-08-18T19:22:54+00:00,2026-08-23,Caitlin Clark,1642286,player_rebounds,,,,,,,2.98,"season RPG; L5 reb x0.45, minutes x0.85",2.337,"player-fitted (n=33, shrunk to league)",,,False,,,,PROJ,False,,,,no_game_in_window_yet,
dc1d133095c64adaa25a819ee9a5978e,0cf446817dbb,wnba,2026-27,2026-08-18T19:22:54+00:00,2026-08-23,Caitlin Clark,1642286,player_assists,,,,,,,7.66,"season APG; L5 ast x0.45, minutes x0.85",2.94,"player-fitted (n=33, shrunk to league)",,,False,,,,PROJ,False,,,,no_game_in_window_yet,
55dc6547b7bb4f048a3e56607fab25e1,0cf446817dbb,wnba,2026-27,2026-08-18T19:22:54+00:00,2026-08-23,Caitlin Clark,1642286,player_threes,,,,,,,2.3,"season fg3m history; L5 fg3m x0.45, minutes x0.85",1.63,"player-fitted (n=33, shrunk to league)",,,False,,,,PROJ,False,,,,no_game_in_window_yet,
3ee7c4ab667f4157a8c625a6fa4fa284,0cf446817dbb,wnba,2026-27,2026-08-18T19:22:54+00:00,2026-08-23,Aliyah Boston,1641648,player_points,,,,,,,15.28,"season PPG; L5 pts x0.45 + source pts x0.35, minutes x0.89",6.582,"player-fitted (n=33, shrunk to league)",,,False,,,,PROJ,False,,,,no_game_in_window_yet,
073d136295564abfb65d1fdc77a4a04e,0cf446817dbb,wnba,2026-27,2026-08-18T19:22:54+00:00,2026-08-23,Aliyah Boston,1641648,player_rebounds,,,,,,,8.01,"season RPG; L5 reb x0.45, minutes x0.89",3.125,"player-fitted (n=33, shrunk to league)",,,False,,,,PROJ,False,,,,no_game_in_window_yet,
085c9f7e19ae454ebe0578ae69cddba8,0cf446817dbb,wnba,2026-27,2026-08-18T19:22:54+00:00,2026-08-23,Aliyah Boston,1641648,player_assists,,,,,,,2.83,"season APG; L5 ast x0.45, minutes x0.89",1.814,"player-fitted (n=33, shrunk to league)",,,False,,,,PROJ,False,,,,no_game_in_window_yet,
24dc5b69bfe44eff8429c52fe8a2254c,0cf446817dbb,wnba,2026-27,2026-08-18T19:22:54+00:00,2026-08-23,Aliyah Boston,1641648,player_threes,,,,,,,1.13,"season fg3m history; L5 fg3m x0.45, minutes x0.89",0.995,"player-fitted (n=33, shrunk to league)",,,False,,,,PROJ,False,,,,no_game_in_window_yet,
f1da11fae7114061a9cf0213e28bb3d8,0cf446817dbb,wnba,2026-27,2026-08-18T19:22:54+00:00,2026-08-23,Makayla Timpson,1642815,player_points,,,,,,,4.96,"season PPG; L5 pts x0.45 + source pts x0.35, minutes x0.93",4.279,"player-fitted (n=34, shrunk to league)",,,False,,,,PROJ,False,,,,no_game_in_window_yet,
92816118a2e4407bb9e2359bbdca5a5a,0cf446817dbb,wnba,2026-27,2026-08-18T19:22:54+00:00,2026-08-23,Makayla Timpson,1642815,player_rebounds,,,,,,,4.7,"season RPG; L5 reb x0.45, minutes x0.93",2.475,"player-fitted (n=34, shrunk to league)",,,False,,,,PROJ,False,,,,no_game_in_window_yet,
045258f7196246e7955836b0dadf60a2,0cf446817dbb,wnba,2026-27,2026-08-18T19:22:54+00:00,2026-08-23,Makayla Timpson,1642815,player_assists,,,,,,,0.59,"season APG; L5 ast x0.45, minutes x0.93",1.025,"player-fitted (n=34, shrunk to league)",,,False,,,,PROJ,False,,,,no_game_in_window_yet,
e092d87145b446abb919978d9b57dd41,0cf446817dbb,wnba,2026-27,2026-08-18T19:22:54+00:00,2026-08-23,Makayla Timpson,1642815,player_threes,,,,,,,0.0,"season fg3m history; L5 fg3m x0.45, minutes x0.93",0.466,"player-fitted (n=34, shrunk to league)",,,False,,,,PROJ,False,,,,no_game_in_window_yet,
367fa4c91f9444dca036574f6510bdbc,0cf446817dbb,wnba,2026-27,2026-08-18T19:22:54+00:00,2026-08-23,Sophie Cunningham,1629482,player_points,,,,,,,6.89,season PPG; L5 pts x0.45 + source pts x0.35,5.572,"player-fitted (n=34, shrunk to league)",,,False,,,,PROJ,False,,,,no_game_in_window_yet,
9c8ede0f76b84211b6eb02179cfff0f8,0cf446817dbb,wnba,2026-27,2026-08-18T19:22:54+00:00,2026-08-23,Sophie Cunningham,1629482,player_rebounds,,,,,,,1.93,season RPG; L5 reb x0.45,1.893,"player-fitted (n=34, shrunk to league)",,,False,,,,PROJ,False,,,,no_game_in_window_yet,
1b0354d45b324c89a51cc3d5a5e8ee2d,0cf446817dbb,wnba,2026-27,2026-08-18T19:22:54+00:00,2026-08-23,Sophie Cunningham,1629482,player_assists,,,,,,,0.84,season APG; L5 ast x0.45,1.235,"player-fitted (n=34, shrunk to league)",,,False,,,,PROJ,False,,,,no_game_in_window_yet,
65711bb031e74a0dbfc7ac6d590d8d7a,0cf446817dbb,wnba,2026-27,2026-08-18T19:22:54+00:00,2026-08-23,Sophie Cunningham,1629482,player_threes,,,,,,,1.46,season fg3m history; L5 fg3m x0.45,1.469,"player-fitted (n=34, shrunk to league)",,,False,,,,PROJ,False,,,,no_game_in_window_yet,
da35b17ae27742c4ba2a08f8de163c82,0cf446817dbb,wnba,2026-27,2026-08-18T19:22:54+00:00,2026-08-23,Monique Billings,1628881,player_points,,,,,,,7.55,"season PPG; L5 pts x0.45 + source pts x0.35, minutes x1.04",5.096,"player-fitted (n=34, shrunk to league)",,,False,,,,PROJ,False,,,,no_game_in_window_yet,
100e745bea1c4b28a96e68524129f431,0cf446817dbb,wnba,2026-27,2026-08-18T19:22:54+00:00,2026-08-23,Monique Billings,1628881,player_rebounds,,,,,,,4.55,"season RPG; L5 reb x0.45, minutes x1.04",2.811,"player-fitted (n=34, shrunk to league)",,,False,,,,PROJ,False,,,,no_game_in_window_yet,
ce448fc1d6074584bd5d0ebede77ecac,0cf446817dbb,wnba,2026-27,2026-08-18T19:22:54+00:00,2026-08-23,Monique Billings,1628881,player_assists,,,,,,,1.09,"season APG; L5 ast x0.45, minutes x1.04",1.135,"player-fitted (n=34, shrunk to league)",,,False,,,,PROJ,False,,,,no_game_in_window_yet,
9a575616324d43f3823093cc8d555dcf,0cf446817dbb,wnba,2026-27,2026-08-18T19:22:54+00:00,2026-08-23,Monique Billings,1628881,player_threes,,,,,,,0.08,"season fg3m history; L5 fg3m x0.45, minutes x1.04",0.563,"player-fitted (n=34, shrunk to league)",,,False,,,,PROJ,False,,,,no_game_in_window_yet,
8f78a79d192249c3a36aa02d8e0d552c,0cf446817dbb,wnba,2026-27,2026-08-18T19:22:54+00:00,2026-08-23,Natasha Cloud,204333,player_points,,,,,,,9.81,"season PPG; L5 pts x0.45 + source pts x0.35, minutes x0.83",4.978,"player-fitted (n=33, shrunk to league)",,,False,,,,PROJ,False,,,,no_game_in_window_yet,
418d3c480e14445faf092bf1da9a14f1,0cf446817dbb,wnba,2026-27,2026-08-18T19:22:54+00:00,2026-08-23,Natasha Cloud,204333,player_rebounds,,,,,,,2.8,"season RPG; L5 reb x0.45, minutes x0.83",2.039,"player-fitted (n=33, shrunk to league)",,,False,,,,PROJ,False,,,,no_game_in_window_yet,
18eb9076ea554a71abb400aa16fb4576,0cf446817dbb,wnba,2026-27,2026-08-18T19:22:54+00:00,2026-08-23,Natasha Cloud,204333,player_assists,,,,,,,5.03,"season APG; L5 ast x0.45, minutes x0.83",2.266,"player-fitted (n=33, shrunk to league)",,,False,,,,PROJ,False,,,,no_game_in_window_yet,
4aa8bada4db3476d8c5c82e394b610a9,0cf446817dbb,wnba,2026-27,2026-08-18T19:22:54+00:00,2026-08-23,Natasha Cloud,204333,player_threes,,,,,,,0.77,"season fg3m history; L5 fg3m x0.45, minutes x0.83",0.904,"player-fitted (n=33, shrunk to league)",,,False,,,,PROJ,False,,,,no_game_in_window_yet,
c0dc7e59427348fea0d2a98874833e0b,0cf446817dbb,wnba,2026-27,2026-08-18T19:22:54+00:00,2026-08-23,Skylar Diggins,203400,player_points,,,,,,,9.09,season PPG; L5 pts x0.45 + source pts x0.35,7.951,"player-fitted (n=30, shrunk to league)",,,False,,,,PROJ,False,,,,no_game_in_window_yet,
4c51908227eb42a294bf3b93a289b7b7,0cf446817dbb,wnba,2026-27,2026-08-18T19:22:54+00:00,2026-08-23,Skylar Diggins,203400,player_rebounds,,,,,,,1.76,season RPG; L5 reb x0.45,2.456,"player-fitted (n=30, shrunk to league)",,,False,,,,PROJ,False,,,,no_game_in_window_yet,
7a969395272e4f7d9c1592a8dfd23f83,0cf446817dbb,wnba,2026-27,2026-08-18T19:22:54+00:00,2026-08-23,Skylar Diggins,203400,player_assists,,,,,,,2.7,season APG; L5 ast x0.45,2.752,"player-fitted (n=30, shrunk to league)",,,False,,,,PROJ,False,,,,no_game_in_window_yet,
be99b697ca6c406996fab8f9e5939a0b,0cf446817dbb,wnba,2026-27,2026-08-18T19:22:54+00:00,2026-08-23,Skylar Diggins,203400,player_threes,,,,,,,0.48,season fg3m history; L5 fg3m x0.45,1.096,"player-fitted (n=30, shrunk to league)",,,False,,,,PROJ,False,,,,no_game_in_window_yet,
8e24a6dcc0754163aabe2b83581d5ddf,0cf446817dbb,wnba,2026-27,2026-08-18T19:22:54+00:00,2026-08-23,Sydney Taylor,1642321,player_points,,,,,,,15.77,"season PPG; L5 pts x0.45 + source pts x0.35, minutes x1.25",9.203,"player-fitted (n=33, shrunk to league)",,,False,,,,PROJ,False,,,,no_game_in_window_yet,
fbd9388dba1a422ba7878cc5db48d501,0cf446817dbb,wnba,2026-27,2026-08-18T19:22:54+00:00,2026-08-23,Sydney Taylor,1642321,player_rebounds,,,,,,,1.55,"season RPG; L5 reb x0.45, minutes x1.25",1.5,"player-fitted (n=33, shrunk to league)",,,False,,,,PROJ,False,,,,no_game_in_window_yet,
67eae94062cb41b4ba0ae7d414f59f34,0cf446817dbb,wnba,2026-27,2026-08-18T19:22:54+00:00,2026-08-23,Sydney Taylor,1642321,player_assists,,,,,,,1.73,"season APG; L5 ast x0.45, minutes x1.25",1.518,"player-fitted (n=33, shrunk to league)",,,False,,,,PROJ,False,,,,no_game_in_window_yet,
2d09276bf3c94177a4c984a076da54bf,0cf446817dbb,wnba,2026-27,2026-08-18T19:22:54+00:00,2026-08-23,Sydney Taylor,1642321,player_threes,,,,,,,2.13,"season fg3m history; L5 fg3m x0.45, minutes x1.25",1.534,"player-fitted (n=33, shrunk to league)",,,False,,,,PROJ,False,,,,no_game_in_window_yet,
b917c138182043779733992def4873b3,0cf446817dbb,wnba,2026-27,2026-08-18T19:22:54+00:00,2026-08-23,Kamilla Cardoso,1642289,player_points,,,,,,,12.89,"season PPG; L5 pts x0.45 + source pts x0.35, minutes x0.84",6.398,"player-fitted (n=34, shrunk to league)",,,False,,,,PROJ,False,,,,no_game_in_window_yet,
f2b2ff0d3ef545089e78b5fa754bb81c,0cf446817dbb,wnba,2026-27,2026-08-18T19:22:54+00:00,2026-08-23,Kamilla Cardoso,1642289,player_rebounds,,,,,,,7.57,"season RPG; L5 reb x0.45, minutes x0.84",3.379,"player-fitted (n=34, shrunk to league)",,,False,,,,PROJ,False,,,,no_game_in_window_yet,
982c8c6e7ef54ee7befc8b35500d161f,0cf446817dbb,wnba,2026-27,2026-08-18T19:22:54+00:00,2026-08-23,Kamilla Cardoso,1642289,player_assists,,,,,,,1.98,"season APG; L5 ast x0.45, minutes x0.84",1.605,"player-fitted (n=34, shrunk to league)",,,False,,,,PROJ,False,,,,no_game_in_window_yet,
e92c6f96327947589989af89b2aac3e8,0cf446817dbb,wnba,2026-27,2026-08-18T19:22:54+00:00,2026-08-23,Kamilla Cardoso,1642289,player_threes,,,,,,,0.0,"season fg3m history; L5 fg3m x0.45, minutes x0.84",0.466,"player-fitted (n=34, shrunk to league)",,,False,,,,PROJ,False,,,,no_game_in_window_yet,
0a571560a3c145a2a6bf957a3370f7b6,0cf446817dbb,wnba,2026-27,2026-08-18T19:22:54+00:00,2026-08-23,Azura Stevens,1628922,player_points,,,,,,,10.27,"season PPG; L5 pts x0.45 + source pts x0.35, minutes x1.25",6.27,"player-fitted (n=32, shrunk to league)",,,False,,,,PROJ,False,,,,no_game_in_window_yet,
6e9a7f1a50b64df78b10c81e6b82ac2e,0cf446817dbb,wnba,2026-27,2026-08-18T19:22:54+00:00,2026-08-23,Azura Stevens,1628922,player_rebounds,,,,,,,6.41,"season RPG; L5 reb x0.45, minutes x1.25",3.718,"player-fitted (n=32, shrunk to league)",,,False,,,,PROJ,False,,,,no_game_in_window_yet,
050d1aefce7b4f2d827535bd41a71b62,0cf446817dbb,wnba,2026-27,2026-08-18T19:22:54+00:00,2026-08-23,Azura Stevens,1628922,player_assists,,,,,,,1.92,"season APG; L5 ast x0.45, minutes x1.25",1.845,"player-fitted (n=32, shrunk to league)",,,False,,,,PROJ,False,,,,no_game_in_window_yet,
e932e3b08f444d0cbaca97c534dc47f1,0cf446817dbb,wnba,2026-27,2026-08-18T19:22:54+00:00,2026-08-23,Azura Stevens,1628922,player_threes,,,,,,,0.61,"season fg3m history; L5 fg3m x0.45, minutes x1.25",1.01,"player-fitted (n=32, shrunk to league)",,,False,,,,PROJ,False,,,,no_game_in_window_yet,
e6c18924ad98447298bcc7fb75bc5021,0cf446817dbb,wnba,2026-27,2026-08-18T19:22:54+00:00,2026-08-23,Courtney Vandersloot,202664,player_points,,,,,,,7.57,"season PPG; L5 pts x0.45 + source pts x0.35, minutes x0.84",5.188,"player-fitted (n=30, shrunk to league)",,,False,,,,PROJ,False,,,,no_game_in_window_yet,
f8c68ee288da4176ab723c4d8ed63c75,0cf446817dbb,wnba,2026-27,2026-08-18T19:22:54+00:00,2026-08-23,Courtney Vandersloot,202664,player_rebounds,,,,,,,2.41,"season RPG; L5 reb x0.45, minutes x0.84",2.115,"player-fitted (n=30, shrunk to league)",,,False,,,,PROJ,False,,,,no_game_in_window_yet,
16cd9ac570724dfc8eb5745bdd4fa8bc,0cf446817dbb,wnba,2026-27,2026-08-18T19:22:54+00:00,2026-08-23,Courtney Vandersloot,202664,player_assists,,,,,,,4.31,"season APG; L5 ast x0.45, minutes x0.84",2.701,"player-fitted (n=30, shrunk to league)",,,False,,,,PROJ,False,,,,no_game_in_window_yet,
ea50b7e34d76418799edb39c63eff339,0cf446817dbb,wnba,2026-27,2026-08-18T19:22:54+00:00,2026-08-23,Courtney Vandersloot,202664,player_threes,,,,,,,0.76,"season fg3m history; L5 fg3m x0.45, minutes x0.84",0.889,"player-fitted (n=30, shrunk to league)",,,False,,,,PROJ,False,,,,no_game_in_window_yet,
8697abdb37bd498da6ca340875082e54,0cf446817dbb,wnba,2026-27,2026-08-18T19:22:54+00:00,2026-08-23,Sonia Citron,1642785,player_points,,,,,,,15.89,"season PPG; L5 pts x0.45 + source pts x0.35, minutes x0.93",7.362,"player-fitted (n=33, shrunk to league)",,,False,,,,PROJ,False,,,,no_game_in_window_yet,
64ae8e32a7ea4756b0bb0cbaeb0b228f,0cf446817dbb,wnba,2026-27,2026-08-18T19:22:54+00:00,2026-08-23,Sonia Citron,1642785,player_rebounds,,,,,,,3.92,"season RPG; L5 reb x0.45, minutes x0.93",2.353,"player-fitted (n=33, shrunk to league)",,,False,,,,PROJ,False,,,,no_game_in_window_yet,
6530a7464cad4a398c0476587436f265,0cf446817dbb,wnba,2026-27,2026-08-18T19:22:54+00:00,2026-08-23,Sonia Citron,1642785,player_assists,,,,,,,4.31,"season APG; L5 ast x0.45, minutes x0.93",2.237,"player-fitted (n=33, shrunk to league)",,,False,,,,PROJ,False,,,,no_game_in_window_yet,
06505c0d894b40948cef8a3b6efadc78,0cf446817dbb,wnba,2026-27,2026-08-18T19:22:54+00:00,2026-08-23,Sonia Citron,1642785,player_threes,,,,,,,1.73,"season fg3m history; L5 fg3m x0.45, minutes x0.93",1.209,"player-fitted (n=33, shrunk to league)",,,False,,,,PROJ,False,,,,no_game_in_window_yet,
e079b5e976ab41a097d55f43deaaf761,0cf446817dbb,wnba,2026-27,2026-08-18T19:22:54+00:00,2026-08-23,Shakira Austin,1631022,player_points,,,,,,,19.31,season PPG; L5 pts x0.45 + source pts x0.35,6.624,"player-fitted (n=34, shrunk to league)",,,False,,,,PROJ,False,,,,no_game_in_window_yet,
570b104ef6cb45a09e12f10cd9c24d33,0cf446817dbb,wnba,2026-27,2026-08-18T19:22:54+00:00,2026-08-23,Shakira Austin,1631022,player_rebounds,,,,,,,9.69,season RPG; L5 reb x0.45,3.284,"player-fitted (n=34, shrunk to league)",,,False,,,,PROJ,False,,,,no_game_in_window_yet,
d02e1372ceb24cd39195a53821c9b3aa,0cf446817dbb,wnba,2026-27,2026-08-18T19:22:54+00:00,2026-08-23,Shakira Austin,1631022,player_assists,,,,,,,2.37,season APG; L5 ast x0.45,1.607,"player-fitted (n=34, shrunk to league)",,,False,,,,PROJ,False,,,,no_game_in_window_yet,
ff37e2386f914867b12533f1f6c85a43,0cf446817dbb,wnba,2026-27,2026-08-18T19:22:54+00:00,2026-08-23,Shakira Austin,1631022,player_threes,,,,,,,0.54,season fg3m history; L5 fg3m x0.45,0.713,"player-fitted (n=34, shrunk to league)",,,False,,,,PROJ,False,,,,no_game_in_window_yet,
2c100d47c41b4795861bf466b582c680,0cf446817dbb,wnba,2026-27,2026-08-18T19:22:54+00:00,2026-08-23,Kiki Iriafen,1642792,player_points,,,,,,,13.52,"season PPG; L5 pts x0.45 + source pts x0.35, minutes x0.93",7.109,"player-fitted (n=34, shrunk to league)",,,False,,,,PROJ,False,,,,no_game_in_window_yet,
4ce64db9127942918d38c5cb93d8483b,0cf446817dbb,wnba,2026-27,2026-08-18T19:22:54+00:00,2026-08-23,Kiki Iriafen,1642792,player_rebounds,,,,,,,8.33,"season RPG; L5 reb x0.45, minutes x0.93",3.924,"player-fitted (n=34, shrunk to league)",,,False,,,,PROJ,False,,,,no_game_in_window_yet,
f59d0626d8d34339b4f02e5f874876b9,0cf446817dbb,wnba,2026-27,2026-08-18T19:22:54+00:00,2026-08-23,Kiki Iriafen,1642792,player_assists,,,,,,,1.79,"season APG; L5 ast x0.45, minutes x0.93",1.578,"player-fitted (n=34, shrunk to league)",,,False,,,,PROJ,False,,,,no_game_in_window_yet,
06db9b44746e42b081bdc4da3fb8b86e,0cf446817dbb,wnba,2026-27,2026-08-18T19:22:54+00:00,2026-08-23,Kiki Iriafen,1642792,player_threes,,,,,,,0.25,"season fg3m history; L5 fg3m x0.45, minutes x0.93",0.625,"player-fitted (n=34, shrunk to league)",,,False,,,,PROJ,False,,,,no_game_in_window_yet,
ebd68d61274d45efabc742882449204c,0cf446817dbb,wnba,2026-27,2026-08-18T19:22:54+00:00,2026-08-23,Michaela Onyenwere,1630446,player_points,,,,,,,7.52,"season PPG; L5 pts x0.45 + source pts x0.35, minutes x1.10",6.778,"player-fitted (n=32, shrunk to league)",,,False,,,,PROJ,False,,,,no_game_in_window_yet,
bc2f153c66424a4e948bce47c95afe17,0cf446817dbb,wnba,2026-27,2026-08-18T19:22:54+00:00,2026-08-23,Michaela Onyenwere,1630446,player_rebounds,,,,,,,3.27,"season RPG; L5 reb x0.45, minutes x1.10",2.168,"player-fitted (n=32, shrunk to league)",,,False,,,,PROJ,False,,,,no_game_in_window_yet,
760a6f975986408ca672c0cfa7a755c3,0cf446817dbb,wnba,2026-27,2026-08-18T19:22:54+00:00,2026-08-23,Michaela Onyenwere,1630446,player_assists,,,,,,,1.83,"season APG; L5 ast x0.45, minutes x1.10",1.45,"player-fitted (n=32, shrunk to league)",,,False,,,,PROJ,False,,,,no_game_in_window_yet,
10bb839902f443a4a882d1efaa3d1785,0cf446817dbb,wnba,2026-27,2026-08-18T19:22:54+00:00,2026-08-23,Michaela Onyenwere,1630446,player_threes,,,,,,,1.16,"season fg3m history; L5 fg3m x0.45, minutes x1.10",1.391,"player-fitted (n=32, shrunk to league)",,,False,,,,PROJ,False,,,,no_game_in_window_yet,
bde76f550b70410795e6d937f5c619fd,0cf446817dbb,wnba,2026-27,2026-08-18T19:22:54+00:00,2026-08-23,Cotie McMahon,1643430,player_points,,,,,,,8.1,"season PPG; L5 pts x0.45 + source pts x0.35, minutes x1.06",4.543,"player-fitted (n=33, shrunk to league)",,,False,,,,PROJ,False,,,,no_game_in_window_yet,
1782a9217b9f4464980dcf33c6c34079,0cf446817dbb,wnba,2026-27,2026-08-18T19:22:54+00:00,2026-08-23,Cotie McMahon,1643430,player_rebounds,,,,,,,3.67,"season RPG; L5 reb x0.45, minutes x1.06",2.231,"player-fitted (n=33, shrunk to league)",,,False,,,,PROJ,False,,,,no_game_in_window_yet,
0f5ff4a988344c53a16df1d3a09495df,0cf446817dbb,wnba,2026-27,2026-08-18T19:22:54+00:00,2026-08-23,Cotie McMahon,1643430,player_assists,,,,,,,1.83,"season APG; L5 ast x0.45, minutes x1.06",1.375,"player-fitted (n=33, shrunk to league)",,,False,,,,PROJ,False,,,,no_game_in_window_yet,
cf5b434f0dbc4fa0a4ddce01b29537e9,0cf446817dbb,wnba,2026-27,2026-08-18T19:22:54+00:00,2026-08-23,Cotie McMahon,1643430,player_threes,,,,,,,0.51,"season fg3m history; L5 fg3m x0.45, minutes x1.06",0.92,"player-fitted (n=33, shrunk to league)",,,False,,,,PROJ,False,,,,no_game_in_window_yet,
be73b8ba541345f1a4bb9a0b250e9eb1,0cf446817dbb,wnba,2026-27,2026-08-18T19:22:54+00:00,2026-08-23,Georgia Amoore,1642781,player_points,,,,,,,4.26,"season PPG; L5 pts x0.45 + source pts x0.35, minutes x1.08",4.617,"player-fitted (n=34, shrunk to league)",,,False,,,,PROJ,False,,,,no_game_in_window_yet,
4e9ad1901b6341d188cd53284e24eafc,0cf446817dbb,wnba,2026-27,2026-08-18T19:22:54+00:00,2026-08-23,Georgia Amoore,1642781,player_rebounds,,,,,,,0.95,"season RPG; L5 reb x0.45, minutes x1.08",1.376,"player-fitted (n=34, shrunk to league)",,,False,,,,PROJ,False,,,,no_game_in_window_yet,
4700d63ef07945cca7f5e8f3489c65bc,0cf446817dbb,wnba,2026-27,2026-08-18T19:22:54+00:00,2026-08-23,Georgia Amoore,1642781,player_assists,,,,,,,3.19,"season APG; L5 ast x0.45, minutes x1.08",2.162,"player-fitted (n=34, shrunk to league)",,,False,,,,PROJ,False,,,,no_game_in_window_yet,
f6d948ce0096448e8ca6d11c7d7e6e00,0cf446817dbb,wnba,2026-27,2026-08-18T19:22:54+00:00,2026-08-23,Georgia Amoore,1642781,player_threes,,,,,,,0.75,"season fg3m history; L5 fg3m x0.45, minutes x1.08",1.162,"player-fitted (n=34, shrunk to league)",,,False,,,,PROJ,False,,,,no_game_in_window_yet,
9342ad77380047e4a6b8bc26bce45d3e,0cf446817dbb,wnba,2026-27,2026-08-18T19:22:54+00:00,2026-08-23,Bridget Carleton,1629524,player_points,,,,,,,14.97,"season PPG; L5 pts x0.45 + source pts x0.35, minutes x0.94",6.269,"player-fitted (n=34, shrunk to league)",,,False,,,,PROJ,False,,,,no_game_in_window_yet,
958af22efc54409ab9276a9317c509b7,0cf446817dbb,wnba,2026-27,2026-08-18T19:22:54+00:00,2026-08-23,Bridget Carleton,1629524,player_rebounds,,,,,,,5.86,"season RPG; L5 reb x0.45, minutes x0.94",2.602,"player-fitted (n=34, shrunk to league)",,,False,,,,PROJ,False,,,,no_game_in_window_yet,
4c83edf19c7446c1a10304201fcd95f8,0cf446817dbb,wnba,2026-27,2026-08-18T19:22:54+00:00,2026-08-23,Bridget Carleton,1629524,player_assists,,,,,,,1.84,"season APG; L5 ast x0.45, minutes x0.94",1.334,"player-fitted (n=34, shrunk to league)",,,False,,,,PROJ,False,,,,no_game_in_window_yet,
41d4c6e4e2df44cfbed6026ffa5b37f9,0cf446817dbb,wnba,2026-27,2026-08-18T19:22:54+00:00,2026-08-23,Bridget Carleton,1629524,player_threes,,,,,,,2.96,"season fg3m history; L5 fg3m x0.45, minutes x0.94",1.836,"player-fitted (n=34, shrunk to league)",,,False,,,,PROJ,False,,,,no_game_in_window_yet,
730c1a811aa6405c87b08024d7a3c254,0cf446817dbb,wnba,2026-27,2026-08-18T19:22:54+00:00,2026-08-23,Carla Leite,1642304,player_points,,,,,,,17.38,"season PPG; L5 pts x0.45 + source pts x0.35, minutes x1.25",6.353,"player-fitted (n=32, shrunk to league)",,,False,,,,PROJ,False,,,,no_game_in_window_yet,
8e30cd3f3ad74994a0552484ec55ca75,0cf446817dbb,wnba,2026-27,2026-08-18T19:22:54+00:00,2026-08-23,Carla Leite,1642304,player_rebounds,,,,,,,2.48,"season RPG; L5 reb x0.45, minutes x1.25",1.781,"player-fitted (n=32, shrunk to league)",,,False,,,,PROJ,False,,,,no_game_in_window_yet,
d6338dedcf7b4b3583a774deb2d801a6,0cf446817dbb,wnba,2026-27,2026-08-18T19:22:54+00:00,2026-08-23,Carla Leite,1642304,player_assists,,,,,,,7.3,"season APG; L5 ast x0.45, minutes x1.25",2.97,"player-fitted (n=32, shrunk to league)",,,False,,,,PROJ,False,,,,no_game_in_window_yet,
ac545517396949888ea49ce67097a500,0cf446817dbb,wnba,2026-27,2026-08-18T19:22:54+00:00,2026-08-23,Carla Leite,1642304,player_threes,,,,,,,1.23,"season fg3m history; L5 fg3m x0.45, minutes x1.25",0.859,"player-fitted (n=32, shrunk to league)",,,False,,,,PROJ,False,,,,no_game_in_window_yet,
f05b301de66f45fe98730e0d99c9b359,0cf446817dbb,wnba,2026-27,2026-08-18T19:22:54+00:00,2026-08-23,Megan DiLeo,1629484,player_points,,,,,,,12.21,"season PPG; L5 pts x0.45 + source pts x0.35, minutes x0.87",5.69,"player-fitted (n=34, shrunk to league)",,,False,,,,PROJ,False,,,,no_game_in_window_yet,
4c430a9d9f4a4074a741a5d224fd9bf7,0cf446817dbb,wnba,2026-27,2026-08-18T19:22:54+00:00,2026-08-23,Megan DiLeo,1629484,player_rebounds,,,,,,,4.42,"season RPG; L5 reb x0.45, minutes x0.87",2.681,"player-fitted (n=34, shrunk to league)",,,False,,,,PROJ,False,,,,no_game_in_window_yet,
e1b82751d1204380a1712baf1102d9ea,0cf446817dbb,wnba,2026-27,2026-08-18T19:22:54+00:00,2026-08-23,Megan DiLeo,1629484,player_assists,,,,,,,1.02,"season APG; L5 ast x0.45, minutes x0.87",1.317,"player-fitted (n=34, shrunk to league)",,,False,,,,PROJ,False,,,,no_game_in_window_yet,
70696ea34df74dea957dbbb4f89073c5,0cf446817dbb,wnba,2026-27,2026-08-18T19:22:54+00:00,2026-08-23,Megan DiLeo,1629484,player_threes,,,,,,,1.03,"season fg3m history; L5 fg3m x0.45, minutes x0.87",0.992,"player-fitted (n=34, shrunk to league)",,,False,,,,PROJ,False,,,,no_game_in_window_yet,
3e6230677ec64f648be89ea3520518bb,0cf446817dbb,wnba,2026-27,2026-08-18T19:22:54+00:00,2026-08-23,Sarah Ashlee Barker,1642782,player_points,,,,,,,8.55,"season PPG; L5 pts x0.45 + source pts x0.35, minutes x1.25",6.022,"player-fitted (n=30, shrunk to league)",,,False,,,,PROJ,False,,,,no_game_in_window_yet,
88d8e1a0cc6540f797f7374a114c9e77,0cf446817dbb,wnba,2026-27,2026-08-18T19:22:54+00:00,2026-08-23,Sarah Ashlee Barker,1642782,player_rebounds,,,,,,,3.43,"season RPG; L5 reb x0.45, minutes x1.25",2.47,"player-fitted (n=30, shrunk to league)",,,False,,,,PROJ,False,,,,no_game_in_window_yet,
adf1f8cb1d70498298bf07ca231328d1,0cf446817dbb,wnba,2026-27,2026-08-18T19:22:54+00:00,2026-08-23,Sarah Ashlee Barker,1642782,player_assists,,,,,,,1.88,"season APG; L5 ast x0.45, minutes x1.25",1.622,"player-fitted (n=30, shrunk to league)",,,False,,,,PROJ,False,,,,no_game_in_window_yet,
3ce9809640fa41309423ed084f05bfd0,0cf446817dbb,wnba,2026-27,2026-08-18T19:22:54+00:00,2026-08-23,Sarah Ashlee Barker,1642782,player_threes,,,,,,,0.83,"season fg3m history; L5 fg3m x0.45, minutes x1.25",0.963,"player-fitted (n=30, shrunk to league)",,,False,,,,PROJ,False,,,,no_game_in_window_yet,
2bbe9172e05b43d1839f5250a68ea997,0cf446817dbb,wnba,2026-27,2026-08-18T19:22:54+00:00,2026-08-23,Emily Engstler,1631083,player_points,,,,,,,7.42,"season PPG; L5 pts x0.45 + source pts x0.35, minutes x0.85",3.981,"player-fitted (n=34, shrunk to league)",,,False,,,,PROJ,False,,,,no_game_in_window_yet,
138373b7f7814f2baaa5ddc898ce61cf,0cf446817dbb,wnba,2026-27,2026-08-18T19:22:54+00:00,2026-08-23,Emily Engstler,1631083,player_rebounds,,,,,,,4.39,"season RPG; L5 reb x0.45, minutes x0.85",2.684,"player-fitted (n=34, shrunk to league)",,,False,,,,PROJ,False,,,,no_game_in_window_yet,
64ebdbdeeb24406c9bb852ae788d29e3,0cf446817dbb,wnba,2026-27,2026-08-18T19:22:54+00:00,2026-08-23,Emily Engstler,1631083,player_assists,,,,,,,1.75,"season APG; L5 ast x0.45, minutes x0.85",1.702,"player-fitted (n=34, shrunk to league)",,,False,,,,PROJ,False,,,,no_game_in_window_yet,
dd0dfa5c09924a47975ce5411f8a6088,0cf446817dbb,wnba,2026-27,2026-08-18T19:22:54+00:00,2026-08-23,Emily Engstler,1631083,player_threes,,,,,,,0.86,"season fg3m history; L5 fg3m x0.45, minutes x0.85",0.867,"player-fitted (n=34, shrunk to league)",,,False,,,,PROJ,False,,,,no_game_in_window_yet,
b1557633c5a1486e8fa2bcbca5a5972b,0cf446817dbb,wnba,2026-27,2026-08-18T19:22:54+00:00,2026-08-23,Nyadiew Puoch,1642296,player_points,,,,,,,4.9,"season PPG; L5 pts x0.45 + source pts x0.35, minutes x0.83",4.679,"player-fitted (n=34, shrunk to league)",,,False,,,,PROJ,False,,,,no_game_in_window_yet,
dbd92d07ace946858700ac5843d3040b,0cf446817dbb,wnba,2026-27,2026-08-18T19:22:54+00:00,2026-08-23,Nyadiew Puoch,1642296,player_rebounds,,,,,,,1.65,"season RPG; L5 reb x0.45, minutes x0.83",1.464,"player-fitted (n=34, shrunk to league)",,,False,,,,PROJ,False,,,,no_game_in_window_yet,
105840af75a5489898f72aede800556f,0cf446817dbb,wnba,2026-27,2026-08-18T19:22:54+00:00,2026-08-23,Nyadiew Puoch,1642296,player_assists,,,,,,,0.55,"season APG; L5 ast x0.45, minutes x0.83",0.994,"player-fitted (n=34, shrunk to league)",,,False,,,,PROJ,False,,,,no_game_in_window_yet,
39ea9c0bd7cb4ac681ebd385abc2c190,0cf446817dbb,wnba,2026-27,2026-08-18T19:22:54+00:00,2026-08-23,Nyadiew Puoch,1642296,player_threes,,,,,,,0.64,"season fg3m history; L5 fg3m x0.45, minutes x0.83",0.884,"player-fitted (n=34, shrunk to league)",,,False,,,,PROJ,False,,,,no_game_in_window_yet,
b86d03cee6144a1aae2738f6c213ab4c,0cf446817dbb,wnba,2026-27,2026-08-18T19:22:54+00:00,2026-08-23,Chelsea Gray,203833,player_points,,,,,,,10.56,"season PPG; L5 pts x0.45 + source pts x0.35, minutes x0.87",5.85,"player-fitted (n=35, shrunk to league)",,,False,,,,PROJ,False,,,,no_game_in_window_yet,
43db9543fc9146639c8915706d213724,0cf446817dbb,wnba,2026-27,2026-08-18T19:22:54+00:00,2026-08-23,Chelsea Gray,203833,player_rebounds,,,,,,,2.55,"season RPG; L5 reb x0.45, minutes x0.87",1.842,"player-fitted (n=35, shrunk to league)",,,False,,,,PROJ,False,,,,no_game_in_window_yet,
8b8e7dee03a246eb9edb926a410a207b,0cf446817dbb,wnba,2026-27,2026-08-18T19:22:54+00:00,2026-08-23,Chelsea Gray,203833,player_assists,,,,,,,5.92,"season APG; L5 ast x0.45, minutes x0.87",1.898,"player-fitted (n=35, shrunk to league)",,,False,,,,PROJ,False,,,,no_game_in_window_yet,
d73f34ba538c4edab65a16fbcb3a4e43,0cf446817dbb,wnba,2026-27,2026-08-18T19:22:54+00:00,2026-08-23,Chelsea Gray,203833,player_threes,,,,,,,1.52,"season fg3m history; L5 fg3m x0.45, minutes x0.87",1.794,"player-fitted (n=35, shrunk to league)",,,False,,,,PROJ,False,,,,no_game_in_window_yet,
fe7ca05dfe974239a3dd3708c26feb6e,0cf446817dbb,wnba,2026-27,2026-08-18T19:22:54+00:00,2026-08-23,Jackie Young,1629498,player_points,,,,,,,18.81,"season PPG; L5 pts x0.45 + source pts x0.35, minutes x0.89",7.393,"player-fitted (n=35, shrunk to league)",,,False,,,,PROJ,False,,,,no_game_in_window_yet,
d290e8db93364b76b9b53cb908141ec0,0cf446817dbb,wnba,2026-27,2026-08-18T19:22:54+00:00,2026-08-23,Jackie Young,1629498,player_rebounds,,,,,,,3.27,"season RPG; L5 reb x0.45, minutes x0.89",2.53,"player-fitted (n=35, shrunk to league)",,,False,,,,PROJ,False,,,,no_game_in_window_yet,
c9c1355908174bc99fd6aa65b6e5537a,0cf446817dbb,wnba,2026-27,2026-08-18T19:22:54+00:00,2026-08-23,Jackie Young,1629498,player_assists,,,,,,,5.84,"season APG; L5 ast x0.45, minutes x0.89",2.504,"player-fitted (n=35, shrunk to league)",,,False,,,,PROJ,False,,,,no_game_in_window_yet,
1eea864655284c778aee8d7373093d56,0cf446817dbb,wnba,2026-27,2026-08-18T19:22:54+00:00,2026-08-23,Jackie Young,1629498,player_threes,,,,,,,2.37,"season fg3m history; L5 fg3m x0.45, minutes x0.89",1.534,"player-fitted (n=35, shrunk to league)",,,False,,,,PROJ,False,,,,no_game_in_window_yet,
ec950b0e18f542598ced53b42f6750fc,0cf446817dbb,wnba,2026-27,2026-08-18T19:22:54+00:00,2026-08-23,A'ja Wilson,1628932,player_points,,,,,,,22.28,"season PPG; L5 pts x0.45 + source pts x0.35, minutes x0.87",6.76,"player-fitted (n=33, shrunk to league)",,,False,,,,PROJ,False,,,,no_game_in_window_yet,
51736823c695448c99c8a69f64249147,0cf446817dbb,wnba,2026-27,2026-08-18T19:22:54+00:00,2026-08-23,A'ja Wilson,1628932,player_rebounds,,,,,,,8.24,"season RPG; L5 reb x0.45, minutes x0.87",3.454,"player-fitted (n=33, shrunk to league)",,,False,,,,PROJ,False,,,,no_game_in_window_yet,
c9550af18e7744f5b6aa27d78be94e57,0cf446817dbb,wnba,2026-27,2026-08-18T19:22:54+00:00,2026-08-23,A'ja Wilson,1628932,player_assists,,,,,,,2.33,"season APG; L5 ast x0.45, minutes x0.87",1.736,"player-fitted (n=33, shrunk to league)",,,False,,,,PROJ,False,,,,no_game_in_window_yet,
71465edc375f444d88719cb51e96d7fa,0cf446817dbb,wnba,2026-27,2026-08-18T19:22:54+00:00,2026-08-23,A'ja Wilson,1628932,player_threes,,,,,,,0.79,"season fg3m history; L5 fg3m x0.45, minutes x0.87",0.891,"player-fitted (n=33, shrunk to league)",,,False,,,,PROJ,False,,,,no_game_in_window_yet,
88f0d12ba6cb405dbe72cc0e42f9cbd9,0cf446817dbb,wnba,2026-27,2026-08-18T19:22:54+00:00,2026-08-23,Jewell Loyd,204319,player_points,,,,,,,8.13,season PPG; L5 pts x0.45 + source pts x0.35,4.731,"player-fitted (n=34, shrunk to league)",,,False,,,,PROJ,False,,,,no_game_in_window_yet,
9fca9ff1205c40e99ab47f0cbaee823f,0cf446817dbb,wnba,2026-27,2026-08-18T19:22:54+00:00,2026-08-23,Jewell Loyd,204319,player_rebounds,,,,,,,1.98,season RPG; L5 reb x0.45,1.688,"player-fitted (n=34, shrunk to league)",,,False,,,,PROJ,False,,,,no_game_in_window_yet,
ac3c79eae73a434880981073ba9b2829,0cf446817dbb,wnba,2026-27,2026-08-18T19:22:54+00:00,2026-08-23,Jewell Loyd,204319,player_assists,,,,,,,1.49,season APG; L5 ast x0.45,1.23,"player-fitted (n=34, shrunk to league)",,,False,,,,PROJ,False,,,,no_game_in_window_yet,
675ca2031a56463199c418a76628c9f1,0cf446817dbb,wnba,2026-27,2026-08-18T19:22:54+00:00,2026-08-23,Jewell Loyd,204319,player_threes,,,,,,,1.57,season fg3m history; L5 fg3m x0.45,1.185,"player-fitted (n=34, shrunk to league)",,,False,,,,PROJ,False,,,,no_game_in_window_yet,
0d5dc237cfde4f4fb5c1ba36fe8375bc,0cf446817dbb,wnba,2026-27,2026-08-18T19:22:54+00:00,2026-08-23,NaLyssa Smith,1631019,player_points,,,,,,,9.04,"season PPG; L5 pts x0.45 + source pts x0.35, minutes x0.78",5.692,"player-fitted (n=35, shrunk to league)",,,False,,,,PROJ,False,,,,no_game_in_window_yet,
b9bef296348c4021a6d31577206bf325,0cf446817dbb,wnba,2026-27,2026-08-18T19:22:54+00:00,2026-08-23,NaLyssa Smith,1631019,player_rebounds,,,,,,,6.16,"season RPG; L5 reb x0.45, minutes x0.78",2.93,"player-fitted (n=35, shrunk to league)",,,False,,,,PROJ,False,,,,no_game_in_window_yet,
648de47db69c4cc7918c5324299643d7,0cf446817dbb,wnba,2026-27,2026-08-18T19:22:54+00:00,2026-08-23,NaLyssa Smith,1631019,player_assists,,,,,,,1.02,"season APG; L5 ast x0.45, minutes x0.78",1.23,"player-fitted (n=35, shrunk to league)",,,False,,,,PROJ,False,,,,no_game_in_window_yet,
07a8906393604b1d8699b539baaf2e2e,0cf446817dbb,wnba,2026-27,2026-08-18T19:22:54+00:00,2026-08-23,NaLyssa Smith,1631019,player_threes,,,,,,,0.01,"season fg3m history; L5 fg3m x0.45, minutes x0.78",0.484,"player-fitted (n=35, shrunk to league)",,,False,,,,PROJ,False,,,,no_game_in_window_yet,
351fadc26e8441708579e63ce03c36b4,0cf446817dbb,wnba,2026-27,2026-08-18T19:22:54+00:00,2026-08-23,Dana Evans,1630389,player_points,,,,,,,4.13,"season PPG; L5 pts x0.45 + source pts x0.35, minutes x1.20",4.236,"player-fitted (n=17, shrunk to league)",,,False,,,,PROJ,False,,,,no_game_in_window_yet,
c950b07607cf49dcbf10dec386a2de05,0cf446817dbb,wnba,2026-27,2026-08-18T19:22:54+00:00,2026-08-23,Dana Evans,1630389,player_rebounds,,,,,,,2.27,"season RPG; L5 reb x0.45, minutes x1.20",1.755,"player-fitted (n=17, shrunk to league)",,,False,,,,PROJ,False,,,,no_game_in_window_yet,
b1a74c358d7c492683f15de60bfed873,0cf446817dbb,wnba,2026-27,2026-08-18T19:22:54+00:00,2026-08-23,Dana Evans,1630389,player_assists,,,,,,,2.41,"season APG; L5 ast x0.45, minutes x1.20",1.318,"player-fitted (n=17, shrunk to league)",,,False,,,,PROJ,False,,,,no_game_in_window_yet,
c8516ac1ec31486f862730199d516fde,0cf446817dbb,wnba,2026-27,2026-08-18T19:22:54+00:00,2026-08-23,Dana Evans,1630389,player_threes,,,,,,,0.64,"season fg3m history; L5 fg3m x0.45, minutes x1.20",0.952,"player-fitted (n=17, shrunk to league)",,,False,,,,PROJ,False,,,,no_game_in_window_yet,
37f66c3a4e934724a1515e691cf55ef8,0cf446817dbb,wnba,2026-27,2026-08-18T19:22:54+00:00,2026-08-23,Brittney Sykes,1628279,player_points,,,,,,,13.28,season PPG; L5 pts x0.45 + source pts x0.35,10.869,"player-fitted (n=33, shrunk to league)",,,False,,,,PROJ,False,,,,no_game_in_window_yet,
c4b8009af5e44ab9a5bdd3b0134e880c,0cf446817dbb,wnba,2026-27,2026-08-18T19:22:54+00:00,2026-08-23,Brittney Sykes,1628279,player_rebounds,,,,,,,2.09,season RPG; L5 reb x0.45,2.419,"player-fitted (n=33, shrunk to league)",,,False,,,,PROJ,False,,,,no_game_in_window_yet,
bd66a72a24e84c4e8f934cd6e780f910,0cf446817dbb,wnba,2026-27,2026-08-18T19:22:54+00:00,2026-08-23,Brittney Sykes,1628279,player_assists,,,,,,,1.93,season APG; L5 ast x0.45,2.016,"player-fitted (n=33, shrunk to league)",,,False,,,,PROJ,False,,,,no_game_in_window_yet,
71a1739e2537462a910c98ec780a1d23,0cf446817dbb,wnba,2026-27,2026-08-18T19:22:54+00:00,2026-08-23,Brittney Sykes,1628279,player_threes,,,,,,,0.27,season fg3m history; L5 fg3m x0.45,1.019,"player-fitted (n=33, shrunk to league)",,,False,,,,PROJ,False,,,,no_game_in_window_yet,
2ddc686913a142ae9a6f2bddec8b4ddc,0cf446817dbb,wnba,2026-27,2026-08-18T19:22:54+00:00,2026-08-23,Marina Mabrey,1629497,player_points,,,,,,,19.72,"season PPG; L5 pts x0.45 + source pts x0.35, minutes x1.12",10.423,"player-fitted (n=33, shrunk to league)",,,False,,,,PROJ,False,,,,no_game_in_window_yet,
5a9750ffddad474185984e8e72451561,0cf446817dbb,wnba,2026-27,2026-08-18T19:22:54+00:00,2026-08-23,Marina Mabrey,1629497,player_rebounds,,,,,,,3.01,"season RPG; L5 reb x0.45, minutes x1.12",2.09,"player-fitted (n=33, shrunk to league)",,,False,,,,PROJ,False,,,,no_game_in_window_yet,
b0d0b9f7e99346ccab7ae03f797dfc68,0cf446817dbb,wnba,2026-27,2026-08-18T19:22:54+00:00,2026-08-23,Marina Mabrey,1629497,player_assists,,,,,,,3.7,"season APG; L5 ast x0.45, minutes x1.12",1.994,"player-fitted (n=33, shrunk to league)",,,False,,,,PROJ,False,,,,no_game_in_window_yet,
9adc2264c8f24d038a1c77dd41fa8f7b,0cf446817dbb,wnba,2026-27,2026-08-18T19:22:54+00:00,2026-08-23,Marina Mabrey,1629497,player_threes,,,,,,,3.18,"season fg3m history; L5 fg3m x0.45, minutes x1.12",2.14,"player-fitted (n=33, shrunk to league)",,,False,,,,PROJ,False,,,,no_game_in_window_yet,
489c3db03fe34aeaa9bc8efd474d80a3,0cf446817dbb,wnba,2026-27,2026-08-18T19:22:54+00:00,2026-08-23,Maria Conde,1629576,player_points,,,,,,,9.27,"season PPG; L5 pts x0.45 + source pts x0.35, minutes x1.09",5.539,"player-fitted (n=33, shrunk to league)",,,False,,,,PROJ,False,,,,no_game_in_window_yet,
3f9f6c86efb946b8b5f8c95b86ab879e,0cf446817dbb,wnba,2026-27,2026-08-18T19:22:54+00:00,2026-08-23,Maria Conde,1629576,player_rebounds,,,,,,,4.58,"season RPG; L5 reb x0.45, minutes x1.09",2.456,"player-fitted (n=33, shrunk to league)",,,False,,,,PROJ,False,,,,no_game_in_window_yet,
64194927be9949feaf42867de19325de,0cf446817dbb,wnba,2026-27,2026-08-18T19:22:54+00:00,2026-08-23,Maria Conde,1629576,player_assists,,,,,,,2.93,"season APG; L5 ast x0.45, minutes x1.09",1.945,"player-fitted (n=33, shrunk to league)",,,False,,,,PROJ,False,,,,no_game_in_window_yet,
2fee424cefeb46b4ac013bc0c4633f01,0cf446817dbb,wnba,2026-27,2026-08-18T19:22:54+00:00,2026-08-23,Maria Conde,1629576,player_threes,,,,,,,1.45,"season fg3m history; L5 fg3m x0.45, minutes x1.09",1.408,"player-fitted (n=33, shrunk to league)",,,False,,,,PROJ,False,,,,no_game_in_window_yet,
deafb5b929244b518a249e60ad2d4627,0cf446817dbb,wnba,2026-27,2026-08-18T19:22:54+00:00,2026-08-23,Julie Allemand,1627700,player_points,,,,,,,6.6,"season PPG; L5 pts x0.45 + source pts x0.35, minutes x1.05",4.778,"player-fitted (n=32, shrunk to league)",,,False,,,,PROJ,False,,,,no_game_in_window_yet,
4f66138c25564c1c8f55773b2a53112f,0cf446817dbb,wnba,2026-27,2026-08-18T19:22:54+00:00,2026-08-23,Julie Allemand,1627700,player_rebounds,,,,,,,2.84,"season RPG; L5 reb x0.45, minutes x1.05",2.204,"player-fitted (n=32, shrunk to league)",,,False,,,,PROJ,False,,,,no_game_in_window_yet,
c57fcee59a2d4b60ba69c7788988a4a8,0cf446817dbb,wnba,2026-27,2026-08-18T19:22:54+00:00,2026-08-23,Julie Allemand,1627700,player_assists,,,,,,,5.96,"season APG; L5 ast x0.45, minutes x1.05",3.371,"player-fitted (n=32, shrunk to league)",,,False,,,,PROJ,False,,,,no_game_in_window_yet,
9e2405d212a7468988a7a625b0dc53be,0cf446817dbb,wnba,2026-27,2026-08-18T19:22:54+00:00,2026-08-23,Julie Allemand,1627700,player_threes,,,,,,,1.36,"season fg3m history; L5 fg3m x0.45, minutes x1.05",1.13,"player-fitted (n=32, shrunk to league)",,,False,,,,PROJ,False,,,,no_game_in_window_yet,
043f6605656546d9aa4c1379972b086b,0cf446817dbb,wnba,2026-27,2026-08-18T19:22:54+00:00,2026-08-23,Laura Juskaite,1643420,player_points,,,,,,,9.98,"season PPG; L5 pts x0.45 + source pts x0.35, minutes x0.88",6.076,"player-fitted (n=33, shrunk to league)",,,False,,,,PROJ,False,,,,no_game_in_window_yet,
4922e78abc8a4c69a5add667ace37b21,0cf446817dbb,wnba,2026-27,2026-08-18T19:22:54+00:00,2026-08-23,Laura Juskaite,1643420,player_rebounds,,,,,,,3.56,"season RPG; L5 reb x0.45, minutes x0.88",2.309,"player-fitted (n=33, shrunk to league)",,,False,,,,PROJ,False,,,,no_game_in_window_yet,
8d2fe00761d54811a9f0e32757755e96,0cf446817dbb,wnba,2026-27,2026-08-18T19:22:54+00:00,2026-08-23,Laura Juskaite,1643420,player_assists,,,,,,,1.25,"season APG; L5 ast x0.45, minutes x0.88",1.334,"player-fitted (n=33, shrunk to league)",,,False,,,,PROJ,False,,,,no_game_in_window_yet,
da61bbc401fe4b528743f4fa8da324fa,0cf446817dbb,wnba,2026-27,2026-08-18T19:22:54+00:00,2026-08-23,Laura Juskaite,1643420,player_threes,,,,,,,0.72,"season fg3m history; L5 fg3m x0.45, minutes x0.88",1.039,"player-fitted (n=33, shrunk to league)",,,False,,,,PROJ,False,,,,no_game_in_window_yet,
bca7270557ee4fb1864d715020ccfd97,0cf446817dbb,wnba,2026-27,2026-08-18T19:22:54+00:00,2026-08-23,Nyara Sabally,1631055,player_points,,,,,,,10.92,"season PPG; L5 pts x0.45 + source pts x0.35, minutes x0.77",6.991,"player-fitted (n=33, shrunk to league)",,,False,,,,PROJ,False,,,,no_game_in_window_yet,
8e1d8cee6e42421b9da6606479b408f6,0cf446817dbb,wnba,2026-27,2026-08-18T19:22:54+00:00,2026-08-23,Nyara Sabally,1631055,player_rebounds,,,,,,,4.88,"season RPG; L5 reb x0.45, minutes x0.77",2.968,"player-fitted (n=33, shrunk to league)",,,False,,,,PROJ,False,,,,no_game_in_window_yet,
9af70a5a1d6f45dda7b9ced92c1af700,0cf446817dbb,wnba,2026-27,2026-08-18T19:22:54+00:00,2026-08-23,Nyara Sabally,1631055,player_assists,,,,,,,1.34,"season APG; L5 ast x0.45, minutes x0.77",1.454,"player-fitted (n=33, shrunk to league)",,,False,,,,PROJ,False,,,,no_game_in_window_yet,
ce2847aa62894f7aa5663779ca5adb89,0cf446817dbb,wnba,2026-27,2026-08-18T19:22:54+00:00,2026-08-23,Nyara Sabally,1631055,player_threes,,,,,,,0.81,"season fg3m history; L5 fg3m x0.45, minutes x0.77",0.966,"player-fitted (n=33, shrunk to league)",,,False,,,,PROJ,False,,,,no_game_in_window_yet,
2ea09ff34b3c42db85cac4f7d0aae4ae,0cf446817dbb,wnba,2026-27,2026-08-18T19:22:54+00:00,2026-08-24,Veronica Burton,1631007,player_points,,,,,,,12.56,"season PPG; L5 pts x0.45 + source pts x0.35, minutes x0.96",5.606,"player-fitted (n=33, shrunk to league)",,,False,,,,PROJ,False,,,,no_game_in_window_yet,
ef7d8a82cd8248a8ad96961b9ab94bed,0cf446817dbb,wnba,2026-27,2026-08-18T19:22:54+00:00,2026-08-24,Veronica Burton,1631007,player_rebounds,,,,,,,3.57,"season RPG; L5 reb x0.45, minutes x0.96",1.984,"player-fitted (n=33, shrunk to league)",,,False,,,,PROJ,False,,,,no_game_in_window_yet,
17fd8395f4ae4be982051f92f048af9b,0cf446817dbb,wnba,2026-27,2026-08-18T19:22:54+00:00,2026-08-24,Veronica Burton,1631007,player_assists,,,,,,,5.4,"season APG; L5 ast x0.45, minutes x0.96",2.355,"player-fitted (n=33, shrunk to league)",,,False,,,,PROJ,False,,,,no_game_in_window_yet,
747d850e1ae64cb38ba1b1326a113be4,0cf446817dbb,wnba,2026-27,2026-08-18T19:22:54+00:00,2026-08-24,Veronica Burton,1631007,player_threes,,,,,,,1.6,"season fg3m history; L5 fg3m x0.45, minutes x0.96",0.966,"player-fitted (n=33, shrunk to league)",,,False,,,,PROJ,False,,,,no_game_in_window_yet,
efe0dfca88ca44ffbbbfb690032e4144,0cf446817dbb,wnba,2026-27,2026-08-18T19:22:54+00:00,2026-08-24,Kayla Thornton,203866,player_points,,,,,,,9.7,"season PPG; L5 pts x0.45 + source pts x0.35, minutes x1.03",5.841,"player-fitted (n=33, shrunk to league)",,,False,,,,PROJ,False,,,,no_game_in_window_yet,
9d69d8f0a8bb432ab4ddc86d19fd644f,0cf446817dbb,wnba,2026-27,2026-08-18T19:22:54+00:00,2026-08-24,Kayla Thornton,203866,player_rebounds,,,,,,,4.78,"season RPG; L5 reb x0.45, minutes x1.03",2.695,"player-fitted (n=33, shrunk to league)",,,False,,,,PROJ,False,,,,no_game_in_window_yet,
a434c3cc9683436aa4f3f1c929d03de6,0cf446817dbb,wnba,2026-27,2026-08-18T19:22:54+00:00,2026-08-24,Kayla Thornton,203866,player_assists,,,,,,,0.92,"season APG; L5 ast x0.45, minutes x1.03",1.055,"player-fitted (n=33, shrunk to league)",,,False,,,,PROJ,False,,,,no_game_in_window_yet,
7727d9ca058b4fd1ab7f52503ba2a5e1,0cf446817dbb,wnba,2026-27,2026-08-18T19:22:54+00:00,2026-08-24,Kayla Thornton,203866,player_threes,,,,,,,1.78,"season fg3m history; L5 fg3m x0.45, minutes x1.03",1.469,"player-fitted (n=33, shrunk to league)",,,False,,,,PROJ,False,,,,no_game_in_window_yet,
ca3b55fa87f84921a46685db8829dd37,0cf446817dbb,wnba,2026-27,2026-08-18T19:22:54+00:00,2026-08-24,Gabby Williams,1628931,player_points,,,,,,,13.39,season PPG; L5 pts x0.45 + source pts x0.35,6.79,"player-fitted (n=33, shrunk to league)",,,False,,,,PROJ,False,,,,no_game_in_window_yet,
e118a589fa1a4708b39e602eff1538ab,0cf446817dbb,wnba,2026-27,2026-08-18T19:22:54+00:00,2026-08-24,Gabby Williams,1628931,player_rebounds,,,,,,,3.02,season RPG; L5 reb x0.45,2.194,"player-fitted (n=33, shrunk to league)",,,False,,,,PROJ,False,,,,no_game_in_window_yet,
4d45f4e6c8e34840aa2b53096d6c196e,0cf446817dbb,wnba,2026-27,2026-08-18T19:22:54+00:00,2026-08-24,Gabby Williams,1628931,player_assists,,,,,,,2.02,season APG; L5 ast x0.45,1.616,"player-fitted (n=33, shrunk to league)",,,False,,,,PROJ,False,,,,no_game_in_window_yet,
031bbb86cd00448bbe4959da82100057,0cf446817dbb,wnba,2026-27,2026-08-18T19:22:54+00:00,2026-08-24,Gabby Williams,1628931,player_threes,,,,,,,1.3,season fg3m history; L5 fg3m x0.45,1.359,"player-fitted (n=33, shrunk to league)",,,False,,,,PROJ,False,,,,no_game_in_window_yet,
bee4edc39472479b9f4ba161e9b9de04,0cf446817dbb,wnba,2026-27,2026-08-18T19:22:54+00:00,2026-08-24,Kiah Stokes,204329,player_points,,,,,,,3.84,"season PPG; L5 pts x0.45 + source pts x0.35, minutes x0.81",3.641,"player-fitted (n=32, shrunk to league)",,,False,,,,PROJ,False,,,,no_game_in_window_yet,
64e5bb474d254646a55fb568330dfcb9,0cf446817dbb,wnba,2026-27,2026-08-18T19:22:54+00:00,2026-08-24,Kiah Stokes,204329,player_rebounds,,,,,,,4.99,"season RPG; L5 reb x0.45, minutes x0.81",2.297,"player-fitted (n=32, shrunk to league)",,,False,,,,PROJ,False,,,,no_game_in_window_yet,
46985eacb4584fffb607c353c3774da7,0cf446817dbb,wnba,2026-27,2026-08-18T19:22:54+00:00,2026-08-24,Kiah Stokes,204329,player_assists,,,,,,,1.16,"season APG; L5 ast x0.45, minutes x0.81",1.217,"player-fitted (n=32, shrunk to league)",,,False,,,,PROJ,False,,,,no_game_in_window_yet,
ae42070cc63e476794659dfb987accea,0cf446817dbb,wnba,2026-27,2026-08-18T19:22:54+00:00,2026-08-24,Kiah Stokes,204329,player_threes,,,,,,,0.47,"season fg3m history; L5 fg3m x0.45, minutes x0.81",0.784,"player-fitted (n=32, shrunk to league)",,,False,,,,PROJ,False,,,,no_game_in_window_yet,
3746df637a1449d8896abf1529ebc9e5,0cf446817dbb,wnba,2026-27,2026-08-18T19:22:54+00:00,2026-08-24,Janelle Salaun,1642767,player_points,,,,,,,10.86,"season PPG; L5 pts x0.45 + source pts x0.35, minutes x0.79",5.772,"player-fitted (n=32, shrunk to league)",,,False,,,,PROJ,False,,,,no_game_in_window_yet,
3308febde4c540049165d55bf8aeda64,0cf446817dbb,wnba,2026-27,2026-08-18T19:22:54+00:00,2026-08-24,Janelle Salaun,1642767,player_rebounds,,,,,,,2.49,"season RPG; L5 reb x0.45, minutes x0.79",1.945,"player-fitted (n=32, shrunk to league)",,,False,,,,PROJ,False,,,,no_game_in_window_yet,
b2b9a6c36b8742b4af2498cb66cd01ef,0cf446817dbb,wnba,2026-27,2026-08-18T19:22:54+00:00,2026-08-24,Janelle Salaun,1642767,player_assists,,,,,,,0.9,"season APG; L5 ast x0.45, minutes x0.79",1.141,"player-fitted (n=32, shrunk to league)",,,False,,,,PROJ,False,,,,no_game_in_window_yet,
9f7b626f5df447e89fbffb34e8971569,0cf446817dbb,wnba,2026-27,2026-08-18T19:22:54+00:00,2026-08-24,Janelle Salaun,1642767,player_threes,,,,,,,2.0,"season fg3m history; L5 fg3m x0.45, minutes x0.79",1.338,"player-fitted (n=32, shrunk to league)",,,False,,,,PROJ,False,,,,no_game_in_window_yet,
fc4bf7d3855344939c211a231758de2b,0cf446817dbb,wnba,2026-27,2026-08-18T19:22:54+00:00,2026-08-24,Cecilia Zandalasini,1628508,player_points,,,,,,,7.01,"season PPG; L5 pts x0.45 + source pts x0.35, minutes x0.81",5.342,"player-fitted (n=30, shrunk to league)",,,False,,,,PROJ,False,,,,no_game_in_window_yet,
697c011fd6c6416f88c9b834172763d7,0cf446817dbb,wnba,2026-27,2026-08-18T19:22:54+00:00,2026-08-24,Cecilia Zandalasini,1628508,player_rebounds,,,,,,,2.12,"season RPG; L5 reb x0.45, minutes x0.81",1.702,"player-fitted (n=30, shrunk to league)",,,False,,,,PROJ,False,,,,no_game_in_window_yet,
7729117583ea43e79d14abbfb55f7de9,0cf446817dbb,wnba,2026-27,2026-08-18T19:22:54+00:00,2026-08-24,Cecilia Zandalasini,1628508,player_assists,,,,,,,1.69,"season APG; L5 ast x0.45, minutes x0.81",1.355,"player-fitted (n=30, shrunk to league)",,,False,,,,PROJ,False,,,,no_game_in_window_yet,
99256c0381344670b9a0750ae5c63f6e,0cf446817dbb,wnba,2026-27,2026-08-18T19:22:54+00:00,2026-08-24,Cecilia Zandalasini,1628508,player_threes,,,,,,,1.3,"season fg3m history; L5 fg3m x0.45, minutes x0.81",1.336,"player-fitted (n=30, shrunk to league)",,,False,,,,PROJ,False,,,,no_game_in_window_yet,
8575974678e44dd0b023d8e20ed63725,0cf446817dbb,wnba,2026-27,2026-08-18T19:22:54+00:00,2026-08-24,Kayla McBride,203825,player_points,,,,,,,17.14,"season PPG; L5 pts x0.45 + source pts x0.35, minutes x0.89",7.301,"player-fitted (n=36, shrunk to league)",,,False,,,,PROJ,False,,,,no_game_in_window_yet,
3257439bb22a488a8dc0db5e7a27b1fd,0cf446817dbb,wnba,2026-27,2026-08-18T19:22:54+00:00,2026-08-24,Kayla McBride,203825,player_rebounds,,,,,,,2.3,"season RPG; L5 reb x0.45, minutes x0.89",2.215,"player-fitted (n=36, shrunk to league)",,,False,,,,PROJ,False,,,,no_game_in_window_yet,
a49e81dcc0a240ec98a5ac285706a12a,0cf446817dbb,wnba,2026-27,2026-08-18T19:22:54+00:00,2026-08-24,Kayla McBride,203825,player_assists,,,,,,,1.43,"season APG; L5 ast x0.45, minutes x0.89",1.456,"player-fitted (n=36, shrunk to league)",,,False,,,,PROJ,False,,,,no_game_in_window_yet,
e79a08ab5b7a471dbf1e1a8a2452b246,0cf446817dbb,wnba,2026-27,2026-08-18T19:22:54+00:00,2026-08-24,Kayla McBride,203825,player_threes,,,,,,,3.2,"season fg3m history; L5 fg3m x0.45, minutes x0.89",1.752,"player-fitted (n=36, shrunk to league)",,,False,,,,PROJ,False,,,,no_game_in_window_yet,
b9bcffbbf8de441aacfa016b3c4f0939,0cf446817dbb,wnba,2026-27,2026-08-18T19:22:54+00:00,2026-08-24,Olivia Miles,1643426,player_points,,,,,,,18.05,"season PPG; L5 pts x0.45 + source pts x0.35, minutes x0.83",7.347,"player-fitted (n=36, shrunk to league)",,,False,,,,PROJ,False,,,,no_game_in_window_yet,
7d720fb1282c4d93a3550f4d35e50196,0cf446817dbb,wnba,2026-27,2026-08-18T19:22:54+00:00,2026-08-24,Olivia Miles,1643426,player_rebounds,,,,,,,3.76,"season RPG; L5 reb x0.45, minutes x0.83",2.031,"player-fitted (n=36, shrunk to league)",,,False,,,,PROJ,False,,,,no_game_in_window_yet,
634512ed0dc04d8e9e07f08ddfd1cc3b,0cf446817dbb,wnba,2026-27,2026-08-18T19:22:54+00:00,2026-08-24,Olivia Miles,1643426,player_assists,,,,,,,5.8,"season APG; L5 ast x0.45, minutes x0.83",2.601,"player-fitted (n=36, shrunk to league)",,,False,,,,PROJ,False,,,,no_game_in_window_yet,
f0114ff2f9b24109a9156e0195b5ec2f,0cf446817dbb,wnba,2026-27,2026-08-18T19:22:54+00:00,2026-08-24,Olivia Miles,1643426,player_threes,,,,,,,1.84,"season fg3m history; L5 fg3m x0.45, minutes x0.83",1.727,"player-fitted (n=36, shrunk to league)",,,False,,,,PROJ,False,,,,no_game_in_window_yet,
7e84127c02574e7b88c9feef1a3aa3db,0cf446817dbb,wnba,2026-27,2026-08-18T19:22:54+00:00,2026-08-24,Courtney Williams,1627675,player_points,,,,,,,11.59,"season PPG; L5 pts x0.45 + source pts x0.35, minutes x0.91",6.185,"player-fitted (n=36, shrunk to league)",,,False,,,,PROJ,False,,,,no_game_in_window_yet,
079ca065af4542cb872b0b935c8219e7,0cf446817dbb,wnba,2026-27,2026-08-18T19:22:54+00:00,2026-08-24,Courtney Williams,1627675,player_rebounds,,,,,,,4.26,"season RPG; L5 reb x0.45, minutes x0.91",2.59,"player-fitted (n=36, shrunk to league)",,,False,,,,PROJ,False,,,,no_game_in_window_yet,
17caa5c199504392aab299565da4cca8,0cf446817dbb,wnba,2026-27,2026-08-18T19:22:54+00:00,2026-08-24,Courtney Williams,1627675,player_assists,,,,,,,3.64,"season APG; L5 ast x0.45, minutes x0.91",1.812,"player-fitted (n=36, shrunk to league)",,,False,,,,PROJ,False,,,,no_game_in_window_yet,
779eb6e687954822b64b47462f7be92c,0cf446817dbb,wnba,2026-27,2026-08-18T19:22:54+00:00,2026-08-24,Courtney Williams,1627675,player_threes,,,,,,,0.83,"season fg3m history; L5 fg3m x0.45, minutes x0.91",1.037,"player-fitted (n=36, shrunk to league)",,,False,,,,PROJ,False,,,,no_game_in_window_yet,
f5244b41b94c44338aad29b2b6bb824d,0cf446817dbb,wnba,2026-27,2026-08-18T19:22:54+00:00,2026-08-24,Napheesa Collier,1629483,player_points,,,,,,,17.3,"season PPG; L5 pts x0.45 + source pts x0.35, minutes x0.88",8.262,"player-fitted (n=30, shrunk to league)",,,False,,,,PROJ,False,,,,no_game_in_window_yet,
f3bfbf5aa53e4f11a63a299157d2f818,0cf446817dbb,wnba,2026-27,2026-08-18T19:22:54+00:00,2026-08-24,Napheesa Collier,1629483,player_rebounds,,,,,,,6.43,"season RPG; L5 reb x0.45, minutes x0.88",3.242,"player-fitted (n=30, shrunk to league)",,,False,,,,PROJ,False,,,,no_game_in_window_yet,
2d938448e68e415cacd3b21b8e9b46b4,0cf446817dbb,wnba,2026-27,2026-08-18T19:22:54+00:00,2026-08-24,Napheesa Collier,1629483,player_assists,,,,,,,2.8,"season APG; L5 ast x0.45, minutes x0.88",1.766,"player-fitted (n=30, shrunk to league)",,,False,,,,PROJ,False,,,,no_game_in_window_yet,
bad2b3bf58d2456aaa49829e25276977,0cf446817dbb,wnba,2026-27,2026-08-18T19:22:54+00:00,2026-08-24,Napheesa Collier,1629483,player_threes,,,,,,,1.16,"season fg3m history; L5 fg3m x0.45, minutes x0.88",1.183,"player-fitted (n=30, shrunk to league)",,,False,,,,PROJ,False,,,,no_game_in_window_yet,
222e9703b63640f68c30c2a3e03e6c76,0cf446817dbb,wnba,2026-27,2026-08-18T19:22:54+00:00,2026-08-24,Natasha Howard,203827,player_points,,,,,,,11.31,"season PPG; L5 pts x0.45 + source pts x0.35, minutes x0.80",5.538,"player-fitted (n=36, shrunk to league)",,,False,,,,PROJ,False,,,,no_game_in_window_yet,
46852e1b5b454fb197c95b5bed57aa2d,0cf446817dbb,wnba,2026-27,2026-08-18T19:22:54+00:00,2026-08-24,Natasha Howard,203827,player_rebounds,,,,,,,6.42,"season RPG; L5 reb x0.45, minutes x0.80",2.944,"player-fitted (n=36, shrunk to league)",,,False,,,,PROJ,False,,,,no_game_in_window_yet,
392d6b92d03840dd9c1e023c75c7e141,0cf446817dbb,wnba,2026-27,2026-08-18T19:22:54+00:00,2026-08-24,Natasha Howard,203827,player_assists,,,,,,,2.69,"season APG; L5 ast x0.45, minutes x0.80",1.643,"player-fitted (n=36, shrunk to league)",,,False,,,,PROJ,False,,,,no_game_in_window_yet,
27fb3c646140451490552c47c128f0d4,0cf446817dbb,wnba,2026-27,2026-08-18T19:22:54+00:00,2026-08-24,Natasha Howard,203827,player_threes,,,,,,,0.11,"season fg3m history; L5 fg3m x0.45, minutes x0.80",0.519,"player-fitted (n=36, shrunk to league)",,,False,,,,PROJ,False,,,,no_game_in_window_yet,
8f7e92959e9f4c238b79e1f8f671ccd1,0cf446817dbb,wnba,2026-27,2026-08-18T19:22:54+00:00,2026-08-24,Maya Caldwell,1630471,player_points,,,,,,,2.63,season PPG; L5 pts x0.45 + source pts x0.35,3.897,"player-fitted (n=36, shrunk to league)",,,False,,,,PROJ,False,,,,no_game_in_window_yet,
8a048ac8f1a94987bdb1455f18d9f0f2,0cf446817dbb,wnba,2026-27,2026-08-18T19:22:54+00:00,2026-08-24,Maya Caldwell,1630471,player_rebounds,,,,,,,1.75,season RPG; L5 reb x0.45,1.914,"player-fitted (n=36, shrunk to league)",,,False,,,,PROJ,False,,,,no_game_in_window_yet,
30da1b09ebef48acb479b881e5dbb607,0cf446817dbb,wnba,2026-27,2026-08-18T19:22:54+00:00,2026-08-24,Maya Caldwell,1630471,player_assists,,,,,,,0.88,season APG; L5 ast x0.45,1.179,"player-fitted (n=36, shrunk to league)",,,False,,,,PROJ,False,,,,no_game_in_window_yet,
02be065e23f34dfd8b21787efe4d7798,0cf446817dbb,wnba,2026-27,2026-08-18T19:22:54+00:00,2026-08-24,Maya Caldwell,1630471,player_threes,,,,,,,0.47,season fg3m history; L5 fg3m x0.45,0.882,"player-fitted (n=36, shrunk to league)",,,False,,,,PROJ,False,,,,no_game_in_window_yet,
ef4d9c1c5f084ef881cd3491f032cf89,0cf446817dbb,wnba,2026-27,2026-08-18T19:22:54+00:00,2026-08-24,Rhyne Howard,1631009,player_points,,,,,,,17.76,"season PPG; L5 pts x0.45 + source pts x0.35, minutes x0.96",6.596,"player-fitted (n=32, shrunk to league)",,,False,,,,PROJ,False,,,,no_game_in_window_yet,
dfb99d81a1bd46e49e6646c5765da40d,0cf446817dbb,wnba,2026-27,2026-08-18T19:22:54+00:00,2026-08-24,Rhyne Howard,1631009,player_rebounds,,,,,,,3.69,"season RPG; L5 reb x0.45, minutes x0.96",1.979,"player-fitted (n=32, shrunk to league)",,,False,,,,PROJ,False,,,,no_game_in_window_yet,
0c0170f5799f4b6c9ccc795a997ca678,0cf446817dbb,wnba,2026-27,2026-08-18T19:22:54+00:00,2026-08-24,Rhyne Howard,1631009,player_assists,,,,,,,3.79,"season APG; L5 ast x0.45, minutes x0.96",1.927,"player-fitted (n=32, shrunk to league)",,,False,,,,PROJ,False,,,,no_game_in_window_yet,
87e768fa646647e1a621296535e08415,0cf446817dbb,wnba,2026-27,2026-08-18T19:22:54+00:00,2026-08-24,Rhyne Howard,1631009,player_threes,,,,,,,3.72,"season fg3m history; L5 fg3m x0.45, minutes x0.96",1.669,"player-fitted (n=32, shrunk to league)",,,False,,,,PROJ,False,,,,no_game_in_window_yet,
07c3767e0fe74ee7bccbc5b8bbb15e4c,0cf446817dbb,wnba,2026-27,2026-08-18T19:22:54+00:00,2026-08-24,Jordin Canada,1628886,player_points,,,,,,,10.95,"season PPG; L5 pts x0.45 + source pts x0.35, minutes x0.94",4.872,"player-fitted (n=33, shrunk to league)",,,False,,,,PROJ,False,,,,no_game_in_window_yet,
7c671fe667ce48f5ada82a73c84ae19e,0cf446817dbb,wnba,2026-27,2026-08-18T19:22:54+00:00,2026-08-24,Jordin Canada,1628886,player_rebounds,,,,,,,3.43,"season RPG; L5 reb x0.45, minutes x0.94",2.048,"player-fitted (n=33, shrunk to league)",,,False,,,,PROJ,False,,,,no_game_in_window_yet,
edb152a1de4f4aad87a7830e62426a15,0cf446817dbb,wnba,2026-27,2026-08-18T19:22:54+00:00,2026-08-24,Jordin Canada,1628886,player_assists,,,,,,,6.49,"season APG; L5 ast x0.45, minutes x0.94",2.798,"player-fitted (n=33, shrunk to league)",,,False,,,,PROJ,False,,,,no_game_in_window_yet,
da76f330cf194ecdbb1979726f9e8186,0cf446817dbb,wnba,2026-27,2026-08-18T19:22:54+00:00,2026-08-24,Jordin Canada,1628886,player_threes,,,,,,,1.01,"season fg3m history; L5 fg3m x0.45, minutes x0.94",1.003,"player-fitted (n=33, shrunk to league)",,,False,,,,PROJ,False,,,,no_game_in_window_yet,
44c5221e3c5a4b55acf729186b6c6f14,0cf446817dbb,wnba,2026-27,2026-08-18T19:22:54+00:00,2026-08-24,Allisha Gray,1628277,player_points,,,,,,,18.17,"season PPG; L5 pts x0.45 + source pts x0.35, minutes x0.95",5.526,"player-fitted (n=33, shrunk to league)",,,False,,,,PROJ,False,,,,no_game_in_window_yet,
8b6084f50b0b46a19344baa060c9afeb,0cf446817dbb,wnba,2026-27,2026-08-18T19:22:54+00:00,2026-08-24,Allisha Gray,1628277,player_rebounds,,,,,,,2.97,"season RPG; L5 reb x0.45, minutes x0.95",2.229,"player-fitted (n=33, shrunk to league)",,,False,,,,PROJ,False,,,,no_game_in_window_yet,
069b48bd8c2f46d98b11f57f3598e6cc,0cf446817dbb,wnba,2026-27,2026-08-18T19:22:54+00:00,2026-08-24,Allisha Gray,1628277,player_assists,,,,,,,2.52,"season APG; L5 ast x0.45, minutes x0.95",1.53,"player-fitted (n=33, shrunk to league)",,,False,,,,PROJ,False,,,,no_game_in_window_yet,
454d4c7b86114701882437f6f2d38351,0cf446817dbb,wnba,2026-27,2026-08-18T19:22:54+00:00,2026-08-24,Allisha Gray,1628277,player_threes,,,,,,,1.73,"season fg3m history; L5 fg3m x0.45, minutes x0.95",1.366,"player-fitted (n=33, shrunk to league)",,,False,,,,PROJ,False,,,,no_game_in_window_yet,
be8b325920c1437ea83fb1879bdf34f5,0cf446817dbb,wnba,2026-27,2026-08-18T19:22:54+00:00,2026-08-24,Angel Reese,1642291,player_points,,,,,,,15.46,season PPG; L5 pts x0.45 + source pts x0.35,5.157,"player-fitted (n=32, shrunk to league)",,,False,,,,PROJ,False,,,,no_game_in_window_yet,
7583e4f005cf4cfcbd65832e0ff85de6,0cf446817dbb,wnba,2026-27,2026-08-18T19:22:54+00:00,2026-08-24,Angel Reese,1642291,player_rebounds,,,,,,,12.99,season RPG; L5 reb x0.45,2.885,"player-fitted (n=32, shrunk to league)",,,False,,,,PROJ,False,,,,no_game_in_window_yet,
47e558fc483940e28800f922875c931a,0cf446817dbb,wnba,2026-27,2026-08-18T19:22:54+00:00,2026-08-24,Angel Reese,1642291,player_assists,,,,,,,2.31,season APG; L5 ast x0.45,1.468,"player-fitted (n=32, shrunk to league)",,,False,,,,PROJ,False,,,,no_game_in_window_yet,
36016e6ac86f44c090c631a0676205c6,0cf446817dbb,wnba,2026-27,2026-08-18T19:22:54+00:00,2026-08-24,Angel Reese,1642291,player_threes,,,,,,,0.19,season fg3m history; L5 fg3m x0.45,0.629,"player-fitted (n=32, shrunk to league)",,,False,,,,PROJ,False,,,,no_game_in_window_yet,
af75a8e0ce9e4ff9b18ee78fc43c9302,0cf446817dbb,wnba,2026-27,2026-08-18T19:22:54+00:00,2026-08-24,Naz Hillmon,1631044,player_points,,,,,,,8.3,season PPG; L5 pts x0.45 + source pts x0.35,5.824,"player-fitted (n=33, shrunk to league)",,,False,,,,PROJ,False,,,,no_game_in_window_yet,
45e39631cc934b54b66a963b168d3d73,0cf446817dbb,wnba,2026-27,2026-08-18T19:22:54+00:00,2026-08-24,Naz Hillmon,1631044,player_rebounds,,,,,,,4.4,season RPG; L5 reb x0.45,2.191,"player-fitted (n=33, shrunk to league)",,,False,,,,PROJ,False,,,,no_game_in_window_yet,
ab6c34b504674c6a844bcd4088ca17ba,0cf446817dbb,wnba,2026-27,2026-08-18T19:22:54+00:00,2026-08-24,Naz Hillmon,1631044,player_assists,,,,,,,1.73,season APG; L5 ast x0.45,1.204,"player-fitted (n=33, shrunk to league)",,,False,,,,PROJ,False,,,,no_game_in_window_yet,
360238f0a2764d26ab46e3e2df9e948b,0cf446817dbb,wnba,2026-27,2026-08-18T19:22:54+00:00,2026-08-24,Naz Hillmon,1631044,player_threes,,,,,,,1.14,season fg3m history; L5 fg3m x0.45,1.024,"player-fitted (n=33, shrunk to league)",,,False,,,,PROJ,False,,,,no_game_in_window_yet,
217bda1691b04e67b6fab8267a5f2b73,0cf446817dbb,wnba,2026-27,2026-08-18T19:22:54+00:00,2026-08-24,Brionna Jones,1628280,player_points,,,,,,,7.75,"season PPG; L5 pts x0.45 + source pts x0.35, minutes x1.04",4.949,"player-fitted (n=27, shrunk to league)",,,False,,,,PROJ,False,,,,no_game_in_window_yet,
06a751b471824bd19a336f435021e975,0cf446817dbb,wnba,2026-27,2026-08-18T19:22:54+00:00,2026-08-24,Brionna Jones,1628280,player_rebounds,,,,,,,5.28,"season RPG; L5 reb x0.45, minutes x1.04",2.841,"player-fitted (n=27, shrunk to league)",,,False,,,,PROJ,False,,,,no_game_in_window_yet,
bc67e6ae9ed74876a6d25d93b11eb1b9,0cf446817dbb,wnba,2026-27,2026-08-18T19:22:54+00:00,2026-08-24,Brionna Jones,1628280,player_assists,,,,,,,2.28,"season APG; L5 ast x0.45, minutes x1.04",1.497,"player-fitted (n=27, shrunk to league)",,,False,,,,PROJ,False,,,,no_game_in_window_yet,
974efe445f6446f88f2e8c4b97b34cd4,0cf446817dbb,wnba,2026-27,2026-08-18T19:22:54+00:00,2026-08-24,Brionna Jones,1628280,player_threes,,,,,,,0.12,"season fg3m history; L5 fg3m x0.45, minutes x1.04",0.535,"player-fitted (n=27, shrunk to league)",,,False,,,,PROJ,False,,,,no_game_in_window_yet,
ac99861e74a542aeb1a55547dd838aa2,0cf446817dbb,wnba,2026-27,2026-08-18T19:22:54+00:00,2026-08-24,Nneka Ogwumike,203014,player_points,,,,,,,15.5,"season PPG; L5 pts x0.45 + source pts x0.35, minutes x0.92",4.925,"player-fitted (n=33, shrunk to league)",,,False,,,,PROJ,False,,,,no_game_in_window_yet,
cbe3ffc3115f4a1f9177320c62caa493,0cf446817dbb,wnba,2026-27,2026-08-18T19:22:54+00:00,2026-08-24,Nneka Ogwumike,203014,player_rebounds,,,,,,,7.85,"season RPG; L5 reb x0.45, minutes x0.92",2.995,"player-fitted (n=33, shrunk to league)",,,False,,,,PROJ,False,,,,no_game_in_window_yet,
c12914cd91794bd184f8300e907970e5,0cf446817dbb,wnba,2026-27,2026-08-18T19:22:54+00:00,2026-08-24,Nneka Ogwumike,203014,player_assists,,,,,,,3.06,"season APG; L5 ast x0.45, minutes x0.92",1.873,"player-fitted (n=33, shrunk to league)",,,False,,,,PROJ,False,,,,no_game_in_window_yet,
f9bde706e5084895b9b8847a6be87017,0cf446817dbb,wnba,2026-27,2026-08-18T19:22:54+00:00,2026-08-24,Nneka Ogwumike,203014,player_threes,,,,,,,1.23,"season fg3m history; L5 fg3m x0.45, minutes x0.92",1.018,"player-fitted (n=33, shrunk to league)",,,False,,,,PROJ,False,,,,no_game_in_window_yet,
1d041185bf824a49b6df4f98466b17ae,0cf446817dbb,wnba,2026-27,2026-08-18T19:22:54+00:00,2026-08-24,Rae Burrell,1630996,player_points,,,,,,,13.65,"season PPG; L5 pts x0.45 + source pts x0.35, minutes x0.84",6.612,"player-fitted (n=34, shrunk to league)",,,False,,,,PROJ,False,,,,no_game_in_window_yet,
0f38e4ed570e4f29bd885591f08dfaf9,0cf446817dbb,wnba,2026-27,2026-08-18T19:22:54+00:00,2026-08-24,Rae Burrell,1630996,player_rebounds,,,,,,,2.18,"season RPG; L5 reb x0.45, minutes x0.84",1.472,"player-fitted (n=34, shrunk to league)",,,False,,,,PROJ,False,,,,no_game_in_window_yet,
8ac978060d024b888d1ecefc34b47f20,0cf446817dbb,wnba,2026-27,2026-08-18T19:22:54+00:00,2026-08-24,Rae Burrell,1630996,player_assists,,,,,,,2.3,"season APG; L5 ast x0.45, minutes x0.84",1.518,"player-fitted (n=34, shrunk to league)",,,False,,,,PROJ,False,,,,no_game_in_window_yet,
17eb40ff34154074a16f6919afa25845,0cf446817dbb,wnba,2026-27,2026-08-18T19:22:54+00:00,2026-08-24,Rae Burrell,1630996,player_threes,,,,,,,1.68,"season fg3m history; L5 fg3m x0.45, minutes x0.84",1.231,"player-fitted (n=34, shrunk to league)",,,False,,,,PROJ,False,,,,no_game_in_window_yet,
cefef724f00741ac9617b47814c8b371,0cf446817dbb,wnba,2026-27,2026-08-18T19:22:54+00:00,2026-08-24,Dearica Hamby,204324,player_points,,,,,,,14.79,"season PPG; L5 pts x0.45 + source pts x0.35, minutes x0.93",5.415,"player-fitted (n=34, shrunk to league)",,,False,,,,PROJ,False,,,,no_game_in_window_yet,
21b4f6674b264e9bb18f5eb50fb45c32,0cf446817dbb,wnba,2026-27,2026-08-18T19:22:54+00:00,2026-08-24,Dearica Hamby,204324,player_rebounds,,,,,,,6.0,"season RPG; L5 reb x0.45, minutes x0.93",2.823,"player-fitted (n=34, shrunk to league)",,,False,,,,PROJ,False,,,,no_game_in_window_yet,
c29cc2d2b00b4b9f92b89ecbe7ffa479,0cf446817dbb,wnba,2026-27,2026-08-18T19:22:54+00:00,2026-08-24,Dearica Hamby,204324,player_assists,,,,,,,2.2,"season APG; L5 ast x0.45, minutes x0.93",1.72,"player-fitted (n=34, shrunk to league)",,,False,,,,PROJ,False,,,,no_game_in_window_yet,
78e2b902e7584b1389292b5360db72ca,0cf446817dbb,wnba,2026-27,2026-08-18T19:22:54+00:00,2026-08-24,Dearica Hamby,204324,player_threes,,,,,,,0.22,"season fg3m history; L5 fg3m x0.45, minutes x0.93",0.646,"player-fitted (n=34, shrunk to league)",,,False,,,,PROJ,False,,,,no_game_in_window_yet,
d183745f6135494290ff71e32cdc5176,0cf446817dbb,wnba,2026-27,2026-08-18T19:22:54+00:00,2026-08-24,Ariel Atkins,1628878,player_points,,,,,,,6.88,"season PPG; L5 pts x0.45 + source pts x0.35, minutes x0.84",4.727,"player-fitted (n=32, shrunk to league)",,,False,,,,PROJ,False,,,,no_game_in_window_yet,
cfdeea6a849540b4b08eedd5a8518346,0cf446817dbb,wnba,2026-27,2026-08-18T19:22:54+00:00,2026-08-24,Ariel Atkins,1628878,player_rebounds,,,,,,,2.54,"season RPG; L5 reb x0.45, minutes x0.84",1.815,"player-fitted (n=32, shrunk to league)",,,False,,,,PROJ,False,,,,no_game_in_window_yet,
00d8ae55e78b4ddaae18765b660e56e9,0cf446817dbb,wnba,2026-27,2026-08-18T19:22:54+00:00,2026-08-24,Ariel Atkins,1628878,player_assists,,,,,,,2.62,"season APG; L5 ast x0.45, minutes x0.84",1.535,"player-fitted (n=32, shrunk to league)",,,False,,,,PROJ,False,,,,no_game_in_window_yet,
c18f3169e9664aaabf7a152159a82e4e,0cf446817dbb,wnba,2026-27,2026-08-18T19:22:54+00:00,2026-08-24,Ariel Atkins,1628878,player_threes,,,,,,,0.97,"season fg3m history; L5 fg3m x0.45, minutes x0.84",1.124,"player-fitted (n=32, shrunk to league)",,,False,,,,PROJ,False,,,,no_game_in_window_yet,
68591e15031b4f078ffcdc123ac426ca,0cf446817dbb,wnba,2026-27,2026-08-18T19:22:54+00:00,2026-08-24,Erica Wheeler,204365,player_points,,,,,,,9.01,"season PPG; L5 pts x0.45 + source pts x0.35, minutes x0.88",5.284,"player-fitted (n=34, shrunk to league)",,,False,,,,PROJ,False,,,,no_game_in_window_yet,
7898fcc33abc4ebe864c610f927b4fbf,0cf446817dbb,wnba,2026-27,2026-08-18T19:22:54+00:00,2026-08-24,Erica Wheeler,204365,player_rebounds,,,,,,,2.16,"season RPG; L5 reb x0.45, minutes x0.88",1.699,"player-fitted (n=34, shrunk to league)",,,False,,,,PROJ,False,,,,no_game_in_window_yet,
a02c1406fd0d4000906500536b1ff9a5,0cf446817dbb,wnba,2026-27,2026-08-18T19:22:54+00:00,2026-08-24,Erica Wheeler,204365,player_assists,,,,,,,4.62,"season APG; L5 ast x0.45, minutes x0.88",2.092,"player-fitted (n=34, shrunk to league)",,,False,,,,PROJ,False,,,,no_game_in_window_yet,
348010b583c74209822254db08760fe5,0cf446817dbb,wnba,2026-27,2026-08-18T19:22:54+00:00,2026-08-24,Erica Wheeler,204365,player_threes,,,,,,,1.25,"season fg3m history; L5 fg3m x0.45, minutes x0.88",1.056,"player-fitted (n=34, shrunk to league)",,,False,,,,PROJ,False,,,,no_game_in_window_yet,
9fc49a23066e4285a7bba54fcb9a3ba0,0cf446817dbb,wnba,2026-27,2026-08-18T19:22:54+00:00,2026-08-24,Cameron Brink,1642287,player_points,,,,,,,8.08,season PPG; L5 pts x0.45 + source pts x0.35,4.913,"player-fitted (n=28, shrunk to league)",,,False,,,,PROJ,False,,,,no_game_in_window_yet,
47b2e9d9166e4e95b3384e8b37aafe19,0cf446817dbb,wnba,2026-27,2026-08-18T19:22:54+00:00,2026-08-24,Cameron Brink,1642287,player_rebounds,,,,,,,5.12,season RPG; L5 reb x0.45,2.588,"player-fitted (n=28, shrunk to league)",,,False,,,,PROJ,False,,,,no_game_in_window_yet,
52190536e9f448c9bfad47e331dabeec,0cf446817dbb,wnba,2026-27,2026-08-18T19:22:54+00:00,2026-08-24,Cameron Brink,1642287,player_assists,,,,,,,1.44,season APG; L5 ast x0.45,1.357,"player-fitted (n=28, shrunk to league)",,,False,,,,PROJ,False,,,,no_game_in_window_yet,
a55a541133bd4b5899bb9e952d24b4e1,0cf446817dbb,wnba,2026-27,2026-08-18T19:22:54+00:00,2026-08-24,Cameron Brink,1642287,player_threes,,,,,,,0.68,season fg3m history; L5 fg3m x0.45,0.815,"player-fitted (n=28, shrunk to league)",,,False,,,,PROJ,False,,,,no_game_in_window_yet,
7f0b58ea4bca4805a8ceed65ffaa2bb8,0cf446817dbb,wnba,2026-27,2026-08-18T19:22:54+00:00,2026-08-25,Natasha Cloud,204333,player_points,,,,,,,9.81,"season PPG; L5 pts x0.45 + source pts x0.35, minutes x0.83",4.978,"player-fitted (n=33, shrunk to league)",,,False,,,,PROJ,False,,,,no_game_in_window_yet,
697b0f7df7e64da4943b1e1878547e15,0cf446817dbb,wnba,2026-27,2026-08-18T19:22:54+00:00,2026-08-25,Natasha Cloud,204333,player_rebounds,,,,,,,2.8,"season RPG; L5 reb x0.45, minutes x0.83",2.039,"player-fitted (n=33, shrunk to league)",,,False,,,,PROJ,False,,,,no_game_in_window_yet,
511d114182444eca906b9c14cd1a2be4,0cf446817dbb,wnba,2026-27,2026-08-18T19:22:54+00:00,2026-08-25,Natasha Cloud,204333,player_assists,,,,,,,5.03,"season APG; L5 ast x0.45, minutes x0.83",2.266,"player-fitted (n=33, shrunk to league)",,,False,,,,PROJ,False,,,,no_game_in_window_yet,
309b70f3894c42e3a2b13d6dc6ba6e22,0cf446817dbb,wnba,2026-27,2026-08-18T19:22:54+00:00,2026-08-25,Natasha Cloud,204333,player_threes,,,,,,,0.77,"season fg3m history; L5 fg3m x0.45, minutes x0.83",0.904,"player-fitted (n=33, shrunk to league)",,,False,,,,PROJ,False,,,,no_game_in_window_yet,
21c9c6d0e95c43b1adee1cad8c0fd3ed,0cf446817dbb,wnba,2026-27,2026-08-18T19:22:54+00:00,2026-08-25,Skylar Diggins,203400,player_points,,,,,,,9.09,season PPG; L5 pts x0.45 + source pts x0.35,7.951,"player-fitted (n=30, shrunk to league)",,,False,,,,PROJ,False,,,,no_game_in_window_yet,
8935b193a70946c090762fd9ad5754bf,0cf446817dbb,wnba,2026-27,2026-08-18T19:22:54+00:00,2026-08-25,Skylar Diggins,203400,player_rebounds,,,,,,,1.76,season RPG; L5 reb x0.45,2.456,"player-fitted (n=30, shrunk to league)",,,False,,,,PROJ,False,,,,no_game_in_window_yet,
c5f3b0e25ec74b6cb203df4bc01b27a3,0cf446817dbb,wnba,2026-27,2026-08-18T19:22:54+00:00,2026-08-25,Skylar Diggins,203400,player_assists,,,,,,,2.7,season APG; L5 ast x0.45,2.752,"player-fitted (n=30, shrunk to league)",,,False,,,,PROJ,False,,,,no_game_in_window_yet,
fda4540b78f0449bb82dbc638492b60c,0cf446817dbb,wnba,2026-27,2026-08-18T19:22:54+00:00,2026-08-25,Skylar Diggins,203400,player_threes,,,,,,,0.48,season fg3m history; L5 fg3m x0.45,1.096,"player-fitted (n=30, shrunk to league)",,,False,,,,PROJ,False,,,,no_game_in_window_yet,
70bc4aae2ca04896a3095e647aae02f2,0cf446817dbb,wnba,2026-27,2026-08-18T19:22:54+00:00,2026-08-25,Sydney Taylor,1642321,player_points,,,,,,,15.77,"season PPG; L5 pts x0.45 + source pts x0.35, minutes x1.25",9.203,"player-fitted (n=33, shrunk to league)",,,False,,,,PROJ,False,,,,no_game_in_window_yet,
d8b59bb27b084a3fa73e1f8c97e5a954,0cf446817dbb,wnba,2026-27,2026-08-18T19:22:54+00:00,2026-08-25,Sydney Taylor,1642321,player_rebounds,,,,,,,1.55,"season RPG; L5 reb x0.45, minutes x1.25",1.5,"player-fitted (n=33, shrunk to league)",,,False,,,,PROJ,False,,,,no_game_in_window_yet,
96b9a6cf6ebe4ea09dba7b8d53fa5509,0cf446817dbb,wnba,2026-27,2026-08-18T19:22:54+00:00,2026-08-25,Sydney Taylor,1642321,player_assists,,,,,,,1.73,"season APG; L5 ast x0.45, minutes x1.25",1.518,"player-fitted (n=33, shrunk to league)",,,False,,,,PROJ,False,,,,no_game_in_window_yet,
35c09cd0696741f1a794341e48b602b8,0cf446817dbb,wnba,2026-27,2026-08-18T19:22:54+00:00,2026-08-25,Sydney Taylor,1642321,player_threes,,,,,,,2.13,"season fg3m history; L5 fg3m x0.45, minutes x1.25",1.534,"player-fitted (n=33, shrunk to league)",,,False,,,,PROJ,False,,,,no_game_in_window_yet,
8a4dc015fbc34e3d8205d738062b884c,0cf446817dbb,wnba,2026-27,2026-08-18T19:22:54+00:00,2026-08-25,Kamilla Cardoso,1642289,player_points,,,,,,,12.89,"season PPG; L5 pts x0.45 + source pts x0.35, minutes x0.84",6.398,"player-fitted (n=34, shrunk to league)",,,False,,,,PROJ,False,,,,no_game_in_window_yet,
fd1ecd2ca43e4970a9b2e469cc4ffc69,0cf446817dbb,wnba,2026-27,2026-08-18T19:22:54+00:00,2026-08-25,Kamilla Cardoso,1642289,player_rebounds,,,,,,,7.57,"season RPG; L5 reb x0.45, minutes x0.84",3.379,"player-fitted (n=34, shrunk to league)",,,False,,,,PROJ,False,,,,no_game_in_window_yet,
dc27a78d1f6b4a91a8ecc218add79d8b,0cf446817dbb,wnba,2026-27,2026-08-18T19:22:54+00:00,2026-08-25,Kamilla Cardoso,1642289,player_assists,,,,,,,1.98,"season APG; L5 ast x0.45, minutes x0.84",1.605,"player-fitted (n=34, shrunk to league)",,,False,,,,PROJ,False,,,,no_game_in_window_yet,
971ed8476e7f4426a47d76dc03401035,0cf446817dbb,wnba,2026-27,2026-08-18T19:22:54+00:00,2026-08-25,Kamilla Cardoso,1642289,player_threes,,,,,,,0.0,"season fg3m history; L5 fg3m x0.45, minutes x0.84",0.466,"player-fitted (n=34, shrunk to league)",,,False,,,,PROJ,False,,,,no_game_in_window_yet,
d2ba24eefabc416d93497577e502387d,0cf446817dbb,wnba,2026-27,2026-08-18T19:22:54+00:00,2026-08-25,Azura Stevens,1628922,player_points,,,,,,,10.27,"season PPG; L5 pts x0.45 + source pts x0.35, minutes x1.25",6.27,"player-fitted (n=32, shrunk to league)",,,False,,,,PROJ,False,,,,no_game_in_window_yet,
1f72f401e71b46e1a891b397efbb5638,0cf446817dbb,wnba,2026-27,2026-08-18T19:22:54+00:00,2026-08-25,Azura Stevens,1628922,player_rebounds,,,,,,,6.41,"season RPG; L5 reb x0.45, minutes x1.25",3.718,"player-fitted (n=32, shrunk to league)",,,False,,,,PROJ,False,,,,no_game_in_window_yet,
154a49fddfda4f5293f6af8f4e1caeb4,0cf446817dbb,wnba,2026-27,2026-08-18T19:22:54+00:00,2026-08-25,Azura Stevens,1628922,player_assists,,,,,,,1.92,"season APG; L5 ast x0.45, minutes x1.25",1.845,"player-fitted (n=32, shrunk to league)",,,False,,,,PROJ,False,,,,no_game_in_window_yet,
7d8695a117974dfeb08566de5f17b4c7,0cf446817dbb,wnba,2026-27,2026-08-18T19:22:54+00:00,2026-08-25,Azura Stevens,1628922,player_threes,,,,,,,0.61,"season fg3m history; L5 fg3m x0.45, minutes x1.25",1.01,"player-fitted (n=32, shrunk to league)",,,False,,,,PROJ,False,,,,no_game_in_window_yet,
97ce7e04d922470aa32889f56403a4f0,0cf446817dbb,wnba,2026-27,2026-08-18T19:22:54+00:00,2026-08-25,Courtney Vandersloot,202664,player_points,,,,,,,7.57,"season PPG; L5 pts x0.45 + source pts x0.35, minutes x0.84",5.188,"player-fitted (n=30, shrunk to league)",,,False,,,,PROJ,False,,,,no_game_in_window_yet,
2588021cf78e4b39ba90e1f36cbf0d1e,0cf446817dbb,wnba,2026-27,2026-08-18T19:22:54+00:00,2026-08-25,Courtney Vandersloot,202664,player_rebounds,,,,,,,2.41,"season RPG; L5 reb x0.45, minutes x0.84",2.115,"player-fitted (n=30, shrunk to league)",,,False,,,,PROJ,False,,,,no_game_in_window_yet,
c27d48935f6d492f975c235427dbc114,0cf446817dbb,wnba,2026-27,2026-08-18T19:22:54+00:00,2026-08-25,Courtney Vandersloot,202664,player_assists,,,,,,,4.31,"season APG; L5 ast x0.45, minutes x0.84",2.701,"player-fitted (n=30, shrunk to league)",,,False,,,,PROJ,False,,,,no_game_in_window_yet,
86c5f45c9e8748bc99bd7061c5efe58f,0cf446817dbb,wnba,2026-27,2026-08-18T19:22:54+00:00,2026-08-25,Courtney Vandersloot,202664,player_threes,,,,,,,0.76,"season fg3m history; L5 fg3m x0.45, minutes x0.84",0.889,"player-fitted (n=30, shrunk to league)",,,False,,,,PROJ,False,,,,no_game_in_window_yet,
75ee783f16b44489a03ebc4aa88c540c,0cf446817dbb,wnba,2026-27,2026-08-18T19:22:54+00:00,2026-08-25,Leila Lacan,1642303,player_points,,,,,,,10.33,"season PPG; L5 pts x0.45 + source pts x0.35, minutes x0.97",5.322,"player-fitted (n=24, shrunk to league)",,,False,,,,PROJ,False,,,,no_game_in_window_yet,
8aca952e9e0942f5a63159718431b179,0cf446817dbb,wnba,2026-27,2026-08-18T19:22:54+00:00,2026-08-25,Leila Lacan,1642303,player_rebounds,,,,,,,2.19,"season RPG; L5 reb x0.45, minutes x0.97",1.759,"player-fitted (n=24, shrunk to league)",,,False,,,,PROJ,False,,,,no_game_in_window_yet,
7491b8daad4649ee832799da1ed73d3e,0cf446817dbb,wnba,2026-27,2026-08-18T19:22:54+00:00,2026-08-25,Leila Lacan,1642303,player_assists,,,,,,,4.31,"season APG; L5 ast x0.45, minutes x0.97",1.657,"player-fitted (n=24, shrunk to league)",,,False,,,,PROJ,False,,,,no_game_in_window_yet,
f49d6aa38c4d4d9486abea3f9fc55fc6,0cf446817dbb,wnba,2026-27,2026-08-18T19:22:54+00:00,2026-08-25,Leila Lacan,1642303,player_threes,,,,,,,1.01,"season fg3m history; L5 fg3m x0.45, minutes x0.97",0.94,"player-fitted (n=24, shrunk to league)",,,False,,,,PROJ,False,,,,no_game_in_window_yet,
1849f252f6d243f297153b5a54f49756,0cf446817dbb,wnba,2026-27,2026-08-18T19:22:54+00:00,2026-08-25,Diamond Miller,1641649,player_points,,,,,,,10.49,"season PPG; L5 pts x0.45 + source pts x0.35, minutes x0.97",5.004,"player-fitted (n=33, shrunk to league)",,,False,,,,PROJ,False,,,,no_game_in_window_yet,
1f827ca6c63b4e1e88587766c79ab37e,0cf446817dbb,wnba,2026-27,2026-08-18T19:22:54+00:00,2026-08-25,Diamond Miller,1641649,player_rebounds,,,,,,,3.04,"season RPG; L5 reb x0.45, minutes x0.97",1.884,"player-fitted (n=33, shrunk to league)",,,False,,,,PROJ,False,,,,no_game_in_window_yet,
10725cda24c24e0b828b0b60f9a19f58,0cf446817dbb,wnba,2026-27,2026-08-18T19:22:54+00:00,2026-08-25,Diamond Miller,1641649,player_assists,,,,,,,1.62,"season APG; L5 ast x0.45, minutes x0.97",1.334,"player-fitted (n=33, shrunk to league)",,,False,,,,PROJ,False,,,,no_game_in_window_yet,
f6f6ff798f544e59a73621a5364aad70,0cf446817dbb,wnba,2026-27,2026-08-18T19:22:54+00:00,2026-08-25,Diamond Miller,1641649,player_threes,,,,,,,1.38,"season fg3m history; L5 fg3m x0.45, minutes x0.97",1.079,"player-fitted (n=33, shrunk to league)",,,False,,,,PROJ,False,,,,no_game_in_window_yet,
14f8e099ad6d40d7b2a6ae193e451207,0cf446817dbb,wnba,2026-27,2026-08-18T19:22:54+00:00,2026-08-25,Charlisse Leger-Walker,1643449,player_points,,,,,,,6.04,"season PPG; L5 pts x0.45 + source pts x0.35, minutes x0.91",4.55,"player-fitted (n=33, shrunk to league)",,,False,,,,PROJ,False,,,,no_game_in_window_yet,
163d441ba70a476cafde3d83a030e6f0,0cf446817dbb,wnba,2026-27,2026-08-18T19:22:54+00:00,2026-08-25,Charlisse Leger-Walker,1643449,player_rebounds,,,,,,,1.63,"season RPG; L5 reb x0.45, minutes x0.91",1.759,"player-fitted (n=33, shrunk to league)",,,False,,,,PROJ,False,,,,no_game_in_window_yet,
b42358fcadb54e60be6b7de871bb4e8e,0cf446817dbb,wnba,2026-27,2026-08-18T19:22:54+00:00,2026-08-25,Charlisse Leger-Walker,1643449,player_assists,,,,,,,2.86,"season APG; L5 ast x0.45, minutes x0.91",1.788,"player-fitted (n=33, shrunk to league)",,,False,,,,PROJ,False,,,,no_game_in_window_yet,
1e5fd40bbc8546148f79e2d06ebe9f2f,0cf446817dbb,wnba,2026-27,2026-08-18T19:22:54+00:00,2026-08-25,Charlisse Leger-Walker,1643449,player_threes,,,,,,,1.25,"season fg3m history; L5 fg3m x0.45, minutes x0.91",1.019,"player-fitted (n=33, shrunk to league)",,,False,,,,PROJ,False,,,,no_game_in_window_yet,
b1568d5d4a1c4889ad400bb6823910a2,0cf446817dbb,wnba,2026-27,2026-08-18T19:22:54+00:00,2026-08-25,Olivia Nelson-Ododa,1631135,player_points,,,,,,,10.42,season PPG; L5 pts x0.45 + source pts x0.35,5.472,"player-fitted (n=32, shrunk to league)",,,False,,,,PROJ,False,,,,no_game_in_window_yet,
bfa7010ab92845c5af4043fc75a6dd92,0cf446817dbb,wnba,2026-27,2026-08-18T19:22:54+00:00,2026-08-25,Olivia Nelson-Ododa,1631135,player_rebounds,,,,,,,6.96,season RPG; L5 reb x0.45,3.81,"player-fitted (n=32, shrunk to league)",,,False,,,,PROJ,False,,,,no_game_in_window_yet,
eab7b2aa08a1492e8ebd56617145f7b2,0cf446817dbb,wnba,2026-27,2026-08-18T19:22:54+00:00,2026-08-25,Olivia Nelson-Ododa,1631135,player_assists,,,,,,,1.21,season APG; L5 ast x0.45,1.47,"player-fitted (n=32, shrunk to league)",,,False,,,,PROJ,False,,,,no_game_in_window_yet,
f2e0904b5bf74b589a58c85a1906ecbc,0cf446817dbb,wnba,2026-27,2026-08-18T19:22:54+00:00,2026-08-25,Olivia Nelson-Ododa,1631135,player_threes,,,,,,,0.0,season fg3m history; L5 fg3m x0.45,0.478,"player-fitted (n=32, shrunk to league)",,,False,,,,PROJ,False,,,,no_game_in_window_yet,
695335feb8524d0ebf28449db5823cca,0cf446817dbb,wnba,2026-27,2026-08-18T19:22:54+00:00,2026-08-25,Brittney Griner,203398,player_points,,,,,,,11.34,"season PPG; L5 pts x0.45 + source pts x0.35, minutes x1.25",7.435,"player-fitted (n=32, shrunk to league)",,,False,,,,PROJ,False,,,,no_game_in_window_yet,
6605a5aff19445bab1e33c4368682a20,0cf446817dbb,wnba,2026-27,2026-08-18T19:22:54+00:00,2026-08-25,Brittney Griner,203398,player_rebounds,,,,,,,5.67,"season RPG; L5 reb x0.45, minutes x1.25",3.282,"player-fitted (n=32, shrunk to league)",,,False,,,,PROJ,False,,,,no_game_in_window_yet,
181b699156304ca793a7836f6336afe1,0cf446817dbb,wnba,2026-27,2026-08-18T19:22:54+00:00,2026-08-25,Brittney Griner,203398,player_assists,,,,,,,2.17,"season APG; L5 ast x0.45, minutes x1.25",1.77,"player-fitted (n=32, shrunk to league)",,,False,,,,PROJ,False,,,,no_game_in_window_yet,
850a9d055780464582f1d4e4217201f9,0cf446817dbb,wnba,2026-27,2026-08-18T19:22:54+00:00,2026-08-25,Brittney Griner,203398,player_threes,,,,,,,0.13,"season fg3m history; L5 fg3m x0.45, minutes x1.25",0.502,"player-fitted (n=32, shrunk to league)",,,False,,,,PROJ,False,,,,no_game_in_window_yet,
1a11b7c3e13048ae9c45a5ab695744e6,0cf446817dbb,wnba,2026-27,2026-08-18T19:22:54+00:00,2026-08-25,Kennedy Burke,1629568,player_points,,,,,,,8.09,"season PPG; L5 pts x0.45 + source pts x0.35, minutes x0.91",5.163,"player-fitted (n=33, shrunk to league)",,,False,,,,PROJ,False,,,,no_game_in_window_yet,
88ece449f02c4010b93d1780f077ba8d,0cf446817dbb,wnba,2026-27,2026-08-18T19:22:54+00:00,2026-08-25,Kennedy Burke,1629568,player_rebounds,,,,,,,2.67,"season RPG; L5 reb x0.45, minutes x0.91",2.081,"player-fitted (n=33, shrunk to league)",,,False,,,,PROJ,False,,,,no_game_in_window_yet,
76f16452220f4ec38193bc06c6d63b91,0cf446817dbb,wnba,2026-27,2026-08-18T19:22:54+00:00,2026-08-25,Kennedy Burke,1629568,player_assists,,,,,,,1.03,"season APG; L5 ast x0.45, minutes x0.91",1.452,"player-fitted (n=33, shrunk to league)",,,False,,,,PROJ,False,,,,no_game_in_window_yet,
bc035a0b75c54fcfaecf989d78709e53,0cf446817dbb,wnba,2026-27,2026-08-18T19:22:54+00:00,2026-08-25,Kennedy Burke,1629568,player_threes,,,,,,,1.17,"season fg3m history; L5 fg3m x0.45, minutes x0.91",1.072,"player-fitted (n=33, shrunk to league)",,,False,,,,PROJ,False,,,,no_game_in_window_yet,
fc6657f533eb467dbb4ef83c74f0aa6f,0cf446817dbb,wnba,2026-27,2026-08-18T19:22:54+00:00,2026-08-25,Bridget Carleton,1629524,player_points,,,,,,,14.97,"season PPG; L5 pts x0.45 + source pts x0.35, minutes x0.94",6.269,"player-fitted (n=34, shrunk to league)",,,False,,,,PROJ,False,,,,no_game_in_window_yet,
efb4e65850d0440696e7392364a60dba,0cf446817dbb,wnba,2026-27,2026-08-18T19:22:54+00:00,2026-08-25,Bridget Carleton,1629524,player_rebounds,,,,,,,5.86,"season RPG; L5 reb x0.45, minutes x0.94",2.602,"player-fitted (n=34, shrunk to league)",,,False,,,,PROJ,False,,,,no_game_in_window_yet,
a18736b0c3d74056b20d3c37c0b47ad1,0cf446817dbb,wnba,2026-27,2026-08-18T19:22:54+00:00,2026-08-25,Bridget Carleton,1629524,player_assists,,,,,,,1.84,"season APG; L5 ast x0.45, minutes x0.94",1.334,"player-fitted (n=34, shrunk to league)",,,False,,,,PROJ,False,,,,no_game_in_window_yet,
488ad192d8b743358b64b125460b4522,0cf446817dbb,wnba,2026-27,2026-08-18T19:22:54+00:00,2026-08-25,Bridget Carleton,1629524,player_threes,,,,,,,2.96,"season fg3m history; L5 fg3m x0.45, minutes x0.94",1.836,"player-fitted (n=34, shrunk to league)",,,False,,,,PROJ,False,,,,no_game_in_window_yet,
f040a00e61ba4bbcae4ca1e7101eac11,0cf446817dbb,wnba,2026-27,2026-08-18T19:22:54+00:00,2026-08-25,Carla Leite,1642304,player_points,,,,,,,17.38,"season PPG; L5 pts x0.45 + source pts x0.35, minutes x1.25",6.353,"player-fitted (n=32, shrunk to league)",,,False,,,,PROJ,False,,,,no_game_in_window_yet,
991d9530ad9b45c8942d67394e768aac,0cf446817dbb,wnba,2026-27,2026-08-18T19:22:54+00:00,2026-08-25,Carla Leite,1642304,player_rebounds,,,,,,,2.48,"season RPG; L5 reb x0.45, minutes x1.25",1.781,"player-fitted (n=32, shrunk to league)",,,False,,,,PROJ,False,,,,no_game_in_window_yet,
1ace91a9c9594e7fb0cc92c6c41f173a,0cf446817dbb,wnba,2026-27,2026-08-18T19:22:54+00:00,2026-08-25,Carla Leite,1642304,player_assists,,,,,,,7.3,"season APG; L5 ast x0.45, minutes x1.25",2.97,"player-fitted (n=32, shrunk to league)",,,False,,,,PROJ,False,,,,no_game_in_window_yet,
66a23438ad71424394911e968313b156,0cf446817dbb,wnba,2026-27,2026-08-18T19:22:54+00:00,2026-08-25,Carla Leite,1642304,player_threes,,,,,,,1.23,"season fg3m history; L5 fg3m x0.45, minutes x1.25",0.859,"player-fitted (n=32, shrunk to league)",,,False,,,,PROJ,False,,,,no_game_in_window_yet,
0c2849e4aea54b1c932448ab274bfb14,0cf446817dbb,wnba,2026-27,2026-08-18T19:22:54+00:00,2026-08-25,Megan DiLeo,1629484,player_points,,,,,,,12.21,"season PPG; L5 pts x0.45 + source pts x0.35, minutes x0.87",5.69,"player-fitted (n=34, shrunk to league)",,,False,,,,PROJ,False,,,,no_game_in_window_yet,
e21f5643a6304c3d870e1a3a7f7877ca,0cf446817dbb,wnba,2026-27,2026-08-18T19:22:54+00:00,2026-08-25,Megan DiLeo,1629484,player_rebounds,,,,,,,4.42,"season RPG; L5 reb x0.45, minutes x0.87",2.681,"player-fitted (n=34, shrunk to league)",,,False,,,,PROJ,False,,,,no_game_in_window_yet,
30375f47fc214eed8fc5e75761d057f4,0cf446817dbb,wnba,2026-27,2026-08-18T19:22:54+00:00,2026-08-25,Megan DiLeo,1629484,player_assists,,,,,,,1.02,"season APG; L5 ast x0.45, minutes x0.87",1.317,"player-fitted (n=34, shrunk to league)",,,False,,,,PROJ,False,,,,no_game_in_window_yet,
5d1da7683ec84a7b80d576f8db2d07f0,0cf446817dbb,wnba,2026-27,2026-08-18T19:22:54+00:00,2026-08-25,Megan DiLeo,1629484,player_threes,,,,,,,1.03,"season fg3m history; L5 fg3m x0.45, minutes x0.87",0.992,"player-fitted (n=34, shrunk to league)",,,False,,,,PROJ,False,,,,no_game_in_window_yet,
8f3bec764b624097b413bc5ff70e9cc3,0cf446817dbb,wnba,2026-27,2026-08-18T19:22:54+00:00,2026-08-25,Sarah Ashlee Barker,1642782,player_points,,,,,,,8.55,"season PPG; L5 pts x0.45 + source pts x0.35, minutes x1.25",6.022,"player-fitted (n=30, shrunk to league)",,,False,,,,PROJ,False,,,,no_game_in_window_yet,
a1edae1a88814e4688353f7b1c140ffe,0cf446817dbb,wnba,2026-27,2026-08-18T19:22:54+00:00,2026-08-25,Sarah Ashlee Barker,1642782,player_rebounds,,,,,,,3.43,"season RPG; L5 reb x0.45, minutes x1.25",2.47,"player-fitted (n=30, shrunk to league)",,,False,,,,PROJ,False,,,,no_game_in_window_yet,
d1a44343c88d41798de81752ecf00c34,0cf446817dbb,wnba,2026-27,2026-08-18T19:22:54+00:00,2026-08-25,Sarah Ashlee Barker,1642782,player_assists,,,,,,,1.88,"season APG; L5 ast x0.45, minutes x1.25",1.622,"player-fitted (n=30, shrunk to league)",,,False,,,,PROJ,False,,,,no_game_in_window_yet,
aa02c1d64d104aefb7d11e3da73bf48b,0cf446817dbb,wnba,2026-27,2026-08-18T19:22:54+00:00,2026-08-25,Sarah Ashlee Barker,1642782,player_threes,,,,,,,0.83,"season fg3m history; L5 fg3m x0.45, minutes x1.25",0.963,"player-fitted (n=30, shrunk to league)",,,False,,,,PROJ,False,,,,no_game_in_window_yet,
4c043aa7ad314255b3693539cc9dfa3b,0cf446817dbb,wnba,2026-27,2026-08-18T19:22:54+00:00,2026-08-25,Emily Engstler,1631083,player_points,,,,,,,7.42,"season PPG; L5 pts x0.45 + source pts x0.35, minutes x0.85",3.981,"player-fitted (n=34, shrunk to league)",,,False,,,,PROJ,False,,,,no_game_in_window_yet,
85f08bcb9408478db36487e9096c8cc6,0cf446817dbb,wnba,2026-27,2026-08-18T19:22:54+00:00,2026-08-25,Emily Engstler,1631083,player_rebounds,,,,,,,4.39,"season RPG; L5 reb x0.45, minutes x0.85",2.684,"player-fitted (n=34, shrunk to league)",,,False,,,,PROJ,False,,,,no_game_in_window_yet,
211d1c96808d4eb7a4fe7d18ca8f21b4,0cf446817dbb,wnba,2026-27,2026-08-18T19:22:54+00:00,2026-08-25,Emily Engstler,1631083,player_assists,,,,,,,1.75,"season APG; L5 ast x0.45, minutes x0.85",1.702,"player-fitted (n=34, shrunk to league)",,,False,,,,PROJ,False,,,,no_game_in_window_yet,
dcf54df318b04dc0a61181b2968e52f1,0cf446817dbb,wnba,2026-27,2026-08-18T19:22:54+00:00,2026-08-25,Emily Engstler,1631083,player_threes,,,,,,,0.86,"season fg3m history; L5 fg3m x0.45, minutes x0.85",0.867,"player-fitted (n=34, shrunk to league)",,,False,,,,PROJ,False,,,,no_game_in_window_yet,
643788d9c91341e09e31194beb6a817f,0cf446817dbb,wnba,2026-27,2026-08-18T19:22:54+00:00,2026-08-25,Nyadiew Puoch,1642296,player_points,,,,,,,4.9,"season PPG; L5 pts x0.45 + source pts x0.35, minutes x0.83",4.679,"player-fitted (n=34, shrunk to league)",,,False,,,,PROJ,False,,,,no_game_in_window_yet,
92a8785165004f318dc9f2bdd2d0a833,0cf446817dbb,wnba,2026-27,2026-08-18T19:22:54+00:00,2026-08-25,Nyadiew Puoch,1642296,player_rebounds,,,,,,,1.65,"season RPG; L5 reb x0.45, minutes x0.83",1.464,"player-fitted (n=34, shrunk to league)",,,False,,,,PROJ,False,,,,no_game_in_window_yet,
4bc50d7bcfc64b97b063caeec8116191,0cf446817dbb,wnba,2026-27,2026-08-18T19:22:54+00:00,2026-08-25,Nyadiew Puoch,1642296,player_assists,,,,,,,0.55,"season APG; L5 ast x0.45, minutes x0.83",0.994,"player-fitted (n=34, shrunk to league)",,,False,,,,PROJ,False,,,,no_game_in_window_yet,
eb0cc9826318459ab51e25541b444d32,0cf446817dbb,wnba,2026-27,2026-08-18T19:22:54+00:00,2026-08-25,Nyadiew Puoch,1642296,player_threes,,,,,,,0.64,"season fg3m history; L5 fg3m x0.45, minutes x0.83",0.884,"player-fitted (n=34, shrunk to league)",,,False,,,,PROJ,False,,,,no_game_in_window_yet,
ae4944236b6f42a19f480bf5841926fb,0cf446817dbb,wnba,2026-27,2026-08-18T19:22:54+00:00,2026-08-25,Azzi Fudd,1643425,player_points,,,,,,,12.13,"season PPG; L5 pts x0.45 + source pts x0.35, minutes x1.25",6.272,"player-fitted (n=32, shrunk to league)",,,False,,,,PROJ,False,,,,no_game_in_window_yet,
722a5c8fd90546fba2cae26884f41cb2,0cf446817dbb,wnba,2026-27,2026-08-18T19:22:54+00:00,2026-08-25,Azzi Fudd,1643425,player_rebounds,,,,,,,1.62,"season RPG; L5 reb x0.45, minutes x1.25",1.643,"player-fitted (n=32, shrunk to league)",,,False,,,,PROJ,False,,,,no_game_in_window_yet,
6175a979aff64d7eb83b2f09a8b02311,0cf446817dbb,wnba,2026-27,2026-08-18T19:22:54+00:00,2026-08-25,Azzi Fudd,1643425,player_assists,,,,,,,1.69,"season APG; L5 ast x0.45, minutes x1.25",1.389,"player-fitted (n=32, shrunk to league)",,,False,,,,PROJ,False,,,,no_game_in_window_yet,
b3d43e6617384ec0a2cc217e116adc39,0cf446817dbb,wnba,2026-27,2026-08-18T19:22:54+00:00,2026-08-25,Azzi Fudd,1643425,player_threes,,,,,,,2.12,"season fg3m history; L5 fg3m x0.45, minutes x1.25",1.408,"player-fitted (n=32, shrunk to league)",,,False,,,,PROJ,False,,,,no_game_in_window_yet,
3e0a985795d5456a99e5c29adfed5516,0cf446817dbb,wnba,2026-27,2026-08-18T19:22:54+00:00,2026-08-25,Paige Bueckers,1642784,player_points,,,,,,,18.48,"season PPG; L5 pts x0.45 + source pts x0.35, minutes x0.87",6.893,"player-fitted (n=34, shrunk to league)",,,False,,,,PROJ,False,,,,no_game_in_window_yet,
5cef5680d1f944f3871c0372b3ecb55f,0cf446817dbb,wnba,2026-27,2026-08-18T19:22:54+00:00,2026-08-25,Paige Bueckers,1642784,player_rebounds,,,,,,,3.44,"season RPG; L5 reb x0.45, minutes x0.87",2.086,"player-fitted (n=34, shrunk to league)",,,False,,,,PROJ,False,,,,no_game_in_window_yet,
bb6eb472a7b54c04a24ebd1f5e0388c5,0cf446817dbb,wnba,2026-27,2026-08-18T19:22:54+00:00,2026-08-25,Paige Bueckers,1642784,player_assists,,,,,,,4.87,"season APG; L5 ast x0.45, minutes x0.87",2.543,"player-fitted (n=34, shrunk to league)",,,False,,,,PROJ,False,,,,no_game_in_window_yet,
f4f37e7bdc4f48ab93319a0efd14fa0e,0cf446817dbb,wnba,2026-27,2026-08-18T19:22:54+00:00,2026-08-25,Paige Bueckers,1642784,player_threes,,,,,,,1.52,"season fg3m history; L5 fg3m x0.45, minutes x0.87",1.016,"player-fitted (n=34, shrunk to league)",,,False,,,,PROJ,False,,,,no_game_in_window_yet,
4e13097d463a400baf966ab7f6cdf09d,0cf446817dbb,wnba,2026-27,2026-08-18T19:22:54+00:00,2026-08-25,Arike Ogunbowale,1629481,player_points,,,,,,,12.66,"season PPG; L5 pts x0.45 + source pts x0.35, minutes x0.87",7.711,"player-fitted (n=35, shrunk to league)",,,False,,,,PROJ,False,,,,no_game_in_window_yet,
1f38209b4e644d02a17b39693c16e023,0cf446817dbb,wnba,2026-27,2026-08-18T19:22:54+00:00,2026-08-25,Arike Ogunbowale,1629481,player_rebounds,,,,,,,2.67,"season RPG; L5 reb x0.45, minutes x0.87",1.997,"player-fitted (n=35, shrunk to league)",,,False,,,,PROJ,False,,,,no_game_in_window_yet,
bc5a93784a38452ab7191f7c48d4ad7c,0cf446817dbb,wnba,2026-27,2026-08-18T19:22:54+00:00,2026-08-25,Arike Ogunbowale,1629481,player_assists,,,,,,,2.75,"season APG; L5 ast x0.45, minutes x0.87",2.075,"player-fitted (n=35, shrunk to league)",,,False,,,,PROJ,False,,,,no_game_in_window_yet,
eb19d339d09843eba5422a6b64dda863,0cf446817dbb,wnba,2026-27,2026-08-18T19:22:54+00:00,2026-08-25,Arike Ogunbowale,1629481,player_threes,,,,,,,1.14,"season fg3m history; L5 fg3m x0.45, minutes x0.87",1.511,"player-fitted (n=35, shrunk to league)",,,False,,,,PROJ,False,,,,no_game_in_window_yet,
e82abf25713e458ab79d96e78a06b567,0cf446817dbb,wnba,2026-27,2026-08-18T19:22:54+00:00,2026-08-25,Jessica Shepard,1629491,player_points,,,,,,,13.62,"season PPG; L5 pts x0.45 + source pts x0.35, minutes x1.25",5.759,"player-fitted (n=34, shrunk to league)",,,False,,,,PROJ,False,,,,no_game_in_window_yet,
7d37eec3f560477b9f18d3f2645f1b67,0cf446817dbb,wnba,2026-27,2026-08-18T19:22:54+00:00,2026-08-25,Jessica Shepard,1629491,player_rebounds,,,,,,,11.33,"season RPG; L5 reb x0.45, minutes x1.25",4.052,"player-fitted (n=34, shrunk to league)",,,False,,,,PROJ,False,,,,no_game_in_window_yet,
145c4b4702b4419a9df8380255d40566,0cf446817dbb,wnba,2026-27,2026-08-18T19:22:54+00:00,2026-08-25,Jessica Shepard,1629491,player_assists,,,,,,,4.81,"season APG; L5 ast x0.45, minutes x1.25",2.9,"player-fitted (n=34, shrunk to league)",,,False,,,,PROJ,False,,,,no_game_in_window_yet,
e3026b537d1c4b9a9b8b3daf76ff5945,0cf446817dbb,wnba,2026-27,2026-08-18T19:22:54+00:00,2026-08-25,Jessica Shepard,1629491,player_threes,,,,,,,0.0,"season fg3m history; L5 fg3m x0.45, minutes x1.25",0.466,"player-fitted (n=34, shrunk to league)",,,False,,,,PROJ,False,,,,no_game_in_window_yet,
78dd40c5ebde42729c2f00b5a2367696,0cf446817dbb,wnba,2026-27,2026-08-18T19:22:54+00:00,2026-08-25,Alanna Smith,1629501,player_points,,,,,,,6.67,"season PPG; L5 pts x0.45, minutes x0.75",5.038,"player-fitted (n=30, shrunk to league)",,,False,,,,PROJ,False,,,,no_game_in_window_yet,
b127259689e74dff9df25571716b9f82,0cf446817dbb,wnba,2026-27,2026-08-18T19:22:54+00:00,2026-08-25,Alanna Smith,1629501,player_rebounds,,,,,,,4.55,"season RPG; L5 reb x0.45, minutes x0.75",2.821,"player-fitted (n=30, shrunk to league)",,,False,,,,PROJ,False,,,,no_game_in_window_yet,
b96193e3a69b4a7bac206a2db1f3efee,0cf446817dbb,wnba,2026-27,2026-08-18T19:22:54+00:00,2026-08-25,Alanna Smith,1629501,player_assists,,,,,,,0.93,"season APG; L5 ast x0.45, minutes x0.75",1.429,"player-fitted (n=30, shrunk to league)",,,False,,,,PROJ,False,,,,no_game_in_window_yet,
006e4baadebe426ea9e8f45386b311be,0cf446817dbb,wnba,2026-27,2026-08-18T19:22:54+00:00,2026-08-25,Alanna Smith,1629501,player_threes,,,,,,,0.69,"season fg3m history; L5 fg3m x0.45, minutes x0.75",0.798,"player-fitted (n=30, shrunk to league)",,,False,,,,PROJ,False,,,,no_game_in_window_yet,
995ff42511274af5b5e30a1a4cec1f1e,0cf446817dbb,wnba,2026-27,2026-08-18T19:22:54+00:00,2026-08-25,Odyssey Sims,203824,player_points,,,,,,,5.38,"season PPG; L5 pts x0.45 + source pts x0.35, minutes x0.75",5.505,"player-fitted (n=29, shrunk to league)",,,False,,,,PROJ,False,,,,no_game_in_window_yet,
1a5189d9c72f45a49b04a50b4c7620a7,0cf446817dbb,wnba,2026-27,2026-08-18T19:22:54+00:00,2026-08-25,Odyssey Sims,203824,player_rebounds,,,,,,,1.2,"season RPG; L5 reb x0.45, minutes x0.75",1.397,"player-fitted (n=29, shrunk to league)",,,False,,,,PROJ,False,,,,no_game_in_window_yet,
23eba34096ff43a890219982a46ec85d,0cf446817dbb,wnba,2026-27,2026-08-18T19:22:54+00:00,2026-08-25,Odyssey Sims,203824,player_assists,,,,,,,1.92,"season APG; L5 ast x0.45, minutes x0.75",1.774,"player-fitted (n=29, shrunk to league)",,,False,,,,PROJ,False,,,,no_game_in_window_yet,
3ea89cb5642041a9bc6c62b5fd645f57,0cf446817dbb,wnba,2026-27,2026-08-18T19:22:54+00:00,2026-08-25,Odyssey Sims,203824,player_threes,,,,,,,0.62,"season fg3m history; L5 fg3m x0.45, minutes x0.75",0.867,"player-fitted (n=29, shrunk to league)",,,False,,,,PROJ,False,,,,no_game_in_window_yet,
e699b9f50af8400d90adea1d0a2bb937,0cf446817dbb,wnba,2026-27,2026-08-18T19:22:54+00:00,2026-08-25,Sonia Citron,1642785,player_points,,,,,,,15.89,"season PPG; L5 pts x0.45 + source pts x0.35, minutes x0.93",7.362,"player-fitted (n=33, shrunk to league)",,,False,,,,PROJ,False,,,,no_game_in_window_yet,
ea3b538cfa9a421c9d4e16259f10ca16,0cf446817dbb,wnba,2026-27,2026-08-18T19:22:54+00:00,2026-08-25,Sonia Citron,1642785,player_rebounds,,,,,,,3.92,"season RPG; L5 reb x0.45, minutes x0.93",2.353,"player-fitted (n=33, shrunk to league)",,,False,,,,PROJ,False,,,,no_game_in_window_yet,
f1c55a8780bc4c6baeadbb2f4dea89b8,0cf446817dbb,wnba,2026-27,2026-08-18T19:22:54+00:00,2026-08-25,Sonia Citron,1642785,player_assists,,,,,,,4.31,"season APG; L5 ast x0.45, minutes x0.93",2.237,"player-fitted (n=33, shrunk to league)",,,False,,,,PROJ,False,,,,no_game_in_window_yet,
ae59e2dd9846489fbc07c6bd14c107d2,0cf446817dbb,wnba,2026-27,2026-08-18T19:22:54+00:00,2026-08-25,Sonia Citron,1642785,player_threes,,,,,,,1.73,"season fg3m history; L5 fg3m x0.45, minutes x0.93",1.209,"player-fitted (n=33, shrunk to league)",,,False,,,,PROJ,False,,,,no_game_in_window_yet,
387e77ee71de4f68baff4cb369814fa5,0cf446817dbb,wnba,2026-27,2026-08-18T19:22:54+00:00,2026-08-25,Shakira Austin,1631022,player_points,,,,,,,19.31,season PPG; L5 pts x0.45 + source pts x0.35,6.624,"player-fitted (n=34, shrunk to league)",,,False,,,,PROJ,False,,,,no_game_in_window_yet,
649c224abb4848429d6f5485c32fa7fa,0cf446817dbb,wnba,2026-27,2026-08-18T19:22:54+00:00,2026-08-25,Shakira Austin,1631022,player_rebounds,,,,,,,9.69,season RPG; L5 reb x0.45,3.284,"player-fitted (n=34, shrunk to league)",,,False,,,,PROJ,False,,,,no_game_in_window_yet,
4141d1a965af456d98b126ad1261616d,0cf446817dbb,wnba,2026-27,2026-08-18T19:22:54+00:00,2026-08-25,Shakira Austin,1631022,player_assists,,,,,,,2.37,season APG; L5 ast x0.45,1.607,"player-fitted (n=34, shrunk to league)",,,False,,,,PROJ,False,,,,no_game_in_window_yet,
be023210b09742d0a7e04bd8e02d65d3,0cf446817dbb,wnba,2026-27,2026-08-18T19:22:54+00:00,2026-08-25,Shakira Austin,1631022,player_threes,,,,,,,0.54,season fg3m history; L5 fg3m x0.45,0.713,"player-fitted (n=34, shrunk to league)",,,False,,,,PROJ,False,,,,no_game_in_window_yet,
5eae0f791d3e4d9384b87e85ea6e7c1c,0cf446817dbb,wnba,2026-27,2026-08-18T19:22:54+00:00,2026-08-25,Kiki Iriafen,1642792,player_points,,,,,,,13.52,"season PPG; L5 pts x0.45 + source pts x0.35, minutes x0.93",7.109,"player-fitted (n=34, shrunk to league)",,,False,,,,PROJ,False,,,,no_game_in_window_yet,
732c64922af949079bee0ecd59d3a37e,0cf446817dbb,wnba,2026-27,2026-08-18T19:22:54+00:00,2026-08-25,Kiki Iriafen,1642792,player_rebounds,,,,,,,8.33,"season RPG; L5 reb x0.45, minutes x0.93",3.924,"player-fitted (n=34, shrunk to league)",,,False,,,,PROJ,False,,,,no_game_in_window_yet,
4e54d2c3bc29459bbc05762f79527a56,0cf446817dbb,wnba,2026-27,2026-08-18T19:22:54+00:00,2026-08-25,Kiki Iriafen,1642792,player_assists,,,,,,,1.79,"season APG; L5 ast x0.45, minutes x0.93",1.578,"player-fitted (n=34, shrunk to league)",,,False,,,,PROJ,False,,,,no_game_in_window_yet,
7a36c3e74bbf42f2b474ca7cf76534c4,0cf446817dbb,wnba,2026-27,2026-08-18T19:22:54+00:00,2026-08-25,Kiki Iriafen,1642792,player_threes,,,,,,,0.25,"season fg3m history; L5 fg3m x0.45, minutes x0.93",0.625,"player-fitted (n=34, shrunk to league)",,,False,,,,PROJ,False,,,,no_game_in_window_yet,
04c91adf91984218956e205d1247f519,0cf446817dbb,wnba,2026-27,2026-08-18T19:22:54+00:00,2026-08-25,Michaela Onyenwere,1630446,player_points,,,,,,,7.52,"season PPG; L5 pts x0.45 + source pts x0.35, minutes x1.10",6.778,"player-fitted (n=32, shrunk to league)",,,False,,,,PROJ,False,,,,no_game_in_window_yet,
e62af243acce4f9e8ab8e08cd49a574c,0cf446817dbb,wnba,2026-27,2026-08-18T19:22:54+00:00,2026-08-25,Michaela Onyenwere,1630446,player_rebounds,,,,,,,3.27,"season RPG; L5 reb x0.45, minutes x1.10",2.168,"player-fitted (n=32, shrunk to league)",,,False,,,,PROJ,False,,,,no_game_in_window_yet,
7fd4fe7551d04f8699fdf53f1e6c8cc1,0cf446817dbb,wnba,2026-27,2026-08-18T19:22:54+00:00,2026-08-25,Michaela Onyenwere,1630446,player_assists,,,,,,,1.83,"season APG; L5 ast x0.45, minutes x1.10",1.45,"player-fitted (n=32, shrunk to league)",,,False,,,,PROJ,False,,,,no_game_in_window_yet,
ca4b40fc252b4da9b2a772031c386bb6,0cf446817dbb,wnba,2026-27,2026-08-18T19:22:54+00:00,2026-08-25,Michaela Onyenwere,1630446,player_threes,,,,,,,1.16,"season fg3m history; L5 fg3m x0.45, minutes x1.10",1.391,"player-fitted (n=32, shrunk to league)",,,False,,,,PROJ,False,,,,no_game_in_window_yet,
8526867b07194588babb1cc19709526e,0cf446817dbb,wnba,2026-27,2026-08-18T19:22:54+00:00,2026-08-25,Cotie McMahon,1643430,player_points,,,,,,,8.1,"season PPG; L5 pts x0.45 + source pts x0.35, minutes x1.06",4.543,"player-fitted (n=33, shrunk to league)",,,False,,,,PROJ,False,,,,no_game_in_window_yet,
d602a2c175fa4c49974ffcdcd27b79bc,0cf446817dbb,wnba,2026-27,2026-08-18T19:22:54+00:00,2026-08-25,Cotie McMahon,1643430,player_rebounds,,,,,,,3.67,"season RPG; L5 reb x0.45, minutes x1.06",2.231,"player-fitted (n=33, shrunk to league)",,,False,,,,PROJ,False,,,,no_game_in_window_yet,
d8576a6a0e52407aaef16e50860651bc,0cf446817dbb,wnba,2026-27,2026-08-18T19:22:54+00:00,2026-08-25,Cotie McMahon,1643430,player_assists,,,,,,,1.83,"season APG; L5 ast x0.45, minutes x1.06",1.375,"player-fitted (n=33, shrunk to league)",,,False,,,,PROJ,False,,,,no_game_in_window_yet,
64d50e9aff9d489099984830a76ba1e8,0cf446817dbb,wnba,2026-27,2026-08-18T19:22:54+00:00,2026-08-25,Cotie McMahon,1643430,player_threes,,,,,,,0.51,"season fg3m history; L5 fg3m x0.45, minutes x1.06",0.92,"player-fitted (n=33, shrunk to league)",,,False,,,,PROJ,False,,,,no_game_in_window_yet,
176a6510bc014e92be975f47738c67d6,0cf446817dbb,wnba,2026-27,2026-08-18T19:22:54+00:00,2026-08-25,Georgia Amoore,1642781,player_points,,,,,,,4.26,"season PPG; L5 pts x0.45 + source pts x0.35, minutes x1.08",4.617,"player-fitted (n=34, shrunk to league)",,,False,,,,PROJ,False,,,,no_game_in_window_yet,
93a5d1ffb6f64133b7193ead382a73bf,0cf446817dbb,wnba,2026-27,2026-08-18T19:22:54+00:00,2026-08-25,Georgia Amoore,1642781,player_rebounds,,,,,,,0.95,"season RPG; L5 reb x0.45, minutes x1.08",1.376,"player-fitted (n=34, shrunk to league)",,,False,,,,PROJ,False,,,,no_game_in_window_yet,
4019829d449041529c9c6ce200b6569f,0cf446817dbb,wnba,2026-27,2026-08-18T19:22:54+00:00,2026-08-25,Georgia Amoore,1642781,player_assists,,,,,,,3.19,"season APG; L5 ast x0.45, minutes x1.08",2.162,"player-fitted (n=34, shrunk to league)",,,False,,,,PROJ,False,,,,no_game_in_window_yet,
28499a08c6b84ed28441def17a486363,0cf446817dbb,wnba,2026-27,2026-08-18T19:22:54+00:00,2026-08-25,Georgia Amoore,1642781,player_threes,,,,,,,0.75,"season fg3m history; L5 fg3m x0.45, minutes x1.08",1.162,"player-fitted (n=34, shrunk to league)",,,False,,,,PROJ,False,,,,no_game_in_window_yet,
7928f6cd13624c74b41185806663e785,0cf446817dbb,wnba,2026-27,2026-08-18T19:22:54+00:00,2026-08-25,Alyssa Thomas,203826,player_points,,,,,,,12.98,"season PPG; L5 pts x0.45 + source pts x0.35, minutes x0.86",6.374,"player-fitted (n=35, shrunk to league)",,,False,,,,PROJ,False,,,,no_game_in_window_yet,
4261c5e59bc8413a89ec05c479244e66,0cf446817dbb,wnba,2026-27,2026-08-18T19:22:54+00:00,2026-08-25,Alyssa Thomas,203826,player_rebounds,,,,,,,6.98,"season RPG; L5 reb x0.45, minutes x0.86",3.079,"player-fitted (n=35, shrunk to league)",,,False,,,,PROJ,False,,,,no_game_in_window_yet,
b1c1d700f87a43a5b48633310ed4fc1b,0cf446817dbb,wnba,2026-27,2026-08-18T19:22:54+00:00,2026-08-25,Alyssa Thomas,203826,player_assists,,,,,,,6.9,"season APG; L5 ast x0.45, minutes x0.86",2.967,"player-fitted (n=35, shrunk to league)",,,False,,,,PROJ,False,,,,no_game_in_window_yet,
7d713ccdb2f24122ab662d7d3646ef00,0cf446817dbb,wnba,2026-27,2026-08-18T19:22:54+00:00,2026-08-25,Alyssa Thomas,203826,player_threes,,,,,,,0.0,"season fg3m history; L5 fg3m x0.45, minutes x0.86",0.461,"player-fitted (n=35, shrunk to league)",,,False,,,,PROJ,False,,,,no_game_in_window_yet,
1040fc1721a64849b8f936115a9e61ea,0cf446817dbb,wnba,2026-27,2026-08-18T19:22:54+00:00,2026-08-25,Kahleah Copper,1627674,player_points,,,,,,,17.35,"season PPG; L5 pts x0.45 + source pts x0.35, minutes x0.86",7.251,"player-fitted (n=35, shrunk to league)",,,False,,,,PROJ,False,,,,no_game_in_window_yet,
c4d3bc5c498e4dab9d4f7ce00607c4fe,0cf446817dbb,wnba,2026-27,2026-08-18T19:22:54+00:00,2026-08-25,Kahleah Copper,1627674,player_rebounds,,,,,,,2.58,"season RPG; L5 reb x0.45, minutes x0.86",2.13,"player-fitted (n=35, shrunk to league)",,,False,,,,PROJ,False,,,,no_game_in_window_yet,
29f2add81a5d4052a42b990d5a7800dd,0cf446817dbb,wnba,2026-27,2026-08-18T19:22:54+00:00,2026-08-25,Kahleah Copper,1627674,player_assists,,,,,,,1.98,"season APG; L5 ast x0.45, minutes x0.86",1.416,"player-fitted (n=35, shrunk to league)",,,False,,,,PROJ,False,,,,no_game_in_window_yet,
05d86c35c2f54410aa11e15f174ab08e,0cf446817dbb,wnba,2026-27,2026-08-18T19:22:54+00:00,2026-08-25,Kahleah Copper,1627674,player_threes,,,,,,,1.48,"season fg3m history; L5 fg3m x0.45, minutes x0.86",1.236,"player-fitted (n=35, shrunk to league)",,,False,,,,PROJ,False,,,,no_game_in_window_yet,
219b77b0e7524bc6aab5407ca256b22a,0cf446817dbb,wnba,2026-27,2026-08-18T19:22:54+00:00,2026-08-25,DeWanna Bonner,201886,player_points,,,,,,,10.13,"season PPG; L5 pts x0.45 + source pts x0.35, minutes x0.95",5.437,"player-fitted (n=35, shrunk to league)",,,False,,,,PROJ,False,,,,no_game_in_window_yet,
571bf90c94394efd858da6f992e6f73b,0cf446817dbb,wnba,2026-27,2026-08-18T19:22:54+00:00,2026-08-25,DeWanna Bonner,201886,player_rebounds,,,,,,,6.27,"season RPG; L5 reb x0.45, minutes x0.95",2.809,"player-fitted (n=35, shrunk to league)",,,False,,,,PROJ,False,,,,no_game_in_window_yet,
cf4202eda0604251b60fadb01ee65dab,0cf446817dbb,wnba,2026-27,2026-08-18T19:22:54+00:00,2026-08-25,DeWanna Bonner,201886,player_assists,,,,,,,1.63,"season APG; L5 ast x0.45, minutes x0.95",1.409,"player-fitted (n=35, shrunk to league)",,,False,,,,PROJ,False,,,,no_game_in_window_yet,
b2a851e91fb740d28f021d6a227e999d,0cf446817dbb,wnba,2026-27,2026-08-18T19:22:54+00:00,2026-08-25,DeWanna Bonner,201886,player_threes,,,,,,,1.19,"season fg3m history; L5 fg3m x0.45, minutes x0.95",1.041,"player-fitted (n=35, shrunk to league)",,,False,,,,PROJ,False,,,,no_game_in_window_yet,
355346151b434fbf98832b2f4664a7d8,0cf446817dbb,wnba,2026-27,2026-08-18T19:22:54+00:00,2026-08-25,Kelsey Plum,1628276,player_points,,,,,,,21.51,"season PPG; L5 pts x0.45 + source pts x0.35, minutes x1.25",11.259,"player-fitted (n=22, shrunk to league)",,,False,,,,PROJ,False,,,,no_game_in_window_yet,
3a0b9b0c6e0e476ca21f51e9febb609d,0cf446817dbb,wnba,2026-27,2026-08-18T19:22:54+00:00,2026-08-25,Kelsey Plum,1628276,player_rebounds,,,,,,,2.52,"season RPG; L5 reb x0.45, minutes x1.25",1.955,"player-fitted (n=22, shrunk to league)",,,False,,,,PROJ,False,,,,no_game_in_window_yet,
f2b6eb87c3144b72a39ed86872bf1b6f,0cf446817dbb,wnba,2026-27,2026-08-18T19:22:54+00:00,2026-08-25,Kelsey Plum,1628276,player_assists,,,,,,,5.31,"season APG; L5 ast x0.45, minutes x1.25",3.04,"player-fitted (n=22, shrunk to league)",,,False,,,,PROJ,False,,,,no_game_in_window_yet,
0b9a142ecafa47ba8fff264650e0424d,0cf446817dbb,wnba,2026-27,2026-08-18T19:22:54+00:00,2026-08-25,Kelsey Plum,1628276,player_threes,,,,,,,2.12,"season fg3m history; L5 fg3m x0.45, minutes x1.25",1.599,"player-fitted (n=22, shrunk to league)",,,False,,,,PROJ,False,,,,no_game_in_window_yet,
5d0aafece89b4834bc5953cf8c911e92,0cf446817dbb,wnba,2026-27,2026-08-18T19:22:54+00:00,2026-08-25,Noemie Brochant,1643493,player_points,,,,,,,5.51,"season PPG; L5 pts x0.45 + source pts x0.35, minutes x0.76",5.192,"player-fitted (n=35, shrunk to league)",,,False,,,,PROJ,False,,,,no_game_in_window_yet,
a5ab48d812b6462f872ac88c88e0260f,0cf446817dbb,wnba,2026-27,2026-08-18T19:22:54+00:00,2026-08-25,Noemie Brochant,1643493,player_rebounds,,,,,,,1.42,"season RPG; L5 reb x0.45, minutes x0.76",1.589,"player-fitted (n=35, shrunk to league)",,,False,,,,PROJ,False,,,,no_game_in_window_yet,
06ae0c1df7c64a258a5ef080b60e66e8,0cf446817dbb,wnba,2026-27,2026-08-18T19:22:54+00:00,2026-08-25,Noemie Brochant,1643493,player_assists,,,,,,,1.44,"season APG; L5 ast x0.45, minutes x0.76",2.152,"player-fitted (n=35, shrunk to league)",,,False,,,,PROJ,False,,,,no_game_in_window_yet,
d2e452028a0c4350936721af12bfec96,0cf446817dbb,wnba,2026-27,2026-08-18T19:22:54+00:00,2026-08-25,Noemie Brochant,1643493,player_threes,,,,,,,0.9,"season fg3m history; L5 fg3m x0.45, minutes x0.76",1.142,"player-fitted (n=35, shrunk to league)",,,False,,,,PROJ,False,,,,no_game_in_window_yet,
edfaa785e43144fa857f888e4027b52d,0cf446817dbb,wnba,2026-27,2026-08-18T19:22:54+00:00,2026-08-25,Natasha Mack,1630442,player_points,,,,,,,7.02,"season PPG; L5 pts x0.45 + source pts x0.35, minutes x1.04",5.008,"player-fitted (n=34, shrunk to league)",,,False,,,,PROJ,False,,,,no_game_in_window_yet,
0477bb877b864600b23b0dc393d21d35,0cf446817dbb,wnba,2026-27,2026-08-18T19:22:54+00:00,2026-08-25,Natasha Mack,1630442,player_rebounds,,,,,,,5.85,"season RPG; L5 reb x0.45, minutes x1.04",3.832,"player-fitted (n=34, shrunk to league)",,,False,,,,PROJ,False,,,,no_game_in_window_yet,
dd8eb3b3b2b34374a3b58f79cd4666b0,0cf446817dbb,wnba,2026-27,2026-08-18T19:22:54+00:00,2026-08-25,Natasha Mack,1630442,player_assists,,,,,,,1.12,"season APG; L5 ast x0.45, minutes x1.04",1.197,"player-fitted (n=34, shrunk to league)",,,False,,,,PROJ,False,,,,no_game_in_window_yet,
4b119ee08d71457ba6c1656fb1dfc9c8,0cf446817dbb,wnba,2026-27,2026-08-18T19:22:54+00:00,2026-08-25,Natasha Mack,1630442,player_threes,,,,,,,0.03,"season fg3m history; L5 fg3m x0.45, minutes x1.04",0.511,"player-fitted (n=34, shrunk to league)",,,False,,,,PROJ,False,,,,no_game_in_window_yet,
6099c1488e014644bb2a5740d4201e08,0cf446817dbb,wnba,2026-27,2026-08-18T19:22:54+00:00,2026-08-26,Veronica Burton,1631007,player_points,,,,,,,12.56,"season PPG; L5 pts x0.45 + source pts x0.35, minutes x0.96",5.606,"player-fitted (n=33, shrunk to league)",,,False,,,,PROJ,False,,,,no_game_in_window_yet,
4561ecc772394d44adb7ac2279da9d83,0cf446817dbb,wnba,2026-27,2026-08-18T19:22:54+00:00,2026-08-26,Veronica Burton,1631007,player_rebounds,,,,,,,3.57,"season RPG; L5 reb x0.45, minutes x0.96",1.984,"player-fitted (n=33, shrunk to league)",,,False,,,,PROJ,False,,,,no_game_in_window_yet,
27fbcb2331ac44f78542052ca619e182,0cf446817dbb,wnba,2026-27,2026-08-18T19:22:54+00:00,2026-08-26,Veronica Burton,1631007,player_assists,,,,,,,5.4,"season APG; L5 ast x0.45, minutes x0.96",2.355,"player-fitted (n=33, shrunk to league)",,,False,,,,PROJ,False,,,,no_game_in_window_yet,
d56429f1252c45b1980973bf94d2f6cc,0cf446817dbb,wnba,2026-27,2026-08-18T19:22:54+00:00,2026-08-26,Veronica Burton,1631007,player_threes,,,,,,,1.6,"season fg3m history; L5 fg3m x0.45, minutes x0.96",0.966,"player-fitted (n=33, shrunk to league)",,,False,,,,PROJ,False,,,,no_game_in_window_yet,
4644f893c55d4679a7dda0048cea004e,0cf446817dbb,wnba,2026-27,2026-08-18T19:22:54+00:00,2026-08-26,Kayla Thornton,203866,player_points,,,,,,,9.7,"season PPG; L5 pts x0.45 + source pts x0.35, minutes x1.03",5.841,"player-fitted (n=33, shrunk to league)",,,False,,,,PROJ,False,,,,no_game_in_window_yet,
3662ef3b0a1049329449274317811df9,0cf446817dbb,wnba,2026-27,2026-08-18T19:22:54+00:00,2026-08-26,Kayla Thornton,203866,player_rebounds,,,,,,,4.78,"season RPG; L5 reb x0.45, minutes x1.03",2.695,"player-fitted (n=33, shrunk to league)",,,False,,,,PROJ,False,,,,no_game_in_window_yet,
dfb55f6dcd15444a9468115ce52b7ed6,0cf446817dbb,wnba,2026-27,2026-08-18T19:22:54+00:00,2026-08-26,Kayla Thornton,203866,player_assists,,,,,,,0.92,"season APG; L5 ast x0.45, minutes x1.03",1.055,"player-fitted (n=33, shrunk to league)",,,False,,,,PROJ,False,,,,no_game_in_window_yet,
2b0b0ec058154293967d296593c1cceb,0cf446817dbb,wnba,2026-27,2026-08-18T19:22:54+00:00,2026-08-26,Kayla Thornton,203866,player_threes,,,,,,,1.78,"season fg3m history; L5 fg3m x0.45, minutes x1.03",1.469,"player-fitted (n=33, shrunk to league)",,,False,,,,PROJ,False,,,,no_game_in_window_yet,
46ed45eff5b54ec78563a6ff75b12ca4,0cf446817dbb,wnba,2026-27,2026-08-18T19:22:54+00:00,2026-08-26,Gabby Williams,1628931,player_points,,,,,,,13.39,season PPG; L5 pts x0.45 + source pts x0.35,6.79,"player-fitted (n=33, shrunk to league)",,,False,,,,PROJ,False,,,,no_game_in_window_yet,
f98c12efa1514a2ea5f8635ff6bf0f6b,0cf446817dbb,wnba,2026-27,2026-08-18T19:22:54+00:00,2026-08-26,Gabby Williams,1628931,player_rebounds,,,,,,,3.02,season RPG; L5 reb x0.45,2.194,"player-fitted (n=33, shrunk to league)",,,False,,,,PROJ,False,,,,no_game_in_window_yet,
e120ac9eb35646449b8626ae5076c641,0cf446817dbb,wnba,2026-27,2026-08-18T19:22:54+00:00,2026-08-26,Gabby Williams,1628931,player_assists,,,,,,,2.02,season APG; L5 ast x0.45,1.616,"player-fitted (n=33, shrunk to league)",,,False,,,,PROJ,False,,,,no_game_in_window_yet,
981645c6bc3243cca795fb4baa35f344,0cf446817dbb,wnba,2026-27,2026-08-18T19:22:54+00:00,2026-08-26,Gabby Williams,1628931,player_threes,,,,,,,1.3,season fg3m history; L5 fg3m x0.45,1.359,"player-fitted (n=33, shrunk to league)",,,False,,,,PROJ,False,,,,no_game_in_window_yet,
bdb1972effc044d5ba214913144ccd9f,0cf446817dbb,wnba,2026-27,2026-08-18T19:22:54+00:00,2026-08-26,Kiah Stokes,204329,player_points,,,,,,,3.84,"season PPG; L5 pts x0.45 + source pts x0.35, minutes x0.81",3.641,"player-fitted (n=32, shrunk to league)",,,False,,,,PROJ,False,,,,no_game_in_window_yet,
6504ee2eef0f4c10b8482fb3fff1d196,0cf446817dbb,wnba,2026-27,2026-08-18T19:22:54+00:00,2026-08-26,Kiah Stokes,204329,player_rebounds,,,,,,,4.99,"season RPG; L5 reb x0.45, minutes x0.81",2.297,"player-fitted (n=32, shrunk to league)",,,False,,,,PROJ,False,,,,no_game_in_window_yet,
1a46beb9e5184747bb29edcbf98713cc,0cf446817dbb,wnba,2026-27,2026-08-18T19:22:54+00:00,2026-08-26,Kiah Stokes,204329,player_assists,,,,,,,1.16,"season APG; L5 ast x0.45, minutes x0.81",1.217,"player-fitted (n=32, shrunk to league)",,,False,,,,PROJ,False,,,,no_game_in_window_yet,
abb771746ca24571b71092c455745a6a,0cf446817dbb,wnba,2026-27,2026-08-18T19:22:54+00:00,2026-08-26,Kiah Stokes,204329,player_threes,,,,,,,0.47,"season fg3m history; L5 fg3m x0.45, minutes x0.81",0.784,"player-fitted (n=32, shrunk to league)",,,False,,,,PROJ,False,,,,no_game_in_window_yet,
ca12770a93de42baa9d5f2ead368ba75,0cf446817dbb,wnba,2026-27,2026-08-18T19:22:54+00:00,2026-08-26,Janelle Salaun,1642767,player_points,,,,,,,10.86,"season PPG; L5 pts x0.45 + source pts x0.35, minutes x0.79",5.772,"player-fitted (n=32, shrunk to league)",,,False,,,,PROJ,False,,,,no_game_in_window_yet,
2bed6741995b4536acb9fe0b4d0f2358,0cf446817dbb,wnba,2026-27,2026-08-18T19:22:54+00:00,2026-08-26,Janelle Salaun,1642767,player_rebounds,,,,,,,2.49,"season RPG; L5 reb x0.45, minutes x0.79",1.945,"player-fitted (n=32, shrunk to league)",,,False,,,,PROJ,False,,,,no_game_in_window_yet,
1d6de8ba8b6d415ea421a2aa3dddeee4,0cf446817dbb,wnba,2026-27,2026-08-18T19:22:54+00:00,2026-08-26,Janelle Salaun,1642767,player_assists,,,,,,,0.9,"season APG; L5 ast x0.45, minutes x0.79",1.141,"player-fitted (n=32, shrunk to league)",,,False,,,,PROJ,False,,,,no_game_in_window_yet,
a2d207da56c34df6a4f57534133857fd,0cf446817dbb,wnba,2026-27,2026-08-18T19:22:54+00:00,2026-08-26,Janelle Salaun,1642767,player_threes,,,,,,,2.0,"season fg3m history; L5 fg3m x0.45, minutes x0.79",1.338,"player-fitted (n=32, shrunk to league)",,,False,,,,PROJ,False,,,,no_game_in_window_yet,
253d3f72138b417eaffbbfdeed1c6782,0cf446817dbb,wnba,2026-27,2026-08-18T19:22:54+00:00,2026-08-26,Cecilia Zandalasini,1628508,player_points,,,,,,,7.01,"season PPG; L5 pts x0.45 + source pts x0.35, minutes x0.81",5.342,"player-fitted (n=30, shrunk to league)",,,False,,,,PROJ,False,,,,no_game_in_window_yet,
84f833fc67a0454890e8305418b66155,0cf446817dbb,wnba,2026-27,2026-08-18T19:22:54+00:00,2026-08-26,Cecilia Zandalasini,1628508,player_rebounds,,,,,,,2.12,"season RPG; L5 reb x0.45, minutes x0.81",1.702,"player-fitted (n=30, shrunk to league)",,,False,,,,PROJ,False,,,,no_game_in_window_yet,
1f2d407f0efe423595da59f218a2a0c0,0cf446817dbb,wnba,2026-27,2026-08-18T19:22:54+00:00,2026-08-26,Cecilia Zandalasini,1628508,player_assists,,,,,,,1.69,"season APG; L5 ast x0.45, minutes x0.81",1.355,"player-fitted (n=30, shrunk to league)",,,False,,,,PROJ,False,,,,no_game_in_window_yet,
ed9379208c2148c1af2b562ea7bffd13,0cf446817dbb,wnba,2026-27,2026-08-18T19:22:54+00:00,2026-08-26,Cecilia Zandalasini,1628508,player_threes,,,,,,,1.3,"season fg3m history; L5 fg3m x0.45, minutes x0.81",1.336,"player-fitted (n=30, shrunk to league)",,,False,,,,PROJ,False,,,,no_game_in_window_yet,
a3c45b0e0c244a11ae4a5ab0832c2615,0cf446817dbb,wnba,2026-27,2026-08-18T19:22:54+00:00,2026-08-26,Leila Lacan,1642303,player_points,,,,,,,10.33,"season PPG; L5 pts x0.45 + source pts x0.35, minutes x0.97",5.322,"player-fitted (n=24, shrunk to league)",,,False,,,,PROJ,False,,,,no_game_in_window_yet,
3d4b2be788ed448099c15a275f17389b,0cf446817dbb,wnba,2026-27,2026-08-18T19:22:54+00:00,2026-08-26,Leila Lacan,1642303,player_rebounds,,,,,,,2.19,"season RPG; L5 reb x0.45, minutes x0.97",1.759,"player-fitted (n=24, shrunk to league)",,,False,,,,PROJ,False,,,,no_game_in_window_yet,
107ceaffb04e4184a99811e7adf911e4,0cf446817dbb,wnba,2026-27,2026-08-18T19:22:54+00:00,2026-08-26,Leila Lacan,1642303,player_assists,,,,,,,4.31,"season APG; L5 ast x0.45, minutes x0.97",1.657,"player-fitted (n=24, shrunk to league)",,,False,,,,PROJ,False,,,,no_game_in_window_yet,
deb1df6b26724a44b290432a465e342d,0cf446817dbb,wnba,2026-27,2026-08-18T19:22:54+00:00,2026-08-26,Leila Lacan,1642303,player_threes,,,,,,,1.01,"season fg3m history; L5 fg3m x0.45, minutes x0.97",0.94,"player-fitted (n=24, shrunk to league)",,,False,,,,PROJ,False,,,,no_game_in_window_yet,
94ef664da5a6420da68d87e6f4861e17,0cf446817dbb,wnba,2026-27,2026-08-18T19:22:54+00:00,2026-08-26,Diamond Miller,1641649,player_points,,,,,,,10.49,"season PPG; L5 pts x0.45 + source pts x0.35, minutes x0.97",5.004,"player-fitted (n=33, shrunk to league)",,,False,,,,PROJ,False,,,,no_game_in_window_yet,
76f71383cb9d4d44a778a54521f0289d,0cf446817dbb,wnba,2026-27,2026-08-18T19:22:54+00:00,2026-08-26,Diamond Miller,1641649,player_rebounds,,,,,,,3.04,"season RPG; L5 reb x0.45, minutes x0.97",1.884,"player-fitted (n=33, shrunk to league)",,,False,,,,PROJ,False,,,,no_game_in_window_yet,
8de93f61614a44d18a5500980086bacf,0cf446817dbb,wnba,2026-27,2026-08-18T19:22:54+00:00,2026-08-26,Diamond Miller,1641649,player_assists,,,,,,,1.62,"season APG; L5 ast x0.45, minutes x0.97",1.334,"player-fitted (n=33, shrunk to league)",,,False,,,,PROJ,False,,,,no_game_in_window_yet,
814fd9a64a424260acd7a38636d5b618,0cf446817dbb,wnba,2026-27,2026-08-18T19:22:54+00:00,2026-08-26,Diamond Miller,1641649,player_threes,,,,,,,1.38,"season fg3m history; L5 fg3m x0.45, minutes x0.97",1.079,"player-fitted (n=33, shrunk to league)",,,False,,,,PROJ,False,,,,no_game_in_window_yet,
83915244ce4d47abb46a69d1bc5495c6,0cf446817dbb,wnba,2026-27,2026-08-18T19:22:54+00:00,2026-08-26,Charlisse Leger-Walker,1643449,player_points,,,,,,,6.04,"season PPG; L5 pts x0.45 + source pts x0.35, minutes x0.91",4.55,"player-fitted (n=33, shrunk to league)",,,False,,,,PROJ,False,,,,no_game_in_window_yet,
43c6e3cbf9c249c4ac989bd847d67876,0cf446817dbb,wnba,2026-27,2026-08-18T19:22:54+00:00,2026-08-26,Charlisse Leger-Walker,1643449,player_rebounds,,,,,,,1.63,"season RPG; L5 reb x0.45, minutes x0.91",1.759,"player-fitted (n=33, shrunk to league)",,,False,,,,PROJ,False,,,,no_game_in_window_yet,
ec364a2edd1e4e1bb847fa0ea55a1530,0cf446817dbb,wnba,2026-27,2026-08-18T19:22:54+00:00,2026-08-26,Charlisse Leger-Walker,1643449,player_assists,,,,,,,2.86,"season APG; L5 ast x0.45, minutes x0.91",1.788,"player-fitted (n=33, shrunk to league)",,,False,,,,PROJ,False,,,,no_game_in_window_yet,
befe2eb9ee3e40be9d77f445e826de2e,0cf446817dbb,wnba,2026-27,2026-08-18T19:22:54+00:00,2026-08-26,Charlisse Leger-Walker,1643449,player_threes,,,,,,,1.25,"season fg3m history; L5 fg3m x0.45, minutes x0.91",1.019,"player-fitted (n=33, shrunk to league)",,,False,,,,PROJ,False,,,,no_game_in_window_yet,
d1ff223c2d164d89b706ceb649af1355,0cf446817dbb,wnba,2026-27,2026-08-18T19:22:54+00:00,2026-08-26,Olivia Nelson-Ododa,1631135,player_points,,,,,,,10.42,season PPG; L5 pts x0.45 + source pts x0.35,5.472,"player-fitted (n=32, shrunk to league)",,,False,,,,PROJ,False,,,,no_game_in_window_yet,
6fa8980f90f242d08441a37363ec8389,0cf446817dbb,wnba,2026-27,2026-08-18T19:22:54+00:00,2026-08-26,Olivia Nelson-Ododa,1631135,player_rebounds,,,,,,,6.96,season RPG; L5 reb x0.45,3.81,"player-fitted (n=32, shrunk to league)",,,False,,,,PROJ,False,,,,no_game_in_window_yet,
1a8b3d5bf9704e53b9f34127aa2d16d2,0cf446817dbb,wnba,2026-27,2026-08-18T19:22:54+00:00,2026-08-26,Olivia Nelson-Ododa,1631135,player_assists,,,,,,,1.21,season APG; L5 ast x0.45,1.47,"player-fitted (n=32, shrunk to league)",,,False,,,,PROJ,False,,,,no_game_in_window_yet,
2d0d46437fe34829934ed53688afe16d,0cf446817dbb,wnba,2026-27,2026-08-18T19:22:54+00:00,2026-08-26,Olivia Nelson-Ododa,1631135,player_threes,,,,,,,0.0,season fg3m history; L5 fg3m x0.45,0.478,"player-fitted (n=32, shrunk to league)",,,False,,,,PROJ,False,,,,no_game_in_window_yet,
7431275cc79b4b53a539cf509aa376e2,0cf446817dbb,wnba,2026-27,2026-08-18T19:22:54+00:00,2026-08-26,Brittney Griner,203398,player_points,,,,,,,11.34,"season PPG; L5 pts x0.45 + source pts x0.35, minutes x1.25",7.435,"player-fitted (n=32, shrunk to league)",,,False,,,,PROJ,False,,,,no_game_in_window_yet,
1b9579abfd3e4c70b237c3b710a58eb6,0cf446817dbb,wnba,2026-27,2026-08-18T19:22:54+00:00,2026-08-26,Brittney Griner,203398,player_rebounds,,,,,,,5.67,"season RPG; L5 reb x0.45, minutes x1.25",3.282,"player-fitted (n=32, shrunk to league)",,,False,,,,PROJ,False,,,,no_game_in_window_yet,
c0f74f8758854b028106e4251fff23af,0cf446817dbb,wnba,2026-27,2026-08-18T19:22:54+00:00,2026-08-26,Brittney Griner,203398,player_assists,,,,,,,2.17,"season APG; L5 ast x0.45, minutes x1.25",1.77,"player-fitted (n=32, shrunk to league)",,,False,,,,PROJ,False,,,,no_game_in_window_yet,
21aaa42b89544194a92a5f86595dd030,0cf446817dbb,wnba,2026-27,2026-08-18T19:22:54+00:00,2026-08-26,Brittney Griner,203398,player_threes,,,,,,,0.13,"season fg3m history; L5 fg3m x0.45, minutes x1.25",0.502,"player-fitted (n=32, shrunk to league)",,,False,,,,PROJ,False,,,,no_game_in_window_yet,
5712e9130f114c49a7331e39beb824ff,0cf446817dbb,wnba,2026-27,2026-08-18T19:22:54+00:00,2026-08-26,Kennedy Burke,1629568,player_points,,,,,,,8.09,"season PPG; L5 pts x0.45 + source pts x0.35, minutes x0.91",5.163,"player-fitted (n=33, shrunk to league)",,,False,,,,PROJ,False,,,,no_game_in_window_yet,
a19eed60065044c7a5d1002c498c0267,0cf446817dbb,wnba,2026-27,2026-08-18T19:22:54+00:00,2026-08-26,Kennedy Burke,1629568,player_rebounds,,,,,,,2.67,"season RPG; L5 reb x0.45, minutes x0.91",2.081,"player-fitted (n=33, shrunk to league)",,,False,,,,PROJ,False,,,,no_game_in_window_yet,
4a6a21804d9c43f39c2eaa73fa1a777b,0cf446817dbb,wnba,2026-27,2026-08-18T19:22:54+00:00,2026-08-26,Kennedy Burke,1629568,player_assists,,,,,,,1.03,"season APG; L5 ast x0.45, minutes x0.91",1.452,"player-fitted (n=33, shrunk to league)",,,False,,,,PROJ,False,,,,no_game_in_window_yet,
3c76791ea4a940e9ac3e3f261f2231d9,0cf446817dbb,wnba,2026-27,2026-08-18T19:22:54+00:00,2026-08-26,Kennedy Burke,1629568,player_threes,,,,,,,1.17,"season fg3m history; L5 fg3m x0.45, minutes x0.91",1.072,"player-fitted (n=33, shrunk to league)",,,False,,,,PROJ,False,,,,no_game_in_window_yet,
4fcddb47f1a6400da744bf24e993ed82,0cf446817dbb,wnba,2026-27,2026-08-18T19:22:54+00:00,2026-08-26,Brittney Sykes,1628279,player_points,,,,,,,13.28,season PPG; L5 pts x0.45 + source pts x0.35,10.869,"player-fitted (n=33, shrunk to league)",,,False,,,,PROJ,False,,,,no_game_in_window_yet,
4a5d28a2cc4a41a6a3df2223b307b20d,0cf446817dbb,wnba,2026-27,2026-08-18T19:22:54+00:00,2026-08-26,Brittney Sykes,1628279,player_rebounds,,,,,,,2.09,season RPG; L5 reb x0.45,2.419,"player-fitted (n=33, shrunk to league)",,,False,,,,PROJ,False,,,,no_game_in_window_yet,
bbb31a005f7b4b25903d78d6b24bafce,0cf446817dbb,wnba,2026-27,2026-08-18T19:22:54+00:00,2026-08-26,Brittney Sykes,1628279,player_assists,,,,,,,1.93,season APG; L5 ast x0.45,2.016,"player-fitted (n=33, shrunk to league)",,,False,,,,PROJ,False,,,,no_game_in_window_yet,
0e69130933624b31bea0f35720f3ec03,0cf446817dbb,wnba,2026-27,2026-08-18T19:22:54+00:00,2026-08-26,Brittney Sykes,1628279,player_threes,,,,,,,0.27,season fg3m history; L5 fg3m x0.45,1.019,"player-fitted (n=33, shrunk to league)",,,False,,,,PROJ,False,,,,no_game_in_window_yet,
35d0a71a76f94698a86055f0dd7866ab,0cf446817dbb,wnba,2026-27,2026-08-18T19:22:54+00:00,2026-08-26,Marina Mabrey,1629497,player_points,,,,,,,19.72,"season PPG; L5 pts x0.45 + source pts x0.35, minutes x1.12",10.423,"player-fitted (n=33, shrunk to league)",,,False,,,,PROJ,False,,,,no_game_in_window_yet,
d3d3dbe3f9b541df9478f88d7223ec3c,0cf446817dbb,wnba,2026-27,2026-08-18T19:22:54+00:00,2026-08-26,Marina Mabrey,1629497,player_rebounds,,,,,,,3.01,"season RPG; L5 reb x0.45, minutes x1.12",2.09,"player-fitted (n=33, shrunk to league)",,,False,,,,PROJ,False,,,,no_game_in_window_yet,
973f438e1eda47febda705d3bdac2e78,0cf446817dbb,wnba,2026-27,2026-08-18T19:22:54+00:00,2026-08-26,Marina Mabrey,1629497,player_assists,,,,,,,3.7,"season APG; L5 ast x0.45, minutes x1.12",1.994,"player-fitted (n=33, shrunk to league)",,,False,,,,PROJ,False,,,,no_game_in_window_yet,
eed8a6eb158b42f99cfbd724f4b10c0b,0cf446817dbb,wnba,2026-27,2026-08-18T19:22:54+00:00,2026-08-26,Marina Mabrey,1629497,player_threes,,,,,,,3.18,"season fg3m history; L5 fg3m x0.45, minutes x1.12",2.14,"player-fitted (n=33, shrunk to league)",,,False,,,,PROJ,False,,,,no_game_in_window_yet,
7e10aa3f7ba84ef3ad35bc8eaec30662,0cf446817dbb,wnba,2026-27,2026-08-18T19:22:54+00:00,2026-08-26,Maria Conde,1629576,player_points,,,,,,,9.27,"season PPG; L5 pts x0.45 + source pts x0.35, minutes x1.09",5.539,"player-fitted (n=33, shrunk to league)",,,False,,,,PROJ,False,,,,no_game_in_window_yet,
dd097203b06545b5a09cbeaf68093cf5,0cf446817dbb,wnba,2026-27,2026-08-18T19:22:54+00:00,2026-08-26,Maria Conde,1629576,player_rebounds,,,,,,,4.58,"season RPG; L5 reb x0.45, minutes x1.09",2.456,"player-fitted (n=33, shrunk to league)",,,False,,,,PROJ,False,,,,no_game_in_window_yet,
e8116fc228914e23b63e045070b0b78f,0cf446817dbb,wnba,2026-27,2026-08-18T19:22:54+00:00,2026-08-26,Maria Conde,1629576,player_assists,,,,,,,2.93,"season APG; L5 ast x0.45, minutes x1.09",1.945,"player-fitted (n=33, shrunk to league)",,,False,,,,PROJ,False,,,,no_game_in_window_yet,
c661e993af994de1b7029a82eb81924b,0cf446817dbb,wnba,2026-27,2026-08-18T19:22:54+00:00,2026-08-26,Maria Conde,1629576,player_threes,,,,,,,1.45,"season fg3m history; L5 fg3m x0.45, minutes x1.09",1.408,"player-fitted (n=33, shrunk to league)",,,False,,,,PROJ,False,,,,no_game_in_window_yet,
9c0c68940a5e4056a0e6098be4571861,0cf446817dbb,wnba,2026-27,2026-08-18T19:22:54+00:00,2026-08-26,Julie Allemand,1627700,player_points,,,,,,,6.6,"season PPG; L5 pts x0.45 + source pts x0.35, minutes x1.05",4.778,"player-fitted (n=32, shrunk to league)",,,False,,,,PROJ,False,,,,no_game_in_window_yet,
7b708bd211d741f293c220ade17cbbb2,0cf446817dbb,wnba,2026-27,2026-08-18T19:22:54+00:00,2026-08-26,Julie Allemand,1627700,player_rebounds,,,,,,,2.84,"season RPG; L5 reb x0.45, minutes x1.05",2.204,"player-fitted (n=32, shrunk to league)",,,False,,,,PROJ,False,,,,no_game_in_window_yet,
def98aa4ba194008b0a81d9b5b9a64d9,0cf446817dbb,wnba,2026-27,2026-08-18T19:22:54+00:00,2026-08-26,Julie Allemand,1627700,player_assists,,,,,,,5.96,"season APG; L5 ast x0.45, minutes x1.05",3.371,"player-fitted (n=32, shrunk to league)",,,False,,,,PROJ,False,,,,no_game_in_window_yet,
cd4603ea7961414980a65dff1ceca51b,0cf446817dbb,wnba,2026-27,2026-08-18T19:22:54+00:00,2026-08-26,Julie Allemand,1627700,player_threes,,,,,,,1.36,"season fg3m history; L5 fg3m x0.45, minutes x1.05",1.13,"player-fitted (n=32, shrunk to league)",,,False,,,,PROJ,False,,,,no_game_in_window_yet,
fe38f8c6269b4527a2138df143666824,0cf446817dbb,wnba,2026-27,2026-08-18T19:22:54+00:00,2026-08-26,Laura Juskaite,1643420,player_points,,,,,,,9.98,"season PPG; L5 pts x0.45 + source pts x0.35, minutes x0.88",6.076,"player-fitted (n=33, shrunk to league)",,,False,,,,PROJ,False,,,,no_game_in_window_yet,
4924ed650f7f4fcca7bfdb2dbcdcd4a9,0cf446817dbb,wnba,2026-27,2026-08-18T19:22:54+00:00,2026-08-26,Laura Juskaite,1643420,player_rebounds,,,,,,,3.56,"season RPG; L5 reb x0.45, minutes x0.88",2.309,"player-fitted (n=33, shrunk to league)",,,False,,,,PROJ,False,,,,no_game_in_window_yet,
2cf501e8b5a34ad28e0acdb9196e3921,0cf446817dbb,wnba,2026-27,2026-08-18T19:22:54+00:00,2026-08-26,Laura Juskaite,1643420,player_assists,,,,,,,1.25,"season APG; L5 ast x0.45, minutes x0.88",1.334,"player-fitted (n=33, shrunk to league)",,,False,,,,PROJ,False,,,,no_game_in_window_yet,
074478c20b3e4134b088a9ecdd59a430,0cf446817dbb,wnba,2026-27,2026-08-18T19:22:54+00:00,2026-08-26,Laura Juskaite,1643420,player_threes,,,,,,,0.72,"season fg3m history; L5 fg3m x0.45, minutes x0.88",1.039,"player-fitted (n=33, shrunk to league)",,,False,,,,PROJ,False,,,,no_game_in_window_yet,
93652270f2ea41fe80d1d50725698425,0cf446817dbb,wnba,2026-27,2026-08-18T19:22:54+00:00,2026-08-26,Nyara Sabally,1631055,player_points,,,,,,,10.92,"season PPG; L5 pts x0.45 + source pts x0.35, minutes x0.77",6.991,"player-fitted (n=33, shrunk to league)",,,False,,,,PROJ,False,,,,no_game_in_window_yet,
eadea3afaff844668fb5c1f156bd2a78,0cf446817dbb,wnba,2026-27,2026-08-18T19:22:54+00:00,2026-08-26,Nyara Sabally,1631055,player_rebounds,,,,,,,4.88,"season RPG; L5 reb x0.45, minutes x0.77",2.968,"player-fitted (n=33, shrunk to league)",,,False,,,,PROJ,False,,,,no_game_in_window_yet,
020f64c9c61a4833a978613b20a63ec4,0cf446817dbb,wnba,2026-27,2026-08-18T19:22:54+00:00,2026-08-26,Nyara Sabally,1631055,player_assists,,,,,,,1.34,"season APG; L5 ast x0.45, minutes x0.77",1.454,"player-fitted (n=33, shrunk to league)",,,False,,,,PROJ,False,,,,no_game_in_window_yet,
53e0aa2e7a9048d7bae0c5a39c03c000,0cf446817dbb,wnba,2026-27,2026-08-18T19:22:54+00:00,2026-08-26,Nyara Sabally,1631055,player_threes,,,,,,,0.81,"season fg3m history; L5 fg3m x0.45, minutes x0.77",0.966,"player-fitted (n=33, shrunk to league)",,,False,,,,PROJ,False,,,,no_game_in_window_yet,
28dfa42b59f348bf8153d898e58b41fd,0cf446817dbb,wnba,2026-27,2026-08-18T19:22:54+00:00,2026-08-26,Natisha Hiedeman,1629567,player_points,,,,,,,12.18,"season PPG; L5 pts x0.45 + source pts x0.35, minutes x0.89",6.83,"player-fitted (n=36, shrunk to league)",,,False,,,,PROJ,False,,,,no_game_in_window_yet,
1761bd5355244684aed96e34f847aae7,0cf446817dbb,wnba,2026-27,2026-08-18T19:22:54+00:00,2026-08-26,Natisha Hiedeman,1629567,player_rebounds,,,,,,,2.19,"season RPG; L5 reb x0.45, minutes x0.89",1.794,"player-fitted (n=36, shrunk to league)",,,False,,,,PROJ,False,,,,no_game_in_window_yet,
a48b4d78c4144285936c067df634f619,0cf446817dbb,wnba,2026-27,2026-08-18T19:22:54+00:00,2026-08-26,Natisha Hiedeman,1629567,player_assists,,,,,,,4.74,"season APG; L5 ast x0.45, minutes x0.89",2.113,"player-fitted (n=36, shrunk to league)",,,False,,,,PROJ,False,,,,no_game_in_window_yet,
5479533c83d143f39974c0099ad71e95,0cf446817dbb,wnba,2026-27,2026-08-18T19:22:54+00:00,2026-08-26,Natisha Hiedeman,1629567,player_threes,,,,,,,1.24,"season fg3m history; L5 fg3m x0.45, minutes x0.89",1.497,"player-fitted (n=36, shrunk to league)",,,False,,,,PROJ,False,,,,no_game_in_window_yet,
84af6cfdfb5f443a8c9bc6e2b8b9c2f0,0cf446817dbb,wnba,2026-27,2026-08-18T19:22:54+00:00,2026-08-26,Flau'jae Johnson,1643428,player_points,,,,,,,14.46,"season PPG; L5 pts x0.45 + source pts x0.35, minutes x1.25",6.772,"player-fitted (n=36, shrunk to league)",,,False,,,,PROJ,False,,,,no_game_in_window_yet,
9fbf714bb21c491081d9fcb2387be1be,0cf446817dbb,wnba,2026-27,2026-08-18T19:22:54+00:00,2026-08-26,Flau'jae Johnson,1643428,player_rebounds,,,,,,,4.61,"season RPG; L5 reb x0.45, minutes x1.25",2.842,"player-fitted (n=36, shrunk to league)",,,False,,,,PROJ,False,,,,no_game_in_window_yet,
6cb207e59d40429183bf88e6c16c9667,0cf446817dbb,wnba,2026-27,2026-08-18T19:22:54+00:00,2026-08-26,Flau'jae Johnson,1643428,player_assists,,,,,,,2.78,"season APG; L5 ast x0.45, minutes x1.25",2.033,"player-fitted (n=36, shrunk to league)",,,False,,,,PROJ,False,,,,no_game_in_window_yet,
07e4cb21066945a9a1a772c3c9acc77d,0cf446817dbb,wnba,2026-27,2026-08-18T19:22:54+00:00,2026-08-26,Flau'jae Johnson,1643428,player_threes,,,,,,,1.23,"season fg3m history; L5 fg3m x0.45, minutes x1.25",1.226,"player-fitted (n=36, shrunk to league)",,,False,,,,PROJ,False,,,,no_game_in_window_yet,
06a4060dcac3487c94c6df911e3c655c,0cf446817dbb,wnba,2026-27,2026-08-18T19:22:54+00:00,2026-08-26,Dominique Malonga,1642798,player_points,,,,,,,17.9,"season PPG; L5 pts x0.45 + source pts x0.35, minutes x0.95",9.575,"player-fitted (n=36, shrunk to league)",,,False,,,,PROJ,False,,,,no_game_in_window_yet,
dbf74b1a54044d5ea8b8f22b102e910f,0cf446817dbb,wnba,2026-27,2026-08-18T19:22:54+00:00,2026-08-26,Dominique Malonga,1642798,player_rebounds,,,,,,,8.65,"season RPG; L5 reb x0.45, minutes x0.95",4.324,"player-fitted (n=36, shrunk to league)",,,False,,,,PROJ,False,,,,no_game_in_window_yet,
7abef021cdea4b48a1058f5cbf3d6fcd,0cf446817dbb,wnba,2026-27,2026-08-18T19:22:54+00:00,2026-08-26,Dominique Malonga,1642798,player_assists,,,,,,,1.91,"season APG; L5 ast x0.45, minutes x0.95",1.349,"player-fitted (n=36, shrunk to league)",,,False,,,,PROJ,False,,,,no_game_in_window_yet,
a5b9c51a1cbd4d24809b6738c4d4debd,0cf446817dbb,wnba,2026-27,2026-08-18T19:22:54+00:00,2026-08-26,Dominique Malonga,1642798,player_threes,,,,,,,0.89,"season fg3m history; L5 fg3m x0.45, minutes x0.95",0.846,"player-fitted (n=36, shrunk to league)",,,False,,,,PROJ,False,,,,no_game_in_window_yet,
d7947b608449455abc67c766425c5495,0cf446817dbb,wnba,2026-27,2026-08-18T19:22:54+00:00,2026-08-26,Jade Melbourne,1631141,player_points,,,,,,,8.88,"season PPG; L5 pts x0.45 + source pts x0.35, minutes x0.88",5.094,"player-fitted (n=36, shrunk to league)",,,False,,,,PROJ,False,,,,no_game_in_window_yet,
946373afbeda4ae284c00c01a67701d1,0cf446817dbb,wnba,2026-27,2026-08-18T19:22:54+00:00,2026-08-26,Jade Melbourne,1631141,player_rebounds,,,,,,,1.56,"season RPG; L5 reb x0.45, minutes x0.88",1.466,"player-fitted (n=36, shrunk to league)",,,False,,,,PROJ,False,,,,no_game_in_window_yet,
7afc226df114417cb2d5e89afc77e126,0cf446817dbb,wnba,2026-27,2026-08-18T19:22:54+00:00,2026-08-26,Jade Melbourne,1631141,player_assists,,,,,,,3.4,"season APG; L5 ast x0.45, minutes x0.88",1.891,"player-fitted (n=36, shrunk to league)",,,False,,,,PROJ,False,,,,no_game_in_window_yet,
6a23785eb99f473a983356d480abe278,0cf446817dbb,wnba,2026-27,2026-08-18T19:22:54+00:00,2026-08-26,Jade Melbourne,1631141,player_threes,,,,,,,1.04,"season fg3m history; L5 fg3m x0.45, minutes x0.88",0.959,"player-fitted (n=36, shrunk to league)",,,False,,,,PROJ,False,,,,no_game_in_window_yet,
83690a4e07bc46f4b4fc5b3de74b682e,0cf446817dbb,wnba,2026-27,2026-08-18T19:22:54+00:00,2026-08-26,Awa Fam,1643443,player_points,,,,,,,9.83,"season PPG; L5 pts x0.45 + source pts x0.35, minutes x1.15",5.824,"player-fitted (n=32, shrunk to league)",,,False,,,,PROJ,False,,,,no_game_in_window_yet,
45bb4045a37d4d9a98aca43f3dbfc052,0cf446817dbb,wnba,2026-27,2026-08-18T19:22:54+00:00,2026-08-26,Awa Fam,1643443,player_rebounds,,,,,,,6.17,"season RPG; L5 reb x0.45, minutes x1.15",2.91,"player-fitted (n=32, shrunk to league)",,,False,,,,PROJ,False,,,,no_game_in_window_yet,
206d651b66f843ef95d9e96d95e1f07c,0cf446817dbb,wnba,2026-27,2026-08-18T19:22:54+00:00,2026-08-26,Awa Fam,1643443,player_assists,,,,,,,1.83,"season APG; L5 ast x0.45, minutes x1.15",1.466,"player-fitted (n=32, shrunk to league)",,,False,,,,PROJ,False,,,,no_game_in_window_yet,
f8ad248594cc4306b636103c11bc7769,0cf446817dbb,wnba,2026-27,2026-08-18T19:22:54+00:00,2026-08-26,Awa Fam,1643443,player_threes,,,,,,,1.83,"season fg3m history; L5 fg3m x0.45, minutes x1.15",1.317,"player-fitted (n=32, shrunk to league)",,,False,,,,PROJ,False,,,,no_game_in_window_yet,
d5152618f1b8445cbeab1cd47045554b,0cf446817dbb,wnba,2026-27,2026-08-18T19:22:54+00:00,2026-08-26,Ezi Magbegor,1629496,player_points,,,,,,,5.39,"season PPG; L5 pts x0.45 + source pts x0.35, minutes x0.77",4.005,"player-fitted (n=36, shrunk to league)",,,False,,,,PROJ,False,,,,no_game_in_window_yet,
801c0fb8cd8149618812b0ab91fcb43e,0cf446817dbb,wnba,2026-27,2026-08-18T19:22:54+00:00,2026-08-26,Ezi Magbegor,1629496,player_rebounds,,,,,,,3.53,"season RPG; L5 reb x0.45, minutes x0.77",2.262,"player-fitted (n=36, shrunk to league)",,,False,,,,PROJ,False,,,,no_game_in_window_yet,
e3157bfba0a24be387dbcf43570d788c,0cf446817dbb,wnba,2026-27,2026-08-18T19:22:54+00:00,2026-08-26,Ezi Magbegor,1629496,player_assists,,,,,,,1.79,"season APG; L5 ast x0.45, minutes x0.77",1.363,"player-fitted (n=36, shrunk to league)",,,False,,,,PROJ,False,,,,no_game_in_window_yet,
5a8f760ccaca407a85b396b1add45b0c,0cf446817dbb,wnba,2026-27,2026-08-18T19:22:54+00:00,2026-08-26,Ezi Magbegor,1629496,player_threes,,,,,,,0.28,"season fg3m history; L5 fg3m x0.45, minutes x0.77",0.639,"player-fitted (n=36, shrunk to league)",,,False,,,,PROJ,False,,,,no_game_in_window_yet,
fdc6c9d7fe474dbb87c7790ae6be95c9,0cf446817dbb,wnba,2026-27,2026-08-18T19:22:54+00:00,2026-08-27,Veronica Burton,1631007,player_points,,,,,,,12.56,"season PPG; L5 pts x0.45 + source pts x0.35, minutes x0.96",5.606,"player-fitted (n=33, shrunk to league)",,,False,,,,PROJ,False,,,,no_game_in_window_yet,
0b5eb44eb6b5412fa2a5bfc97503eec7,0cf446817dbb,wnba,2026-27,2026-08-18T19:22:54+00:00,2026-08-27,Veronica Burton,1631007,player_rebounds,,,,,,,3.57,"season RPG; L5 reb x0.45, minutes x0.96",1.984,"player-fitted (n=33, shrunk to league)",,,False,,,,PROJ,False,,,,no_game_in_window_yet,
608f003b37834159a55e7d79be8c406d,0cf446817dbb,wnba,2026-27,2026-08-18T19:22:54+00:00,2026-08-27,Veronica Burton,1631007,player_assists,,,,,,,5.4,"season APG; L5 ast x0.45, minutes x0.96",2.355,"player-fitted (n=33, shrunk to league)",,,False,,,,PROJ,False,,,,no_game_in_window_yet,
ac3920efcc0043a4b438cb91b72f07b4,0cf446817dbb,wnba,2026-27,2026-08-18T19:22:54+00:00,2026-08-27,Veronica Burton,1631007,player_threes,,,,,,,1.6,"season fg3m history; L5 fg3m x0.45, minutes x0.96",0.966,"player-fitted (n=33, shrunk to league)",,,False,,,,PROJ,False,,,,no_game_in_window_yet,
88f9fdd24708455ca9b88c07e24d54e0,0cf446817dbb,wnba,2026-27,2026-08-18T19:22:54+00:00,2026-08-27,Kayla Thornton,203866,player_points,,,,,,,9.7,"season PPG; L5 pts x0.45 + source pts x0.35, minutes x1.03",5.841,"player-fitted (n=33, shrunk to league)",,,False,,,,PROJ,False,,,,no_game_in_window_yet,
3a769d44e6cd4137ad153e89bab9f0b0,0cf446817dbb,wnba,2026-27,2026-08-18T19:22:54+00:00,2026-08-27,Kayla Thornton,203866,player_rebounds,,,,,,,4.78,"season RPG; L5 reb x0.45, minutes x1.03",2.695,"player-fitted (n=33, shrunk to league)",,,False,,,,PROJ,False,,,,no_game_in_window_yet,
d88c17d701e643a6bb7d7a9a66c2e3fd,0cf446817dbb,wnba,2026-27,2026-08-18T19:22:54+00:00,2026-08-27,Kayla Thornton,203866,player_assists,,,,,,,0.92,"season APG; L5 ast x0.45, minutes x1.03",1.055,"player-fitted (n=33, shrunk to league)",,,False,,,,PROJ,False,,,,no_game_in_window_yet,
38e134360df640e8abed9401e834e704,0cf446817dbb,wnba,2026-27,2026-08-18T19:22:54+00:00,2026-08-27,Kayla Thornton,203866,player_threes,,,,,,,1.78,"season fg3m history; L5 fg3m x0.45, minutes x1.03",1.469,"player-fitted (n=33, shrunk to league)",,,False,,,,PROJ,False,,,,no_game_in_window_yet,
d1ac1f43c65b47269c6b4731a6a4bf85,0cf446817dbb,wnba,2026-27,2026-08-18T19:22:54+00:00,2026-08-27,Gabby Williams,1628931,player_points,,,,,,,13.39,season PPG; L5 pts x0.45 + source pts x0.35,6.79,"player-fitted (n=33, shrunk to league)",,,False,,,,PROJ,False,,,,no_game_in_window_yet,
22eca00d69554a578f1c9872b63452fb,0cf446817dbb,wnba,2026-27,2026-08-18T19:22:54+00:00,2026-08-27,Gabby Williams,1628931,player_rebounds,,,,,,,3.02,season RPG; L5 reb x0.45,2.194,"player-fitted (n=33, shrunk to league)",,,False,,,,PROJ,False,,,,no_game_in_window_yet,
dbea38bfdfee490fa1ce7c0ab177f512,0cf446817dbb,wnba,2026-27,2026-08-18T19:22:54+00:00,2026-08-27,Gabby Williams,1628931,player_assists,,,,,,,2.02,season APG; L5 ast x0.45,1.616,"player-fitted (n=33, shrunk to league)",,,False,,,,PROJ,False,,,,no_game_in_window_yet,
f294830963f94d068d92c0547b6e6aee,0cf446817dbb,wnba,2026-27,2026-08-18T19:22:54+00:00,2026-08-27,Gabby Williams,1628931,player_threes,,,,,,,1.3,season fg3m history; L5 fg3m x0.45,1.359,"player-fitted (n=33, shrunk to league)",,,False,,,,PROJ,False,,,,no_game_in_window_yet,
8858b7a797f94637aa1d6db6337a1310,0cf446817dbb,wnba,2026-27,2026-08-18T19:22:54+00:00,2026-08-27,Kiah Stokes,204329,player_points,,,,,,,3.84,"season PPG; L5 pts x0.45 + source pts x0.35, minutes x0.81",3.641,"player-fitted (n=32, shrunk to league)",,,False,,,,PROJ,False,,,,no_game_in_window_yet,
e850c13ec42f4e2cb6782e344fd59e1a,0cf446817dbb,wnba,2026-27,2026-08-18T19:22:54+00:00,2026-08-27,Kiah Stokes,204329,player_rebounds,,,,,,,4.99,"season RPG; L5 reb x0.45, minutes x0.81",2.297,"player-fitted (n=32, shrunk to league)",,,False,,,,PROJ,False,,,,no_game_in_window_yet,
e0f26a7e18bb4658a00dd219afbe9f2a,0cf446817dbb,wnba,2026-27,2026-08-18T19:22:54+00:00,2026-08-27,Kiah Stokes,204329,player_assists,,,,,,,1.16,"season APG; L5 ast x0.45, minutes x0.81",1.217,"player-fitted (n=32, shrunk to league)",,,False,,,,PROJ,False,,,,no_game_in_window_yet,
ef5b70335e254ec9bdbeea762227dcb0,0cf446817dbb,wnba,2026-27,2026-08-18T19:22:54+00:00,2026-08-27,Kiah Stokes,204329,player_threes,,,,,,,0.47,"season fg3m history; L5 fg3m x0.45, minutes x0.81",0.784,"player-fitted (n=32, shrunk to league)",,,False,,,,PROJ,False,,,,no_game_in_window_yet,
24fe14b7835542858106bd237fb24a1e,0cf446817dbb,wnba,2026-27,2026-08-18T19:22:54+00:00,2026-08-27,Janelle Salaun,1642767,player_points,,,,,,,10.86,"season PPG; L5 pts x0.45 + source pts x0.35, minutes x0.79",5.772,"player-fitted (n=32, shrunk to league)",,,False,,,,PROJ,False,,,,no_game_in_window_yet,
bb11699ca66045308f47037e117857e8,0cf446817dbb,wnba,2026-27,2026-08-18T19:22:54+00:00,2026-08-27,Janelle Salaun,1642767,player_rebounds,,,,,,,2.49,"season RPG; L5 reb x0.45, minutes x0.79",1.945,"player-fitted (n=32, shrunk to league)",,,False,,,,PROJ,False,,,,no_game_in_window_yet,
6e604ebd42d94d9991c03fe7078c694b,0cf446817dbb,wnba,2026-27,2026-08-18T19:22:54+00:00,2026-08-27,Janelle Salaun,1642767,player_assists,,,,,,,0.9,"season APG; L5 ast x0.45, minutes x0.79",1.141,"player-fitted (n=32, shrunk to league)",,,False,,,,PROJ,False,,,,no_game_in_window_yet,
056653131e9a4924b17c855430bd8785,0cf446817dbb,wnba,2026-27,2026-08-18T19:22:54+00:00,2026-08-27,Janelle Salaun,1642767,player_threes,,,,,,,2.0,"season fg3m history; L5 fg3m x0.45, minutes x0.79",1.338,"player-fitted (n=32, shrunk to league)",,,False,,,,PROJ,False,,,,no_game_in_window_yet,
39f46cd292354a688365e28d9aaa0f11,0cf446817dbb,wnba,2026-27,2026-08-18T19:22:54+00:00,2026-08-27,Cecilia Zandalasini,1628508,player_points,,,,,,,7.01,"season PPG; L5 pts x0.45 + source pts x0.35, minutes x0.81",5.342,"player-fitted (n=30, shrunk to league)",,,False,,,,PROJ,False,,,,no_game_in_window_yet,
c5422ae5bbad458d8b03f7adfbc95041,0cf446817dbb,wnba,2026-27,2026-08-18T19:22:54+00:00,2026-08-27,Cecilia Zandalasini,1628508,player_rebounds,,,,,,,2.12,"season RPG; L5 reb x0.45, minutes x0.81",1.702,"player-fitted (n=30, shrunk to league)",,,False,,,,PROJ,False,,,,no_game_in_window_yet,
f09328f0e91d47d8ba6bfc5266e159ba,0cf446817dbb,wnba,2026-27,2026-08-18T19:22:54+00:00,2026-08-27,Cecilia Zandalasini,1628508,player_assists,,,,,,,1.69,"season APG; L5 ast x0.45, minutes x0.81",1.355,"player-fitted (n=30, shrunk to league)",,,False,,,,PROJ,False,,,,no_game_in_window_yet,
63769c7ead33424dba63cc3951cfd935,0cf446817dbb,wnba,2026-27,2026-08-18T19:22:54+00:00,2026-08-27,Cecilia Zandalasini,1628508,player_threes,,,,,,,1.3,"season fg3m history; L5 fg3m x0.45, minutes x0.81",1.336,"player-fitted (n=30, shrunk to league)",,,False,,,,PROJ,False,,,,no_game_in_window_yet,
7b17e23cb4c04cfe8f73dd1228df0a59,0cf446817dbb,wnba,2026-27,2026-08-18T19:22:54+00:00,2026-08-27,Breanna Stewart,1627668,player_points,,,,,,,18.15,"season PPG; L5 pts x0.45 + source pts x0.35, minutes x0.90",7.23,"player-fitted (n=36, shrunk to league)",,,False,,,,PROJ,False,,,,no_game_in_window_yet,
816b70b20ace4208a9ec10630630fb90,0cf446817dbb,wnba,2026-27,2026-08-18T19:22:54+00:00,2026-08-27,Breanna Stewart,1627668,player_rebounds,,,,,,,6.38,"season RPG; L5 reb x0.45, minutes x0.90",2.569,"player-fitted (n=36, shrunk to league)",,,False,,,,PROJ,False,,,,no_game_in_window_yet,
de016d3e4d824149b64f7305ac9b12d3,0cf446817dbb,wnba,2026-27,2026-08-18T19:22:54+00:00,2026-08-27,Breanna Stewart,1627668,player_assists,,,,,,,3.03,"season APG; L5 ast x0.45, minutes x0.90",1.887,"player-fitted (n=36, shrunk to league)",,,False,,,,PROJ,False,,,,no_game_in_window_yet,
20d6ff778b124581a80d7f2a2788ff20,0cf446817dbb,wnba,2026-27,2026-08-18T19:22:54+00:00,2026-08-27,Breanna Stewart,1627668,player_threes,,,,,,,0.62,"season fg3m history; L5 fg3m x0.45, minutes x0.90",0.838,"player-fitted (n=36, shrunk to league)",,,False,,,,PROJ,False,,,,no_game_in_window_yet,
bd13420512be47b892f63e506119320f,0cf446817dbb,wnba,2026-27,2026-08-18T19:22:54+00:00,2026-08-27,Sabrina Ionescu,1629477,player_points,,,,,,,16.88,"season PPG; L5 pts x0.45 + source pts x0.35, minutes x1.19",8.476,"player-fitted (n=28, shrunk to league)",,,False,,,,PROJ,False,,,,no_game_in_window_yet,
c8f221b8efc843e485c791fb9c25c4ad,0cf446817dbb,wnba,2026-27,2026-08-18T19:22:54+00:00,2026-08-27,Sabrina Ionescu,1629477,player_rebounds,,,,,,,4.21,"season RPG; L5 reb x0.45, minutes x1.19",2.452,"player-fitted (n=28, shrunk to league)",,,False,,,,PROJ,False,,,,no_game_in_window_yet,
c5a332ae9bfd4a26a2d1db992d66bc3f,0cf446817dbb,wnba,2026-27,2026-08-18T19:22:54+00:00,2026-08-27,Sabrina Ionescu,1629477,player_assists,,,,,,,4.75,"season APG; L5 ast x0.45, minutes x1.19",2.373,"player-fitted (n=28, shrunk to league)",,,False,,,,PROJ,False,,,,no_game_in_window_yet,
b7b4d07a496a4f85b8ea8ee6c33cc5e6,0cf446817dbb,wnba,2026-27,2026-08-18T19:22:54+00:00,2026-08-27,Sabrina Ionescu,1629477,player_threes,,,,,,,1.54,"season fg3m history; L5 fg3m x0.45, minutes x1.19",1.386,"player-fitted (n=28, shrunk to league)",,,False,,,,PROJ,False,,,,no_game_in_window_yet,
f4b105929cbf4213a39f09f3aa5b15cf,0cf446817dbb,wnba,2026-27,2026-08-18T19:22:54+00:00,2026-08-27,Leonie Fiebich,1630142,player_points,,,,,,,6.49,season PPG; L5 pts x0.45 + source pts x0.35,6.047,"player-fitted (n=20, shrunk to league)",,,False,,,,PROJ,False,,,,no_game_in_window_yet,
8eef228d5cd04f11aafe79bfbb3caf19,0cf446817dbb,wnba,2026-27,2026-08-18T19:22:54+00:00,2026-08-27,Leonie Fiebich,1630142,player_rebounds,,,,,,,1.43,season RPG; L5 reb x0.45,2.104,"player-fitted (n=20, shrunk to league)",,,False,,,,PROJ,False,,,,no_game_in_window_yet,
73e12db7f5ed4487a9a27c886a3e29cf,0cf446817dbb,wnba,2026-27,2026-08-18T19:22:54+00:00,2026-08-27,Leonie Fiebich,1630142,player_assists,,,,,,,1.04,season APG; L5 ast x0.45,1.376,"player-fitted (n=20, shrunk to league)",,,False,,,,PROJ,False,,,,no_game_in_window_yet,
8e80e21ca23147a2b4639eb56dd1031f,0cf446817dbb,wnba,2026-27,2026-08-18T19:22:54+00:00,2026-08-27,Leonie Fiebich,1630142,player_threes,,,,,,,0.72,season fg3m history; L5 fg3m x0.45,1.253,"player-fitted (n=20, shrunk to league)",,,False,,,,PROJ,False,,,,no_game_in_window_yet,
b5b24721f8c84bbf97a68e167441deee,0cf446817dbb,wnba,2026-27,2026-08-18T19:22:54+00:00,2026-08-27,Jonquel Jones,1627673,player_points,,,,,,,12.49,"season PPG; L5 pts x0.45 + source pts x0.35, minutes x0.80",5.22,"player-fitted (n=36, shrunk to league)",,,False,,,,PROJ,False,,,,no_game_in_window_yet,
11a852ed4ede4b5e8259015df43d532b,0cf446817dbb,wnba,2026-27,2026-08-18T19:22:54+00:00,2026-08-27,Jonquel Jones,1627673,player_rebounds,,,,,,,8.64,"season RPG; L5 reb x0.45, minutes x0.80",3.347,"player-fitted (n=36, shrunk to league)",,,False,,,,PROJ,False,,,,no_game_in_window_yet,
3dfe5d759f8c4d72a3ce2e129062f33b,0cf446817dbb,wnba,2026-27,2026-08-18T19:22:54+00:00,2026-08-27,Jonquel Jones,1627673,player_assists,,,,,,,2.51,"season APG; L5 ast x0.45, minutes x0.80",1.584,"player-fitted (n=36, shrunk to league)",,,False,,,,PROJ,False,,,,no_game_in_window_yet,
e717a019aee247c195546adff4279df3,0cf446817dbb,wnba,2026-27,2026-08-18T19:22:54+00:00,2026-08-27,Jonquel Jones,1627673,player_threes,,,,,,,1.51,"season fg3m history; L5 fg3m x0.45, minutes x0.80",1.296,"player-fitted (n=36, shrunk to league)",,,False,,,,PROJ,False,,,,no_game_in_window_yet,
b41fd2e54b8a4da49e460e2eb031db96,0cf446817dbb,wnba,2026-27,2026-08-18T19:22:54+00:00,2026-08-27,Pauline Astier,1631136,player_points,,,,,,,8.15,season PPG; L5 pts x0.45 + source pts x0.35,5.504,"player-fitted (n=36, shrunk to league)",,,False,,,,PROJ,False,,,,no_game_in_window_yet,
924f243c72a34a36b094ed81df31487d,0cf446817dbb,wnba,2026-27,2026-08-18T19:22:54+00:00,2026-08-27,Pauline Astier,1631136,player_rebounds,,,,,,,2.22,season RPG; L5 reb x0.45,1.998,"player-fitted (n=36, shrunk to league)",,,False,,,,PROJ,False,,,,no_game_in_window_yet,
b023ee8cd6144f9db57b767dd7d02766,0cf446817dbb,wnba,2026-27,2026-08-18T19:22:54+00:00,2026-08-27,Pauline Astier,1631136,player_assists,,,,,,,3.54,season APG; L5 ast x0.45,1.671,"player-fitted (n=36, shrunk to league)",,,False,,,,PROJ,False,,,,no_game_in_window_yet,
797d0c0a84fe497ebf1ddc603d993ff3,0cf446817dbb,wnba,2026-27,2026-08-18T19:22:54+00:00,2026-08-27,Pauline Astier,1631136,player_threes,,,,,,,0.23,season fg3m history; L5 fg3m x0.45,0.79,"player-fitted (n=36, shrunk to league)",,,False,,,,PROJ,False,,,,no_game_in_window_yet,
5b0361a223a04864a9363a043a404eb1,0cf446817dbb,wnba,2026-27,2026-08-18T19:22:54+00:00,2026-08-27,Rebecca Allen,204296,player_points,,,,,,,5.81,"season PPG; L5 pts x0.45 + source pts x0.35, minutes x0.75",4.829,"player-fitted (n=35, shrunk to league)",,,False,,,,PROJ,False,,,,no_game_in_window_yet,
081be4d8e9f44accbb83572438e923ed,0cf446817dbb,wnba,2026-27,2026-08-18T19:22:54+00:00,2026-08-27,Rebecca Allen,204296,player_rebounds,,,,,,,2.06,"season RPG; L5 reb x0.45, minutes x0.75",2.004,"player-fitted (n=35, shrunk to league)",,,False,,,,PROJ,False,,,,no_game_in_window_yet,
344b6d013913480f80e97a1aa12f4e5f,0cf446817dbb,wnba,2026-27,2026-08-18T19:22:54+00:00,2026-08-27,Rebecca Allen,204296,player_assists,,,,,,,0.56,"season APG; L5 ast x0.45, minutes x0.75",0.942,"player-fitted (n=35, shrunk to league)",,,False,,,,PROJ,False,,,,no_game_in_window_yet,
b026c8a05e6b4b1fa741444bef7c1af9,0cf446817dbb,wnba,2026-27,2026-08-18T19:22:54+00:00,2026-08-27,Rebecca Allen,204296,player_threes,,,,,,,1.08,"season fg3m history; L5 fg3m x0.45, minutes x0.75",0.991,"player-fitted (n=35, shrunk to league)",,,False,,,,PROJ,False,,,,no_game_in_window_yet,
057c3cc7ebd040c6896ced76ca00e2d4,0cf446817dbb,wnba,2026-27,2026-08-18T19:22:54+00:00,2026-08-27,Sonia Citron,1642785,player_points,,,,,,,15.89,"season PPG; L5 pts x0.45 + source pts x0.35, minutes x0.93",7.362,"player-fitted (n=33, shrunk to league)",,,False,,,,PROJ,False,,,,no_game_in_window_yet,
ea72222668f142aea5346e5d59049263,0cf446817dbb,wnba,2026-27,2026-08-18T19:22:54+00:00,2026-08-27,Sonia Citron,1642785,player_rebounds,,,,,,,3.92,"season RPG; L5 reb x0.45, minutes x0.93",2.353,"player-fitted (n=33, shrunk to league)",,,False,,,,PROJ,False,,,,no_game_in_window_yet,
01ceb2f4f5844403832c756e40566a34,0cf446817dbb,wnba,2026-27,2026-08-18T19:22:54+00:00,2026-08-27,Sonia Citron,1642785,player_assists,,,,,,,4.31,"season APG; L5 ast x0.45, minutes x0.93",2.237,"player-fitted (n=33, shrunk to league)",,,False,,,,PROJ,False,,,,no_game_in_window_yet,
807282c415cb43b384de539cc387c974,0cf446817dbb,wnba,2026-27,2026-08-18T19:22:54+00:00,2026-08-27,Sonia Citron,1642785,player_threes,,,,,,,1.73,"season fg3m history; L5 fg3m x0.45, minutes x0.93",1.209,"player-fitted (n=33, shrunk to league)",,,False,,,,PROJ,False,,,,no_game_in_window_yet,
99eabf647ada4b498b01fc4895660c2f,0cf446817dbb,wnba,2026-27,2026-08-18T19:22:54+00:00,2026-08-27,Shakira Austin,1631022,player_points,,,,,,,19.31,season PPG; L5 pts x0.45 + source pts x0.35,6.624,"player-fitted (n=34, shrunk to league)",,,False,,,,PROJ,False,,,,no_game_in_window_yet,
16e85785bc234c3b8ac5d970ebf26937,0cf446817dbb,wnba,2026-27,2026-08-18T19:22:54+00:00,2026-08-27,Shakira Austin,1631022,player_rebounds,,,,,,,9.69,season RPG; L5 reb x0.45,3.284,"player-fitted (n=34, shrunk to league)",,,False,,,,PROJ,False,,,,no_game_in_window_yet,
50bc433ed81c4abdbddc5b13ea608787,0cf446817dbb,wnba,2026-27,2026-08-18T19:22:54+00:00,2026-08-27,Shakira Austin,1631022,player_assists,,,,,,,2.37,season APG; L5 ast x0.45,1.607,"player-fitted (n=34, shrunk to league)",,,False,,,,PROJ,False,,,,no_game_in_window_yet,
f0e293f45f284f0e988d1d79ad84d92b,0cf446817dbb,wnba,2026-27,2026-08-18T19:22:54+00:00,2026-08-27,Shakira Austin,1631022,player_threes,,,,,,,0.54,season fg3m history; L5 fg3m x0.45,0.713,"player-fitted (n=34, shrunk to league)",,,False,,,,PROJ,False,,,,no_game_in_window_yet,
992cfe7c48c346509b1563ac102a59a6,0cf446817dbb,wnba,2026-27,2026-08-18T19:22:54+00:00,2026-08-27,Kiki Iriafen,1642792,player_points,,,,,,,13.52,"season PPG; L5 pts x0.45 + source pts x0.35, minutes x0.93",7.109,"player-fitted (n=34, shrunk to league)",,,False,,,,PROJ,False,,,,no_game_in_window_yet,
153cd3dba81244e19d67cbd351f46e60,0cf446817dbb,wnba,2026-27,2026-08-18T19:22:54+00:00,2026-08-27,Kiki Iriafen,1642792,player_rebounds,,,,,,,8.33,"season RPG; L5 reb x0.45, minutes x0.93",3.924,"player-fitted (n=34, shrunk to league)",,,False,,,,PROJ,False,,,,no_game_in_window_yet,
ed7c42971e4c41498fc0301a4b09f15b,0cf446817dbb,wnba,2026-27,2026-08-18T19:22:54+00:00,2026-08-27,Kiki Iriafen,1642792,player_assists,,,,,,,1.79,"season APG; L5 ast x0.45, minutes x0.93",1.578,"player-fitted (n=34, shrunk to league)",,,False,,,,PROJ,False,,,,no_game_in_window_yet,
0a31b66dc8d34e2da6dcee0946046a02,0cf446817dbb,wnba,2026-27,2026-08-18T19:22:54+00:00,2026-08-27,Kiki Iriafen,1642792,player_threes,,,,,,,0.25,"season fg3m history; L5 fg3m x0.45, minutes x0.93",0.625,"player-fitted (n=34, shrunk to league)",,,False,,,,PROJ,False,,,,no_game_in_window_yet,
745fcd5216ae4e43827358df23249644,0cf446817dbb,wnba,2026-27,2026-08-18T19:22:54+00:00,2026-08-27,Michaela Onyenwere,1630446,player_points,,,,,,,7.52,"season PPG; L5 pts x0.45 + source pts x0.35, minutes x1.10",6.778,"player-fitted (n=32, shrunk to league)",,,False,,,,PROJ,False,,,,no_game_in_window_yet,
e06db6a0dee342c797060dbd6c48551a,0cf446817dbb,wnba,2026-27,2026-08-18T19:22:54+00:00,2026-08-27,Michaela Onyenwere,1630446,player_rebounds,,,,,,,3.27,"season RPG; L5 reb x0.45, minutes x1.10",2.168,"player-fitted (n=32, shrunk to league)",,,False,,,,PROJ,False,,,,no_game_in_window_yet,
f90433db6fe04878afbdce95f7411459,0cf446817dbb,wnba,2026-27,2026-08-18T19:22:54+00:00,2026-08-27,Michaela Onyenwere,1630446,player_assists,,,,,,,1.83,"season APG; L5 ast x0.45, minutes x1.10",1.45,"player-fitted (n=32, shrunk to league)",,,False,,,,PROJ,False,,,,no_game_in_window_yet,
38c0f01755e942c58c550eab83975952,0cf446817dbb,wnba,2026-27,2026-08-18T19:22:54+00:00,2026-08-27,Michaela Onyenwere,1630446,player_threes,,,,,,,1.16,"season fg3m history; L5 fg3m x0.45, minutes x1.10",1.391,"player-fitted (n=32, shrunk to league)",,,False,,,,PROJ,False,,,,no_game_in_window_yet,
7b25361361624407b2b4c7546c71e2e3,0cf446817dbb,wnba,2026-27,2026-08-18T19:22:54+00:00,2026-08-27,Cotie McMahon,1643430,player_points,,,,,,,8.1,"season PPG; L5 pts x0.45 + source pts x0.35, minutes x1.06",4.543,"player-fitted (n=33, shrunk to league)",,,False,,,,PROJ,False,,,,no_game_in_window_yet,
1934f9469a2e4ffe80183f39635e3ee4,0cf446817dbb,wnba,2026-27,2026-08-18T19:22:54+00:00,2026-08-27,Cotie McMahon,1643430,player_rebounds,,,,,,,3.67,"season RPG; L5 reb x0.45, minutes x1.06",2.231,"player-fitted (n=33, shrunk to league)",,,False,,,,PROJ,False,,,,no_game_in_window_yet,
526d62ef77184e22a6c269b781dab30e,0cf446817dbb,wnba,2026-27,2026-08-18T19:22:54+00:00,2026-08-27,Cotie McMahon,1643430,player_assists,,,,,,,1.83,"season APG; L5 ast x0.45, minutes x1.06",1.375,"player-fitted (n=33, shrunk to league)",,,False,,,,PROJ,False,,,,no_game_in_window_yet,
c439fa08ab534679b23b4b6c9d08ee0c,0cf446817dbb,wnba,2026-27,2026-08-18T19:22:54+00:00,2026-08-27,Cotie McMahon,1643430,player_threes,,,,,,,0.51,"season fg3m history; L5 fg3m x0.45, minutes x1.06",0.92,"player-fitted (n=33, shrunk to league)",,,False,,,,PROJ,False,,,,no_game_in_window_yet,
e43d25daad2747c09c0bfa8721f98f2e,0cf446817dbb,wnba,2026-27,2026-08-18T19:22:54+00:00,2026-08-27,Georgia Amoore,1642781,player_points,,,,,,,4.26,"season PPG; L5 pts x0.45 + source pts x0.35, minutes x1.08",4.617,"player-fitted (n=34, shrunk to league)",,,False,,,,PROJ,False,,,,no_game_in_window_yet,
818bc56ad6424c7c8d0746839b83d591,0cf446817dbb,wnba,2026-27,2026-08-18T19:22:54+00:00,2026-08-27,Georgia Amoore,1642781,player_rebounds,,,,,,,0.95,"season RPG; L5 reb x0.45, minutes x1.08",1.376,"player-fitted (n=34, shrunk to league)",,,False,,,,PROJ,False,,,,no_game_in_window_yet,
19451b54f55641c1b64cf35788604098,0cf446817dbb,wnba,2026-27,2026-08-18T19:22:54+00:00,2026-08-27,Georgia Amoore,1642781,player_assists,,,,,,,3.19,"season APG; L5 ast x0.45, minutes x1.08",2.162,"player-fitted (n=34, shrunk to league)",,,False,,,,PROJ,False,,,,no_game_in_window_yet,
477f2eff7f604c3fb8f100a80a284ab5,0cf446817dbb,wnba,2026-27,2026-08-18T19:22:54+00:00,2026-08-27,Georgia Amoore,1642781,player_threes,,,,,,,0.75,"season fg3m history; L5 fg3m x0.45, minutes x1.08",1.162,"player-fitted (n=34, shrunk to league)",,,False,,,,PROJ,False,,,,no_game_in_window_yet,
44893664678a421f835359b3effba9ac,0cf446817dbb,wnba,2026-27,2026-08-18T19:22:54+00:00,2026-08-27,Alyssa Thomas,203826,player_points,,,,,,,12.98,"season PPG; L5 pts x0.45 + source pts x0.35, minutes x0.86",6.374,"player-fitted (n=35, shrunk to league)",,,False,,,,PROJ,False,,,,no_game_in_window_yet,
cd39d250696e4c3e9be66b7c449d9947,0cf446817dbb,wnba,2026-27,2026-08-18T19:22:54+00:00,2026-08-27,Alyssa Thomas,203826,player_rebounds,,,,,,,6.98,"season RPG; L5 reb x0.45, minutes x0.86",3.079,"player-fitted (n=35, shrunk to league)",,,False,,,,PROJ,False,,,,no_game_in_window_yet,
c8474c82b60b4c7e92d7c6d8c1bae6e7,0cf446817dbb,wnba,2026-27,2026-08-18T19:22:54+00:00,2026-08-27,Alyssa Thomas,203826,player_assists,,,,,,,6.9,"season APG; L5 ast x0.45, minutes x0.86",2.967,"player-fitted (n=35, shrunk to league)",,,False,,,,PROJ,False,,,,no_game_in_window_yet,
93156873c3f847ae8d9aded2fc2ae970,0cf446817dbb,wnba,2026-27,2026-08-18T19:22:54+00:00,2026-08-27,Alyssa Thomas,203826,player_threes,,,,,,,0.0,"season fg3m history; L5 fg3m x0.45, minutes x0.86",0.461,"player-fitted (n=35, shrunk to league)",,,False,,,,PROJ,False,,,,no_game_in_window_yet,
8c46017860ba4773b17e447c3e6c201e,0cf446817dbb,wnba,2026-27,2026-08-18T19:22:54+00:00,2026-08-27,Kahleah Copper,1627674,player_points,,,,,,,17.35,"season PPG; L5 pts x0.45 + source pts x0.35, minutes x0.86",7.251,"player-fitted (n=35, shrunk to league)",,,False,,,,PROJ,False,,,,no_game_in_window_yet,
59b2d702ac27481086f14f419c0512bf,0cf446817dbb,wnba,2026-27,2026-08-18T19:22:54+00:00,2026-08-27,Kahleah Copper,1627674,player_rebounds,,,,,,,2.58,"season RPG; L5 reb x0.45, minutes x0.86",2.13,"player-fitted (n=35, shrunk to league)",,,False,,,,PROJ,False,,,,no_game_in_window_yet,
ce8d366a52364a609ef02eaa61002bf2,0cf446817dbb,wnba,2026-27,2026-08-18T19:22:54+00:00,2026-08-27,Kahleah Copper,1627674,player_assists,,,,,,,1.98,"season APG; L5 ast x0.45, minutes x0.86",1.416,"player-fitted (n=35, shrunk to league)",,,False,,,,PROJ,False,,,,no_game_in_window_yet,
62562f5bd3f0433f8153274a3e663046,0cf446817dbb,wnba,2026-27,2026-08-18T19:22:54+00:00,2026-08-27,Kahleah Copper,1627674,player_threes,,,,,,,1.48,"season fg3m history; L5 fg3m x0.45, minutes x0.86",1.236,"player-fitted (n=35, shrunk to league)",,,False,,,,PROJ,False,,,,no_game_in_window_yet,
94a22e55fd644d1cbb40e7176aff814a,0cf446817dbb,wnba,2026-27,2026-08-18T19:22:54+00:00,2026-08-27,DeWanna Bonner,201886,player_points,,,,,,,10.13,"season PPG; L5 pts x0.45 + source pts x0.35, minutes x0.95",5.437,"player-fitted (n=35, shrunk to league)",,,False,,,,PROJ,False,,,,no_game_in_window_yet,
a5b2dfa7394943358cab0c96ca6c6432,0cf446817dbb,wnba,2026-27,2026-08-18T19:22:54+00:00,2026-08-27,DeWanna Bonner,201886,player_rebounds,,,,,,,6.27,"season RPG; L5 reb x0.45, minutes x0.95",2.809,"player-fitted (n=35, shrunk to league)",,,False,,,,PROJ,False,,,,no_game_in_window_yet,
1975a1b4a37647eeac460d7730f036a3,0cf446817dbb,wnba,2026-27,2026-08-18T19:22:54+00:00,2026-08-27,DeWanna Bonner,201886,player_assists,,,,,,,1.63,"season APG; L5 ast x0.45, minutes x0.95",1.409,"player-fitted (n=35, shrunk to league)",,,False,,,,PROJ,False,,,,no_game_in_window_yet,
ca0d977177f94e3593a643f69420491e,0cf446817dbb,wnba,2026-27,2026-08-18T19:22:54+00:00,2026-08-27,DeWanna Bonner,201886,player_threes,,,,,,,1.19,"season fg3m history; L5 fg3m x0.45, minutes x0.95",1.041,"player-fitted (n=35, shrunk to league)",,,False,,,,PROJ,False,,,,no_game_in_window_yet,
b024fa96b3844af09a1c2bd2cb55d14c,0cf446817dbb,wnba,2026-27,2026-08-18T19:22:54+00:00,2026-08-27,Kelsey Plum,1628276,player_points,,,,,,,21.51,"season PPG; L5 pts x0.45 + source pts x0.35, minutes x1.25",11.259,"player-fitted (n=22, shrunk to league)",,,False,,,,PROJ,False,,,,no_game_in_window_yet,
fb1f1b3979ea439c9dad7966990708e0,0cf446817dbb,wnba,2026-27,2026-08-18T19:22:54+00:00,2026-08-27,Kelsey Plum,1628276,player_rebounds,,,,,,,2.52,"season RPG; L5 reb x0.45, minutes x1.25",1.955,"player-fitted (n=22, shrunk to league)",,,False,,,,PROJ,False,,,,no_game_in_window_yet,
ddf812b33fda4a1785d9ae0c2a3be2f6,0cf446817dbb,wnba,2026-27,2026-08-18T19:22:54+00:00,2026-08-27,Kelsey Plum,1628276,player_assists,,,,,,,5.31,"season APG; L5 ast x0.45, minutes x1.25",3.04,"player-fitted (n=22, shrunk to league)",,,False,,,,PROJ,False,,,,no_game_in_window_yet,
637f012b88e240f7abc6e331fc39bd4c,0cf446817dbb,wnba,2026-27,2026-08-18T19:22:54+00:00,2026-08-27,Kelsey Plum,1628276,player_threes,,,,,,,2.12,"season fg3m history; L5 fg3m x0.45, minutes x1.25",1.599,"player-fitted (n=22, shrunk to league)",,,False,,,,PROJ,False,,,,no_game_in_window_yet,
19a7bbb9f4344701b99cf54c9d7d5127,0cf446817dbb,wnba,2026-27,2026-08-18T19:22:54+00:00,2026-08-27,Noemie Brochant,1643493,player_points,,,,,,,5.51,"season PPG; L5 pts x0.45 + source pts x0.35, minutes x0.76",5.192,"player-fitted (n=35, shrunk to league)",,,False,,,,PROJ,False,,,,no_game_in_window_yet,
edc250def08e4ef581553d6fbb88f11e,0cf446817dbb,wnba,2026-27,2026-08-18T19:22:54+00:00,2026-08-27,Noemie Brochant,1643493,player_rebounds,,,,,,,1.42,"season RPG; L5 reb x0.45, minutes x0.76",1.589,"player-fitted (n=35, shrunk to league)",,,False,,,,PROJ,False,,,,no_game_in_window_yet,
7ea16a9a6b19458b9c57975c2070cd44,0cf446817dbb,wnba,2026-27,2026-08-18T19:22:54+00:00,2026-08-27,Noemie Brochant,1643493,player_assists,,,,,,,1.44,"season APG; L5 ast x0.45, minutes x0.76",2.152,"player-fitted (n=35, shrunk to league)",,,False,,,,PROJ,False,,,,no_game_in_window_yet,
2267c805f3494c48803ed34c36b811f7,0cf446817dbb,wnba,2026-27,2026-08-18T19:22:54+00:00,2026-08-27,Noemie Brochant,1643493,player_threes,,,,,,,0.9,"season fg3m history; L5 fg3m x0.45, minutes x0.76",1.142,"player-fitted (n=35, shrunk to league)",,,False,,,,PROJ,False,,,,no_game_in_window_yet,
5bf3c9141b1b436786ed878888e30d4f,0cf446817dbb,wnba,2026-27,2026-08-18T19:22:54+00:00,2026-08-27,Natasha Mack,1630442,player_points,,,,,,,7.02,"season PPG; L5 pts x0.45 + source pts x0.35, minutes x1.04",5.008,"player-fitted (n=34, shrunk to league)",,,False,,,,PROJ,False,,,,no_game_in_window_yet,
58dec56e1b214157b7f6ee74258f16c8,0cf446817dbb,wnba,2026-27,2026-08-18T19:22:54+00:00,2026-08-27,Natasha Mack,1630442,player_rebounds,,,,,,,5.85,"season RPG; L5 reb x0.45, minutes x1.04",3.832,"player-fitted (n=34, shrunk to league)",,,False,,,,PROJ,False,,,,no_game_in_window_yet,
e3146e90eb234042993b0234547332fa,0cf446817dbb,wnba,2026-27,2026-08-18T19:22:54+00:00,2026-08-27,Natasha Mack,1630442,player_assists,,,,,,,1.12,"season APG; L5 ast x0.45, minutes x1.04",1.197,"player-fitted (n=34, shrunk to league)",,,False,,,,PROJ,False,,,,no_game_in_window_yet,
7192c6035f1b4d5c936a48280316beeb,0cf446817dbb,wnba,2026-27,2026-08-18T19:22:54+00:00,2026-08-27,Natasha Mack,1630442,player_threes,,,,,,,0.03,"season fg3m history; L5 fg3m x0.45, minutes x1.04",0.511,"player-fitted (n=34, shrunk to league)",,,False,,,,PROJ,False,,,,no_game_in_window_yet,
